area_id,area_name,ccg_id_model,bakery_thsmon_selng_amt,bakery_thsmon_selng_co,bakery_avg_ticket,market_opportunity_score,bc_female_share_amt,bc_foreign_share_amt,bc_corporate_share_amt,bc_age_cd_1_share_amt,bc_age_cd_2_share_amt,bc_age_cd_3_share_amt,bc_age_cd_4_share_amt,bc_age_cd_5_share_amt,bc_age_cd_6_share_amt,brand_id,brand_name,brand_dna_affinity_score,brand_already_present_in_area,same_brand_nearest_distance_m,bakery_competitor_nearest_m_excl_brand,bakery_competitor_count_500m_excl_brand,bakery_competitor_count_1000m_excl_brand,competition_risk_score,eligible_new_opening,score_brand_fit_first,score_balanced,score_market_first,rank_brand_fit_first,rank_balanced,rank_market_first,robust_rank,pareto_front_da,store_size_recommendation,store_size_note,area_dna_distance,area_dna_fit_score,profile_status,eligible_new_opening_fit_first,scenario,scenario_eligible,fit_first_score,fit_first_rank
3120188,압구정역,11680,1784647410.0,134975.0,13222.058973884052,0.9404157043879908,0.7817460317460317,0.18253968253968253,0.75,0.6468253968253969,0.8531746031746031,0.9206349206349206,0.4365079365079365,0.027777777777777776,0.4880952380952381,BRD_20220253,곤트란쉐리에(Gontran Cherrier),0.9214780600461894,False,791.0935469567722,98.31073190628577,25,97,0.5323325635103926,True,0.9271593533487297,0.9309468822170901,0.9347344110854503,9.0,4.0,7.0,6.666666666666667,False,direct_size_estimation_deferred,매장 면적·좌석·점포별 매출이 없어 규모별 적합도와 argmax 규모는 산출하지 않음,0.4268908830610167,0.9815242494226328,usable_area_profile,True,balanced,True,0.7400577367205543,1.0
3120166,방배역,11650,1455145059.0,122673.0,11861.983150326478,0.9176674364896074,0.7619047619047619,0.2857142857142857,0.7023809523809523,0.6785714285714286,0.8293650793650794,0.7777777777777778,0.42857142857142855,0.08333333333333333,0.5198412698412699,BRD_20220253,곤트란쉐리에(Gontran Cherrier),0.9780600461893765,False,1819.7214072476397,99.2975326976693,12,28,0.2678983833718245,True,0.9599422632794457,0.9478637413394919,0.935785219399538,3.0,3.0,6.0,4.0,False,direct_size_estimation_deferred,매장 면적·좌석·점포별 매출이 없어 규모별 적합도와 argmax 규모는 산출하지 않음,0.5876605016838531,0.9030023094688222,usable_area_profile,True,balanced,True,0.7324999999999999,2.0
3120009,종로3가역,11110,773341001.0,64864.0,11922.499398741984,0.8273672055427251,0.876984126984127,0.42857142857142855,0.503968253968254,0.75,0.9444444444444444,0.8531746031746031,0.2619047619047619,0.05952380952380952,0.3611111111111111,BRD_20220253,곤트란쉐리에(Gontran Cherrier),0.7136258660508084,False,1694.8687265053368,125.80143085865113,24,103,0.45381062355658197,True,0.7477482678983833,0.7704965357967668,0.79324480369515,70.0,48.0,40.0,52.666666666666664,False,direct_size_estimation_deferred,매장 면적·좌석·점포별 매출이 없어 규모별 적합도와 argmax 규모는 산출하지 않음,0.3581728422365785,0.9907621247113164,usable_area_profile,True,balanced,True,0.7168879907621246,3.0
3120201,도곡1동,11680,649721874.0,58337.0,11137.38920410717,0.7846420323325634,0.7817460317460317,0.18253968253968253,0.75,0.6468253968253969,0.8531746031746031,0.9206349206349206,0.4365079365079365,0.027777777777777776,0.4880952380952381,BRD_20220253,곤트란쉐리에(Gontran Cherrier),0.9214780600461894,False,504.2786927865908,87.09190547353441,10,64,0.2644341801385681,True,0.8804272517321015,0.8530600461893764,0.825692840646651,21.0,24.0,30.0,25.0,False,direct_size_estimation_deferred,매장 면적·좌석·점포별 매출이 없어 규모별 적합도와 argmax 규모는 산출하지 않음,0.5008925104151823,0.9607390300230947,usable_area_profile,True,balanced,True,0.7153290993071594,4.0
3130072,성동용답상가시장,11200,441220675.0,42751.0,10320.710041870365,0.6748267898383372,0.9206349206349206,0.38492063492063494,0.5555555555555556,0.9920634920634921,0.9841269841269841,0.9563492063492064,0.10317460317460317,0.015873015873015872,0.07936507936507936,BRD_20220253,곤트란쉐리에(Gontran Cherrier),0.15704387990762125,False,2087.860388036934,135.0925608781212,10,28,0.1489607390300231,True,0.31237875288683603,0.41593533487297923,0.5194919168591223,323.0,261.0,192.0,258.6666666666667,False,direct_size_estimation_deferred,매장 면적·좌석·점포별 매출이 없어 규모별 적합도와 argmax 규모는 산출하지 않음,0.40386317348965867,0.9838337182448037,usable_area_profile,True,balanced,True,0.7057621247113164,5.0
3120107,공덕역(공덕오거리),11440,1051109080.0,111230.0,9449.870358716174,0.8578521939953809,0.9404761904761905,0.4246031746031746,0.5833333333333334,0.9642857142857143,0.9880952380952381,0.9841269841269841,0.1111111111111111,0.011904761904761904,0.051587301587301584,BRD_20220253,곤트란쉐리에(Gontran Cherrier),0.10969976905311778,False,3001.075973698278,80.05623025110103,24,77,0.5762124711316398,True,0.3341454965357967,0.48377598152424933,0.6334064665127019,310.0,211.0,122.0,214.33333333333334,False,direct_size_estimation_deferred,매장 면적·좌석·점포별 매출이 없어 규모별 적합도와 argmax 규모는 산출하지 않음,0.4311497730043973,0.976905311778291,usable_area_profile,True,balanced,True,0.7022690531177829,6.0
3120038,약수역,11140,1550178516.0,134777.0,11501.803096967584,0.9235565819861433,0.873015873015873,0.5793650793650794,0.6428571428571429,0.34523809523809523,0.8571428571428571,0.8214285714285714,0.0873015873015873,0.023809523809523808,0.8293650793650794,BRD_20220253,곤트란쉐리에(Gontran Cherrier),0.2702078521939954,False,1853.5320337325807,62.64183906448842,18,44,0.5502309468822171,True,0.46621247113163977,0.5968822170900694,0.7275519630484989,226.0,135.0,67.0,142.66666666666666,False,direct_size_estimation_deferred,매장 면적·좌석·점포별 매출이 없어 규모별 적합도와 argmax 규모는 산출하지 않음,0.5664851038592432,0.9191685912240185,usable_area_profile,True,balanced,True,0.7002944572748269,7.0
3120175,남부터미널역,11650,960650667.0,103198.0,9308.810897498013,0.8390300230946882,0.7619047619047619,0.2857142857142857,0.7023809523809523,0.6785714285714286,0.8293650793650794,0.7777777777777778,0.42857142857142855,0.08333333333333333,0.5198412698412699,BRD_20220253,곤트란쉐리에(Gontran Cherrier),0.9780600461893765,False,842.0077197141321,49.929950906089985,13,45,0.4826789838337182,True,0.93635103926097,0.9085450346420323,0.8807390300230946,6.0,11.0,18.0,11.666666666666666,False,direct_size_estimation_deferred,매장 면적·좌석·점포별 매출이 없어 규모별 적합도와 argmax 규모는 산출하지 않음,0.5585627675959842,0.930715935334873,usable_area_profile,True,balanced,True,0.6866166281755196,8.0
3110883,은천초등학교(은천교앞),11620,384324031.0,36658.0,10484.042528233946,0.6409930715935335,0.6944444444444444,0.5833333333333334,0.49603174603174605,0.8611111111111112,0.9801587301587301,0.8690476190476191,0.027777777777777776,0.051587301587301584,0.3412698412698413,BRD_20220253,곤트란쉐리에(Gontran Cherrier),0.34988452655889146,False,4643.2146192267655,165.06059494972328,13,69,0.17898383371824483,True,0.43721709006928405,0.49543879907621247,0.5536605080831408,241.0,206.0,178.0,208.33333333333334,False,direct_size_estimation_deferred,매장 면적·좌석·점포별 매출이 없어 규모별 적합도와 argmax 규모는 산출하지 않음,0.4716029395365746,0.9699769053117783,usable_area_profile,True,balanced,True,0.6824884526558891,9.0
3110892,관악구 중앙길,11620,913081619.0,87290.0,10460.323278726086,0.8403002309468822,0.6944444444444444,0.5833333333333334,0.49603174603174605,0.8611111111111112,0.9801587301587301,0.8690476190476191,0.027777777777777776,0.051587301587301584,0.3412698412698413,BRD_20220253,곤트란쉐리에(Gontran Cherrier),0.34988452655889146,False,4282.11221247158,165.92166821826325,24,76,0.39838337182448036,True,0.4970092378752886,0.5950923787528868,0.693175519630485,200.0,137.0,85.0,140.66666666666666,False,direct_size_estimation_deferred,매장 면적·좌석·점포별 매출이 없어 규모별 적합도와 argmax 규모는 산출하지 않음,0.6000870308314572,0.8914549653579676,usable_area_profile,True,balanced,True,0.6800750577367206,10.0
3110640,방화역 1번,11500,671414576.0,62982.0,10660.420056524086,0.7871824480369516,0.8373015873015873,0.23809523809523808,0.623015873015873,0.32142857142857145,0.8333333333333334,0.9246031746031746,0.46825396825396826,0.05555555555555555,0.42063492063492064,BRD_20220253,곤트란쉐리에(Gontran Cherrier),0.8672055427251733,False,15077.534844924214,241.56986569432095,5,25,0.02482678983833718,True,0.8431986143187067,0.8271939953810624,0.8111893764434182,33.0,30.0,32.0,31.666666666666668,False,direct_size_estimation_deferred,매장 면적·좌석·점포별 매출이 없어 규모별 적합도와 argmax 규모는 산출하지 않음,0.6931525578052102,0.812933025404157,usable_area_profile,True,balanced,True,0.678256351039261,11.0
3120133,서울시흥동우체국(홈플러스시흥점),11545,637795918.0,60754.0,10498.00701188399,0.7765588914549653,0.753968253968254,0.7420634920634921,0.3531746031746032,0.24206349206349206,0.8690476190476191,0.873015873015873,0.04365079365079365,0.13095238095238096,0.6785714285714286,BRD_20220253,곤트란쉐리에(Gontran Cherrier),0.06581986143187067,False,9624.34751037264,60.20797286767192,15,45,0.4826789838337182,True,0.279041570438799,0.421189376443418,0.5633371824480368,347.0,257.0,170.0,258.0,False,direct_size_estimation_deferred,매장 면적·좌석·점포별 매출이 없어 규모별 적합도와 argmax 규모는 산출하지 않음,0.5168028369952506,0.9491916859122402,usable_area_profile,True,balanced,True,0.6739896073903001,12.0
3120120,화곡역,11500,2140760825.0,296121.0,7229.34484551923,0.8866050808314089,0.8373015873015873,0.23809523809523808,0.623015873015873,0.32142857142857145,0.8333333333333334,0.9246031746031746,0.46825396825396826,0.05555555555555555,0.42063492063492064,BRD_20220253,곤트란쉐리에(Gontran Cherrier),0.8672055427251733,False,11826.31726278543,26.400757567542716,25,54,0.8175519630484989,True,0.8730254041570439,0.876905311778291,0.8807852193995382,23.0,20.0,17.0,20.0,False,direct_size_estimation_deferred,매장 면적·좌석·점포별 매출이 없어 규모별 적합도와 argmax 규모는 산출하지 않음,0.46463052423753404,0.9722863741339491,usable_area_profile,True,balanced,True,0.6738221709006929,13.0
3110943,법제교육센터(버들어린이공원),11650,849985150.0,98576.0,8622.637863171563,0.812471131639723,0.7619047619047619,0.2857142857142857,0.7023809523809523,0.6785714285714286,0.8293650793650794,0.7777777777777778,0.42857142857142855,0.08333333333333333,0.5198412698412699,BRD_20220253,곤트란쉐리에(Gontran Cherrier),0.9780600461893765,False,2292.031413415874,67.35725648954265,25,54,0.6466512702078522,True,0.9283833718244804,0.8952655889145498,0.862147806004619,7.0,15.0,21.0,14.333333333333334,False,direct_size_estimation_deferred,매장 면적·좌석·점포별 매출이 없어 규모별 적합도와 argmax 규모는 산출하지 않음,0.49447806412681716,0.9653579676674365,usable_area_profile,True,balanced,True,0.6700461893764436,14.0
3120062,신설동역,11230,583819931.0,56521.0,10329.256931052176,0.748498845265589,0.6904761904761905,0.5396825396825397,0.5714285714285714,0.9603174603174603,0.9126984126984127,0.4087301587301587,0.1865079365079365,0.09126984126984126,0.6825396825396826,BRD_20220253,곤트란쉐리에(Gontran Cherrier),0.31524249422632794,False,773.3104163069894,109.76793705062819,8,36,0.16743648960739027,True,0.4452193995381062,0.5318706697459584,0.6185219399538107,238.0,178.0,129.0,181.66666666666666,False,direct_size_estimation_deferred,매장 면적·좌석·점포별 매출이 없어 규모별 적합도와 argmax 규모는 산출하지 않음,0.6400866601208315,0.8614318706697459,usable_area_profile,True,balanced,True,0.6675750577367205,15.0
3120069,상봉역,11260,1511381851.0,142985.0,10570.212616708046,0.9086605080831409,0.8492063492063492,0.40476190476190477,0.5,0.39285714285714285,0.623015873015873,0.5714285714285714,0.16666666666666666,0.32936507936507936,0.8134920634920635,BRD_20220253,곤트란쉐리에(Gontran Cherrier),0.44803695150115475,False,6365.733893237705,89.18520055817115,16,56,0.39260969976905313,True,0.5862240184757506,0.6783487297921478,0.770473441108545,150.0,87.0,49.0,95.33333333333333,False,direct_size_estimation_deferred,매장 면적·좌석·점포별 매출이 없어 규모별 적합도와 argmax 규모는 산출하지 않음,0.6862408469125478,0.8152424942263279,usable_area_profile,True,balanced,True,0.6667609699769053,16.0
3111021,방이역 4번,11710,394829518.0,38606.0,10227.154276537325,0.6466512702078522,0.8531746031746031,0.13095238095238096,0.6746031746031746,0.9325396825396826,0.8928571428571429,0.7063492063492064,0.4087301587301587,0.03968253968253968,0.5436507936507936,BRD_20220253,곤트란쉐리에(Gontran Cherrier),0.812933025404157,False,3016.066975390023,115.2085066609535,15,51,0.29907621247113164,True,0.7630484988452655,0.7297921478060045,0.6965357967667436,64.0,66.0,81.0,70.33333333333333,False,direct_size_estimation_deferred,매장 면적·좌석·점포별 매출이 없어 규모별 적합도와 argmax 규모는 산출하지 않음,0.4806714388512462,0.9676674364896074,usable_area_profile,True,balanced,True,0.6653002309468823,17.0
3120205,매봉역,11680,580733796.0,60594.0,9584.014852955737,0.7444572748267898,0.7817460317460317,0.18253968253968253,0.75,0.6468253968253969,0.8531746031746031,0.9206349206349206,0.4365079365079365,0.027777777777777776,0.4880952380952381,BRD_20220253,곤트란쉐리에(Gontran Cherrier),0.9214780600461894,False,1178.9016074449341,70.4911341990284,16,64,0.4676674364896074,True,0.8683718244803694,0.8329676674364896,0.7975635103926095,25.0,29.0,37.0,30.333333333333332,False,direct_size_estimation_deferred,매장 면적·좌석·점포별 매출이 없어 규모별 적합도와 argmax 규모는 산출하지 않음,0.5325718699211961,0.9445727482678984,usable_area_profile,True,balanced,True,0.6626963048498845,18.0
3120151,보라매공원,11590,648870341.0,67412.0,9625.442665994186,0.7726327944572748,0.8611111111111112,0.5158730158730159,0.42857142857142855,0.753968253968254,0.9563492063492064,0.6626984126984127,0.11507936507936507,0.09523809523809523,0.5674603174603174,BRD_20220253,곤트란쉐리에(Gontran Cherrier),0.4792147806004619,False,5082.831494373608,16.492422502230646,17,70,0.7118937644341802,True,0.5672401847575058,0.6259237875288683,0.684607390300231,160.0,112.0,93.0,121.66666666666667,False,direct_size_estimation_deferred,매장 면적·좌석·점포별 매출이 없어 규모별 적합도와 argmax 규모는 산출하지 않음,0.36217878850681606,0.9884526558891455,usable_area_profile,True,balanced,True,0.6578637413394919,19.0
3120228,석촌역(석촌호수),11710,510280686.0,47215.0,10807.596865402944,0.7248267898383373,0.8531746031746031,0.13095238095238096,0.6746031746031746,0.9325396825396826,0.8928571428571429,0.7063492063492064,0.4087301587301587,0.03968253968253968,0.5436507936507936,BRD_20220253,곤트란쉐리에(Gontran Cherrier),0.812933025404157,False,1527.1309701631749,78.44743464456866,38,113,0.6859122401847575,True,0.7865011547344111,0.7688799076212471,0.7512586605080832,51.0,50.0,57.0,52.666666666666664,False,direct_size_estimation_deferred,매장 면적·좌석·점포별 매출이 없어 규모별 적합도와 argmax 규모는 산출하지 않음,0.26097509879223835,0.9976905311778291,usable_area_profile,True,balanced,True,0.649647806004619,20.0
3120166,방배역,11650,1455145059.0,122673.0,11861.983150326478,0.9176674364896074,0.7619047619047619,0.2857142857142857,0.7023809523809523,0.6785714285714286,0.8293650793650794,0.7777777777777778,0.42857142857142855,0.08333333333333333,0.5198412698412699,BRD_20120100621,더베이크,0.9780600461893765,False,1848.7211796374902,99.2975326976693,12,28,0.26963048498845266,True,0.9599422632794457,0.9478637413394919,0.935785219399538,3.0,5.0,5.0,4.333333333333333,False,direct_size_estimation_deferred,매장 면적·좌석·점포별 매출이 없어 규모별 적합도와 argmax 규모는 산출하지 않음,0.5201640403123772,0.9191685912240185,usable_area_profile,True,balanced,True,0.740323325635104,1.0
3120038,약수역,11140,1550178516.0,134777.0,11501.803096967584,0.9235565819861433,0.873015873015873,0.5793650793650794,0.6428571428571429,0.34523809523809523,0.8571428571428571,0.8214285714285714,0.0873015873015873,0.023809523809523808,0.8293650793650794,BRD_20120100621,더베이크,0.23094688221709006,False,2476.095717048477,62.64183906448842,18,44,0.5513856812933025,True,0.43872979214780605,0.5772517321016167,0.7157736720554273,248.0,147.0,77.0,157.33333333333334,False,direct_size_estimation_deferred,매장 면적·좌석·점포별 매출이 없어 규모별 적합도와 argmax 규모는 산출하지 않음,0.39286514167556136,0.9838337182448037,usable_area_profile,True,balanced,True,0.7324538106235566,2.0
3120188,압구정역,11680,1784647410.0,134975.0,13222.058973884052,0.9404157043879908,0.7817460317460317,0.18253968253968253,0.75,0.6468253968253969,0.8531746031746031,0.9206349206349206,0.4365079365079365,0.027777777777777776,0.4880952380952381,BRD_20120100621,더베이크,0.8775981524249422,False,3611.5266855028485,98.31073190628577,25,98,0.5340646651270209,True,0.8964434180138567,0.9090069284064666,0.9215704387990762,16.0,12.0,10.0,12.666666666666666,False,direct_size_estimation_deferred,매장 면적·좌석·점포별 매출이 없어 규모별 적합도와 argmax 규모는 산출하지 않음,0.4477024941359058,0.9584295612009238,usable_area_profile,True,balanced,True,0.7282505773672056,3.0
3120069,상봉역,11260,1511381851.0,142985.0,10570.212616708046,0.9086605080831409,0.8492063492063492,0.40476190476190477,0.5,0.39285714285714285,0.623015873015873,0.5714285714285714,0.16666666666666666,0.32936507936507936,0.8134920634920635,BRD_20120100621,더베이크,0.5427251732101617,False,5834.943358744293,89.18520055817115,16,56,0.3931870669745958,True,0.6525057736720554,0.7256928406466513,0.798879907621247,119.0,69.0,42.0,76.66666666666667,False,direct_size_estimation_deferred,매장 면적·좌석·점포별 매출이 없어 규모별 적합도와 argmax 규모는 산출하지 않음,0.5382790543446163,0.9076212471131639,usable_area_profile,True,balanced,True,0.7128637413394919,4.0
3130072,성동용답상가시장,11200,441220675.0,42751.0,10320.710041870365,0.6748267898383372,0.9206349206349206,0.38492063492063494,0.5555555555555556,0.9920634920634921,0.9841269841269841,0.9563492063492064,0.10317460317460317,0.015873015873015872,0.07936507936507936,BRD_20120100621,더베이크,0.16397228637413394,False,1255.4238328076387,135.0925608781212,10,28,0.15011547344110854,True,0.3172286374133949,0.4193995381062356,0.5215704387990762,324.0,275.0,207.0,268.6666666666667,False,direct_size_estimation_deferred,매장 면적·좌석·점포별 매출이 없어 규모별 적합도와 argmax 규모는 산출하지 않음,0.30676186207579903,0.9976905311778291,usable_area_profile,True,balanced,True,0.7125173210161663,5.0
3110640,방화역 1번,11500,671414576.0,62982.0,10660.420056524086,0.7871824480369516,0.8373015873015873,0.23809523809523808,0.623015873015873,0.32142857142857145,0.8333333333333334,0.9246031746031746,0.46825396825396826,0.05555555555555555,0.42063492063492064,BRD_20120100621,더베이크,0.7170900692840647,False,2125.892048039374,241.56986569432095,5,25,0.02482678983833718,True,0.7381177829099308,0.7521362586605082,0.7661547344110855,80.0,60.0,54.0,64.66666666666667,False,direct_size_estimation_deferred,매장 면적·좌석·점포별 매출이 없어 규모별 적합도와 argmax 규모는 산출하지 않음,0.5875355859589195,0.8706697459584296,usable_area_profile,True,balanced,True,0.7071247113163973,6.0
3120009,종로3가역,11110,773341001.0,64864.0,11922.499398741984,0.8273672055427251,0.876984126984127,0.42857142857142855,0.503968253968254,0.75,0.9444444444444444,0.8531746031746031,0.2619047619047619,0.05952380952380952,0.3611111111111111,BRD_20120100621,더베이크,0.9330254041570438,False,4222.602278200804,125.80143085865113,24,103,0.45496535796766746,True,0.9013279445727481,0.8801963048498844,0.8590646651270206,15.0,18.0,22.0,18.333333333333332,False,direct_size_estimation_deferred,매장 면적·좌석·점포별 매출이 없어 규모별 적합도와 argmax 규모는 산출하지 않음,0.4414747514536508,0.9630484988452656,usable_area_profile,True,balanced,True,0.7028579676674365,7.0
3120246,길동역,11740,916043297.0,88020.0,10407.217643717337,0.8409930715935335,0.8452380952380952,0.06746031746031746,0.7063492063492064,0.38492063492063494,0.6626984126984127,0.7182539682539683,0.5833333333333334,0.06746031746031746,0.6507936507936508,BRD_20120100621,더베이크,0.43187066974595845,False,7648.116696281863,87.92041856413586,26,72,0.5762124711316396,True,0.554607390300231,0.636431870669746,0.718256351039261,178.0,119.0,75.0,124.0,False,direct_size_estimation_deferred,매장 면적·좌석·점포별 매출이 없어 규모별 적합도와 argmax 규모는 산출하지 않음,0.3924936608668946,0.9861431870669746,usable_area_profile,True,balanced,True,0.700987297921478,8.0
3110883,은천초등학교(은천교앞),11620,384324031.0,36658.0,10484.042528233946,0.6409930715935335,0.6944444444444444,0.5833333333333334,0.49603174603174605,0.8611111111111112,0.9801587301587301,0.8690476190476191,0.027777777777777776,0.051587301587301584,0.3412698412698413,BRD_20120100621,더베이크,0.6778290993071594,False,6938.38770899471,165.06059494972328,13,69,0.17898383371824483,True,0.6667782909930716,0.6594110854503464,0.6520438799076212,116.0,105.0,106.0,109.0,False,direct_size_estimation_deferred,매장 면적·좌석·점포별 매출이 없어 규모별 적합도와 argmax 규모는 산출하지 않음,0.35374096935792476,0.9953810623556582,usable_area_profile,True,balanced,True,0.695190531177829,9.0
3110892,관악구 중앙길,11620,913081619.0,87290.0,10460.323278726086,0.8403002309468822,0.6944444444444444,0.5833333333333334,0.49603174603174605,0.8611111111111112,0.9801587301587301,0.8690476190476191,0.027777777777777776,0.051587301587301584,0.3412698412698413,BRD_20120100621,더베이크,0.6778290993071594,False,5898.203540068423,165.92166821826325,24,76,0.39838337182448036,True,0.7265704387990761,0.7590646651270208,0.7915588914549653,85.0,55.0,44.0,61.333333333333336,False,direct_size_estimation_deferred,매장 면적·좌석·점포별 매출이 없어 규모별 적합도와 argmax 규모는 산출하지 않음,0.553077288462947,0.8983833718244804,usable_area_profile,True,balanced,True,0.683539260969977,10.0
3120068,사가정역,11260,944293896.0,91431.0,10327.940151589723,0.8467667436489608,0.8492063492063492,0.40476190476190477,0.5,0.39285714285714285,0.623015873015873,0.5714285714285714,0.16666666666666666,0.32936507936507936,0.8134920634920635,BRD_20120100621,더베이크,0.5427251732101617,False,4849.438936616375,42.201895677975386,26,50,0.7713625866050808,True,0.6339376443418013,0.6947459584295612,0.755554272517321,127.0,86.0,61.0,91.33333333333333,False,direct_size_estimation_deferred,매장 면적·좌석·점포별 매출이 없어 규모별 적합도와 argmax 규모는 산출하지 않음,0.3878899304186891,0.9907621247113164,usable_area_profile,True,balanced,True,0.6760450346420324,11.0
3130222,오류시장,11530,677800421.0,66656.0,10168.633296327413,0.7894919168591223,0.8412698412698413,0.8373015873015873,0.5753968253968254,0.5238095238095238,0.7579365079365079,0.7380952380952381,0.18253968253968253,0.12698412698412698,0.7658730158730159,BRD_20120100621,더베이크,0.6420323325635104,False,1424.2067967573487,48.414873764798386,14,33,0.5161662817551963,True,0.686270207852194,0.7157621247113164,0.7452540415704387,107.0,75.0,67.0,83.0,False,direct_size_estimation_deferred,매장 면적·좌석·점포별 매출이 없어 규모별 적합도와 argmax 규모는 산출하지 않음,0.4535814706177749,0.953810623556582,usable_area_profile,True,balanced,True,0.6758025404157043,12.0
3111021,방이역 4번,11710,394829518.0,38606.0,10227.154276537325,0.6466512702078522,0.8531746031746031,0.13095238095238096,0.6746031746031746,0.9325396825396826,0.8928571428571429,0.7063492063492064,0.4087301587301587,0.03968253968253968,0.5436507936507936,BRD_20120100621,더베이크,0.5912240184757506,False,5095.9218989316705,115.2085066609535,15,51,0.2996535796766744,True,0.607852193995381,0.6189376443418013,0.6300230946882217,142.0,129.0,127.0,132.66666666666666,False,direct_size_estimation_deferred,매장 면적·좌석·점포별 매출이 없어 규모별 적합도와 argmax 규모는 산출하지 않음,0.39972535241414797,0.9815242494226328,usable_area_profile,True,balanced,True,0.6721420323325635,13.0
3120133,서울시흥동우체국(홈플러스시흥점),11545,637795918.0,60754.0,10498.00701188399,0.7765588914549653,0.753968253968254,0.7420634920634921,0.3531746031746032,0.24206349206349206,0.8690476190476191,0.873015873015873,0.04365079365079365,0.13095238095238096,0.6785714285714286,BRD_20120100621,더베이크,0.1905311778290993,False,5973.179471637642,60.20797286767192,15,45,0.483256351039261,True,0.3663394919168591,0.4835450346420323,0.6007505773672054,292.0,225.0,152.0,223.0,False,direct_size_estimation_deferred,매장 면적·좌석·점포별 매출이 없어 규모별 적합도와 argmax 규모는 산출하지 않음,0.4868592660848676,0.9399538106235565,usable_area_profile,True,balanced,True,0.669284064665127,14.0
3120165,서래마을카페거리(서래마을),11650,2971488955.0,159582.0,18620.45189933702,0.9718244803695151,0.7619047619047619,0.2857142857142857,0.7023809523809523,0.6785714285714286,0.8293650793650794,0.7777777777777778,0.42857142857142855,0.08333333333333333,0.5198412698412699,BRD_20120100621,더베이크,0.9780600461893765,False,2288.752061701909,18.110770263065373,12,56,0.5825635103926097,True,0.976189376443418,0.9749422632794458,0.9736951501154734,1.0,1.0,1.0,1.0,True,direct_size_estimation_deferred,매장 면적·좌석·점포별 매출이 없어 규모별 적합도와 argmax 규모는 산출하지 않음,0.6511878512601736,0.8290993071593533,usable_area_profile,True,balanced,True,0.6673036951501155,15.0
3120152,신대방삼거리역,11590,953145793.0,102228.0,9323.72532965528,0.8353348729792147,0.8611111111111112,0.5158730158730159,0.42857142857142855,0.753968253968254,0.9563492063492064,0.6626984126984127,0.11507936507936507,0.09523809523809523,0.5674603174603174,BRD_20120100621,더베이크,0.754041570438799,False,5944.2493218296295,79.30952023733208,18,47,0.47863741339491916,True,0.7784295612009237,0.7946882217090069,0.8109468822170899,64.0,44.0,38.0,48.666666666666664,False,direct_size_estimation_deferred,매장 면적·좌석·점포별 매출이 없어 규모별 적합도와 argmax 규모는 산출하지 않음,0.5685413712622828,0.8845265588914549,usable_area_profile,True,balanced,True,0.6628348729792147,16.0
3110274,서일대학교,11260,492656087.0,41512.0,11867.79935922143,0.7133949191685912,0.8492063492063492,0.40476190476190477,0.5,0.39285714285714285,0.623015873015873,0.5714285714285714,0.16666666666666666,0.32936507936507936,0.8134920634920635,BRD_20120100621,더베이크,0.5427251732101617,False,6163.1823760095,101.51354588565466,6,29,0.16916859122401848,True,0.5939260969976905,0.6280600461893764,0.6621939953810623,154.0,125.0,98.0,125.66666666666667,False,direct_size_estimation_deferred,매장 면적·좌석·점포별 매출이 없어 규모별 적합도와 argmax 규모는 산출하지 않음,0.5834627925891247,0.8752886836027713,usable_area_profile,True,balanced,True,0.6619572748267899,17.0
3120081,노원역,11350,1459224642.0,143889.0,10141.32172716469,0.8973441108545035,0.8928571428571429,0.08333333333333333,0.7222222222222222,0.9444444444444444,0.7777777777777778,0.30158730158730157,0.38095238095238093,0.4444444444444444,0.6071428571428571,BRD_20120100621,더베이크,0.13394919168591224,False,10645.186423902464,36.878177844323965,34,60,0.8550808314087759,True,0.3629676674364896,0.5156466512702078,0.6683256351039261,296.0,195.0,94.0,195.0,False,direct_size_estimation_deferred,매장 면적·좌석·점포별 매출이 없어 규모별 적합도와 argmax 규모는 산출하지 않음,0.5035795390108566,0.930715935334873,usable_area_profile,True,balanced,True,0.6511662817551963,18.0
3120158,녹두거리(대학동),11620,695809095.0,79236.0,8781.476790852643,0.7778290993071594,0.6944444444444444,0.5833333333333334,0.49603174603174605,0.8611111111111112,0.9801587301587301,0.8690476190476191,0.027777777777777776,0.051587301587301584,0.3412698412698413,BRD_20120100621,더베이크,0.6778290993071594,False,7323.68827846814,107.28000742995447,15,20,0.3146651270207852,True,0.7078290993071593,0.7278290993071594,0.7478290993071594,95.0,68.0,66.0,76.33333333333333,False,direct_size_estimation_deferred,매장 면적·좌석·점포별 매출이 없어 규모별 적합도와 argmax 규모는 산출하지 않음,0.6160224608213483,0.8498845265588915,usable_area_profile,True,balanced,True,0.6499826789838338,19.0
3120080,마들역,11350,1045100686.0,106340.0,9827.916926838443,0.858891454965358,0.8928571428571429,0.08333333333333333,0.7222222222222222,0.9444444444444444,0.7777777777777778,0.30158730158730157,0.38095238095238093,0.4444444444444444,0.6071428571428571,BRD_20120100621,더베이크,0.13394919168591224,False,11718.757954647632,45.607017023633105,8,32,0.4087759815242494,True,0.35143187066974596,0.4964203233256351,0.6414087759815242,299.0,214.0,114.0,209.0,False,direct_size_estimation_deferred,매장 면적·좌석·점포별 매출이 없어 규모별 적합도와 argmax 규모는 산출하지 않음,0.6632402931672614,0.8198614318706697,usable_area_profile,True,balanced,True,0.6492263279445728,20.0
3120188,압구정역,11680,1784647410.0,134975.0,13222.058973884052,0.9404157043879908,0.7817460317460317,0.18253968253968253,0.75,0.6468253968253969,0.8531746031746031,0.9206349206349206,0.4365079365079365,0.027777777777777776,0.4880952380952381,BRD_20080500016,던킨/던킨도너츠,0.6466512702078522,False,1368.6215692755018,98.31073190628577,25,98,0.5369515011547344,True,0.7347806004618938,0.7935334872979215,0.8522863741339493,61.0,33.0,20.0,38.0,False,direct_size_estimation_deferred,매장 면적·좌석·점포별 매출이 없어 규모별 적합도와 argmax 규모는 산출하지 않음,0.31474045462599526,0.9976905311778291,usable_area_profile,True,balanced,True,0.7474480369515012,1.0
3120166,방배역,11650,1455145059.0,122673.0,11861.983150326478,0.9176674364896074,0.7619047619047619,0.2857142857142857,0.7023809523809523,0.6785714285714286,0.8293650793650794,0.7777777777777778,0.42857142857142855,0.08333333333333333,0.5198412698412699,BRD_20080500016,던킨/던킨도너츠,0.9780600461893765,False,2084.6997385898185,99.2975326976693,12,28,0.2736720554272517,True,0.9599422632794457,0.9478637413394919,0.935785219399538,3.0,3.0,3.0,3.0,False,direct_size_estimation_deferred,매장 면적·좌석·점포별 매출이 없어 규모별 적합도와 argmax 규모는 산출하지 않음,0.54798657762646,0.9145496535796767,usable_area_profile,True,balanced,True,0.7374076212471131,2.0
3120009,종로3가역,11110,773341001.0,64864.0,11922.499398741984,0.8273672055427251,0.876984126984127,0.42857142857142855,0.503968253968254,0.75,0.9444444444444444,0.8531746031746031,0.2619047619047619,0.05952380952380952,0.3611111111111111,BRD_20080500016,던킨/던킨도너츠,0.8175519630484989,False,1443.8130072811518,125.80143085865113,24,103,0.4590069284064665,True,0.8204965357967666,0.822459584295612,0.8244226327944572,33.0,25.0,27.0,28.333333333333332,False,direct_size_estimation_deferred,매장 면적·좌석·점포별 매출이 없어 규모별 적합도와 argmax 규모는 산출하지 않음,0.4089152208800643,0.9838337182448037,usable_area_profile,True,balanced,True,0.7126443418013857,3.0
3130072,성동용답상가시장,11200,441220675.0,42751.0,10320.710041870365,0.6748267898383372,0.9206349206349206,0.38492063492063494,0.5555555555555556,0.9920634920634921,0.9841269841269841,0.9563492063492064,0.10317460317460317,0.015873015873015872,0.07936507936507936,BRD_20080500016,던킨/던킨도너츠,0.08083140877598152,False,2377.912529940723,135.0925608781212,10,28,0.15473441108545033,True,0.2590300230946882,0.37782909930715936,0.49662817551963045,296.0,252.0,179.0,242.33333333333334,False,direct_size_estimation_deferred,매장 면적·좌석·점포별 매출이 없어 규모별 적합도와 argmax 규모는 산출하지 않음,0.37950658578660634,0.9907621247113164,usable_area_profile,True,balanced,True,0.7083602771362587,4.0
3120069,상봉역,11260,1511381851.0,142985.0,10570.212616708046,0.9086605080831409,0.8492063492063492,0.40476190476190477,0.5,0.39285714285714285,0.623015873015873,0.5714285714285714,0.16666666666666666,0.32936507936507936,0.8134920634920635,BRD_20080500016,던킨/던킨도너츠,0.8983833718244804,False,1987.86568964834,89.18520055817115,16,56,0.39722863741339487,True,0.9014665127020784,0.9035219399538106,0.9055773672055427,10.0,8.0,8.0,8.666666666666666,False,direct_size_estimation_deferred,매장 면적·좌석·점포별 매출이 없어 규모별 적합도와 argmax 규모는 산출하지 않음,0.5759101254669439,0.8937644341801385,usable_area_profile,True,balanced,True,0.7053290993071593,5.0
3120107,공덕역(공덕오거리),11440,1051109080.0,111230.0,9449.870358716174,0.8578521939953809,0.9404761904761905,0.4246031746031746,0.5833333333333334,0.9642857142857143,0.9880952380952381,0.9841269841269841,0.1111111111111111,0.011904761904761904,0.051587301587301584,BRD_20080500016,던킨/던킨도너츠,0.03348729792147806,False,1834.104140985888,80.05623025110103,24,77,0.5802540415704388,True,0.2807967667436489,0.4456697459584295,0.6105427251732101,289.0,208.0,118.0,205.0,False,direct_size_estimation_deferred,매장 면적·좌석·점포별 매출이 없어 규모별 적합도와 argmax 규모는 산출하지 않음,0.42821713672314654,0.9699769053117783,usable_area_profile,True,balanced,True,0.6981986143187067,6.0
3110892,관악구 중앙길,11620,913081619.0,87290.0,10460.323278726086,0.8403002309468822,0.6944444444444444,0.5833333333333334,0.49603174603174605,0.8611111111111112,0.9801587301587301,0.8690476190476191,0.027777777777777776,0.051587301587301584,0.3412698412698413,BRD_20080500016,던킨/던킨도너츠,0.41454965357967666,False,2006.896609177372,165.92166821826325,24,76,0.40242494226327946,True,0.5422748267898383,0.6274249422632794,0.7125750577367205,155.0,110.0,67.0,110.66666666666667,False,direct_size_estimation_deferred,매장 면적·좌석·점포별 매출이 없어 규모별 적합도와 argmax 규모는 산출하지 않음,0.5480966931057606,0.9122401847575058,usable_area_profile,True,balanced,True,0.6898614318706697,7.0
3110883,은천초등학교(은천교앞),11620,384324031.0,36658.0,10484.042528233946,0.6409930715935335,0.6944444444444444,0.5833333333333334,0.49603174603174605,0.8611111111111112,0.9801587301587301,0.8690476190476191,0.027777777777777776,0.051587301587301584,0.3412698412698413,BRD_20080500016,던킨/던킨도너츠,0.41454965357967666,False,2839.469140494925,165.06059494972328,13,69,0.18418013856812934,True,0.4824826789838337,0.5277713625866051,0.5730600461893764,181.0,153.0,136.0,156.66666666666666,False,direct_size_estimation_deferred,매장 면적·좌석·점포별 매출이 없어 규모별 적합도와 argmax 규모는 산출하지 않음,0.4303713707457992,0.9653579676674365,usable_area_profile,True,balanced,True,0.6793995381062355,8.0
3120201,도곡1동,11680,649721874.0,58337.0,11137.38920410717,0.7846420323325634,0.7817460317460317,0.18253968253968253,0.75,0.6468253968253969,0.8531746031746031,0.9206349206349206,0.4365079365079365,0.027777777777777776,0.4880952380952381,BRD_20080500016,던킨/던킨도너츠,0.6466512702078522,False,1070.7740191423636,87.09190547353441,10,65,0.2690531177829099,True,0.6880484988452655,0.7156466512702078,0.74324480369515,91.0,62.0,53.0,68.66666666666667,False,direct_size_estimation_deferred,매장 면적·좌석·점포별 매출이 없어 규모별 적합도와 argmax 규모는 산출하지 않음,0.585416358417823,0.8845265588914549,usable_area_profile,True,balanced,True,0.6765300230946881,9.0
3110640,방화역 1번,11500,671414576.0,62982.0,10660.420056524086,0.7871824480369516,0.8373015873015873,0.23809523809523808,0.623015873015873,0.32142857142857145,0.8333333333333334,0.9246031746031746,0.46825396825396826,0.05555555555555555,0.42063492063492064,BRD_20080500016,던킨/던킨도너츠,0.7378752886836027,False,2204.477262302874,241.56986569432095,5,25,0.025404157043879903,True,0.7526674364896073,0.7625288683602771,0.7723903002309469,56.0,44.0,41.0,47.0,False,direct_size_estimation_deferred,매장 면적·좌석·점포별 매출이 없어 규모별 적합도와 argmax 규모는 산출하지 않음,0.6957991299829277,0.8013856812933026,usable_area_profile,True,balanced,True,0.6723960739030024,10.0
3111021,방이역 4번,11710,394829518.0,38606.0,10227.154276537325,0.6466512702078522,0.8531746031746031,0.13095238095238096,0.6746031746031746,0.9325396825396826,0.8928571428571429,0.7063492063492064,0.4087301587301587,0.03968253968253968,0.5436507936507936,BRD_20080500016,던킨/던킨도너츠,0.3625866050808314,False,525.3037216427293,115.2085066609535,15,50,0.30658198614318705,True,0.4478060046189376,0.5046189376443417,0.5614318706697459,201.0,165.0,139.0,168.33333333333334,False,direct_size_estimation_deferred,매장 면적·좌석·점포별 매출이 없어 규모별 적합도와 argmax 규모는 산출하지 않음,0.4277191720129221,0.9722863741339491,usable_area_profile,True,balanced,True,0.6664838337182447,11.0
3120133,서울시흥동우체국(홈플러스시흥점),11545,637795918.0,60754.0,10498.00701188399,0.7765588914549653,0.753968253968254,0.7420634920634921,0.3531746031746032,0.24206349206349206,0.8690476190476191,0.873015873015873,0.04365079365079365,0.13095238095238096,0.6785714285714286,BRD_20080500016,던킨/던킨도너츠,0.1235565819861432,False,1389.725872274901,60.20797286767192,15,45,0.49018475750577367,True,0.31945727482678976,0.4500577367205542,0.5806581986143186,275.0,203.0,135.0,204.33333333333334,False,direct_size_estimation_deferred,매장 면적·좌석·점포별 매출이 없어 규모별 적합도와 argmax 규모는 산출하지 않음,0.5143281028956312,0.9353348729792148,usable_area_profile,True,balanced,True,0.6659353348729791,12.0
3120246,길동역,11740,916043297.0,88020.0,10407.217643717337,0.8409930715935335,0.8452380952380952,0.06746031746031746,0.7063492063492064,0.38492063492063494,0.6626984126984127,0.7182539682539683,0.5833333333333334,0.06746031746031746,0.6507936507936508,BRD_20080500016,던킨/던킨도너츠,0.8614318706697459,False,1651.0944854621914,87.92041856413586,26,72,0.579676674364896,True,0.8553002309468821,0.8512124711316398,0.8471247113163972,21.0,18.0,21.0,20.0,False,direct_size_estimation_deferred,매장 면적·좌석·점포별 매출이 없어 규모별 적합도와 argmax 규모는 산출하지 않음,0.554042313491478,0.9076212471131639,usable_area_profile,True,balanced,True,0.6612066974595843,13.0
3110274,서일대학교,11260,492656087.0,41512.0,11867.79935922143,0.7133949191685912,0.8492063492063492,0.40476190476190477,0.5,0.39285714285714285,0.623015873015873,0.5714285714285714,0.16666666666666666,0.32936507936507936,0.8134920634920635,BRD_20080500016,던킨/던킨도너츠,0.8983833718244804,False,2594.2307144644305,101.51354588565466,6,29,0.17032332563510394,True,0.8428868360277135,0.8058891454965358,0.7688914549653578,27.0,29.0,42.0,32.666666666666664,False,direct_size_estimation_deferred,매장 면적·좌석·점포별 매출이 없어 규모별 적합도와 argmax 규모는 산출하지 않음,0.6104212397108937,0.8729792147806005,usable_area_profile,True,balanced,True,0.6606293302540416,14.0
3120152,신대방삼거리역,11590,953145793.0,102228.0,9323.72532965528,0.8353348729792147,0.8611111111111112,0.5158730158730159,0.42857142857142855,0.753968253968254,0.9563492063492064,0.6626984126984127,0.11507936507936507,0.09523809523809523,0.5674603174603174,BRD_20080500016,던킨/던킨도너츠,0.5969976905311778,False,1728.18517521926,79.30952023733208,18,47,0.4821016166281755,True,0.6684988452655889,0.7161662817551963,0.7638337182448035,98.0,61.0,44.0,67.66666666666667,False,direct_size_estimation_deferred,매장 면적·좌석·점포별 매출이 없어 규모별 적합도와 argmax 규모는 산출하지 않음,0.5893364884479683,0.8799076212471132,usable_area_profile,True,balanced,True,0.6600057736720553,15.0
3120068,사가정역,11260,944293896.0,91431.0,10327.940151589723,0.8467667436489608,0.8492063492063492,0.40476190476190477,0.5,0.39285714285714285,0.623015873015873,0.5714285714285714,0.16666666666666666,0.32936507936507936,0.8134920634920635,BRD_20080500016,던킨/던킨도너츠,0.8983833718244804,False,1494.4336719767546,42.201895677975386,26,50,0.7748267898383372,True,0.8828983833718245,0.8725750577367206,0.8622517321016165,13.0,16.0,16.0,15.0,False,direct_size_estimation_deferred,매장 면적·좌석·점포별 매출이 없어 규모별 적합도와 argmax 규모는 산출하지 않음,0.4817415917971736,0.9468822170900693,usable_area_profile,True,balanced,True,0.6535854503464202,16.0
3111005,삼전역 3번,11710,233054769.0,25337.0,9198.19903698149,0.48152424942263283,0.8531746031746031,0.13095238095238096,0.6746031746031746,0.9325396825396826,0.8928571428571429,0.7063492063492064,0.4087301587301587,0.03968253968253968,0.5436507936507936,BRD_20080500016,던킨/던킨도너츠,0.3625866050808314,False,1905.839709921362,198.59506540938497,7,54,0.054849884526558895,True,0.39826789838337184,0.4220554272517321,0.4458429561200924,232.0,221.0,209.0,220.66666666666666,False,direct_size_estimation_deferred,매장 면적·좌석·점포별 매출이 없어 규모별 적합도와 argmax 규모는 산출하지 않음,0.38890724080010486,0.9861431870669746,usable_area_profile,True,balanced,True,0.6533775981524249,17.0
3120175,남부터미널역,11650,960650667.0,103198.0,9308.810897498013,0.8390300230946882,0.7619047619047619,0.2857142857142857,0.7023809523809523,0.6785714285714286,0.8293650793650794,0.7777777777777778,0.42857142857142855,0.08333333333333333,0.5198412698412699,BRD_20080500016,던킨/던킨도너츠,0.9780600461893765,False,2050.2497408995264,49.929950906089985,13,46,0.48903002309468824,True,0.93635103926097,0.9085450346420323,0.8807390300230946,7.0,7.0,14.0,9.333333333333334,False,direct_size_estimation_deferred,매장 면적·좌석·점포별 매출이 없어 규모별 적합도와 argmax 규모는 산출하지 않음,0.6385050599983426,0.8545034642032332,usable_area_profile,True,balanced,True,0.6475577367205542,18.0
3120228,석촌역(석촌호수),11710,510280686.0,47215.0,10807.596865402944,0.7248267898383373,0.8531746031746031,0.13095238095238096,0.6746031746031746,0.9325396825396826,0.8928571428571429,0.7063492063492064,0.4087301587301587,0.03968253968253968,0.5436507936507936,BRD_20080500016,던킨/던킨도너츠,0.3625866050808314,False,518.4987945659672,78.44743464456866,38,112,0.6882217090069285,True,0.4712586605080831,0.5437066974595843,0.6161547344110855,188.0,146.0,115.0,149.66666666666666,False,direct_size_estimation_deferred,매장 면적·좌석·점포별 매출이 없어 규모별 적합도와 argmax 규모는 산출하지 않음,0.3729173056090788,0.9930715935334873,usable_area_profile,True,balanced,True,0.6469919168591224,19.0
3110601,신월1동우편취급국,11470,441016625.0,40173.0,10977.93605157693,0.6785219399538106,0.8055555555555556,0.2222222222222222,0.5158730158730159,0.5873015873015873,0.5079365079365079,0.2896825396825397,0.4801587301587302,0.30952380952380953,0.7738095238095238,BRD_20080500016,던킨/던킨도너츠,0.9341801385681293,False,1505.9804115725892,258.54980178856624,8,40,0.05080831408775981,True,0.8574826789838337,0.80635103926097,0.7552193995381061,20.0,28.0,47.0,31.666666666666668,False,direct_size_estimation_deferred,매장 면적·좌석·점포별 매출이 없어 규모별 적합도와 argmax 규모는 산출하지 않음,0.6736915307865406,0.8244803695150116,usable_area_profile,True,balanced,True,0.6421016166281756,20.0
3110892,관악구 중앙길,11620,913081619.0,87290.0,10460.323278726086,0.8403002309468822,0.6944444444444444,0.5833333333333334,0.49603174603174605,0.8611111111111112,0.9801587301587301,0.8690476190476191,0.027777777777777776,0.051587301587301584,0.3412698412698413,BRD_20250749,디에그,0.27829099307159355,False,6346.990625444161,165.92166821826325,24,76,0.3978060046189376,True,0.4468937644341801,0.5592956120092378,0.6716974595842955,237.0,167.0,103.0,169.0,False,direct_size_estimation_deferred,매장 면적·좌석·점포별 매출이 없어 규모별 적합도와 argmax 규모는 산출하지 않음,0.35117186539846795,0.9884526558891455,usable_area_profile,True,balanced,True,0.7286605080831409,1.0
3120069,상봉역,11260,1511381851.0,142985.0,10570.212616708046,0.9086605080831409,0.8492063492063492,0.40476190476190477,0.5,0.39285714285714285,0.623015873015873,0.5714285714285714,0.16666666666666666,0.32936507936507936,0.8134920634920635,BRD_20250749,디에그,0.9861431870669746,False,4907.488257794786,89.18520055817115,16,56,0.39376443418013857,True,0.9628983833718245,0.9474018475750577,0.931905311778291,1.0,2.0,2.0,1.6666666666666667,True,direct_size_estimation_deferred,매장 면적·좌석·점포별 매출이 없어 규모별 적합도와 argmax 규모는 산출하지 않음,0.521597630491071,0.9353348729792148,usable_area_profile,True,balanced,True,0.7266339491916859,2.0
3120037,동대문역사문화공원역,11140,991150857.0,75063.0,13204.253187322649,0.8695150115473441,0.873015873015873,0.5793650793650794,0.6428571428571429,0.34523809523809523,0.8571428571428571,0.8214285714285714,0.0873015873015873,0.023809523809523808,0.8293650793650794,BRD_20250749,디에그,0.17782909930715934,False,4232.970115647196,125.25573836405046,15,74,0.2806004618937644,True,0.38533487297921476,0.5236720554272517,0.6620092378752886,278.0,199.0,109.0,195.33333333333334,False,direct_size_estimation_deferred,매장 면적·좌석·점포별 매출이 없어 규모별 적합도와 argmax 규모는 산출하지 않음,0.5569274183471772,0.9168591224018476,usable_area_profile,True,balanced,True,0.7206697459584296,3.0
3120009,종로3가역,11110,773341001.0,64864.0,11922.499398741984,0.8273672055427251,0.876984126984127,0.42857142857142855,0.503968253968254,0.75,0.9444444444444444,0.8531746031746031,0.2619047619047619,0.05952380952380952,0.3611111111111111,BRD_20250749,디에그,0.7136258660508084,False,4695.833046416819,125.80143085865113,24,103,0.4532332563510392,True,0.7477482678983833,0.7704965357967668,0.79324480369515,71.0,49.0,40.0,53.333333333333336,False,direct_size_estimation_deferred,매장 면적·좌석·점포별 매출이 없어 규모별 적합도와 argmax 규모는 산출하지 않음,0.381494040254428,0.9815242494226328,usable_area_profile,True,balanced,True,0.7123556581986142,4.0
3130072,성동용답상가시장,11200,441220675.0,42751.0,10320.710041870365,0.6748267898383372,0.9206349206349206,0.38492063492063494,0.5555555555555556,0.9920634920634921,0.9841269841269841,0.9563492063492064,0.10317460317460317,0.015873015873015872,0.07936507936507936,BRD_20250749,디에그,0.08083140877598152,False,4208.932643828704,135.0925608781212,10,28,0.1489607390300231,True,0.2590300230946882,0.37782909930715936,0.49662817551963045,357.0,293.0,222.0,290.6666666666667,False,direct_size_estimation_deferred,매장 면적·좌석·점포별 매출이 없어 규모별 적합도와 argmax 규모는 산출하지 않음,0.40264932105384105,0.976905311778291,usable_area_profile,True,balanced,True,0.70229792147806,5.0
3120038,약수역,11140,1550178516.0,134777.0,11501.803096967584,0.9235565819861433,0.873015873015873,0.5793650793650794,0.6428571428571429,0.34523809523809523,0.8571428571428571,0.8214285714285714,0.0873015873015873,0.023809523809523808,0.8293650793650794,BRD_20250749,디에그,0.17782909930715934,False,5240.343500194145,62.64183906448842,18,44,0.5502309468822171,True,0.4015473441108545,0.5506928406466514,0.699838337182448,268.0,173.0,88.0,176.33333333333334,False,direct_size_estimation_deferred,매장 면적·좌석·점포별 매출이 없어 규모별 적합도와 argmax 규모는 산출하지 않음,0.5589950640048428,0.9145496535796767,usable_area_profile,True,balanced,True,0.6979849884526559,6.0
3120188,압구정역,11680,1784647410.0,134975.0,13222.058973884052,0.9404157043879908,0.7817460317460317,0.18253968253968253,0.75,0.6468253968253969,0.8531746031746031,0.9206349206349206,0.4365079365079365,0.027777777777777776,0.4880952380952381,BRD_20250749,디에그,0.76905311778291,False,7487.897501980652,98.31073190628577,25,98,0.5329099307159353,True,0.8204618937644341,0.8547344110854505,0.8890069284064666,32.0,16.0,11.0,19.666666666666668,False,direct_size_estimation_deferred,매장 면적·좌석·점포별 매출이 없어 규모별 적합도와 argmax 규모는 산출하지 않음,0.603597030653571,0.8960739030023095,usable_area_profile,True,balanced,True,0.6972459584295613,7.0
3120175,남부터미널역,11650,960650667.0,103198.0,9308.810897498013,0.8390300230946882,0.7619047619047619,0.2857142857142857,0.7023809523809523,0.6785714285714286,0.8293650793650794,0.7777777777777778,0.42857142857142855,0.08333333333333333,0.5198412698412699,BRD_20250749,디에그,0.9480369515011547,False,8642.784852141425,49.929950906089985,13,46,0.4815242494226327,True,0.9153348729792148,0.8935334872979215,0.8717321016166282,9.0,10.0,15.0,11.333333333333334,False,direct_size_estimation_deferred,매장 면적·좌석·점포별 매출이 없어 규모별 적합도와 argmax 규모는 산출하지 않음,0.5459521984547095,0.9214780600461894,usable_area_profile,True,balanced,True,0.6821709006928407,8.0
3110883,은천초등학교(은천교앞),11620,384324031.0,36658.0,10484.042528233946,0.6409930715935335,0.6944444444444444,0.5833333333333334,0.49603174603174605,0.8611111111111112,0.9801587301587301,0.8690476190476191,0.027777777777777776,0.051587301587301584,0.3412698412698413,BRD_20250749,디에그,0.27829099307159355,False,5184.056809059265,165.06059494972328,13,69,0.17782909930715937,True,0.38710161662817555,0.4596420323325635,0.5321824480369515,274.0,250.0,195.0,239.66666666666666,False,direct_size_estimation_deferred,매장 면적·좌석·점포별 매출이 없어 규모별 적합도와 argmax 규모는 산출하지 않음,0.43882341131392966,0.9676674364896074,usable_area_profile,True,balanced,True,0.6815069284064665,9.0
3120158,녹두거리(대학동),11620,695809095.0,79236.0,8781.476790852643,0.7778290993071594,0.6944444444444444,0.5833333333333334,0.49603174603174605,0.8611111111111112,0.9801587301587301,0.8690476190476191,0.027777777777777776,0.051587301587301584,0.3412698412698413,BRD_20250749,디에그,0.27829099307159355,False,5075.9193255657065,107.28000742995447,15,20,0.3140877598152425,True,0.42815242494226324,0.5280600461893765,0.6279676674364896,252.0,196.0,127.0,191.66666666666666,False,direct_size_estimation_deferred,매장 면적·좌석·점포별 매출이 없어 규모별 적합도와 argmax 규모는 산출하지 않음,0.5717581046775098,0.9122401847575058,usable_area_profile,True,balanced,True,0.6812471131639724,10.0
3120166,방배역,11650,1455145059.0,122673.0,11861.983150326478,0.9176674364896074,0.7619047619047619,0.2857142857142857,0.7023809523809523,0.6785714285714286,0.8293650793650794,0.7777777777777778,0.42857142857142855,0.08333333333333333,0.5198412698412699,BRD_20250749,디에그,0.9480369515011547,False,9923.494646548654,99.2975326976693,12,28,0.2673210161662818,True,0.9389260969976905,0.9328521939953811,0.9267782909930715,5.0,4.0,4.0,4.333333333333333,False,direct_size_estimation_deferred,매장 면적·좌석·점포별 매출이 없어 규모별 적합도와 argmax 규모는 산출하지 않음,0.7451203222461726,0.7990762124711317,usable_area_profile,True,balanced,True,0.6806235565819861,11.0
3110640,방화역 1번,11500,671414576.0,62982.0,10660.420056524086,0.7871824480369516,0.8373015873015873,0.23809523809523808,0.623015873015873,0.32142857142857145,0.8333333333333334,0.9246031746031746,0.46825396825396826,0.05555555555555555,0.42063492063492064,BRD_20250749,디에그,0.5023094688221709,False,10734.106064338494,241.56986569432095,5,25,0.02482678983833718,True,0.587771362586605,0.6447459584295612,0.7017205542725173,169.0,108.0,87.0,121.33333333333333,False,direct_size_estimation_deferred,매장 면적·좌석·점포별 매출이 없어 규모별 적합도와 argmax 규모는 산출하지 않음,0.7162529316332193,0.8175519630484989,usable_area_profile,True,balanced,True,0.6805658198614319,12.0
3120246,길동역,11740,916043297.0,88020.0,10407.217643717337,0.8409930715935335,0.8452380952380952,0.06746031746031746,0.7063492063492064,0.38492063492063494,0.6626984126984127,0.7182539682539683,0.5833333333333334,0.06746031746031746,0.6507936507936508,BRD_20250749,디에그,0.45958429561200925,False,3800.162628070383,87.92041856413586,26,72,0.575635103926097,True,0.5740069284064666,0.6502886836027714,0.7265704387990762,175.0,103.0,69.0,115.66666666666667,False,direct_size_estimation_deferred,매장 면적·좌석·점포별 매출이 없어 규모별 적합도와 argmax 규모는 산출하지 않음,0.4994208988420842,0.9445727482678984,usable_area_profile,True,balanced,True,0.6802886836027714,13.0
3120107,공덕역(공덕오거리),11440,1051109080.0,111230.0,9449.870358716174,0.8578521939953809,0.9404761904761905,0.4246031746031746,0.5833333333333334,0.9642857142857143,0.9880952380952381,0.9841269841269841,0.1111111111111111,0.011904761904761904,0.051587301587301584,BRD_20250749,디에그,0.03348729792147806,False,2129.603953785139,80.05623025110103,24,77,0.575635103926097,True,0.2807967667436489,0.4456697459584295,0.6105427251732101,341.0,256.0,138.0,245.0,False,direct_size_estimation_deferred,매장 면적·좌석·점포별 매출이 없어 규모별 적합도와 argmax 규모는 산출하지 않음,0.5398289352282276,0.9260969976905312,usable_area_profile,True,balanced,True,0.6769515011547345,14.0
3120153,노량진역(노량진),11590,595426544.0,103117.0,5774.2810981700395,0.7636258660508083,0.8611111111111112,0.5158730158730159,0.42857142857142855,0.753968253968254,0.9563492063492064,0.6626984126984127,0.11507936507936507,0.09523809523809523,0.5674603174603174,BRD_20250749,디에그,0.6755196304849884,False,4632.705473067621,132.0075755359234,5,24,0.09526558891454966,True,0.7019515011547344,0.7195727482678984,0.7371939953810622,94.0,74.0,62.0,76.66666666666667,False,direct_size_estimation_deferred,매장 면적·좌석·점포별 매출이 없어 규모별 적합도와 argmax 규모는 산출하지 않음,0.7133671236253444,0.8221709006928406,usable_area_profile,True,balanced,True,0.6640646651270207,15.0
3130222,오류시장,11530,677800421.0,66656.0,10168.633296327413,0.7894919168591223,0.8412698412698413,0.8373015873015873,0.5753968253968254,0.5238095238095238,0.7579365079365079,0.7380952380952381,0.18253968253968253,0.12698412698412698,0.7658730158730159,BRD_20250749,디에그,0.42032332563510394,False,3972.218775461599,48.414873764798386,14,33,0.5161662817551963,True,0.5310739030023095,0.6049076212471132,0.6787413394919167,196.0,137.0,99.0,144.0,False,direct_size_estimation_deferred,매장 면적·좌석·점포별 매출이 없어 규모별 적합도와 argmax 규모는 산출하지 않음,0.5429205781853201,0.9237875288683602,usable_area_profile,True,balanced,True,0.6607909930715935,16.0
3130002,세종마을음식문화거리(금천교시장),11110,1427114674.0,119648.0,11927.609939154854,0.9169745958429562,0.876984126984127,0.42857142857142855,0.503968253968254,0.75,0.9444444444444444,0.8531746031746031,0.2619047619047619,0.05952380952380952,0.3611111111111111,BRD_20250749,디에그,0.7136258660508084,False,4039.7133561306437,20.248456733787368,42,68,0.9359122401847575,True,0.7746304849884527,0.8153002309468822,0.8559699769053118,55.0,26.0,21.0,34.0,False,direct_size_estimation_deferred,매장 면적·좌석·점포별 매출이 없어 규모별 적합도와 argmax 규모는 산출하지 않음,0.46267126560564786,0.9584295612009238,usable_area_profile,True,balanced,True,0.6597690531177829,17.0
3120159,서울대입구역,11620,577357524.0,63766.0,9054.316155945175,0.7378752886836027,0.6944444444444444,0.5833333333333334,0.49603174603174605,0.8611111111111112,0.9801587301587301,0.8690476190476191,0.027777777777777776,0.051587301587301584,0.3412698412698413,BRD_20250749,디에그,0.27829099307159355,False,6374.986274455025,112.61438631512817,37,77,0.5750577367205543,True,0.4161662817551963,0.5080831408775981,0.5999999999999999,261.0,211.0,144.0,205.33333333333334,False,direct_size_estimation_deferred,매장 면적·좌석·점포별 매출이 없어 규모별 적합도와 argmax 규모는 산출하지 않음,0.4128570063706937,0.9745958429561201,usable_area_profile,True,balanced,True,0.6592956120092378,18.0
3120120,화곡역,11500,2140760825.0,296121.0,7229.34484551923,0.8866050808314089,0.8373015873015873,0.23809523809523808,0.623015873015873,0.32142857142857145,0.8333333333333334,0.9246031746031746,0.46825396825396826,0.05555555555555555,0.42063492063492064,BRD_20250749,디에그,0.5023094688221709,False,8082.9876283402655,26.400757567542716,25,54,0.8181293302540416,True,0.6175981524249423,0.6944572748267899,0.7713163972286374,153.0,82.0,46.0,93.66666666666667,False,direct_size_estimation_deferred,매장 면적·좌석·점포별 매출이 없어 규모별 적합도와 argmax 규모는 산출하지 않음,0.5077440139444059,0.9399538106235565,usable_area_profile,True,balanced,True,0.6575692840646652,19.0
3110810,영신초등학교,11560,325709619.0,29453.0,11058.62285675483,0.5928406466512702,0.8571428571428571,0.7698412698412699,0.5277777777777778,0.23809523809523808,0.9007936507936508,0.9761904761904762,0.3373015873015873,0.047619047619047616,0.25,BRD_20250749,디에그,0.13394919168591224,False,5037.511786542407,74.63243262412867,11,41,0.34295612009237875,True,0.2716166281755196,0.36339491916859123,0.4551732101616628,350.0,310.0,244.0,301.3333333333333,False,direct_size_estimation_deferred,매장 면적·좌석·점포별 매출이 없어 규모별 적합도와 argmax 규모는 산출하지 않음,0.337674910310107,0.9953810623556582,usable_area_profile,True,balanced,True,0.6537413394919169,20.0
3120166,방배역,11650,1455145059.0,122673.0,11861.983150326478,0.9176674364896074,0.7619047619047619,0.2857142857142857,0.7023809523809523,0.6785714285714286,0.8293650793650794,0.7777777777777778,0.42857142857142855,0.08333333333333333,0.5198412698412699,BRD_20080100039,뚜레쥬르,0.9364896073903002,False,1324.494243056971,99.2975326976693,12,28,0.28290993071593534,True,0.9308429561200924,0.9270785219399538,0.9233140877598152,4.0,3.0,2.0,3.0,False,direct_size_estimation_deferred,매장 면적·좌석·점포별 매출이 없어 규모별 적합도와 argmax 규모는 산출하지 않음,0.5380314320648767,0.9076212471131639,usable_area_profile,True,balanced,True,0.7325577367205542,1.0
3120188,압구정역,11680,1784647410.0,134975.0,13222.058973884052,0.9404157043879908,0.7817460317460317,0.18253968253968253,0.75,0.6468253968253969,0.8531746031746031,0.9206349206349206,0.4365079365079365,0.027777777777777776,0.4880952380952381,BRD_20080100039,뚜레쥬르,0.6466512702078522,False,1884.2998699554646,98.31073190628577,25,98,0.5473441108545034,True,0.7347806004618938,0.7935334872979215,0.8522863741339493,45.0,20.0,14.0,26.333333333333332,False,direct_size_estimation_deferred,매장 면적·좌석·점포별 매출이 없어 규모별 적합도와 argmax 규모는 산출하지 않음,0.42618377080814673,0.9630484988452656,usable_area_profile,True,balanced,True,0.728568129330254,2.0
3120009,종로3가역,11110,773341001.0,64864.0,11922.499398741984,0.8273672055427251,0.876984126984127,0.42857142857142855,0.503968253968254,0.75,0.9444444444444444,0.8531746031746031,0.2619047619047619,0.05952380952380952,0.3611111111111111,BRD_20080100039,뚜레쥬르,0.7759815242494227,False,650.2983930178112,125.80143085865113,24,102,0.46824480369515015,True,0.7913972286374134,0.8016743648960739,0.8119515011547342,31.0,19.0,20.0,23.333333333333332,False,direct_size_estimation_deferred,매장 면적·좌석·점포별 매출이 없어 규모별 적합도와 argmax 규모는 산출하지 않음,0.40505687400031415,0.9815242494226328,usable_area_profile,True,balanced,True,0.7101039260969976,3.0
3110883,은천초등학교(은천교앞),11620,384324031.0,36658.0,10484.042528233946,0.6409930715935335,0.6944444444444444,0.5833333333333334,0.49603174603174605,0.8611111111111112,0.9801587301587301,0.8690476190476191,0.027777777777777776,0.051587301587301584,0.3412698412698413,BRD_20080100039,뚜레쥬르,0.31755196304849886,False,629.2352501275277,165.06059494972328,13,67,0.19053117782909929,True,0.41458429561200927,0.47927251732101617,0.5439607390300231,146.0,121.0,96.0,121.0,False,direct_size_estimation_deferred,매장 면적·좌석·점포별 매출이 없어 규모별 적합도와 argmax 규모는 산출하지 않음,0.37691241002313874,0.9884526558891455,usable_area_profile,True,balanced,True,0.6899942263279446,4.0
3120201,도곡1동,11680,649721874.0,58337.0,11137.38920410717,0.7846420323325634,0.7817460317460317,0.18253968253968253,0.75,0.6468253968253969,0.8531746031746031,0.9206349206349206,0.4365079365079365,0.027777777777777776,0.4880952380952381,BRD_20080100039,뚜레쥬르,0.6466512702078522,False,705.307025355932,87.09190547353441,10,62,0.2840646651270208,True,0.6880484988452655,0.7156466512702078,0.74324480369515,61.0,40.0,31.0,44.0,False,direct_size_estimation_deferred,매장 면적·좌석·점포별 매출이 없어 규모별 적합도와 argmax 규모는 산출하지 않음,0.6290580167950897,0.8568129330254042,usable_area_profile,True,balanced,True,0.660421478060046,5.0
3130222,오류시장,11530,677800421.0,66656.0,10168.633296327413,0.7894919168591223,0.8412698412698413,0.8373015873015873,0.5753968253968254,0.5238095238095238,0.7579365079365079,0.7380952380952381,0.18253968253968253,0.12698412698412698,0.7658730158730159,BRD_20080100039,뚜레쥬르,0.5242494226327945,False,936.739024480396,48.414873764798386,14,32,0.5323325635103926,True,0.6038221709006928,0.6568706697459584,0.7099191685912238,90.0,63.0,39.0,64.0,False,direct_size_estimation_deferred,매장 면적·좌석·점포별 매출이 없어 규모별 적합도와 argmax 규모는 산출하지 않음,0.5058140777424818,0.9214780600461894,usable_area_profile,True,balanced,True,0.6572113163972286,6.0
3120175,남부터미널역,11650,960650667.0,103198.0,9308.810897498013,0.8390300230946882,0.7619047619047619,0.2857142857142857,0.7023809523809523,0.6785714285714286,0.8293650793650794,0.7777777777777778,0.42857142857142855,0.08333333333333333,0.5198412698412699,BRD_20080100039,뚜레쥬르,0.9364896073903002,False,1396.5059971083842,49.929950906089985,13,46,0.49653579676674364,True,0.9072517321016166,0.8877598152424941,0.8682678983833718,8.0,10.0,12.0,10.0,False,direct_size_estimation_deferred,매장 면적·좌석·점포별 매출이 없어 규모별 적합도와 argmax 규모는 산출하지 않음,0.6081918372149606,0.8729792147806005,usable_area_profile,True,balanced,True,0.6556697459584295,7.0
3120080,마들역,11350,1045100686.0,106340.0,9827.916926838443,0.858891454965358,0.8928571428571429,0.08333333333333333,0.7222222222222222,0.9444444444444444,0.7777777777777778,0.30158730158730157,0.38095238095238093,0.4444444444444444,0.6071428571428571,BRD_20080100039,뚜레쥬르,0.3510392609699769,False,1038.783904426268,45.607017023633105,8,32,0.418013856812933,True,0.5033949191685911,0.6049653579676675,0.7065357967667436,118.0,79.0,42.0,79.66666666666667,False,direct_size_estimation_deferred,매장 면적·좌석·점포별 매출이 없어 규모별 적합도와 argmax 규모는 산출하지 않음,0.6530873746737795,0.8314087759815243,usable_area_profile,True,balanced,True,0.6536143187066975,8.0
3120152,신대방삼거리역,11590,953145793.0,102228.0,9323.72532965528,0.8353348729792147,0.8611111111111112,0.5158730158730159,0.42857142857142855,0.753968253968254,0.9563492063492064,0.6626984126984127,0.11507936507936507,0.09523809523809523,0.5674603174603174,BRD_20080100039,뚜레쥬르,0.5577367205542725,False,1175.3714306821973,79.30952023733208,18,47,0.49480369515011546,True,0.6410161662817551,0.6965357967667436,0.7520554272517319,80.0,45.0,29.0,51.333333333333336,False,direct_size_estimation_deferred,매장 면적·좌석·점포별 매출이 없어 규모별 적합도와 argmax 규모는 산출하지 않음,0.6180925782895919,0.8683602771362586,usable_area_profile,True,balanced,True,0.6523267898383371,9.0
3110274,서일대학교,11260,492656087.0,41512.0,11867.79935922143,0.7133949191685912,0.8492063492063492,0.40476190476190477,0.5,0.39285714285714285,0.623015873015873,0.5714285714285714,0.16666666666666666,0.32936507936507936,0.8134920634920635,BRD_20080100039,뚜레쥬르,0.8983833718244804,False,1016.919367535483,101.51354588565466,6,29,0.17898383371824483,True,0.8428868360277135,0.8058891454965358,0.7688914549653578,16.0,16.0,25.0,19.0,False,direct_size_estimation_deferred,매장 면적·좌석·점포별 매출이 없어 규모별 적합도와 argmax 규모는 산출하지 않음,0.6391773295525175,0.8452655889145496,usable_area_profile,True,balanced,True,0.645473441108545,10.0
3120158,녹두거리(대학동),11620,695809095.0,79236.0,8781.476790852643,0.7778290993071594,0.6944444444444444,0.5833333333333334,0.49603174603174605,0.8611111111111112,0.9801587301587301,0.8690476190476191,0.027777777777777776,0.051587301587301584,0.3412698412698413,BRD_20080100039,뚜레쥬르,0.31755196304849886,False,1450.6412375205114,107.28000742995447,15,20,0.33371824480369516,True,0.45563510392609696,0.5476905311778291,0.6397459584295612,130.0,99.0,60.0,96.33333333333333,False,direct_size_estimation_deferred,매장 면적·좌석·점포별 매출이 없어 규모별 적합도와 argmax 규모는 산출하지 않음,0.6432014468353613,0.838337182448037,usable_area_profile,True,balanced,True,0.64135103926097,11.0
3120226,석촌고분역,11710,497422151.0,44126.0,11272.767778633912,0.7166281755196304,0.8531746031746031,0.13095238095238096,0.6746031746031746,0.9325396825396826,0.8928571428571429,0.7063492063492064,0.4087301587301587,0.03968253968253968,0.5436507936507936,BRD_20080100039,뚜레쥬르,0.3995381062355658,False,553.9467483722011,58.872744129090485,22,75,0.6495381062355658,True,0.49466512702078513,0.5580831408775981,0.621501154734411,120.0,92.0,66.0,92.66666666666667,False,direct_size_estimation_deferred,매장 면적·좌석·점포별 매출이 없어 규모별 적합도와 argmax 규모는 산출하지 않음,0.4129341900975619,0.9699769053117783,usable_area_profile,True,balanced,True,0.6383775981524249,12.0
3120205,매봉역,11680,580733796.0,60594.0,9584.014852955737,0.7444572748267898,0.7817460317460317,0.18253968253968253,0.75,0.6468253968253969,0.8531746031746031,0.9206349206349206,0.4365079365079365,0.027777777777777776,0.4880952380952381,BRD_20080100039,뚜레쥬르,0.6466512702078522,False,1141.15204949491,70.4911341990284,16,64,0.48787528868360275,True,0.6759930715935334,0.6955542725173209,0.7151154734411085,67.0,46.0,37.0,50.0,False,direct_size_estimation_deferred,매장 면적·좌석·점포별 매출이 없어 규모별 적합도와 argmax 규모는 산출하지 않음,0.5756508458200909,0.8960739030023095,usable_area_profile,True,balanced,True,0.6354157043879907,13.0
3110810,영신초등학교,11560,325709619.0,29453.0,11058.62285675483,0.5928406466512702,0.8571428571428571,0.7698412698412699,0.5277777777777778,0.23809523809523808,0.9007936507936508,0.9761904761904762,0.3373015873015873,0.047619047619047616,0.25,BRD_20080100039,뚜레쥬르,0.24480369515011546,False,742.7576993464921,74.63243262412867,11,40,0.3608545034642032,True,0.34921478060046185,0.41882217090069285,0.48842956120092373,161.0,147.0,122.0,143.33333333333334,False,direct_size_estimation_deferred,매장 면적·좌석·점포별 매출이 없어 규모별 적합도와 argmax 규모는 산출하지 않음,0.4284185607148431,0.9607390300230947,usable_area_profile,True,balanced,True,0.6337355658198615,14.0
3120151,보라매공원,11590,648870341.0,67412.0,9625.442665994186,0.7726327944572748,0.8611111111111112,0.5158730158730159,0.42857142857142855,0.753968253968254,0.9563492063492064,0.6626984126984127,0.11507936507936507,0.09523809523809523,0.5674603174603174,BRD_20080100039,뚜레쥬르,0.5577367205542725,False,878.1713955459284,16.492422502230646,17,69,0.7240184757505774,True,0.6222055427251731,0.6651847575057737,0.7081639722863741,85.0,59.0,40.0,61.333333333333336,False,direct_size_estimation_deferred,매장 면적·좌석·점포별 매출이 없어 규모별 적합도와 argmax 규모는 산출하지 않음,0.4611891153043844,0.9422632794457275,usable_area_profile,True,balanced,True,0.6329503464203234,15.0
3120037,동대문역사문화공원역,11140,991150857.0,75063.0,13204.253187322649,0.8695150115473441,0.873015873015873,0.5793650793650794,0.6428571428571429,0.34523809523809523,0.8571428571428571,0.8214285714285714,0.0873015873015873,0.023809523809523808,0.8293650793650794,BRD_20080100039,뚜레쥬르,0.16397228637413394,False,806.5215434623608,125.25573836405046,15,73,0.2967667436489607,True,0.375635103926097,0.516743648960739,0.6578521939953811,153.0,107.0,52.0,104.0,False,direct_size_estimation_deferred,매장 면적·좌석·점포별 매출이 없어 규모별 적합도와 argmax 규모는 산출하지 않음,0.7556007732024809,0.7321016166281755,usable_area_profile,True,balanced,True,0.625866050808314,16.0
3110943,법제교육센터(버들어린이공원),11650,849985150.0,98576.0,8622.637863171563,0.812471131639723,0.7619047619047619,0.2857142857142857,0.7023809523809523,0.6785714285714286,0.8293650793650794,0.7777777777777778,0.42857142857142855,0.08333333333333333,0.5198412698412699,BRD_20080100039,뚜레쥬르,0.9364896073903002,False,2159.448309203446,67.35725648954265,25,54,0.663972286374134,True,0.899284064665127,0.8744803695150116,0.849676674364896,9.0,11.0,15.0,11.666666666666666,False,direct_size_estimation_deferred,매장 면적·좌석·점포별 매출이 없어 규모별 적합도와 argmax 규모는 산출하지 않음,0.6036375692484439,0.8752886836027713,usable_area_profile,True,balanced,True,0.6224133949191686,17.0
3120165,서래마을카페거리(서래마을),11650,2971488955.0,159582.0,18620.45189933702,0.9718244803695151,0.7619047619047619,0.2857142857142857,0.7023809523809523,0.6785714285714286,0.8293650793650794,0.7777777777777778,0.42857142857142855,0.08333333333333333,0.5198412698412699,BRD_20080100039,뚜레쥬르,0.9364896073903002,False,1207.6444013237394,18.110770263065373,12,56,0.5923787528868361,True,0.9470900692840647,0.9541570438799076,0.9612240184757506,2.0,1.0,1.0,1.3333333333333333,True,direct_size_estimation_deferred,매장 면적·좌석·점포별 매출이 없어 규모별 적합도와 argmax 규모는 산출하지 않음,0.7539320651870723,0.7367205542725173,usable_area_profile,True,balanced,True,0.6196420323325635,18.0
3120136,영등포구청역,11560,364236315.0,38948.0,9351.861841429598,0.6144341801385681,0.8571428571428571,0.7698412698412699,0.5277777777777778,0.23809523809523808,0.9007936507936508,0.9761904761904762,0.3373015873015873,0.047619047619047616,0.25,BRD_20080100039,뚜레쥬르,0.24480369515011546,False,916.2996234811043,95.12623193815189,26,62,0.5704387990762125,True,0.3556928406466512,0.4296189376443418,0.5035450346420323,158.0,141.0,114.0,137.66666666666666,False,direct_size_estimation_deferred,매장 면적·좌석·점포별 매출이 없어 규모별 적합도와 argmax 규모는 산출하지 않음,0.40810037699696344,0.976905311778291,usable_area_profile,True,balanced,True,0.6179387990762125,19.0
3120051,뚝섬역,11200,416387011.0,44887.0,9276.338605832423,0.6515011547344112,0.9206349206349206,0.38492063492063494,0.5555555555555556,0.9920634920634921,0.9841269841269841,0.9563492063492064,0.10317460317460317,0.015873015873015872,0.07936507936507936,BRD_20080100039,뚜레쥬르,0.016166281755196306,False,788.5429601422138,83.67197859938392,40,87,0.6795612009237875,True,0.20676674364896078,0.33383371824480373,0.46090069284064666,200.0,174.0,133.0,169.0,False,direct_size_estimation_deferred,매장 면적·좌석·점포별 매출이 없어 규모별 적합도와 argmax 규모는 산출하지 않음,0.4112345359279314,0.9745958429561201,usable_area_profile,True,balanced,True,0.6133891454965358,20.0
3120037,동대문역사문화공원역,11140,991150857.0,75063.0,13204.253187322649,0.8695150115473441,0.873015873015873,0.5793650793650794,0.6428571428571429,0.34523809523809523,0.8571428571428571,0.8214285714285714,0.0873015873015873,0.023809523809523808,0.8293650793650794,BRD_20140306,롤링핀,0.19399538106235567,False,2938.3890144040042,125.25573836405046,15,74,0.2806004618937644,True,0.3966512702078522,0.5317551963048499,0.6668591224018475,276.0,176.0,107.0,186.33333333333334,False,direct_size_estimation_deferred,매장 면적·좌석·점포별 매출이 없어 규모별 적합도와 argmax 규모는 산출하지 않음,0.5362404457610732,0.976905311778291,usable_area_profile,True,balanced,True,0.7506928406466513,1.0
3120188,압구정역,11680,1784647410.0,134975.0,13222.058973884052,0.9404157043879908,0.7817460317460317,0.18253968253968253,0.75,0.6468253968253969,0.8531746031746031,0.9206349206349206,0.4365079365079365,0.027777777777777776,0.4880952380952381,BRD_20140306,롤링핀,0.8498845265588915,False,6144.3834515708595,98.31073190628577,25,98,0.5323325635103926,True,0.8770438799076212,0.8951501154734411,0.9132563510392611,17.0,12.0,6.0,11.666666666666666,False,direct_size_estimation_deferred,매장 면적·좌석·점포별 매출이 없어 규모별 적합도와 argmax 규모는 산출하지 않음,0.5465549152824405,0.9745958429561201,usable_area_profile,True,balanced,True,0.736593533487298,2.0
3110892,관악구 중앙길,11620,913081619.0,87290.0,10460.323278726086,0.8403002309468822,0.6944444444444444,0.5833333333333334,0.49603174603174605,0.8611111111111112,0.9801587301587301,0.8690476190476191,0.027777777777777776,0.051587301587301584,0.3412698412698413,BRD_20140306,롤링핀,0.31755196304849886,False,4391.455908953944,165.92166821826325,24,76,0.3978060046189376,True,0.4743764434180138,0.5789260969976906,0.6834757505773671,214.0,144.0,96.0,151.33333333333334,False,direct_size_estimation_deferred,매장 면적·좌석·점포별 매출이 없어 규모별 적합도와 argmax 규모는 산출하지 않음,0.4113163112835843,0.9976905311778291,usable_area_profile,True,balanced,True,0.7332794457274827,3.0
3120009,종로3가역,11110,773341001.0,64864.0,11922.499398741984,0.8273672055427251,0.876984126984127,0.42857142857142855,0.503968253968254,0.75,0.9444444444444444,0.8531746031746031,0.2619047619047619,0.05952380952380952,0.3611111111111111,BRD_20140306,롤링핀,0.6327944572748267,False,3588.9366112844705,125.80143085865113,24,103,0.4532332563510392,True,0.6911662817551962,0.7300808314087759,0.7689953810623555,106.0,71.0,50.0,75.66666666666667,False,direct_size_estimation_deferred,매장 면적·좌석·점포별 매출이 없어 규모별 적합도와 argmax 규모는 산출하지 않음,0.45316169037425785,0.9930715935334873,usable_area_profile,True,balanced,True,0.7181293302540416,4.0
3130072,성동용답상가시장,11200,441220675.0,42751.0,10320.710041870365,0.6748267898383372,0.9206349206349206,0.38492063492063494,0.5555555555555556,0.9920634920634921,0.9841269841269841,0.9563492063492064,0.10317460317460317,0.015873015873015872,0.07936507936507936,BRD_20140306,롤링핀,0.016166281755196306,False,3501.9743003497433,135.0925608781212,10,28,0.1489607390300231,True,0.21376443418013857,0.34549653579676676,0.4772286374133949,383.0,323.0,224.0,310.0,False,direct_size_estimation_deferred,매장 면적·좌석·점포별 매출이 없어 규모별 적합도와 argmax 규모는 산출하지 않음,0.5157050735721311,0.9884526558891455,usable_area_profile,True,balanced,True,0.7080715935334873,5.0
3120175,남부터미널역,11650,960650667.0,103198.0,9308.810897498013,0.8390300230946882,0.7619047619047619,0.2857142857142857,0.7023809523809523,0.6785714285714286,0.8293650793650794,0.7777777777777778,0.42857142857142855,0.08333333333333333,0.5198412698412699,BRD_20140306,롤링핀,0.9780600461893765,False,8130.616520258622,49.929950906089985,13,46,0.4815242494226327,True,0.93635103926097,0.9085450346420323,0.8807390300230946,7.0,8.0,15.0,10.0,False,direct_size_estimation_deferred,매장 면적·좌석·점포별 매출이 없어 규모별 적합도와 argmax 규모는 산출하지 않음,0.5521868767583026,0.9699769053117783,usable_area_profile,True,balanced,True,0.7064203233256351,6.0
3120069,상봉역,11260,1511381851.0,142985.0,10570.212616708046,0.9086605080831409,0.8492063492063492,0.40476190476190477,0.5,0.39285714285714285,0.623015873015873,0.5714285714285714,0.16666666666666666,0.32936507936507936,0.8134920634920635,BRD_20140306,롤링핀,0.8983833718244804,False,5054.572286534185,89.18520055817115,16,56,0.39260969976905313,True,0.9014665127020784,0.9035219399538106,0.9055773672055427,11.0,10.0,8.0,9.666666666666666,False,direct_size_estimation_deferred,매장 면적·좌석·점포별 매출이 없어 규모별 적합도와 argmax 규모는 산출하지 않음,0.7409300113676901,0.8729792147806005,usable_area_profile,True,balanced,True,0.6956293302540416,7.0
3120107,공덕역(공덕오거리),11440,1051109080.0,111230.0,9449.870358716174,0.8578521939953809,0.9404761904761905,0.4246031746031746,0.5833333333333334,0.9642857142857143,0.9880952380952381,0.9841269841269841,0.1111111111111111,0.011904761904761904,0.051587301587301584,BRD_20140306,롤링핀,0.08660508083140878,False,3324.803302461225,80.05623025110103,24,77,0.575635103926097,True,0.3179792147806004,0.4722286374133948,0.6264780600461893,320.0,230.0,130.0,226.66666666666666,False,direct_size_estimation_deferred,매장 면적·좌석·점포별 매출이 없어 규모별 적합도와 argmax 규모는 산출하지 않음,0.5671455272036565,0.9584295612009238,usable_area_profile,True,balanced,True,0.6931177829099306,8.0
3120166,방배역,11650,1455145059.0,122673.0,11861.983150326478,0.9176674364896074,0.7619047619047619,0.2857142857142857,0.7023809523809523,0.6785714285714286,0.8293650793650794,0.7777777777777778,0.42857142857142855,0.08333333333333333,0.5198412698412699,BRD_20140306,롤링핀,0.9780600461893765,False,7395.062406808486,99.2975326976693,12,28,0.2673210161662818,True,0.9599422632794457,0.9478637413394919,0.935785219399538,3.0,3.0,3.0,3.0,False,direct_size_estimation_deferred,매장 면적·좌석·점포별 매출이 없어 규모별 적합도와 argmax 규모는 산출하지 않음,0.8252620722401356,0.7990762124711317,usable_area_profile,True,balanced,True,0.6806235565819861,9.0
3120006,종각역,11110,3016948830.0,169455.0,17803.834823404442,0.9732101616628176,0.876984126984127,0.42857142857142855,0.503968253968254,0.75,0.9444444444444444,0.8531746031746031,0.2619047619047619,0.05952380952380952,0.3611111111111111,BRD_20140306,롤링핀,0.6327944572748267,False,4218.601901077181,42.201895712860484,34,122,0.8273672055427252,True,0.734919168591224,0.8030023094688221,0.8710854503464203,77.0,36.0,17.0,43.333333333333336,True,direct_size_estimation_deferred,매장 면적·좌석·점포별 매출이 없어 규모별 적합도와 argmax 규모는 산출하지 않음,0.6642761582206756,0.9260969976905312,usable_area_profile,True,balanced,True,0.6795669745958429,10.0
3120120,화곡역,11500,2140760825.0,296121.0,7229.34484551923,0.8866050808314089,0.8373015873015873,0.23809523809523808,0.623015873015873,0.32142857142857145,0.8333333333333334,0.9246031746031746,0.46825396825396826,0.05555555555555555,0.42063492063492064,BRD_20140306,롤링핀,0.7193995381062356,False,8275.31268287431,26.400757567542716,25,54,0.8175519630484989,True,0.7695612009237875,0.8030023094688222,0.8364434180138569,65.0,35.0,30.0,43.333333333333336,False,direct_size_estimation_deferred,매장 면적·좌석·점포별 매출이 없어 규모별 적합도와 argmax 규모는 산출하지 않음,0.5282158290001084,0.9815242494226328,usable_area_profile,True,balanced,True,0.6784411085450347,11.0
3120153,노량진역(노량진),11590,595426544.0,103117.0,5774.2810981700395,0.7636258660508083,0.8611111111111112,0.5158730158730159,0.42857142857142855,0.753968253968254,0.9563492063492064,0.6626984126984127,0.11507936507936507,0.09523809523809523,0.5674603174603174,BRD_20140306,롤링핀,0.5277136258660509,False,1211.9612205420656,132.0075755359234,5,24,0.09526558891454966,True,0.5984872979214781,0.6456697459584295,0.692852193995381,150.0,118.0,89.0,119.0,False,direct_size_estimation_deferred,매장 면적·좌석·점포별 매출이 없어 규모별 적합도와 argmax 규모는 산출하지 않음,0.7627550306920086,0.8475750577367206,usable_area_profile,True,balanced,True,0.6767667436489607,12.0
3120158,녹두거리(대학동),11620,695809095.0,79236.0,8781.476790852643,0.7778290993071594,0.6944444444444444,0.5833333333333334,0.49603174603174605,0.8611111111111112,0.9801587301587301,0.8690476190476191,0.027777777777777776,0.051587301587301584,0.3412698412698413,BRD_20140306,롤링핀,0.31755196304849886,False,5508.402672304588,107.28000742995447,15,20,0.3140877598152425,True,0.45563510392609696,0.5476905311778291,0.6397459584295612,233.0,167.0,120.0,173.33333333333334,False,direct_size_estimation_deferred,매장 면적·좌석·점포별 매출이 없어 규모별 적합도와 argmax 규모는 산출하지 않음,0.7165614327506296,0.8983833718244804,usable_area_profile,True,balanced,True,0.6743187066974596,13.0
3120062,신설동역,11230,583819931.0,56521.0,10329.256931052176,0.748498845265589,0.6904761904761905,0.5396825396825397,0.5714285714285714,0.9603174603174603,0.9126984126984127,0.4087301587301587,0.1865079365079365,0.09126984126984126,0.6825396825396826,BRD_20140306,롤링핀,0.4237875288683603,False,1372.2426899232062,109.76793705062819,8,37,0.16743648960739027,True,0.5212009237875289,0.5861431870669747,0.6510854503464203,198.0,140.0,116.0,151.33333333333334,False,direct_size_estimation_deferred,매장 면적·좌석·점포별 매출이 없어 규모별 적합도와 argmax 규모는 산출하지 않음,0.743177867678095,0.8683602771362586,usable_area_profile,True,balanced,True,0.6710392609699769,14.0
3110943,법제교육센터(버들어린이공원),11650,849985150.0,98576.0,8622.637863171563,0.812471131639723,0.7619047619047619,0.2857142857142857,0.7023809523809523,0.6785714285714286,0.8293650793650794,0.7777777777777778,0.42857142857142855,0.08333333333333333,0.5198412698412699,BRD_20140306,롤링핀,0.9780600461893765,False,6744.343481745748,67.35725648954265,25,54,0.6466512702078522,True,0.9283833718244804,0.8952655889145498,0.862147806004619,8.0,11.0,22.0,13.666666666666666,False,direct_size_estimation_deferred,매장 면적·좌석·점포별 매출이 없어 규모별 적합도와 argmax 규모는 산출하지 않음,0.6047996529171644,0.9515011547344111,usable_area_profile,True,balanced,True,0.6631177829099308,15.0
3120003,광화문역,11110,756200869.0,75218.0,10053.456207290808,0.8042725173210161,0.876984126984127,0.42857142857142855,0.503968253968254,0.75,0.9444444444444444,0.8531746031746031,0.2619047619047619,0.05952380952380952,0.3611111111111111,BRD_20140306,롤링핀,0.6327944572748267,False,4871.049681505966,69.12307861572918,25,101,0.6397228637413395,True,0.6842378752886835,0.7185334872979214,0.7528290993071592,109.0,74.0,59.0,80.66666666666667,False,direct_size_estimation_deferred,매장 면적·좌석·점포별 매출이 없어 규모별 적합도와 argmax 규모는 산출하지 않음,0.6402644679476662,0.9445727482678984,usable_area_profile,True,balanced,True,0.6578233256351039,16.0
3120205,매봉역,11680,580733796.0,60594.0,9584.014852955737,0.7444572748267898,0.7817460317460317,0.18253968253968253,0.75,0.6468253968253969,0.8531746031746031,0.9206349206349206,0.4365079365079365,0.027777777777777776,0.4880952380952381,BRD_20140306,롤링핀,0.8498845265588915,False,6166.3527307233535,70.4911341990284,16,64,0.4676674364896074,True,0.8182563510392609,0.7971709006928407,0.7760854503464203,40.0,39.0,46.0,41.666666666666664,False,direct_size_estimation_deferred,매장 면적·좌석·점포별 매출이 없어 규모별 적합도와 argmax 규모는 산출하지 않음,0.6541631035886737,0.9330254041570438,usable_area_profile,True,balanced,True,0.6569226327944572,17.0
3120028,명동(명동거리),11140,1220806458.0,114833.0,10631.14660419914,0.888799076212471,0.873015873015873,0.5793650793650794,0.6428571428571429,0.34523809523809523,0.8571428571428571,0.8214285714285714,0.0873015873015873,0.023809523809523808,0.8293650793650794,BRD_20140306,롤링핀,0.19399538106235567,False,4639.023388582023,30.675723307169914,43,94,0.9053117782909931,True,0.4024364896073902,0.5413972286374134,0.6803579676674363,272.0,171.0,98.0,180.33333333333334,False,direct_size_estimation_deferred,매장 면적·좌석·점포별 매출이 없어 규모별 적합도와 argmax 규모는 산출하지 않음,0.5578705246962125,0.9630484988452656,usable_area_profile,True,balanced,True,0.6568071593533487,18.0
3120038,약수역,11140,1550178516.0,134777.0,11501.803096967584,0.9235565819861433,0.873015873015873,0.5793650793650794,0.6428571428571429,0.34523809523809523,0.8571428571428571,0.8214285714285714,0.0873015873015873,0.023809523809523808,0.8293650793650794,BRD_20140306,롤링핀,0.19399538106235567,False,3929.2006820783154,62.64183906448842,18,44,0.5502309468822171,True,0.412863741339492,0.5587759815242495,0.7046882217090069,266.0,157.0,82.0,168.33333333333334,False,direct_size_estimation_deferred,매장 면적·좌석·점포별 매출이 없어 규모별 적합도와 argmax 규모는 산출하지 않음,0.7860911481233621,0.8290993071593533,usable_area_profile,True,balanced,True,0.6552598152424942,19.0
3110883,은천초등학교(은천교앞),11620,384324031.0,36658.0,10484.042528233946,0.6409930715935335,0.6944444444444444,0.5833333333333334,0.49603174603174605,0.8611111111111112,0.9801587301587301,0.8690476190476191,0.027777777777777776,0.051587301587301584,0.3412698412698413,BRD_20140306,롤링핀,0.31755196304849886,False,3659.011068606461,165.06059494972328,13,69,0.17782909930715937,True,0.41458429561200927,0.47927251732101617,0.5439607390300231,265.0,223.0,184.0,224.0,False,direct_size_estimation_deferred,매장 면적·좌석·점포별 매출이 없어 규모별 적합도와 argmax 규모는 산출하지 않음,0.6912089838006935,0.9145496535796767,usable_area_profile,True,balanced,True,0.6549480369515012,20.0
3120188,압구정역,11680,1784647410.0,134975.0,13222.058973884052,0.9404157043879908,0.7817460317460317,0.18253968253968253,0.75,0.6468253968253969,0.8531746031746031,0.9206349206349206,0.4365079365079365,0.027777777777777776,0.4880952380952381,BRD_20161137,명랑시대쌀핫도그,0.7251732101616628,False,3739.7713833584976,98.31073190628577,25,98,0.5352193995381063,True,0.7897459584295612,0.8327944572748268,0.8758429561200924,42.0,22.0,14.0,26.0,False,direct_size_estimation_deferred,매장 면적·좌석·점포별 매출이 없어 규모별 적합도와 argmax 규모는 산출하지 않음,0.4114472611382245,0.9722863741339491,usable_area_profile,True,balanced,True,0.7350057736720553,1.0
3120069,상봉역,11260,1511381851.0,142985.0,10570.212616708046,0.9086605080831409,0.8492063492063492,0.40476190476190477,0.5,0.39285714285714285,0.623015873015873,0.5714285714285714,0.16666666666666666,0.32936507936507936,0.8134920634920635,BRD_20161137,명랑시대쌀핫도그,0.8983833718244804,False,885.5873756853189,89.18520055817115,16,55,0.3943418013856813,True,0.9014665127020784,0.9035219399538106,0.9055773672055427,9.0,7.0,8.0,8.0,False,direct_size_estimation_deferred,매장 면적·좌석·점포별 매출이 없어 규모별 적합도와 argmax 규모는 산출하지 않음,0.4777080548283285,0.9468822170900693,usable_area_profile,True,balanced,True,0.7323210161662818,2.0
3120166,방배역,11650,1455145059.0,122673.0,11861.983150326478,0.9176674364896074,0.7619047619047619,0.2857142857142857,0.7023809523809523,0.6785714285714286,0.8293650793650794,0.7777777777777778,0.42857142857142855,0.08333333333333333,0.5198412698412699,BRD_20161137,명랑시대쌀핫도그,0.9364896073903002,False,5150.519391275384,99.2975326976693,12,28,0.2684757505773672,True,0.9308429561200924,0.9270785219399538,0.9233140877598152,4.0,3.0,3.0,3.3333333333333335,False,direct_size_estimation_deferred,매장 면적·좌석·점포별 매출이 없어 규모별 적합도와 argmax 규모는 산출하지 않음,0.5543921685761353,0.8983833718244804,usable_area_profile,True,balanced,True,0.7301039260969976,3.0
3120038,약수역,11140,1550178516.0,134777.0,11501.803096967584,0.9235565819861433,0.873015873015873,0.5793650793650794,0.6428571428571429,0.34523809523809523,0.8571428571428571,0.8214285714285714,0.0873015873015873,0.023809523809523808,0.8293650793650794,BRD_20161137,명랑시대쌀핫도그,0.14780600461893764,False,2489.767258188165,62.64183906448842,18,44,0.5531177829099307,True,0.38053117782909934,0.5356812933025404,0.6908314087759816,247.0,159.0,77.0,161.0,False,direct_size_estimation_deferred,매장 면적·좌석·점포별 매출이 없어 규모별 적합도와 argmax 규모는 산출하지 않음,0.48976990752684374,0.9422632794457275,usable_area_profile,True,balanced,True,0.7114087759815242,4.0
3130072,성동용답상가시장,11200,441220675.0,42751.0,10320.710041870365,0.6748267898383372,0.9206349206349206,0.38492063492063494,0.5555555555555556,0.9920634920634921,0.9841269841269841,0.9563492063492064,0.10317460317460317,0.015873015873015872,0.07936507936507936,BRD_20161137,명랑시대쌀핫도그,0.016166281755196306,False,2080.1447064890235,135.0925608781212,10,28,0.1535796766743649,True,0.21376443418013857,0.34549653579676676,0.4772286374133949,335.0,288.0,202.0,275.0,False,direct_size_estimation_deferred,매장 면적·좌석·점포별 매출이 없어 규모별 적합도와 argmax 규모는 산출하지 않음,0.34744139814021774,0.9838337182448037,usable_area_profile,True,balanced,True,0.7050692840646652,5.0
3120080,마들역,11350,1045100686.0,106340.0,9827.916926838443,0.858891454965358,0.8928571428571429,0.08333333333333333,0.7222222222222222,0.9444444444444444,0.7777777777777778,0.30158730158730157,0.38095238095238093,0.4444444444444444,0.6071428571428571,BRD_20161137,명랑시대쌀핫도그,0.5173210161662818,False,860.5300692339306,45.607017023633105,8,31,0.41050808314087756,True,0.6197921478060047,0.6881062355658198,0.7564203233256351,124.0,78.0,53.0,85.0,False,direct_size_estimation_deferred,매장 면적·좌석·점포별 매출이 없어 규모별 적합도와 argmax 규모는 산출하지 않음,0.5473928132515861,0.9076212471131639,usable_area_profile,True,balanced,True,0.6928464203233256,6.0
3120120,화곡역,11500,2140760825.0,296121.0,7229.34484551923,0.8866050808314089,0.8373015873015873,0.23809523809523808,0.623015873015873,0.32142857142857145,0.8333333333333334,0.9246031746031746,0.46825396825396826,0.05555555555555555,0.42063492063492064,BRD_20161137,명랑시대쌀핫도그,0.8187066974595842,False,834.197218890034,26.400757567542716,25,53,0.819284064665127,True,0.8390762124711316,0.8526558891454965,0.8662355658198615,27.0,17.0,18.0,20.666666666666668,False,direct_size_estimation_deferred,매장 면적·좌석·점포별 매출이 없어 규모별 적합도와 argmax 규모는 산출하지 않음,0.3322636183344443,0.9907621247113164,usable_area_profile,True,balanced,True,0.6828002309468822,7.0
3110883,은천초등학교(은천교앞),11620,384324031.0,36658.0,10484.042528233946,0.6409930715935335,0.6944444444444444,0.5833333333333334,0.49603174603174605,0.8611111111111112,0.9801587301587301,0.8690476190476191,0.027777777777777776,0.051587301587301584,0.3412698412698413,BRD_20161137,명랑시대쌀핫도그,0.31755196304849886,False,774.4546468204915,165.06059494972328,13,68,0.17956120092378755,True,0.41458429561200927,0.47927251732101617,0.5439607390300231,228.0,198.0,160.0,195.33333333333334,False,direct_size_estimation_deferred,매장 면적·좌석·점포별 매출이 없어 규모별 적합도와 argmax 규모는 산출하지 않음,0.4158387207921066,0.9699769053117783,usable_area_profile,True,balanced,True,0.6824018475750577,8.0
3120107,공덕역(공덕오거리),11440,1051109080.0,111230.0,9449.870358716174,0.8578521939953809,0.9404761904761905,0.4246031746031746,0.5833333333333334,0.9642857142857143,0.9880952380952381,0.9841269841269841,0.1111111111111111,0.011904761904761904,0.051587301587301584,BRD_20161137,명랑시대쌀핫도그,0.06351039260969978,False,3454.98089722017,80.05623025110103,24,77,0.5790993071593533,True,0.30181293302540413,0.4606812933025404,0.6195496535796766,290.0,212.0,114.0,205.33333333333334,False,direct_size_estimation_deferred,매장 면적·좌석·점포별 매출이 없어 규모별 적합도와 argmax 규모는 산출하지 않음,0.5245213678939099,0.9237875288683602,usable_area_profile,True,balanced,True,0.6752771362586604,9.0
3120152,신대방삼거리역,11590,953145793.0,102228.0,9323.72532965528,0.8353348729792147,0.8611111111111112,0.5158730158730159,0.42857142857142855,0.753968253968254,0.9563492063492064,0.6626984126984127,0.11507936507936507,0.09523809523809523,0.5674603174603174,BRD_20161137,명랑시대쌀핫도그,0.48614318706697457,False,1644.7005806917914,79.30952023733208,18,47,0.48152424942263283,True,0.5909006928406466,0.6607390300230946,0.7305773672055426,139.0,92.0,60.0,97.0,False,direct_size_estimation_deferred,매장 면적·좌석·점포별 매출이 없어 규모별 적합도와 argmax 규모는 산출하지 않음,0.5395024460586008,0.9099307159353349,usable_area_profile,True,balanced,True,0.6751039260969977,10.0
3120081,노원역,11350,1459224642.0,143889.0,10141.32172716469,0.8973441108545035,0.8928571428571429,0.08333333333333333,0.7222222222222222,0.9444444444444444,0.7777777777777778,0.30158730158730157,0.38095238095238093,0.4444444444444444,0.6071428571428571,BRD_20161137,명랑시대쌀핫도그,0.5173210161662818,False,1044.7057002098738,36.878177844323965,34,60,0.8556581986143187,True,0.6313279445727482,0.7073325635103926,0.783337182448037,119.0,66.0,38.0,74.33333333333333,False,direct_size_estimation_deferred,매장 면적·좌석·점포별 매출이 없어 규모별 적합도와 argmax 규모는 산출하지 않음,0.3917357105178235,0.9745958429561201,usable_area_profile,True,balanced,True,0.6730196304849885,11.0
3110892,관악구 중앙길,11620,913081619.0,87290.0,10460.323278726086,0.8403002309468822,0.6944444444444444,0.5833333333333334,0.49603174603174605,0.8611111111111112,0.9801587301587301,0.8690476190476191,0.027777777777777776,0.051587301587301584,0.3412698412698413,BRD_20161137,명랑시대쌀핫도그,0.31755196304849886,False,1865.6433206837887,165.92166821826325,24,76,0.401270207852194,True,0.4743764434180138,0.5789260969976906,0.6834757505773671,198.0,128.0,79.0,135.0,False,direct_size_estimation_deferred,매장 면적·좌석·점포별 매출이 없어 규모별 적합도와 argmax 규모는 산출하지 않음,0.5933837272976011,0.8775981524249423,usable_area_profile,True,balanced,True,0.6727136258660508,12.0
3110274,서일대학교,11260,492656087.0,41512.0,11867.79935922143,0.7133949191685912,0.8492063492063492,0.40476190476190477,0.5,0.39285714285714285,0.623015873015873,0.5714285714285714,0.16666666666666666,0.32936507936507936,0.8134920634920635,BRD_20161137,명랑시대쌀핫도그,0.8983833718244804,False,928.0096982485973,101.51354588565466,6,28,0.1697459584295612,True,0.8428868360277135,0.8058891454965358,0.7688914549653578,25.0,31.0,45.0,33.666666666666664,False,direct_size_estimation_deferred,매장 면적·좌석·점포별 매출이 없어 규모별 적합도와 argmax 규모는 산출하지 않음,0.5605871973215263,0.8891454965357968,usable_area_profile,True,balanced,True,0.6687990762124711,13.0
3120068,사가정역,11260,944293896.0,91431.0,10327.940151589723,0.8467667436489608,0.8492063492063492,0.40476190476190477,0.5,0.39285714285714285,0.623015873015873,0.5714285714285714,0.16666666666666666,0.32936507936507936,0.8134920634920635,BRD_20161137,명랑시대쌀핫도그,0.8983833718244804,False,810.2228088748763,42.201895677975386,26,49,0.7759815242494226,True,0.8828983833718245,0.8725750577367206,0.8622517321016165,16.0,16.0,19.0,17.0,False,direct_size_estimation_deferred,매장 면적·좌석·점포별 매출이 없어 규모별 적합도와 argmax 규모는 산출하지 않음,0.3916070738072952,0.976905311778291,usable_area_profile,True,balanced,True,0.6684237875288683,14.0
3120079,창동역,11320,765698620.0,76216.0,10046.428833840664,0.8071593533487298,0.7182539682539683,0.11904761904761904,0.6071428571428571,0.25793650793650796,0.3611111111111111,0.24603174603174602,0.19047619047619047,0.4246031746031746,0.9126984126984127,BRD_20161137,명랑시대쌀핫도그,0.2806004618937644,False,2137.8973315270637,91.21403398036323,16,24,0.3862586605080831,True,0.438568129330254,0.543879907621247,0.6491916859122402,222.0,155.0,100.0,159.0,False,direct_size_estimation_deferred,매장 면적·좌석·점포별 매출이 없어 규모별 적합도와 argmax 규모는 산출하지 않음,0.5781045856068885,0.8822170900692841,usable_area_profile,True,balanced,True,0.665675519630485,15.0
3110601,신월1동우편취급국,11470,441016625.0,40173.0,10977.93605157693,0.6785219399538106,0.8055555555555556,0.2222222222222222,0.5158730158730159,0.5873015873015873,0.5079365079365079,0.2896825396825397,0.4801587301587302,0.30952380952380953,0.7738095238095238,BRD_20161137,명랑시대쌀핫도그,0.9803695150115473,False,1051.7880014321033,258.54980178856624,8,40,0.05023094688221708,True,0.8898152424942263,0.829445727482679,0.7690762124711316,14.0,23.0,44.0,27.0,False,direct_size_estimation_deferred,매장 면적·좌석·점포별 매출이 없어 규모별 적합도와 argmax 규모는 산출하지 않음,0.6133800355260814,0.8683602771362586,usable_area_profile,True,balanced,True,0.6641281755196304,16.0
3111021,방이역 4번,11710,394829518.0,38606.0,10227.154276537325,0.6466512702078522,0.8531746031746031,0.13095238095238096,0.6746031746031746,0.9325396825396826,0.8928571428571429,0.7063492063492064,0.4087301587301587,0.03968253968253968,0.5436507936507936,BRD_20161137,명랑시대쌀핫도그,0.40415704387990764,False,2612.417462788229,115.2085066609535,15,51,0.30196304849884525,True,0.476905311778291,0.5254041570438799,0.5739030023094688,195.0,166.0,144.0,168.33333333333334,False,direct_size_estimation_deferred,매장 면적·좌석·점포별 매출이 없어 규모별 적합도와 argmax 규모는 산출하지 않음,0.46504180426228103,0.9515011547344111,usable_area_profile,True,balanced,True,0.656784064665127,17.0
3120201,도곡1동,11680,649721874.0,58337.0,11137.38920410717,0.7846420323325634,0.7817460317460317,0.18253968253968253,0.75,0.6468253968253969,0.8531746031746031,0.9206349206349206,0.4365079365079365,0.027777777777777776,0.4880952380952381,BRD_20161137,명랑시대쌀핫도그,0.7251732101616628,False,1202.4724529013388,87.09190547353441,10,65,0.2690531177829099,True,0.743013856812933,0.7549076212471131,0.7668013856812932,66.0,47.0,49.0,54.0,False,direct_size_estimation_deferred,매장 면적·좌석·점포별 매출이 없어 규모별 적합도와 argmax 규모는 산출하지 않음,0.6356377383481916,0.8406466512702079,usable_area_profile,True,balanced,True,0.6545900692840646,18.0
3111005,삼전역 3번,11710,233054769.0,25337.0,9198.19903698149,0.48152424942263283,0.8531746031746031,0.13095238095238096,0.6746031746031746,0.9325396825396826,0.8928571428571429,0.7063492063492064,0.4087301587301587,0.03968253968253968,0.5436507936507936,BRD_20161137,명랑시대쌀핫도그,0.40415704387990764,False,1086.3240768962885,198.59506540938497,7,54,0.054849884526558874,True,0.4273672055427252,0.4428406466512702,0.45831408775981525,225.0,226.0,214.0,221.66666666666666,False,direct_size_estimation_deferred,매장 면적·좌석·점포별 매출이 없어 규모별 적합도와 argmax 규모는 산출하지 않음,0.3439380260350813,0.9861431870669746,usable_area_profile,True,balanced,True,0.6533775981524249,19.0
3110640,방화역 1번,11500,671414576.0,62982.0,10660.420056524086,0.7871824480369516,0.8373015873015873,0.23809523809523808,0.623015873015873,0.32142857142857145,0.8333333333333334,0.9246031746031746,0.46825396825396826,0.05555555555555555,0.42063492063492064,BRD_20161137,명랑시대쌀핫도그,0.8187066974595842,False,2959.594059983797,241.56986569432095,5,25,0.025404157043879903,True,0.8092494226327944,0.8029445727482679,0.7966397228637414,33.0,32.0,36.0,33.666666666666664,False,direct_size_estimation_deferred,매장 면적·좌석·점포별 매출이 없어 규모별 적합도와 argmax 규모는 산출하지 않음,0.7421884743175067,0.7528868360277137,usable_area_profile,True,balanced,True,0.6481466512702079,20.0
3120166,방배역,11650,1455145059.0,122673.0,11861.983150326478,0.9176674364896074,0.7619047619047619,0.2857142857142857,0.7023809523809523,0.6785714285714286,0.8293650793650794,0.7777777777777778,0.42857142857142855,0.08333333333333333,0.5198412698412699,BRD_20150085,못난이꽈배기,0.9064665127020786,False,8603.508586644733,99.2975326976693,12,28,0.2673210161662818,True,0.9098267898383372,0.912066974595843,0.9143071593533487,6.0,6.0,6.0,6.0,False,direct_size_estimation_deferred,매장 면적·좌석·점포별 매출이 없어 규모별 적합도와 argmax 규모는 산출하지 않음,0.5337359330113832,0.9053117782909931,usable_area_profile,True,balanced,True,0.7337413394919168,1.0
3120188,압구정역,11680,1784647410.0,134975.0,13222.058973884052,0.9404157043879908,0.7817460317460317,0.18253968253968253,0.75,0.6468253968253969,0.8531746031746031,0.9206349206349206,0.4365079365079365,0.027777777777777776,0.4880952380952381,BRD_20150085,못난이꽈배기,0.6143187066974596,False,4542.46551997573,98.31073190628577,25,98,0.5329099307159353,True,0.7121478060046189,0.7773672055427252,0.8425866050808314,94.0,46.0,23.0,54.333333333333336,False,direct_size_estimation_deferred,매장 면적·좌석·점포별 매출이 없어 규모별 적합도와 argmax 규모는 산출하지 않음,0.4393230018065868,0.9653579676674365,usable_area_profile,True,balanced,True,0.7318879907621247,2.0
3120038,약수역,11140,1550178516.0,134777.0,11501.803096967584,0.9235565819861433,0.873015873015873,0.5793650793650794,0.6428571428571429,0.34523809523809523,0.8571428571428571,0.8214285714285714,0.0873015873015873,0.023809523809523808,0.8293650793650794,BRD_20150085,못난이꽈배기,0.14780600461893764,False,1503.820800506147,62.64183906448842,18,44,0.5519630484988453,True,0.38053117782909934,0.5356812933025404,0.6908314087759816,278.0,175.0,92.0,181.66666666666666,False,direct_size_estimation_deferred,매장 면적·좌석·점포별 매출이 없어 규모별 적합도와 argmax 규모는 산출하지 않음,0.3871620414948372,0.9815242494226328,usable_area_profile,True,balanced,True,0.7312124711316398,3.0
3130072,성동용답상가시장,11200,441220675.0,42751.0,10320.710041870365,0.6748267898383372,0.9206349206349206,0.38492063492063494,0.5555555555555556,0.9920634920634921,0.9841269841269841,0.9563492063492064,0.10317460317460317,0.015873015873015872,0.07936507936507936,BRD_20150085,못난이꽈배기,0.08083140877598152,False,2892.74195186878,135.0925608781212,10,28,0.14953810623556585,True,0.2590300230946882,0.37782909930715936,0.49662817551963045,351.0,295.0,210.0,285.3333333333333,False,direct_size_estimation_deferred,매장 면적·좌석·점포별 매출이 없어 규모별 적합도와 argmax 규모는 산출하지 않음,0.3306959500379603,0.9953810623556582,usable_area_profile,True,balanced,True,0.7114491916859123,4.0
3120246,길동역,11740,916043297.0,88020.0,10407.217643717337,0.8409930715935335,0.8452380952380952,0.06746031746031746,0.7063492063492064,0.38492063492063494,0.6626984126984127,0.7182539682539683,0.5833333333333334,0.06746031746031746,0.6507936507936508,BRD_20150085,못난이꽈배기,0.7482678983833718,False,1892.7213212797053,87.92041856413586,26,72,0.5750577367205543,True,0.7760854503464203,0.7946304849884527,0.8131755196304851,52.0,36.0,34.0,40.666666666666664,False,direct_size_estimation_deferred,매장 면적·좌석·점포별 매출이 없어 규모별 적합도와 argmax 규모는 산출하지 않음,0.3730917297765073,0.9884526558891455,usable_area_profile,True,balanced,True,0.7023152424942264,5.0
3110640,방화역 1번,11500,671414576.0,62982.0,10660.420056524086,0.7871824480369516,0.8373015873015873,0.23809523809523808,0.623015873015873,0.32142857142857145,0.8333333333333334,0.9246031746031746,0.46825396825396826,0.05555555555555555,0.42063492063492064,BRD_20150085,못난이꽈배기,0.6685912240184757,False,6159.169180995635,241.56986569432095,5,25,0.02482678983833718,True,0.7041685912240184,0.7278868360277136,0.7516050808314088,97.0,64.0,58.0,73.0,False,direct_size_estimation_deferred,매장 면적·좌석·점포별 매출이 없어 규모별 적합도와 argmax 규모는 산출하지 않음,0.5964101062762169,0.8545034642032332,usable_area_profile,True,balanced,True,0.6990415704387991,6.0
3110883,은천초등학교(은천교앞),11620,384324031.0,36658.0,10484.042528233946,0.6409930715935335,0.6944444444444444,0.5833333333333334,0.49603174603174605,0.8611111111111112,0.9801587301587301,0.8690476190476191,0.027777777777777776,0.051587301587301584,0.3412698412698413,BRD_20150085,못난이꽈배기,0.523094688221709,False,3271.4599187805106,165.06059494972328,13,69,0.17782909930715937,True,0.5584642032332563,0.5820438799076213,0.6056235565819861,172.0,153.0,147.0,157.33333333333334,False,direct_size_estimation_deferred,매장 면적·좌석·점포별 매출이 없어 규모별 적합도와 argmax 규모는 산출하지 않음,0.32903082650102916,0.9976905311778291,usable_area_profile,True,balanced,True,0.6965184757505773,7.0
3120069,상봉역,11260,1511381851.0,142985.0,10570.212616708046,0.9086605080831409,0.8492063492063492,0.40476190476190477,0.5,0.39285714285714285,0.623015873015873,0.5714285714285714,0.16666666666666666,0.32936507936507936,0.8134920634920635,BRD_20150085,못난이꽈배기,0.9445727482678984,False,2726.7689671002063,89.18520055817115,16,56,0.3920323325635104,True,0.933799076212471,0.9266166281755197,0.9194341801385681,1.0,2.0,4.0,2.3333333333333335,True,direct_size_estimation_deferred,매장 면적·좌석·점포별 매출이 없어 규모별 적합도와 argmax 규모는 산출하지 않음,0.5862091712384087,0.8660508083140878,usable_area_profile,True,balanced,True,0.6922517321016166,8.0
3120152,신대방삼거리역,11590,953145793.0,102228.0,9323.72532965528,0.8353348729792147,0.8611111111111112,0.5158730158730159,0.42857142857142855,0.753968253968254,0.9563492063492064,0.6626984126984127,0.11507936507936507,0.09523809523809523,0.5674603174603174,BRD_20150085,못난이꽈배기,0.7863741339491916,False,2314.6094703200083,79.30952023733208,18,47,0.47921478060046185,True,0.8010623556581985,0.8108545034642032,0.8206466512702077,43.0,32.0,31.0,35.333333333333336,False,direct_size_estimation_deferred,매장 면적·좌석·점포별 매출이 없어 규모별 적합도와 argmax 규모는 산출하지 않음,0.4756097975641424,0.9422632794457275,usable_area_profile,True,balanced,True,0.6916166281755196,9.0
3120133,서울시흥동우체국(홈플러스시흥점),11545,637795918.0,60754.0,10498.00701188399,0.7765588914549653,0.753968253968254,0.7420634920634921,0.3531746031746032,0.24206349206349206,0.8690476190476191,0.873015873015873,0.04365079365079365,0.13095238095238096,0.6785714285714286,BRD_20150085,못난이꽈배기,0.10739030023094688,False,4784.076190883346,60.20797286767192,15,45,0.48325635103926096,True,0.30814087759815234,0.44197459584295606,0.5758083140877597,324.0,248.0,166.0,246.0,False,direct_size_estimation_deferred,매장 면적·좌석·점포별 매출이 없어 규모별 적합도와 argmax 규모는 산출하지 않음,0.4386109059252868,0.9676674364896074,usable_area_profile,True,balanced,True,0.6831408775981525,10.0
3120080,마들역,11350,1045100686.0,106340.0,9827.916926838443,0.858891454965358,0.8928571428571429,0.08333333333333333,0.7222222222222222,0.9444444444444444,0.7777777777777778,0.30158730158730157,0.38095238095238093,0.4444444444444444,0.6071428571428571,BRD_20150085,못난이꽈배기,0.3810623556581986,False,4073.312288537361,45.607017023633105,8,32,0.4087759815242494,True,0.5244110854503464,0.6199769053117783,0.7155427251732102,193.0,134.0,75.0,134.0,False,direct_size_estimation_deferred,매장 면적·좌석·점포별 매출이 없어 규모별 적합도와 argmax 규모는 산출하지 않음,0.5662193349921989,0.8799076212471132,usable_area_profile,True,balanced,True,0.6792494226327945,11.0
3120079,창동역,11320,765698620.0,76216.0,10046.428833840664,0.8071593533487298,0.7182539682539683,0.11904761904761904,0.6071428571428571,0.25793650793650796,0.3611111111111111,0.24603174603174602,0.19047619047619047,0.4246031746031746,0.9126984126984127,BRD_20150085,못난이꽈배기,0.1951501154734411,False,2357.8244209390855,91.21403398036323,16,24,0.38394919168591224,True,0.3787528868360277,0.5011547344110855,0.6235565819861432,279.0,201.0,129.0,203.0,False,direct_size_estimation_deferred,매장 면적·좌석·점포별 매출이 없어 규모별 적합도와 argmax 규모는 산출하지 않음,0.5362268884726961,0.9030023094688222,usable_area_profile,True,balanced,True,0.6764145496535797,12.0
3120068,사가정역,11260,944293896.0,91431.0,10327.940151589723,0.8467667436489608,0.8492063492063492,0.40476190476190477,0.5,0.39285714285714285,0.623015873015873,0.5714285714285714,0.16666666666666666,0.32936507936507936,0.8134920634920635,BRD_20150085,못난이꽈배기,0.9445727482678984,False,2825.635680691528,42.201895677975386,26,50,0.7713625866050808,True,0.9152309468822171,0.8956697459584295,0.876108545034642,4.0,10.0,13.0,9.0,False,direct_size_estimation_deferred,매장 면적·좌석·점포별 매출이 없어 규모별 적합도와 argmax 규모는 산출하지 않음,0.3603219087556254,0.9907621247113164,usable_area_profile,True,balanced,True,0.6760450346420324,13.0
3110601,신월1동우편취급국,11470,441016625.0,40173.0,10977.93605157693,0.6785219399538106,0.8055555555555556,0.2222222222222222,0.5158730158730159,0.5873015873015873,0.5079365079365079,0.2896825396825397,0.4801587301587302,0.30952380952380953,0.7738095238095238,BRD_20150085,못난이꽈배기,0.9803695150115473,False,2903.0759548884653,258.54980178856624,8,40,0.048498845265588904,True,0.8898152424942263,0.829445727482679,0.7690762124711316,13.0,26.0,47.0,28.666666666666668,False,direct_size_estimation_deferred,매장 면적·좌석·점포별 매출이 없어 규모별 적합도와 argmax 규모는 산출하지 않음,0.5603366587453068,0.8914549653579676,usable_area_profile,True,balanced,True,0.6759353348729791,14.0
3130222,오류시장,11530,677800421.0,66656.0,10168.633296327413,0.7894919168591223,0.8412698412698413,0.8373015873015873,0.5753968253968254,0.5238095238095238,0.7579365079365079,0.7380952380952381,0.18253968253968253,0.12698412698412698,0.7658730158730159,BRD_20150085,못난이꽈배기,0.48729792147806006,False,5119.321244071635,48.414873764798386,14,33,0.5173210161662818,True,0.5779561200923786,0.6383949191685911,0.6988337182448036,160.0,121.0,85.0,122.0,False,direct_size_estimation_deferred,매장 면적·좌석·점포별 매출이 없어 규모별 적합도와 argmax 규모는 산출하지 않음,0.4687418204172714,0.9445727482678984,usable_area_profile,True,balanced,True,0.6710103926096997,15.0
3111021,방이역 4번,11710,394829518.0,38606.0,10227.154276537325,0.6466512702078522,0.8531746031746031,0.13095238095238096,0.6746031746031746,0.9325396825396826,0.8928571428571429,0.7063492063492064,0.4087301587301587,0.03968253968253968,0.5436507936507936,BRD_20150085,못난이꽈배기,0.3325635103926097,False,4552.696453771779,115.2085066609535,15,51,0.2996535796766744,True,0.4267898383371824,0.4896073903002309,0.5524249422632794,245.0,209.0,178.0,210.66666666666666,False,direct_size_estimation_deferred,매장 면적·좌석·점포별 매출이 없어 규모별 적합도와 argmax 규모는 산출하지 않음,0.3914032834437099,0.9792147806004619,usable_area_profile,True,balanced,True,0.6709872979214779,16.0
3120165,서래마을카페거리(서래마을),11650,2971488955.0,159582.0,18620.45189933702,0.9718244803695151,0.7619047619047619,0.2857142857142857,0.7023809523809523,0.6785714285714286,0.8293650793650794,0.7777777777777778,0.42857142857142855,0.08333333333333333,0.5198412698412699,BRD_20150085,못난이꽈배기,0.9064665127020786,False,7102.502727931249,18.110770263065373,12,56,0.5814087759815242,True,0.9260739030023095,0.9391454965357968,0.9522170900692841,3.0,1.0,1.0,1.6666666666666667,True,direct_size_estimation_deferred,매장 면적·좌석·점포별 매출이 없어 규모별 적합도와 argmax 규모는 산출하지 않음,0.6106380953575945,0.8337182448036952,usable_area_profile,True,balanced,True,0.6697863741339491,17.0
3120009,종로3가역,11110,773341001.0,64864.0,11922.499398741984,0.8273672055427251,0.876984126984127,0.42857142857142855,0.503968253968254,0.75,0.9444444444444444,0.8531746031746031,0.2619047619047619,0.05952380952380952,0.3611111111111111,BRD_20150085,못난이꽈배기,0.8614318706697459,False,1245.8703784878712,125.80143085865113,24,103,0.45381062355658197,True,0.8512124711316396,0.8443995381062355,0.8375866050808313,25.0,21.0,27.0,24.333333333333332,False,direct_size_estimation_deferred,매장 면적·좌석·점포별 매출이 없어 규모별 적합도와 argmax 규모는 산출하지 않음,0.5520235291686608,0.8960739030023095,usable_area_profile,True,balanced,True,0.6695438799076212,18.0
3120124,개봉동 현대아파트,11530,436251391.0,40258.0,10836.390059118685,0.6745958429561202,0.8412698412698413,0.8373015873015873,0.5753968253968254,0.5238095238095238,0.7579365079365079,0.7380952380952381,0.18253968253968253,0.12698412698412698,0.7658730158730159,BRD_20150085,못난이꽈배기,0.48729792147806006,False,4105.606897869199,107.00467282129758,11,24,0.2263279445727483,True,0.543487297921478,0.5809468822170901,0.618406466512702,182.0,154.0,133.0,156.33333333333334,False,direct_size_estimation_deferred,매장 면적·좌석·점포별 매출이 없어 규모별 적합도와 argmax 규모는 산출하지 않음,0.5014777276043568,0.9330254041570438,usable_area_profile,True,balanced,True,0.6686720554272517,19.0
3120081,노원역,11350,1459224642.0,143889.0,10141.32172716469,0.8973441108545035,0.8928571428571429,0.08333333333333333,0.7222222222222222,0.9444444444444444,0.7777777777777778,0.30158730158730157,0.38095238095238093,0.4444444444444444,0.6071428571428571,BRD_20150085,못난이꽈배기,0.3810623556581986,False,3528.877583593766,36.878177844323965,34,60,0.8550808314087759,True,0.5359468822170901,0.6392032332563511,0.742459584295612,186.0,119.0,62.0,122.33333333333333,False,direct_size_estimation_deferred,매장 면적·좌석·점포별 매출이 없어 규모별 적합도와 argmax 규모는 산출하지 않음,0.449068338159107,0.9607390300230947,usable_area_profile,True,balanced,True,0.6661778290993071,20.0
3120166,방배역,11650,1455145059.0,122673.0,11861.983150326478,0.9176674364896074,0.7619047619047619,0.2857142857142857,0.7023809523809523,0.6785714285714286,0.8293650793650794,0.7777777777777778,0.42857142857142855,0.08333333333333333,0.5198412698412699,BRD_20240814,보리원,0.9780600461893765,False,3921.2468680019656,99.2975326976693,12,28,0.2678983833718245,True,0.9599422632794457,0.9478637413394919,0.935785219399538,3.0,3.0,3.0,3.0,False,direct_size_estimation_deferred,매장 면적·좌석·점포별 매출이 없어 규모별 적합도와 argmax 규모는 산출하지 않음,0.44065613767788553,0.953810623556582,usable_area_profile,True,balanced,True,0.7579041570438798,1.0
3120188,압구정역,11680,1784647410.0,134975.0,13222.058973884052,0.9404157043879908,0.7817460317460317,0.18253968253968253,0.75,0.6468253968253969,0.8531746031746031,0.9206349206349206,0.4365079365079365,0.027777777777777776,0.4880952380952381,BRD_20240814,보리원,0.8498845265588915,False,791.0935469567722,98.31073190628577,25,97,0.5323325635103926,True,0.8770438799076212,0.8951501154734411,0.9132563510392611,17.0,12.0,6.0,11.666666666666666,False,direct_size_estimation_deferred,매장 면적·좌석·점포별 매출이 없어 규모별 적합도와 argmax 규모는 산출하지 않음,0.35865459914549525,0.9792147806004619,usable_area_profile,True,balanced,True,0.7389030023094687,2.0
3120038,약수역,11140,1550178516.0,134777.0,11501.803096967584,0.9235565819861433,0.873015873015873,0.5793650793650794,0.6428571428571429,0.34523809523809523,0.8571428571428571,0.8214285714285714,0.0873015873015873,0.023809523809523808,0.8293650793650794,BRD_20240814,보리원,0.23094688221709006,False,2948.25456839347,62.64183906448842,18,44,0.5502309468822171,True,0.43872979214780605,0.5772517321016167,0.7157736720554273,249.0,146.0,79.0,158.0,False,direct_size_estimation_deferred,매장 면적·좌석·점포별 매출이 없어 규모별 적합도와 argmax 규모는 산출하지 않음,0.3995158892122518,0.9722863741339491,usable_area_profile,True,balanced,True,0.7268533487297921,3.0
3130072,성동용답상가시장,11200,441220675.0,42751.0,10320.710041870365,0.6748267898383372,0.9206349206349206,0.38492063492063494,0.5555555555555556,0.9920634920634921,0.9841269841269841,0.9563492063492064,0.10317460317460317,0.015873015873015872,0.07936507936507936,BRD_20240814,보리원,0.08083140877598152,False,4078.776899966216,135.0925608781212,10,28,0.1489607390300231,True,0.2590300230946882,0.37782909930715936,0.49662817551963045,360.0,304.0,218.0,294.0,False,direct_size_estimation_deferred,매장 면적·좌석·점포별 매출이 없어 규모별 적합도와 argmax 규모는 산출하지 않음,0.2991908625752601,0.9976905311778291,usable_area_profile,True,balanced,True,0.7126905311778291,4.0
3110640,방화역 1번,11500,671414576.0,62982.0,10660.420056524086,0.7871824480369516,0.8373015873015873,0.23809523809523808,0.623015873015873,0.32142857142857145,0.8333333333333334,0.9246031746031746,0.46825396825396826,0.05555555555555555,0.42063492063492064,BRD_20240814,보리원,0.7124711316397229,False,7534.033846487662,241.56986569432095,5,25,0.02482678983833718,True,0.7348845265588915,0.7498267898383373,0.764769053117783,75.0,61.0,51.0,62.333333333333336,False,direct_size_estimation_deferred,매장 면적·좌석·점포별 매출이 없어 규모별 적합도와 argmax 규모는 산출하지 않음,0.5774194410920032,0.8637413394919169,usable_area_profile,True,balanced,True,0.703660508083141,5.0
3110883,은천초등학교(은천교앞),11620,384324031.0,36658.0,10484.042528233946,0.6409930715935335,0.6944444444444444,0.5833333333333334,0.49603174603174605,0.8611111111111112,0.9801587301587301,0.8690476190476191,0.027777777777777776,0.051587301587301584,0.3412698412698413,BRD_20240814,보리원,0.27829099307159355,False,7319.942964247961,165.06059494972328,13,69,0.17782909930715937,True,0.38710161662817555,0.4596420323325635,0.5321824480369515,284.0,242.0,192.0,239.33333333333334,False,direct_size_estimation_deferred,매장 면적·좌석·점포별 매출이 없어 규모별 적합도와 argmax 규모는 산출하지 않음,0.29937663835157374,0.9953810623556582,usable_area_profile,True,balanced,True,0.6953637413394919,6.0
3120133,서울시흥동우체국(홈플러스시흥점),11545,637795918.0,60754.0,10498.00701188399,0.7765588914549653,0.753968253968254,0.7420634920634921,0.3531746031746032,0.24206349206349206,0.8690476190476191,0.873015873015873,0.04365079365079365,0.13095238095238096,0.6785714285714286,BRD_20240814,보리원,0.10739030023094688,False,8542.295944309744,60.20797286767192,15,45,0.4821016166281755,True,0.30814087759815234,0.44197459584295606,0.5758083140877597,333.0,258.0,160.0,250.33333333333334,False,direct_size_estimation_deferred,매장 면적·좌석·점포별 매출이 없어 규모별 적합도와 argmax 규모는 산출하지 않음,0.32351075287717646,0.9907621247113164,usable_area_profile,True,balanced,True,0.6948614318706696,7.0
3110274,서일대학교,11260,492656087.0,41512.0,11867.79935922143,0.7133949191685912,0.8492063492063492,0.40476190476190477,0.5,0.39285714285714285,0.623015873015873,0.5714285714285714,0.16666666666666666,0.32936507936507936,0.8134920634920635,BRD_20240814,보리원,0.8983833718244804,False,8822.190940988534,101.51354588565466,6,29,0.16801385681293304,True,0.8428868360277135,0.8058891454965358,0.7688914549653578,31.0,34.0,47.0,37.333333333333336,False,direct_size_estimation_deferred,매장 면적·좌석·점포별 매출이 없어 규모별 적합도와 argmax 규모는 산출하지 않음,0.4602210061268786,0.9399538106235565,usable_area_profile,True,balanced,True,0.6944630484988452,8.0
3120152,신대방삼거리역,11590,953145793.0,102228.0,9323.72532965528,0.8353348729792147,0.8611111111111112,0.5158730158730159,0.42857142857142855,0.753968253968254,0.9563492063492064,0.6626984126984127,0.11507936507936507,0.09523809523809523,0.5674603174603174,BRD_20240814,보리원,0.48614318706697457,False,5869.291098577021,79.30952023733208,18,47,0.4774826789838337,True,0.5909006928406466,0.6607390300230946,0.7305773672055426,154.0,101.0,72.0,109.0,False,direct_size_estimation_deferred,매장 면적·좌석·점포별 매출이 없어 규모별 적합도와 argmax 규모는 산출하지 않음,0.48328195122572165,0.9330254041570438,usable_area_profile,True,balanced,True,0.687257505773672,9.0
3120246,길동역,11740,916043297.0,88020.0,10407.217643717337,0.8409930715935335,0.8452380952380952,0.06746031746031746,0.7063492063492064,0.38492063492063494,0.6626984126984127,0.7182539682539683,0.5833333333333334,0.06746031746031746,0.6507936507936508,BRD_20240814,보리원,0.7551963048498845,False,5347.599928910274,87.92041856413586,26,72,0.5750577367205543,True,0.7809353348729792,0.798094688221709,0.8152540415704388,57.0,37.0,35.0,43.0,False,direct_size_estimation_deferred,매장 면적·좌석·점포별 매출이 없어 규모별 적합도와 argmax 규모는 산출하지 않음,0.4592026892981232,0.9422632794457275,usable_area_profile,True,balanced,True,0.6792205542725173,10.0
3120009,종로3가역,11110,773341001.0,64864.0,11922.499398741984,0.8273672055427251,0.876984126984127,0.42857142857142855,0.503968253968254,0.75,0.9444444444444444,0.8531746031746031,0.2619047619047619,0.05952380952380952,0.3611111111111111,BRD_20240814,보리원,0.5912240184757506,False,5515.241155210233,125.80143085865113,24,103,0.4532332563510392,True,0.662066974595843,0.7092956120092379,0.7565242494226327,117.0,80.0,56.0,84.33333333333333,False,direct_size_estimation_deferred,매장 면적·좌석·점포별 매출이 없어 규모별 적합도와 argmax 규모는 산출하지 않음,0.5079395509806619,0.9145496535796767,usable_area_profile,True,balanced,True,0.6788683602771363,11.0
3111021,방이역 4번,11710,394829518.0,38606.0,10227.154276537325,0.6466512702078522,0.8531746031746031,0.13095238095238096,0.6746031746031746,0.9325396825396826,0.8928571428571429,0.7063492063492064,0.4087301587301587,0.03968253968253968,0.5436507936507936,BRD_20240814,보리원,0.535796766743649,False,2343.1269704948973,115.2085066609535,15,51,0.2984988452655889,True,0.5690531177829099,0.5912240184757506,0.6133949191685911,170.0,139.0,137.0,148.66666666666666,False,direct_size_estimation_deferred,매장 면적·좌석·점포별 매출이 없어 규모별 적합도와 argmax 규모는 산출하지 않음,0.312242560341089,0.9930715935334873,usable_area_profile,True,balanced,True,0.6780889145496535,12.0
3120201,도곡1동,11680,649721874.0,58337.0,11137.38920410717,0.7846420323325634,0.7817460317460317,0.18253968253968253,0.75,0.6468253968253969,0.8531746031746031,0.9206349206349206,0.4365079365079365,0.027777777777777776,0.4880952380952381,BRD_20240814,보리원,0.8498845265588915,False,2402.284953935616,87.09190547353441,10,65,0.2644341801385681,True,0.830311778290993,0.8172632794457274,0.8042147806004618,35.0,30.0,38.0,34.333333333333336,False,direct_size_estimation_deferred,매장 면적·좌석·점포별 매출이 없어 규모별 적합도와 argmax 규모는 산출하지 않음,0.560976190678183,0.8752886836027713,usable_area_profile,True,balanced,True,0.6726039260969977,13.0
3130222,오류시장,11530,677800421.0,66656.0,10168.633296327413,0.7894919168591223,0.8412698412698413,0.8373015873015873,0.5753968253968254,0.5238095238095238,0.7579365079365079,0.7380952380952381,0.18253968253968253,0.12698412698412698,0.7658730158730159,BRD_20240814,보리원,0.45265588914549654,False,3920.7555394660344,48.414873764798386,14,33,0.5161662817551963,True,0.5537066974595842,0.6210739030023095,0.6884411085450345,181.0,125.0,93.0,133.0,False,direct_size_estimation_deferred,매장 면적·좌석·점포별 매출이 없어 규모별 적합도와 argmax 규모는 산출하지 않음,0.45893372208895794,0.9445727482678984,usable_area_profile,True,balanced,True,0.6711836027713626,14.0
3120124,개봉동 현대아파트,11530,436251391.0,40258.0,10836.390059118685,0.6745958429561202,0.8412698412698413,0.8373015873015873,0.5753968253968254,0.5238095238095238,0.7579365079365079,0.7380952380952381,0.18253968253968253,0.12698412698412698,0.7658730158730159,BRD_20240814,보리원,0.45265588914549654,False,4191.583113839765,107.00467282129758,11,24,0.22690531177829099,True,0.5192378752886836,0.5636258660508083,0.6080138568129331,201.0,157.0,143.0,167.0,False,direct_size_estimation_deferred,매장 면적·좌석·점포별 매출이 없어 규모별 적합도와 argmax 규모는 산출하지 않음,0.4691981248232041,0.9376443418013857,usable_area_profile,True,balanced,True,0.6708949191685912,15.0
3110601,신월1동우편취급국,11470,441016625.0,40173.0,10977.93605157693,0.6785219399538106,0.8055555555555556,0.2222222222222222,0.5158730158730159,0.5873015873015873,0.5079365079365079,0.2896825396825397,0.4801587301587302,0.30952380952380953,0.7738095238095238,BRD_20240814,보리원,0.9341801385681293,False,2911.418898088187,258.54980178856624,8,40,0.048498845265588904,True,0.8574826789838337,0.80635103926097,0.7552193995381061,24.0,33.0,59.0,38.666666666666664,False,direct_size_estimation_deferred,매장 면적·좌석·점포별 매출이 없어 규모별 적합도와 argmax 규모는 산출하지 않음,0.5462076953751279,0.8775981524249423,usable_area_profile,True,balanced,True,0.6690069284064665,16.0
3120165,서래마을카페거리(서래마을),11650,2971488955.0,159582.0,18620.45189933702,0.9718244803695151,0.7619047619047619,0.2857142857142857,0.7023809523809523,0.6785714285714286,0.8293650793650794,0.7777777777777778,0.42857142857142855,0.08333333333333333,0.5198412698412699,BRD_20240814,보리원,0.9780600461893765,False,4710.957970558344,18.110770263065373,12,56,0.581986143187067,True,0.976189376443418,0.9749422632794458,0.9736951501154734,1.0,1.0,1.0,1.0,True,direct_size_estimation_deferred,매장 면적·좌석·점포별 매출이 없어 규모별 적합도와 argmax 규모는 산출하지 않음,0.602014943181225,0.8314087759815243,usable_area_profile,True,balanced,True,0.6685450346420323,17.0
3120079,창동역,11320,765698620.0,76216.0,10046.428833840664,0.8071593533487298,0.7182539682539683,0.11904761904761904,0.6071428571428571,0.25793650793650796,0.3611111111111111,0.24603174603174602,0.19047619047619047,0.4246031746031746,0.9126984126984127,BRD_20240814,보리원,0.1836027713625866,False,13402.245819241702,91.21403398036323,16,24,0.38394919168591224,True,0.37066974595842955,0.4953810623556582,0.6200923787528868,290.0,218.0,134.0,214.0,False,direct_size_estimation_deferred,매장 면적·좌석·점포별 매출이 없어 규모별 적합도와 argmax 규모는 산출하지 않음,0.5384447679160108,0.8799076212471132,usable_area_profile,True,balanced,True,0.6648672055427253,18.0
3120080,마들역,11350,1045100686.0,106340.0,9827.916926838443,0.858891454965358,0.8928571428571429,0.08333333333333333,0.7222222222222222,0.9444444444444444,0.7777777777777778,0.30158730158730157,0.38095238095238093,0.4444444444444444,0.6071428571428571,BRD_20240814,보리원,0.3510392609699769,False,15013.918076213668,45.607017023633105,8,32,0.4087759815242494,True,0.5033949191685911,0.6049653579676675,0.7065357967667436,213.0,130.0,83.0,142.0,False,direct_size_estimation_deferred,매장 면적·좌석·점포별 매출이 없어 규모별 적합도와 argmax 규모는 산출하지 않음,0.5941021204758231,0.8406466512702079,usable_area_profile,True,balanced,True,0.6596189376443419,19.0
3120068,사가정역,11260,944293896.0,91431.0,10327.940151589723,0.8467667436489608,0.8492063492063492,0.40476190476190477,0.5,0.39285714285714285,0.623015873015873,0.5714285714285714,0.16666666666666666,0.32936507936507936,0.8134920634920635,BRD_20240814,보리원,0.8983833718244804,False,7495.121880221303,42.201895677975386,26,50,0.7713625866050808,True,0.8828983833718245,0.8725750577367206,0.8622517321016165,14.0,17.0,18.0,16.333333333333332,False,direct_size_estimation_deferred,매장 면적·좌석·점포별 매출이 없어 규모별 적합도와 argmax 규모는 산출하지 않음,0.4448483294067998,0.9491916859122402,usable_area_profile,True,balanced,True,0.6552598152424943,20.0
3120188,압구정역,11680,1784647410.0,134975.0,13222.058973884052,0.9404157043879908,0.7817460317460317,0.18253968253968253,0.75,0.6468253968253969,0.8531746031746031,0.9206349206349206,0.4365079365079365,0.027777777777777776,0.4880952380952381,BRD_20212010,복호두,0.7621247113163973,False,1805.3523201613307,98.31073190628577,25,98,0.5346420323325635,True,0.8156120092378754,0.8512702078521941,0.8869284064665127,33.0,16.0,9.0,19.333333333333332,False,direct_size_estimation_deferred,매장 면적·좌석·점포별 매출이 없어 규모별 적합도와 argmax 규모는 산출하지 않음,0.4596032182021854,0.9815242494226328,usable_area_profile,True,balanced,True,0.7397113163972288,1.0
3120037,동대문역사문화공원역,11140,991150857.0,75063.0,13204.253187322649,0.8695150115473441,0.873015873015873,0.5793650793650794,0.6428571428571429,0.34523809523809523,0.8571428571428571,0.8214285714285714,0.0873015873015873,0.023809523809523808,0.8293650793650794,BRD_20212010,복호두,0.20092378752886836,False,1515.5969121096532,125.25573836405046,15,74,0.2823325635103926,True,0.40150115473441106,0.5352193995381063,0.6689376443418014,242.0,163.0,92.0,165.66666666666666,False,direct_size_estimation_deferred,매장 면적·좌석·점포별 매출이 없어 규모별 적합도와 argmax 규모는 산출하지 않음,0.6201938961004013,0.9122401847575058,usable_area_profile,True,balanced,True,0.7181004618937645,2.0
3110892,관악구 중앙길,11620,913081619.0,87290.0,10460.323278726086,0.8403002309468822,0.6944444444444444,0.5833333333333334,0.49603174603174605,0.8611111111111112,0.9801587301587301,0.8690476190476191,0.027777777777777776,0.051587301587301584,0.3412698412698413,BRD_20212010,복호두,0.4214780600461894,False,517.8667782269916,165.92166821826325,24,75,0.3995381062355658,True,0.5471247113163972,0.6308891454965357,0.7146535796766743,164.0,109.0,67.0,113.33333333333333,False,direct_size_estimation_deferred,매장 면적·좌석·점포별 매출이 없어 규모별 적합도와 argmax 규모는 산출하지 않음,0.5083572815130591,0.9653579676674365,usable_area_profile,True,balanced,True,0.7168533487297921,3.0
3120009,종로3가역,11110,773341001.0,64864.0,11922.499398741984,0.8273672055427251,0.876984126984127,0.42857142857142855,0.503968253968254,0.75,0.9444444444444444,0.8531746031746031,0.2619047619047619,0.05952380952380952,0.3611111111111111,BRD_20212010,복호두,0.8914549653579676,False,883.4760890729258,125.80143085865113,24,101,0.4549653579676674,True,0.8722286374133948,0.8594110854503464,0.8465935334872978,14.0,14.0,21.0,16.333333333333332,False,direct_size_estimation_deferred,매장 면적·좌석·점포별 매출이 없어 규모별 적합도와 argmax 규모는 산출하지 않음,0.4743697048220879,0.9792147806004619,usable_area_profile,True,balanced,True,0.7109411085450347,4.0
3120107,공덕역(공덕오거리),11440,1051109080.0,111230.0,9449.870358716174,0.8578521939953809,0.9404761904761905,0.4246031746031746,0.5833333333333334,0.9642857142857143,0.9880952380952381,0.9841269841269841,0.1111111111111111,0.011904761904761904,0.051587301587301584,BRD_20212010,복호두,0.11662817551963048,False,596.6875229200489,80.05623025110103,24,76,0.5773672055427252,True,0.3389953810623556,0.4872401847575057,0.6354849884526558,293.0,190.0,109.0,197.33333333333334,False,direct_size_estimation_deferred,매장 면적·좌석·점포별 매출이 없어 규모별 적합도와 argmax 규모는 산출하지 않음,0.4240967202122785,0.9907621247113164,usable_area_profile,True,balanced,True,0.7090242494226328,5.0
3130072,성동용답상가시장,11200,441220675.0,42751.0,10320.710041870365,0.6748267898383372,0.9206349206349206,0.38492063492063494,0.5555555555555556,0.9920634920634921,0.9841269841269841,0.9563492063492064,0.10317460317460317,0.015873015873015872,0.07936507936507936,BRD_20212010,복호두,0.06928406466512702,False,1830.3628055619372,135.0925608781212,10,28,0.14953810623556585,True,0.25094688221709005,0.37205542725173213,0.4931639722863741,333.0,279.0,196.0,269.3333333333333,False,direct_size_estimation_deferred,매장 면적·좌석·점포별 매출이 없어 규모별 적합도와 argmax 규모는 산출하지 않음,0.5082546123008196,0.9676674364896074,usable_area_profile,True,balanced,True,0.6975923787528868,6.0
3120175,남부터미널역,11650,960650667.0,103198.0,9308.810897498013,0.8390300230946882,0.7619047619047619,0.2857142857142857,0.7023809523809523,0.6785714285714286,0.8293650793650794,0.7777777777777778,0.42857142857142855,0.08333333333333333,0.5198412698412699,BRD_20212010,복호두,0.9780600461893765,False,1521.3474290882043,49.929950906089985,13,46,0.4826789838337182,True,0.93635103926097,0.9085450346420323,0.8807390300230946,5.0,7.0,10.0,7.333333333333333,False,direct_size_estimation_deferred,매장 면적·좌석·점포별 매출이 없어 규모별 적합도와 argmax 규모는 산출하지 않음,0.546852503068328,0.9468822170900693,usable_area_profile,True,balanced,True,0.6946997690531177,7.0
3120166,방배역,11650,1455145059.0,122673.0,11861.983150326478,0.9176674364896074,0.7619047619047619,0.2857142857142857,0.7023809523809523,0.6785714285714286,0.8293650793650794,0.7777777777777778,0.42857142857142855,0.08333333333333333,0.5198412698412699,BRD_20212010,복호두,0.9780600461893765,False,1588.8955283185733,99.2975326976693,12,28,0.2684757505773672,True,0.9599422632794457,0.9478637413394919,0.935785219399538,2.0,2.0,3.0,2.3333333333333335,False,direct_size_estimation_deferred,매장 면적·좌석·점포별 매출이 없어 규모별 적합도와 argmax 규모는 산출하지 않음,0.745718310943781,0.8221709006928406,usable_area_profile,True,balanced,True,0.6919976905311778,8.0
3120038,약수역,11140,1550178516.0,134777.0,11501.803096967584,0.9235565819861433,0.873015873015873,0.5793650793650794,0.6428571428571429,0.34523809523809523,0.8571428571428571,0.8214285714285714,0.0873015873015873,0.023809523809523808,0.8293650793650794,BRD_20212010,복호두,0.20092378752886836,False,2027.114698296138,62.64183906448842,18,44,0.5513856812933026,True,0.4177136258660509,0.5622401847575058,0.7067667436489607,234.0,144.0,72.0,150.0,False,direct_size_estimation_deferred,매장 면적·좌석·점포별 매출이 없어 규모별 적합도와 argmax 규모는 산출하지 않음,0.6721894618212707,0.8637413394919169,usable_area_profile,True,balanced,True,0.6724076212471132,9.0
3120201,도곡1동,11680,649721874.0,58337.0,11137.38920410717,0.7846420323325634,0.7817460317460317,0.18253968253968253,0.75,0.6468253968253969,0.8531746031746031,0.9206349206349206,0.4365079365079365,0.027777777777777776,0.4880952380952381,BRD_20212010,복호두,0.7621247113163973,False,1154.653627759365,87.09190547353441,10,65,0.26501154734411086,True,0.7688799076212471,0.7733833718244802,0.7778868360277135,59.0,42.0,35.0,45.333333333333336,False,direct_size_estimation_deferred,매장 면적·좌석·점포별 매출이 없어 규모별 적합도와 argmax 규모는 산출하지 않음,0.6976457022367983,0.8498845265588915,usable_area_profile,True,balanced,True,0.6598152424942262,10.0
3120246,길동역,11740,916043297.0,88020.0,10407.217643717337,0.8409930715935335,0.8452380952380952,0.06746031746031746,0.7063492063492064,0.38492063492063494,0.6626984126984127,0.7182539682539683,0.5833333333333334,0.06746031746031746,0.6507936507936508,BRD_20212010,복호두,0.8175519630484989,False,1572.1071846656619,87.92041856413586,26,72,0.5779445727482679,True,0.8245842956120092,0.8292725173210163,0.8339607390300231,28.0,21.0,23.0,24.0,False,direct_size_estimation_deferred,매장 면적·좌석·점포별 매출이 없어 규모별 적합도와 argmax 규모는 산출하지 않음,0.6374657788512511,0.8983833718244804,usable_area_profile,True,balanced,True,0.6568475750577367,11.0
3110883,은천초등학교(은천교앞),11620,384324031.0,36658.0,10484.042528233946,0.6409930715935335,0.6944444444444444,0.5833333333333334,0.49603174603174605,0.8611111111111112,0.9801587301587301,0.8690476190476191,0.027777777777777776,0.051587301587301584,0.3412698412698413,BRD_20212010,복호두,0.4214780600461894,False,1706.5676078069077,165.06059494972328,13,69,0.17898383371824483,True,0.48733256351039256,0.5312355658198614,0.5751385681293302,196.0,168.0,152.0,172.0,False,direct_size_estimation_deferred,매장 면적·좌석·점포별 매출이 없어 규모별 적합도와 argmax 규모는 산출하지 않음,0.60847021135816,0.9168591224018476,usable_area_profile,True,balanced,True,0.6559295612009238,12.0
3120205,매봉역,11680,580733796.0,60594.0,9584.014852955737,0.7444572748267898,0.7817460317460317,0.18253968253968253,0.75,0.6468253968253969,0.8531746031746031,0.9206349206349206,0.4365079365079365,0.027777777777777776,0.4880952380952381,BRD_20212010,복호두,0.7621247113163973,False,1633.5299201481603,70.4911341990284,16,64,0.4693995381062356,True,0.756824480369515,0.7532909930715935,0.749757505773672,67.0,49.0,49.0,55.0,False,direct_size_estimation_deferred,매장 면적·좌석·점포별 매출이 없어 규모별 적합도와 argmax 규모는 산출하지 않음,0.593435067834385,0.9284064665127021,usable_area_profile,True,balanced,True,0.6543533487297921,13.0
3110810,영신초등학교,11560,325709619.0,29453.0,11058.62285675483,0.5928406466512702,0.8571428571428571,0.7698412698412699,0.5277777777777778,0.23809523809523808,0.9007936507936508,0.9761904761904762,0.3373015873015873,0.047619047619047616,0.25,BRD_20212010,복호두,0.2840646651270208,False,1525.260633494801,74.63243262412867,11,41,0.3441108545034642,True,0.37669745958429557,0.4384526558891455,0.5002078521939953,259.0,232.0,191.0,227.33333333333334,False,direct_size_estimation_deferred,매장 면적·좌석·점포별 매출이 없어 규모별 적합도와 argmax 규모는 산출하지 않음,0.44622229775283795,0.9861431870669746,usable_area_profile,True,balanced,True,0.6489491916859123,14.0
3111005,삼전역 3번,11710,233054769.0,25337.0,9198.19903698149,0.48152424942263283,0.8531746031746031,0.13095238095238096,0.6746031746031746,0.9325396825396826,0.8928571428571429,0.7063492063492064,0.4087301587301587,0.03968253968253968,0.5436507936507936,BRD_20212010,복호두,0.47344110854503463,False,571.496281689332,198.59506540938497,7,53,0.05369515011547344,True,0.4758660508083141,0.47748267898383373,0.47909930715935334,202.0,197.0,205.0,201.33333333333334,False,direct_size_estimation_deferred,매장 면적·좌석·점포별 매출이 없어 규모별 적합도와 argmax 규모는 산출하지 않음,0.48199305690888294,0.976905311778291,usable_area_profile,True,balanced,True,0.6489318706697459,15.0
3120228,석촌역(석촌호수),11710,510280686.0,47215.0,10807.596865402944,0.7248267898383373,0.8531746031746031,0.13095238095238096,0.6746031746031746,0.9325396825396826,0.8928571428571429,0.7063492063492064,0.4087301587301587,0.03968253968253968,0.5436507936507936,BRD_20212010,복호두,0.47344110854503463,False,1087.3251583702452,78.44743464456866,38,113,0.6859122401847575,True,0.5488568129330254,0.5991339491916859,0.6494110854503465,162.0,125.0,101.0,129.33333333333334,False,direct_size_estimation_deferred,매장 면적·좌석·점포별 매출이 없어 규모별 적합도와 argmax 규모는 산출하지 않음,0.3880098066865427,0.9930715935334873,usable_area_profile,True,balanced,True,0.647338337182448,16.0
3120080,마들역,11350,1045100686.0,106340.0,9827.916926838443,0.858891454965358,0.8928571428571429,0.08333333333333333,0.7222222222222222,0.9444444444444444,0.7777777777777778,0.30158730158730157,0.38095238095238093,0.4444444444444444,0.6071428571428571,BRD_20212010,복호두,0.3140877598152425,False,6253.3591772859445,45.607017023633105,8,32,0.4093533487297921,True,0.4775288683602771,0.5864896073903003,0.6954503464203233,200.0,133.0,78.0,137.0,False,direct_size_estimation_deferred,매장 면적·좌석·점포별 매출이 없어 규모별 적합도와 argmax 규모는 산출하지 않음,0.7562852118432577,0.8083140877598153,usable_area_profile,True,balanced,True,0.6433660508083141,17.0
3111021,방이역 4번,11710,394829518.0,38606.0,10227.154276537325,0.6466512702078522,0.8531746031746031,0.13095238095238096,0.6746031746031746,0.9325396825396826,0.8928571428571429,0.7063492063492064,0.4087301587301587,0.03968253968253968,0.5436507936507936,BRD_20212010,복호두,0.47344110854503463,False,1916.6577680936539,115.2085066609535,15,51,0.3008083140877598,True,0.5254041570438799,0.5600461893764435,0.5946882217090068,174.0,146.0,137.0,152.33333333333334,False,direct_size_estimation_deferred,매장 면적·좌석·점포별 매출이 없어 규모별 적합도와 argmax 규모는 산출하지 않음,0.5945765227218363,0.9237875288683602,usable_area_profile,True,balanced,True,0.6431004618937644,18.0
3001496,강남 마이스 관광특구,11680,1293218183.0,103941.0,12441.848577558423,0.9066974595842956,0.7817460317460317,0.18253968253968253,0.75,0.6468253968253969,0.8531746031746031,0.9206349206349206,0.4365079365079365,0.027777777777777776,0.4880952380952381,BRD_20212010,복호두,0.7621247113163973,False,1653.24559578117,97.94386148455335,20,41,0.45727482678983833,True,0.8054965357967667,0.8344110854503464,0.863325635103926,37.0,18.0,12.0,22.333333333333332,False,direct_size_estimation_deferred,매장 면적·좌석·점포별 매출이 없어 규모별 적합도와 argmax 규모는 산출하지 않음,0.7858502465137118,0.7829099307159353,usable_area_profile,True,balanced,True,0.6402078521939953,19.0
3120081,노원역,11350,1459224642.0,143889.0,10141.32172716469,0.8973441108545035,0.8928571428571429,0.08333333333333333,0.7222222222222222,0.9444444444444444,0.7777777777777778,0.30158730158730157,0.38095238095238093,0.4444444444444444,0.6071428571428571,BRD_20212010,복호두,0.3140877598152425,False,5647.366908587903,36.878177844323965,34,60,0.8556581986143187,True,0.48906466512702074,0.605715935334873,0.7223672055427252,195.0,121.0,63.0,126.33333333333333,False,direct_size_estimation_deferred,매장 면적·좌석·점포별 매출이 없어 규모별 적합도와 argmax 규모는 산출하지 않음,0.628409495253192,0.9076212471131639,usable_area_profile,True,balanced,True,0.6395323325635105,20.0
3120188,압구정역,11680,1784647410.0,134975.0,13222.058973884052,0.9404157043879908,0.7817460317460317,0.18253968253968253,0.75,0.6468253968253969,0.8531746031746031,0.9206349206349206,0.4365079365079365,0.027777777777777776,0.4880952380952381,BRD_20080200287,브레댄코(bread&co.DAILY-NEW),0.8845265588914549,False,1313.3944570980261,98.31073190628577,25,98,0.5340646651270208,True,0.9012933025404157,0.9124711316397229,0.92364896073903,10.0,6.0,4.0,6.666666666666667,False,direct_size_estimation_deferred,매장 면적·좌석·점포별 매출이 없어 규모별 적합도와 argmax 규모는 산출하지 않음,0.45288686080517626,0.9630484988452656,usable_area_profile,True,balanced,True,0.7305600461893764,1.0
3120166,방배역,11650,1455145059.0,122673.0,11861.983150326478,0.9176674364896074,0.7619047619047619,0.2857142857142857,0.7023809523809523,0.6785714285714286,0.8293650793650794,0.7777777777777778,0.42857142857142855,0.08333333333333333,0.5198412698412699,BRD_20080200287,브레댄코(bread&co.DAILY-NEW),0.9780600461893765,False,841.522429909372,99.2975326976693,12,27,0.2678983833718245,True,0.9599422632794457,0.9478637413394919,0.935785219399538,2.0,2.0,3.0,2.3333333333333335,False,direct_size_estimation_deferred,매장 면적·좌석·점포별 매출이 없어 규모별 적합도와 argmax 규모는 산출하지 않음,0.5915359656116511,0.8799076212471132,usable_area_profile,True,balanced,True,0.7209526558891455,2.0
3120009,종로3가역,11110,773341001.0,64864.0,11922.499398741984,0.8273672055427251,0.876984126984127,0.42857142857142855,0.503968253968254,0.75,0.9444444444444444,0.8531746031746031,0.2619047619047619,0.05952380952380952,0.3611111111111111,BRD_20080200287,브레댄코(bread&co.DAILY-NEW),0.792147806004619,False,962.8649957458487,125.80143085865113,24,102,0.45381062355658197,True,0.8027136258660508,0.8097575057736721,0.8168013856812932,51.0,38.0,34.0,41.0,False,direct_size_estimation_deferred,매장 면적·좌석·점포별 매출이 없어 규모별 적합도와 argmax 규모는 산출하지 않음,0.2919057450720428,0.9953810623556582,usable_area_profile,True,balanced,True,0.7191974595842956,3.0
3120038,약수역,11140,1550178516.0,134777.0,11501.803096967584,0.9235565819861433,0.873015873015873,0.5793650793650794,0.6428571428571429,0.34523809523809523,0.8571428571428571,0.8214285714285714,0.0873015873015873,0.023809523809523808,0.8293650793650794,BRD_20080200287,브레댄코(bread&co.DAILY-NEW),0.23094688221709006,False,663.2435450376064,62.64183906448842,18,42,0.5519630484988453,True,0.43872979214780605,0.5772517321016167,0.7157736720554273,237.0,141.0,74.0,150.66666666666666,False,direct_size_estimation_deferred,매장 면적·좌석·점포별 매출이 없어 규모별 적합도와 argmax 규모는 산출하지 않음,0.4613499062356926,0.9561200923787528,usable_area_profile,True,balanced,True,0.7185103926096997,4.0
3110640,방화역 1번,11500,671414576.0,62982.0,10660.420056524086,0.7871824480369516,0.8373015873015873,0.23809523809523808,0.623015873015873,0.32142857142857145,0.8333333333333334,0.9246031746031746,0.46825396825396826,0.05555555555555555,0.42063492063492064,BRD_20080200287,브레댄코(bread&co.DAILY-NEW),0.6824480369515011,False,1335.611470416183,241.56986569432095,5,25,0.02482678983833718,True,0.7138683602771363,0.7348152424942264,0.7557621247113164,88.0,67.0,57.0,70.66666666666667,False,direct_size_estimation_deferred,매장 면적·좌석·점포별 매출이 없어 규모별 적합도와 argmax 규모는 산출하지 않음,0.5883815780241813,0.8845265588914549,usable_area_profile,True,balanced,True,0.7140531177829099,5.0
3130072,성동용답상가시장,11200,441220675.0,42751.0,10320.710041870365,0.6748267898383372,0.9206349206349206,0.38492063492063494,0.5555555555555556,0.9920634920634921,0.9841269841269841,0.9563492063492064,0.10317460317460317,0.015873015873015872,0.07936507936507936,BRD_20080200287,브레댄코(bread&co.DAILY-NEW),0.13394919168591224,False,1639.518221917691,135.0925608781212,10,28,0.14953810623556585,True,0.29621247113163973,0.4043879907621247,0.5125635103926097,319.0,273.0,200.0,264.0,False,direct_size_estimation_deferred,매장 면적·좌석·점포별 매출이 없어 규모별 적합도와 argmax 규모는 산출하지 않음,0.21900453897174432,0.9976905311778291,usable_area_profile,True,balanced,True,0.7126039260969977,6.0
3110892,관악구 중앙길,11620,913081619.0,87290.0,10460.323278726086,0.8403002309468822,0.6944444444444444,0.5833333333333334,0.49603174603174605,0.8611111111111112,0.9801587301587301,0.8690476190476191,0.027777777777777776,0.051587301587301584,0.3412698412698413,BRD_20080200287,브레댄코(bread&co.DAILY-NEW),0.6431870669745958,False,1306.1393494106464,165.92166821826325,24,76,0.39838337182448036,True,0.7023210161662816,0.741743648960739,0.7811662817551962,96.0,64.0,47.0,69.0,False,direct_size_estimation_deferred,매장 면적·좌석·점포별 매출이 없어 규모별 적합도와 argmax 규모는 산출하지 않음,0.49706711930352576,0.930715935334873,usable_area_profile,True,balanced,True,0.6997055427251732,7.0
3110883,은천초등학교(은천교앞),11620,384324031.0,36658.0,10484.042528233946,0.6409930715935335,0.6944444444444444,0.5833333333333334,0.49603174603174605,0.8611111111111112,0.9801587301587301,0.8690476190476191,0.027777777777777776,0.051587301587301584,0.3412698412698413,BRD_20080200287,브레댄코(bread&co.DAILY-NEW),0.6431870669745958,False,1782.2022893404599,165.06059494972328,13,69,0.17840646651270212,True,0.6425288683602771,0.6420900692840646,0.6416512702078522,128.0,110.0,112.0,116.66666666666667,False,direct_size_estimation_deferred,매장 면적·좌석·점포별 매출이 없어 규모별 적합도와 argmax 규모는 산출하지 않음,0.3520733145902216,0.9907621247113164,usable_area_profile,True,balanced,True,0.6929676674364895,8.0
3120107,공덕역(공덕오거리),11440,1051109080.0,111230.0,9449.870358716174,0.8578521939953809,0.9404761904761905,0.4246031746031746,0.5833333333333334,0.9642857142857143,0.9880952380952381,0.9841269841269841,0.1111111111111111,0.011904761904761904,0.051587301587301584,BRD_20080200287,브레댄코(bread&co.DAILY-NEW),0.08660508083140878,False,643.7305336765394,80.05623025110103,24,76,0.5773672055427252,True,0.3179792147806004,0.4722286374133948,0.6264780600461893,309.0,224.0,119.0,217.33333333333334,False,direct_size_estimation_deferred,매장 면적·좌석·점포별 매출이 없어 규모별 적합도와 argmax 규모는 산출하지 않음,0.49065672614784844,0.9330254041570438,usable_area_profile,True,balanced,True,0.6801558891454964,9.0
3120120,화곡역,11500,2140760825.0,296121.0,7229.34484551923,0.8866050808314089,0.8373015873015873,0.23809523809523808,0.623015873015873,0.32142857142857145,0.8333333333333334,0.9246031746031746,0.46825396825396826,0.05555555555555555,0.42063492063492064,BRD_20080200287,브레댄코(bread&co.DAILY-NEW),0.6824480369515011,False,4616.10409327425,26.400757567542716,25,54,0.819284064665127,True,0.7436951501154734,0.784526558891455,0.8253579676674365,75.0,46.0,31.0,50.666666666666664,False,direct_size_estimation_deferred,매장 면적·좌석·점포별 매출이 없어 규모별 적합도와 argmax 규모는 산출하지 않음,0.43051846166739133,0.976905311778291,usable_area_profile,True,balanced,True,0.6758718244803695,10.0
3120068,사가정역,11260,944293896.0,91431.0,10327.940151589723,0.8467667436489608,0.8492063492063492,0.40476190476190477,0.5,0.39285714285714285,0.623015873015873,0.5714285714285714,0.16666666666666666,0.32936507936507936,0.8134920634920635,BRD_20080200287,브레댄코(bread&co.DAILY-NEW),0.5103926096997691,False,3588.6234129909813,42.201895677975386,26,50,0.7736720554272517,True,0.6113048498845266,0.6785796766743649,0.7458545034642032,140.0,92.0,62.0,98.0,False,direct_size_estimation_deferred,매장 면적·좌석·점포별 매출이 없어 규모별 적합도와 argmax 규모는 산출하지 않음,0.41648927246473844,0.9815242494226328,usable_area_profile,True,balanced,True,0.6710796766743649,11.0
3120175,남부터미널역,11650,960650667.0,103198.0,9308.810897498013,0.8390300230946882,0.7619047619047619,0.2857142857142857,0.7023809523809523,0.6785714285714286,0.8293650793650794,0.7777777777777778,0.42857142857142855,0.08333333333333333,0.5198412698412699,BRD_20080200287,브레댄코(bread&co.DAILY-NEW),0.9780600461893765,False,798.2336750735635,49.929950906089985,13,45,0.483256351039261,True,0.93635103926097,0.9085450346420323,0.8807390300230946,5.0,7.0,14.0,8.666666666666666,False,direct_size_estimation_deferred,매장 면적·좌석·점포별 매출이 없어 규모별 적합도와 argmax 규모는 산출하지 않음,0.5616280857669464,0.8983833718244804,usable_area_profile,True,balanced,True,0.670363741339492,12.0
3120201,도곡1동,11680,649721874.0,58337.0,11137.38920410717,0.7846420323325634,0.7817460317460317,0.18253968253968253,0.75,0.6468253968253969,0.8531746031746031,0.9206349206349206,0.4365079365079365,0.027777777777777776,0.4880952380952381,BRD_20080200287,브레댄코(bread&co.DAILY-NEW),0.8845265588914549,False,1160.7075428409364,87.09190547353441,10,65,0.26501154734411086,True,0.8545612009237875,0.8345842956120091,0.8146073903002308,27.0,28.0,35.0,30.0,False,direct_size_estimation_deferred,매장 면적·좌석·점포별 매출이 없어 규모별 적합도와 argmax 규모는 산출하지 않음,0.6039124219431138,0.8706697459584296,usable_area_profile,True,balanced,True,0.6702078521939953,13.0
3120069,상봉역,11260,1511381851.0,142985.0,10570.212616708046,0.9086605080831409,0.8492063492063492,0.40476190476190477,0.5,0.39285714285714285,0.623015873015873,0.5714285714285714,0.16666666666666666,0.32936507936507936,0.8134920634920635,BRD_20080200287,브레댄코(bread&co.DAILY-NEW),0.5103926096997691,False,2819.327934135434,89.18520055817115,16,56,0.3943418013856813,True,0.6298729792147806,0.709526558891455,0.7891801385681293,133.0,76.0,45.0,84.66666666666667,False,direct_size_estimation_deferred,매장 면적·좌석·점포별 매출이 없어 규모별 적합도와 argmax 규모는 산출하지 않음,0.6558653010795614,0.8221709006928406,usable_area_profile,True,balanced,True,0.6699653579676674,14.0
3130222,오류시장,11530,677800421.0,66656.0,10168.633296327413,0.7894919168591223,0.8412698412698413,0.8373015873015873,0.5753968253968254,0.5238095238095238,0.7579365079365079,0.7380952380952381,0.18253968253968253,0.12698412698412698,0.7658730158730159,BRD_20080200287,브레댄코(bread&co.DAILY-NEW),0.7528868360277137,False,1840.08804137706,48.414873764798386,14,33,0.5161662817551963,True,0.7638683602771362,0.771189376443418,0.7785103926096997,65.0,52.0,48.0,55.0,False,direct_size_estimation_deferred,매장 면적·좌석·점포별 매출이 없어 규모별 적합도와 argmax 규모는 산출하지 않음,0.5058754647597913,0.9237875288683602,usable_area_profile,True,balanced,True,0.6607909930715935,15.0
3120133,서울시흥동우체국(홈플러스시흥점),11545,637795918.0,60754.0,10498.00701188399,0.7765588914549653,0.753968253968254,0.7420634920634921,0.3531746031746032,0.24206349206349206,0.8690476190476191,0.873015873015873,0.04365079365079365,0.13095238095238096,0.6785714285714286,BRD_20080200287,브레댄코(bread&co.DAILY-NEW),0.1905311778290993,False,6241.132269079782,60.20797286767192,15,45,0.48441108545034645,True,0.3663394919168591,0.4835450346420323,0.6007505773672054,280.0,217.0,144.0,213.66666666666666,False,direct_size_estimation_deferred,매장 면적·좌석·점포별 매출이 없어 규모별 적합도와 argmax 규모는 산출하지 않음,0.5280575234398699,0.9076212471131639,usable_area_profile,True,balanced,True,0.6529445727482678,16.0
3120037,동대문역사문화공원역,11140,991150857.0,75063.0,13204.253187322649,0.8695150115473441,0.873015873015873,0.5793650793650794,0.6428571428571429,0.34523809523809523,0.8571428571428571,0.8214285714285714,0.0873015873015873,0.023809523809523808,0.8293650793650794,BRD_20080200287,브레댄코(bread&co.DAILY-NEW),0.23094688221709006,False,733.959126906801,125.25573836405046,15,72,0.28117782909930716,True,0.4225173210161663,0.5502309468822171,0.6779445727482679,243.0,167.0,87.0,165.66666666666666,False,direct_size_estimation_deferred,매장 면적·좌석·점포별 매출이 없어 규모별 적합도와 argmax 규모는 산출하지 않음,0.7090370217544667,0.7806004618937644,usable_area_profile,True,balanced,True,0.6524538106235566,17.0
3120228,석촌역(석촌호수),11710,510280686.0,47215.0,10807.596865402944,0.7248267898383373,0.8531746031746031,0.13095238095238096,0.6746031746031746,0.9325396825396826,0.8928571428571429,0.7063492063492064,0.4087301587301587,0.03968253968253968,0.5436507936507936,BRD_20080200287,브레댄코(bread&co.DAILY-NEW),0.558891454965358,False,4202.876752926206,78.44743464456866,38,113,0.687066974595843,True,0.6086720554272518,0.6418591224018476,0.6750461893764435,141.0,111.0,90.0,114.0,False,direct_size_estimation_deferred,매장 면적·좌석·점포별 매출이 없어 규모별 적합도와 argmax 규모는 산출하지 않음,0.30770899736284585,0.9930715935334873,usable_area_profile,True,balanced,True,0.6471651270207852,18.0
3111005,삼전역 3번,11710,233054769.0,25337.0,9198.19903698149,0.48152424942263283,0.8531746031746031,0.13095238095238096,0.6746031746031746,0.9325396825396826,0.8928571428571429,0.7063492063492064,0.4087301587301587,0.03968253968253968,0.5436507936507936,BRD_20080200287,브레댄코(bread&co.DAILY-NEW),0.558891454965358,False,5204.174478268999,198.59506540938497,7,54,0.05369515011547344,True,0.5356812933025404,0.5202078521939955,0.5047344110854504,188.0,189.0,206.0,194.33333333333334,False,direct_size_estimation_deferred,매장 면적·좌석·점포별 매출이 없어 규모별 적합도와 argmax 규모는 산출하지 않음,0.4466747513322351,0.9676674364896074,usable_area_profile,True,balanced,True,0.6443129330254042,19.0
3110943,법제교육센터(버들어린이공원),11650,849985150.0,98576.0,8622.637863171563,0.812471131639723,0.7619047619047619,0.2857142857142857,0.7023809523809523,0.6785714285714286,0.8293650793650794,0.7777777777777778,0.42857142857142855,0.08333333333333333,0.5198412698412699,BRD_20080200287,브레댄코(bread&co.DAILY-NEW),0.9780600461893765,False,2350.530365689879,67.35725648954265,25,54,0.6495381062355658,True,0.9283833718244804,0.8952655889145498,0.862147806004619,6.0,10.0,19.0,11.666666666666666,False,direct_size_estimation_deferred,매장 면적·좌석·점포별 매출이 없어 규모별 적합도와 argmax 규모는 산출하지 않음,0.5210179129232658,0.9122401847575058,usable_area_profile,True,balanced,True,0.643054272517321,20.0
3120166,방배역,11650,1455145059.0,122673.0,11861.983150326478,0.9176674364896074,0.7619047619047619,0.2857142857142857,0.7023809523809523,0.6785714285714286,0.8293650793650794,0.7777777777777778,0.42857142857142855,0.08333333333333333,0.5198412698412699,BRD_20260378,빵굼터,0.9480369515011547,False,6426.435559461285,99.2975326976693,12,28,0.2673210161662818,True,0.9389260969976905,0.9328521939953811,0.9267782909930715,5.0,4.0,4.0,4.333333333333333,False,direct_size_estimation_deferred,매장 면적·좌석·점포별 매출이 없어 규모별 적합도와 argmax 규모는 산출하지 않음,0.5170879203247098,0.8914549653579676,usable_area_profile,True,balanced,True,0.7268129330254041,1.0
3120188,압구정역,11680,1784647410.0,134975.0,13222.058973884052,0.9404157043879908,0.7817460317460317,0.18253968253968253,0.75,0.6468253968253969,0.8531746031746031,0.9206349206349206,0.4365079365079365,0.027777777777777776,0.4880952380952381,BRD_20260378,빵굼터,0.5103926096997691,False,3728.932555072768,98.31073190628577,25,98,0.5323325635103926,True,0.6393995381062356,0.72540415704388,0.8114087759815243,122.0,61.0,29.0,70.66666666666667,False,direct_size_estimation_deferred,매장 면적·좌석·점포별 매출이 없어 규모별 적합도와 argmax 규모는 산출하지 않음,0.4300945008590578,0.9353348729792148,usable_area_profile,True,balanced,True,0.7169630484988452,2.0
3130072,성동용답상가시장,11200,441220675.0,42751.0,10320.710041870365,0.6748267898383372,0.9206349206349206,0.38492063492063494,0.5555555555555556,0.9920634920634921,0.9841269841269841,0.9563492063492064,0.10317460317460317,0.015873015873015872,0.07936507936507936,BRD_20260378,빵굼터,0.016166281755196306,False,3800.1273663220923,135.0925608781212,10,28,0.1489607390300231,True,0.21376443418013857,0.34549653579676676,0.4772286374133949,380.0,327.0,226.0,311.0,False,direct_size_estimation_deferred,매장 면적·좌석·점포별 매출이 없어 규모별 적합도와 argmax 규모는 산출하지 않음,0.1962743047113832,0.9976905311778291,usable_area_profile,True,balanced,True,0.7126905311778291,3.0
3110640,방화역 1번,11500,671414576.0,62982.0,10660.420056524086,0.7871824480369516,0.8373015873015873,0.23809523809523808,0.623015873015873,0.32142857142857145,0.8333333333333334,0.9246031746031746,0.46825396825396826,0.05555555555555555,0.42063492063492064,BRD_20260378,빵굼터,0.6016166281755196,False,578.5533682975405,241.56986569432095,5,24,0.02482678983833718,True,0.6572863741339492,0.6943995381062356,0.731512702078522,108.0,76.0,69.0,84.33333333333333,False,direct_size_estimation_deferred,매장 면적·좌석·점포별 매출이 없어 규모별 적합도와 argmax 규모는 산출하지 않음,0.5455274757478469,0.8683602771362586,usable_area_profile,True,balanced,True,0.7059699769053118,4.0
3120009,종로3가역,11110,773341001.0,64864.0,11922.499398741984,0.8273672055427251,0.876984126984127,0.42857142857142855,0.503968253968254,0.75,0.9444444444444444,0.8531746031746031,0.2619047619047619,0.05952380952380952,0.3611111111111111,BRD_20260378,빵굼터,0.38799076212471134,False,2490.0606417857052,125.80143085865113,24,103,0.4532332563510392,True,0.5198036951501155,0.6076789838337182,0.6955542725173209,209.0,132.0,87.0,142.66666666666666,False,direct_size_estimation_deferred,매장 면적·좌석·점포별 매출이 없어 규모별 적합도와 argmax 규모는 산출하지 않음,0.4082035083750387,0.9515011547344111,usable_area_profile,True,balanced,True,0.6973441108545034,5.0
3120246,길동역,11740,916043297.0,88020.0,10407.217643717337,0.8409930715935335,0.8452380952380952,0.06746031746031746,0.7063492063492064,0.38492063492063494,0.6626984126984127,0.7182539682539683,0.5833333333333334,0.06746031746031746,0.6507936507936508,BRD_20260378,빵굼터,0.6766743648960739,False,7778.07546893276,87.92041856413586,26,72,0.5750577367205543,True,0.7259699769053118,0.7588337182448037,0.7916974595842956,74.0,44.0,35.0,51.0,False,direct_size_estimation_deferred,매장 면적·좌석·점포별 매출이 없어 규모별 적합도와 argmax 규모는 산출하지 않음,0.3587389005097854,0.9699769053117783,usable_area_profile,True,balanced,True,0.6930773672055427,6.0
3110883,은천초등학교(은천교앞),11620,384324031.0,36658.0,10484.042528233946,0.6409930715935335,0.6944444444444444,0.5833333333333334,0.49603174603174605,0.8611111111111112,0.9801587301587301,0.8690476190476191,0.027777777777777776,0.051587301587301584,0.3412698412698413,BRD_20260378,빵굼터,0.1605080831408776,False,1591.1718951905716,165.06059494972328,13,69,0.17840646651270212,True,0.3046535796766744,0.40075057736720554,0.4968475750577367,324.0,289.0,217.0,276.6666666666667,False,direct_size_estimation_deferred,매장 면적·좌석·점포별 매출이 없어 규모별 적합도와 argmax 규모는 산출하지 않음,0.3177816005904173,0.9884526558891455,usable_area_profile,True,balanced,True,0.6918129330254041,7.0
3120133,서울시흥동우체국(홈플러스시흥점),11545,637795918.0,60754.0,10498.00701188399,0.7765588914549653,0.753968253968254,0.7420634920634921,0.3531746031746032,0.24206349206349206,0.8690476190476191,0.873015873015873,0.04365079365079365,0.13095238095238096,0.6785714285714286,BRD_20260378,빵굼터,0.22748267898383373,False,3805.55304786801,60.20797286767192,15,45,0.4821016166281755,True,0.39220554272517316,0.5020207852193995,0.6118360277136257,285.0,215.0,143.0,214.33333333333334,False,direct_size_estimation_deferred,매장 면적·좌석·점포별 매출이 없어 규모별 적합도와 argmax 규모는 산출하지 않음,0.3276996653168629,0.9838337182448037,usable_area_profile,True,balanced,True,0.6913972286374133,8.0
3130222,오류시장,11530,677800421.0,66656.0,10168.633296327413,0.7894919168591223,0.8412698412698413,0.8373015873015873,0.5753968253968254,0.5238095238095238,0.7579365079365079,0.7380952380952381,0.18253968253968253,0.12698412698412698,0.7658730158730159,BRD_20260378,빵굼터,0.8660508083140878,False,4116.66879891156,48.414873764798386,14,33,0.516743648960739,True,0.8430831408775981,0.827771362586605,0.8124595842956119,24.0,19.0,28.0,23.666666666666668,False,direct_size_estimation_deferred,매장 면적·좌석·점포별 매출이 없어 규모별 적합도와 argmax 규모는 산출하지 않음,0.40503215239350987,0.953810623556582,usable_area_profile,True,balanced,True,0.675715935334873,9.0
3110601,신월1동우편취급국,11470,441016625.0,40173.0,10977.93605157693,0.6785219399538106,0.8055555555555556,0.2222222222222222,0.5158730158730159,0.5873015873015873,0.5079365079365079,0.2896825396825397,0.4801587301587302,0.30952380952380953,0.7738095238095238,BRD_20260378,빵굼터,0.9041570438799076,False,5266.867949766248,258.54980178856624,8,40,0.04907621247113163,True,0.8364665127020785,0.791339491916859,0.7462124711316396,27.0,33.0,57.0,39.0,False,direct_size_estimation_deferred,매장 면적·좌석·점포별 매출이 없어 규모별 적합도와 argmax 규모는 산출하지 않음,0.5240817467807319,0.8845265588914549,usable_area_profile,True,balanced,True,0.6723845265588914,10.0
3120068,사가정역,11260,944293896.0,91431.0,10327.940151589723,0.8467667436489608,0.8492063492063492,0.40476190476190477,0.5,0.39285714285714285,0.623015873015873,0.5714285714285714,0.16666666666666666,0.32936507936507936,0.8134920634920635,BRD_20260378,빵굼터,0.9861431870669746,False,2926.024606863104,42.201895677975386,26,50,0.7713625866050808,True,0.9443302540415703,0.9164549653579677,0.8885796766743649,3.0,6.0,8.0,5.666666666666667,False,direct_size_estimation_deferred,매장 면적·좌석·점포별 매출이 없어 규모별 적합도와 argmax 규모는 산출하지 않음,0.33008303872316813,0.9815242494226328,usable_area_profile,True,balanced,True,0.6714260969976905,11.0
3120201,도곡1동,11680,649721874.0,58337.0,11137.38920410717,0.7846420323325634,0.7817460317460317,0.18253968253968253,0.75,0.6468253968253969,0.8531746031746031,0.9206349206349206,0.4365079365079365,0.027777777777777776,0.4880952380952381,BRD_20260378,빵굼터,0.5103926096997691,False,7511.21747791506,87.09190547353441,10,65,0.2644341801385681,True,0.5926674364896074,0.6475173210161662,0.702367205542725,160.0,112.0,84.0,118.66666666666667,False,direct_size_estimation_deferred,매장 면적·좌석·점포별 매출이 없어 규모별 적합도와 argmax 규모는 산출하지 않음,0.5544738163188218,0.8614318706697459,usable_area_profile,True,balanced,True,0.665675519630485,12.0
3120080,마들역,11350,1045100686.0,106340.0,9827.916926838443,0.858891454965358,0.8928571428571429,0.08333333333333333,0.7222222222222222,0.9444444444444444,0.7777777777777778,0.30158730158730157,0.38095238095238093,0.4444444444444444,0.6071428571428571,BRD_20260378,빵굼터,0.2540415704387991,False,8354.14244548672,45.607017023633105,8,32,0.4093533487297921,True,0.4354965357967667,0.5564665127020786,0.6774364896073903,259.0,170.0,97.0,175.33333333333334,False,direct_size_estimation_deferred,매장 면적·좌석·점포별 매출이 없어 규모별 적합도와 argmax 규모는 산출하지 않음,0.5705434837624512,0.8521939953810623,usable_area_profile,True,balanced,True,0.6653060046189376,13.0
3120120,화곡역,11500,2140760825.0,296121.0,7229.34484551923,0.8866050808314089,0.8373015873015873,0.23809523809523808,0.623015873015873,0.32142857142857145,0.8333333333333334,0.9246031746031746,0.46825396825396826,0.05555555555555555,0.42063492063492064,BRD_20260378,빵굼터,0.6016166281755196,False,3989.2211019473366,26.400757567542716,25,54,0.8175519630484989,True,0.6871131639722864,0.7441108545034643,0.8011085450346421,91.0,50.0,31.0,57.333333333333336,False,direct_size_estimation_deferred,매장 면적·좌석·점포별 매출이 없어 규모별 적합도와 argmax 규모는 산출하지 않음,0.424365648597263,0.9422632794457275,usable_area_profile,True,balanced,True,0.658810623556582,14.0
3110703,개봉역,11530,566848644.0,58936.0,9618.037260757432,0.7391454965357969,0.8412698412698413,0.8373015873015873,0.5753968253968254,0.5238095238095238,0.7579365079365079,0.7380952380952381,0.18253968253968253,0.12698412698412698,0.7658730158730159,BRD_20260378,빵굼터,0.8660508083140878,False,2760.071375878727,17.720045128132952,13,29,0.6056581986143187,True,0.8279792147806004,0.8025981524249424,0.7772170900692841,30.0,26.0,43.0,33.0,False,direct_size_estimation_deferred,매장 면적·좌석·점포별 매출이 없어 규모별 적합도와 argmax 규모는 산출하지 않음,0.34596685729392146,0.9792147806004619,usable_area_profile,True,balanced,True,0.657459584295612,15.0
3120107,공덕역(공덕오거리),11440,1051109080.0,111230.0,9449.870358716174,0.8578521939953809,0.9404761904761905,0.4246031746031746,0.5833333333333334,0.9642857142857143,0.9880952380952381,0.9841269841269841,0.1111111111111111,0.011904761904761904,0.051587301587301584,BRD_20260378,빵굼터,0.06351039260969978,False,5222.165163961952,80.05623025110103,24,77,0.575635103926097,True,0.30181293302540413,0.4606812933025404,0.6195496535796766,325.0,249.0,137.0,237.0,False,direct_size_estimation_deferred,매장 면적·좌석·점포별 매출이 없어 규모별 적합도와 argmax 규모는 산출하지 않음,0.5310600507802087,0.8799076212471132,usable_area_profile,True,balanced,True,0.6538568129330253,16.0
3120112,등촌역,11470,402129603.0,41146.0,9773.236839546978,0.6467667436489607,0.8055555555555556,0.2222222222222222,0.5158730158730159,0.5873015873015873,0.5079365079365079,0.2896825396825397,0.4801587301587302,0.30952380952380953,0.7738095238095238,BRD_20260378,빵굼터,0.9041570438799076,False,4785.852902071783,105.11898021717178,22,49,0.46420323325635104,True,0.8269399538106235,0.7754618937644342,0.7239838337182447,31.0,41.0,72.0,48.0,False,direct_size_estimation_deferred,매장 면적·좌석·점포별 매출이 없어 규모별 적합도와 argmax 규모는 산출하지 않음,0.2823366149803296,0.9930715935334873,usable_area_profile,True,balanced,True,0.6532736720554272,17.0
3120079,창동역,11320,765698620.0,76216.0,10046.428833840664,0.8071593533487298,0.7182539682539683,0.11904761904761904,0.6071428571428571,0.25793650793650796,0.3611111111111111,0.24603174603174602,0.19047619047619047,0.4246031746031746,0.9126984126984127,BRD_20260378,빵굼터,0.197459584295612,False,7697.298552055696,91.21403398036323,16,24,0.38394919168591224,True,0.38036951501154737,0.5023094688221709,0.6242494226327945,289.0,214.0,134.0,212.33333333333334,False,direct_size_estimation_deferred,매장 면적·좌석·점포별 매출이 없어 규모별 적합도와 argmax 규모는 산출하지 않음,0.575327323278308,0.8498845265588915,usable_area_profile,True,balanced,True,0.6498556581986143,18.0
3120228,석촌역(석촌호수),11710,510280686.0,47215.0,10807.596865402944,0.7248267898383373,0.8531746031746031,0.13095238095238096,0.6746031746031746,0.9325396825396826,0.8928571428571429,0.7063492063492064,0.4087301587301587,0.03968253968253968,0.5436507936507936,BRD_20260378,빵굼터,0.44341801385681295,False,10104.78406503376,78.44743464456866,38,113,0.6853348729792148,True,0.5278406466512702,0.5841224018475751,0.64040415704388,203.0,149.0,120.0,157.33333333333334,False,direct_size_estimation_deferred,매장 면적·좌석·점포별 매출이 없어 규모별 적합도와 argmax 규모는 산출하지 않음,0.2529771307471725,0.9953810623556582,usable_area_profile,True,balanced,True,0.6485796766743649,19.0
3111021,방이역 4번,11710,394829518.0,38606.0,10227.154276537325,0.6466512702078522,0.8531746031746031,0.13095238095238096,0.6746031746031746,0.9325396825396826,0.8928571428571429,0.7063492063492064,0.4087301587301587,0.03968253968253968,0.5436507936507936,BRD_20260378,빵굼터,0.44341801385681295,False,10188.784667487147,115.2085066609535,15,51,0.2984988452655889,True,0.5043879907621247,0.5450346420323325,0.5856812933025404,219.0,179.0,157.0,185.0,False,direct_size_estimation_deferred,매장 면적·좌석·점포별 매출이 없어 규모별 적합도와 argmax 규모는 산출하지 않음,0.43372246835684836,0.930715935334873,usable_area_profile,True,balanced,True,0.6469110854503464,20.0
3120069,상봉역,11260,1511381851.0,142985.0,10570.212616708046,0.9086605080831409,0.8492063492063492,0.40476190476190477,0.5,0.39285714285714285,0.623015873015873,0.5714285714285714,0.16666666666666666,0.32936507936507936,0.8134920634920635,BRD_20150052,빵장수단팥빵,0.5981524249422633,False,7592.290431732478,89.18520055817115,16,56,0.3920323325635104,True,0.6913048498845266,0.753406466512702,0.8155080831408775,103.0,62.0,38.0,67.66666666666667,False,direct_size_estimation_deferred,매장 면적·좌석·점포별 매출이 없어 규모별 적합도와 argmax 규모는 산출하지 않음,0.44588146829202646,0.9745958429561201,usable_area_profile,True,balanced,True,0.7465242494226327,1.0
3120166,방배역,11650,1455145059.0,122673.0,11861.983150326478,0.9176674364896074,0.7619047619047619,0.2857142857142857,0.7023809523809523,0.6785714285714286,0.8293650793650794,0.7777777777777778,0.42857142857142855,0.08333333333333333,0.5198412698412699,BRD_20150052,빵장수단팥빵,0.9780600461893765,False,5854.592214643349,99.2975326976693,12,28,0.2673210161662818,True,0.9599422632794457,0.9478637413394919,0.935785219399538,3.0,3.0,6.0,4.0,False,direct_size_estimation_deferred,매장 면적·좌석·점포별 매출이 없어 규모별 적합도와 argmax 규모는 산출하지 않음,0.6222988089914029,0.8845265588914549,usable_area_profile,True,balanced,True,0.7233487297921477,2.0
3120038,약수역,11140,1550178516.0,134777.0,11501.803096967584,0.9235565819861433,0.873015873015873,0.5793650793650794,0.6428571428571429,0.34523809523809523,0.8571428571428571,0.8214285714285714,0.0873015873015873,0.023809523809523808,0.8293650793650794,BRD_20150052,빵장수단팥빵,0.20092378752886836,False,8105.492582172217,62.64183906448842,18,44,0.5502309468822171,True,0.4177136258660509,0.5622401847575058,0.7067667436489607,256.0,159.0,79.0,164.66666666666666,False,direct_size_estimation_deferred,매장 면적·좌석·점포별 매출이 없어 규모별 적합도와 argmax 규모는 산출하지 않음,0.4743195075071273,0.9561200923787528,usable_area_profile,True,balanced,True,0.718770207852194,3.0
3120188,압구정역,11680,1784647410.0,134975.0,13222.058973884052,0.9404157043879908,0.7817460317460317,0.18253968253968253,0.75,0.6468253968253969,0.8531746031746031,0.9206349206349206,0.4365079365079365,0.027777777777777776,0.4880952380952381,BRD_20150052,빵장수단팥빵,0.9214780600461894,False,8761.89534289066,98.31073190628577,25,98,0.5329099307159353,True,0.9271593533487297,0.9309468822170901,0.9347344110854503,11.0,6.0,7.0,8.0,False,direct_size_estimation_deferred,매장 면적·좌석·점포별 매출이 없어 규모별 적합도와 argmax 규모는 산출하지 않음,0.512761478179845,0.930715935334873,usable_area_profile,True,balanced,True,0.714566974595843,4.0
3120158,녹두거리(대학동),11620,695809095.0,79236.0,8781.476790852643,0.7778290993071594,0.6944444444444444,0.5833333333333334,0.49603174603174605,0.8611111111111112,0.9801587301587301,0.8690476190476191,0.027777777777777776,0.051587301587301584,0.3412698412698413,BRD_20150052,빵장수단팥빵,0.42609699769053117,False,1674.1786045874655,107.28000742995447,15,20,0.3135103926096998,True,0.5316166281755196,0.6019630484988453,0.6723094688221709,192.0,137.0,97.0,142.0,False,direct_size_estimation_deferred,매장 면적·좌석·점포별 매출이 없어 규모별 적합도와 argmax 규모는 산출하지 않음,0.43023750929636867,0.976905311778291,usable_area_profile,True,balanced,True,0.7136662817551963,5.0
3110892,관악구 중앙길,11620,913081619.0,87290.0,10460.323278726086,0.8403002309468822,0.6944444444444444,0.5833333333333334,0.49603174603174605,0.8611111111111112,0.9801587301587301,0.8690476190476191,0.027777777777777776,0.051587301587301584,0.3412698412698413,BRD_20150052,빵장수단팥빵,0.42609699769053117,False,1764.5240151172154,165.92166821826325,24,76,0.39838337182448036,True,0.5503579676674364,0.6331986143187067,0.7160392609699768,180.0,122.0,76.0,126.0,False,direct_size_estimation_deferred,매장 면적·좌석·점포별 매출이 없어 규모별 적합도와 argmax 규모는 산출하지 않음,0.4933112515698235,0.9468822170900693,usable_area_profile,True,balanced,True,0.7077886836027714,6.0
3120246,길동역,11740,916043297.0,88020.0,10407.217643717337,0.8409930715935335,0.8452380952380952,0.06746031746031746,0.7063492063492064,0.38492063492063494,0.6626984126984127,0.7182539682539683,0.5833333333333334,0.06746031746031746,0.6507936507936508,BRD_20150052,빵장수단팥빵,0.6766743648960739,False,709.7633408396879,87.92041856413586,26,71,0.5762124711316396,True,0.7259699769053118,0.7588337182448037,0.7916974595842956,87.0,59.0,45.0,63.666666666666664,False,direct_size_estimation_deferred,매장 면적·좌석·점포별 매출이 없어 규모별 적합도와 argmax 규모는 산출하지 않음,0.42125583196869165,0.9792147806004619,usable_area_profile,True,balanced,True,0.6975230946882216,7.0
3120009,종로3가역,11110,773341001.0,64864.0,11922.499398741984,0.8273672055427251,0.876984126984127,0.42857142857142855,0.503968253968254,0.75,0.9444444444444444,0.8531746031746031,0.2619047619047619,0.05952380952380952,0.3611111111111111,BRD_20150052,빵장수단팥빵,0.8660508083140878,False,6948.951647537878,125.80143085865113,24,103,0.45381062355658197,True,0.8544457274826789,0.8467090069284064,0.8389722863741338,36.0,31.0,33.0,33.333333333333336,False,direct_size_estimation_deferred,매장 면적·좌석·점포별 매출이 없어 규모별 적합도와 argmax 규모는 산출하지 않음,0.505830367560951,0.9399538106235565,usable_area_profile,True,balanced,True,0.6914838337182447,8.0
3130072,성동용답상가시장,11200,441220675.0,42751.0,10320.710041870365,0.6748267898383372,0.9206349206349206,0.38492063492063494,0.5555555555555556,0.9920634920634921,0.9841269841269841,0.9563492063492064,0.10317460317460317,0.015873015873015872,0.07936507936507936,BRD_20150052,빵장수단팥빵,0.09237875288683603,False,7452.315143625629,135.0925608781212,10,28,0.1489607390300231,True,0.26711316397228635,0.38360277136258664,0.5000923787528868,351.0,293.0,207.0,283.6666666666667,False,direct_size_estimation_deferred,매장 면적·좌석·점포별 매출이 없어 규모별 적합도와 argmax 규모는 산출하지 않음,0.48683267391152546,0.9491916859122402,usable_area_profile,True,balanced,True,0.6884411085450346,9.0
3120081,노원역,11350,1459224642.0,143889.0,10141.32172716469,0.8973441108545035,0.8928571428571429,0.08333333333333333,0.7222222222222222,0.9444444444444444,0.7777777777777778,0.30158730158730157,0.38095238095238093,0.4444444444444444,0.6071428571428571,BRD_20150052,빵장수단팥빵,0.45958429561200925,False,14465.797039898991,36.878177844323965,34,60,0.8556581986143187,True,0.5909122401847575,0.6784642032332564,0.7660161662817552,152.0,93.0,57.0,100.66666666666667,False,direct_size_estimation_deferred,매장 면적·좌석·점포별 매출이 없어 규모별 적합도와 argmax 규모는 산출하지 않음,0.4159277030949891,0.9861431870669746,usable_area_profile,True,balanced,True,0.6787933025404158,10.0
3110640,방화역 1번,11500,671414576.0,62982.0,10660.420056524086,0.7871824480369516,0.8373015873015873,0.23809523809523808,0.623015873015873,0.32142857142857145,0.8333333333333334,0.9246031746031746,0.46825396825396826,0.05555555555555555,0.42063492063492064,BRD_20150052,빵장수단팥빵,0.8233256351039261,False,3878.7051962946975,241.56986569432095,5,25,0.02482678983833718,True,0.8124826789838338,0.8052540415704388,0.7980254041570439,49.0,46.0,43.0,46.0,False,direct_size_estimation_deferred,매장 면적·좌석·점포별 매출이 없어 규모별 적합도와 argmax 규모는 산출하지 않음,0.7497100977214988,0.8106235565819861,usable_area_profile,True,balanced,True,0.6771016166281756,11.0
3130002,세종마을음식문화거리(금천교시장),11110,1427114674.0,119648.0,11927.609939154854,0.9169745958429562,0.876984126984127,0.42857142857142855,0.503968253968254,0.75,0.9444444444444444,0.8531746031746031,0.2619047619047619,0.05952380952380952,0.3611111111111111,BRD_20150052,빵장수단팥빵,0.8660508083140878,False,5599.263612282099,20.248456733787368,42,68,0.9359122401847575,True,0.8813279445727482,0.891512702078522,0.9016974595842957,24.0,19.0,17.0,20.0,False,direct_size_estimation_deferred,매장 면적·좌석·점포별 매출이 없어 규모별 적합도와 argmax 규모는 산출하지 않음,0.3762318642770227,0.9930715935334873,usable_area_profile,True,balanced,True,0.6770900692840647,12.0
3110883,은천초등학교(은천교앞),11620,384324031.0,36658.0,10484.042528233946,0.6409930715935335,0.6944444444444444,0.5833333333333334,0.49603174603174605,0.8611111111111112,0.9801587301587301,0.8690476190476191,0.027777777777777776,0.051587301587301584,0.3412698412698413,BRD_20150052,빵장수단팥빵,0.42609699769053117,False,590.7452919516427,165.06059494972328,13,68,0.17782909930715937,True,0.4905658198614319,0.5335450346420323,0.5765242494226328,214.0,182.0,160.0,185.33333333333334,False,direct_size_estimation_deferred,매장 면적·좌석·점포별 매출이 없어 규모별 적합도와 argmax 규모는 산출하지 않음,0.481928471293885,0.953810623556582,usable_area_profile,True,balanced,True,0.6745785219399538,13.0
3120068,사가정역,11260,944293896.0,91431.0,10327.940151589723,0.8467667436489608,0.8492063492063492,0.40476190476190477,0.5,0.39285714285714285,0.623015873015873,0.5714285714285714,0.16666666666666666,0.32936507936507936,0.8134920634920635,BRD_20150052,빵장수단팥빵,0.5981524249422633,False,6157.967359432526,42.201895677975386,26,50,0.7725173210161662,True,0.6727367205542725,0.7224595842956121,0.7721824480369515,113.0,70.0,53.0,78.66666666666667,False,direct_size_estimation_deferred,매장 면적·좌석·점포별 매출이 없어 규모별 적합도와 argmax 규모는 산출하지 않음,0.41697034659327503,0.9838337182448037,usable_area_profile,True,balanced,True,0.6724076212471132,14.0
3120037,동대문역사문화공원역,11140,991150857.0,75063.0,13204.253187322649,0.8695150115473441,0.873015873015873,0.5793650793650794,0.6428571428571429,0.34523809523809523,0.8571428571428571,0.8214285714285714,0.0873015873015873,0.023809523809523808,0.8293650793650794,BRD_20150052,빵장수단팥빵,0.20092378752886836,False,8189.2493550887,125.25573836405046,15,74,0.28002309468822173,True,0.40150115473441106,0.5352193995381063,0.6689376443418014,267.0,181.0,105.0,184.33333333333334,False,direct_size_estimation_deferred,매장 면적·좌석·점포별 매출이 없어 규모별 적합도와 argmax 규모는 산출하지 않음,0.7473465451039756,0.8175519630484989,usable_area_profile,True,balanced,True,0.6711027713625866,15.0
3120107,공덕역(공덕오거리),11440,1051109080.0,111230.0,9449.870358716174,0.8578521939953809,0.9404761904761905,0.4246031746031746,0.5833333333333334,0.9642857142857143,0.9880952380952381,0.9841269841269841,0.1111111111111111,0.011904761904761904,0.051587301587301584,BRD_20150052,빵장수단팥빵,0.1397228637413395,False,3252.982631368145,80.05623025110103,24,77,0.5762124711316398,True,0.3551616628175519,0.4987875288683602,0.6424133949191685,298.0,208.0,119.0,208.33333333333334,False,direct_size_estimation_deferred,매장 면적·좌석·점포별 매출이 없어 규모별 적합도와 argmax 규모는 산출하지 않음,0.5737782565844572,0.9145496535796767,usable_area_profile,True,balanced,True,0.6710912240184757,16.0
3120080,마들역,11350,1045100686.0,106340.0,9827.916926838443,0.858891454965358,0.8928571428571429,0.08333333333333333,0.7222222222222222,0.9444444444444444,0.7777777777777778,0.30158730158730157,0.38095238095238093,0.4444444444444444,0.6071428571428571,BRD_20150052,빵장수단팥빵,0.45958429561200925,False,15695.30968154214,45.607017023633105,8,32,0.4087759815242494,True,0.5793764434180139,0.6592378752886836,0.7390993071593533,158.0,105.0,66.0,109.66666666666667,False,direct_size_estimation_deferred,매장 면적·좌석·점포별 매출이 없어 규모별 적합도와 argmax 규모는 산출하지 않음,0.6507996928737154,0.8614318706697459,usable_area_profile,True,balanced,True,0.670011547344111,17.0
3120120,화곡역,11500,2140760825.0,296121.0,7229.34484551923,0.8866050808314089,0.8373015873015873,0.23809523809523808,0.623015873015873,0.32142857142857145,0.8333333333333334,0.9246031746031746,0.46825396825396826,0.05555555555555555,0.42063492063492064,BRD_20150052,빵장수단팥빵,0.8233256351039261,False,724.5170805708254,26.400757567542716,25,53,0.8181293302540416,True,0.842309468822171,0.8549653579676675,0.867621247113164,40.0,28.0,21.0,29.666666666666668,False,direct_size_estimation_deferred,매장 면적·좌석·점포별 매출이 없어 규모별 적합도와 argmax 규모는 산출하지 않음,0.4733969709533714,0.9584295612009238,usable_area_profile,True,balanced,True,0.6668071593533489,18.0
3130222,오류시장,11530,677800421.0,66656.0,10168.633296327413,0.7894919168591223,0.8412698412698413,0.8373015873015873,0.5753968253968254,0.5238095238095238,0.7579365079365079,0.7380952380952381,0.18253968253968253,0.12698412698412698,0.7658730158730159,BRD_20150052,빵장수단팥빵,0.3903002309468822,False,5682.395269627895,48.414873764798386,14,33,0.5161662817551963,True,0.5100577367205542,0.5898960739030022,0.6697344110854502,202.0,144.0,104.0,150.0,False,direct_size_estimation_deferred,매장 면적·좌석·점포별 매출이 없어 규모별 적합도와 argmax 규모는 산출하지 않음,0.5086365095190079,0.9330254041570438,usable_area_profile,True,balanced,True,0.6654099307159352,19.0
3120153,노량진역(노량진),11590,595426544.0,103117.0,5774.2810981700395,0.7636258660508083,0.8611111111111112,0.5158730158730159,0.42857142857142855,0.753968253968254,0.9563492063492064,0.6626984126984127,0.11507936507936507,0.09523809523809523,0.5674603174603174,BRD_20150052,빵장수단팥빵,0.4907621247113164,False,1166.0274439347224,132.0075755359234,5,24,0.09526558891454966,True,0.572621247113164,0.6271939953810624,0.6817667436489607,163.0,126.0,89.0,126.0,False,direct_size_estimation_deferred,매장 면적·좌석·점포별 매출이 없어 규모별 적합도와 argmax 규모는 산출하지 않음,0.7485443820761991,0.8152424942263279,usable_area_profile,True,balanced,True,0.6606004618937643,20.0
3120038,약수역,11140,1550178516.0,134777.0,11501.803096967584,0.9235565819861433,0.873015873015873,0.5793650793650794,0.6428571428571429,0.34523809523809523,0.8571428571428571,0.8214285714285714,0.0873015873015873,0.023809523809523808,0.8293650793650794,BRD_20211367,삼송빵집,0.17782909930715934,False,4921.42916236213,62.64183906448842,18,44,0.5508083140877598,True,0.4015473441108545,0.5506928406466514,0.699838337182448,265.0,160.0,88.0,171.0,False,direct_size_estimation_deferred,매장 면적·좌석·점포별 매출이 없어 규모별 적합도와 argmax 규모는 산출하지 않음,0.355374661498938,0.9792147806004619,usable_area_profile,True,balanced,True,0.730230946882217,1.0
3120166,방배역,11650,1455145059.0,122673.0,11861.983150326478,0.9176674364896074,0.7619047619047619,0.2857142857142857,0.7023809523809523,0.6785714285714286,0.8293650793650794,0.7777777777777778,0.42857142857142855,0.08333333333333333,0.5198412698412699,BRD_20211367,삼송빵집,0.9064665127020786,False,5150.52278901198,99.2975326976693,12,28,0.2673210161662818,True,0.9098267898383372,0.912066974595843,0.9143071593533487,6.0,4.0,3.0,4.333333333333333,False,direct_size_estimation_deferred,매장 면적·좌석·점포별 매출이 없어 규모별 적합도와 argmax 규모는 산출하지 않음,0.5888800985764943,0.8729792147806005,usable_area_profile,True,balanced,True,0.7175750577367205,2.0
3120188,압구정역,11680,1784647410.0,134975.0,13222.058973884052,0.9404157043879908,0.7817460317460317,0.18253968253968253,0.75,0.6468253968253969,0.8531746031746031,0.9206349206349206,0.4365079365079365,0.027777777777777776,0.4880952380952381,BRD_20211367,삼송빵집,0.8106235565819861,False,3136.502510755413,98.31073190628577,25,98,0.5323325635103926,True,0.8495612009237874,0.8755196304849885,0.9014780600461894,22.0,11.0,6.0,13.0,False,direct_size_estimation_deferred,매장 면적·좌석·점포별 매출이 없어 규모별 적합도와 argmax 규모는 산출하지 않음,0.5077565218087392,0.9284064665127021,usable_area_profile,True,balanced,True,0.7134988452655888,3.0
3110892,관악구 중앙길,11620,913081619.0,87290.0,10460.323278726086,0.8403002309468822,0.6944444444444444,0.5833333333333334,0.49603174603174605,0.8611111111111112,0.9801587301587301,0.8690476190476191,0.027777777777777776,0.051587301587301584,0.3412698412698413,BRD_20211367,삼송빵집,0.24133949191685913,False,5186.3085137810895,165.92166821826325,24,76,0.3978060046189376,True,0.421027713625866,0.5408198614318707,0.6606120092378752,253.0,164.0,104.0,173.66666666666666,False,direct_size_estimation_deferred,매장 면적·좌석·점포별 매출이 없어 규모별 적합도와 argmax 규모는 산출하지 않음,0.4873792095575538,0.9376443418013857,usable_area_profile,True,balanced,True,0.7032563510392609,4.0
3120246,길동역,11740,916043297.0,88020.0,10407.217643717337,0.8409930715935335,0.8452380952380952,0.06746031746031746,0.7063492063492064,0.38492063492063494,0.6626984126984127,0.7182539682539683,0.5833333333333334,0.06746031746031746,0.6507936507936508,BRD_20211367,삼송빵집,0.6351039260969977,False,7511.365588214791,87.92041856413586,26,72,0.5767898383371824,True,0.6968706697459585,0.7380484988452656,0.7792263279445728,94.0,56.0,41.0,63.666666666666664,False,direct_size_estimation_deferred,매장 면적·좌석·점포별 매출이 없어 규모별 적합도와 argmax 규모는 산출하지 않음,0.35223559749264455,0.9861431870669746,usable_area_profile,True,balanced,True,0.7009006928406466,5.0
3130072,성동용답상가시장,11200,441220675.0,42751.0,10320.710041870365,0.6748267898383372,0.9206349206349206,0.38492063492063494,0.5555555555555556,0.9920634920634921,0.9841269841269841,0.9563492063492064,0.10317460317460317,0.015873015873015872,0.07936507936507936,BRD_20211367,삼송빵집,0.016166281755196306,False,2250.658792456432,135.0925608781212,10,28,0.1489607390300231,True,0.21376443418013857,0.34549653579676676,0.4772286374133949,381.0,323.0,220.0,308.0,False,direct_size_estimation_deferred,매장 면적·좌석·점포별 매출이 없어 규모별 적합도와 argmax 규모는 산출하지 않음,0.38571516686284435,0.9722863741339491,usable_area_profile,True,balanced,True,0.699988452655889,6.0
3110883,은천초등학교(은천교앞),11620,384324031.0,36658.0,10484.042528233946,0.6409930715935335,0.6944444444444444,0.5833333333333334,0.49603174603174605,0.8611111111111112,0.9801587301587301,0.8690476190476191,0.027777777777777776,0.051587301587301584,0.3412698412698413,BRD_20211367,삼송빵집,0.24133949191685913,False,4087.556360481768,165.06059494972328,13,69,0.17782909930715937,True,0.36123556581986144,0.4411662817551963,0.5210969976905311,290.0,260.0,193.0,247.66666666666666,False,direct_size_estimation_deferred,매장 면적·좌석·점포별 매출이 없어 규모별 적합도와 argmax 규모는 산출하지 않음,0.35192801237630505,0.9884526558891455,usable_area_profile,True,balanced,True,0.6918995381062356,7.0
3120009,종로3가역,11110,773341001.0,64864.0,11922.499398741984,0.8273672055427251,0.876984126984127,0.42857142857142855,0.503968253968254,0.75,0.9444444444444444,0.8531746031746031,0.2619047619047619,0.05952380952380952,0.3611111111111111,BRD_20211367,삼송빵집,0.4942263279445728,False,5518.69993749603,125.80143085865113,24,103,0.4532332563510392,True,0.5941685912240184,0.660796766743649,0.7274249422632794,151.0,101.0,70.0,107.33333333333333,False,direct_size_estimation_deferred,매장 면적·좌석·점포별 매출이 없어 규모별 적합도와 argmax 규모는 산출하지 않음,0.4905395117880487,0.9353348729792148,usable_area_profile,True,balanced,True,0.6892609699769053,8.0
3110640,방화역 1번,11500,671414576.0,62982.0,10660.420056524086,0.7871824480369516,0.8373015873015873,0.23809523809523808,0.623015873015873,0.32142857142857145,0.8333333333333334,0.9246031746031746,0.46825396825396826,0.05555555555555555,0.42063492063492064,BRD_20211367,삼송빵집,0.7193995381062356,False,2779.3842843397356,241.56986569432095,5,25,0.02482678983833718,True,0.7397344110854503,0.7532909930715936,0.7668475750577368,70.0,49.0,47.0,55.333333333333336,False,direct_size_estimation_deferred,매장 면적·좌석·점포별 매출이 없어 규모별 적합도와 argmax 규모는 산출하지 않음,0.6477072761079382,0.8267898383371824,usable_area_profile,True,balanced,True,0.6851847575057737,9.0
3130222,오류시장,11530,677800421.0,66656.0,10168.633296327413,0.7894919168591223,0.8412698412698413,0.8373015873015873,0.5753968253968254,0.5238095238095238,0.7579365079365079,0.7380952380952381,0.18253968253968253,0.12698412698412698,0.7658730158730159,BRD_20211367,삼송빵집,0.5635103926096998,False,6081.266315508863,48.414873764798386,14,33,0.5161662817551963,True,0.6313048498845265,0.6765011547344111,0.7216974595842955,127.0,92.0,75.0,98.0,False,direct_size_estimation_deferred,매장 면적·좌석·점포별 매출이 없어 규모별 적합도와 argmax 규모는 산출하지 않음,0.41298028791691804,0.9630484988452656,usable_area_profile,True,balanced,True,0.680421478060046,10.0
3120068,사가정역,11260,944293896.0,91431.0,10327.940151589723,0.8467667436489608,0.8492063492063492,0.40476190476190477,0.5,0.39285714285714285,0.623015873015873,0.5714285714285714,0.16666666666666666,0.32936507936507936,0.8134920634920635,BRD_20211367,삼송빵집,0.9445727482678984,False,1748.4121367867892,42.201895677975386,26,50,0.773094688221709,True,0.9152309468822171,0.8956697459584295,0.876108545034642,4.0,7.0,11.0,7.333333333333333,False,direct_size_estimation_deferred,매장 면적·좌석·점포별 매출이 없어 규모별 적합도와 argmax 규모는 산출하지 않음,0.3818750801422233,0.976905311778291,usable_area_profile,True,balanced,True,0.6688568129330255,11.0
3120152,신대방삼거리역,11590,953145793.0,102228.0,9323.72532965528,0.8353348729792147,0.8611111111111112,0.5158730158730159,0.42857142857142855,0.753968253968254,0.9563492063492064,0.6626984126984127,0.11507936507936507,0.09523809523809523,0.5674603174603174,BRD_20211367,삼송빵집,0.5969976905311778,False,2502.205826878229,79.30952023733208,18,47,0.4780600461893764,True,0.6684988452655889,0.7161662817551963,0.7638337182448035,104.0,67.0,50.0,73.66666666666667,False,direct_size_estimation_deferred,매장 면적·좌석·점포별 매출이 없어 규모별 적합도와 argmax 규모는 산출하지 않음,0.5684322890323502,0.8845265588914549,usable_area_profile,True,balanced,True,0.6629214780600462,12.0
3120158,녹두거리(대학동),11620,695809095.0,79236.0,8781.476790852643,0.7778290993071594,0.6944444444444444,0.5833333333333334,0.49603174603174605,0.8611111111111112,0.9801587301587301,0.8690476190476191,0.027777777777777776,0.051587301587301584,0.3412698412698413,BRD_20211367,삼송빵집,0.24133949191685913,False,5663.442151218367,107.28000742995447,15,20,0.3140877598152425,True,0.4022863741339492,0.5095842956120092,0.6168822170900693,264.0,189.0,131.0,194.66666666666666,False,direct_size_estimation_deferred,매장 면적·좌석·점포별 매출이 없어 규모별 적합도와 argmax 규모는 산출하지 않음,0.58806347945058,0.8752886836027713,usable_area_profile,True,balanced,True,0.6627713625866051,13.0
3111021,방이역 4번,11710,394829518.0,38606.0,10227.154276537325,0.6466512702078522,0.8531746031746031,0.13095238095238096,0.6746031746031746,0.9325396825396826,0.8928571428571429,0.7063492063492064,0.4087301587301587,0.03968253968253968,0.5436507936507936,BRD_20211367,삼송빵집,0.3695150115473441,False,5627.352663547738,115.2085066609535,15,51,0.29907621247113164,True,0.45265588914549654,0.5080831408775981,0.5635103926096997,237.0,191.0,162.0,196.66666666666666,False,direct_size_estimation_deferred,매장 면적·좌석·점포별 매출이 없어 규모별 적합도와 argmax 규모는 산출하지 않음,0.42624720156694806,0.9584295612009238,usable_area_profile,True,balanced,True,0.6606812933025404,14.0
3120165,서래마을카페거리(서래마을),11650,2971488955.0,159582.0,18620.45189933702,0.9718244803695151,0.7619047619047619,0.2857142857142857,0.7023809523809523,0.6785714285714286,0.8293650793650794,0.7777777777777778,0.42857142857142855,0.08333333333333333,0.5198412698412699,BRD_20211367,삼송빵집,0.9064665127020786,False,4747.001685280006,18.110770263065373,12,56,0.5814087759815242,True,0.9260739030023095,0.9391454965357968,0.9522170900692841,3.0,1.0,1.0,1.6666666666666667,True,direct_size_estimation_deferred,매장 면적·좌석·점포별 매출이 없어 규모별 적합도와 argmax 규모는 산출하지 않음,0.6591715163387367,0.8152424942263279,usable_area_profile,True,balanced,True,0.6605484988452657,15.0
3120107,공덕역(공덕오거리),11440,1051109080.0,111230.0,9449.870358716174,0.8578521939953809,0.9404761904761905,0.4246031746031746,0.5833333333333334,0.9642857142857143,0.9880952380952381,0.9841269841269841,0.1111111111111111,0.011904761904761904,0.051587301587301584,BRD_20211367,삼송빵집,0.06351039260969978,False,4940.915097412014,80.05623025110103,24,77,0.575635103926097,True,0.30181293302540413,0.4606812933025404,0.6195496535796766,327.0,242.0,127.0,232.0,False,direct_size_estimation_deferred,매장 면적·좌석·점포별 매출이 없어 규모별 적합도와 argmax 규모는 산출하지 않음,0.5665402603412866,0.8914549653579676,usable_area_profile,True,balanced,True,0.6596304849884527,16.0
3120080,마들역,11350,1045100686.0,106340.0,9827.916926838443,0.858891454965358,0.8928571428571429,0.08333333333333333,0.7222222222222222,0.9444444444444444,0.7777777777777778,0.30158730158730157,0.38095238095238093,0.4444444444444444,0.6071428571428571,BRD_20211367,삼송빵집,0.5311778290993071,False,8068.954393217499,45.607017023633105,8,32,0.4087759815242494,True,0.6294919168591223,0.6950346420323326,0.7605773672055427,129.0,76.0,51.0,85.33333333333333,False,direct_size_estimation_deferred,매장 면적·좌석·점포별 매출이 없어 규모별 적합도와 argmax 규모는 산출하지 않음,0.6303381523437505,0.8406466512702079,usable_area_profile,True,balanced,True,0.6596189376443419,17.0
3120226,석촌고분역,11710,497422151.0,44126.0,11272.767778633912,0.7166281755196304,0.8531746031746031,0.13095238095238096,0.6746031746031746,0.9325396825396826,0.8928571428571429,0.7063492063492064,0.4087301587301587,0.03968253968253968,0.5436507936507936,BRD_20211367,삼송빵집,0.3695150115473441,False,3480.8856631605663,58.872744129090485,22,78,0.6351039260969977,True,0.47364896073903,0.5430715935334873,0.6124942263279445,226.0,162.0,133.0,173.66666666666666,False,direct_size_estimation_deferred,매장 면적·좌석·점포별 매출이 없어 규모별 적합도와 argmax 규모는 산출하지 않음,0.33446307758275157,0.9953810623556582,usable_area_profile,True,balanced,True,0.65324480369515,18.0
3120133,서울시흥동우체국(홈플러스시흥점),11545,637795918.0,60754.0,10498.00701188399,0.7765588914549653,0.753968253968254,0.7420634920634921,0.3531746031746032,0.24206349206349206,0.8690476190476191,0.873015873015873,0.04365079365079365,0.13095238095238096,0.6785714285714286,BRD_20211367,삼송빵집,0.10739030023094688,False,7030.980585971701,60.20797286767192,15,45,0.4826789838337182,True,0.30814087759815234,0.44197459584295606,0.5758083140877597,322.0,258.0,153.0,244.33333333333334,False,direct_size_estimation_deferred,매장 면적·좌석·점포별 매출이 없어 규모별 적합도와 argmax 규모는 산출하지 않음,0.5461852366436877,0.9076212471131639,usable_area_profile,True,balanced,True,0.653204387990762,19.0
3110274,서일대학교,11260,492656087.0,41512.0,11867.79935922143,0.7133949191685912,0.8492063492063492,0.40476190476190477,0.5,0.39285714285714285,0.623015873015873,0.5714285714285714,0.16666666666666666,0.32936507936507936,0.8134920634920635,BRD_20211367,삼송빵집,0.9445727482678984,False,1419.2173899547236,101.51354588565466,6,29,0.16801385681293304,True,0.8752193995381061,0.8289838337182448,0.7827482678983833,18.0,21.0,40.0,26.333333333333332,False,direct_size_estimation_deferred,매장 면적·좌석·점포별 매출이 없어 규모별 적합도와 argmax 규모는 산출하지 않음,0.6194209944853442,0.8545034642032332,usable_area_profile,True,balanced,True,0.6517378752886835,20.0
3120069,상봉역,11260,1511381851.0,142985.0,10570.212616708046,0.9086605080831409,0.8492063492063492,0.40476190476190477,0.5,0.39285714285714285,0.623015873015873,0.5714285714285714,0.16666666666666666,0.32936507936507936,0.8134920634920635,BRD_20230468,소림사,0.8706697459584296,False,5607.677772457989,89.18520055817115,16,56,0.3937644341801385,True,0.8820669745958429,0.8896651270207853,0.8972632794457274,16.0,12.0,8.0,12.0,False,direct_size_estimation_deferred,매장 면적·좌석·점포별 매출이 없어 규모별 적합도와 argmax 규모는 산출하지 않음,0.5176113503269802,0.9561200923787528,usable_area_profile,True,balanced,True,0.7370265588914549,1.0
3120037,동대문역사문화공원역,11140,991150857.0,75063.0,13204.253187322649,0.8695150115473441,0.873015873015873,0.5793650793650794,0.6428571428571429,0.34523809523809523,0.8571428571428571,0.8214285714285714,0.0873015873015873,0.023809523809523808,0.8293650793650794,BRD_20230468,소림사,0.26096997690531176,False,1705.5629569499367,125.25573836405046,15,74,0.2806004618937644,True,0.44353348729792147,0.5652424942263279,0.6869515011547344,244.0,152.0,90.0,162.0,False,direct_size_estimation_deferred,매장 면적·좌석·점포별 매출이 없어 규모별 적합도와 argmax 규모는 산출하지 않음,0.5405237524648763,0.9445727482678984,usable_area_profile,True,balanced,True,0.7345265588914549,2.0
3110892,관악구 중앙길,11620,913081619.0,87290.0,10460.323278726086,0.8403002309468822,0.6944444444444444,0.5833333333333334,0.49603174603174605,0.8611111111111112,0.9801587301587301,0.8690476190476191,0.027777777777777776,0.051587301587301584,0.3412698412698413,BRD_20230468,소림사,0.34757505773672054,False,1979.0040424053163,165.92166821826325,24,76,0.39838337182448036,True,0.495392609699769,0.5939376443418014,0.6924826789838336,211.0,136.0,86.0,144.33333333333334,False,direct_size_estimation_deferred,매장 면적·좌석·점포별 매출이 없어 규모별 적합도와 argmax 규모는 산출하지 않음,0.42180319385918774,0.9884526558891455,usable_area_profile,True,balanced,True,0.7285739030023095,3.0
3120188,압구정역,11680,1784647410.0,134975.0,13222.058973884052,0.9404157043879908,0.7817460317460317,0.18253968253968253,0.75,0.6468253968253969,0.8531746031746031,0.9206349206349206,0.4365079365079365,0.027777777777777776,0.4880952380952381,BRD_20230468,소림사,0.7066974595842956,False,4611.232047981395,98.31073190628577,25,98,0.5340646651270209,True,0.7768129330254041,0.8235565819861432,0.8703002309468822,59.0,29.0,16.0,34.666666666666664,False,direct_size_estimation_deferred,매장 면적·좌석·점포별 매출이 없어 규모별 적합도와 argmax 규모는 산출하지 않음,0.5152356103003339,0.9584295612009238,usable_area_profile,True,balanced,True,0.7282505773672056,4.0
3120107,공덕역(공덕오거리),11440,1051109080.0,111230.0,9449.870358716174,0.8578521939953809,0.9404761904761905,0.4246031746031746,0.5833333333333334,0.9642857142857143,0.9880952380952381,0.9841269841269841,0.1111111111111111,0.011904761904761904,0.051587301587301584,BRD_20230468,소림사,0.049653579676674366,False,2166.5502532804,80.05623025110103,24,77,0.5785219399538106,True,0.2921131639722863,0.45375288683602766,0.6153926096997689,336.0,249.0,140.0,241.66666666666666,False,direct_size_estimation_deferred,매장 면적·좌석·점포별 매출이 없어 규모별 적합도와 argmax 규모는 산출하지 않음,0.4429433892550649,0.9815242494226328,usable_area_profile,True,balanced,True,0.7042321016166282,5.0
3120153,노량진역(노량진),11590,595426544.0,103117.0,5774.2810981700395,0.7636258660508083,0.8611111111111112,0.5158730158730159,0.42857142857142855,0.753968253968254,0.9563492063492064,0.6626984126984127,0.11507936507936507,0.09523809523809523,0.5674603174603174,BRD_20230468,소림사,0.9018475750577367,False,2461.528996417717,132.0075755359234,5,24,0.09526558891454966,True,0.8603810623556583,0.8327367205542725,0.8050923787528868,24.0,26.0,37.0,29.0,False,direct_size_estimation_deferred,매장 면적·좌석·점포별 매출이 없어 규모별 적합도와 argmax 규모는 산출하지 않음,0.6775002310881403,0.8845265588914549,usable_area_profile,True,balanced,True,0.6952424942263279,6.0
3130072,성동용답상가시장,11200,441220675.0,42751.0,10320.710041870365,0.6748267898383372,0.9206349206349206,0.38492063492063494,0.5555555555555556,0.9920634920634921,0.9841269841269841,0.9563492063492064,0.10317460317460317,0.015873015873015872,0.07936507936507936,BRD_20230468,소림사,0.13394919168591224,False,2515.5764746950363,135.0925608781212,10,28,0.1489607390300231,True,0.29621247113163973,0.4043879907621247,0.5125635103926097,334.0,282.0,206.0,274.0,False,direct_size_estimation_deferred,매장 면적·좌석·점포별 매출이 없어 규모별 적합도와 argmax 규모는 산출하지 않음,0.5138145321011462,0.9607390300230947,usable_area_profile,True,balanced,True,0.6942147806004618,7.0
3120166,방배역,11650,1455145059.0,122673.0,11861.983150326478,0.9176674364896074,0.7619047619047619,0.2857142857142857,0.7023809523809523,0.6785714285714286,0.8293650793650794,0.7777777777777778,0.42857142857142855,0.08333333333333333,0.5198412698412699,BRD_20230468,소림사,0.9780600461893765,False,5713.48833901069,99.2975326976693,12,28,0.2684757505773672,True,0.9599422632794457,0.9478637413394919,0.935785219399538,3.0,3.0,3.0,3.0,False,direct_size_estimation_deferred,매장 면적·좌석·점포별 매출이 없어 규모별 적합도와 argmax 규모는 산출하지 않음,0.7531084528024812,0.8244803695150116,usable_area_profile,True,balanced,True,0.6931524249422631,8.0
3120175,남부터미널역,11650,960650667.0,103198.0,9308.810897498013,0.8390300230946882,0.7619047619047619,0.2857142857142857,0.7023809523809523,0.6785714285714286,0.8293650793650794,0.7777777777777778,0.42857142857142855,0.08333333333333333,0.5198412698412699,BRD_20230468,소림사,0.9780600461893765,False,6581.985718600751,49.929950906089985,13,46,0.4826789838337182,True,0.93635103926097,0.9085450346420323,0.8807390300230946,7.0,7.0,15.0,9.666666666666666,False,direct_size_estimation_deferred,매장 면적·좌석·점포별 매출이 없어 규모별 적합도와 argmax 규모는 산출하지 않음,0.5992652784820656,0.9260969976905312,usable_area_profile,True,balanced,True,0.6843071593533487,9.0
3120120,화곡역,11500,2140760825.0,296121.0,7229.34484551923,0.8866050808314089,0.8373015873015873,0.23809523809523808,0.623015873015873,0.32142857142857145,0.8333333333333334,0.9246031746031746,0.46825396825396826,0.05555555555555555,0.42063492063492064,BRD_20230468,소림사,0.4976905311778291,False,8279.959903281882,26.400757567542716,25,54,0.8181293302540416,True,0.614364896073903,0.692147806004619,0.7699307159353349,140.0,88.0,50.0,92.66666666666667,False,direct_size_estimation_deferred,매장 면적·좌석·점포별 매출이 없어 규모별 적합도와 argmax 규모는 산출하지 않음,0.4330121705346356,0.9838337182448037,usable_area_profile,True,balanced,True,0.6795092378752887,10.0
3120038,약수역,11140,1550178516.0,134777.0,11501.803096967584,0.9235565819861433,0.873015873015873,0.5793650793650794,0.6428571428571429,0.34523809523809523,0.8571428571428571,0.8214285714285714,0.0873015873015873,0.023809523809523808,0.8293650793650794,BRD_20230468,소림사,0.26096997690531176,False,2747.816769761925,62.64183906448842,18,44,0.5525404157043879,True,0.45974595842956123,0.5922632794457275,0.7247806004618937,235.0,137.0,69.0,147.0,False,direct_size_estimation_deferred,매장 면적·좌석·점포별 매출이 없어 규모별 적합도와 argmax 규모는 산출하지 않음,0.6963820433465424,0.8660508083140878,usable_area_profile,True,balanced,True,0.6733891454965358,11.0
3120158,녹두거리(대학동),11620,695809095.0,79236.0,8781.476790852643,0.7778290993071594,0.6944444444444444,0.5833333333333334,0.49603174603174605,0.8611111111111112,0.9801587301587301,0.8690476190476191,0.027777777777777776,0.051587301587301584,0.3412698412698413,BRD_20230468,소림사,0.34757505773672054,False,1614.0043370498913,107.28000742995447,15,20,0.31524249422632794,True,0.47665127020785214,0.56270207852194,0.6487528868360277,223.0,154.0,114.0,163.66666666666666,False,direct_size_estimation_deferred,매장 면적·좌석·점포별 매출이 없어 규모별 적합도와 argmax 규모는 산출하지 않음,0.6778725541583833,0.8822170900692841,usable_area_profile,True,balanced,True,0.6660623556581986,12.0
3001496,강남 마이스 관광특구,11680,1293218183.0,103941.0,12441.848577558423,0.9066974595842956,0.7817460317460317,0.18253968253968253,0.75,0.6468253968253969,0.8531746031746031,0.9206349206349206,0.4365079365079365,0.027777777777777776,0.4880952380952381,BRD_20230468,소림사,0.7066974595842956,False,4177.65316897119,97.94386148455335,20,41,0.4578521939953811,True,0.7666974595842956,0.8066974595842956,0.8466974595842955,64.0,36.0,24.0,41.333333333333336,False,direct_size_estimation_deferred,매장 면적·좌석·점포별 매출이 없어 규모별 적합도와 argmax 규모는 산출하지 않음,0.7419993643927456,0.8337182448036952,usable_area_profile,True,balanced,True,0.6655254041570439,13.0
3120028,명동(명동거리),11140,1220806458.0,114833.0,10631.14660419914,0.888799076212471,0.873015873015873,0.5793650793650794,0.6428571428571429,0.34523809523809523,0.8571428571428571,0.8214285714285714,0.0873015873015873,0.023809523809523808,0.8293650793650794,BRD_20230468,소림사,0.26096997690531176,False,1434.1635192731487,30.675723307169914,43,94,0.9053117782909931,True,0.4493187066974595,0.5748845265588913,0.7004503464203231,239.0,146.0,79.0,154.66666666666666,False,direct_size_estimation_deferred,매장 면적·좌석·점포별 매출이 없어 규모별 적합도와 argmax 규모는 산출하지 않음,0.47261572509234406,0.9722863741339491,usable_area_profile,True,balanced,True,0.6614260969976905,14.0
3120246,길동역,11740,916043297.0,88020.0,10407.217643717337,0.8409930715935335,0.8452380952380952,0.06746031746031746,0.7063492063492064,0.38492063492063494,0.6626984126984127,0.7182539682539683,0.5833333333333334,0.06746031746031746,0.6507936507936508,BRD_20230468,소림사,0.38799076212471134,False,985.6003246902734,87.92041856413586,26,71,0.5767898383371824,True,0.5238914549653579,0.6144919168591224,0.7050923787528869,199.0,127.0,76.0,134.0,False,direct_size_estimation_deferred,매장 면적·좌석·점포별 매출이 없어 규모별 적합도와 argmax 규모는 산출하지 않음,0.6442691216031284,0.8983833718244804,usable_area_profile,True,balanced,True,0.6570207852193996,15.0
3120003,광화문역,11110,756200869.0,75218.0,10053.456207290808,0.8042725173210161,0.876984126984127,0.42857142857142855,0.503968253968254,0.75,0.9444444444444444,0.8531746031746031,0.2619047619047619,0.05952380952380952,0.3611111111111111,BRD_20230468,소림사,0.7990762124711316,False,1508.377273736884,69.12307861572918,25,101,0.6426096997690531,True,0.8006351039260968,0.8016743648960738,0.8027136258660507,45.0,38.0,40.0,41.0,False,direct_size_estimation_deferred,매장 면적·좌석·점포별 매출이 없어 규모별 적합도와 argmax 규모는 산출하지 않음,0.5659815537296873,0.9399538106235565,usable_area_profile,True,balanced,True,0.6550808314087759,16.0
3111005,삼전역 3번,11710,233054769.0,25337.0,9198.19903698149,0.48152424942263283,0.8531746031746031,0.13095238095238096,0.6746031746031746,0.9325396825396826,0.8928571428571429,0.7063492063492064,0.4087301587301587,0.03968253968253968,0.5436507936507936,BRD_20230468,소림사,0.44341801385681295,False,5291.007654511102,198.59506540938497,7,54,0.053117782909930716,True,0.45484988452655895,0.46247113163972287,0.47009237875288684,237.0,245.0,230.0,237.33333333333334,False,direct_size_estimation_deferred,매장 면적·좌석·점포별 매출이 없어 규모별 적합도와 argmax 규모는 산출하지 않음,0.42932242050563174,0.9861431870669746,usable_area_profile,True,balanced,True,0.6536374133949192,17.0
3120159,서울대입구역,11620,577357524.0,63766.0,9054.316155945175,0.7378752886836027,0.6944444444444444,0.5833333333333334,0.49603174603174605,0.8611111111111112,0.9801587301587301,0.8690476190476191,0.027777777777777776,0.051587301587301584,0.3412698412698413,BRD_20230468,소림사,0.34757505773672054,False,2062.580180227868,112.61438631512817,37,77,0.575635103926097,True,0.4646651270207852,0.5427251732101617,0.620785219399538,234.0,175.0,137.0,182.0,False,direct_size_estimation_deferred,매장 면적·좌석·점포별 매출이 없어 규모별 적합도와 argmax 규모는 산출하지 않음,0.5131698818806543,0.9630484988452656,usable_area_profile,True,balanced,True,0.6534353348729791,18.0
3120081,노원역,11350,1459224642.0,143889.0,10141.32172716469,0.8973441108545035,0.8928571428571429,0.08333333333333333,0.7222222222222222,0.9444444444444444,0.7777777777777778,0.30158730158730157,0.38095238095238093,0.4444444444444444,0.6071428571428571,BRD_20230468,소림사,0.16397228637413394,False,10975.76184143841,36.878177844323965,34,60,0.8550808314087759,True,0.3839838337182448,0.5306581986143187,0.6773325635103926,279.0,182.0,95.0,185.33333333333334,False,direct_size_estimation_deferred,매장 면적·좌석·점포별 매출이 없어 규모별 적합도와 argmax 규모는 산출하지 않음,0.5798419560146009,0.9330254041570438,usable_area_profile,True,balanced,True,0.6523210161662817,19.0
3110810,영신초등학교,11560,325709619.0,29453.0,11058.62285675483,0.5928406466512702,0.8571428571428571,0.7698412698412699,0.5277777777777778,0.23809523809523808,0.9007936507936508,0.9761904761904762,0.3373015873015873,0.047619047619047616,0.25,BRD_20230468,소림사,0.21709006928406466,False,3249.8495349681434,74.63243262412867,11,41,0.34526558891454967,True,0.32981524249422633,0.4049653579676674,0.4801154734411085,314.0,280.0,224.0,272.6666666666667,False,direct_size_estimation_deferred,매장 면적·좌석·점포별 매출이 없어 규모별 적합도와 argmax 규모는 산출하지 않음,0.42122949554805145,0.9907621247113164,usable_area_profile,True,balanced,True,0.6510854503464203,20.0
3120166,방배역,11650,1455145059.0,122673.0,11861.983150326478,0.9176674364896074,0.7619047619047619,0.2857142857142857,0.7023809523809523,0.6785714285714286,0.8293650793650794,0.7777777777777778,0.42857142857142855,0.08333333333333333,0.5198412698412699,BRD_20140288,스트릿츄러스,0.9780600461893765,False,2513.5252137350526,99.2975326976693,12,28,0.2673210161662818,True,0.9599422632794457,0.9478637413394919,0.935785219399538,3.0,3.0,5.0,3.6666666666666665,False,direct_size_estimation_deferred,매장 면적·좌석·점포별 매출이 없어 규모별 적합도와 argmax 규모는 산출하지 않음,0.4700150412050755,0.9630484988452656,usable_area_profile,True,balanced,True,0.762609699769053,1.0
3120188,압구정역,11680,1784647410.0,134975.0,13222.058973884052,0.9404157043879908,0.7817460317460317,0.18253968253968253,0.75,0.6468253968253969,0.8531746031746031,0.9206349206349206,0.4365079365079365,0.027777777777777776,0.4880952380952381,BRD_20140288,스트릿츄러스,0.7205542725173211,False,2950.8968128188217,98.31073190628577,25,98,0.5323325635103926,True,0.7865127020785219,0.830484988452656,0.8744572748267898,53.0,27.0,18.0,32.666666666666664,False,direct_size_estimation_deferred,매장 면적·좌석·점포별 매출이 없어 규모별 적합도와 argmax 규모는 산출하지 않음,0.3812848977905176,0.9930715935334873,usable_area_profile,True,balanced,True,0.7458314087759814,2.0
3120069,상봉역,11260,1511381851.0,142985.0,10570.212616708046,0.9086605080831409,0.8492063492063492,0.40476190476190477,0.5,0.39285714285714285,0.623015873015873,0.5714285714285714,0.16666666666666666,0.32936507936507936,0.8134920634920635,BRD_20140288,스트릿츄러스,0.9399538106235565,False,3730.3652636260695,89.18520055817115,16,56,0.3920323325635104,True,0.9305658198614317,0.9243071593533487,0.9180484988452655,8.0,6.0,7.0,7.0,False,direct_size_estimation_deferred,매장 면적·좌석·점포별 매출이 없어 규모별 적합도와 argmax 규모는 산출하지 않음,0.47818066044441343,0.9584295612009238,usable_area_profile,True,balanced,True,0.7384411085450346,3.0
3120038,약수역,11140,1550178516.0,134777.0,11501.803096967584,0.9235565819861433,0.873015873015873,0.5793650793650794,0.6428571428571429,0.34523809523809523,0.8571428571428571,0.8214285714285714,0.0873015873015873,0.023809523809523808,0.8293650793650794,BRD_20140288,스트릿츄러스,0.20092378752886836,False,5352.116964325364,62.64183906448842,18,44,0.5502309468822171,True,0.4177136258660509,0.5622401847575058,0.7067667436489607,261.0,162.0,84.0,169.0,False,direct_size_estimation_deferred,매장 면적·좌석·점포별 매출이 없어 규모별 적합도와 argmax 규모는 산출하지 않음,0.4953516318471608,0.9422632794457275,usable_area_profile,True,balanced,True,0.7118418013856813,4.0
3130072,성동용답상가시장,11200,441220675.0,42751.0,10320.710041870365,0.6748267898383372,0.9206349206349206,0.38492063492063494,0.5555555555555556,0.9920634920634921,0.9841269841269841,0.9563492063492064,0.10317460317460317,0.015873015873015872,0.07936507936507936,BRD_20140288,스트릿츄러스,0.13394919168591224,False,6209.884056905801,135.0925608781212,10,28,0.14953810623556585,True,0.29621247113163973,0.4043879907621247,0.5125635103926097,340.0,287.0,210.0,279.0,False,direct_size_estimation_deferred,매장 면적·좌석·점포별 매출이 없어 규모별 적합도와 argmax 규모는 산출하지 않음,0.398120967798322,0.9907621247113164,usable_area_profile,True,balanced,True,0.7091397228637414,5.0
3120009,종로3가역,11110,773341001.0,64864.0,11922.499398741984,0.8273672055427251,0.876984126984127,0.42857142857142855,0.503968253968254,0.75,0.9444444444444444,0.8531746031746031,0.2619047619047619,0.05952380952380952,0.3611111111111111,BRD_20140288,스트릿츄러스,0.8614318706697459,False,4397.763067770533,125.80143085865113,24,103,0.4532332563510392,True,0.8512124711316396,0.8443995381062355,0.8375866050808313,24.0,22.0,28.0,24.666666666666668,False,direct_size_estimation_deferred,매장 면적·좌석·점포별 매출이 없어 규모별 적합도와 argmax 규모는 산출하지 않음,0.49356682764611803,0.9445727482678984,usable_area_profile,True,balanced,True,0.6938799076212471,6.0
3110883,은천초등학교(은천교앞),11620,384324031.0,36658.0,10484.042528233946,0.6409930715935335,0.6944444444444444,0.5833333333333334,0.49603174603174605,0.8611111111111112,0.9801587301587301,0.8690476190476191,0.027777777777777776,0.051587301587301584,0.3412698412698413,BRD_20140288,스트릿츄러스,0.5277136258660509,False,5041.508702723719,165.06059494972328,13,69,0.17782909930715937,True,0.5616974595842956,0.5843533487297922,0.6070092378752887,178.0,152.0,143.0,157.66666666666666,False,direct_size_estimation_deferred,매장 면적·좌석·점포별 매출이 없어 규모별 적합도와 argmax 규모는 산출하지 않음,0.4311067620348658,0.976905311778291,usable_area_profile,True,balanced,True,0.6861258660508083,7.0
3110892,관악구 중앙길,11620,913081619.0,87290.0,10460.323278726086,0.8403002309468822,0.6944444444444444,0.5833333333333334,0.49603174603174605,0.8611111111111112,0.9801587301587301,0.8690476190476191,0.027777777777777776,0.051587301587301584,0.3412698412698413,BRD_20140288,스트릿츄러스,0.5277136258660509,False,5032.662913416558,165.92166821826325,24,76,0.3978060046189376,True,0.6214896073903002,0.6840069284064665,0.7465242494226327,145.0,93.0,60.0,99.33333333333333,False,direct_size_estimation_deferred,매장 면적·좌석·점포별 매출이 없어 규모별 적합도와 argmax 규모는 산출하지 않음,0.5750972957446459,0.8983833718244804,usable_area_profile,True,balanced,True,0.6836258660508083,8.0
3110640,방화역 1번,11500,671414576.0,62982.0,10660.420056524086,0.7871824480369516,0.8373015873015873,0.23809523809523808,0.623015873015873,0.32142857142857145,0.8333333333333334,0.9246031746031746,0.46825396825396826,0.05555555555555555,0.42063492063492064,BRD_20140288,스트릿츄러스,0.7748267898383372,False,1335.611470416183,241.56986569432095,5,25,0.02482678983833718,True,0.7785334872979215,0.7810046189376444,0.7834757505773673,55.0,42.0,42.0,46.333333333333336,False,direct_size_estimation_deferred,매장 면적·좌석·점포별 매출이 없어 규모별 적합도와 argmax 규모는 산출하지 않음,0.6752448707057923,0.8175519630484989,usable_area_profile,True,balanced,True,0.6805658198614319,9.0
3120107,공덕역(공덕오거리),11440,1051109080.0,111230.0,9449.870358716174,0.8578521939953809,0.9404761904761905,0.4246031746031746,0.5833333333333334,0.9642857142857143,0.9880952380952381,0.9841269841269841,0.1111111111111111,0.011904761904761904,0.051587301587301584,BRD_20140288,스트릿츄러스,0.07043879907621248,False,2480.621897863063,80.05623025110103,24,77,0.575635103926097,True,0.306662817551963,0.46414549653579673,0.6216281755196303,331.0,237.0,133.0,233.66666666666666,False,direct_size_estimation_deferred,매장 면적·좌석·점포별 매출이 없어 규모별 적합도와 argmax 규모는 산출하지 않음,0.5191586205875993,0.9284064665127021,usable_area_profile,True,balanced,True,0.6781062355658198,10.0
3120165,서래마을카페거리(서래마을),11650,2971488955.0,159582.0,18620.45189933702,0.9718244803695151,0.7619047619047619,0.2857142857142857,0.7023809523809523,0.6785714285714286,0.8293650793650794,0.7777777777777778,0.42857142857142855,0.08333333333333333,0.5198412698412699,BRD_20140288,스트릿츄러스,0.9780600461893765,False,754.4461544881242,18.110770263065373,12,55,0.5814087759815242,True,0.976189376443418,0.9749422632794458,0.9736951501154734,1.0,1.0,1.0,1.0,True,direct_size_estimation_deferred,매장 면적·좌석·점포별 매출이 없어 규모별 적합도와 argmax 규모는 산출하지 않음,0.6470010547858626,0.8452655889145496,usable_area_profile,True,balanced,True,0.6755600461893765,11.0
3120080,마들역,11350,1045100686.0,106340.0,9827.916926838443,0.858891454965358,0.8928571428571429,0.08333333333333333,0.7222222222222222,0.9444444444444444,0.7777777777777778,0.30158730158730157,0.38095238095238093,0.4444444444444444,0.6071428571428571,BRD_20140288,스트릿츄러스,0.24480369515011546,False,5118.002442342779,45.607017023633105,8,32,0.4093533487297921,True,0.4290300230946882,0.5518475750577367,0.6746651270207852,251.0,172.0,101.0,174.66666666666666,False,direct_size_estimation_deferred,매장 면적·좌석·점포별 매출이 없어 규모별 적합도와 argmax 규모는 산출하지 않음,0.6213752140574804,0.8706697459584296,usable_area_profile,True,balanced,True,0.6745438799076212,12.0
3120246,길동역,11740,916043297.0,88020.0,10407.217643717337,0.8409930715935335,0.8452380952380952,0.06746031746031746,0.7063492063492064,0.38492063492063494,0.6626984126984127,0.7182539682539683,0.5833333333333334,0.06746031746031746,0.6507936507936508,BRD_20140288,스트릿츄러스,0.8175519630484989,False,11684.474870539088,87.92041856413586,26,72,0.5750577367205543,True,0.8245842956120092,0.8292725173210163,0.8339607390300231,39.0,28.0,29.0,32.0,False,direct_size_estimation_deferred,매장 면적·좌석·점포별 매출이 없어 규모별 적합도와 argmax 규모는 산출하지 않음,0.5141040236177097,0.930715935334873,usable_area_profile,True,balanced,True,0.67344688221709,13.0
3111021,방이역 4번,11710,394829518.0,38606.0,10227.154276537325,0.6466512702078522,0.8531746031746031,0.13095238095238096,0.6746031746031746,0.9325396825396826,0.8928571428571429,0.7063492063492064,0.4087301587301587,0.03968253968253968,0.5436507936507936,BRD_20140288,스트릿츄러스,0.394919168591224,False,10426.103874403452,115.2085066609535,15,51,0.2984988452655889,True,0.47043879907621244,0.5207852193995381,0.5711316397228636,219.0,194.0,169.0,194.0,False,direct_size_estimation_deferred,매장 면적·좌석·점포별 매출이 없어 규모별 적합도와 argmax 규모는 산출하지 않음,0.419074175918286,0.9815242494226328,usable_area_profile,True,balanced,True,0.6723152424942264,14.0
3120120,화곡역,11500,2140760825.0,296121.0,7229.34484551923,0.8866050808314089,0.8373015873015873,0.23809523809523808,0.623015873015873,0.32142857142857145,0.8333333333333334,0.9246031746031746,0.46825396825396826,0.05555555555555555,0.42063492063492064,BRD_20140288,스트릿츄러스,0.7748267898383372,False,2094.595426346399,26.400757567542716,25,54,0.8175519630484989,True,0.8083602771362587,0.830715935334873,0.8530715935334874,47.0,26.0,22.0,31.666666666666668,False,direct_size_estimation_deferred,매장 면적·좌석·점포별 매출이 없어 규모별 적합도와 argmax 규모는 산출하지 않음,0.46295516591254104,0.9653579676674365,usable_area_profile,True,balanced,True,0.6703579676674366,15.0
3120068,사가정역,11260,944293896.0,91431.0,10327.940151589723,0.8467667436489608,0.8492063492063492,0.40476190476190477,0.5,0.39285714285714285,0.623015873015873,0.5714285714285714,0.16666666666666666,0.32936507936507936,0.8134920634920635,BRD_20140288,스트릿츄러스,0.9399538106235565,False,5077.116996891556,42.201895677975386,26,50,0.7713625866050808,True,0.9119976905311777,0.8933602771362587,0.8747228637413395,11.0,15.0,17.0,14.333333333333334,False,direct_size_estimation_deferred,매장 면적·좌석·점포별 매출이 없어 규모별 적합도와 argmax 규모는 산출하지 않음,0.42958563210247813,0.9792147806004619,usable_area_profile,True,balanced,True,0.6702713625866051,16.0
3110274,서일대학교,11260,492656087.0,41512.0,11867.79935922143,0.7133949191685912,0.8492063492063492,0.40476190476190477,0.5,0.39285714285714285,0.623015873015873,0.5714285714285714,0.16666666666666666,0.32936507936507936,0.8134920634920635,BRD_20140288,스트릿츄러스,0.9399538106235565,False,4955.465063955781,101.51354588565466,6,29,0.16801385681293304,True,0.8719861431870668,0.8266743648960739,0.7813625866050807,20.0,29.0,44.0,31.0,False,direct_size_estimation_deferred,매장 면적·좌석·점포별 매출이 없어 규모별 적합도와 argmax 규모는 산출하지 않음,0.5831080740191408,0.8914549653579676,usable_area_profile,True,balanced,True,0.6702136258660507,17.0
3120133,서울시흥동우체국(홈플러스시흥점),11545,637795918.0,60754.0,10498.00701188399,0.7765588914549653,0.753968253968254,0.7420634920634921,0.3531746031746032,0.24206349206349206,0.8690476190476191,0.873015873015873,0.04365079365079365,0.13095238095238096,0.6785714285714286,BRD_20140288,스트릿츄러스,0.1605080831408776,False,5642.094026164598,60.20797286767192,15,45,0.4821016166281755,True,0.3453233256351039,0.46853348729792144,0.5917436489607388,309.0,232.0,157.0,232.66666666666666,False,direct_size_estimation_deferred,매장 면적·좌석·점포별 매출이 없어 규모별 적합도와 argmax 규모는 산출하지 않음,0.4997789958870685,0.9376443418013857,usable_area_profile,True,balanced,True,0.6683025404157044,18.0
3120201,도곡1동,11680,649721874.0,58337.0,11137.38920410717,0.7846420323325634,0.7817460317460317,0.18253968253968253,0.75,0.6468253968253969,0.8531746031746031,0.9206349206349206,0.4365079365079365,0.027777777777777776,0.4880952380952381,BRD_20140288,스트릿츄러스,0.7205542725173211,False,3436.924497281101,87.09190547353441,10,65,0.26501154734411086,True,0.7397806004618936,0.7525981524249422,0.7654157043879906,78.0,58.0,52.0,62.666666666666664,False,direct_size_estimation_deferred,매장 면적·좌석·점포별 매출이 없어 규모별 적합도와 argmax 규모는 산출하지 않음,0.628465752250668,0.8660508083140878,usable_area_profile,True,balanced,True,0.6678983833718244,19.0
3120079,창동역,11320,765698620.0,76216.0,10046.428833840664,0.8071593533487298,0.7182539682539683,0.11904761904761904,0.6071428571428571,0.25793650793650796,0.3611111111111111,0.24603174603174602,0.19047619047619047,0.4246031746031746,0.9126984126984127,BRD_20140288,스트릿츄러스,0.019630484988452657,False,3717.514492222464,91.21403398036323,16,24,0.38394919168591224,True,0.2558891454965358,0.4133949191685912,0.5709006928406466,366.0,280.0,170.0,272.0,False,direct_size_estimation_deferred,매장 면적·좌석·점포별 매출이 없어 규모별 적합도와 argmax 규모는 산출하지 않음,0.596391017159844,0.8822170900692841,usable_area_profile,True,balanced,True,0.6660219399538106,20.0
3120038,약수역,11140,1550178516.0,134777.0,11501.803096967584,0.9235565819861433,0.873015873015873,0.5793650793650794,0.6428571428571429,0.34523809523809523,0.8571428571428571,0.8214285714285714,0.0873015873015873,0.023809523809523808,0.8293650793650794,BRD_20160521,심봉사도로케,0.14780600461893764,False,2629.0798770863585,62.64183906448842,18,44,0.5508083140877598,True,0.38053117782909934,0.5356812933025404,0.6908314087759816,281.0,187.0,93.0,187.0,False,direct_size_estimation_deferred,매장 면적·좌석·점포별 매출이 없어 규모별 적합도와 argmax 규모는 산출하지 않음,0.3831755678252721,0.9792147806004619,usable_area_profile,True,balanced,True,0.730230946882217,1.0
3120166,방배역,11650,1455145059.0,122673.0,11861.983150326478,0.9176674364896074,0.7619047619047619,0.2857142857142857,0.7023809523809523,0.6785714285714286,0.8293650793650794,0.7777777777777778,0.42857142857142855,0.08333333333333333,0.5198412698412699,BRD_20160521,심봉사도로케,0.9064665127020786,False,5788.72075681363,99.2975326976693,12,28,0.2673210161662818,True,0.9098267898383372,0.912066974595843,0.9143071593533487,7.0,5.0,7.0,6.333333333333333,False,direct_size_estimation_deferred,매장 면적·좌석·점포별 매출이 없어 규모별 적합도와 argmax 규모는 산출하지 않음,0.5558439096345259,0.8914549653579676,usable_area_profile,True,balanced,True,0.7268129330254041,2.0
3120188,압구정역,11680,1784647410.0,134975.0,13222.058973884052,0.9404157043879908,0.7817460317460317,0.18253968253968253,0.75,0.6468253968253969,0.8531746031746031,0.9206349206349206,0.4365079365079365,0.027777777777777776,0.4880952380952381,BRD_20160521,심봉사도로케,0.6073903002309469,False,4095.381423035237,98.31073190628577,25,98,0.5323325635103926,True,0.7072979214780599,0.7739030023094688,0.8405080831408775,92.0,45.0,25.0,54.0,False,direct_size_estimation_deferred,매장 면적·좌석·점포별 매출이 없어 규모별 적합도와 argmax 규모는 산출하지 않음,0.4867308628847694,0.9284064665127021,usable_area_profile,True,balanced,True,0.7134988452655888,3.0
3130072,성동용답상가시장,11200,441220675.0,42751.0,10320.710041870365,0.6748267898383372,0.9206349206349206,0.38492063492063494,0.5555555555555556,0.9920634920634921,0.9841269841269841,0.9563492063492064,0.10317460317460317,0.015873015873015872,0.07936507936507936,BRD_20160521,심봉사도로케,0.08083140877598152,False,1329.2573114155348,135.0925608781212,10,28,0.1489607390300231,True,0.2590300230946882,0.37782909930715936,0.49662817551963045,365.0,307.0,217.0,296.3333333333333,False,direct_size_estimation_deferred,매장 면적·좌석·점포별 매출이 없어 규모별 적합도와 argmax 규모는 산출하지 않음,0.2785675114578184,0.9976905311778291,usable_area_profile,True,balanced,True,0.7126905311778291,4.0
3120069,상봉역,11260,1511381851.0,142985.0,10570.212616708046,0.9086605080831409,0.8492063492063492,0.40476190476190477,0.5,0.39285714285714285,0.623015873015873,0.5714285714285714,0.16666666666666666,0.32936507936507936,0.8134920634920635,BRD_20160521,심봉사도로케,0.9445727482678984,False,5834.943358744293,89.18520055817115,16,56,0.3920323325635104,True,0.933799076212471,0.9266166281755197,0.9194341801385681,2.0,3.0,5.0,3.3333333333333335,True,direct_size_estimation_deferred,매장 면적·좌석·점포별 매출이 없어 규모별 적합도와 argmax 규모는 산출하지 않음,0.5572366934724896,0.8891454965357968,usable_area_profile,True,balanced,True,0.7037990762124711,5.0
3120009,종로3가역,11110,773341001.0,64864.0,11922.499398741984,0.8273672055427251,0.876984126984127,0.42857142857142855,0.503968253968254,0.75,0.9444444444444444,0.8531746031746031,0.2619047619047619,0.05952380952380952,0.3611111111111111,BRD_20160521,심봉사도로케,0.8175519630484989,False,4363.655004706309,125.80143085865113,24,103,0.4532332563510392,True,0.8204965357967666,0.822459584295612,0.8244226327944572,38.0,30.0,29.0,32.333333333333336,False,direct_size_estimation_deferred,매장 면적·좌석·점포별 매출이 없어 규모별 적합도와 argmax 규모는 산출하지 않음,0.43039759750039597,0.9630484988452656,usable_area_profile,True,balanced,True,0.7031177829099307,6.0
3120246,길동역,11740,916043297.0,88020.0,10407.217643717337,0.8409930715935335,0.8452380952380952,0.06746031746031746,0.7063492063492064,0.38492063492063494,0.6626984126984127,0.7182539682539683,0.5833333333333334,0.06746031746031746,0.6507936507936508,BRD_20160521,심봉사도로케,0.8614318706697459,False,9253.147032215842,87.92041856413586,26,72,0.5750577367205543,True,0.8553002309468821,0.8512124711316398,0.8471247113163972,25.0,22.0,22.0,23.0,False,direct_size_estimation_deferred,매장 면적·좌석·점포별 매출이 없어 규모별 적합도와 argmax 규모는 산출하지 않음,0.34399387472882337,0.9861431870669746,usable_area_profile,True,balanced,True,0.7011605080831408,7.0
3110640,방화역 1번,11500,671414576.0,62982.0,10660.420056524086,0.7871824480369516,0.8373015873015873,0.23809523809523808,0.623015873015873,0.32142857142857145,0.8333333333333334,0.9246031746031746,0.46825396825396826,0.05555555555555555,0.42063492063492064,BRD_20160521,심봉사도로케,0.7748267898383372,False,3569.7082513759183,241.56986569432095,5,25,0.02482678983833718,True,0.7785334872979215,0.7810046189376444,0.7834757505773673,57.0,42.0,36.0,45.0,False,direct_size_estimation_deferred,매장 면적·좌석·점포별 매출이 없어 규모별 적합도와 argmax 규모는 산출하지 않음,0.6203671289907009,0.8475750577367206,usable_area_profile,True,balanced,True,0.6955773672055428,8.0
3110883,은천초등학교(은천교앞),11620,384324031.0,36658.0,10484.042528233946,0.6409930715935335,0.6944444444444444,0.5833333333333334,0.49603174603174605,0.8611111111111112,0.9801587301587301,0.8690476190476191,0.027777777777777776,0.051587301587301584,0.3412698412698413,BRD_20160521,심봉사도로케,0.33140877598152424,False,1881.9314546647138,165.06059494972328,13,69,0.17840646651270212,True,0.424284064665127,0.4862009237875289,0.5481177829099306,258.0,223.0,185.0,222.0,False,direct_size_estimation_deferred,매장 면적·좌석·점포별 매출이 없어 규모별 적합도와 argmax 규모는 산출하지 않음,0.3001856161504573,0.9953810623556582,usable_area_profile,True,balanced,True,0.6952771362586604,9.0
3110892,관악구 중앙길,11620,913081619.0,87290.0,10460.323278726086,0.8403002309468822,0.6944444444444444,0.5833333333333334,0.49603174603174605,0.8611111111111112,0.9801587301587301,0.8690476190476191,0.027777777777777776,0.051587301587301584,0.3412698412698413,BRD_20160521,심봉사도로케,0.33140877598152424,False,2483.609671452951,165.92166821826325,24,76,0.3978060046189376,True,0.4840762124711316,0.5858545034642032,0.6876327944572748,228.0,146.0,95.0,156.33333333333334,False,direct_size_estimation_deferred,매장 면적·좌석·점포별 매출이 없어 규모별 적합도와 argmax 규모는 산출하지 않음,0.5480563508633881,0.8937644341801385,usable_area_profile,True,balanced,True,0.6813163972286373,10.0
3120068,사가정역,11260,944293896.0,91431.0,10327.940151589723,0.8467667436489608,0.8492063492063492,0.40476190476190477,0.5,0.39285714285714285,0.623015873015873,0.5714285714285714,0.16666666666666666,0.32936507936507936,0.8134920634920635,BRD_20160521,심봉사도로케,0.9445727482678984,False,4905.941296000329,42.201895677975386,26,50,0.7713625866050808,True,0.9152309468822171,0.8956697459584295,0.876108545034642,5.0,9.0,16.0,10.0,False,direct_size_estimation_deferred,매장 면적·좌석·점포별 매출이 없어 규모별 적합도와 argmax 규모는 산출하지 않음,0.3383458706861972,0.9907621247113164,usable_area_profile,True,balanced,True,0.6760450346420324,11.0
3130222,오류시장,11530,677800421.0,66656.0,10168.633296327413,0.7894919168591223,0.8412698412698413,0.8373015873015873,0.5753968253968254,0.5238095238095238,0.7579365079365079,0.7380952380952381,0.18253968253968253,0.12698412698412698,0.7658730158730159,BRD_20160521,심봉사도로케,0.42032332563510394,False,2261.8269164840667,48.414873764798386,14,33,0.516743648960739,True,0.5310739030023095,0.6049076212471132,0.6787413394919167,199.0,135.0,98.0,144.0,False,direct_size_estimation_deferred,매장 면적·좌석·점포별 매출이 없어 규모별 적합도와 argmax 규모는 산출하지 않음,0.44941522212305346,0.9515011547344111,usable_area_profile,True,balanced,True,0.6745612009237876,12.0
3120152,신대방삼거리역,11590,953145793.0,102228.0,9323.72532965528,0.8353348729792147,0.8611111111111112,0.5158730158730159,0.42857142857142855,0.753968253968254,0.9563492063492064,0.6626984126984127,0.11507936507936507,0.09523809523809523,0.5674603174603174,BRD_20160521,심봉사도로케,0.6570438799076213,False,1096.7337871904756,79.30952023733208,18,47,0.4780600461893764,True,0.7105311778290992,0.746189376443418,0.7818475750577366,91.0,59.0,38.0,62.666666666666664,False,direct_size_estimation_deferred,매장 면적·좌석·점포별 매출이 없어 규모별 적합도와 argmax 규모는 산출하지 않음,0.5400285516756662,0.9053117782909931,usable_area_profile,True,balanced,True,0.6733140877598153,13.0
3120133,서울시흥동우체국(홈플러스시흥점),11545,637795918.0,60754.0,10498.00701188399,0.7765588914549653,0.753968253968254,0.7420634920634921,0.3531746031746032,0.24206349206349206,0.8690476190476191,0.873015873015873,0.04365079365079365,0.13095238095238096,0.6785714285714286,BRD_20160521,심봉사도로케,0.10739030023094688,False,6594.184786614091,60.20797286767192,15,45,0.4821016166281755,True,0.30814087759815234,0.44197459584295606,0.5758083140877597,337.0,254.0,163.0,251.33333333333334,False,direct_size_estimation_deferred,매장 면적·좌석·점포별 매출이 없어 규모별 적합도와 argmax 규모는 산출하지 않음,0.47865188201834163,0.9330254041570438,usable_area_profile,True,balanced,True,0.6659930715935334,14.0
3110274,서일대학교,11260,492656087.0,41512.0,11867.79935922143,0.7133949191685912,0.8492063492063492,0.40476190476190477,0.5,0.39285714285714285,0.623015873015873,0.5714285714285714,0.16666666666666666,0.32936507936507936,0.8134920634920635,BRD_20160521,심봉사도로케,0.9445727482678984,False,6178.553633314637,101.51354588565466,6,29,0.16801385681293304,True,0.8752193995381061,0.8289838337182448,0.7827482678983833,20.0,28.0,37.0,28.333333333333332,False,direct_size_estimation_deferred,매장 면적·좌석·점포별 매출이 없어 규모별 적합도와 argmax 규모는 산출하지 않음,0.567766206886438,0.8822170900692841,usable_area_profile,True,balanced,True,0.665594688221709,15.0
3120080,마들역,11350,1045100686.0,106340.0,9827.916926838443,0.858891454965358,0.8928571428571429,0.08333333333333333,0.7222222222222222,0.9444444444444444,0.7777777777777778,0.30158730158730157,0.38095238095238093,0.4444444444444444,0.6071428571428571,BRD_20160521,심봉사도로케,0.45265588914549654,False,11718.757954647632,45.607017023633105,8,32,0.4087759815242494,True,0.574526558891455,0.6557736720554272,0.7370207852193995,166.0,106.0,68.0,113.33333333333333,False,direct_size_estimation_deferred,매장 면적·좌석·점포별 매출이 없어 규모별 적합도와 argmax 규모는 산출하지 않음,0.6244464884961168,0.838337182448037,usable_area_profile,True,balanced,True,0.6584642032332565,16.0
3120120,화곡역,11500,2140760825.0,296121.0,7229.34484551923,0.8866050808314089,0.8373015873015873,0.23809523809523808,0.623015873015873,0.32142857142857145,0.8333333333333334,0.9246031746031746,0.46825396825396826,0.05555555555555555,0.42063492063492064,BRD_20160521,심봉사도로케,0.7748267898383372,False,922.7838316509121,26.400757567542716,25,53,0.8175519630484989,True,0.8083602771362587,0.830715935334873,0.8530715935334874,44.0,26.0,20.0,30.0,False,direct_size_estimation_deferred,매장 면적·좌석·점포별 매출이 없어 규모별 적합도와 argmax 규모는 산출하지 않음,0.46553802640145814,0.9399538106235565,usable_area_profile,True,balanced,True,0.6576558891454966,17.0
3111021,방이역 4번,11710,394829518.0,38606.0,10227.154276537325,0.6466512702078522,0.8531746031746031,0.13095238095238096,0.6746031746031746,0.9325396825396826,0.8928571428571429,0.7063492063492064,0.4087301587301587,0.03968253968253968,0.5436507936507936,BRD_20160521,심봉사도로케,0.279445727482679,False,9312.832490704814,115.2085066609535,15,51,0.2984988452655889,True,0.38960739030023095,0.46304849884526555,0.5364896073903002,276.0,238.0,191.0,235.0,False,direct_size_estimation_deferred,매장 면적·좌석·점포별 매출이 없어 규모별 적합도와 argmax 규모는 산출하지 않음,0.4579255817527146,0.9468822170900693,usable_area_profile,True,balanced,True,0.6549942263279446,18.0
3120081,노원역,11350,1459224642.0,143889.0,10141.32172716469,0.8973441108545035,0.8928571428571429,0.08333333333333333,0.7222222222222222,0.9444444444444444,0.7777777777777778,0.30158730158730157,0.38095238095238093,0.4444444444444444,0.6071428571428571,BRD_20160521,심봉사도로케,0.45265588914549654,False,10645.186423902464,36.878177844323965,34,60,0.8550808314087759,True,0.5860623556581985,0.675,0.7639376443418013,160.0,95.0,52.0,102.33333333333333,False,direct_size_estimation_deferred,매장 면적·좌석·점포별 매출이 없어 규모별 적합도와 argmax 규모는 산출하지 않음,0.477432589847141,0.9353348729792148,usable_area_profile,True,balanced,True,0.6534757505773673,19.0
3110703,개봉역,11530,566848644.0,58936.0,9618.037260757432,0.7391454965357969,0.8412698412698413,0.8373015873015873,0.5753968253968254,0.5238095238095238,0.7579365079365079,0.7380952380952381,0.18253968253968253,0.12698412698412698,0.7658730158730159,BRD_20160521,심봉사도로케,0.42032332563510394,False,2901.6962281107053,17.720045128132952,13,29,0.6056581986143187,True,0.5159699769053119,0.5797344110854504,0.643498845265589,209.0,152.0,119.0,160.0,False,direct_size_estimation_deferred,매장 면적·좌석·점포별 매출이 없어 규모별 적합도와 argmax 규모는 산출하지 않음,0.43142052167117756,0.9607390300230947,usable_area_profile,True,balanced,True,0.6482217090069285,20.0
3120166,방배역,11650,1455145059.0,122673.0,11861.983150326478,0.9176674364896074,0.7619047619047619,0.2857142857142857,0.7023809523809523,0.6785714285714286,0.8293650793650794,0.7777777777777778,0.42857142857142855,0.08333333333333333,0.5198412698412699,BRD_20240723,올드몬트베이글,0.9780600461893765,False,9814.504419509225,99.2975326976693,12,28,0.2673210161662818,True,0.9599422632794457,0.9478637413394919,0.935785219399538,3.0,3.0,3.0,3.0,False,direct_size_estimation_deferred,매장 면적·좌석·점포별 매출이 없어 규모별 적합도와 argmax 규모는 산출하지 않음,0.4579060418685013,0.9422632794457275,usable_area_profile,True,balanced,True,0.7522170900692841,1.0
3120188,압구정역,11680,1784647410.0,134975.0,13222.058973884052,0.9404157043879908,0.7817460317460317,0.18253968253968253,0.75,0.6468253968253969,0.8531746031746031,0.9206349206349206,0.4365079365079365,0.027777777777777776,0.4880952380952381,BRD_20240723,올드몬트베이글,0.8060046189376443,False,6811.946124301002,98.31073190628577,25,98,0.5323325635103926,True,0.8463279445727483,0.8732101616628176,0.9000923787528868,25.0,14.0,9.0,16.0,False,direct_size_estimation_deferred,매장 면적·좌석·점포별 매출이 없어 규모별 적합도와 argmax 규모는 산출하지 않음,0.31014007391907217,0.9907621247113164,usable_area_profile,True,balanced,True,0.744676674364896,2.0
3120038,약수역,11140,1550178516.0,134777.0,11501.803096967584,0.9235565819861433,0.873015873015873,0.5793650793650794,0.6428571428571429,0.34523809523809523,0.8571428571428571,0.8214285714285714,0.0873015873015873,0.023809523809523808,0.8293650793650794,BRD_20240723,올드몬트베이글,0.2702078521939954,False,9151.920563484196,62.64183906448842,18,44,0.5502309468822171,True,0.46621247113163977,0.5968822170900694,0.7275519630484989,229.0,140.0,71.0,146.66666666666666,False,direct_size_estimation_deferred,매장 면적·좌석·점포별 매출이 없어 규모별 적합도와 argmax 규모는 산출하지 않음,0.4215364929998708,0.9607390300230947,usable_area_profile,True,balanced,True,0.721079676674365,3.0
3120080,마들역,11350,1045100686.0,106340.0,9827.916926838443,0.858891454965358,0.8928571428571429,0.08333333333333333,0.7222222222222222,0.9444444444444444,0.7777777777777778,0.30158730158730157,0.38095238095238093,0.4444444444444444,0.6071428571428571,BRD_20240723,올드몬트베이글,0.5311778290993071,False,15273.963107185042,45.607017023633105,8,32,0.4087759815242494,True,0.6294919168591223,0.6950346420323326,0.7605773672055427,127.0,77.0,52.0,85.33333333333333,False,direct_size_estimation_deferred,매장 면적·좌석·점포별 매출이 없어 규모별 적합도와 argmax 규모는 산출하지 않음,0.4536084915410978,0.9468822170900693,usable_area_profile,True,balanced,True,0.7127367205542726,4.0
3120079,창동역,11320,765698620.0,76216.0,10046.428833840664,0.8071593533487298,0.7182539682539683,0.11904761904761904,0.6071428571428571,0.25793650793650796,0.3611111111111111,0.24603174603174602,0.19047619047619047,0.4246031746031746,0.9126984126984127,BRD_20240723,올드몬트베이글,0.31755196304849886,False,14598.306751116745,91.21403398036323,16,24,0.38394919168591224,True,0.46443418013856813,0.5623556581986143,0.6602771362586605,230.0,163.0,107.0,166.66666666666666,False,direct_size_estimation_deferred,매장 면적·좌석·점포별 매출이 없어 규모별 적합도와 argmax 규모는 산출하지 않음,0.41239522441134335,0.9676674364896074,usable_area_profile,True,balanced,True,0.7087471131639723,5.0
3120152,신대방삼거리역,11590,953145793.0,102228.0,9323.72532965528,0.8353348729792147,0.8611111111111112,0.5158730158730159,0.42857142857142855,0.753968253968254,0.9563492063492064,0.6626984126984127,0.11507936507936507,0.09523809523809523,0.5674603174603174,BRD_20240723,올드몬트베이글,0.4653579676674365,False,15787.117849715634,79.30952023733208,18,47,0.4774826789838337,True,0.5763510392609699,0.6503464203233256,0.7243418013856812,166.0,109.0,74.0,116.33333333333333,False,direct_size_estimation_deferred,매장 면적·좌석·점포별 매출이 없어 규모별 적합도와 argmax 규모는 산출하지 않음,0.40469068243608647,0.9699769053117783,usable_area_profile,True,balanced,True,0.7057332563510392,6.0
3130072,성동용답상가시장,11200,441220675.0,42751.0,10320.710041870365,0.6748267898383372,0.9206349206349206,0.38492063492063494,0.5555555555555556,0.9920634920634921,0.9841269841269841,0.9563492063492064,0.10317460317460317,0.015873015873015872,0.07936507936507936,BRD_20240723,올드몬트베이글,0.08083140877598152,False,6586.715418177009,135.0925608781212,10,28,0.14953810623556585,True,0.2590300230946882,0.37782909930715936,0.49662817551963045,356.0,300.0,217.0,291.0,False,direct_size_estimation_deferred,매장 면적·좌석·점포별 매출이 없어 규모별 적합도와 argmax 규모는 산출하지 않음,0.37322486781538583,0.9792147806004619,usable_area_profile,True,balanced,True,0.703366050808314,7.0
3110274,서일대학교,11260,492656087.0,41512.0,11867.79935922143,0.7133949191685912,0.8492063492063492,0.40476190476190477,0.5,0.39285714285714285,0.623015873015873,0.5714285714285714,0.16666666666666666,0.32936507936507936,0.8134920634920635,BRD_20240723,올드몬트베이글,0.8545034642032333,False,6451.910104759289,101.51354588565466,6,29,0.16801385681293304,True,0.8121709006928406,0.7839491916859123,0.7557274826789837,45.0,43.0,55.0,47.666666666666664,False,direct_size_estimation_deferred,매장 면적·좌석·점포별 매출이 없어 규모별 적합도와 argmax 규모는 산출하지 않음,0.4541872545666863,0.9445727482678984,usable_area_profile,True,balanced,True,0.6967725173210161,8.0
3120069,상봉역,11260,1511381851.0,142985.0,10570.212616708046,0.9086605080831409,0.8492063492063492,0.40476190476190477,0.5,0.39285714285714285,0.623015873015873,0.5714285714285714,0.16666666666666666,0.32936507936507936,0.8134920634920635,BRD_20240723,올드몬트베이글,0.8545034642032333,False,7681.828753615662,89.18520055817115,16,56,0.3920323325635104,True,0.8707505773672055,0.8815819861431871,0.8924133949191686,16.0,12.0,11.0,13.0,False,direct_size_estimation_deferred,매장 면적·좌석·점포별 매출이 없어 규모별 적합도와 argmax 규모는 산출하지 않음,0.5743173226406101,0.8660508083140878,usable_area_profile,True,balanced,True,0.6922517321016166,9.0
3110883,은천초등학교(은천교앞),11620,384324031.0,36658.0,10484.042528233946,0.6409930715935335,0.6944444444444444,0.5833333333333334,0.49603174603174605,0.8611111111111112,0.9801587301587301,0.8690476190476191,0.027777777777777776,0.051587301587301584,0.3412698412698413,BRD_20240723,올드몬트베이글,0.1836027713625866,False,14995.101633560738,165.06059494972328,13,69,0.17840646651270212,True,0.3208198614318707,0.41229792147806005,0.5037759815242494,315.0,278.0,207.0,266.6666666666667,False,direct_size_estimation_deferred,매장 면적·좌석·점포별 매출이 없어 규모별 적합도와 argmax 규모는 산출하지 않음,0.35164382040425335,0.9861431870669746,usable_area_profile,True,balanced,True,0.6906581986143187,10.0
3110601,신월1동우편취급국,11470,441016625.0,40173.0,10977.93605157693,0.6785219399538106,0.8055555555555556,0.2222222222222222,0.5158730158730159,0.5873015873015873,0.5079365079365079,0.2896825396825397,0.4801587301587302,0.30952380952380953,0.7738095238095238,BRD_20240723,올드몬트베이글,0.9341801385681293,False,23739.50515493875,258.54980178856624,8,40,0.048498845265588904,True,0.8574826789838337,0.80635103926097,0.7552193995381061,20.0,35.0,56.0,37.0,False,direct_size_estimation_deferred,매장 면적·좌석·점포별 매출이 없어 규모별 적합도와 argmax 규모는 산출하지 않음,0.4765343905804049,0.9191685912240185,usable_area_profile,True,balanced,True,0.6897921478060045,11.0
3120133,서울시흥동우체국(홈플러스시흥점),11545,637795918.0,60754.0,10498.00701188399,0.7765588914549653,0.753968253968254,0.7420634920634921,0.3531746031746032,0.24206349206349206,0.8690476190476191,0.873015873015873,0.04365079365079365,0.13095238095238096,0.6785714285714286,BRD_20240723,올드몬트베이글,0.10739030023094688,False,18840.882569591035,60.20797286767192,15,45,0.4821016166281755,True,0.30814087759815234,0.44197459584295606,0.5758083140877597,324.0,260.0,155.0,246.33333333333334,False,direct_size_estimation_deferred,매장 면적·좌석·점포별 매출이 없어 규모별 적합도와 argmax 규모는 산출하지 않음,0.39552361451429774,0.9722863741339491,usable_area_profile,True,balanced,True,0.6856235565819859,12.0
3110640,방화역 1번,11500,671414576.0,62982.0,10660.420056524086,0.7871824480369516,0.8373015873015873,0.23809523809523808,0.623015873015873,0.32142857142857145,0.8333333333333334,0.9246031746031746,0.46825396825396826,0.05555555555555555,0.42063492063492064,BRD_20240723,올드몬트베이글,0.7517321016166282,False,26324.52782104959,241.56986569432095,5,25,0.02482678983833718,True,0.7623672055427252,0.7694572748267898,0.7765473441108546,69.0,51.0,43.0,54.333333333333336,False,direct_size_estimation_deferred,매장 면적·좌석·점포별 매출이 없어 규모별 적합도와 argmax 규모는 산출하지 않음,0.613345276926448,0.8221709006928406,usable_area_profile,True,balanced,True,0.6828752886836028,13.0
3111021,방이역 4번,11710,394829518.0,38606.0,10227.154276537325,0.6466512702078522,0.8531746031746031,0.13095238095238096,0.6746031746031746,0.9325396825396826,0.8928571428571429,0.7063492063492064,0.4087301587301587,0.03968253968253968,0.5436507936507936,BRD_20240723,올드몬트베이글,0.6558891454965358,False,1874.7933219428312,115.2085066609535,15,51,0.2984988452655889,True,0.6531177829099306,0.6512702078521939,0.6494226327944572,112.0,108.0,111.0,110.33333333333333,False,direct_size_estimation_deferred,매장 면적·좌석·점포별 매출이 없어 규모별 적합도와 argmax 규모는 산출하지 않음,0.2973081640326267,0.9953810623556582,usable_area_profile,True,balanced,True,0.679243648960739,14.0
3120124,개봉동 현대아파트,11530,436251391.0,40258.0,10836.390059118685,0.6745958429561202,0.8412698412698413,0.8373015873015873,0.5753968253968254,0.5238095238095238,0.7579365079365079,0.7380952380952381,0.18253968253968253,0.12698412698412698,0.7658730158730159,BRD_20240723,올드몬트베이글,0.49884526558891457,False,22134.867901145826,107.00467282129758,11,24,0.22690531177829099,True,0.5515704387990763,0.5867205542725173,0.6218706697459584,181.0,148.0,130.0,153.0,False,direct_size_estimation_deferred,매장 면적·좌석·점포별 매출이 없어 규모별 적합도와 argmax 규모는 산출하지 않음,0.44303705748364236,0.9515011547344111,usable_area_profile,True,balanced,True,0.677823325635104,15.0
3120246,길동역,11740,916043297.0,88020.0,10407.217643717337,0.8409930715935335,0.8452380952380952,0.06746031746031746,0.7063492063492064,0.38492063492063494,0.6626984126984127,0.7182539682539683,0.5833333333333334,0.06746031746031746,0.6507936507936508,BRD_20240723,올드몬트베이글,0.8914549653579676,False,1256.2487810873629,87.92041856413586,26,72,0.5750577367205543,True,0.8763163972286374,0.8662240184757506,0.8561316397228638,14.0,15.0,21.0,16.666666666666668,False,direct_size_estimation_deferred,매장 면적·좌석·점포별 매출이 없어 규모별 적합도와 argmax 규모는 산출하지 않음,0.46253633894604607,0.9353348729792148,usable_area_profile,True,balanced,True,0.6757563510392609,16.0
3120068,사가정역,11260,944293896.0,91431.0,10327.940151589723,0.8467667436489608,0.8492063492063492,0.40476190476190477,0.5,0.39285714285714285,0.623015873015873,0.5714285714285714,0.16666666666666666,0.32936507936507936,0.8134920634920635,BRD_20240723,올드몬트베이글,0.8545034642032333,False,6694.8601927096925,42.201895677975386,26,50,0.7713625866050808,True,0.8521824480369515,0.8506351039260971,0.8490877598152424,21.0,21.0,24.0,22.0,False,direct_size_estimation_deferred,매장 면적·좌석·점포별 매출이 없어 규모별 적합도와 argmax 규모는 산출하지 않음,0.36138959660796743,0.9815242494226328,usable_area_profile,True,balanced,True,0.6714260969976905,17.0
3120165,서래마을카페거리(서래마을),11650,2971488955.0,159582.0,18620.45189933702,0.9718244803695151,0.7619047619047619,0.2857142857142857,0.7023809523809523,0.6785714285714286,0.8293650793650794,0.7777777777777778,0.42857142857142855,0.08333333333333333,0.5198412698412699,BRD_20240723,올드몬트베이글,0.9780600461893765,False,9531.402677491673,18.110770263065373,12,56,0.5814087759815242,True,0.976189376443418,0.9749422632794458,0.9736951501154734,1.0,1.0,1.0,1.0,True,direct_size_estimation_deferred,매장 면적·좌석·점포별 매출이 없어 규모별 적합도와 argmax 규모는 산출하지 않음,0.6031524713229209,0.8267898383371824,usable_area_profile,True,balanced,True,0.6663221709006928,18.0
3130222,오류시장,11530,677800421.0,66656.0,10168.633296327413,0.7894919168591223,0.8412698412698413,0.8373015873015873,0.5753968253968254,0.5238095238095238,0.7579365079365079,0.7380952380952381,0.18253968253968253,0.12698412698412698,0.7658730158730159,BRD_20240723,올드몬트베이글,0.49884526558891457,False,23226.97914067178,48.414873764798386,14,33,0.516743648960739,True,0.5860392609699769,0.6441685912240185,0.7022979214780599,160.0,112.0,88.0,120.0,False,direct_size_estimation_deferred,매장 면적·좌석·점포별 매출이 없어 규모별 적합도와 argmax 규모는 산출하지 않음,0.4690502174365476,0.9284064665127021,usable_area_profile,True,balanced,True,0.663013856812933,19.0
3120201,도곡1동,11680,649721874.0,58337.0,11137.38920410717,0.7846420323325634,0.7817460317460317,0.18253968253968253,0.75,0.6468253968253969,0.8531746031746031,0.9206349206349206,0.4365079365079365,0.027777777777777776,0.4880952380952381,BRD_20240723,올드몬트베이글,0.8060046189376443,False,5886.103040240507,87.09190547353441,10,65,0.26501154734411086,True,0.7995958429561201,0.7953233256351038,0.7910508083140876,48.0,40.0,36.0,41.333333333333336,False,direct_size_estimation_deferred,매장 면적·좌석·점포별 매출이 없어 규모별 적합도와 argmax 규모는 산출하지 않음,0.577964581269716,0.8545034642032332,usable_area_profile,True,balanced,True,0.6621247113163972,20.0
3120037,동대문역사문화공원역,11140,991150857.0,75063.0,13204.253187322649,0.8695150115473441,0.873015873015873,0.5793650793650794,0.6428571428571429,0.34523809523809523,0.8571428571428571,0.8214285714285714,0.0873015873015873,0.023809523809523808,0.8293650793650794,BRD_20140778,크리스피크림,0.20092378752886836,False,4103.080793729369,125.25573836405046,15,74,0.28002309468822173,True,0.40150115473441106,0.5352193995381063,0.6689376443418014,262.0,177.0,100.0,179.66666666666666,False,direct_size_estimation_deferred,매장 면적·좌석·점포별 매출이 없어 규모별 적합도와 argmax 규모는 산출하지 않음,0.5288857959568103,0.9353348729792148,usable_area_profile,True,balanced,True,0.7299942263279445,1.0
3120009,종로3가역,11110,773341001.0,64864.0,11922.499398741984,0.8273672055427251,0.876984126984127,0.42857142857142855,0.503968253968254,0.75,0.9444444444444444,0.8531746031746031,0.2619047619047619,0.05952380952380952,0.3611111111111111,BRD_20140778,크리스피크림,0.9330254041570438,False,3719.0412742874914,125.80143085865113,24,103,0.45438799076212466,True,0.9013279445727481,0.8801963048498844,0.8590646651270206,14.0,18.0,20.0,17.333333333333332,False,direct_size_estimation_deferred,매장 면적·좌석·점포별 매출이 없어 규모별 적합도와 argmax 규모는 산출하지 않음,0.3200995816635152,0.9884526558891455,usable_area_profile,True,balanced,True,0.7156466512702078,2.0
3120069,상봉역,11260,1511381851.0,142985.0,10570.212616708046,0.9086605080831409,0.8492063492063492,0.40476190476190477,0.5,0.39285714285714285,0.623015873015873,0.5714285714285714,0.16666666666666666,0.32936507936507936,0.8134920634920635,BRD_20140778,크리스피크림,0.6720554272517321,False,7978.4304847393405,89.18520055817115,16,56,0.39260969976905313,True,0.7430369515011547,0.7903579676674365,0.8376789838337182,77.0,46.0,32.0,51.666666666666664,False,direct_size_estimation_deferred,매장 면적·좌석·점포별 매출이 없어 규모별 적합도와 argmax 규모는 산출하지 않음,0.5780201390272743,0.9099307159353349,usable_area_profile,True,balanced,True,0.7141050808314088,3.0
3130072,성동용답상가시장,11200,441220675.0,42751.0,10320.710041870365,0.6748267898383372,0.9206349206349206,0.38492063492063494,0.5555555555555556,0.9920634920634921,0.9841269841269841,0.9563492063492064,0.10317460317460317,0.015873015873015872,0.07936507936507936,BRD_20140778,크리스피크림,0.06928406466512702,False,7598.030402666718,135.0925608781212,10,28,0.1489607390300231,True,0.25094688221709005,0.37205542725173213,0.4931639722863741,356.0,300.0,212.0,289.3333333333333,False,direct_size_estimation_deferred,매장 면적·좌석·점포별 매출이 없어 규모별 적합도와 argmax 규모는 산출하지 않음,0.3793884117994531,0.9792147806004619,usable_area_profile,True,balanced,True,0.7034526558891454,4.0
3120188,압구정역,11680,1784647410.0,134975.0,13222.058973884052,0.9404157043879908,0.7817460317460317,0.18253968253968253,0.75,0.6468253968253969,0.8531746031746031,0.9206349206349206,0.4365079365079365,0.027777777777777776,0.4880952380952381,BRD_20140778,크리스피크림,0.8775981524249422,False,3031.0727473775373,98.31073190628577,25,98,0.5329099307159353,True,0.8964434180138567,0.9090069284064666,0.9215704387990762,15.0,10.0,9.0,11.333333333333334,False,direct_size_estimation_deferred,매장 면적·좌석·점포별 매출이 없어 규모별 적합도와 argmax 규모는 산출하지 않음,0.5891765224964735,0.9053117782909931,usable_area_profile,True,balanced,True,0.701864896073903,5.0
3120107,공덕역(공덕오거리),11440,1051109080.0,111230.0,9449.870358716174,0.8578521939953809,0.9404761904761905,0.4246031746031746,0.5833333333333334,0.9642857142857143,0.9880952380952381,0.9841269841269841,0.1111111111111111,0.011904761904761904,0.051587301587301584,BRD_20140778,크리스피크림,0.1397228637413395,False,1754.1781551507138,80.05623025110103,24,77,0.5767898383371824,True,0.3551616628175519,0.4987875288683602,0.6424133949191685,297.0,208.0,121.0,208.66666666666666,False,direct_size_estimation_deferred,매장 면적·좌석·점포별 매출이 없어 규모별 적합도와 argmax 규모는 산출하지 않음,0.42782630877589967,0.9722863741339491,usable_area_profile,True,balanced,True,0.6998729792147805,6.0
3120038,약수역,11140,1550178516.0,134777.0,11501.803096967584,0.9235565819861433,0.873015873015873,0.5793650793650794,0.6428571428571429,0.34523809523809523,0.8571428571428571,0.8214285714285714,0.0873015873015873,0.023809523809523808,0.8293650793650794,BRD_20140778,크리스피크림,0.20092378752886836,False,3656.1777856005665,62.64183906448842,18,44,0.5513856812933025,True,0.4177136258660509,0.5622401847575058,0.7067667436489607,252.0,158.0,77.0,162.33333333333334,False,direct_size_estimation_deferred,매장 면적·좌석·점포별 매출이 없어 규모별 적합도와 argmax 규모는 산출하지 않음,0.5733446895315094,0.9168591224018476,usable_area_profile,True,balanced,True,0.6989665127020787,7.0
3120175,남부터미널역,11650,960650667.0,103198.0,9308.810897498013,0.8390300230946882,0.7619047619047619,0.2857142857142857,0.7023809523809523,0.6785714285714286,0.8293650793650794,0.7777777777777778,0.42857142857142855,0.08333333333333333,0.5198412698412699,BRD_20140778,크리스피크림,0.9780600461893765,False,1582.621243426453,49.929950906089985,13,46,0.4821016166281755,True,0.93635103926097,0.9085450346420323,0.8807390300230946,7.0,11.0,16.0,11.333333333333334,False,direct_size_estimation_deferred,매장 면적·좌석·점포별 매출이 없어 규모별 적합도와 argmax 규모는 산출하지 않음,0.514730923113845,0.9445727482678984,usable_area_profile,True,balanced,True,0.6936316397228637,8.0
3110883,은천초등학교(은천교앞),11620,384324031.0,36658.0,10484.042528233946,0.6409930715935335,0.6944444444444444,0.5833333333333334,0.49603174603174605,0.8611111111111112,0.9801587301587301,0.8690476190476191,0.027777777777777776,0.051587301587301584,0.3412698412698413,BRD_20140778,크리스피크림,0.4214780600461894,False,1597.6739341514958,165.06059494972328,13,69,0.17840646651270212,True,0.48733256351039256,0.5312355658198614,0.5751385681293302,213.0,184.0,166.0,187.66666666666666,False,direct_size_estimation_deferred,매장 면적·좌석·점포별 매출이 없어 규모별 적합도와 argmax 규모는 산출하지 않음,0.5042467294847324,0.9491916859122402,usable_area_profile,True,balanced,True,0.6721824480369515,9.0
3120120,화곡역,11500,2140760825.0,296121.0,7229.34484551923,0.8866050808314089,0.8373015873015873,0.23809523809523808,0.623015873015873,0.32142857142857145,0.8333333333333334,0.9246031746031746,0.46825396825396826,0.05555555555555555,0.42063492063492064,BRD_20140778,크리스피크림,0.7494226327944573,False,5472.96062471326,26.400757567542716,25,54,0.8181293302540416,True,0.7905773672055427,0.8180138568129331,0.8454503464203234,58.0,35.0,27.0,40.0,False,direct_size_estimation_deferred,매장 면적·좌석·점포별 매출이 없어 규모별 적합도와 argmax 규모는 산출하지 않음,0.4441991958879795,0.9676674364896074,usable_area_profile,True,balanced,True,0.6714260969976906,10.0
3120166,방배역,11650,1455145059.0,122673.0,11861.983150326478,0.9176674364896074,0.7619047619047619,0.2857142857142857,0.7023809523809523,0.6785714285714286,0.8293650793650794,0.7777777777777778,0.42857142857142855,0.08333333333333333,0.5198412698412699,BRD_20140778,크리스피크림,0.9780600461893765,False,1583.7540844204636,99.2975326976693,12,28,0.2678983833718245,True,0.9599422632794457,0.9478637413394919,0.935785219399538,2.0,4.0,4.0,3.3333333333333335,False,direct_size_estimation_deferred,매장 면적·좌석·점포별 매출이 없어 규모별 적합도와 argmax 규모는 산출하지 않음,0.7892838641329872,0.7644341801385681,usable_area_profile,True,balanced,True,0.663215935334873,11.0
3120062,신설동역,11230,583819931.0,56521.0,10329.256931052176,0.748498845265589,0.6904761904761905,0.5396825396825397,0.5714285714285714,0.9603174603174603,0.9126984126984127,0.4087301587301587,0.1865079365079365,0.09126984126984126,0.6825396825396826,BRD_20140778,크리스피크림,0.38683602771362585,False,5941.237918129293,109.76793705062819,8,37,0.16743648960739027,True,0.49533487297921475,0.5676674364896074,0.64,204.0,155.0,124.0,161.0,False,direct_size_estimation_deferred,매장 면적·좌석·점포별 매출이 없어 규모별 적합도와 argmax 규모는 산출하지 않음,0.6772569565649196,0.8521939953810623,usable_area_profile,True,balanced,True,0.6629561200923788,12.0
3110640,방화역 1번,11500,671414576.0,62982.0,10660.420056524086,0.7871824480369516,0.8373015873015873,0.23809523809523808,0.623015873015873,0.32142857142857145,0.8333333333333334,0.9246031746031746,0.46825396825396826,0.05555555555555555,0.42063492063492064,BRD_20140778,크리스피크림,0.7494226327944573,False,8603.623538920745,241.56986569432095,5,25,0.02482678983833718,True,0.7607505773672055,0.7683025404157044,0.7758545034642033,68.0,51.0,49.0,56.0,False,direct_size_estimation_deferred,매장 면적·좌석·점포별 매출이 없어 규모별 적합도와 argmax 규모는 산출하지 않음,0.7748202911980162,0.7759815242494226,usable_area_profile,True,balanced,True,0.6597806004618938,13.0
3120003,광화문역,11110,756200869.0,75218.0,10053.456207290808,0.8042725173210161,0.876984126984127,0.42857142857142855,0.503968253968254,0.75,0.9444444444444444,0.8531746031746031,0.2619047619047619,0.05952380952380952,0.3611111111111111,BRD_20140778,크리스피크림,0.9330254041570438,False,3366.2960356841686,69.12307861572918,25,101,0.6414549653579678,True,0.8943995381062354,0.86864896073903,0.8428983833718244,16.0,19.0,29.0,21.333333333333332,False,direct_size_estimation_deferred,매장 면적·좌석·점포별 매출이 없어 규모별 적합도와 argmax 규모는 산출하지 않음,0.509893738034649,0.9468822170900693,usable_area_profile,True,balanced,True,0.6587182448036951,14.0
3120055,군자역,11215,811493384.0,82304.0,9859.707717729394,0.8148960739030023,0.8650793650793651,0.5238095238095238,0.6309523809523809,0.7698412698412699,0.9087301587301587,0.7023809523809523,0.1388888888888889,0.0992063492063492,0.6031746031746031,BRD_20140778,크리스피크림,0.825635103926097,False,5751.85709141393,39.05124838393783,28,50,0.8100461893764435,True,0.8224133949191685,0.8202655889145496,0.8181177829099306,41.0,34.0,36.0,37.0,False,direct_size_estimation_deferred,매장 면적·좌석·점포별 매출이 없어 규모별 적합도와 argmax 규모는 산출하지 않음,0.33993247343973887,0.9861431870669746,usable_area_profile,True,balanced,True,0.6567782909930716,15.0
3110810,영신초등학교,11560,325709619.0,29453.0,11058.62285675483,0.5928406466512702,0.8571428571428571,0.7698412698412699,0.5277777777777778,0.23809523809523808,0.9007936507936508,0.9761904761904762,0.3373015873015873,0.047619047619047616,0.25,BRD_20140778,크리스피크림,0.2840646651270208,False,3182.455812725431,74.63243262412867,11,41,0.34295612009237875,True,0.37669745958429557,0.4384526558891455,0.5002078521939953,280.0,252.0,207.0,246.33333333333334,False,direct_size_estimation_deferred,매장 면적·좌석·점포별 매출이 없어 규모별 적합도와 argmax 규모는 산출하지 않음,0.31040047649110064,0.9930715935334873,usable_area_profile,True,balanced,True,0.6525866050808314,16.0
3120205,매봉역,11680,580733796.0,60594.0,9584.014852955737,0.7444572748267898,0.7817460317460317,0.18253968253968253,0.75,0.6468253968253969,0.8531746031746031,0.9206349206349206,0.4365079365079365,0.027777777777777776,0.4880952380952381,BRD_20140778,크리스피크림,0.8775981524249422,False,1902.8623176551,70.4911341990284,16,64,0.4688221709006928,True,0.8376558891454964,0.811027713625866,0.7843995381062354,36.0,38.0,45.0,39.666666666666664,False,direct_size_estimation_deferred,매장 면적·좌석·점포별 매출이 없어 규모별 적합도와 argmax 규모는 산출하지 않음,0.5611363673036134,0.9214780600461894,usable_area_profile,True,balanced,True,0.6509757505773672,17.0
3120158,녹두거리(대학동),11620,695809095.0,79236.0,8781.476790852643,0.7778290993071594,0.6944444444444444,0.5833333333333334,0.49603174603174605,0.8611111111111112,0.9801587301587301,0.8690476190476191,0.027777777777777776,0.051587301587301584,0.3412698412698413,BRD_20140778,크리스피크림,0.4214780600461894,False,2061.3393704012233,107.28000742995447,15,20,0.3135103926096998,True,0.5283833718244804,0.5996535796766744,0.6709237875288684,189.0,133.0,96.0,139.33333333333334,False,direct_size_estimation_deferred,매장 면적·좌석·점포별 매출이 없어 규모별 적합도와 argmax 규모는 산출하지 않음,0.6798869424631409,0.8498845265588915,usable_area_profile,True,balanced,True,0.6501558891454965,18.0
3120228,석촌역(석촌호수),11710,510280686.0,47215.0,10807.596865402944,0.7248267898383373,0.8531746031746031,0.13095238095238096,0.6746031746031746,0.9325396825396826,0.8928571428571429,0.7063492063492064,0.4087301587301587,0.03968253968253968,0.5436507936507936,BRD_20140778,크리스피크림,0.47344110854503463,False,4554.656189028109,78.44743464456866,38,113,0.6853348729792148,True,0.5488568129330254,0.5991339491916859,0.6494110854503465,177.0,135.0,113.0,141.66666666666666,False,direct_size_estimation_deferred,매장 면적·좌석·점포별 매출이 없어 규모별 적합도와 argmax 규모는 산출하지 않음,0.2489450079875815,0.9976905311778291,usable_area_profile,True,balanced,True,0.6497344110854505,19.0
3001493,동대문패션타운 관광특구,11140,440248985.0,46018.0,9566.886544395671,0.673094688221709,0.873015873015873,0.5793650793650794,0.6428571428571429,0.34523809523809523,0.8571428571428571,0.8214285714285714,0.0873015873015873,0.023809523809523808,0.8293650793650794,BRD_20140778,크리스피크림,0.20092378752886836,False,4500.153441812842,83.38465086597759,13,73,0.3389145496535797,True,0.34257505773672053,0.43700923787528867,0.5314434180138569,306.0,253.0,194.0,251.0,False,direct_size_estimation_deferred,매장 면적·좌석·점포별 매출이 없어 규모별 적합도와 argmax 규모는 산출하지 않음,0.5487027515951345,0.9260969976905312,usable_area_profile,True,balanced,True,0.6477944572748269,20.0
3120038,약수역,11140,1550178516.0,134777.0,11501.803096967584,0.9235565819861433,0.873015873015873,0.5793650793650794,0.6428571428571429,0.34523809523809523,0.8571428571428571,0.8214285714285714,0.0873015873015873,0.023809523809523808,0.8293650793650794,BRD_20080200064,파리바게뜨,0.20092378752886836,False,878.3826045324923,62.64183906448842,18,42,0.581986143187067,True,0.4177136258660509,0.5622401847575058,0.7067667436489607,42.0,24.0,10.0,25.333333333333332,False,direct_size_estimation_deferred,매장 면적·좌석·점포별 매출이 없어 규모별 적합도와 argmax 규모는 산출하지 않음,0.42072386741959267,0.9653579676674365,usable_area_profile,True,balanced,True,0.7186258660508084,1.0
3110640,방화역 1번,11500,671414576.0,62982.0,10660.420056524086,0.7871824480369516,0.8373015873015873,0.23809523809523808,0.623015873015873,0.32142857142857145,0.8333333333333334,0.9246031746031746,0.46825396825396826,0.05555555555555555,0.42063492063492064,BRD_20080200064,파리바게뜨,0.8625866050808314,False,719.8694326105474,241.56986569432095,5,22,0.031177829099307157,True,0.8399653579676675,0.8248845265588916,0.8098036951501155,6.0,3.0,3.0,4.0,False,direct_size_estimation_deferred,매장 면적·좌석·점포별 매출이 없어 규모별 적합도와 argmax 규모는 산출하지 않음,0.6027518577030829,0.8660508083140878,usable_area_profile,True,balanced,True,0.7038625866050809,2.0
3120133,서울시흥동우체국(홈플러스시흥점),11545,637795918.0,60754.0,10498.00701188399,0.7765588914549653,0.753968253968254,0.7420634920634921,0.3531746031746032,0.24206349206349206,0.8690476190476191,0.873015873015873,0.04365079365079365,0.13095238095238096,0.6785714285714286,BRD_20080200064,파리바게뜨,0.10739030023094688,False,694.2225868096873,60.20797286767192,15,43,0.523094688221709,True,0.30814087759815234,0.44197459584295606,0.5758083140877597,59.0,39.0,24.0,40.666666666666664,False,direct_size_estimation_deferred,매장 면적·좌석·점포별 매출이 없어 규모별 적합도와 argmax 규모는 산출하지 않음,0.4492041865447183,0.9515011547344111,usable_area_profile,True,balanced,True,0.669081986143187,3.0
3110274,서일대학교,11260,492656087.0,41512.0,11867.79935922143,0.7133949191685912,0.8492063492063492,0.40476190476190477,0.5,0.39285714285714285,0.623015873015873,0.5714285714285714,0.16666666666666666,0.32936507936507936,0.8134920634920635,BRD_20080200064,파리바게뜨,0.8983833718244804,False,650.4467695524278,101.51354588565466,6,27,0.18879907621247113,True,0.8428868360277135,0.8058891454965358,0.7688914549653578,5.0,5.0,5.0,5.0,False,direct_size_estimation_deferred,매장 면적·좌석·점포별 매출이 없어 규모별 적합도와 argmax 규모는 산출하지 않음,0.5688478551905781,0.8891454965357968,usable_area_profile,True,balanced,True,0.6659411085450346,4.0
3130222,오류시장,11530,677800421.0,66656.0,10168.633296327413,0.7894919168591223,0.8412698412698413,0.8373015873015873,0.5753968253968254,0.5238095238095238,0.7579365079365079,0.7380952380952381,0.18253968253968253,0.12698412698412698,0.7658730158730159,BRD_20080200064,파리바게뜨,0.5242494226327945,False,555.6518694649683,48.414873764798386,14,32,0.5548498845265589,True,0.6038221709006928,0.6568706697459584,0.7099191685912238,26.0,17.0,9.0,17.333333333333332,False,direct_size_estimation_deferred,매장 면적·좌석·점포별 매출이 없어 규모별 적합도와 argmax 규모는 산출하지 않음,0.4814401963618062,0.9260969976905312,usable_area_profile,True,balanced,True,0.6561431870669745,5.0
3120228,석촌역(석촌호수),11710,510280686.0,47215.0,10807.596865402944,0.7248267898383373,0.8531746031746031,0.13095238095238096,0.6746031746031746,0.9325396825396826,0.8928571428571429,0.7063492063492064,0.4087301587301587,0.03968253968253968,0.5436507936507936,BRD_20080200064,파리바게뜨,0.3995381062355658,False,916.5424158603037,78.44743464456866,38,111,0.7061200923787528,True,0.4971247113163972,0.5621824480369515,0.6272401847575059,33.0,25.0,17.0,25.0,False,direct_size_estimation_deferred,매장 면적·좌석·점포별 매출이 없어 규모별 적합도와 argmax 규모는 산출하지 않음,0.3587609611637271,0.9907621247113164,usable_area_profile,True,balanced,True,0.6431524249422634,6.0
3120165,서래마을카페거리(서래마을),11650,2971488955.0,159582.0,18620.45189933702,0.9718244803695151,0.7619047619047619,0.2857142857142857,0.7023809523809523,0.6785714285714286,0.8293650793650794,0.7777777777777778,0.42857142857142855,0.08333333333333333,0.5198412698412699,BRD_20080200064,파리바게뜨,0.9780600461893765,False,754.4461544881242,18.110770263065373,12,55,0.6073903002309469,True,0.976189376443418,0.9749422632794458,0.9736951501154734,1.0,1.0,1.0,1.0,True,direct_size_estimation_deferred,매장 면적·좌석·점포별 매출이 없어 규모별 적합도와 argmax 규모는 산출하지 않음,0.7090567667949226,0.7644341801385681,usable_area_profile,True,balanced,True,0.6312471131639723,7.0
3110593,신월3동주민센터,11470,317937956.0,28102.0,11313.712760657605,0.5892609699769054,0.8055555555555556,0.2222222222222222,0.5158730158730159,0.5873015873015873,0.5079365079365079,0.2896825396825397,0.4801587301587302,0.30952380952380953,0.7738095238095238,BRD_20080200064,파리바게뜨,0.9341801385681293,False,632.7566673113736,184.0679222675113,3,20,0.03060046189376444,True,0.8307043879907621,0.7617205542725174,0.6927367205542725,7.0,9.0,12.0,9.333333333333334,False,direct_size_estimation_deferred,매장 면적·좌석·점포별 매출이 없어 규모별 적합도와 argmax 규모는 산출하지 않음,0.6995121134758161,0.76905311778291,usable_area_profile,True,balanced,True,0.5861778290993072,8.0
3110836,상도역 5번,11590,245030296.0,22286.0,10994.80822040743,0.5116628175519631,0.8611111111111112,0.5158730158730159,0.42857142857142855,0.753968253968254,0.9563492063492064,0.6626984126984127,0.11507936507936507,0.09523809523809523,0.5674603174603174,BRD_20080200064,파리바게뜨,0.5577367205542725,False,708.5795650328961,143.40502085254877,17,42,0.33718244803695147,True,0.5439145496535797,0.5346997690531178,0.5254849884526559,30.0,29.0,32.0,30.333333333333332,False,direct_size_estimation_deferred,매장 면적·좌석·점포별 매출이 없어 규모별 적합도와 argmax 규모는 산출하지 않음,0.5266972658378481,0.9076212471131639,usable_area_profile,True,balanced,True,0.5823152424942263,9.0
3120028,명동(명동거리),11140,1220806458.0,114833.0,10631.14660419914,0.888799076212471,0.873015873015873,0.5793650793650794,0.6428571428571429,0.34523809523809523,0.8571428571428571,0.8214285714285714,0.0873015873015873,0.023809523809523808,0.8293650793650794,BRD_20080200064,파리바게뜨,0.20092378752886836,False,565.9628963097676,30.675723307169914,43,90,0.9133949191685913,True,0.4072863741339491,0.5448614318706697,0.6824364896073901,44.0,28.0,14.0,28.666666666666668,False,direct_size_estimation_deferred,매장 면적·좌석·점포별 매출이 없어 규모별 적합도와 argmax 규모는 산출하지 않음,0.7202519066268797,0.7575057736720554,usable_area_profile,True,balanced,True,0.5528233256351038,10.0
3130139,강북종합전통시장(강북종합골목시장),11305,556143075.0,53488.0,10397.529819772659,0.7376443418013857,0.8253968253968254,0.373015873015873,0.31746031746031744,0.42857142857142855,0.5396825396825397,0.1626984126984127,0.051587301587301584,0.5515873015873016,0.9365079365079365,BRD_20080200064,파리바게뜨,0.12702078521939955,False,625.4638278685006,27.730849249436897,16,42,0.6818706697459584,True,0.3102078521939954,0.4323325635103926,0.5544572748267897,58.0,41.0,28.0,42.333333333333336,False,direct_size_estimation_deferred,매장 면적·좌석·점포별 매출이 없어 규모별 적합도와 argmax 규모는 산출하지 않음,0.6743305857824294,0.7852193995381063,usable_area_profile,True,balanced,True,0.5485046189376442,11.0
3130065,무학봉상점가,11200,317290806.0,29717.0,10677.080660901167,0.5839491916859122,0.9206349206349206,0.38492063492063494,0.5555555555555556,0.9920634920634921,0.9841269841269841,0.9563492063492064,0.10317460317460317,0.015873015873015872,0.07936507936507936,BRD_20080200064,파리바게뜨,0.016166281755196306,False,511.56622247784657,58.18075286774034,23,68,0.6818706697459584,True,0.18650115473441106,0.30005773672055425,0.4136143187066974,73.0,61.0,40.0,58.0,False,direct_size_estimation_deferred,매장 면적·좌석·점포별 매출이 없어 규모별 적합도와 argmax 규모는 산출하지 않음,0.5707872807224045,0.8868360277136259,usable_area_profile,True,balanced,True,0.5455196304849884,12.0
3110768,도림2동유수지내체육시설,11560,71462127.0,7678.0,9307.388252148998,0.20692840646651273,0.8571428571428571,0.7698412698412699,0.5277777777777778,0.23809523809523808,0.9007936507936508,0.9761904761904762,0.3373015873015873,0.047619047619047616,0.25,BRD_20080200064,파리바게뜨,0.24480369515011546,False,503.0357840010102,164.1371377999411,6,37,0.07794457274826791,True,0.2334411085450346,0.2258660508083141,0.21829099307159353,67.0,69.0,69.0,68.33333333333333,False,direct_size_estimation_deferred,매장 면적·좌석·점포별 매출이 없어 규모별 적합도와 argmax 규모는 산출하지 않음,0.45955288818975576,0.9422632794457275,usable_area_profile,True,balanced,True,0.531864896073903,13.0
3001493,동대문패션타운 관광특구,11140,440248985.0,46018.0,9566.886544395671,0.673094688221709,0.873015873015873,0.5793650793650794,0.6428571428571429,0.34523809523809523,0.8571428571428571,0.8214285714285714,0.0873015873015873,0.023809523809523808,0.8293650793650794,BRD_20080200064,파리바게뜨,0.20092378752886836,False,522.9168193603563,83.38465086597759,13,68,0.38106235565819857,True,0.34257505773672053,0.43700923787528867,0.5314434180138569,51.0,40.0,31.0,40.666666666666664,False,direct_size_estimation_deferred,매장 면적·좌석·점포별 매출이 없어 규모별 적합도와 argmax 규모는 산출하지 않음,0.7669411579473959,0.7043879907621247,usable_area_profile,True,balanced,True,0.5306177829099307,14.0
3110002,독립문역 1번,11110,365825854.0,38233.0,9568.32720424764,0.61824480369515,0.876984126984127,0.42857142857142855,0.503968253968254,0.75,0.9444444444444444,0.8531746031746031,0.2619047619047619,0.05952380952380952,0.3611111111111111,BRD_20080200064,파리바게뜨,0.7090069284064665,False,1175.9804419885481,115.00434770468347,4,14,0.14376443418013857,True,0.6817782909930715,0.6636258660508083,0.645473441108545,18.0,16.0,16.0,16.666666666666668,False,direct_size_estimation_deferred,매장 면적·좌석·점포별 매출이 없어 규모별 적합도와 argmax 규모는 산출하지 않음,0.8415712613740647,0.6535796766743649,usable_area_profile,True,balanced,True,0.5216108545034641,15.0
3110690,오류2동버들시장,11530,236340399.0,20521.0,11517.002046683885,0.5033487297921478,0.8412698412698413,0.8373015873015873,0.5753968253968254,0.5238095238095238,0.7579365079365079,0.7380952380952381,0.18253968253968253,0.12698412698412698,0.7658730158730159,BRD_20080200064,파리바게뜨,0.5242494226327945,False,797.9235552185615,56.612719422528826,14,24,0.5155889145496536,True,0.5179792147806005,0.5137990762124711,0.5096189376443419,31.0,31.0,34.0,32.0,False,direct_size_estimation_deferred,매장 면적·좌석·점포별 매출이 없어 규모별 적합도와 argmax 규모는 산출하지 않음,0.6205925954666998,0.8452655889145496,usable_area_profile,True,balanced,True,0.5214665127020786,16.0
3120164,내방역,11650,960846805.0,94433.0,10174.905012019104,0.8489607390300231,0.7619047619047619,0.2857142857142857,0.7023809523809523,0.6785714285714286,0.8293650793650794,0.7777777777777778,0.42857142857142855,0.08333333333333333,0.5198412698412699,BRD_20080200064,파리바게뜨,0.9780600461893765,False,676.672003259978,49.19349552951682,19,48,0.663972286374134,True,0.9393302540415704,0.9135103926096998,0.8876905311778291,2.0,2.0,2.0,2.0,False,direct_size_estimation_deferred,매장 면적·좌석·점포별 매출이 없어 규모별 적합도와 argmax 규모는 산출하지 않음,0.8969644339066605,0.605080831408776,usable_area_profile,True,balanced,True,0.5000808314087759,17.0
3110741,독산2동주민센터,11545,212267831.0,22255.0,9537.98386879353,0.46143187066974595,0.753968253968254,0.7420634920634921,0.3531746031746032,0.24206349206349206,0.8690476190476191,0.873015873015873,0.04365079365079365,0.13095238095238096,0.6785714285714286,BRD_20080200064,파리바게뜨,0.10739030023094688,False,550.245399822522,117.4436034884882,6,40,0.15069284064665125,True,0.2136027713625866,0.28441108545034643,0.3552193995381062,70.0,63.0,49.0,60.666666666666664,False,direct_size_estimation_deferred,매장 면적·좌석·점포별 매출이 없어 규모별 적합도와 argmax 규모는 산출하지 않음,0.7559616444526125,0.7182448036951501,usable_area_profile,True,balanced,True,0.49801963048498843,18.0
3111090,강일동주민센터,11740,428404856.0,36116.0,11861.913168678702,0.6680138568129331,0.8452380952380952,0.06746031746031746,0.7063492063492064,0.38492063492063494,0.6626984126984127,0.7182539682539683,0.5833333333333334,0.06746031746031746,0.6507936507936508,BRD_20080200064,파리바게뜨,0.7528868360277137,False,1525.8368195663447,59.13543778863246,4,13,0.3262124711316397,True,0.7274249422632795,0.7104503464203233,0.6934757505773672,15.0,12.0,11.0,12.666666666666666,False,direct_size_estimation_deferred,매장 면적·좌석·점포별 매출이 없어 규모별 적합도와 argmax 규모는 산출하지 않음,0.8849323428713336,0.6096997690531178,usable_area_profile,True,balanced,True,0.4897228637413395,19.0
3120076,수유역,11305,467733481.0,45202.0,10347.6280031857,0.6957274826789839,0.8253968253968254,0.373015873015873,0.31746031746031744,0.42857142857142855,0.5396825396825397,0.1626984126984127,0.051587301587301584,0.5515873015873016,0.9365079365079365,BRD_20080200064,파리바게뜨,0.12702078521939955,False,805.4030047526775,32.015621227467925,15,39,0.6420323325635104,True,0.29763279445727486,0.4113741339491917,0.5251154734411085,62.0,44.0,33.0,46.333333333333336,False,direct_size_estimation_deferred,매장 면적·좌석·점포별 매출이 없어 규모별 적합도와 argmax 규모는 산출하지 않음,0.7967447226930517,0.6766743648960739,usable_area_profile,True,balanced,True,0.4855369515011547,20.0
3120188,압구정역,11680,1784647410.0,134975.0,13222.058973884052,0.9404157043879908,0.7817460317460317,0.18253968253968253,0.75,0.6468253968253969,0.8531746031746031,0.9206349206349206,0.4365079365079365,0.027777777777777776,0.4880952380952381,BRD_20170827,핫브레드,0.8083140877598153,False,1313.3944570980261,98.31073190628577,25,98,0.5363741339491916,True,0.847944572748268,0.874364896073903,0.9007852193995382,26.0,15.0,13.0,18.0,False,direct_size_estimation_deferred,매장 면적·좌석·점포별 매출이 없어 규모별 적합도와 argmax 규모는 산출하지 않음,0.42589548898085045,0.9699769053117783,usable_area_profile,True,balanced,True,0.7336778290993071,1.0
3120166,방배역,11650,1455145059.0,122673.0,11861.983150326478,0.9176674364896074,0.7619047619047619,0.2857142857142857,0.7023809523809523,0.6785714285714286,0.8293650793650794,0.7777777777777778,0.42857142857142855,0.08333333333333333,0.5198412698412699,BRD_20170827,핫브레드,0.9780600461893765,False,744.3937130431206,99.2975326976693,12,27,0.26963048498845266,True,0.9599422632794457,0.9478637413394919,0.935785219399538,3.0,3.0,5.0,3.6666666666666665,False,direct_size_estimation_deferred,매장 면적·좌석·점포별 매출이 없어 규모별 적합도와 argmax 규모는 산출하지 않음,0.5933273209717361,0.8868360277136259,usable_area_profile,True,balanced,True,0.7241570438799076,2.0
3120009,종로3가역,11110,773341001.0,64864.0,11922.499398741984,0.8273672055427251,0.876984126984127,0.42857142857142855,0.503968253968254,0.75,0.9444444444444444,0.8531746031746031,0.2619047619047619,0.05952380952380952,0.3611111111111111,BRD_20170827,핫브레드,0.8960739030023095,False,1503.2937171697195,125.80143085865113,24,103,0.4578521939953811,True,0.8754618937644341,0.8617205542725173,0.8479792147806003,20.0,18.0,22.0,20.0,False,direct_size_estimation_deferred,매장 면적·좌석·점포별 매출이 없어 규모별 적합도와 argmax 규모는 산출하지 않음,0.3413229923222304,0.9930715935334873,usable_area_profile,True,balanced,True,0.7174364896073903,3.0
3130072,성동용답상가시장,11200,441220675.0,42751.0,10320.710041870365,0.6748267898383372,0.9206349206349206,0.38492063492063494,0.5555555555555556,0.9920634920634921,0.9841269841269841,0.9563492063492064,0.10317460317460317,0.015873015873015872,0.07936507936507936,BRD_20170827,핫브레드,0.13394919168591224,False,1037.8232026549297,135.0925608781212,10,28,0.15069284064665128,True,0.29621247113163973,0.4043879907621247,0.5125635103926097,306.0,243.0,183.0,244.0,False,direct_size_estimation_deferred,매장 면적·좌석·점포별 매출이 없어 규모별 적합도와 argmax 규모는 산출하지 않음,0.31140495904387394,0.9976905311778291,usable_area_profile,True,balanced,True,0.7124307159353349,4.0
3120069,상봉역,11260,1511381851.0,142985.0,10570.212616708046,0.9086605080831409,0.8492063492063492,0.40476190476190477,0.5,0.39285714285714285,0.623015873015873,0.5714285714285714,0.16666666666666666,0.32936507936507936,0.8134920634920635,BRD_20170827,핫브레드,0.6535796766743649,False,547.2266440671879,89.18520055817115,16,54,0.39838337182448036,True,0.7301039260969977,0.7811200923787529,0.832136258660508,74.0,44.0,27.0,48.333333333333336,False,direct_size_estimation_deferred,매장 면적·좌석·점포별 매출이 없어 규모별 적합도와 argmax 규모는 산출하지 않음,0.5666811437451319,0.9076212471131639,usable_area_profile,True,balanced,True,0.7120842956120093,5.0
3110892,관악구 중앙길,11620,913081619.0,87290.0,10460.323278726086,0.8403002309468822,0.6944444444444444,0.5833333333333334,0.49603174603174605,0.8611111111111112,0.9801587301587301,0.8690476190476191,0.027777777777777776,0.051587301587301584,0.3412698412698413,BRD_20170827,핫브레드,0.3083140877598152,False,1821.079350259868,165.92166821826325,24,76,0.40127020785219397,True,0.4679099307159353,0.5743071593533488,0.680704387990762,197.0,130.0,82.0,136.33333333333334,False,direct_size_estimation_deferred,매장 면적·좌석·점포별 매출이 없어 규모별 적합도와 argmax 규모는 산출하지 않음,0.46119438386228173,0.9561200923787528,usable_area_profile,True,balanced,True,0.7119745958429561,6.0
3120038,약수역,11140,1550178516.0,134777.0,11501.803096967584,0.9235565819861433,0.873015873015873,0.5793650793650794,0.6428571428571429,0.34523809523809523,0.8571428571428571,0.8214285714285714,0.0873015873015873,0.023809523809523808,0.8293650793650794,BRD_20170827,핫브레드,0.23094688221709006,False,3135.898595313147,62.64183906448842,18,44,0.5548498845265588,True,0.43872979214780605,0.5772517321016167,0.7157736720554273,227.0,129.0,67.0,141.0,False,direct_size_estimation_deferred,매장 면적·좌석·점포별 매출이 없어 규모별 적합도와 argmax 규모는 산출하지 않음,0.4842462093825257,0.9399538106235565,usable_area_profile,True,balanced,True,0.7099942263279446,7.0
3110883,은천초등학교(은천교앞),11620,384324031.0,36658.0,10484.042528233946,0.6409930715935335,0.6944444444444444,0.5833333333333334,0.49603174603174605,0.8611111111111112,0.9801587301587301,0.8690476190476191,0.027777777777777776,0.051587301587301584,0.3412698412698413,BRD_20170827,핫브레드,0.3083140877598152,False,2010.0002487670188,165.06059494972328,13,69,0.17898383371824483,True,0.4081177829099307,0.4746535796766743,0.5411893764434179,246.0,200.0,169.0,205.0,False,direct_size_estimation_deferred,매장 면적·좌석·점포별 매출이 없어 규모별 적합도와 argmax 규모는 산출하지 않음,0.4205269589194151,0.9745958429561201,usable_area_profile,True,balanced,True,0.6847979214780601,8.0
3110640,방화역 1번,11500,671414576.0,62982.0,10660.420056524086,0.7871824480369516,0.8373015873015873,0.23809523809523808,0.623015873015873,0.32142857142857145,0.8333333333333334,0.9246031746031746,0.46825396825396826,0.05555555555555555,0.42063492063492064,BRD_20170827,핫브레드,0.5046189376443418,False,2836.5269256462466,241.56986569432095,5,25,0.02482678983833718,True,0.5893879907621247,0.6459006928406468,0.7024133949191687,135.0,96.0,73.0,101.33333333333333,False,direct_size_estimation_deferred,매장 면적·좌석·점포별 매출이 없어 규모별 적합도와 argmax 규모는 산출하지 않음,0.6814602808652435,0.8244803695150116,usable_area_profile,True,balanced,True,0.6840300230946883,9.0
3120246,길동역,11740,916043297.0,88020.0,10407.217643717337,0.8409930715935335,0.8452380952380952,0.06746031746031746,0.7063492063492064,0.38492063492063494,0.6626984126984127,0.7182539682539683,0.5833333333333334,0.06746031746031746,0.6507936507936508,BRD_20170827,핫브레드,0.38799076212471134,False,2482.840309018962,87.92041856413586,26,72,0.5802540415704388,True,0.5238914549653579,0.6144919168591224,0.7050923787528869,165.0,110.0,71.0,115.33333333333333,False,direct_size_estimation_deferred,매장 면적·좌석·점포별 매출이 없어 규모별 적합도와 argmax 규모는 산출하지 않음,0.4699171673688196,0.9468822170900693,usable_area_profile,True,balanced,True,0.6807505773672056,10.0
3120175,남부터미널역,11650,960650667.0,103198.0,9308.810897498013,0.8390300230946882,0.7619047619047619,0.2857142857142857,0.7023809523809523,0.6785714285714286,0.8293650793650794,0.7777777777777778,0.42857142857142855,0.08333333333333333,0.5198412698412699,BRD_20170827,핫브레드,0.9780600461893765,False,1199.8966622604814,49.929950906089985,13,46,0.4849884526558892,True,0.93635103926097,0.9085450346420323,0.8807390300230946,6.0,9.0,15.0,10.0,False,direct_size_estimation_deferred,매장 면적·좌석·점포별 매출이 없어 규모별 적합도와 argmax 규모는 산출하지 않음,0.5689130550280846,0.9030023094688222,usable_area_profile,True,balanced,True,0.6724133949191685,11.0
3120062,신설동역,11230,583819931.0,56521.0,10329.256931052176,0.748498845265589,0.6904761904761905,0.5396825396825397,0.5714285714285714,0.9603174603174603,0.9126984126984127,0.4087301587301587,0.1865079365079365,0.09126984126984126,0.6825396825396826,BRD_20170827,핫브레드,0.42609699769053117,False,2095.582257997079,109.76793705062819,8,37,0.1691685912240185,True,0.5228175519630485,0.58729792147806,0.6517782909930716,167.0,122.0,99.0,129.33333333333334,False,direct_size_estimation_deferred,매장 면적·좌석·점포별 매출이 없어 규모별 적합도와 argmax 규모는 산출하지 않음,0.6434542158690703,0.8660508083140878,usable_area_profile,True,balanced,True,0.6696247113163973,12.0
3120037,동대문역사문화공원역,11140,991150857.0,75063.0,13204.253187322649,0.8695150115473441,0.873015873015873,0.5793650793650794,0.6428571428571429,0.34523809523809523,0.8571428571428571,0.8214285714285714,0.0873015873015873,0.023809523809523808,0.8293650793650794,BRD_20170827,핫브레드,0.23094688221709006,False,1875.9211070963177,125.25573836405046,15,74,0.2840646651270208,True,0.4225173210161663,0.5502309468822171,0.6779445727482679,240.0,154.0,84.0,159.33333333333334,False,direct_size_estimation_deferred,매장 면적·좌석·점포별 매출이 없어 규모별 적합도와 argmax 규모는 산출하지 않음,0.7003048842956213,0.812933025404157,usable_area_profile,True,balanced,True,0.6681870669745958,13.0
3120158,녹두거리(대학동),11620,695809095.0,79236.0,8781.476790852643,0.7778290993071594,0.6944444444444444,0.5833333333333334,0.49603174603174605,0.8611111111111112,0.9801587301587301,0.8690476190476191,0.027777777777777776,0.051587301587301584,0.3412698412698413,BRD_20170827,핫브레드,0.3083140877598152,False,3446.7940176319808,107.28000742995447,15,20,0.31755196304849886,True,0.4491685912240184,0.5430715935334873,0.6369745958429561,214.0,161.0,105.0,160.0,False,direct_size_estimation_deferred,매장 면적·좌석·점포별 매출이 없어 규모별 적합도와 argmax 규모는 산출하지 않음,0.5997106465016507,0.8822170900692841,usable_area_profile,True,balanced,True,0.6657159353348729,14.0
3130222,오류시장,11530,677800421.0,66656.0,10168.633296327413,0.7894919168591223,0.8412698412698413,0.8373015873015873,0.5753968253968254,0.5238095238095238,0.7579365079365079,0.7380952380952381,0.18253968253968253,0.12698412698412698,0.7658730158730159,BRD_20170827,핫브레드,0.6212471131639723,False,3785.6724634240973,48.414873764798386,14,33,0.5196304849884527,True,0.6717205542725173,0.7053695150115473,0.7390184757505772,99.0,72.0,59.0,76.66666666666667,False,direct_size_estimation_deferred,매장 면적·좌석·점포별 매출이 없어 규모별 적합도와 argmax 규모는 산출하지 않음,0.544203864863407,0.9145496535796767,usable_area_profile,True,balanced,True,0.6556524249422632,15.0
3111005,삼전역 3번,11710,233054769.0,25337.0,9198.19903698149,0.48152424942263283,0.8531746031746031,0.13095238095238096,0.6746031746031746,0.9325396825396826,0.8928571428571429,0.7063492063492064,0.4087301587301587,0.03968253968253968,0.5436507936507936,BRD_20170827,핫브레드,0.7020785219399538,False,2087.1293683071035,198.59506540938497,7,54,0.053117782909930716,True,0.6359122401847574,0.5918013856812934,0.5476905311778291,118.0,118.0,168.0,134.66666666666666,False,direct_size_estimation_deferred,매장 면적·좌석·점포별 매출이 없어 규모별 적합도와 argmax 규모는 산출하지 않음,0.35273592112012775,0.9884526558891455,usable_area_profile,True,balanced,True,0.6547921478060047,16.0
3120205,매봉역,11680,580733796.0,60594.0,9584.014852955737,0.7444572748267898,0.7817460317460317,0.18253968253968253,0.75,0.6468253968253969,0.8531746031746031,0.9206349206349206,0.4365079365079365,0.027777777777777776,0.4880952380952381,BRD_20170827,핫브레드,0.8083140877598153,False,508.6550894238564,70.4911341990284,16,62,0.4745958429561201,True,0.7891570438799076,0.7763856812933025,0.7636143187066974,53.0,46.0,49.0,49.333333333333336,False,direct_size_estimation_deferred,매장 면적·좌석·점포별 매출이 없어 규모별 적합도와 argmax 규모는 산출하지 않음,0.5401466101601422,0.9191685912240185,usable_area_profile,True,balanced,True,0.6489549653579676,17.0
3120228,석촌역(석촌호수),11710,510280686.0,47215.0,10807.596865402944,0.7248267898383373,0.8531746031746031,0.13095238095238096,0.6746031746031746,0.9325396825396826,0.8928571428571429,0.7063492063492064,0.4087301587301587,0.03968253968253968,0.5436507936507936,BRD_20170827,핫브레드,0.7020785219399538,False,862.6754893857718,78.44743464456866,38,112,0.6876443418013857,True,0.7089030023094688,0.7134526558891455,0.7180023094688223,79.0,66.0,66.0,70.33333333333333,False,direct_size_estimation_deferred,매장 면적·좌석·점포별 매출이 없어 규모별 적합도와 argmax 규모는 산출하지 않음,0.3380968254221482,0.9953810623556582,usable_area_profile,True,balanced,True,0.6482332563510392,18.0
3120081,노원역,11350,1459224642.0,143889.0,10141.32172716469,0.8973441108545035,0.8928571428571429,0.08333333333333333,0.7222222222222222,0.9444444444444444,0.7777777777777778,0.30158730158730157,0.38095238095238093,0.4444444444444444,0.6071428571428571,BRD_20170827,핫브레드,0.2748267898383372,False,3798.5556465149384,36.878177844323965,34,60,0.8568129330254042,True,0.4615819861431871,0.5860854503464203,0.7105889145496536,203.0,123.0,70.0,132.0,False,direct_size_estimation_deferred,매장 면적·좌석·점포별 매출이 없어 규모별 적합도와 argmax 규모는 산출하지 않음,0.5370604652331322,0.9214780600461894,usable_area_profile,True,balanced,True,0.6462875288683603,19.0
3130002,세종마을음식문화거리(금천교시장),11110,1427114674.0,119648.0,11927.609939154854,0.9169745958429562,0.876984126984127,0.42857142857142855,0.503968253968254,0.75,0.9444444444444444,0.8531746031746031,0.2619047619047619,0.05952380952380952,0.3611111111111111,BRD_20170827,핫브레드,0.8960739030023095,False,1966.0366222257308,20.248456733787368,42,68,0.9359122401847575,True,0.9023441108545034,0.9065242494226329,0.9107043879907621,12.0,10.0,9.0,10.333333333333334,False,direct_size_estimation_deferred,매장 면적·좌석·점포별 매출이 없어 규모별 적합도와 argmax 규모는 산출하지 않음,0.52513294467507,0.930715935334873,usable_area_profile,True,balanced,True,0.6459122401847575,20.0
3120037,동대문역사문화공원역,11140,991150857.0,75063.0,13204.253187322649,0.8695150115473441,0.873015873015873,0.5793650793650794,0.6428571428571429,0.34523809523809523,0.8571428571428571,0.8214285714285714,0.0873015873015873,0.023809523809523808,0.8293650793650794,BRD_20201275,호두당,0.17782909930715934,False,3050.115571577939,125.25573836405046,15,74,0.28117782909930716,True,0.38533487297921476,0.5236720554272517,0.6620092378752886,281.0,187.0,106.0,191.33333333333334,False,direct_size_estimation_deferred,매장 면적·좌석·점포별 매출이 없어 규모별 적합도와 argmax 규모는 산출하지 않음,0.604175943642323,0.9284064665127021,usable_area_profile,True,balanced,True,0.7263568129330255,1.0
3120188,압구정역,11680,1784647410.0,134975.0,13222.058973884052,0.9404157043879908,0.7817460317460317,0.18253968253968253,0.75,0.6468253968253969,0.8531746031746031,0.9206349206349206,0.4365079365079365,0.027777777777777776,0.4880952380952381,BRD_20201275,호두당,0.6997690531177829,False,1204.059799173489,98.31073190628577,25,98,0.5323325635103926,True,0.7719630484988452,0.8200923787528869,0.8682217090069284,51.0,20.0,12.0,27.666666666666668,False,direct_size_estimation_deferred,매장 면적·좌석·점포별 매출이 없어 규모별 적합도와 argmax 규모는 산출하지 않음,0.5224889332902034,0.9515011547344111,usable_area_profile,True,balanced,True,0.7250461893764435,2.0
3120009,종로3가역,11110,773341001.0,64864.0,11922.499398741984,0.8273672055427251,0.876984126984127,0.42857142857142855,0.503968253968254,0.75,0.9444444444444444,0.8531746031746031,0.2619047619047619,0.05952380952380952,0.3611111111111111,BRD_20201275,호두당,0.4618937644341801,False,3831.529851103577,125.80143085865113,24,103,0.4532332563510392,True,0.5715357967667436,0.6446304849884527,0.7177251732101615,177.0,119.0,77.0,124.33333333333333,False,direct_size_estimation_deferred,매장 면적·좌석·점포별 매출이 없어 규모별 적합도와 argmax 규모는 산출하지 않음,0.267228216907948,0.9976905311778291,usable_area_profile,True,balanced,True,0.7204387990762124,3.0
3120175,남부터미널역,11650,960650667.0,103198.0,9308.810897498013,0.8390300230946882,0.7619047619047619,0.2857142857142857,0.7023809523809523,0.6785714285714286,0.8293650793650794,0.7777777777777778,0.42857142857142855,0.08333333333333333,0.5198412698412699,BRD_20201275,호두당,0.9364896073903002,False,1199.8966622604814,49.929950906089985,13,46,0.4821016166281755,True,0.9072517321016166,0.8877598152424941,0.8682678983833718,9.0,10.0,11.0,10.0,False,direct_size_estimation_deferred,매장 면적·좌석·점포별 매출이 없어 규모별 적합도와 argmax 규모는 산출하지 않음,0.35160401412939074,0.9930715935334873,usable_area_profile,True,balanced,True,0.7178810623556582,4.0
3110892,관악구 중앙길,11620,913081619.0,87290.0,10460.323278726086,0.8403002309468822,0.6944444444444444,0.5833333333333334,0.49603174603174605,0.8611111111111112,0.9801587301587301,0.8690476190476191,0.027777777777777776,0.051587301587301584,0.3412698412698413,BRD_20201275,호두당,0.24133949191685913,False,4696.658386532799,165.92166821826325,24,76,0.3978060046189376,True,0.421027713625866,0.5408198614318707,0.6606120092378752,260.0,173.0,109.0,180.66666666666666,False,direct_size_estimation_deferred,매장 면적·좌석·점포별 매출이 없어 규모별 적합도와 argmax 규모는 산출하지 않음,0.4623065718690054,0.9653579676674365,usable_area_profile,True,balanced,True,0.7171131639722863,5.0
3120062,신설동역,11230,583819931.0,56521.0,10329.256931052176,0.748498845265589,0.6904761904761905,0.5396825396825397,0.5714285714285714,0.9603174603174603,0.9126984126984127,0.4087301587301587,0.1865079365079365,0.09126984126984126,0.6825396825396826,BRD_20201275,호두당,0.8279445727482679,False,1340.3824081269352,109.76793705062819,8,37,0.16743648960739027,True,0.8041108545034642,0.7882217090069285,0.7723325635103926,35.0,34.0,47.0,38.666666666666664,False,direct_size_estimation_deferred,매장 면적·좌석·점포별 매출이 없어 규모별 적합도와 argmax 규모는 산출하지 않음,0.5600911411378351,0.9399538106235565,usable_area_profile,True,balanced,True,0.7068360277136259,6.0
3120107,공덕역(공덕오거리),11440,1051109080.0,111230.0,9449.870358716174,0.8578521939953809,0.9404761904761905,0.4246031746031746,0.5833333333333334,0.9642857142857143,0.9880952380952381,0.9841269841269841,0.1111111111111111,0.011904761904761904,0.051587301587301584,BRD_20201275,호두당,0.06351039260969978,False,6650.4283320449185,80.05623025110103,24,77,0.575635103926097,True,0.30181293302540413,0.4606812933025404,0.6195496535796766,329.0,248.0,136.0,237.66666666666666,False,direct_size_estimation_deferred,매장 면적·좌석·점포별 매출이 없어 규모별 적합도와 argmax 규모는 산출하지 않음,0.38778808005389687,0.9815242494226328,usable_area_profile,True,balanced,True,0.7046651270207852,7.0
3130072,성동용답상가시장,11200,441220675.0,42751.0,10320.710041870365,0.6748267898383372,0.9206349206349206,0.38492063492063494,0.5555555555555556,0.9920634920634921,0.9841269841269841,0.9563492063492064,0.10317460317460317,0.015873015873015872,0.07936507936507936,BRD_20201275,호두당,0.016166281755196306,False,3198.385373928853,135.0925608781212,10,28,0.1489607390300231,True,0.21376443418013857,0.34549653579676676,0.4772286374133949,386.0,325.0,229.0,313.3333333333333,False,direct_size_estimation_deferred,매장 면적·좌석·점포별 매출이 없어 규모별 적합도와 argmax 규모는 산출하지 않음,0.44622850910536843,0.976905311778291,usable_area_profile,True,balanced,True,0.70229792147806,8.0
3120201,도곡1동,11680,649721874.0,58337.0,11137.38920410717,0.7846420323325634,0.7817460317460317,0.18253968253968253,0.75,0.6468253968253969,0.8531746031746031,0.9206349206349206,0.4365079365079365,0.027777777777777776,0.4880952380952381,BRD_20201275,호두당,0.6997690531177829,False,2940.1532273337257,87.09190547353441,10,65,0.2644341801385681,True,0.725230946882217,0.7422055427251731,0.7591801385681292,82.0,55.0,57.0,64.66666666666667,False,direct_size_estimation_deferred,매장 면적·좌석·점포별 매출이 없어 규모별 적합도와 argmax 규모는 산출하지 않음,0.6444791037932156,0.9076212471131639,usable_area_profile,True,balanced,True,0.6887702078521939,9.0
3120205,매봉역,11680,580733796.0,60594.0,9584.014852955737,0.7444572748267898,0.7817460317460317,0.18253968253968253,0.75,0.6468253968253969,0.8531746031746031,0.9206349206349206,0.4365079365079365,0.027777777777777776,0.4880952380952381,BRD_20201275,호두당,0.6997690531177829,False,3367.6349268100034,70.4911341990284,16,64,0.4682448036951501,True,0.713175519630485,0.7221131639722864,0.7310508083140876,89.0,66.0,69.0,74.66666666666667,False,direct_size_estimation_deferred,매장 면적·좌석·점포별 매출이 없어 규모별 적합도와 argmax 규모는 산출하지 않음,0.37150943615770493,0.9884526558891455,usable_area_profile,True,balanced,True,0.6845496535796766,10.0
3120038,약수역,11140,1550178516.0,134777.0,11501.803096967584,0.9235565819861433,0.873015873015873,0.5793650793650794,0.6428571428571429,0.34523809523809523,0.8571428571428571,0.8214285714285714,0.0873015873015873,0.023809523809523808,0.8293650793650794,BRD_20201275,호두당,0.17782909930715934,False,3958.289150634331,62.64183906448842,18,44,0.5508083140877598,True,0.4015473441108545,0.5506928406466514,0.699838337182448,268.0,169.0,91.0,176.0,False,direct_size_estimation_deferred,매장 면적·좌석·점포별 매출이 없어 규모별 적합도와 argmax 규모는 산출하지 않음,0.686943923034053,0.8752886836027713,usable_area_profile,True,balanced,True,0.6782678983833719,11.0
3110943,법제교육센터(버들어린이공원),11650,849985150.0,98576.0,8622.637863171563,0.812471131639723,0.7619047619047619,0.2857142857142857,0.7023809523809523,0.6785714285714286,0.8293650793650794,0.7777777777777778,0.42857142857142855,0.08333333333333333,0.5198412698412699,BRD_20201275,호두당,0.9364896073903002,False,4010.246127152995,67.35725648954265,25,54,0.6466512702078522,True,0.899284064665127,0.8744803695150116,0.849676674364896,12.0,11.0,16.0,13.0,False,direct_size_estimation_deferred,매장 면적·좌석·점포별 매출이 없어 규모별 적합도와 argmax 규모는 산출하지 않음,0.4544974628318349,0.9722863741339491,usable_area_profile,True,balanced,True,0.6735103926096998,12.0
3110883,은천초등학교(은천교앞),11620,384324031.0,36658.0,10484.042528233946,0.6409930715935335,0.6944444444444444,0.5833333333333334,0.49603174603174605,0.8611111111111112,0.9801587301587301,0.8690476190476191,0.027777777777777776,0.051587301587301584,0.3412698412698413,BRD_20201275,호두당,0.24133949191685913,False,3492.0001431602927,165.06059494972328,13,69,0.17840646651270212,True,0.36123556581986144,0.4411662817551963,0.5210969976905311,294.0,265.0,200.0,253.0,False,direct_size_estimation_deferred,매장 면적·좌석·점포별 매출이 없어 규모별 적합도와 argmax 규모는 산출하지 않음,0.5340430344860527,0.9468822170900693,usable_area_profile,True,balanced,True,0.671027713625866,13.5
3120208,청담사거리(청담동명품거리),11680,990117589.0,45474.0,21773.267999296302,0.8292147806004619,0.7817460317460317,0.18253968253968253,0.75,0.6468253968253969,0.8531746031746031,0.9206349206349206,0.4365079365079365,0.027777777777777776,0.4880952380952381,BRD_20201275,호두당,0.6997690531177829,False,2621.2754529141453,112.3610252495735,13,63,0.2557736720554272,True,0.7386027713625866,0.7644919168591224,0.7903810623556582,73.0,46.0,39.0,52.666666666666664,False,direct_size_estimation_deferred,매장 면적·좌석·점포별 매출이 없어 규모별 적합도와 argmax 규모는 산출하지 않음,0.7214403026940793,0.838337182448037,usable_area_profile,True,balanced,True,0.671027713625866,13.5
3120166,방배역,11650,1455145059.0,122673.0,11861.983150326478,0.9176674364896074,0.7619047619047619,0.2857142857142857,0.7023809523809523,0.6785714285714286,0.8293650793650794,0.7777777777777778,0.42857142857142855,0.08333333333333333,0.5198412698412699,BRD_20201275,호두당,0.9364896073903002,False,1333.2715402314047,99.2975326976693,12,28,0.2678983833718245,True,0.9308429561200924,0.9270785219399538,0.9233140877598152,5.0,4.0,3.0,4.0,False,direct_size_estimation_deferred,매장 면적·좌석·점포별 매출이 없어 규모별 적합도와 argmax 규모는 산출하지 않음,0.7957611846709636,0.7736720554272517,usable_area_profile,True,balanced,True,0.6678348729792147,15.0
3120003,광화문역,11110,756200869.0,75218.0,10053.456207290808,0.8042725173210161,0.876984126984127,0.42857142857142855,0.503968253968254,0.75,0.9444444444444444,0.8531746031746031,0.2619047619047619,0.05952380952380952,0.3611111111111111,BRD_20201275,호두당,0.4618937644341801,False,5145.274531046441,69.12307861572918,25,101,0.6397228637413395,True,0.5646073903002309,0.6330831408775981,0.7015588914549653,182.0,124.0,89.0,131.66666666666666,False,direct_size_estimation_deferred,매장 면적·좌석·점포별 매출이 없어 규모별 적합도와 argmax 규모는 산출하지 않음,0.5302676555501171,0.9491916859122402,usable_area_profile,True,balanced,True,0.6601327944572748,16.0
3120120,화곡역,11500,2140760825.0,296121.0,7229.34484551923,0.8866050808314089,0.8373015873015873,0.23809523809523808,0.623015873015873,0.32142857142857145,0.8333333333333334,0.9246031746031746,0.46825396825396826,0.05555555555555555,0.42063492063492064,BRD_20201275,호두당,0.5046189376443418,False,8397.79215032149,26.400757567542716,25,54,0.8175519630484989,True,0.619214780600462,0.6956120092378754,0.7720092378752887,142.0,82.0,48.0,90.66666666666667,False,direct_size_estimation_deferred,매장 면적·좌석·점포별 매출이 없어 규모별 적합도와 argmax 규모는 산출하지 않음,0.5445188431593053,0.9445727482678984,usable_area_profile,True,balanced,True,0.6599653579676675,17.0
3110640,방화역 1번,11500,671414576.0,62982.0,10660.420056524086,0.7871824480369516,0.8373015873015873,0.23809523809523808,0.623015873015873,0.32142857142857145,0.8333333333333334,0.9246031746031746,0.46825396825396826,0.05555555555555555,0.42063492063492064,BRD_20201275,호두당,0.5046189376443418,False,12899.475415688397,241.56986569432095,5,25,0.02482678983833718,True,0.5893879907621247,0.6459006928406468,0.7024133949191687,164.0,117.0,88.0,123.0,False,direct_size_estimation_deferred,매장 면적·좌석·점포별 매출이 없어 규모별 적합도와 argmax 규모는 산출하지 않음,0.7947800556074578,0.7759815242494226,usable_area_profile,True,balanced,True,0.6597806004618938,18.0
3120069,상봉역,11260,1511381851.0,142985.0,10570.212616708046,0.9086605080831409,0.8492063492063492,0.40476190476190477,0.5,0.39285714285714285,0.623015873015873,0.5714285714285714,0.16666666666666666,0.32936507936507936,0.8134920634920635,BRD_20201275,호두당,0.8983833718244804,False,5221.40766462329,89.18520055817115,16,56,0.3931870669745958,True,0.9014665127020784,0.9035219399538106,0.9055773672055427,10.0,7.0,6.0,7.666666666666667,False,direct_size_estimation_deferred,매장 면적·좌석·점포별 매출이 없어 규모별 적합도와 argmax 규모는 산출하지 않음,0.7786965363131012,0.792147806004619,usable_area_profile,True,balanced,True,0.6551270207852194,19.0
3120148,국회의사당역(국회의사당),11560,658683908.0,52751.0,12486.662015885955,0.7863741339491918,0.8571428571428571,0.7698412698412699,0.5277777777777778,0.23809523809523808,0.9007936507936508,0.9761904761904762,0.3373015873015873,0.047619047619047616,0.25,BRD_20201275,호두당,0.13394919168591224,False,5541.23397807172,117.8346298709127,7,35,0.13741339491916857,True,0.32967667436489606,0.460161662817552,0.5906466512702079,316.0,249.0,152.0,239.0,False,direct_size_estimation_deferred,매장 면적·좌석·점포별 매출이 없어 규모별 적합도와 argmax 규모는 산출하지 않음,0.7676381674377554,0.7967667436489607,usable_area_profile,True,balanced,True,0.6530023094688221,20.0
3120038,약수역,11140,1550178516.0,134777.0,11501.803096967584,0.9235565819861433,0.873015873015873,0.5793650793650794,0.6428571428571429,0.34523809523809523,0.8571428571428571,0.8214285714285714,0.0873015873015873,0.023809523809523808,0.8293650793650794,BRD_20080100675,호밀호두,0.20092378752886836,False,1515.9960422260647,62.64183906448842,18,44,0.5502309468822171,True,0.4177136258660509,0.5622401847575058,0.7067667436489607,254.0,162.0,84.0,166.66666666666666,False,direct_size_estimation_deferred,매장 면적·좌석·점포별 매출이 없어 규모별 적합도와 argmax 규모는 산출하지 않음,0.43465289182904193,0.9653579676674365,usable_area_profile,True,balanced,True,0.7233891454965359,1.0
3120188,압구정역,11680,1784647410.0,134975.0,13222.058973884052,0.9404157043879908,0.7817460317460317,0.18253968253968253,0.75,0.6468253968253969,0.8531746031746031,0.9206349206349206,0.4365079365079365,0.027777777777777776,0.4880952380952381,BRD_20080100675,호밀호두,0.7644341801385681,False,2126.2683273518624,98.31073190628577,25,98,0.5340646651270208,True,0.8172286374133948,0.8524249422632795,0.8876212471131639,34.0,18.0,13.0,21.666666666666668,False,direct_size_estimation_deferred,매장 면적·좌석·점포별 매출이 없어 규모별 적합도와 argmax 규모는 산출하지 않음,0.4806445066287513,0.9376443418013857,usable_area_profile,True,balanced,True,0.7178579676674365,2.0
3120009,종로3가역,11110,773341001.0,64864.0,11922.499398741984,0.8273672055427251,0.876984126984127,0.42857142857142855,0.503968253968254,0.75,0.9444444444444444,0.8531746031746031,0.2619047619047619,0.05952380952380952,0.3611111111111111,BRD_20080100675,호밀호두,0.7090069284064665,False,2633.6020959895886,125.80143085865113,24,103,0.45554272517321015,True,0.744515011547344,0.7681870669745958,0.7918591224018474,78.0,48.0,38.0,54.666666666666664,False,direct_size_estimation_deferred,매장 면적·좌석·점포별 매출이 없어 규모별 적합도와 argmax 규모는 산출하지 않음,0.3343734615223761,0.9884526558891455,usable_area_profile,True,balanced,True,0.7154734411085449,3.0
3130072,성동용답상가시장,11200,441220675.0,42751.0,10320.710041870365,0.6748267898383372,0.9206349206349206,0.38492063492063494,0.5555555555555556,0.9920634920634921,0.9841269841269841,0.9563492063492064,0.10317460317460317,0.015873015873015872,0.07936507936507936,BRD_20080100675,호밀호두,0.12009237875288684,False,2250.658792456432,135.0925608781212,10,28,0.14953810623556585,True,0.2865127020785219,0.397459584295612,0.508406466512702,339.0,278.0,205.0,274.0,False,direct_size_estimation_deferred,매장 면적·좌석·점포별 매출이 없어 규모별 적합도와 argmax 규모는 산출하지 않음,0.3306365998573183,0.9907621247113164,usable_area_profile,True,balanced,True,0.7091397228637414,4.0
3120107,공덕역(공덕오거리),11440,1051109080.0,111230.0,9449.870358716174,0.8578521939953809,0.9404761904761905,0.4246031746031746,0.5833333333333334,0.9642857142857143,0.9880952380952381,0.9841269841269841,0.1111111111111111,0.011904761904761904,0.051587301587301584,BRD_20080100675,호밀호두,0.07274826789838337,False,3880.280659918876,80.05623025110103,24,77,0.5779445727482679,True,0.3082794457274826,0.46530023094688217,0.6223210161662817,326.0,230.0,129.0,228.33333333333334,False,direct_size_estimation_deferred,매장 면적·좌석·점포별 매출이 없어 규모별 적합도와 argmax 규모는 산출하지 않음,0.3921446902196832,0.9861431870669746,usable_area_profile,True,balanced,True,0.7066281755196304,5.0
3120166,방배역,11650,1455145059.0,122673.0,11861.983150326478,0.9176674364896074,0.7619047619047619,0.2857142857142857,0.7023809523809523,0.6785714285714286,0.8293650793650794,0.7777777777777778,0.42857142857142855,0.08333333333333333,0.5198412698412699,BRD_20080100675,호밀호두,0.9780600461893765,False,1891.230816174945,99.2975326976693,12,28,0.2684757505773672,True,0.9599422632794457,0.9478637413394919,0.935785219399538,3.0,3.0,3.0,3.0,False,direct_size_estimation_deferred,매장 면적·좌석·점포별 매출이 없어 규모별 적합도와 argmax 규모는 산출하지 않음,0.625211109796659,0.8406466512702079,usable_area_profile,True,balanced,True,0.7012355658198614,6.0
3110883,은천초등학교(은천교앞),11620,384324031.0,36658.0,10484.042528233946,0.6409930715935335,0.6944444444444444,0.5833333333333334,0.49603174603174605,0.8611111111111112,0.9801587301587301,0.8690476190476191,0.027777777777777776,0.051587301587301584,0.3412698412698413,BRD_20080100675,호밀호두,0.34988452655889146,False,3173.9932261653657,165.06059494972328,13,69,0.17956120092378755,True,0.43721709006928405,0.49543879907621247,0.5536605080831408,241.0,206.0,173.0,206.66666666666666,False,direct_size_estimation_deferred,매장 면적·좌석·점포별 매출이 없어 규모별 적합도와 argmax 규모는 산출하지 않음,0.40056399232194684,0.9792147806004619,usable_area_profile,True,balanced,True,0.6870207852193995,7.0
3120201,도곡1동,11680,649721874.0,58337.0,11137.38920410717,0.7846420323325634,0.7817460317460317,0.18253968253968253,0.75,0.6468253968253969,0.8531746031746031,0.9206349206349206,0.4365079365079365,0.027777777777777776,0.4880952380952381,BRD_20080100675,호밀호두,0.7644341801385681,False,1546.2321947177284,87.09190547353441,10,65,0.26501154734411086,True,0.7704965357967666,0.7745381062355657,0.7785796766743647,65.0,45.0,44.0,51.333333333333336,False,direct_size_estimation_deferred,매장 면적·좌석·점포별 매출이 없어 규모별 적합도와 argmax 규모는 산출하지 않음,0.5478485371380071,0.8914549653579676,usable_area_profile,True,balanced,True,0.6806004618937643,8.0
3110892,관악구 중앙길,11620,913081619.0,87290.0,10460.323278726086,0.8403002309468822,0.6944444444444444,0.5833333333333334,0.49603174603174605,0.8611111111111112,0.9801587301587301,0.8690476190476191,0.027777777777777776,0.051587301587301584,0.3412698412698413,BRD_20080100675,호밀호두,0.34988452655889146,False,2964.4405880481286,165.92166821826325,24,76,0.40011547344110854,True,0.4970092378752886,0.5950923787528868,0.693175519630485,200.0,138.0,87.0,141.66666666666666,False,direct_size_estimation_deferred,매장 면적·좌석·점포별 매출이 없어 규모별 적합도와 argmax 규모는 산출하지 않음,0.5531310041086324,0.8845265588914549,usable_area_profile,True,balanced,True,0.67635103926097,9.0
3120120,화곡역,11500,2140760825.0,296121.0,7229.34484551923,0.8866050808314089,0.8373015873015873,0.23809523809523808,0.623015873015873,0.32142857142857145,0.8333333333333334,0.9246031746031746,0.46825396825396826,0.05555555555555555,0.42063492063492064,BRD_20080100675,호밀호두,0.8187066974595842,False,5393.713099492108,26.400757567542716,25,54,0.819284064665127,True,0.8390762124711316,0.8526558891454965,0.8662355658198615,29.0,17.0,16.0,20.666666666666668,False,direct_size_estimation_deferred,매장 면적·좌석·점포별 매출이 없어 규모별 적합도와 argmax 규모는 산출하지 않음,0.41148049634323236,0.9722863741339491,usable_area_profile,True,balanced,True,0.6735623556581987,10.0
3110640,방화역 1번,11500,671414576.0,62982.0,10660.420056524086,0.7871824480369516,0.8373015873015873,0.23809523809523808,0.623015873015873,0.32142857142857145,0.8333333333333334,0.9246031746031746,0.46825396825396826,0.05555555555555555,0.42063492063492064,BRD_20080100675,호밀호두,0.8187066974595842,False,9148.993933726953,241.56986569432095,5,25,0.02482678983833718,True,0.8092494226327944,0.8029445727482679,0.7966397228637414,39.0,33.0,35.0,35.666666666666664,False,direct_size_estimation_deferred,매장 면적·좌석·점포별 매출이 없어 규모별 적합도와 argmax 규모는 산출하지 않음,0.7025850244930082,0.7967667436489607,usable_area_profile,True,balanced,True,0.6701732101616629,11.0
3120175,남부터미널역,11650,960650667.0,103198.0,9308.810897498013,0.8390300230946882,0.7619047619047619,0.2857142857142857,0.7023809523809523,0.6785714285714286,0.8293650793650794,0.7777777777777778,0.42857142857142855,0.08333333333333333,0.5198412698412699,BRD_20080100675,호밀호두,0.9780600461893765,False,1000.418412477851,49.929950906089985,13,46,0.4832563510392609,True,0.93635103926097,0.9085450346420323,0.8807390300230946,6.0,7.0,15.0,9.333333333333334,False,direct_size_estimation_deferred,매장 면적·좌석·점포별 매출이 없어 규모별 적합도와 argmax 규모는 산출하지 않음,0.5492930471801407,0.8891454965357968,usable_area_profile,True,balanced,True,0.6657448036951501,12.0
3111021,방이역 4번,11710,394829518.0,38606.0,10227.154276537325,0.6466512702078522,0.8531746031746031,0.13095238095238096,0.6746031746031746,0.9325396825396826,0.8928571428571429,0.7063492063492064,0.4087301587301587,0.03968253968253968,0.5436507936507936,BRD_20080100675,호밀호두,0.5404157043879908,False,2928.9849777991376,115.2085066609535,15,51,0.2984988452655889,True,0.5722863741339492,0.5935334872979214,0.6147806004618938,163.0,140.0,136.0,146.33333333333334,False,direct_size_estimation_deferred,매장 면적·좌석·점포별 매출이 없어 규모별 적합도와 argmax 규모는 산출하지 않음,0.44734142198166493,0.9630484988452656,usable_area_profile,True,balanced,True,0.6630773672055427,13.0
3120151,보라매공원,11590,648870341.0,67412.0,9625.442665994186,0.7726327944572748,0.8611111111111112,0.5158730158730159,0.42857142857142855,0.753968253968254,0.9563492063492064,0.6626984126984127,0.11507936507936507,0.09523809523809523,0.5674603174603174,BRD_20080100675,호밀호두,0.4491916859122402,False,2233.997538002685,16.492422502230646,17,70,0.7118937644341802,True,0.5462240184757505,0.6109122401847575,0.6756004618937644,173.0,127.0,97.0,132.33333333333334,False,direct_size_estimation_deferred,매장 면적·좌석·점포별 매출이 없어 규모별 적합도와 argmax 규모는 산출하지 않음,0.3141778200228582,0.9930715935334873,usable_area_profile,True,balanced,True,0.6601732101616629,14.0
3120152,신대방삼거리역,11590,953145793.0,102228.0,9323.72532965528,0.8353348729792147,0.8611111111111112,0.5158730158730159,0.42857142857142855,0.753968253968254,0.9563492063492064,0.6626984126984127,0.11507936507936507,0.09523809523809523,0.5674603174603174,BRD_20080100675,호밀호두,0.4491916859122402,False,2848.975254322369,79.30952023733208,18,47,0.4774826789838337,True,0.5650346420323324,0.6422632794457275,0.7194919168591223,167.0,109.0,77.0,117.66666666666667,False,direct_size_estimation_deferred,매장 면적·좌석·점포별 매출이 없어 규모별 적합도와 argmax 규모는 산출하지 않음,0.5943792785527213,0.8683602771362586,usable_area_profile,True,balanced,True,0.6549249422632794,15.0
3120133,서울시흥동우체국(홈플러스시흥점),11545,637795918.0,60754.0,10498.00701188399,0.7765588914549653,0.753968253968254,0.7420634920634921,0.3531746031746032,0.24206349206349206,0.8690476190476191,0.873015873015873,0.04365079365079365,0.13095238095238096,0.6785714285714286,BRD_20080100675,호밀호두,0.012702078521939953,False,3521.00355015104,60.20797286767192,15,45,0.4821016166281755,True,0.24185912240184754,0.3946304849884526,0.5474018475750576,357.0,281.0,179.0,272.3333333333333,False,direct_size_estimation_deferred,매장 면적·좌석·점포별 매출이 없어 규모별 적합도와 argmax 규모는 산출하지 않음,0.5179955408487065,0.9099307159353349,usable_area_profile,True,balanced,True,0.6544457274826789,16.0
3120062,신설동역,11230,583819931.0,56521.0,10329.256931052176,0.748498845265589,0.6904761904761905,0.5396825396825397,0.5714285714285714,0.9603174603174603,0.9126984126984127,0.4087301587301587,0.1865079365079365,0.09126984126984126,0.6825396825396826,BRD_20080100675,호밀호두,0.31524249422632794,False,1121.1012442973956,109.76793705062819,8,37,0.16743648960739027,True,0.4452193995381062,0.5318706697459584,0.6185219399538107,237.0,184.0,133.0,184.66666666666666,False,direct_size_estimation_deferred,매장 면적·좌석·점포별 매출이 없어 규모별 적합도와 argmax 규모는 산출하지 않음,0.6468669931364138,0.8314087759815243,usable_area_profile,True,balanced,True,0.6525635103926097,17.0
3120228,석촌역(석촌호수),11710,510280686.0,47215.0,10807.596865402944,0.7248267898383373,0.8531746031746031,0.13095238095238096,0.6746031746031746,0.9325396825396826,0.8928571428571429,0.7063492063492064,0.4087301587301587,0.03968253968253968,0.5436507936507936,BRD_20080100675,호밀호두,0.5404157043879908,False,4118.927287566533,78.44743464456866,38,113,0.6853348729792148,True,0.5957390300230947,0.632621247113164,0.6695034642032334,152.0,113.0,102.0,122.33333333333333,False,direct_size_estimation_deferred,매장 면적·좌석·점포별 매출이 없어 규모별 적합도와 argmax 규모는 산출하지 않음,0.20815979844915733,0.9976905311778291,usable_area_profile,True,balanced,True,0.6497344110854505,18.0
3120205,매봉역,11680,580733796.0,60594.0,9584.014852955737,0.7444572748267898,0.7817460317460317,0.18253968253968253,0.75,0.6468253968253969,0.8531746031746031,0.9206349206349206,0.4365079365079365,0.027777777777777776,0.4880952380952381,BRD_20080100675,호밀호두,0.7644341801385681,False,2280.0464907634987,70.4911341990284,16,64,0.4676674364896074,True,0.7584411085450345,0.754445727482679,0.7504503464203232,69.0,61.0,58.0,62.666666666666664,False,direct_size_estimation_deferred,매장 면적·좌석·점포별 매출이 없어 규모별 적합도와 argmax 규모는 산출하지 않음,0.510114499405929,0.9168591224018476,usable_area_profile,True,balanced,True,0.6488394919168591,19.0
3120069,상봉역,11260,1511381851.0,142985.0,10570.212616708046,0.9086605080831409,0.8492063492063492,0.40476190476190477,0.5,0.39285714285714285,0.623015873015873,0.5714285714285714,0.16666666666666666,0.32936507936507936,0.8134920634920635,BRD_20080100675,호밀호두,0.8983833718244804,False,3504.160384444981,89.18520055817115,16,56,0.39260969976905313,True,0.9014665127020784,0.9035219399538106,0.9055773672055427,10.0,9.0,8.0,9.0,False,direct_size_estimation_deferred,매장 면적·좌석·점포별 매출이 없어 규모별 적합도와 argmax 규모는 산출하지 않음,0.7219180073410505,0.7713625866050808,usable_area_profile,True,balanced,True,0.6448210161662817,20.0
3120166,방배역,11650,1455145059.0,122673.0,11861.983150326478,0.9176674364896074,0.7619047619047619,0.2857142857142857,0.7023809523809523,0.6785714285714286,0.8293650793650794,0.7777777777777778,0.42857142857142855,0.08333333333333333,0.5198412698412699,BRD_20240478,화이트리에,0.9780600461893765,False,3023.7701632485446,99.2975326976693,12,28,0.2673210161662818,True,0.9599422632794457,0.9478637413394919,0.935785219399538,3.0,3.0,3.0,3.0,False,direct_size_estimation_deferred,매장 면적·좌석·점포별 매출이 없어 규모별 적합도와 argmax 규모는 산출하지 않음,0.5242590028504286,0.9376443418013857,usable_area_profile,True,balanced,True,0.7499076212471131,1.0
3120188,압구정역,11680,1784647410.0,134975.0,13222.058973884052,0.9404157043879908,0.7817460317460317,0.18253968253968253,0.75,0.6468253968253969,0.8531746031746031,0.9206349206349206,0.4365079365079365,0.027777777777777776,0.4880952380952381,BRD_20240478,화이트리에,0.8060046189376443,False,2664.8470875161825,98.31073190628577,25,98,0.5323325635103926,True,0.8463279445727483,0.8732101616628176,0.9000923787528868,26.0,15.0,9.0,16.666666666666668,False,direct_size_estimation_deferred,매장 면적·좌석·점포별 매출이 없어 규모별 적합도와 argmax 규모는 산출하지 않음,0.390646623708838,0.9884526558891455,usable_area_profile,True,balanced,True,0.7435219399538107,2.0
3120165,서래마을카페거리(서래마을),11650,2971488955.0,159582.0,18620.45189933702,0.9718244803695151,0.7619047619047619,0.2857142857142857,0.7023809523809523,0.6785714285714286,0.8293650793650794,0.7777777777777778,0.42857142857142855,0.08333333333333333,0.5198412698412699,BRD_20240478,화이트리에,0.9780600461893765,False,1369.634257778366,18.110770263065373,12,56,0.5814087759815242,True,0.976189376443418,0.9749422632794458,0.9736951501154734,1.0,1.0,1.0,1.0,True,direct_size_estimation_deferred,매장 면적·좌석·점포별 매출이 없어 규모별 적합도와 argmax 규모는 산출하지 않음,0.4815989213897133,0.9515011547344111,usable_area_profile,True,balanced,True,0.7286778290993072,3.0
3120069,상봉역,11260,1511381851.0,142985.0,10570.212616708046,0.9086605080831409,0.8492063492063492,0.40476190476190477,0.5,0.39285714285714285,0.623015873015873,0.5714285714285714,0.16666666666666666,0.32936507936507936,0.8134920634920635,BRD_20240478,화이트리에,0.8545034642032333,False,2222.724679294381,89.18520055817115,16,56,0.3920323325635104,True,0.8707505773672055,0.8815819861431871,0.8924133949191686,17.0,13.0,12.0,14.0,False,direct_size_estimation_deferred,매장 면적·좌석·점포별 매출이 없어 규모별 적합도와 argmax 규모는 산출하지 않음,0.5271169579172622,0.9353348729792148,usable_area_profile,True,balanced,True,0.7268937644341802,4.0
3120079,창동역,11320,765698620.0,76216.0,10046.428833840664,0.8071593533487298,0.7182539682539683,0.11904761904761904,0.6071428571428571,0.25793650793650796,0.3611111111111111,0.24603174603174602,0.19047619047619047,0.4246031746031746,0.9126984126984127,BRD_20240478,화이트리에,0.2806004618937644,False,5801.528419294322,91.21403398036323,16,24,0.38394919168591224,True,0.438568129330254,0.543879907621247,0.6491916859122402,239.0,171.0,110.0,173.33333333333334,False,direct_size_estimation_deferred,매장 면적·좌석·점포별 매출이 없어 규모별 적합도와 argmax 규모는 산출하지 않음,0.49112689778119406,0.9468822170900693,usable_area_profile,True,balanced,True,0.6983545034642032,5.0
3110274,서일대학교,11260,492656087.0,41512.0,11867.79935922143,0.7133949191685912,0.8492063492063492,0.40476190476190477,0.5,0.39285714285714285,0.623015873015873,0.5714285714285714,0.16666666666666666,0.32936507936507936,0.8134920634920635,BRD_20240478,화이트리에,0.8545034642032333,False,3331.332766317447,101.51354588565466,6,29,0.16801385681293304,True,0.8121709006928406,0.7839491916859123,0.7557274826789837,45.0,44.0,56.0,48.333333333333336,False,direct_size_estimation_deferred,매장 면적·좌석·점포별 매출이 없어 규모별 적합도와 argmax 규모는 산출하지 않음,0.4913082645406613,0.9422632794457275,usable_area_profile,True,balanced,True,0.6956177829099306,6.0
3120124,개봉동 현대아파트,11530,436251391.0,40258.0,10836.390059118685,0.6745958429561202,0.8412698412698413,0.8373015873015873,0.5753968253968254,0.5238095238095238,0.7579365079365079,0.7380952380952381,0.18253968253968253,0.12698412698412698,0.7658730158730159,BRD_20240478,화이트리에,0.34872979214780603,False,5606.122100002234,107.00467282129758,11,24,0.2263279445727483,True,0.44648960739030025,0.5116628175519631,0.5768360277136259,234.0,193.0,154.0,193.66666666666666,False,direct_size_estimation_deferred,매장 면적·좌석·점포별 매출이 없어 규모별 적합도와 argmax 규모는 산출하지 않음,0.4272520058734771,0.9815242494226328,usable_area_profile,True,balanced,True,0.6929214780600462,7.0
3120152,신대방삼거리역,11590,953145793.0,102228.0,9323.72532965528,0.8353348729792147,0.8611111111111112,0.5158730158730159,0.42857142857142855,0.753968253968254,0.9563492063492064,0.6626984126984127,0.11507936507936507,0.09523809523809523,0.5674603174603174,BRD_20240478,화이트리에,0.4607390300230947,False,2339.278948757312,79.30952023733208,18,47,0.4774826789838337,True,0.5731177829099307,0.6480369515011547,0.7229561200923786,163.0,107.0,74.0,114.66666666666667,False,direct_size_estimation_deferred,매장 면적·좌석·점포별 매출이 없어 규모별 적합도와 argmax 규모는 산출하지 않음,0.5284015306009641,0.9330254041570438,usable_area_profile,True,balanced,True,0.687257505773672,8.0
3130072,성동용답상가시장,11200,441220675.0,42751.0,10320.710041870365,0.6748267898383372,0.9206349206349206,0.38492063492063494,0.5555555555555556,0.9920634920634921,0.9841269841269841,0.9563492063492064,0.10317460317460317,0.015873015873015872,0.07936507936507936,BRD_20240478,화이트리에,0.10392609699769054,False,1258.3421633474625,135.0925608781212,10,28,0.1489607390300231,True,0.27519630484988455,0.38937644341801386,0.5035565819861432,348.0,291.0,208.0,282.3333333333333,False,direct_size_estimation_deferred,매장 면적·좌석·점포별 매출이 없어 규모별 적합도와 argmax 규모는 산출하지 않음,0.49129084731462935,0.9445727482678984,usable_area_profile,True,balanced,True,0.6861316397228637,9.0
3110883,은천초등학교(은천교앞),11620,384324031.0,36658.0,10484.042528233946,0.6409930715935335,0.6944444444444444,0.5833333333333334,0.49603174603174605,0.8611111111111112,0.9801587301587301,0.8690476190476191,0.027777777777777776,0.051587301587301584,0.3412698412698413,BRD_20240478,화이트리에,0.384526558891455,False,3689.7860371694933,165.06059494972328,13,69,0.17782909930715937,True,0.4614665127020785,0.5127598152424943,0.5640531177829099,227.0,191.0,164.0,194.0,False,direct_size_estimation_deferred,매장 면적·좌석·점포별 매출이 없어 규모별 적합도와 argmax 규모는 산출하지 않음,0.4361577026823849,0.9745958429561201,usable_area_profile,True,balanced,True,0.6849711316397229,10.0
3120038,약수역,11140,1550178516.0,134777.0,11501.803096967584,0.9235565819861433,0.873015873015873,0.5793650793650794,0.6428571428571429,0.34523809523809523,0.8571428571428571,0.8214285714285714,0.0873015873015873,0.023809523809523808,0.8293650793650794,BRD_20240478,화이트리에,0.16397228637413394,False,4597.25798714366,62.64183906448842,18,44,0.5502309468822171,True,0.39184757505773676,0.5437644341801386,0.6956812933025405,268.0,172.0,86.0,175.33333333333334,False,direct_size_estimation_deferred,매장 면적·좌석·점포별 매출이 없어 규모별 적합도와 argmax 규모는 산출하지 않음,0.5935023460924295,0.8822170900692841,usable_area_profile,True,balanced,True,0.6818187066974597,11.0
3120133,서울시흥동우체국(홈플러스시흥점),11545,637795918.0,60754.0,10498.00701188399,0.7765588914549653,0.753968253968254,0.7420634920634921,0.3531746031746032,0.24206349206349206,0.8690476190476191,0.873015873015873,0.04365079365079365,0.13095238095238096,0.6785714285714286,BRD_20240478,화이트리에,0.012702078521939953,False,7981.284608407855,60.20797286767192,15,45,0.48325635103926096,True,0.24185912240184754,0.3946304849884526,0.5474018475750576,368.0,285.0,181.0,278.0,False,direct_size_estimation_deferred,매장 면적·좌석·점포별 매출이 없어 규모별 적합도와 argmax 규모는 산출하지 않음,0.45304593506531815,0.9630484988452656,usable_area_profile,True,balanced,True,0.6808314087759815,12.0
3120080,마들역,11350,1045100686.0,106340.0,9827.916926838443,0.858891454965358,0.8928571428571429,0.08333333333333333,0.7222222222222222,0.9444444444444444,0.7777777777777778,0.30158730158730157,0.38095238095238093,0.4444444444444444,0.6071428571428571,BRD_20240478,화이트리에,0.49191685912240185,False,7504.669279840361,45.607017023633105,8,32,0.4087759815242494,True,0.6020092378752886,0.6754041570438799,0.7487990762124711,150.0,93.0,60.0,101.0,False,direct_size_estimation_deferred,매장 면적·좌석·점포별 매출이 없어 규모별 적합도와 argmax 규모는 산출하지 않음,0.5937660861480902,0.8799076212471132,usable_area_profile,True,balanced,True,0.6792494226327945,13.0
3110640,방화역 1번,11500,671414576.0,62982.0,10660.420056524086,0.7871824480369516,0.8373015873015873,0.23809523809523808,0.623015873015873,0.32142857142857145,0.8333333333333334,0.9246031746031746,0.46825396825396826,0.05555555555555555,0.42063492063492064,BRD_20240478,화이트리에,0.7517321016166282,False,3527.100934207685,241.56986569432095,5,25,0.02482678983833718,True,0.7623672055427252,0.7694572748267898,0.7765473441108546,71.0,50.0,44.0,55.0,False,direct_size_estimation_deferred,매장 면적·좌석·점포별 매출이 없어 규모별 적합도와 argmax 규모는 산출하지 않음,0.6837780884944179,0.812933025404157,usable_area_profile,True,balanced,True,0.678256351039261,14.0
3120241,거여역,11710,442861720.0,38192.0,11595.66715542522,0.6863741339491918,0.8531746031746031,0.13095238095238096,0.6746031746031746,0.9325396825396826,0.8928571428571429,0.7063492063492064,0.4087301587301587,0.03968253968253968,0.5436507936507936,BRD_20240478,화이트리에,0.5404157043879908,False,5592.954228328705,74.88658089693484,10,25,0.31755196304849886,True,0.584203233256351,0.6133949191685912,0.6425866050808314,159.0,127.0,117.0,134.33333333333334,False,direct_size_estimation_deferred,매장 면적·좌석·점포별 매출이 없어 규모별 적합도와 argmax 규모는 산출하지 않음,0.4488852145823468,0.9653579676674365,usable_area_profile,True,balanced,True,0.6752771362586605,15.0
3111021,방이역 4번,11710,394829518.0,38606.0,10227.154276537325,0.6466512702078522,0.8531746031746031,0.13095238095238096,0.6746031746031746,0.9325396825396826,0.8928571428571429,0.7063492063492064,0.4087301587301587,0.03968253968253968,0.5436507936507936,BRD_20240478,화이트리에,0.5404157043879908,False,3163.063072412354,115.2085066609535,15,51,0.2996535796766744,True,0.5722863741339492,0.5935334872979214,0.6147806004618938,164.0,139.0,135.0,146.0,False,direct_size_estimation_deferred,매장 면적·좌석·점포별 매출이 없어 규모별 적합도와 argmax 규모는 산출하지 않음,0.39068936541720806,0.9861431870669746,usable_area_profile,True,balanced,True,0.6744515011547343,16.0
3110601,신월1동우편취급국,11470,441016625.0,40173.0,10977.93605157693,0.6785219399538106,0.8055555555555556,0.2222222222222222,0.5158730158730159,0.5873015873015873,0.5079365079365079,0.2896825396825397,0.4801587301587302,0.30952380952380953,0.7738095238095238,BRD_20240478,화이트리에,0.9341801385681293,False,2204.276298485644,258.54980178856624,8,40,0.048498845265588904,True,0.8574826789838337,0.80635103926097,0.7552193995381061,21.0,37.0,57.0,38.333333333333336,False,direct_size_estimation_deferred,매장 면적·좌석·점포별 매출이 없어 규모별 적합도와 argmax 규모는 산출하지 않음,0.6000975205482078,0.8775981524249423,usable_area_profile,True,balanced,True,0.6690069284064665,17.0
3120201,도곡1동,11680,649721874.0,58337.0,11137.38920410717,0.7846420323325634,0.7817460317460317,0.18253968253968253,0.75,0.6468253968253969,0.8531746031746031,0.9206349206349206,0.4365079365079365,0.027777777777777776,0.4880952380952381,BRD_20240478,화이트리에,0.8060046189376443,False,2093.6040695223555,87.09190547353441,10,65,0.2644341801385681,True,0.7995958429561201,0.7953233256351038,0.7910508083140876,48.0,41.0,39.0,42.666666666666664,False,direct_size_estimation_deferred,매장 면적·좌석·점포별 매출이 없어 규모별 적합도와 argmax 규모는 산출하지 않음,0.629921175166851,0.8452655889145496,usable_area_profile,True,balanced,True,0.6575923787528868,18.0
3120110,목동역 8번출구,11470,844175004.0,86430.0,9767.152655328011,0.8209006928406467,0.8055555555555556,0.2222222222222222,0.5158730158730159,0.5873015873015873,0.5079365079365079,0.2896825396825397,0.4801587301587302,0.30952380952380953,0.7738095238095238,BRD_20240478,화이트리에,0.9341801385681293,False,1959.256236430172,27.58622845698607,22,62,0.7650115473441108,True,0.9001963048498844,0.877540415704388,0.8548845265588915,11.0,14.0,26.0,17.0,False,direct_size_estimation_deferred,매장 면적·좌석·점포별 매출이 없어 규모별 적합도와 argmax 규모는 산출하지 않음,0.4689341731104619,0.9584295612009238,usable_area_profile,True,balanced,True,0.6517782909930717,19.0
3120081,노원역,11350,1459224642.0,143889.0,10141.32172716469,0.8973441108545035,0.8928571428571429,0.08333333333333333,0.7222222222222222,0.9444444444444444,0.7777777777777778,0.30158730158730157,0.38095238095238093,0.4444444444444444,0.6071428571428571,BRD_20240478,화이트리에,0.49191685912240185,False,6329.21361622469,36.878177844323965,34,60,0.8556581986143187,True,0.6135450346420324,0.6946304849884527,0.7757159353348729,147.0,84.0,45.0,92.0,False,direct_size_estimation_deferred,매장 면적·좌석·점포별 매출이 없어 규모별 적합도와 argmax 규모는 산출하지 않음,0.5286056282486904,0.930715935334873,usable_area_profile,True,balanced,True,0.651079676674365,20.0
3120188,압구정역,11680,1784647410.0,134975.0,13222.058973884052,0.9404157043879908,0.7817460317460317,0.18253968253968253,0.75,0.6468253968253969,0.8531746031746031,0.9206349206349206,0.4365079365079365,0.027777777777777776,0.4880952380952381,BRD_20220253,곤트란쉐리에(Gontran Cherrier),0.9214780600461894,False,791.0935469567722,98.31073190628577,25,97,0.5323325635103926,True,0.9271593533487297,0.9309468822170901,0.9347344110854503,9.0,4.0,7.0,6.666666666666667,False,direct_size_estimation_deferred,매장 면적·좌석·점포별 매출이 없어 규모별 적합도와 argmax 규모는 산출하지 않음,0.4268908830610167,0.9815242494226328,usable_area_profile,True,familiar,True,0.7441685912240186,1.0
3130072,성동용답상가시장,11200,441220675.0,42751.0,10320.710041870365,0.6748267898383372,0.9206349206349206,0.38492063492063494,0.5555555555555556,0.9920634920634921,0.9841269841269841,0.9563492063492064,0.10317460317460317,0.015873015873015872,0.07936507936507936,BRD_20220253,곤트란쉐리에(Gontran Cherrier),0.15704387990762125,False,2087.860388036934,135.0925608781212,10,28,0.1489607390300231,True,0.31237875288683603,0.41593533487297923,0.5194919168591223,323.0,261.0,192.0,258.6666666666667,False,direct_size_estimation_deferred,매장 면적·좌석·점포별 매출이 없어 규모별 적합도와 argmax 규모는 산출하지 않음,0.40386317348965867,0.9838337182448037,usable_area_profile,True,familiar,True,0.7366628175519631,2.0
3120009,종로3가역,11110,773341001.0,64864.0,11922.499398741984,0.8273672055427251,0.876984126984127,0.42857142857142855,0.503968253968254,0.75,0.9444444444444444,0.8531746031746031,0.2619047619047619,0.05952380952380952,0.3611111111111111,BRD_20220253,곤트란쉐리에(Gontran Cherrier),0.7136258660508084,False,1694.8687265053368,125.80143085865113,24,103,0.45381062355658197,True,0.7477482678983833,0.7704965357967668,0.79324480369515,70.0,48.0,40.0,52.666666666666664,False,direct_size_estimation_deferred,매장 면적·좌석·점포별 매출이 없어 규모별 적합도와 argmax 규모는 산출하지 않음,0.3581728422365785,0.9907621247113164,usable_area_profile,True,familiar,True,0.7332274826789837,3.0
3120201,도곡1동,11680,649721874.0,58337.0,11137.38920410717,0.7846420323325634,0.7817460317460317,0.18253968253968253,0.75,0.6468253968253969,0.8531746031746031,0.9206349206349206,0.4365079365079365,0.027777777777777776,0.4880952380952381,BRD_20220253,곤트란쉐리에(Gontran Cherrier),0.9214780600461894,False,504.2786927865908,87.09190547353441,10,64,0.2644341801385681,True,0.8804272517321015,0.8530600461893764,0.825692840646651,21.0,24.0,30.0,25.0,False,direct_size_estimation_deferred,매장 면적·좌석·점포별 매출이 없어 규모별 적합도와 argmax 규모는 산출하지 않음,0.5008925104151823,0.9607390300230947,usable_area_profile,True,familiar,True,0.7329387990762125,4.0
3120166,방배역,11650,1455145059.0,122673.0,11861.983150326478,0.9176674364896074,0.7619047619047619,0.2857142857142857,0.7023809523809523,0.6785714285714286,0.8293650793650794,0.7777777777777778,0.42857142857142855,0.08333333333333333,0.5198412698412699,BRD_20220253,곤트란쉐리에(Gontran Cherrier),0.9780600461893765,False,1819.7214072476397,99.2975326976693,12,28,0.2678983833718245,True,0.9599422632794457,0.9478637413394919,0.935785219399538,3.0,3.0,6.0,4.0,False,direct_size_estimation_deferred,매장 면적·좌석·점포별 매출이 없어 규모별 적합도와 argmax 규모는 산출하지 않음,0.5876605016838531,0.9030023094688222,usable_area_profile,True,familiar,True,0.7310334872979215,5.0
3110883,은천초등학교(은천교앞),11620,384324031.0,36658.0,10484.042528233946,0.6409930715935335,0.6944444444444444,0.5833333333333334,0.49603174603174605,0.8611111111111112,0.9801587301587301,0.8690476190476191,0.027777777777777776,0.051587301587301584,0.3412698412698413,BRD_20220253,곤트란쉐리에(Gontran Cherrier),0.34988452655889146,False,4643.2146192267655,165.06059494972328,13,69,0.17898383371824483,True,0.43721709006928405,0.49543879907621247,0.5536605080831408,241.0,206.0,178.0,208.33333333333334,False,direct_size_estimation_deferred,매장 면적·좌석·점포별 매출이 없어 규모별 적합도와 argmax 규모는 산출하지 않음,0.4716029395365746,0.9699769053117783,usable_area_profile,True,familiar,True,0.7153868360277137,6.0
3120107,공덕역(공덕오거리),11440,1051109080.0,111230.0,9449.870358716174,0.8578521939953809,0.9404761904761905,0.4246031746031746,0.5833333333333334,0.9642857142857143,0.9880952380952381,0.9841269841269841,0.1111111111111111,0.011904761904761904,0.051587301587301584,BRD_20220253,곤트란쉐리에(Gontran Cherrier),0.10969976905311778,False,3001.075973698278,80.05623025110103,24,77,0.5762124711316398,True,0.3341454965357967,0.48377598152424933,0.6334064665127019,310.0,211.0,122.0,214.33333333333334,False,direct_size_estimation_deferred,매장 면적·좌석·점포별 매출이 없어 규모별 적합도와 argmax 규모는 산출하지 않음,0.4311497730043973,0.976905311778291,usable_area_profile,True,familiar,True,0.7141743648960738,7.0
3120038,약수역,11140,1550178516.0,134777.0,11501.803096967584,0.9235565819861433,0.873015873015873,0.5793650793650794,0.6428571428571429,0.34523809523809523,0.8571428571428571,0.8214285714285714,0.0873015873015873,0.023809523809523808,0.8293650793650794,BRD_20220253,곤트란쉐리에(Gontran Cherrier),0.2702078521939954,False,1853.5320337325807,62.64183906448842,18,44,0.5502309468822171,True,0.46621247113163977,0.5968822170900694,0.7275519630484989,226.0,135.0,67.0,142.66666666666666,False,direct_size_estimation_deferred,매장 면적·좌석·점포별 매출이 없어 규모별 적합도와 argmax 규모는 산출하지 않음,0.5664851038592432,0.9191685912240185,usable_area_profile,True,familiar,True,0.6998556581986144,8.0
3111021,방이역 4번,11710,394829518.0,38606.0,10227.154276537325,0.6466512702078522,0.8531746031746031,0.13095238095238096,0.6746031746031746,0.9325396825396826,0.8928571428571429,0.7063492063492064,0.4087301587301587,0.03968253968253968,0.5436507936507936,BRD_20220253,곤트란쉐리에(Gontran Cherrier),0.812933025404157,False,3016.066975390023,115.2085066609535,15,51,0.29907621247113164,True,0.7630484988452655,0.7297921478060045,0.6965357967667436,64.0,66.0,81.0,70.33333333333333,False,direct_size_estimation_deferred,매장 면적·좌석·점포별 매출이 없어 규모별 적합도와 argmax 규모는 산출하지 않음,0.4806714388512462,0.9676674364896074,usable_area_profile,True,familiar,True,0.6974018475750579,9.0
3120175,남부터미널역,11650,960650667.0,103198.0,9308.810897498013,0.8390300230946882,0.7619047619047619,0.2857142857142857,0.7023809523809523,0.6785714285714286,0.8293650793650794,0.7777777777777778,0.42857142857142855,0.08333333333333333,0.5198412698412699,BRD_20220253,곤트란쉐리에(Gontran Cherrier),0.9780600461893765,False,842.0077197141321,49.929950906089985,13,45,0.4826789838337182,True,0.93635103926097,0.9085450346420323,0.8807390300230946,6.0,11.0,18.0,11.666666666666666,False,direct_size_estimation_deferred,매장 면적·좌석·점포별 매출이 없어 규모별 적합도와 argmax 규모는 산출하지 않음,0.5585627675959842,0.930715935334873,usable_area_profile,True,familiar,True,0.6957852193995381,10.0
3120133,서울시흥동우체국(홈플러스시흥점),11545,637795918.0,60754.0,10498.00701188399,0.7765588914549653,0.753968253968254,0.7420634920634921,0.3531746031746032,0.24206349206349206,0.8690476190476191,0.873015873015873,0.04365079365079365,0.13095238095238096,0.6785714285714286,BRD_20220253,곤트란쉐리에(Gontran Cherrier),0.06581986143187067,False,9624.34751037264,60.20797286767192,15,45,0.4826789838337182,True,0.279041570438799,0.421189376443418,0.5633371824480368,347.0,257.0,170.0,258.0,False,direct_size_estimation_deferred,매장 면적·좌석·점포별 매출이 없어 규모별 적합도와 argmax 규모는 산출하지 않음,0.5168028369952506,0.9491916859122402,usable_area_profile,True,familiar,True,0.6912528868360276,11.0
3110943,법제교육센터(버들어린이공원),11650,849985150.0,98576.0,8622.637863171563,0.812471131639723,0.7619047619047619,0.2857142857142857,0.7023809523809523,0.6785714285714286,0.8293650793650794,0.7777777777777778,0.42857142857142855,0.08333333333333333,0.5198412698412699,BRD_20220253,곤트란쉐리에(Gontran Cherrier),0.9780600461893765,False,2292.031413415874,67.35725648954265,25,54,0.6466512702078522,True,0.9283833718244804,0.8952655889145498,0.862147806004619,7.0,15.0,21.0,14.333333333333334,False,direct_size_estimation_deferred,매장 면적·좌석·점포별 매출이 없어 규모별 적합도와 argmax 규모는 산출하지 않음,0.49447806412681716,0.9653579676674365,usable_area_profile,True,familiar,True,0.6853348729792149,12.0
3110892,관악구 중앙길,11620,913081619.0,87290.0,10460.323278726086,0.8403002309468822,0.6944444444444444,0.5833333333333334,0.49603174603174605,0.8611111111111112,0.9801587301587301,0.8690476190476191,0.027777777777777776,0.051587301587301584,0.3412698412698413,BRD_20220253,곤트란쉐리에(Gontran Cherrier),0.34988452655889146,False,4282.11221247158,165.92166821826325,24,76,0.39838337182448036,True,0.4970092378752886,0.5950923787528868,0.693175519630485,200.0,137.0,85.0,140.66666666666666,False,direct_size_estimation_deferred,매장 면적·좌석·점포별 매출이 없어 규모별 적합도와 argmax 규모는 산출하지 않음,0.6000870308314572,0.8914549653579676,usable_area_profile,True,familiar,True,0.6851905311778291,13.0
3120205,매봉역,11680,580733796.0,60594.0,9584.014852955737,0.7444572748267898,0.7817460317460317,0.18253968253968253,0.75,0.6468253968253969,0.8531746031746031,0.9206349206349206,0.4365079365079365,0.027777777777777776,0.4880952380952381,BRD_20220253,곤트란쉐리에(Gontran Cherrier),0.9214780600461894,False,1178.9016074449341,70.4911341990284,16,64,0.4676674364896074,True,0.8683718244803694,0.8329676674364896,0.7975635103926095,25.0,29.0,37.0,30.333333333333332,False,direct_size_estimation_deferred,매장 면적·좌석·점포별 매출이 없어 규모별 적합도와 argmax 규모는 산출하지 않음,0.5325718699211961,0.9445727482678984,usable_area_profile,True,familiar,True,0.6827078521939954,14.0
3120120,화곡역,11500,2140760825.0,296121.0,7229.34484551923,0.8866050808314089,0.8373015873015873,0.23809523809523808,0.623015873015873,0.32142857142857145,0.8333333333333334,0.9246031746031746,0.46825396825396826,0.05555555555555555,0.42063492063492064,BRD_20220253,곤트란쉐리에(Gontran Cherrier),0.8672055427251733,False,11826.31726278543,26.400757567542716,25,54,0.8175519630484989,True,0.8730254041570439,0.876905311778291,0.8807852193995382,23.0,20.0,17.0,20.0,False,direct_size_estimation_deferred,매장 면적·좌석·점포별 매출이 없어 규모별 적합도와 argmax 규모는 산출하지 않음,0.46463052423753404,0.9722863741339491,usable_area_profile,True,familiar,True,0.6823903002309469,15.0
3110640,방화역 1번,11500,671414576.0,62982.0,10660.420056524086,0.7871824480369516,0.8373015873015873,0.23809523809523808,0.623015873015873,0.32142857142857145,0.8333333333333334,0.9246031746031746,0.46825396825396826,0.05555555555555555,0.42063492063492064,BRD_20220253,곤트란쉐리에(Gontran Cherrier),0.8672055427251733,False,15077.534844924214,241.56986569432095,5,25,0.02482678983833718,True,0.8431986143187067,0.8271939953810624,0.8111893764434182,33.0,30.0,32.0,31.666666666666668,False,direct_size_estimation_deferred,매장 면적·좌석·점포별 매출이 없어 규모별 적합도와 argmax 규모는 산출하지 않음,0.6931525578052102,0.812933025404157,usable_area_profile,True,familiar,True,0.6808314087759815,16.0
3120151,보라매공원,11590,648870341.0,67412.0,9625.442665994186,0.7726327944572748,0.8611111111111112,0.5158730158730159,0.42857142857142855,0.753968253968254,0.9563492063492064,0.6626984126984127,0.11507936507936507,0.09523809523809523,0.5674603174603174,BRD_20220253,곤트란쉐리에(Gontran Cherrier),0.4792147806004619,False,5082.831494373608,16.492422502230646,17,70,0.7118937644341802,True,0.5672401847575058,0.6259237875288683,0.684607390300231,160.0,112.0,93.0,121.66666666666667,False,direct_size_estimation_deferred,매장 면적·좌석·점포별 매출이 없어 규모별 적합도와 argmax 규모는 산출하지 않음,0.36217878850681606,0.9884526558891455,usable_area_profile,True,familiar,True,0.679445727482679,17.0
3120062,신설동역,11230,583819931.0,56521.0,10329.256931052176,0.748498845265589,0.6904761904761905,0.5396825396825397,0.5714285714285714,0.9603174603174603,0.9126984126984127,0.4087301587301587,0.1865079365079365,0.09126984126984126,0.6825396825396826,BRD_20220253,곤트란쉐리에(Gontran Cherrier),0.31524249422632794,False,773.3104163069894,109.76793705062819,8,36,0.16743648960739027,True,0.4452193995381062,0.5318706697459584,0.6185219399538107,238.0,178.0,129.0,181.66666666666666,False,direct_size_estimation_deferred,매장 면적·좌석·점포별 매출이 없어 규모별 적합도와 argmax 규모는 산출하지 않음,0.6400866601208315,0.8614318706697459,usable_area_profile,True,familiar,True,0.6788683602771362,18.0
3111005,삼전역 3번,11710,233054769.0,25337.0,9198.19903698149,0.48152424942263283,0.8531746031746031,0.13095238095238096,0.6746031746031746,0.9325396825396826,0.8928571428571429,0.7063492063492064,0.4087301587301587,0.03968253968253968,0.5436507936507936,BRD_20220253,곤트란쉐리에(Gontran Cherrier),0.812933025404157,False,530.4573498587757,198.59506540938497,7,53,0.053117782909930716,True,0.7135103926096997,0.6472286374133949,0.58094688221709,88.0,104.0,155.0,115.66666666666667,False,direct_size_estimation_deferred,매장 면적·좌석·점포별 매출이 없어 규모별 적합도와 argmax 규모는 산출하지 않음,0.5331077218299144,0.9422632794457275,usable_area_profile,True,familiar,True,0.6777713625866052,19.0
3120228,석촌역(석촌호수),11710,510280686.0,47215.0,10807.596865402944,0.7248267898383373,0.8531746031746031,0.13095238095238096,0.6746031746031746,0.9325396825396826,0.8928571428571429,0.7063492063492064,0.4087301587301587,0.03968253968253968,0.5436507936507936,BRD_20220253,곤트란쉐리에(Gontran Cherrier),0.812933025404157,False,1527.1309701631749,78.44743464456866,38,113,0.6859122401847575,True,0.7865011547344111,0.7688799076212471,0.7512586605080832,51.0,50.0,57.0,52.666666666666664,False,direct_size_estimation_deferred,매장 면적·좌석·점포별 매출이 없어 규모별 적합도와 argmax 규모는 산출하지 않음,0.26097509879223835,0.9976905311778291,usable_area_profile,True,familiar,True,0.6769341801385681,20.0
3130072,성동용답상가시장,11200,441220675.0,42751.0,10320.710041870365,0.6748267898383372,0.9206349206349206,0.38492063492063494,0.5555555555555556,0.9920634920634921,0.9841269841269841,0.9563492063492064,0.10317460317460317,0.015873015873015872,0.07936507936507936,BRD_20120100621,더베이크,0.16397228637413394,False,1255.4238328076387,135.0925608781212,10,28,0.15011547344110854,True,0.3172286374133949,0.4193995381062356,0.5215704387990762,324.0,275.0,207.0,268.6666666666667,False,direct_size_estimation_deferred,매장 면적·좌석·점포별 매출이 없어 규모별 적합도와 argmax 규모는 산출하지 않음,0.30676186207579903,0.9976905311778291,usable_area_profile,True,familiar,True,0.7448036951501155,1.0
3120166,방배역,11650,1455145059.0,122673.0,11861.983150326478,0.9176674364896074,0.7619047619047619,0.2857142857142857,0.7023809523809523,0.6785714285714286,0.8293650793650794,0.7777777777777778,0.42857142857142855,0.08333333333333333,0.5198412698412699,BRD_20120100621,더베이크,0.9780600461893765,False,1848.7211796374902,99.2975326976693,12,28,0.26963048498845266,True,0.9599422632794457,0.9478637413394919,0.935785219399538,3.0,5.0,5.0,4.333333333333333,False,direct_size_estimation_deferred,매장 면적·좌석·점포별 매출이 없어 규모별 적합도와 argmax 규모는 산출하지 않음,0.5201640403123772,0.9191685912240185,usable_area_profile,True,familiar,True,0.7404734411085451,2.0
3120038,약수역,11140,1550178516.0,134777.0,11501.803096967584,0.9235565819861433,0.873015873015873,0.5793650793650794,0.6428571428571429,0.34523809523809523,0.8571428571428571,0.8214285714285714,0.0873015873015873,0.023809523809523808,0.8293650793650794,BRD_20120100621,더베이크,0.23094688221709006,False,2476.095717048477,62.64183906448842,18,44,0.5513856812933025,True,0.43872979214780605,0.5772517321016167,0.7157736720554273,248.0,147.0,77.0,157.33333333333334,False,direct_size_estimation_deferred,매장 면적·좌석·점포별 매출이 없어 규모별 적합도와 argmax 규모는 산출하지 않음,0.39286514167556136,0.9838337182448037,usable_area_profile,True,familiar,True,0.7384815242494227,3.0
3110883,은천초등학교(은천교앞),11620,384324031.0,36658.0,10484.042528233946,0.6409930715935335,0.6944444444444444,0.5833333333333334,0.49603174603174605,0.8611111111111112,0.9801587301587301,0.8690476190476191,0.027777777777777776,0.051587301587301584,0.3412698412698413,BRD_20120100621,더베이크,0.6778290993071594,False,6938.38770899471,165.06059494972328,13,69,0.17898383371824483,True,0.6667782909930716,0.6594110854503464,0.6520438799076212,116.0,105.0,106.0,109.0,False,direct_size_estimation_deferred,매장 면적·좌석·점포별 매출이 없어 규모별 적합도와 argmax 규모는 산출하지 않음,0.35374096935792476,0.9953810623556582,usable_area_profile,True,familiar,True,0.7306293302540415,4.0
3120188,압구정역,11680,1784647410.0,134975.0,13222.058973884052,0.9404157043879908,0.7817460317460317,0.18253968253968253,0.75,0.6468253968253969,0.8531746031746031,0.9206349206349206,0.4365079365079365,0.027777777777777776,0.4880952380952381,BRD_20120100621,더베이크,0.8775981524249422,False,3611.5266855028485,98.31073190628577,25,98,0.5340646651270209,True,0.8964434180138567,0.9090069284064666,0.9215704387990762,16.0,12.0,10.0,12.666666666666666,False,direct_size_estimation_deferred,매장 면적·좌석·점포별 매출이 없어 규모별 적합도와 argmax 규모는 산출하지 않음,0.4477024941359058,0.9584295612009238,usable_area_profile,True,familiar,True,0.7300519630484988,5.0
3120009,종로3가역,11110,773341001.0,64864.0,11922.499398741984,0.8273672055427251,0.876984126984127,0.42857142857142855,0.503968253968254,0.75,0.9444444444444444,0.8531746031746031,0.2619047619047619,0.05952380952380952,0.3611111111111111,BRD_20120100621,더베이크,0.9330254041570438,False,4222.602278200804,125.80143085865113,24,103,0.45496535796766746,True,0.9013279445727481,0.8801963048498844,0.8590646651270206,15.0,18.0,22.0,18.333333333333332,False,direct_size_estimation_deferred,매장 면적·좌석·점포별 매출이 없어 규모별 적합도와 argmax 규모는 산출하지 않음,0.4414747514536508,0.9630484988452656,usable_area_profile,True,familiar,True,0.7164260969976906,6.0
3120246,길동역,11740,916043297.0,88020.0,10407.217643717337,0.8409930715935335,0.8452380952380952,0.06746031746031746,0.7063492063492064,0.38492063492063494,0.6626984126984127,0.7182539682539683,0.5833333333333334,0.06746031746031746,0.6507936507936508,BRD_20120100621,더베이크,0.43187066974595845,False,7648.116696281863,87.92041856413586,26,72,0.5762124711316396,True,0.554607390300231,0.636431870669746,0.718256351039261,178.0,119.0,75.0,124.0,False,direct_size_estimation_deferred,매장 면적·좌석·점포별 매출이 없어 규모별 적합도와 argmax 규모는 산출하지 않음,0.3924936608668946,0.9861431870669746,usable_area_profile,True,familiar,True,0.7155023094688222,7.0
3110640,방화역 1번,11500,671414576.0,62982.0,10660.420056524086,0.7871824480369516,0.8373015873015873,0.23809523809523808,0.623015873015873,0.32142857142857145,0.8333333333333334,0.9246031746031746,0.46825396825396826,0.05555555555555555,0.42063492063492064,BRD_20120100621,더베이크,0.7170900692840647,False,2125.892048039374,241.56986569432095,5,25,0.02482678983833718,True,0.7381177829099308,0.7521362586605082,0.7661547344110855,80.0,60.0,54.0,64.66666666666667,False,direct_size_estimation_deferred,매장 면적·좌석·점포별 매출이 없어 규모별 적합도와 argmax 규모는 산출하지 않음,0.5875355859589195,0.8706697459584296,usable_area_profile,True,familiar,True,0.715473441108545,8.0
3120069,상봉역,11260,1511381851.0,142985.0,10570.212616708046,0.9086605080831409,0.8492063492063492,0.40476190476190477,0.5,0.39285714285714285,0.623015873015873,0.5714285714285714,0.16666666666666666,0.32936507936507936,0.8134920634920635,BRD_20120100621,더베이크,0.5427251732101617,False,5834.943358744293,89.18520055817115,16,56,0.3931870669745958,True,0.6525057736720554,0.7256928406466513,0.798879907621247,119.0,69.0,42.0,76.66666666666667,False,direct_size_estimation_deferred,매장 면적·좌석·점포별 매출이 없어 규모별 적합도와 argmax 규모는 산출하지 않음,0.5382790543446163,0.9076212471131639,usable_area_profile,True,familiar,True,0.7127598152424943,9.0
3111021,방이역 4번,11710,394829518.0,38606.0,10227.154276537325,0.6466512702078522,0.8531746031746031,0.13095238095238096,0.6746031746031746,0.9325396825396826,0.8928571428571429,0.7063492063492064,0.4087301587301587,0.03968253968253968,0.5436507936507936,BRD_20120100621,더베이크,0.5912240184757506,False,5095.9218989316705,115.2085066609535,15,51,0.2996535796766744,True,0.607852193995381,0.6189376443418013,0.6300230946882217,142.0,129.0,127.0,132.66666666666666,False,direct_size_estimation_deferred,매장 면적·좌석·점포별 매출이 없어 규모별 적합도와 argmax 규모는 산출하지 않음,0.39972535241414797,0.9815242494226328,usable_area_profile,True,familiar,True,0.7056293302540415,10.0
3130222,오류시장,11530,677800421.0,66656.0,10168.633296327413,0.7894919168591223,0.8412698412698413,0.8373015873015873,0.5753968253968254,0.5238095238095238,0.7579365079365079,0.7380952380952381,0.18253968253968253,0.12698412698412698,0.7658730158730159,BRD_20120100621,더베이크,0.6420323325635104,False,1424.2067967573487,48.414873764798386,14,33,0.5161662817551963,True,0.686270207852194,0.7157621247113164,0.7452540415704387,107.0,75.0,67.0,83.0,False,direct_size_estimation_deferred,매장 면적·좌석·점포별 매출이 없어 규모별 적합도와 argmax 규모는 산출하지 않음,0.4535814706177749,0.953810623556582,usable_area_profile,True,familiar,True,0.6922344110854503,11.0
3120068,사가정역,11260,944293896.0,91431.0,10327.940151589723,0.8467667436489608,0.8492063492063492,0.40476190476190477,0.5,0.39285714285714285,0.623015873015873,0.5714285714285714,0.16666666666666666,0.32936507936507936,0.8134920634920635,BRD_20120100621,더베이크,0.5427251732101617,False,4849.438936616375,42.201895677975386,26,50,0.7713625866050808,True,0.6339376443418013,0.6947459584295612,0.755554272517321,127.0,86.0,61.0,91.33333333333333,False,direct_size_estimation_deferred,매장 면적·좌석·점포별 매출이 없어 규모별 적합도와 argmax 규모는 산출하지 않음,0.3878899304186891,0.9907621247113164,usable_area_profile,True,familiar,True,0.6904445727482679,12.0
3110892,관악구 중앙길,11620,913081619.0,87290.0,10460.323278726086,0.8403002309468822,0.6944444444444444,0.5833333333333334,0.49603174603174605,0.8611111111111112,0.9801587301587301,0.8690476190476191,0.027777777777777776,0.051587301587301584,0.3412698412698413,BRD_20120100621,더베이크,0.6778290993071594,False,5898.203540068423,165.92166821826325,24,76,0.39838337182448036,True,0.7265704387990761,0.7590646651270208,0.7915588914549653,85.0,55.0,44.0,61.333333333333336,False,direct_size_estimation_deferred,매장 면적·좌석·점포별 매출이 없어 규모별 적합도와 argmax 규모는 산출하지 않음,0.553077288462947,0.8983833718244804,usable_area_profile,True,familiar,True,0.6893475750577367,13.0
3111005,삼전역 3번,11710,233054769.0,25337.0,9198.19903698149,0.48152424942263283,0.8531746031746031,0.13095238095238096,0.6746031746031746,0.9325396825396826,0.8928571428571429,0.7063492063492064,0.4087301587301587,0.03968253968253968,0.5436507936507936,BRD_20120100621,더베이크,0.5912240184757506,False,1891.2971739005468,198.59506540938497,7,54,0.053117782909930716,True,0.5583140877598153,0.5363741339491916,0.5144341801385681,175.0,180.0,210.0,188.33333333333334,False,direct_size_estimation_deferred,매장 면적·좌석·점포별 매출이 없어 규모별 적합도와 argmax 규모는 산출하지 않음,0.4501735433811152,0.9561200923787528,usable_area_profile,True,familiar,True,0.6860854503464203,14.0
3120133,서울시흥동우체국(홈플러스시흥점),11545,637795918.0,60754.0,10498.00701188399,0.7765588914549653,0.753968253968254,0.7420634920634921,0.3531746031746032,0.24206349206349206,0.8690476190476191,0.873015873015873,0.04365079365079365,0.13095238095238096,0.6785714285714286,BRD_20120100621,더베이크,0.1905311778290993,False,5973.179471637642,60.20797286767192,15,45,0.483256351039261,True,0.3663394919168591,0.4835450346420323,0.6007505773672054,292.0,225.0,152.0,223.0,False,direct_size_estimation_deferred,매장 면적·좌석·점포별 매출이 없어 규모별 적합도와 argmax 규모는 산출하지 않음,0.4868592660848676,0.9399538106235565,usable_area_profile,True,familiar,True,0.6856235565819861,15.0
3110274,서일대학교,11260,492656087.0,41512.0,11867.79935922143,0.7133949191685912,0.8492063492063492,0.40476190476190477,0.5,0.39285714285714285,0.623015873015873,0.5714285714285714,0.16666666666666666,0.32936507936507936,0.8134920634920635,BRD_20120100621,더베이크,0.5427251732101617,False,6163.1823760095,101.51354588565466,6,29,0.16916859122401848,True,0.5939260969976905,0.6280600461893764,0.6621939953810623,154.0,125.0,98.0,125.66666666666667,False,direct_size_estimation_deferred,매장 면적·좌석·점포별 매출이 없어 규모별 적합도와 argmax 규모는 산출하지 않음,0.5834627925891247,0.8752886836027713,usable_area_profile,True,familiar,True,0.6781466512702078,16.0
3110810,영신초등학교,11560,325709619.0,29453.0,11058.62285675483,0.5928406466512702,0.8571428571428571,0.7698412698412699,0.5277777777777778,0.23809523809523808,0.9007936507936508,0.9761904761904762,0.3373015873015873,0.047619047619047616,0.25,BRD_20120100621,더베이크,0.3556581986143187,False,5071.084400790903,74.63243262412867,11,41,0.34411085450346424,True,0.42681293302540413,0.47424942263279446,0.5216859122401847,258.0,231.0,206.0,231.66666666666666,False,direct_size_estimation_deferred,매장 면적·좌석·점포별 매출이 없어 규모별 적합도와 argmax 규모는 산출하지 않음,0.4345088726958512,0.9676674364896074,usable_area_profile,True,familiar,True,0.6771939953810624,17.0
3120226,석촌고분역,11710,497422151.0,44126.0,11272.767778633912,0.7166281755196304,0.8531746031746031,0.13095238095238096,0.6746031746031746,0.9325396825396826,0.8928571428571429,0.7063492063492064,0.4087301587301587,0.03968253968253968,0.5436507936507936,BRD_20120100621,더베이크,0.5912240184757506,False,2657.277742353577,58.872744129090485,22,78,0.6356812933025404,True,0.6288452655889145,0.6539260969976906,0.6790069284064664,133.0,109.0,91.0,111.0,False,direct_size_estimation_deferred,매장 면적·좌석·점포별 매출이 없어 규모별 적합도와 argmax 규모는 산출하지 않음,0.40423434677412157,0.976905311778291,usable_area_profile,True,familiar,True,0.6699480369515011,18.0
3120124,개봉동 현대아파트,11530,436251391.0,40258.0,10836.390059118685,0.6745958429561202,0.8412698412698413,0.8373015873015873,0.5753968253968254,0.5238095238095238,0.7579365079365079,0.7380952380952381,0.18253968253968253,0.12698412698412698,0.7658730158730159,BRD_20120100621,더베이크,0.6420323325635104,False,686.0860004548075,107.00467282129758,11,23,0.22748267898383373,True,0.6518013856812933,0.6583140877598153,0.6648267898383372,120.0,106.0,97.0,107.66666666666667,False,direct_size_estimation_deferred,매장 면적·좌석·점포별 매출이 없어 규모별 적합도와 argmax 규모는 산출하지 않음,0.5661320331151536,0.8891454965357968,usable_area_profile,True,familiar,True,0.668013856812933,19.0
3120152,신대방삼거리역,11590,953145793.0,102228.0,9323.72532965528,0.8353348729792147,0.8611111111111112,0.5158730158730159,0.42857142857142855,0.753968253968254,0.9563492063492064,0.6626984126984127,0.11507936507936507,0.09523809523809523,0.5674603174603174,BRD_20120100621,더베이크,0.754041570438799,False,5944.2493218296295,79.30952023733208,18,47,0.47863741339491916,True,0.7784295612009237,0.7946882217090069,0.8109468822170899,64.0,44.0,38.0,48.666666666666664,False,direct_size_estimation_deferred,매장 면적·좌석·점포별 매출이 없어 규모별 적합도와 argmax 규모는 산출하지 않음,0.5685413712622828,0.8845265588914549,usable_area_profile,True,familiar,True,0.6677540415704387,20.0
3120188,압구정역,11680,1784647410.0,134975.0,13222.058973884052,0.9404157043879908,0.7817460317460317,0.18253968253968253,0.75,0.6468253968253969,0.8531746031746031,0.9206349206349206,0.4365079365079365,0.027777777777777776,0.4880952380952381,BRD_20080500016,던킨/던킨도너츠,0.6466512702078522,False,1368.6215692755018,98.31073190628577,25,98,0.5369515011547344,True,0.7347806004618938,0.7935334872979215,0.8522863741339493,61.0,33.0,20.0,38.0,False,direct_size_estimation_deferred,매장 면적·좌석·점포별 매출이 없어 규모별 적합도와 argmax 규모는 산출하지 않음,0.31474045462599526,0.9976905311778291,usable_area_profile,True,familiar,True,0.753175519630485,1.0
3130072,성동용답상가시장,11200,441220675.0,42751.0,10320.710041870365,0.6748267898383372,0.9206349206349206,0.38492063492063494,0.5555555555555556,0.9920634920634921,0.9841269841269841,0.9563492063492064,0.10317460317460317,0.015873015873015872,0.07936507936507936,BRD_20080500016,던킨/던킨도너츠,0.08083140877598152,False,2377.912529940723,135.0925608781212,10,28,0.15473441108545033,True,0.2590300230946882,0.37782909930715936,0.49662817551963045,296.0,252.0,179.0,242.33333333333334,False,direct_size_estimation_deferred,매장 면적·좌석·점포별 매출이 없어 규모별 적합도와 argmax 규모는 산출하지 않음,0.37950658578660634,0.9907621247113164,usable_area_profile,True,familiar,True,0.7399538106235566,2.0
3120166,방배역,11650,1455145059.0,122673.0,11861.983150326478,0.9176674364896074,0.7619047619047619,0.2857142857142857,0.7023809523809523,0.6785714285714286,0.8293650793650794,0.7777777777777778,0.42857142857142855,0.08333333333333333,0.5198412698412699,BRD_20080500016,던킨/던킨도너츠,0.9780600461893765,False,2084.6997385898185,99.2975326976693,12,28,0.2736720554272517,True,0.9599422632794457,0.9478637413394919,0.935785219399538,3.0,3.0,3.0,3.0,False,direct_size_estimation_deferred,매장 면적·좌석·점포별 매출이 없어 규모별 적합도와 argmax 규모는 산출하지 않음,0.54798657762646,0.9145496535796767,usable_area_profile,True,familiar,True,0.73709584295612,3.0
3120009,종로3가역,11110,773341001.0,64864.0,11922.499398741984,0.8273672055427251,0.876984126984127,0.42857142857142855,0.503968253968254,0.75,0.9444444444444444,0.8531746031746031,0.2619047619047619,0.05952380952380952,0.3611111111111111,BRD_20080500016,던킨/던킨도너츠,0.8175519630484989,False,1443.8130072811518,125.80143085865113,24,103,0.4590069284064665,True,0.8204965357967666,0.822459584295612,0.8244226327944572,33.0,25.0,27.0,28.333333333333332,False,direct_size_estimation_deferred,매장 면적·좌석·점포별 매출이 없어 규모별 적합도와 argmax 규모는 산출하지 않음,0.4089152208800643,0.9838337182448037,usable_area_profile,True,familiar,True,0.7282909930715935,4.0
3110883,은천초등학교(은천교앞),11620,384324031.0,36658.0,10484.042528233946,0.6409930715935335,0.6944444444444444,0.5833333333333334,0.49603174603174605,0.8611111111111112,0.9801587301587301,0.8690476190476191,0.027777777777777776,0.051587301587301584,0.3412698412698413,BRD_20080500016,던킨/던킨도너츠,0.41454965357967666,False,2839.469140494925,165.06059494972328,13,69,0.18418013856812934,True,0.4824826789838337,0.5277713625866051,0.5730600461893764,181.0,153.0,136.0,156.66666666666666,False,direct_size_estimation_deferred,매장 면적·좌석·점포별 매출이 없어 규모별 적합도와 argmax 규모는 산출하지 않음,0.4303713707457992,0.9653579676674365,usable_area_profile,True,familiar,True,0.711836027713626,5.0
3120107,공덕역(공덕오거리),11440,1051109080.0,111230.0,9449.870358716174,0.8578521939953809,0.9404761904761905,0.4246031746031746,0.5833333333333334,0.9642857142857143,0.9880952380952381,0.9841269841269841,0.1111111111111111,0.011904761904761904,0.051587301587301584,BRD_20080500016,던킨/던킨도너츠,0.03348729792147806,False,1834.104140985888,80.05623025110103,24,77,0.5802540415704388,True,0.2807967667436489,0.4456697459584295,0.6105427251732101,289.0,208.0,118.0,205.0,False,direct_size_estimation_deferred,매장 면적·좌석·점포별 매출이 없어 규모별 적합도와 argmax 규모는 산출하지 않음,0.42821713672314654,0.9699769053117783,usable_area_profile,True,familiar,True,0.7094110854503464,6.0
3111005,삼전역 3번,11710,233054769.0,25337.0,9198.19903698149,0.48152424942263283,0.8531746031746031,0.13095238095238096,0.6746031746031746,0.9325396825396826,0.8928571428571429,0.7063492063492064,0.4087301587301587,0.03968253968253968,0.5436507936507936,BRD_20080500016,던킨/던킨도너츠,0.3625866050808314,False,1905.839709921362,198.59506540938497,7,54,0.054849884526558895,True,0.39826789838337184,0.4220554272517321,0.4458429561200924,232.0,221.0,209.0,220.66666666666666,False,direct_size_estimation_deferred,매장 면적·좌석·점포별 매출이 없어 규모별 적합도와 argmax 규모는 산출하지 않음,0.38890724080010486,0.9861431870669746,usable_area_profile,True,familiar,True,0.7038394919168591,7.5
3120069,상봉역,11260,1511381851.0,142985.0,10570.212616708046,0.9086605080831409,0.8492063492063492,0.40476190476190477,0.5,0.39285714285714285,0.623015873015873,0.5714285714285714,0.16666666666666666,0.32936507936507936,0.8134920634920635,BRD_20080500016,던킨/던킨도너츠,0.8983833718244804,False,1987.86568964834,89.18520055817115,16,56,0.39722863741339487,True,0.9014665127020784,0.9035219399538106,0.9055773672055427,10.0,8.0,8.0,8.666666666666666,False,direct_size_estimation_deferred,매장 면적·좌석·점포별 매출이 없어 규모별 적합도와 argmax 규모는 산출하지 않음,0.5759101254669439,0.8937644341801385,usable_area_profile,True,familiar,True,0.7038394919168591,7.5
3111021,방이역 4번,11710,394829518.0,38606.0,10227.154276537325,0.6466512702078522,0.8531746031746031,0.13095238095238096,0.6746031746031746,0.9325396825396826,0.8928571428571429,0.7063492063492064,0.4087301587301587,0.03968253968253968,0.5436507936507936,BRD_20080500016,던킨/던킨도너츠,0.3625866050808314,False,525.3037216427293,115.2085066609535,15,50,0.30658198614318705,True,0.4478060046189376,0.5046189376443417,0.5614318706697459,201.0,165.0,139.0,168.33333333333334,False,direct_size_estimation_deferred,매장 면적·좌석·점포별 매출이 없어 규모별 적합도와 argmax 규모는 산출하지 않음,0.4277191720129221,0.9722863741339491,usable_area_profile,True,familiar,True,0.6990473441108546,9.0
3110892,관악구 중앙길,11620,913081619.0,87290.0,10460.323278726086,0.8403002309468822,0.6944444444444444,0.5833333333333334,0.49603174603174605,0.8611111111111112,0.9801587301587301,0.8690476190476191,0.027777777777777776,0.051587301587301584,0.3412698412698413,BRD_20080500016,던킨/던킨도너츠,0.41454965357967666,False,2006.896609177372,165.92166821826325,24,76,0.40242494226327946,True,0.5422748267898383,0.6274249422632794,0.7125750577367205,155.0,110.0,67.0,110.66666666666667,False,direct_size_estimation_deferred,매장 면적·좌석·점포별 매출이 없어 규모별 적합도와 argmax 규모는 산출하지 않음,0.5480966931057606,0.9122401847575058,usable_area_profile,True,familiar,True,0.697055427251732,10.0
3120201,도곡1동,11680,649721874.0,58337.0,11137.38920410717,0.7846420323325634,0.7817460317460317,0.18253968253968253,0.75,0.6468253968253969,0.8531746031746031,0.9206349206349206,0.4365079365079365,0.027777777777777776,0.4880952380952381,BRD_20080500016,던킨/던킨도너츠,0.6466512702078522,False,1070.7740191423636,87.09190547353441,10,65,0.2690531177829099,True,0.6880484988452655,0.7156466512702078,0.74324480369515,91.0,62.0,53.0,68.66666666666667,False,direct_size_estimation_deferred,매장 면적·좌석·점포별 매출이 없어 규모별 적합도와 argmax 규모는 산출하지 않음,0.585416358417823,0.8845265588914549,usable_area_profile,True,familiar,True,0.6865184757505772,11.0
3120133,서울시흥동우체국(홈플러스시흥점),11545,637795918.0,60754.0,10498.00701188399,0.7765588914549653,0.753968253968254,0.7420634920634921,0.3531746031746032,0.24206349206349206,0.8690476190476191,0.873015873015873,0.04365079365079365,0.13095238095238096,0.6785714285714286,BRD_20080500016,던킨/던킨도너츠,0.1235565819861432,False,1389.725872274901,60.20797286767192,15,45,0.49018475750577367,True,0.31945727482678976,0.4500577367205542,0.5806581986143186,275.0,203.0,135.0,204.33333333333334,False,direct_size_estimation_deferred,매장 면적·좌석·점포별 매출이 없어 규모별 적합도와 argmax 규모는 산출하지 않음,0.5143281028956312,0.9353348729792148,usable_area_profile,True,familiar,True,0.6818129330254041,12.0
3110274,서일대학교,11260,492656087.0,41512.0,11867.79935922143,0.7133949191685912,0.8492063492063492,0.40476190476190477,0.5,0.39285714285714285,0.623015873015873,0.5714285714285714,0.16666666666666666,0.32936507936507936,0.8134920634920635,BRD_20080500016,던킨/던킨도너츠,0.8983833718244804,False,2594.2307144644305,101.51354588565466,6,29,0.17032332563510394,True,0.8428868360277135,0.8058891454965358,0.7688914549653578,27.0,29.0,42.0,32.666666666666664,False,direct_size_estimation_deferred,매장 면적·좌석·점포별 매출이 없어 규모별 적합도와 argmax 규모는 산출하지 않음,0.6104212397108937,0.8729792147806005,usable_area_profile,True,familiar,True,0.6765877598152424,13.0
3110640,방화역 1번,11500,671414576.0,62982.0,10660.420056524086,0.7871824480369516,0.8373015873015873,0.23809523809523808,0.623015873015873,0.32142857142857145,0.8333333333333334,0.9246031746031746,0.46825396825396826,0.05555555555555555,0.42063492063492064,BRD_20080500016,던킨/던킨도너츠,0.7378752886836027,False,2204.477262302874,241.56986569432095,5,25,0.025404157043879903,True,0.7526674364896073,0.7625288683602771,0.7723903002309469,56.0,44.0,41.0,47.0,False,direct_size_estimation_deferred,매장 면적·좌석·점포별 매출이 없어 규모별 적합도와 argmax 규모는 산출하지 않음,0.6957991299829277,0.8013856812933026,usable_area_profile,True,familiar,True,0.6738163972286374,14.0
3120228,석촌역(석촌호수),11710,510280686.0,47215.0,10807.596865402944,0.7248267898383373,0.8531746031746031,0.13095238095238096,0.6746031746031746,0.9325396825396826,0.8928571428571429,0.7063492063492064,0.4087301587301587,0.03968253968253968,0.5436507936507936,BRD_20080500016,던킨/던킨도너츠,0.3625866050808314,False,518.4987945659672,78.44743464456866,38,112,0.6882217090069285,True,0.4712586605080831,0.5437066974595843,0.6161547344110855,188.0,146.0,115.0,149.66666666666666,False,direct_size_estimation_deferred,매장 면적·좌석·점포별 매출이 없어 규모별 적합도와 argmax 규모는 산출하지 않음,0.3729173056090788,0.9930715935334873,usable_area_profile,True,familiar,True,0.6738163972286373,15.0
3120056,구의역,11215,311680026.0,30426.0,10243.871228554526,0.5764434180138568,0.8650793650793651,0.5238095238095238,0.6309523809523809,0.7698412698412699,0.9087301587301587,0.7023809523809523,0.1388888888888889,0.0992063492063492,0.6031746031746031,BRD_20080500016,던킨/던킨도너츠,0.6986143187066974,False,974.1729825881337,109.93179701028201,24,61,0.48903002309468824,True,0.6619630484988452,0.6375288683602771,0.613094688221709,102.0,100.0,117.0,106.33333333333333,False,direct_size_estimation_deferred,매장 면적·좌석·점포별 매출이 없어 규모별 적합도와 argmax 규모는 산출하지 않음,0.3213301317475469,0.9953810623556582,usable_area_profile,True,familiar,True,0.6679849884526557,16.0
3120246,길동역,11740,916043297.0,88020.0,10407.217643717337,0.8409930715935335,0.8452380952380952,0.06746031746031746,0.7063492063492064,0.38492063492063494,0.6626984126984127,0.7182539682539683,0.5833333333333334,0.06746031746031746,0.6507936507936508,BRD_20080500016,던킨/던킨도너츠,0.8614318706697459,False,1651.0944854621914,87.92041856413586,26,72,0.579676674364896,True,0.8553002309468821,0.8512124711316398,0.8471247113163972,21.0,18.0,21.0,20.0,False,direct_size_estimation_deferred,매장 면적·좌석·점포별 매출이 없어 규모별 적합도와 argmax 규모는 산출하지 않음,0.554042313491478,0.9076212471131639,usable_area_profile,True,familiar,True,0.6678695150115473,17.0
3110815,공군호텔,11560,311003172.0,32124.0,9681.333955920807,0.5698614318706697,0.8571428571428571,0.7698412698412699,0.5277777777777778,0.23809523809523808,0.9007936507936508,0.9761904761904762,0.3373015873015873,0.047619047619047616,0.25,BRD_20080500016,던킨/던킨도너츠,0.24480369515011546,False,1356.0921797606877,44.72135959188009,10,26,0.4457274826789839,True,0.34232101616628174,0.4073325635103926,0.47234411085450345,262.0,237.0,195.0,231.33333333333334,False,direct_size_estimation_deferred,매장 면적·좌석·점포별 매출이 없어 규모별 적합도와 argmax 규모는 산출하지 않음,0.41220135117622075,0.9815242494226328,usable_area_profile,True,familiar,True,0.6645207852193996,18.0
3120152,신대방삼거리역,11590,953145793.0,102228.0,9323.72532965528,0.8353348729792147,0.8611111111111112,0.5158730158730159,0.42857142857142855,0.753968253968254,0.9563492063492064,0.6626984126984127,0.11507936507936507,0.09523809523809523,0.5674603174603174,BRD_20080500016,던킨/던킨도너츠,0.5969976905311778,False,1728.18517521926,79.30952023733208,18,47,0.4821016166281755,True,0.6684988452655889,0.7161662817551963,0.7638337182448035,98.0,61.0,44.0,67.66666666666667,False,direct_size_estimation_deferred,매장 면적·좌석·점포별 매출이 없어 규모별 적합도와 argmax 규모는 산출하지 않음,0.5893364884479683,0.8799076212471132,usable_area_profile,True,familiar,True,0.6644630484988452,19.0
3110892,관악구 중앙길,11620,913081619.0,87290.0,10460.323278726086,0.8403002309468822,0.6944444444444444,0.5833333333333334,0.49603174603174605,0.8611111111111112,0.9801587301587301,0.8690476190476191,0.027777777777777776,0.051587301587301584,0.3412698412698413,BRD_20250749,디에그,0.27829099307159355,False,6346.990625444161,165.92166821826325,24,76,0.3978060046189376,True,0.4468937644341801,0.5592956120092378,0.6716974595842955,237.0,167.0,103.0,169.0,False,direct_size_estimation_deferred,매장 면적·좌석·점포별 매출이 없어 규모별 적합도와 argmax 규모는 산출하지 않음,0.35117186539846795,0.9884526558891455,usable_area_profile,True,familiar,True,0.7434757505773671,1.0
3130072,성동용답상가시장,11200,441220675.0,42751.0,10320.710041870365,0.6748267898383372,0.9206349206349206,0.38492063492063494,0.5555555555555556,0.9920634920634921,0.9841269841269841,0.9563492063492064,0.10317460317460317,0.015873015873015872,0.07936507936507936,BRD_20250749,디에그,0.08083140877598152,False,4208.932643828704,135.0925608781212,10,28,0.1489607390300231,True,0.2590300230946882,0.37782909930715936,0.49662817551963045,357.0,293.0,222.0,290.6666666666667,False,direct_size_estimation_deferred,매장 면적·좌석·점포별 매출이 없어 규모별 적합도와 argmax 규모는 산출하지 않음,0.40264932105384105,0.976905311778291,usable_area_profile,True,familiar,True,0.7325057736720554,2.0
3120069,상봉역,11260,1511381851.0,142985.0,10570.212616708046,0.9086605080831409,0.8492063492063492,0.40476190476190477,0.5,0.39285714285714285,0.623015873015873,0.5714285714285714,0.16666666666666666,0.32936507936507936,0.8134920634920635,BRD_20250749,디에그,0.9861431870669746,False,4907.488257794786,89.18520055817115,16,56,0.39376443418013857,True,0.9628983833718245,0.9474018475750577,0.931905311778291,1.0,2.0,2.0,1.6666666666666667,True,direct_size_estimation_deferred,매장 면적·좌석·점포별 매출이 없어 규모별 적합도와 argmax 규모는 산출하지 않음,0.521597630491071,0.9353348729792148,usable_area_profile,True,familiar,True,0.7293013856812933,3.0
3120009,종로3가역,11110,773341001.0,64864.0,11922.499398741984,0.8273672055427251,0.876984126984127,0.42857142857142855,0.503968253968254,0.75,0.9444444444444444,0.8531746031746031,0.2619047619047619,0.05952380952380952,0.3611111111111111,BRD_20250749,디에그,0.7136258660508084,False,4695.833046416819,125.80143085865113,24,103,0.4532332563510392,True,0.7477482678983833,0.7704965357967668,0.79324480369515,71.0,49.0,40.0,53.333333333333336,False,direct_size_estimation_deferred,매장 면적·좌석·점포별 매출이 없어 규모별 적합도와 argmax 규모는 산출하지 않음,0.381494040254428,0.9815242494226328,usable_area_profile,True,familiar,True,0.7277713625866051,4.0
3120037,동대문역사문화공원역,11140,991150857.0,75063.0,13204.253187322649,0.8695150115473441,0.873015873015873,0.5793650793650794,0.6428571428571429,0.34523809523809523,0.8571428571428571,0.8214285714285714,0.0873015873015873,0.023809523809523808,0.8293650793650794,BRD_20250749,디에그,0.17782909930715934,False,4232.970115647196,125.25573836405046,15,74,0.2806004618937644,True,0.38533487297921476,0.5236720554272517,0.6620092378752886,278.0,199.0,109.0,195.33333333333334,False,direct_size_estimation_deferred,매장 면적·좌석·점포별 매출이 없어 규모별 적합도와 argmax 규모는 산출하지 않음,0.5569274183471772,0.9168591224018476,usable_area_profile,True,familiar,True,0.72540415704388,5.0
3110883,은천초등학교(은천교앞),11620,384324031.0,36658.0,10484.042528233946,0.6409930715935335,0.6944444444444444,0.5833333333333334,0.49603174603174605,0.8611111111111112,0.9801587301587301,0.8690476190476191,0.027777777777777776,0.051587301587301584,0.3412698412698413,BRD_20250749,디에그,0.27829099307159355,False,5184.056809059265,165.06059494972328,13,69,0.17782909930715937,True,0.38710161662817555,0.4596420323325635,0.5321824480369515,274.0,250.0,195.0,239.66666666666666,False,direct_size_estimation_deferred,매장 면적·좌석·점포별 매출이 없어 규모별 적합도와 argmax 규모는 산출하지 않음,0.43882341131392966,0.9676674364896074,usable_area_profile,True,familiar,True,0.7141743648960739,6.0
3120038,약수역,11140,1550178516.0,134777.0,11501.803096967584,0.9235565819861433,0.873015873015873,0.5793650793650794,0.6428571428571429,0.34523809523809523,0.8571428571428571,0.8214285714285714,0.0873015873015873,0.023809523809523808,0.8293650793650794,BRD_20250749,디에그,0.17782909930715934,False,5240.343500194145,62.64183906448842,18,44,0.5502309468822171,True,0.4015473441108545,0.5506928406466514,0.699838337182448,268.0,173.0,88.0,176.33333333333334,False,direct_size_estimation_deferred,매장 면적·좌석·점포별 매출이 없어 규모별 적합도와 argmax 규모는 산출하지 않음,0.5589950640048428,0.9145496535796767,usable_area_profile,True,familiar,True,0.6970842956120092,7.0
3120158,녹두거리(대학동),11620,695809095.0,79236.0,8781.476790852643,0.7778290993071594,0.6944444444444444,0.5833333333333334,0.49603174603174605,0.8611111111111112,0.9801587301587301,0.8690476190476191,0.027777777777777776,0.051587301587301584,0.3412698412698413,BRD_20250749,디에그,0.27829099307159355,False,5075.9193255657065,107.28000742995447,15,20,0.3140877598152425,True,0.42815242494226324,0.5280600461893765,0.6279676674364896,252.0,196.0,127.0,191.66666666666666,False,direct_size_estimation_deferred,매장 면적·좌석·점포별 매출이 없어 규모별 적합도와 argmax 규모는 산출하지 않음,0.5717581046775098,0.9122401847575058,usable_area_profile,True,familiar,True,0.6946882217090069,8.0
3111005,삼전역 3번,11710,233054769.0,25337.0,9198.19903698149,0.48152424942263283,0.8531746031746031,0.13095238095238096,0.6746031746031746,0.9325396825396826,0.8928571428571429,0.7063492063492064,0.4087301587301587,0.03968253968253968,0.5436507936507936,BRD_20250749,디에그,0.5565819861431871,False,2171.2507916200593,198.59506540938497,7,54,0.053117782909930716,True,0.5340646651270208,0.51905311778291,0.504041570438799,194.0,202.0,216.0,204.0,False,direct_size_estimation_deferred,매장 면적·좌석·점포별 매출이 없어 규모별 적합도와 argmax 규모는 산출하지 않음,0.43545811061121026,0.9699769053117783,usable_area_profile,True,familiar,True,0.6943995381062357,9.0
3110810,영신초등학교,11560,325709619.0,29453.0,11058.62285675483,0.5928406466512702,0.8571428571428571,0.7698412698412699,0.5277777777777778,0.23809523809523808,0.9007936507936508,0.9761904761904762,0.3373015873015873,0.047619047619047616,0.25,BRD_20250749,디에그,0.13394919168591224,False,5037.511786542407,74.63243262412867,11,41,0.34295612009237875,True,0.2716166281755196,0.36339491916859123,0.4551732101616628,350.0,310.0,244.0,301.3333333333333,False,direct_size_estimation_deferred,매장 면적·좌석·점포별 매출이 없어 규모별 적합도와 argmax 규모는 산출하지 않음,0.337674910310107,0.9953810623556582,usable_area_profile,True,familiar,True,0.6939953810623556,10.0
3120188,압구정역,11680,1784647410.0,134975.0,13222.058973884052,0.9404157043879908,0.7817460317460317,0.18253968253968253,0.75,0.6468253968253969,0.8531746031746031,0.9206349206349206,0.4365079365079365,0.027777777777777776,0.4880952380952381,BRD_20250749,디에그,0.76905311778291,False,7487.897501980652,98.31073190628577,25,98,0.5329099307159353,True,0.8204618937644341,0.8547344110854505,0.8890069284064666,32.0,16.0,11.0,19.666666666666668,False,direct_size_estimation_deferred,매장 면적·좌석·점포별 매출이 없어 규모별 적합도와 argmax 규모는 산출하지 않음,0.603597030653571,0.8960739030023095,usable_area_profile,True,familiar,True,0.692811778290993,11.0
3120246,길동역,11740,916043297.0,88020.0,10407.217643717337,0.8409930715935335,0.8452380952380952,0.06746031746031746,0.7063492063492064,0.38492063492063494,0.6626984126984127,0.7182539682539683,0.5833333333333334,0.06746031746031746,0.6507936507936508,BRD_20250749,디에그,0.45958429561200925,False,3800.162628070383,87.92041856413586,26,72,0.575635103926097,True,0.5740069284064666,0.6502886836027714,0.7265704387990762,175.0,103.0,69.0,115.66666666666667,False,direct_size_estimation_deferred,매장 면적·좌석·점포별 매출이 없어 규모별 적합도와 argmax 규모는 산출하지 않음,0.4994208988420842,0.9445727482678984,usable_area_profile,True,familiar,True,0.6906466512702079,12.0
3120175,남부터미널역,11650,960650667.0,103198.0,9308.810897498013,0.8390300230946882,0.7619047619047619,0.2857142857142857,0.7023809523809523,0.6785714285714286,0.8293650793650794,0.7777777777777778,0.42857142857142855,0.08333333333333333,0.5198412698412699,BRD_20250749,디에그,0.9480369515011547,False,8642.784852141425,49.929950906089985,13,46,0.4815242494226327,True,0.9153348729792148,0.8935334872979215,0.8717321016166282,9.0,10.0,15.0,11.333333333333334,False,direct_size_estimation_deferred,매장 면적·좌석·점포별 매출이 없어 규모별 적합도와 argmax 규모는 산출하지 않음,0.5459521984547095,0.9214780600461894,usable_area_profile,True,familiar,True,0.6904157043879907,13.0
3120107,공덕역(공덕오거리),11440,1051109080.0,111230.0,9449.870358716174,0.8578521939953809,0.9404761904761905,0.4246031746031746,0.5833333333333334,0.9642857142857143,0.9880952380952381,0.9841269841269841,0.1111111111111111,0.011904761904761904,0.051587301587301584,BRD_20250749,디에그,0.03348729792147806,False,2129.603953785139,80.05623025110103,24,77,0.575635103926097,True,0.2807967667436489,0.4456697459584295,0.6105427251732101,341.0,256.0,138.0,245.0,False,direct_size_estimation_deferred,매장 면적·좌석·점포별 매출이 없어 규모별 적합도와 argmax 규모는 산출하지 않음,0.5398289352282276,0.9260969976905312,usable_area_profile,True,familiar,True,0.6837759815242495,14.0
3110640,방화역 1번,11500,671414576.0,62982.0,10660.420056524086,0.7871824480369516,0.8373015873015873,0.23809523809523808,0.623015873015873,0.32142857142857145,0.8333333333333334,0.9246031746031746,0.46825396825396826,0.05555555555555555,0.42063492063492064,BRD_20250749,디에그,0.5023094688221709,False,10734.106064338494,241.56986569432095,5,25,0.02482678983833718,True,0.587771362586605,0.6447459584295612,0.7017205542725173,169.0,108.0,87.0,121.33333333333333,False,direct_size_estimation_deferred,매장 면적·좌석·점포별 매출이 없어 규모별 적합도와 argmax 규모는 산출하지 않음,0.7162529316332193,0.8175519630484989,usable_area_profile,True,familiar,True,0.6836027713625866,15.0
3120159,서울대입구역,11620,577357524.0,63766.0,9054.316155945175,0.7378752886836027,0.6944444444444444,0.5833333333333334,0.49603174603174605,0.8611111111111112,0.9801587301587301,0.8690476190476191,0.027777777777777776,0.051587301587301584,0.3412698412698413,BRD_20250749,디에그,0.27829099307159355,False,6374.986274455025,112.61438631512817,37,77,0.5750577367205543,True,0.4161662817551963,0.5080831408775981,0.5999999999999999,261.0,211.0,144.0,205.33333333333334,False,direct_size_estimation_deferred,매장 면적·좌석·점포별 매출이 없어 규모별 적합도와 argmax 규모는 산출하지 않음,0.4128570063706937,0.9745958429561201,usable_area_profile,True,familiar,True,0.6829676674364895,16.0
3130222,오류시장,11530,677800421.0,66656.0,10168.633296327413,0.7894919168591223,0.8412698412698413,0.8373015873015873,0.5753968253968254,0.5238095238095238,0.7579365079365079,0.7380952380952381,0.18253968253968253,0.12698412698412698,0.7658730158730159,BRD_20250749,디에그,0.42032332563510394,False,3972.218775461599,48.414873764798386,14,33,0.5161662817551963,True,0.5310739030023095,0.6049076212471132,0.6787413394919167,196.0,137.0,99.0,144.0,False,direct_size_estimation_deferred,매장 면적·좌석·점포별 매출이 없어 규모별 적합도와 argmax 규모는 산출하지 않음,0.5429205781853201,0.9237875288683602,usable_area_profile,True,familiar,True,0.6742205542725173,17.0
3120153,노량진역(노량진),11590,595426544.0,103117.0,5774.2810981700395,0.7636258660508083,0.8611111111111112,0.5158730158730159,0.42857142857142855,0.753968253968254,0.9563492063492064,0.6626984126984127,0.11507936507936507,0.09523809523809523,0.5674603174603174,BRD_20250749,디에그,0.6755196304849884,False,4632.705473067621,132.0075755359234,5,24,0.09526558891454966,True,0.7019515011547344,0.7195727482678984,0.7371939953810622,94.0,74.0,62.0,76.66666666666667,False,direct_size_estimation_deferred,매장 면적·좌석·점포별 매출이 없어 규모별 적합도와 argmax 규모는 산출하지 않음,0.7133671236253444,0.8221709006928406,usable_area_profile,True,familiar,True,0.6699191685912239,18.0
3120055,군자역,11215,811493384.0,82304.0,9859.707717729394,0.8148960739030023,0.8650793650793651,0.5238095238095238,0.6309523809523809,0.7698412698412699,0.9087301587301587,0.7023809523809523,0.1388888888888889,0.0992063492063492,0.6031746031746031,BRD_20250749,디에그,0.640877598152425,False,5888.177392016352,39.05124838393783,28,50,0.8106235565819861,True,0.6930831408775981,0.7278868360277136,0.7626905311778291,97.0,69.0,51.0,72.33333333333333,False,direct_size_estimation_deferred,매장 면적·좌석·점포별 매출이 없어 규모별 적합도와 argmax 규모는 산출하지 않음,0.3842385317989559,0.9792147806004619,usable_area_profile,True,familiar,True,0.6696593533487297,19.0
3120166,방배역,11650,1455145059.0,122673.0,11861.983150326478,0.9176674364896074,0.7619047619047619,0.2857142857142857,0.7023809523809523,0.6785714285714286,0.8293650793650794,0.7777777777777778,0.42857142857142855,0.08333333333333333,0.5198412698412699,BRD_20250749,디에그,0.9480369515011547,False,9923.494646548654,99.2975326976693,12,28,0.2673210161662818,True,0.9389260969976905,0.9328521939953811,0.9267782909930715,5.0,4.0,4.0,4.333333333333333,False,direct_size_estimation_deferred,매장 면적·좌석·점포별 매출이 없어 규모별 적합도와 argmax 규모는 산출하지 않음,0.7451203222461726,0.7990762124711317,usable_area_profile,True,familiar,True,0.6687644341801385,20.0
3120166,방배역,11650,1455145059.0,122673.0,11861.983150326478,0.9176674364896074,0.7619047619047619,0.2857142857142857,0.7023809523809523,0.6785714285714286,0.8293650793650794,0.7777777777777778,0.42857142857142855,0.08333333333333333,0.5198412698412699,BRD_20080100039,뚜레쥬르,0.9364896073903002,False,1324.494243056971,99.2975326976693,12,28,0.28290993071593534,True,0.9308429561200924,0.9270785219399538,0.9233140877598152,4.0,3.0,2.0,3.0,False,direct_size_estimation_deferred,매장 면적·좌석·점포별 매출이 없어 규모별 적합도와 argmax 규모는 산출하지 않음,0.5380314320648767,0.9076212471131639,usable_area_profile,True,familiar,True,0.7315531177829099,1.0
3120188,압구정역,11680,1784647410.0,134975.0,13222.058973884052,0.9404157043879908,0.7817460317460317,0.18253968253968253,0.75,0.6468253968253969,0.8531746031746031,0.9206349206349206,0.4365079365079365,0.027777777777777776,0.4880952380952381,BRD_20080100039,뚜레쥬르,0.6466512702078522,False,1884.2998699554646,98.31073190628577,25,98,0.5473441108545034,True,0.7347806004618938,0.7935334872979215,0.8522863741339493,45.0,20.0,14.0,26.333333333333332,False,direct_size_estimation_deferred,매장 면적·좌석·점포별 매출이 없어 규모별 적합도와 argmax 규모는 산출하지 않음,0.42618377080814673,0.9630484988452656,usable_area_profile,True,familiar,True,0.7308314087759815,2.0
3120009,종로3가역,11110,773341001.0,64864.0,11922.499398741984,0.8273672055427251,0.876984126984127,0.42857142857142855,0.503968253968254,0.75,0.9444444444444444,0.8531746031746031,0.2619047619047619,0.05952380952380952,0.3611111111111111,BRD_20080100039,뚜레쥬르,0.7759815242494227,False,650.2983930178112,125.80143085865113,24,102,0.46824480369515015,True,0.7913972286374134,0.8016743648960739,0.8119515011547342,31.0,19.0,20.0,23.333333333333332,False,direct_size_estimation_deferred,매장 면적·좌석·점포별 매출이 없어 규모별 적합도와 argmax 규모는 산출하지 않음,0.40505687400031415,0.9815242494226328,usable_area_profile,True,familiar,True,0.7255196304849885,3.0
3110883,은천초등학교(은천교앞),11620,384324031.0,36658.0,10484.042528233946,0.6409930715935335,0.6944444444444444,0.5833333333333334,0.49603174603174605,0.8611111111111112,0.9801587301587301,0.8690476190476191,0.027777777777777776,0.051587301587301584,0.3412698412698413,BRD_20080100039,뚜레쥬르,0.31755196304849886,False,629.2352501275277,165.06059494972328,13,67,0.19053117782909929,True,0.41458429561200927,0.47927251732101617,0.5439607390300231,146.0,121.0,96.0,121.0,False,direct_size_estimation_deferred,매장 면적·좌석·점포별 매출이 없어 규모별 적합도와 argmax 규모는 산출하지 않음,0.37691241002313874,0.9884526558891455,usable_area_profile,True,familiar,True,0.7247401847575057,4.0
3110810,영신초등학교,11560,325709619.0,29453.0,11058.62285675483,0.5928406466512702,0.8571428571428571,0.7698412698412699,0.5277777777777778,0.23809523809523808,0.9007936507936508,0.9761904761904762,0.3373015873015873,0.047619047619047616,0.25,BRD_20080100039,뚜레쥬르,0.24480369515011546,False,742.7576993464921,74.63243262412867,11,40,0.3608545034642032,True,0.34921478060046185,0.41882217090069285,0.48842956120092373,161.0,147.0,122.0,143.33333333333334,False,direct_size_estimation_deferred,매장 면적·좌석·점포별 매출이 없어 규모별 적합도와 argmax 규모는 산출하지 않음,0.4284185607148431,0.9607390300230947,usable_area_profile,True,familiar,True,0.6705254041570439,5.0
3130222,오류시장,11530,677800421.0,66656.0,10168.633296327413,0.7894919168591223,0.8412698412698413,0.8373015873015873,0.5753968253968254,0.5238095238095238,0.7579365079365079,0.7380952380952381,0.18253968253968253,0.12698412698412698,0.7658730158730159,BRD_20080100039,뚜레쥬르,0.5242494226327945,False,936.739024480396,48.414873764798386,14,32,0.5323325635103926,True,0.6038221709006928,0.6568706697459584,0.7099191685912238,90.0,63.0,39.0,64.0,False,direct_size_estimation_deferred,매장 면적·좌석·점포별 매출이 없어 규모별 적합도와 argmax 규모는 산출하지 않음,0.5058140777424818,0.9214780600461894,usable_area_profile,True,familiar,True,0.6704099307159352,6.0
3120201,도곡1동,11680,649721874.0,58337.0,11137.38920410717,0.7846420323325634,0.7817460317460317,0.18253968253968253,0.75,0.6468253968253969,0.8531746031746031,0.9206349206349206,0.4365079365079365,0.027777777777777776,0.4880952380952381,BRD_20080100039,뚜레쥬르,0.6466512702078522,False,705.307025355932,87.09190547353441,10,62,0.2840646651270208,True,0.6880484988452655,0.7156466512702078,0.74324480369515,61.0,40.0,31.0,44.0,False,direct_size_estimation_deferred,매장 면적·좌석·점포별 매출이 없어 규모별 적합도와 argmax 규모는 산출하지 않음,0.6290580167950897,0.8568129330254042,usable_area_profile,True,familiar,True,0.6676385681293301,7.0
3120226,석촌고분역,11710,497422151.0,44126.0,11272.767778633912,0.7166281755196304,0.8531746031746031,0.13095238095238096,0.6746031746031746,0.9325396825396826,0.8928571428571429,0.7063492063492064,0.4087301587301587,0.03968253968253968,0.5436507936507936,BRD_20080100039,뚜레쥬르,0.3995381062355658,False,553.9467483722011,58.872744129090485,22,75,0.6495381062355658,True,0.49466512702078513,0.5580831408775981,0.621501154734411,120.0,92.0,66.0,92.66666666666667,False,direct_size_estimation_deferred,매장 면적·좌석·점포별 매출이 없어 규모별 적합도와 argmax 규모는 산출하지 않음,0.4129341900975619,0.9699769053117783,usable_area_profile,True,familiar,True,0.6637124711316397,8.0
3120175,남부터미널역,11650,960650667.0,103198.0,9308.810897498013,0.8390300230946882,0.7619047619047619,0.2857142857142857,0.7023809523809523,0.6785714285714286,0.8293650793650794,0.7777777777777778,0.42857142857142855,0.08333333333333333,0.5198412698412699,BRD_20080100039,뚜레쥬르,0.9364896073903002,False,1396.5059971083842,49.929950906089985,13,46,0.49653579676674364,True,0.9072517321016166,0.8877598152424941,0.8682678983833718,8.0,10.0,12.0,10.0,False,direct_size_estimation_deferred,매장 면적·좌석·점포별 매출이 없어 규모별 적합도와 argmax 규모는 산출하지 않음,0.6081918372149606,0.8729792147806005,usable_area_profile,True,familiar,True,0.6590646651270207,9.0
3110274,서일대학교,11260,492656087.0,41512.0,11867.79935922143,0.7133949191685912,0.8492063492063492,0.40476190476190477,0.5,0.39285714285714285,0.623015873015873,0.5714285714285714,0.16666666666666666,0.32936507936507936,0.8134920634920635,BRD_20080100039,뚜레쥬르,0.8983833718244804,False,1016.919367535483,101.51354588565466,6,29,0.17898383371824483,True,0.8428868360277135,0.8058891454965358,0.7688914549653578,16.0,16.0,25.0,19.0,False,direct_size_estimation_deferred,매장 면적·좌석·점포별 매출이 없어 규모별 적합도와 argmax 규모는 산출하지 않음,0.6391773295525175,0.8452655889145496,usable_area_profile,True,familiar,True,0.6586605080831408,10.0
3120152,신대방삼거리역,11590,953145793.0,102228.0,9323.72532965528,0.8353348729792147,0.8611111111111112,0.5158730158730159,0.42857142857142855,0.753968253968254,0.9563492063492064,0.6626984126984127,0.11507936507936507,0.09523809523809523,0.5674603174603174,BRD_20080100039,뚜레쥬르,0.5577367205542725,False,1175.3714306821973,79.30952023733208,18,47,0.49480369515011546,True,0.6410161662817551,0.6965357967667436,0.7520554272517319,80.0,45.0,29.0,51.333333333333336,False,direct_size_estimation_deferred,매장 면적·좌석·점포별 매출이 없어 규모별 적합도와 argmax 규모는 산출하지 않음,0.6180925782895919,0.8683602771362586,usable_area_profile,True,familiar,True,0.6556293302540416,11.0
3120136,영등포구청역,11560,364236315.0,38948.0,9351.861841429598,0.6144341801385681,0.8571428571428571,0.7698412698412699,0.5277777777777778,0.23809523809523808,0.9007936507936508,0.9761904761904762,0.3373015873015873,0.047619047619047616,0.25,BRD_20080100039,뚜레쥬르,0.24480369515011546,False,916.2996234811043,95.12623193815189,26,62,0.5704387990762125,True,0.3556928406466512,0.4296189376443418,0.5035450346420323,158.0,141.0,114.0,137.66666666666666,False,direct_size_estimation_deferred,매장 면적·좌석·점포별 매출이 없어 규모별 적합도와 argmax 규모는 산출하지 않음,0.40810037699696344,0.976905311778291,usable_area_profile,True,familiar,True,0.6541859122401847,12.0
3120121,까치산역,11500,345571768.0,36578.0,9447.530428126196,0.6019630484988453,0.8373015873015873,0.23809523809523808,0.623015873015873,0.32142857142857145,0.8333333333333334,0.9246031746031746,0.46825396825396826,0.05555555555555555,0.42063492063492064,BRD_20080100039,뚜레쥬르,0.8187066974595842,False,992.0750979564732,63.411355440434505,20,41,0.6027713625866051,True,0.7536836027713625,0.7103348729792147,0.666986143187067,40.0,41.0,49.0,43.333333333333336,False,direct_size_estimation_deferred,매장 면적·좌석·점포별 매출이 없어 규모별 적합도와 argmax 규모는 산출하지 않음,0.39793853524262757,0.9861431870669746,usable_area_profile,True,familiar,True,0.6517609699769054,13.0
3120080,마들역,11350,1045100686.0,106340.0,9827.916926838443,0.858891454965358,0.8928571428571429,0.08333333333333333,0.7222222222222222,0.9444444444444444,0.7777777777777778,0.30158730158730157,0.38095238095238093,0.4444444444444444,0.6071428571428571,BRD_20080100039,뚜레쥬르,0.3510392609699769,False,1038.783904426268,45.607017023633105,8,32,0.418013856812933,True,0.5033949191685911,0.6049653579676675,0.7065357967667436,118.0,79.0,42.0,79.66666666666667,False,direct_size_estimation_deferred,매장 면적·좌석·점포별 매출이 없어 규모별 적합도와 argmax 규모는 산출하지 않음,0.6530873746737795,0.8314087759815243,usable_area_profile,True,familiar,True,0.6508660508083141,14.0
3120205,매봉역,11680,580733796.0,60594.0,9584.014852955737,0.7444572748267898,0.7817460317460317,0.18253968253968253,0.75,0.6468253968253969,0.8531746031746031,0.9206349206349206,0.4365079365079365,0.027777777777777776,0.4880952380952381,BRD_20080100039,뚜레쥬르,0.6466512702078522,False,1141.15204949491,70.4911341990284,16,64,0.48787528868360275,True,0.6759930715935334,0.6955542725173209,0.7151154734411085,67.0,46.0,37.0,50.0,False,direct_size_estimation_deferred,매장 면적·좌석·점포별 매출이 없어 규모별 적합도와 argmax 규모는 산출하지 않음,0.5756508458200909,0.8960739030023095,usable_area_profile,True,familiar,True,0.6505773672055427,15.0
3120151,보라매공원,11590,648870341.0,67412.0,9625.442665994186,0.7726327944572748,0.8611111111111112,0.5158730158730159,0.42857142857142855,0.753968253968254,0.9563492063492064,0.6626984126984127,0.11507936507936507,0.09523809523809523,0.5674603174603174,BRD_20080100039,뚜레쥬르,0.5577367205542725,False,878.1713955459284,16.492422502230646,17,69,0.7240184757505774,True,0.6222055427251731,0.6651847575057737,0.7081639722863741,85.0,59.0,40.0,61.333333333333336,False,direct_size_estimation_deferred,매장 면적·좌석·점포별 매출이 없어 규모별 적합도와 argmax 규모는 산출하지 않음,0.4611891153043844,0.9422632794457275,usable_area_profile,True,familiar,True,0.6499133949191687,16.0
3120158,녹두거리(대학동),11620,695809095.0,79236.0,8781.476790852643,0.7778290993071594,0.6944444444444444,0.5833333333333334,0.49603174603174605,0.8611111111111112,0.9801587301587301,0.8690476190476191,0.027777777777777776,0.051587301587301584,0.3412698412698413,BRD_20080100039,뚜레쥬르,0.31755196304849886,False,1450.6412375205114,107.28000742995447,15,20,0.33371824480369516,True,0.45563510392609696,0.5476905311778291,0.6397459584295612,130.0,99.0,60.0,96.33333333333333,False,direct_size_estimation_deferred,매장 면적·좌석·점포별 매출이 없어 규모별 적합도와 argmax 규모는 산출하지 않음,0.6432014468353613,0.838337182448037,usable_area_profile,True,familiar,True,0.6474018475750578,17.0
3120051,뚝섬역,11200,416387011.0,44887.0,9276.338605832423,0.6515011547344112,0.9206349206349206,0.38492063492063494,0.5555555555555556,0.9920634920634921,0.9841269841269841,0.9563492063492064,0.10317460317460317,0.015873015873015872,0.07936507936507936,BRD_20080100039,뚜레쥬르,0.016166281755196306,False,788.5429601422138,83.67197859938392,40,87,0.6795612009237875,True,0.20676674364896078,0.33383371824480373,0.46090069284064666,200.0,174.0,133.0,169.0,False,direct_size_estimation_deferred,매장 면적·좌석·점포별 매출이 없어 규모별 적합도와 argmax 규모는 산출하지 않음,0.4112345359279314,0.9745958429561201,usable_area_profile,True,familiar,True,0.6456986143187067,18.0
3120244,암사역,11740,416837256.0,46005.0,9060.694620149983,0.6541570438799076,0.8452380952380952,0.06746031746031746,0.7063492063492064,0.38492063492063494,0.6626984126984127,0.7182539682539683,0.5833333333333334,0.06746031746031746,0.6507936507936508,BRD_20080100039,뚜레쥬르,0.8614318706697459,False,528.163800354762,82.05485967410668,28,38,0.6327944572748267,True,0.7992494226327943,0.7577944572748267,0.7163394919168591,26.0,28.0,36.0,30.0,False,direct_size_estimation_deferred,매장 면적·좌석·점포별 매출이 없어 규모별 적합도와 argmax 규모는 산출하지 않음,0.43393988921329657,0.9561200923787528,usable_area_profile,True,familiar,True,0.6422921478060044,19.0
3110243,중랑노인종합복지관,11260,245308379.0,21354.0,11487.701554743842,0.5138568129330254,0.8492063492063492,0.40476190476190477,0.5,0.39285714285714285,0.623015873015873,0.5714285714285714,0.16666666666666666,0.32936507936507936,0.8134920634920635,BRD_20080100039,뚜레쥬르,0.8983833718244804,False,854.1200149590505,105.41821475311895,13,36,0.2840646651270208,True,0.7830254041570438,0.706120092378753,0.6292147806004619,34.0,43.0,63.0,46.666666666666664,False,direct_size_estimation_deferred,매장 면적·좌석·점포별 매출이 없어 규모별 적합도와 argmax 규모는 산출하지 않음,0.49328725687114383,0.9260969976905312,usable_area_profile,True,familiar,True,0.641512702078522,20.0
3120037,동대문역사문화공원역,11140,991150857.0,75063.0,13204.253187322649,0.8695150115473441,0.873015873015873,0.5793650793650794,0.6428571428571429,0.34523809523809523,0.8571428571428571,0.8214285714285714,0.0873015873015873,0.023809523809523808,0.8293650793650794,BRD_20140306,롤링핀,0.19399538106235567,False,2938.3890144040042,125.25573836405046,15,74,0.2806004618937644,True,0.3966512702078522,0.5317551963048499,0.6668591224018475,276.0,176.0,107.0,186.33333333333334,False,direct_size_estimation_deferred,매장 면적·좌석·점포별 매출이 없어 규모별 적합도와 argmax 규모는 산출하지 않음,0.5362404457610732,0.976905311778291,usable_area_profile,True,familiar,True,0.7614318706697459,1.0
3110892,관악구 중앙길,11620,913081619.0,87290.0,10460.323278726086,0.8403002309468822,0.6944444444444444,0.5833333333333334,0.49603174603174605,0.8611111111111112,0.9801587301587301,0.8690476190476191,0.027777777777777776,0.051587301587301584,0.3412698412698413,BRD_20140306,롤링핀,0.31755196304849886,False,4391.455908953944,165.92166821826325,24,76,0.3978060046189376,True,0.4743764434180138,0.5789260969976906,0.6834757505773671,214.0,144.0,96.0,151.33333333333334,False,direct_size_estimation_deferred,매장 면적·좌석·점포별 매출이 없어 규모별 적합도와 argmax 규모는 산출하지 않음,0.4113163112835843,0.9976905311778291,usable_area_profile,True,familiar,True,0.7490184757505773,2.0
3120188,압구정역,11680,1784647410.0,134975.0,13222.058973884052,0.9404157043879908,0.7817460317460317,0.18253968253968253,0.75,0.6468253968253969,0.8531746031746031,0.9206349206349206,0.4365079365079365,0.027777777777777776,0.4880952380952381,BRD_20140306,롤링핀,0.8498845265588915,False,6144.3834515708595,98.31073190628577,25,98,0.5323325635103926,True,0.8770438799076212,0.8951501154734411,0.9132563510392611,17.0,12.0,6.0,11.666666666666666,False,direct_size_estimation_deferred,매장 면적·좌석·점포별 매출이 없어 규모별 적합도와 argmax 규모는 산출하지 않음,0.5465549152824405,0.9745958429561201,usable_area_profile,True,familiar,True,0.7400115473441109,3.0
3130072,성동용답상가시장,11200,441220675.0,42751.0,10320.710041870365,0.6748267898383372,0.9206349206349206,0.38492063492063494,0.5555555555555556,0.9920634920634921,0.9841269841269841,0.9563492063492064,0.10317460317460317,0.015873015873015872,0.07936507936507936,BRD_20140306,롤링핀,0.016166281755196306,False,3501.9743003497433,135.0925608781212,10,28,0.1489607390300231,True,0.21376443418013857,0.34549653579676676,0.4772286374133949,383.0,323.0,224.0,310.0,False,direct_size_estimation_deferred,매장 면적·좌석·점포별 매출이 없어 규모별 적합도와 argmax 규모는 산출하지 않음,0.5157050735721311,0.9884526558891455,usable_area_profile,True,familiar,True,0.7394341801385681,4.0
3120009,종로3가역,11110,773341001.0,64864.0,11922.499398741984,0.8273672055427251,0.876984126984127,0.42857142857142855,0.503968253968254,0.75,0.9444444444444444,0.8531746031746031,0.2619047619047619,0.05952380952380952,0.3611111111111111,BRD_20140306,롤링핀,0.6327944572748267,False,3588.9366112844705,125.80143085865113,24,103,0.4532332563510392,True,0.6911662817551962,0.7300808314087759,0.7689953810623555,106.0,71.0,50.0,75.66666666666667,False,direct_size_estimation_deferred,매장 면적·좌석·점포별 매출이 없어 규모별 적합도와 argmax 규모는 산출하지 않음,0.45316169037425785,0.9930715935334873,usable_area_profile,True,familiar,True,0.7346997690531177,5.0
3120175,남부터미널역,11650,960650667.0,103198.0,9308.810897498013,0.8390300230946882,0.7619047619047619,0.2857142857142857,0.7023809523809523,0.6785714285714286,0.8293650793650794,0.7777777777777778,0.42857142857142855,0.08333333333333333,0.5198412698412699,BRD_20140306,롤링핀,0.9780600461893765,False,8130.616520258622,49.929950906089985,13,46,0.4815242494226327,True,0.93635103926097,0.9085450346420323,0.8807390300230946,7.0,8.0,15.0,10.0,False,direct_size_estimation_deferred,매장 면적·좌석·점포별 매출이 없어 규모별 적합도와 argmax 규모는 산출하지 않음,0.5521868767583026,0.9699769053117783,usable_area_profile,True,familiar,True,0.7195150115473441,6.0
3120107,공덕역(공덕오거리),11440,1051109080.0,111230.0,9449.870358716174,0.8578521939953809,0.9404761904761905,0.4246031746031746,0.5833333333333334,0.9642857142857143,0.9880952380952381,0.9841269841269841,0.1111111111111111,0.011904761904761904,0.051587301587301584,BRD_20140306,롤링핀,0.08660508083140878,False,3324.803302461225,80.05623025110103,24,77,0.575635103926097,True,0.3179792147806004,0.4722286374133948,0.6264780600461893,320.0,230.0,130.0,226.66666666666666,False,direct_size_estimation_deferred,매장 면적·좌석·점포별 매출이 없어 규모별 적합도와 argmax 규모는 산출하지 않음,0.5671455272036565,0.9584295612009238,usable_area_profile,True,familiar,True,0.703175519630485,7.0
3120069,상봉역,11260,1511381851.0,142985.0,10570.212616708046,0.9086605080831409,0.8492063492063492,0.40476190476190477,0.5,0.39285714285714285,0.623015873015873,0.5714285714285714,0.16666666666666666,0.32936507936507936,0.8134920634920635,BRD_20140306,롤링핀,0.8983833718244804,False,5054.572286534185,89.18520055817115,16,56,0.39260969976905313,True,0.9014665127020784,0.9035219399538106,0.9055773672055427,11.0,10.0,8.0,9.666666666666666,False,direct_size_estimation_deferred,매장 면적·좌석·점포별 매출이 없어 규모별 적합도와 argmax 규모는 산출하지 않음,0.7409300113676901,0.8729792147806005,usable_area_profile,True,familiar,True,0.6920612009237875,8.0
3120120,화곡역,11500,2140760825.0,296121.0,7229.34484551923,0.8866050808314089,0.8373015873015873,0.23809523809523808,0.623015873015873,0.32142857142857145,0.8333333333333334,0.9246031746031746,0.46825396825396826,0.05555555555555555,0.42063492063492064,BRD_20140306,롤링핀,0.7193995381062356,False,8275.31268287431,26.400757567542716,25,54,0.8175519630484989,True,0.7695612009237875,0.8030023094688222,0.8364434180138569,65.0,35.0,30.0,43.333333333333336,False,direct_size_estimation_deferred,매장 면적·좌석·점포별 매출이 없어 규모별 적합도와 argmax 규모는 산출하지 않음,0.5282158290001084,0.9815242494226328,usable_area_profile,True,familiar,True,0.6879330254041571,9.0
3120158,녹두거리(대학동),11620,695809095.0,79236.0,8781.476790852643,0.7778290993071594,0.6944444444444444,0.5833333333333334,0.49603174603174605,0.8611111111111112,0.9801587301587301,0.8690476190476191,0.027777777777777776,0.051587301587301584,0.3412698412698413,BRD_20140306,롤링핀,0.31755196304849886,False,5508.402672304588,107.28000742995447,15,20,0.3140877598152425,True,0.45563510392609696,0.5476905311778291,0.6397459584295612,233.0,167.0,120.0,173.33333333333334,False,direct_size_estimation_deferred,매장 면적·좌석·점포별 매출이 없어 규모별 적합도와 argmax 규모는 산출하지 않음,0.7165614327506296,0.8983833718244804,usable_area_profile,True,familiar,True,0.6863741339491917,10.0
3120153,노량진역(노량진),11590,595426544.0,103117.0,5774.2810981700395,0.7636258660508083,0.8611111111111112,0.5158730158730159,0.42857142857142855,0.753968253968254,0.9563492063492064,0.6626984126984127,0.11507936507936507,0.09523809523809523,0.5674603174603174,BRD_20140306,롤링핀,0.5277136258660509,False,1211.9612205420656,132.0075755359234,5,24,0.09526558891454966,True,0.5984872979214781,0.6456697459584295,0.692852193995381,150.0,118.0,89.0,119.0,False,direct_size_estimation_deferred,매장 면적·좌석·점포별 매출이 없어 규모별 적합도와 argmax 규모는 산출하지 않음,0.7627550306920086,0.8475750577367206,usable_area_profile,True,familiar,True,0.685161662817552,11.0
3110810,영신초등학교,11560,325709619.0,29453.0,11058.62285675483,0.5928406466512702,0.8571428571428571,0.7698412698412699,0.5277777777777778,0.23809523809523808,0.9007936507936508,0.9761904761904762,0.3373015873015873,0.047619047619047616,0.25,BRD_20140306,롤링핀,0.15011547344110854,False,1404.4073483000611,74.63243262412867,11,41,0.34295612009237875,True,0.28293302540415705,0.3714780600461894,0.46002309468822167,349.0,306.0,241.0,298.6666666666667,False,direct_size_estimation_deferred,매장 면적·좌석·점포별 매출이 없어 규모별 적합도와 argmax 규모는 산출하지 않음,0.53601031559388,0.9792147806004619,usable_area_profile,True,familiar,True,0.6842956120092378,12.0
3120062,신설동역,11230,583819931.0,56521.0,10329.256931052176,0.748498845265589,0.6904761904761905,0.5396825396825397,0.5714285714285714,0.9603174603174603,0.9126984126984127,0.4087301587301587,0.1865079365079365,0.09126984126984126,0.6825396825396826,BRD_20140306,롤링핀,0.4237875288683603,False,1372.2426899232062,109.76793705062819,8,37,0.16743648960739027,True,0.5212009237875289,0.5861431870669747,0.6510854503464203,198.0,140.0,116.0,151.33333333333334,False,direct_size_estimation_deferred,매장 면적·좌석·점포별 매출이 없어 규모별 적합도와 argmax 규모는 산출하지 않음,0.743177867678095,0.8683602771362586,usable_area_profile,True,familiar,True,0.6830254041570438,13.0
3110883,은천초등학교(은천교앞),11620,384324031.0,36658.0,10484.042528233946,0.6409930715935335,0.6944444444444444,0.5833333333333334,0.49603174603174605,0.8611111111111112,0.9801587301587301,0.8690476190476191,0.027777777777777776,0.051587301587301584,0.3412698412698413,BRD_20140306,롤링핀,0.31755196304849886,False,3659.011068606461,165.06059494972328,13,69,0.17782909930715937,True,0.41458429561200927,0.47927251732101617,0.5439607390300231,265.0,223.0,184.0,224.0,False,direct_size_estimation_deferred,매장 면적·좌석·점포별 매출이 없어 규모별 적합도와 argmax 규모는 산출하지 않음,0.6912089838006935,0.9145496535796767,usable_area_profile,True,familiar,True,0.6823036951501154,14.0
3110943,법제교육센터(버들어린이공원),11650,849985150.0,98576.0,8622.637863171563,0.812471131639723,0.7619047619047619,0.2857142857142857,0.7023809523809523,0.6785714285714286,0.8293650793650794,0.7777777777777778,0.42857142857142855,0.08333333333333333,0.5198412698412699,BRD_20140306,롤링핀,0.9780600461893765,False,6744.343481745748,67.35725648954265,25,54,0.6466512702078522,True,0.9283833718244804,0.8952655889145498,0.862147806004619,8.0,11.0,22.0,13.666666666666666,False,direct_size_estimation_deferred,매장 면적·좌석·점포별 매출이 없어 규모별 적합도와 argmax 규모는 산출하지 않음,0.6047996529171644,0.9515011547344111,usable_area_profile,True,familiar,True,0.6770207852193996,15.0
3110836,상도역 5번,11590,245030296.0,22286.0,10994.80822040743,0.5116628175519631,0.8611111111111112,0.5158730158730159,0.42857142857142855,0.753968253968254,0.9563492063492064,0.6626984126984127,0.11507936507936507,0.09523809523809523,0.5674603174603174,BRD_20140306,롤링핀,0.5277136258660509,False,2753.5885677083784,143.40502085254877,17,44,0.30369515011547343,True,0.5228983833718245,0.519688221709007,0.5164780600461893,196.0,188.0,201.0,195.0,False,direct_size_estimation_deferred,매장 면적·좌석·점포별 매출이 없어 규모별 적합도와 argmax 규모는 산출하지 않음,0.49650980236735626,0.9907621247113164,usable_area_profile,True,familiar,True,0.6768187066974596,16.0
3120205,매봉역,11680,580733796.0,60594.0,9584.014852955737,0.7444572748267898,0.7817460317460317,0.18253968253968253,0.75,0.6468253968253969,0.8531746031746031,0.9206349206349206,0.4365079365079365,0.027777777777777776,0.4880952380952381,BRD_20140306,롤링핀,0.8498845265588915,False,6166.3527307233535,70.4911341990284,16,64,0.4676674364896074,True,0.8182563510392609,0.7971709006928407,0.7760854503464203,40.0,39.0,46.0,41.666666666666664,False,direct_size_estimation_deferred,매장 면적·좌석·점포별 매출이 없어 규모별 적합도와 argmax 규모는 산출하지 않음,0.6541631035886737,0.9330254041570438,usable_area_profile,True,familiar,True,0.6757794457274827,17.0
3120006,종각역,11110,3016948830.0,169455.0,17803.834823404442,0.9732101616628176,0.876984126984127,0.42857142857142855,0.503968253968254,0.75,0.9444444444444444,0.8531746031746031,0.2619047619047619,0.05952380952380952,0.3611111111111111,BRD_20140306,롤링핀,0.6327944572748267,False,4218.601901077181,42.201895712860484,34,122,0.8273672055427252,True,0.734919168591224,0.8030023094688221,0.8710854503464203,77.0,36.0,17.0,43.333333333333336,True,direct_size_estimation_deferred,매장 면적·좌석·점포별 매출이 없어 규모별 적합도와 argmax 규모는 산출하지 않음,0.6642761582206756,0.9260969976905312,usable_area_profile,True,familiar,True,0.6748556581986144,18.0
3120003,광화문역,11110,756200869.0,75218.0,10053.456207290808,0.8042725173210161,0.876984126984127,0.42857142857142855,0.503968253968254,0.75,0.9444444444444444,0.8531746031746031,0.2619047619047619,0.05952380952380952,0.3611111111111111,BRD_20140306,롤링핀,0.6327944572748267,False,4871.049681505966,69.12307861572918,25,101,0.6397228637413395,True,0.6842378752886835,0.7185334872979214,0.7528290993071592,109.0,74.0,59.0,80.66666666666667,False,direct_size_estimation_deferred,매장 면적·좌석·점포별 매출이 없어 규모별 적합도와 argmax 규모는 산출하지 않음,0.6402644679476662,0.9445727482678984,usable_area_profile,True,familiar,True,0.6718533487297921,19.0
3120159,서울대입구역,11620,577357524.0,63766.0,9054.316155945175,0.7378752886836027,0.6944444444444444,0.5833333333333334,0.49603174603174605,0.8611111111111112,0.9801587301587301,0.8690476190476191,0.027777777777777776,0.051587301587301584,0.3412698412698413,BRD_20140306,롤링핀,0.31755196304849886,False,4753.746417332856,112.61438631512817,37,77,0.5750577367205543,True,0.44364896073903004,0.5277136258660509,0.6117782909930715,240.0,182.0,143.0,188.33333333333334,False,direct_size_estimation_deferred,매장 면적·좌석·점포별 매출이 없어 규모별 적합도와 argmax 규모는 산출하지 않음,0.5834777387539923,0.953810623556582,usable_area_profile,True,familiar,True,0.6704965357967666,20.0
3120188,압구정역,11680,1784647410.0,134975.0,13222.058973884052,0.9404157043879908,0.7817460317460317,0.18253968253968253,0.75,0.6468253968253969,0.8531746031746031,0.9206349206349206,0.4365079365079365,0.027777777777777776,0.4880952380952381,BRD_20161137,명랑시대쌀핫도그,0.7251732101616628,False,3739.7713833584976,98.31073190628577,25,98,0.5352193995381063,True,0.7897459584295612,0.8327944572748268,0.8758429561200924,42.0,22.0,14.0,26.0,False,direct_size_estimation_deferred,매장 면적·좌석·점포별 매출이 없어 규모별 적합도와 argmax 규모는 산출하지 않음,0.4114472611382245,0.9722863741339491,usable_area_profile,True,familiar,True,0.7381928406466512,1.0
3120069,상봉역,11260,1511381851.0,142985.0,10570.212616708046,0.9086605080831409,0.8492063492063492,0.40476190476190477,0.5,0.39285714285714285,0.623015873015873,0.5714285714285714,0.16666666666666666,0.32936507936507936,0.8134920634920635,BRD_20161137,명랑시대쌀핫도그,0.8983833718244804,False,885.5873756853189,89.18520055817115,16,55,0.3943418013856813,True,0.9014665127020784,0.9035219399538106,0.9055773672055427,9.0,7.0,8.0,8.0,False,direct_size_estimation_deferred,매장 면적·좌석·점포별 매출이 없어 규모별 적합도와 argmax 규모는 산출하지 않음,0.4777080548283285,0.9468822170900693,usable_area_profile,True,familiar,True,0.7361431870669747,2.0
3130072,성동용답상가시장,11200,441220675.0,42751.0,10320.710041870365,0.6748267898383372,0.9206349206349206,0.38492063492063494,0.5555555555555556,0.9920634920634921,0.9841269841269841,0.9563492063492064,0.10317460317460317,0.015873015873015872,0.07936507936507936,BRD_20161137,명랑시대쌀핫도그,0.016166281755196306,False,2080.1447064890235,135.0925608781212,10,28,0.1535796766743649,True,0.21376443418013857,0.34549653579676676,0.4772286374133949,335.0,288.0,202.0,275.0,False,direct_size_estimation_deferred,매장 면적·좌석·점포별 매출이 없어 규모별 적합도와 argmax 규모는 산출하지 않음,0.34744139814021774,0.9838337182448037,usable_area_profile,True,familiar,True,0.7359699769053119,3.0
3120166,방배역,11650,1455145059.0,122673.0,11861.983150326478,0.9176674364896074,0.7619047619047619,0.2857142857142857,0.7023809523809523,0.6785714285714286,0.8293650793650794,0.7777777777777778,0.42857142857142855,0.08333333333333333,0.5198412698412699,BRD_20161137,명랑시대쌀핫도그,0.9364896073903002,False,5150.519391275384,99.2975326976693,12,28,0.2684757505773672,True,0.9308429561200924,0.9270785219399538,0.9233140877598152,4.0,3.0,3.0,3.3333333333333335,False,direct_size_estimation_deferred,매장 면적·좌석·점포별 매출이 없어 규모별 적합도와 argmax 규모는 산출하지 않음,0.5543921685761353,0.8983833718244804,usable_area_profile,True,familiar,True,0.7281755196304849,4.0
3110883,은천초등학교(은천교앞),11620,384324031.0,36658.0,10484.042528233946,0.6409930715935335,0.6944444444444444,0.5833333333333334,0.49603174603174605,0.8611111111111112,0.9801587301587301,0.8690476190476191,0.027777777777777776,0.051587301587301584,0.3412698412698413,BRD_20161137,명랑시대쌀핫도그,0.31755196304849886,False,774.4546468204915,165.06059494972328,13,68,0.17956120092378755,True,0.41458429561200927,0.47927251732101617,0.5439607390300231,228.0,198.0,160.0,195.33333333333334,False,direct_size_estimation_deferred,매장 면적·좌석·점포별 매출이 없어 규모별 적합도와 argmax 규모는 산출하지 않음,0.4158387207921066,0.9699769053117783,usable_area_profile,True,familiar,True,0.7153002309468823,5.0
3120038,약수역,11140,1550178516.0,134777.0,11501.803096967584,0.9235565819861433,0.873015873015873,0.5793650793650794,0.6428571428571429,0.34523809523809523,0.8571428571428571,0.8214285714285714,0.0873015873015873,0.023809523809523808,0.8293650793650794,BRD_20161137,명랑시대쌀핫도그,0.14780600461893764,False,2489.767258188165,62.64183906448842,18,44,0.5531177829099307,True,0.38053117782909934,0.5356812933025404,0.6908314087759816,247.0,159.0,77.0,161.0,False,direct_size_estimation_deferred,매장 면적·좌석·점포별 매출이 없어 규모별 적합도와 argmax 규모는 산출하지 않음,0.48976990752684374,0.9422632794457275,usable_area_profile,True,familiar,True,0.7132794457274827,6.0
3111005,삼전역 3번,11710,233054769.0,25337.0,9198.19903698149,0.48152424942263283,0.8531746031746031,0.13095238095238096,0.6746031746031746,0.9325396825396826,0.8928571428571429,0.7063492063492064,0.4087301587301587,0.03968253968253968,0.5436507936507936,BRD_20161137,명랑시대쌀핫도그,0.40415704387990764,False,1086.3240768962885,198.59506540938497,7,54,0.054849884526558874,True,0.4273672055427252,0.4428406466512702,0.45831408775981525,225.0,226.0,214.0,221.66666666666666,False,direct_size_estimation_deferred,매장 면적·좌석·점포별 매출이 없어 규모별 적합도와 argmax 규모는 산출하지 않음,0.3439380260350813,0.9861431870669746,usable_area_profile,True,familiar,True,0.7038394919168591,7.0
3120080,마들역,11350,1045100686.0,106340.0,9827.916926838443,0.858891454965358,0.8928571428571429,0.08333333333333333,0.7222222222222222,0.9444444444444444,0.7777777777777778,0.30158730158730157,0.38095238095238093,0.4444444444444444,0.6071428571428571,BRD_20161137,명랑시대쌀핫도그,0.5173210161662818,False,860.5300692339306,45.607017023633105,8,31,0.41050808314087756,True,0.6197921478060047,0.6881062355658198,0.7564203233256351,124.0,78.0,53.0,85.0,False,direct_size_estimation_deferred,매장 면적·좌석·점포별 매출이 없어 규모별 적합도와 argmax 규모는 산출하지 않음,0.5473928132515861,0.9076212471131639,usable_area_profile,True,familiar,True,0.6977193995381062,8.0
3120120,화곡역,11500,2140760825.0,296121.0,7229.34484551923,0.8866050808314089,0.8373015873015873,0.23809523809523808,0.623015873015873,0.32142857142857145,0.8333333333333334,0.9246031746031746,0.46825396825396826,0.05555555555555555,0.42063492063492064,BRD_20161137,명랑시대쌀핫도그,0.8187066974595842,False,834.197218890034,26.400757567542716,25,53,0.819284064665127,True,0.8390762124711316,0.8526558891454965,0.8662355658198615,27.0,17.0,18.0,20.666666666666668,False,direct_size_estimation_deferred,매장 면적·좌석·점포별 매출이 없어 규모별 적합도와 argmax 규모는 산출하지 않음,0.3322636183344443,0.9907621247113164,usable_area_profile,True,familiar,True,0.693215935334873,9.0
3111021,방이역 4번,11710,394829518.0,38606.0,10227.154276537325,0.6466512702078522,0.8531746031746031,0.13095238095238096,0.6746031746031746,0.9325396825396826,0.8928571428571429,0.7063492063492064,0.4087301587301587,0.03968253968253968,0.5436507936507936,BRD_20161137,명랑시대쌀핫도그,0.40415704387990764,False,2612.417462788229,115.2085066609535,15,51,0.30196304849884525,True,0.476905311778291,0.5254041570438799,0.5739030023094688,195.0,166.0,144.0,168.33333333333334,False,direct_size_estimation_deferred,매장 면적·좌석·점포별 매출이 없어 규모별 적합도와 argmax 규모는 산출하지 않음,0.46504180426228103,0.9515011547344111,usable_area_profile,True,familiar,True,0.6872690531177827,10.0
3110274,서일대학교,11260,492656087.0,41512.0,11867.79935922143,0.7133949191685912,0.8492063492063492,0.40476190476190477,0.5,0.39285714285714285,0.623015873015873,0.5714285714285714,0.16666666666666666,0.32936507936507936,0.8134920634920635,BRD_20161137,명랑시대쌀핫도그,0.8983833718244804,False,928.0096982485973,101.51354588565466,6,28,0.1697459584295612,True,0.8428868360277135,0.8058891454965358,0.7688914549653578,25.0,31.0,45.0,33.666666666666664,False,direct_size_estimation_deferred,매장 면적·좌석·점포별 매출이 없어 규모별 적합도와 argmax 규모는 산출하지 않음,0.5605871973215263,0.8891454965357968,usable_area_profile,True,familiar,True,0.6863741339491917,11.0
3110601,신월1동우편취급국,11470,441016625.0,40173.0,10977.93605157693,0.6785219399538106,0.8055555555555556,0.2222222222222222,0.5158730158730159,0.5873015873015873,0.5079365079365079,0.2896825396825397,0.4801587301587302,0.30952380952380953,0.7738095238095238,BRD_20161137,명랑시대쌀핫도그,0.9803695150115473,False,1051.7880014321033,258.54980178856624,8,40,0.05023094688221708,True,0.8898152424942263,0.829445727482679,0.7690762124711316,14.0,23.0,44.0,27.0,False,direct_size_estimation_deferred,매장 면적·좌석·점포별 매출이 없어 규모별 적합도와 argmax 규모는 산출하지 않음,0.6133800355260814,0.8683602771362586,usable_area_profile,True,familiar,True,0.6831120092378753,12.0
3120152,신대방삼거리역,11590,953145793.0,102228.0,9323.72532965528,0.8353348729792147,0.8611111111111112,0.5158730158730159,0.42857142857142855,0.753968253968254,0.9563492063492064,0.6626984126984127,0.11507936507936507,0.09523809523809523,0.5674603174603174,BRD_20161137,명랑시대쌀핫도그,0.48614318706697457,False,1644.7005806917914,79.30952023733208,18,47,0.48152424942263283,True,0.5909006928406466,0.6607390300230946,0.7305773672055426,139.0,92.0,60.0,97.0,False,direct_size_estimation_deferred,매장 면적·좌석·점포별 매출이 없어 규모별 적합도와 argmax 규모는 산출하지 않음,0.5395024460586008,0.9099307159353349,usable_area_profile,True,familiar,True,0.6825635103926097,13.0
3120107,공덕역(공덕오거리),11440,1051109080.0,111230.0,9449.870358716174,0.8578521939953809,0.9404761904761905,0.4246031746031746,0.5833333333333334,0.9642857142857143,0.9880952380952381,0.9841269841269841,0.1111111111111111,0.011904761904761904,0.051587301587301584,BRD_20161137,명랑시대쌀핫도그,0.06351039260969978,False,3454.98089722017,80.05623025110103,24,77,0.5790993071593533,True,0.30181293302540413,0.4606812933025404,0.6195496535796766,290.0,212.0,114.0,205.33333333333334,False,direct_size_estimation_deferred,매장 면적·좌석·점포별 매출이 없어 규모별 적합도와 argmax 규모는 산출하지 않음,0.5245213678939099,0.9237875288683602,usable_area_profile,True,familiar,True,0.6818706697459583,14.0
3120068,사가정역,11260,944293896.0,91431.0,10327.940151589723,0.8467667436489608,0.8492063492063492,0.40476190476190477,0.5,0.39285714285714285,0.623015873015873,0.5714285714285714,0.16666666666666666,0.32936507936507936,0.8134920634920635,BRD_20161137,명랑시대쌀핫도그,0.8983833718244804,False,810.2228088748763,42.201895677975386,26,49,0.7759815242494226,True,0.8828983833718245,0.8725750577367206,0.8622517321016165,16.0,16.0,19.0,17.0,False,direct_size_estimation_deferred,매장 면적·좌석·점포별 매출이 없어 규모별 적합도와 argmax 규모는 산출하지 않음,0.3916070738072952,0.976905311778291,usable_area_profile,True,familiar,True,0.6814376443418013,15.0
3120081,노원역,11350,1459224642.0,143889.0,10141.32172716469,0.8973441108545035,0.8928571428571429,0.08333333333333333,0.7222222222222222,0.9444444444444444,0.7777777777777778,0.30158730158730157,0.38095238095238093,0.4444444444444444,0.6071428571428571,BRD_20161137,명랑시대쌀핫도그,0.5173210161662818,False,1044.7057002098738,36.878177844323965,34,60,0.8556581986143187,True,0.6313279445727482,0.7073325635103926,0.783337182448037,119.0,66.0,38.0,74.33333333333333,False,direct_size_estimation_deferred,매장 면적·좌석·점포별 매출이 없어 규모별 적합도와 argmax 규모는 산출하지 않음,0.3917357105178235,0.9745958429561201,usable_area_profile,True,familiar,True,0.6807448036951502,16.0
3110892,관악구 중앙길,11620,913081619.0,87290.0,10460.323278726086,0.8403002309468822,0.6944444444444444,0.5833333333333334,0.49603174603174605,0.8611111111111112,0.9801587301587301,0.8690476190476191,0.027777777777777776,0.051587301587301584,0.3412698412698413,BRD_20161137,명랑시대쌀핫도그,0.31755196304849886,False,1865.6433206837887,165.92166821826325,24,76,0.401270207852194,True,0.4743764434180138,0.5789260969976906,0.6834757505773671,198.0,128.0,79.0,135.0,False,direct_size_estimation_deferred,매장 면적·좌석·점포별 매출이 없어 규모별 적합도와 argmax 규모는 산출하지 않음,0.5933837272976011,0.8775981524249423,usable_area_profile,True,familiar,True,0.6764434180138568,17.0
3120079,창동역,11320,765698620.0,76216.0,10046.428833840664,0.8071593533487298,0.7182539682539683,0.11904761904761904,0.6071428571428571,0.25793650793650796,0.3611111111111111,0.24603174603174602,0.19047619047619047,0.4246031746031746,0.9126984126984127,BRD_20161137,명랑시대쌀핫도그,0.2806004618937644,False,2137.8973315270637,91.21403398036323,16,24,0.3862586605080831,True,0.438568129330254,0.543879907621247,0.6491916859122402,222.0,155.0,100.0,159.0,False,direct_size_estimation_deferred,매장 면적·좌석·점포별 매출이 없어 규모별 적합도와 argmax 규모는 산출하지 않음,0.5781045856068885,0.8822170900692841,usable_area_profile,True,familiar,True,0.6731812933025404,18.0
3120056,구의역,11215,311680026.0,30426.0,10243.871228554526,0.5764434180138568,0.8650793650793651,0.5238095238095238,0.6309523809523809,0.7698412698412699,0.9087301587301587,0.7023809523809523,0.1388888888888889,0.0992063492063492,0.6031746031746031,BRD_20161137,명랑시대쌀핫도그,0.6293302540415704,False,1373.8722648482633,109.93179701028201,24,62,0.4867205542725173,True,0.6134642032332562,0.6028868360277135,0.5923094688221708,125.0,110.0,133.0,122.66666666666667,False,direct_size_estimation_deferred,매장 면적·좌석·점포별 매출이 없어 규모별 적합도와 argmax 규모는 산출하지 않음,0.22100181452207732,0.9976905311778291,usable_area_profile,True,familiar,True,0.669717090069284,19.0
3110792,영등포역 2번,11560,248320575.0,31295.0,7934.832241572136,0.5072748267898384,0.8571428571428571,0.7698412698412699,0.5277777777777778,0.23809523809523808,0.9007936507936508,0.9761904761904762,0.3373015873015873,0.047619047619047616,0.25,BRD_20161137,명랑시대쌀핫도그,0.19168591224018475,False,864.0468736892898,211.72859988097136,18,54,0.2759815242494227,True,0.28636258660508085,0.34948036951501155,0.41259815242494224,300.0,281.0,237.0,272.6666666666667,False,direct_size_estimation_deferred,매장 면적·좌석·점포별 매출이 없어 규모별 적합도와 argmax 규모는 산출하지 않음,0.4291634842769528,0.9676674364896074,usable_area_profile,True,familiar,True,0.6660219399538108,20.0
3130072,성동용답상가시장,11200,441220675.0,42751.0,10320.710041870365,0.6748267898383372,0.9206349206349206,0.38492063492063494,0.5555555555555556,0.9920634920634921,0.9841269841269841,0.9563492063492064,0.10317460317460317,0.015873015873015872,0.07936507936507936,BRD_20150085,못난이꽈배기,0.08083140877598152,False,2892.74195186878,135.0925608781212,10,28,0.14953810623556585,True,0.2590300230946882,0.37782909930715936,0.49662817551963045,351.0,295.0,210.0,285.3333333333333,False,direct_size_estimation_deferred,매장 면적·좌석·점포별 매출이 없어 규모별 적합도와 argmax 규모는 산출하지 않음,0.3306959500379603,0.9953810623556582,usable_area_profile,True,familiar,True,0.7435046189376443,1.0
3120038,약수역,11140,1550178516.0,134777.0,11501.803096967584,0.9235565819861433,0.873015873015873,0.5793650793650794,0.6428571428571429,0.34523809523809523,0.8571428571428571,0.8214285714285714,0.0873015873015873,0.023809523809523808,0.8293650793650794,BRD_20150085,못난이꽈배기,0.14780600461893764,False,1503.820800506147,62.64183906448842,18,44,0.5519630484988453,True,0.38053117782909934,0.5356812933025404,0.6908314087759816,278.0,175.0,92.0,181.66666666666666,False,direct_size_estimation_deferred,매장 면적·좌석·점포별 매출이 없어 규모별 적합도와 argmax 규모는 산출하지 않음,0.3871620414948372,0.9815242494226328,usable_area_profile,True,familiar,True,0.7370092378752887,2.0
3120188,압구정역,11680,1784647410.0,134975.0,13222.058973884052,0.9404157043879908,0.7817460317460317,0.18253968253968253,0.75,0.6468253968253969,0.8531746031746031,0.9206349206349206,0.4365079365079365,0.027777777777777776,0.4880952380952381,BRD_20150085,못난이꽈배기,0.6143187066974596,False,4542.46551997573,98.31073190628577,25,98,0.5329099307159353,True,0.7121478060046189,0.7773672055427252,0.8425866050808314,94.0,46.0,23.0,54.333333333333336,False,direct_size_estimation_deferred,매장 면적·좌석·점포별 매출이 없어 규모별 적합도와 argmax 규모는 산출하지 않음,0.4393230018065868,0.9653579676674365,usable_area_profile,True,familiar,True,0.7343822170900693,3.0
3120166,방배역,11650,1455145059.0,122673.0,11861.983150326478,0.9176674364896074,0.7619047619047619,0.2857142857142857,0.7023809523809523,0.6785714285714286,0.8293650793650794,0.7777777777777778,0.42857142857142855,0.08333333333333333,0.5198412698412699,BRD_20150085,못난이꽈배기,0.9064665127020786,False,8603.508586644733,99.2975326976693,12,28,0.2673210161662818,True,0.9098267898383372,0.912066974595843,0.9143071593533487,6.0,6.0,6.0,6.0,False,direct_size_estimation_deferred,매장 면적·좌석·점포별 매출이 없어 규모별 적합도와 argmax 규모는 산출하지 않음,0.5337359330113832,0.9053117782909931,usable_area_profile,True,familiar,True,0.7325057736720554,4.0
3110883,은천초등학교(은천교앞),11620,384324031.0,36658.0,10484.042528233946,0.6409930715935335,0.6944444444444444,0.5833333333333334,0.49603174603174605,0.8611111111111112,0.9801587301587301,0.8690476190476191,0.027777777777777776,0.051587301587301584,0.3412698412698413,BRD_20150085,못난이꽈배기,0.523094688221709,False,3271.4599187805106,165.06059494972328,13,69,0.17782909930715937,True,0.5584642032332563,0.5820438799076213,0.6056235565819861,172.0,153.0,147.0,157.33333333333334,False,direct_size_estimation_deferred,매장 면적·좌석·점포별 매출이 없어 규모별 적합도와 argmax 규모는 산출하지 않음,0.32903082650102916,0.9976905311778291,usable_area_profile,True,familiar,True,0.732188221709007,5.0
3120246,길동역,11740,916043297.0,88020.0,10407.217643717337,0.8409930715935335,0.8452380952380952,0.06746031746031746,0.7063492063492064,0.38492063492063494,0.6626984126984127,0.7182539682539683,0.5833333333333334,0.06746031746031746,0.6507936507936508,BRD_20150085,못난이꽈배기,0.7482678983833718,False,1892.7213212797053,87.92041856413586,26,72,0.5750577367205543,True,0.7760854503464203,0.7946304849884527,0.8131755196304851,52.0,36.0,34.0,40.666666666666664,False,direct_size_estimation_deferred,매장 면적·좌석·점포별 매출이 없어 규모별 적합도와 argmax 규모는 산출하지 않음,0.3730917297765073,0.9884526558891455,usable_area_profile,True,familiar,True,0.7170612009237874,6.0
3110640,방화역 1번,11500,671414576.0,62982.0,10660.420056524086,0.7871824480369516,0.8373015873015873,0.23809523809523808,0.623015873015873,0.32142857142857145,0.8333333333333334,0.9246031746031746,0.46825396825396826,0.05555555555555555,0.42063492063492064,BRD_20150085,못난이꽈배기,0.6685912240184757,False,6159.169180995635,241.56986569432095,5,25,0.02482678983833718,True,0.7041685912240184,0.7278868360277136,0.7516050808314088,97.0,64.0,58.0,73.0,False,direct_size_estimation_deferred,매장 면적·좌석·점포별 매출이 없어 규모별 적합도와 argmax 규모는 산출하지 않음,0.5964101062762169,0.8545034642032332,usable_area_profile,True,familiar,True,0.7057736720554273,7.0
3111021,방이역 4번,11710,394829518.0,38606.0,10227.154276537325,0.6466512702078522,0.8531746031746031,0.13095238095238096,0.6746031746031746,0.9325396825396826,0.8928571428571429,0.7063492063492064,0.4087301587301587,0.03968253968253968,0.5436507936507936,BRD_20150085,못난이꽈배기,0.3325635103926097,False,4552.696453771779,115.2085066609535,15,51,0.2996535796766744,True,0.4267898383371824,0.4896073903002309,0.5524249422632794,245.0,209.0,178.0,210.66666666666666,False,direct_size_estimation_deferred,매장 면적·좌석·점포별 매출이 없어 규모별 적합도와 argmax 규모는 산출하지 않음,0.3914032834437099,0.9792147806004619,usable_area_profile,True,familiar,True,0.7042436489607389,8.0
3120152,신대방삼거리역,11590,953145793.0,102228.0,9323.72532965528,0.8353348729792147,0.8611111111111112,0.5158730158730159,0.42857142857142855,0.753968253968254,0.9563492063492064,0.6626984126984127,0.11507936507936507,0.09523809523809523,0.5674603174603174,BRD_20150085,못난이꽈배기,0.7863741339491916,False,2314.6094703200083,79.30952023733208,18,47,0.47921478060046185,True,0.8010623556581985,0.8108545034642032,0.8206466512702077,43.0,32.0,31.0,35.333333333333336,False,direct_size_estimation_deferred,매장 면적·좌석·점포별 매출이 없어 규모별 적합도와 argmax 규모는 산출하지 않음,0.4756097975641424,0.9422632794457275,usable_area_profile,True,familiar,True,0.7023094688221709,9.0
3120133,서울시흥동우체국(홈플러스시흥점),11545,637795918.0,60754.0,10498.00701188399,0.7765588914549653,0.753968253968254,0.7420634920634921,0.3531746031746032,0.24206349206349206,0.8690476190476191,0.873015873015873,0.04365079365079365,0.13095238095238096,0.6785714285714286,BRD_20150085,못난이꽈배기,0.10739030023094688,False,4784.076190883346,60.20797286767192,15,45,0.48325635103926096,True,0.30814087759815234,0.44197459584295606,0.5758083140877597,324.0,248.0,166.0,246.0,False,direct_size_estimation_deferred,매장 면적·좌석·점포별 매출이 없어 규모별 적합도와 argmax 규모는 산출하지 않음,0.4386109059252868,0.9676674364896074,usable_area_profile,True,familiar,True,0.7022517321016166,10.0
3110601,신월1동우편취급국,11470,441016625.0,40173.0,10977.93605157693,0.6785219399538106,0.8055555555555556,0.2222222222222222,0.5158730158730159,0.5873015873015873,0.5079365079365079,0.2896825396825397,0.4801587301587302,0.30952380952380953,0.7738095238095238,BRD_20150085,못난이꽈배기,0.9803695150115473,False,2903.0759548884653,258.54980178856624,8,40,0.048498845265588904,True,0.8898152424942263,0.829445727482679,0.7690762124711316,13.0,26.0,47.0,28.666666666666668,False,direct_size_estimation_deferred,매장 면적·좌석·점포별 매출이 없어 규모별 적합도와 argmax 규모는 산출하지 않음,0.5603366587453068,0.8914549653579676,usable_area_profile,True,familiar,True,0.6972286374133949,11.0
3120124,개봉동 현대아파트,11530,436251391.0,40258.0,10836.390059118685,0.6745958429561202,0.8412698412698413,0.8373015873015873,0.5753968253968254,0.5238095238095238,0.7579365079365079,0.7380952380952381,0.18253968253968253,0.12698412698412698,0.7658730158730159,BRD_20150085,못난이꽈배기,0.48729792147806006,False,4105.606897869199,107.00467282129758,11,24,0.2263279445727483,True,0.543487297921478,0.5809468822170901,0.618406466512702,182.0,154.0,133.0,156.33333333333334,False,direct_size_estimation_deferred,매장 면적·좌석·점포별 매출이 없어 규모별 적합도와 argmax 규모는 산출하지 않음,0.5014777276043568,0.9330254041570438,usable_area_profile,True,familiar,True,0.6945150115473441,12.0
3120068,사가정역,11260,944293896.0,91431.0,10327.940151589723,0.8467667436489608,0.8492063492063492,0.40476190476190477,0.5,0.39285714285714285,0.623015873015873,0.5714285714285714,0.16666666666666666,0.32936507936507936,0.8134920634920635,BRD_20150085,못난이꽈배기,0.9445727482678984,False,2825.635680691528,42.201895677975386,26,50,0.7713625866050808,True,0.9152309468822171,0.8956697459584295,0.876108545034642,4.0,10.0,13.0,9.0,False,direct_size_estimation_deferred,매장 면적·좌석·점포별 매출이 없어 규모별 적합도와 argmax 규모는 산출하지 않음,0.3603219087556254,0.9907621247113164,usable_area_profile,True,familiar,True,0.6904445727482679,13.0
3120069,상봉역,11260,1511381851.0,142985.0,10570.212616708046,0.9086605080831409,0.8492063492063492,0.40476190476190477,0.5,0.39285714285714285,0.623015873015873,0.5714285714285714,0.16666666666666666,0.32936507936507936,0.8134920634920635,BRD_20150085,못난이꽈배기,0.9445727482678984,False,2726.7689671002063,89.18520055817115,16,56,0.3920323325635104,True,0.933799076212471,0.9266166281755197,0.9194341801385681,1.0,2.0,4.0,2.3333333333333335,True,direct_size_estimation_deferred,매장 면적·좌석·점포별 매출이 없어 규모별 적합도와 argmax 규모는 산출하지 않음,0.5862091712384087,0.8660508083140878,usable_area_profile,True,familiar,True,0.6879907621247112,14.0
3130222,오류시장,11530,677800421.0,66656.0,10168.633296327413,0.7894919168591223,0.8412698412698413,0.8373015873015873,0.5753968253968254,0.5238095238095238,0.7579365079365079,0.7380952380952381,0.18253968253968253,0.12698412698412698,0.7658730158730159,BRD_20150085,못난이꽈배기,0.48729792147806006,False,5119.321244071635,48.414873764798386,14,33,0.5173210161662818,True,0.5779561200923786,0.6383949191685911,0.6988337182448036,160.0,121.0,85.0,122.0,False,direct_size_estimation_deferred,매장 면적·좌석·점포별 매출이 없어 규모별 적합도와 argmax 규모는 산출하지 않음,0.4687418204172714,0.9445727482678984,usable_area_profile,True,familiar,True,0.6865184757505773,15.0
3120079,창동역,11320,765698620.0,76216.0,10046.428833840664,0.8071593533487298,0.7182539682539683,0.11904761904761904,0.6071428571428571,0.25793650793650796,0.3611111111111111,0.24603174603174602,0.19047619047619047,0.4246031746031746,0.9126984126984127,BRD_20150085,못난이꽈배기,0.1951501154734411,False,2357.8244209390855,91.21403398036323,16,24,0.38394919168591224,True,0.3787528868360277,0.5011547344110855,0.6235565819861432,279.0,201.0,129.0,203.0,False,direct_size_estimation_deferred,매장 면적·좌석·점포별 매출이 없어 규모별 적합도와 argmax 규모는 산출하지 않음,0.5362268884726961,0.9030023094688222,usable_area_profile,True,familiar,True,0.685998845265589,16.0
3120080,마들역,11350,1045100686.0,106340.0,9827.916926838443,0.858891454965358,0.8928571428571429,0.08333333333333333,0.7222222222222222,0.9444444444444444,0.7777777777777778,0.30158730158730157,0.38095238095238093,0.4444444444444444,0.6071428571428571,BRD_20150085,못난이꽈배기,0.3810623556581986,False,4073.312288537361,45.607017023633105,8,32,0.4087759815242494,True,0.5244110854503464,0.6199769053117783,0.7155427251732102,193.0,134.0,75.0,134.0,False,direct_size_estimation_deferred,매장 면적·좌석·점포별 매출이 없어 규모별 적합도와 argmax 규모는 산출하지 않음,0.5662193349921989,0.8799076212471132,usable_area_profile,True,familiar,True,0.6813510392609701,17.0
3110274,서일대학교,11260,492656087.0,41512.0,11867.79935922143,0.7133949191685912,0.8492063492063492,0.40476190476190477,0.5,0.39285714285714285,0.623015873015873,0.5714285714285714,0.16666666666666666,0.32936507936507936,0.8134920634920635,BRD_20150085,못난이꽈배기,0.9445727482678984,False,3597.0401721350363,101.51354588565466,6,29,0.16801385681293304,True,0.8752193995381061,0.8289838337182448,0.7827482678983833,22.0,27.0,41.0,30.0,False,direct_size_estimation_deferred,매장 면적·좌석·점포별 매출이 없어 규모별 적합도와 argmax 규모는 산출하지 않음,0.5681652896750061,0.8775981524249423,usable_area_profile,True,familiar,True,0.6797055427251731,18.0
3120009,종로3가역,11110,773341001.0,64864.0,11922.499398741984,0.8273672055427251,0.876984126984127,0.42857142857142855,0.503968253968254,0.75,0.9444444444444444,0.8531746031746031,0.2619047619047619,0.05952380952380952,0.3611111111111111,BRD_20150085,못난이꽈배기,0.8614318706697459,False,1245.8703784878712,125.80143085865113,24,103,0.45381062355658197,True,0.8512124711316396,0.8443995381062355,0.8375866050808313,25.0,21.0,27.0,24.333333333333332,False,direct_size_estimation_deferred,매장 면적·좌석·점포별 매출이 없어 규모별 적합도와 argmax 규모는 산출하지 않음,0.5520235291686608,0.8960739030023095,usable_area_profile,True,familiar,True,0.6764145496535796,19.0
3120081,노원역,11350,1459224642.0,143889.0,10141.32172716469,0.8973441108545035,0.8928571428571429,0.08333333333333333,0.7222222222222222,0.9444444444444444,0.7777777777777778,0.30158730158730157,0.38095238095238093,0.4444444444444444,0.6071428571428571,BRD_20150085,못난이꽈배기,0.3810623556581986,False,3528.877583593766,36.878177844323965,34,60,0.8550808314087759,True,0.5359468822170901,0.6392032332563511,0.742459584295612,186.0,119.0,62.0,122.33333333333333,False,direct_size_estimation_deferred,매장 면적·좌석·점포별 매출이 없어 규모별 적합도와 argmax 규모는 산출하지 않음,0.449068338159107,0.9607390300230947,usable_area_profile,True,familiar,True,0.6725173210161662,20.0
3120166,방배역,11650,1455145059.0,122673.0,11861.983150326478,0.9176674364896074,0.7619047619047619,0.2857142857142857,0.7023809523809523,0.6785714285714286,0.8293650793650794,0.7777777777777778,0.42857142857142855,0.08333333333333333,0.5198412698412699,BRD_20240814,보리원,0.9780600461893765,False,3921.2468680019656,99.2975326976693,12,28,0.2678983833718245,True,0.9599422632794457,0.9478637413394919,0.935785219399538,3.0,3.0,3.0,3.0,False,direct_size_estimation_deferred,매장 면적·좌석·점포별 매출이 없어 규모별 적합도와 argmax 규모는 산출하지 않음,0.44065613767788553,0.953810623556582,usable_area_profile,True,familiar,True,0.7615184757505773,1.0
3130072,성동용답상가시장,11200,441220675.0,42751.0,10320.710041870365,0.6748267898383372,0.9206349206349206,0.38492063492063494,0.5555555555555556,0.9920634920634921,0.9841269841269841,0.9563492063492064,0.10317460317460317,0.015873015873015872,0.07936507936507936,BRD_20240814,보리원,0.08083140877598152,False,4078.776899966216,135.0925608781212,10,28,0.1489607390300231,True,0.2590300230946882,0.37782909930715936,0.49662817551963045,360.0,304.0,218.0,294.0,False,direct_size_estimation_deferred,매장 면적·좌석·점포별 매출이 없어 규모별 적합도와 argmax 규모는 산출하지 않음,0.2991908625752601,0.9976905311778291,usable_area_profile,True,familiar,True,0.7449769053117783,2.0
3120188,압구정역,11680,1784647410.0,134975.0,13222.058973884052,0.9404157043879908,0.7817460317460317,0.18253968253968253,0.75,0.6468253968253969,0.8531746031746031,0.9206349206349206,0.4365079365079365,0.027777777777777776,0.4880952380952381,BRD_20240814,보리원,0.8498845265588915,False,791.0935469567722,98.31073190628577,25,97,0.5323325635103926,True,0.8770438799076212,0.8951501154734411,0.9132563510392611,17.0,12.0,6.0,11.666666666666666,False,direct_size_estimation_deferred,매장 면적·좌석·점포별 매출이 없어 규모별 적합도와 argmax 규모는 산출하지 않음,0.35865459914549525,0.9792147806004619,usable_area_profile,True,familiar,True,0.7427829099307159,3.0
3120038,약수역,11140,1550178516.0,134777.0,11501.803096967584,0.9235565819861433,0.873015873015873,0.5793650793650794,0.6428571428571429,0.34523809523809523,0.8571428571428571,0.8214285714285714,0.0873015873015873,0.023809523809523808,0.8293650793650794,BRD_20240814,보리원,0.23094688221709006,False,2948.25456839347,62.64183906448842,18,44,0.5502309468822171,True,0.43872979214780605,0.5772517321016167,0.7157736720554273,249.0,146.0,79.0,158.0,False,direct_size_estimation_deferred,매장 면적·좌석·점포별 매출이 없어 규모별 적합도와 argmax 규모는 산출하지 않음,0.3995158892122518,0.9722863741339491,usable_area_profile,True,familiar,True,0.7317263279445728,4.0
3110883,은천초등학교(은천교앞),11620,384324031.0,36658.0,10484.042528233946,0.6409930715935335,0.6944444444444444,0.5833333333333334,0.49603174603174605,0.8611111111111112,0.9801587301587301,0.8690476190476191,0.027777777777777776,0.051587301587301584,0.3412698412698413,BRD_20240814,보리원,0.27829099307159355,False,7319.942964247961,165.06059494972328,13,69,0.17782909930715937,True,0.38710161662817555,0.4596420323325635,0.5321824480369515,284.0,242.0,192.0,239.33333333333334,False,direct_size_estimation_deferred,매장 면적·좌석·점포별 매출이 없어 규모별 적합도와 argmax 규모는 산출하지 않음,0.29937663835157374,0.9953810623556582,usable_area_profile,True,familiar,True,0.7308025404157044,5.0
3110274,서일대학교,11260,492656087.0,41512.0,11867.79935922143,0.7133949191685912,0.8492063492063492,0.40476190476190477,0.5,0.39285714285714285,0.623015873015873,0.5714285714285714,0.16666666666666666,0.32936507936507936,0.8134920634920635,BRD_20240814,보리원,0.8983833718244804,False,8822.190940988534,101.51354588565466,6,29,0.16801385681293304,True,0.8428868360277135,0.8058891454965358,0.7688914549653578,31.0,34.0,47.0,37.333333333333336,False,direct_size_estimation_deferred,매장 면적·좌석·점포별 매출이 없어 규모별 적합도와 argmax 규모는 산출하지 않음,0.4602210061268786,0.9399538106235565,usable_area_profile,True,familiar,True,0.7171189376443416,6.0
3120133,서울시흥동우체국(홈플러스시흥점),11545,637795918.0,60754.0,10498.00701188399,0.7765588914549653,0.753968253968254,0.7420634920634921,0.3531746031746032,0.24206349206349206,0.8690476190476191,0.873015873015873,0.04365079365079365,0.13095238095238096,0.6785714285714286,BRD_20240814,보리원,0.10739030023094688,False,8542.295944309744,60.20797286767192,15,45,0.4821016166281755,True,0.30814087759815234,0.44197459584295606,0.5758083140877597,333.0,258.0,160.0,250.33333333333334,False,direct_size_estimation_deferred,매장 면적·좌석·점포별 매출이 없어 규모별 적합도와 argmax 규모는 산출하지 않음,0.32351075287717646,0.9907621247113164,usable_area_profile,True,familiar,True,0.7162817551963048,7.0
3111021,방이역 4번,11710,394829518.0,38606.0,10227.154276537325,0.6466512702078522,0.8531746031746031,0.13095238095238096,0.6746031746031746,0.9325396825396826,0.8928571428571429,0.7063492063492064,0.4087301587301587,0.03968253968253968,0.5436507936507936,BRD_20240814,보리원,0.535796766743649,False,2343.1269704948973,115.2085066609535,15,51,0.2984988452655889,True,0.5690531177829099,0.5912240184757506,0.6133949191685911,170.0,139.0,137.0,148.66666666666666,False,direct_size_estimation_deferred,매장 면적·좌석·점포별 매출이 없어 규모별 적합도와 argmax 규모는 산출하지 않음,0.312242560341089,0.9930715935334873,usable_area_profile,True,familiar,True,0.712730946882217,8.0
3110640,방화역 1번,11500,671414576.0,62982.0,10660.420056524086,0.7871824480369516,0.8373015873015873,0.23809523809523808,0.623015873015873,0.32142857142857145,0.8333333333333334,0.9246031746031746,0.46825396825396826,0.05555555555555555,0.42063492063492064,BRD_20240814,보리원,0.7124711316397229,False,7534.033846487662,241.56986569432095,5,25,0.02482678983833718,True,0.7348845265588915,0.7498267898383373,0.764769053117783,75.0,61.0,51.0,62.333333333333336,False,direct_size_estimation_deferred,매장 면적·좌석·점포별 매출이 없어 규모별 적합도와 argmax 규모는 산출하지 않음,0.5774194410920032,0.8637413394919169,usable_area_profile,True,familiar,True,0.7113163972286375,9.0
3120124,개봉동 현대아파트,11530,436251391.0,40258.0,10836.390059118685,0.6745958429561202,0.8412698412698413,0.8373015873015873,0.5753968253968254,0.5238095238095238,0.7579365079365079,0.7380952380952381,0.18253968253968253,0.12698412698412698,0.7658730158730159,BRD_20240814,보리원,0.45265588914549654,False,4191.583113839765,107.00467282129758,11,24,0.22690531177829099,True,0.5192378752886836,0.5636258660508083,0.6080138568129331,201.0,157.0,143.0,167.0,False,direct_size_estimation_deferred,매장 면적·좌석·점포별 매출이 없어 규모별 적합도와 argmax 규모는 산출하지 않음,0.4691981248232041,0.9376443418013857,usable_area_profile,True,familiar,True,0.6971997690531178,10.0
3120152,신대방삼거리역,11590,953145793.0,102228.0,9323.72532965528,0.8353348729792147,0.8611111111111112,0.5158730158730159,0.42857142857142855,0.753968253968254,0.9563492063492064,0.6626984126984127,0.11507936507936507,0.09523809523809523,0.5674603174603174,BRD_20240814,보리원,0.48614318706697457,False,5869.291098577021,79.30952023733208,18,47,0.4774826789838337,True,0.5909006928406466,0.6607390300230946,0.7305773672055426,154.0,101.0,72.0,109.0,False,direct_size_estimation_deferred,매장 면적·좌석·점포별 매출이 없어 규모별 적합도와 argmax 규모는 산출하지 않음,0.48328195122572165,0.9330254041570438,usable_area_profile,True,familiar,True,0.6970265588914549,11.0
3120246,길동역,11740,916043297.0,88020.0,10407.217643717337,0.8409930715935335,0.8452380952380952,0.06746031746031746,0.7063492063492064,0.38492063492063494,0.6626984126984127,0.7182539682539683,0.5833333333333334,0.06746031746031746,0.6507936507936508,BRD_20240814,보리원,0.7551963048498845,False,5347.599928910274,87.92041856413586,26,72,0.5750577367205543,True,0.7809353348729792,0.798094688221709,0.8152540415704388,57.0,37.0,35.0,43.0,False,direct_size_estimation_deferred,매장 면적·좌석·점포별 매출이 없어 규모별 적합도와 argmax 규모는 산출하지 않음,0.4592026892981232,0.9422632794457275,usable_area_profile,True,familiar,True,0.6893475750577367,12.0
3110601,신월1동우편취급국,11470,441016625.0,40173.0,10977.93605157693,0.6785219399538106,0.8055555555555556,0.2222222222222222,0.5158730158730159,0.5873015873015873,0.5079365079365079,0.2896825396825397,0.4801587301587302,0.30952380952380953,0.7738095238095238,BRD_20240814,보리원,0.9341801385681293,False,2911.418898088187,258.54980178856624,8,40,0.048498845265588904,True,0.8574826789838337,0.80635103926097,0.7552193995381061,24.0,33.0,59.0,38.666666666666664,False,direct_size_estimation_deferred,매장 면적·좌석·점포별 매출이 없어 규모별 적합도와 argmax 규모는 산출하지 않음,0.5462076953751279,0.8775981524249423,usable_area_profile,True,familiar,True,0.6889145496535797,13.0
3120009,종로3가역,11110,773341001.0,64864.0,11922.499398741984,0.8273672055427251,0.876984126984127,0.42857142857142855,0.503968253968254,0.75,0.9444444444444444,0.8531746031746031,0.2619047619047619,0.05952380952380952,0.3611111111111111,BRD_20240814,보리원,0.5912240184757506,False,5515.241155210233,125.80143085865113,24,103,0.4532332563510392,True,0.662066974595843,0.7092956120092379,0.7565242494226327,117.0,80.0,56.0,84.33333333333333,False,direct_size_estimation_deferred,매장 면적·좌석·점포별 매출이 없어 규모별 적합도와 argmax 규모는 산출하지 않음,0.5079395509806619,0.9145496535796767,usable_area_profile,True,familiar,True,0.6875866050808314,14.0
3130222,오류시장,11530,677800421.0,66656.0,10168.633296327413,0.7894919168591223,0.8412698412698413,0.8373015873015873,0.5753968253968254,0.5238095238095238,0.7579365079365079,0.7380952380952381,0.18253968253968253,0.12698412698412698,0.7658730158730159,BRD_20240814,보리원,0.45265588914549654,False,3920.7555394660344,48.414873764798386,14,33,0.5161662817551963,True,0.5537066974595842,0.6210739030023095,0.6884411085450345,181.0,125.0,93.0,133.0,False,direct_size_estimation_deferred,매장 면적·좌석·점포별 매출이 없어 규모별 적합도와 argmax 규모는 산출하지 않음,0.45893372208895794,0.9445727482678984,usable_area_profile,True,familiar,True,0.6866916859122402,15.0
3120201,도곡1동,11680,649721874.0,58337.0,11137.38920410717,0.7846420323325634,0.7817460317460317,0.18253968253968253,0.75,0.6468253968253969,0.8531746031746031,0.9206349206349206,0.4365079365079365,0.027777777777777776,0.4880952380952381,BRD_20240814,보리원,0.8498845265588915,False,2402.284953935616,87.09190547353441,10,65,0.2644341801385681,True,0.830311778290993,0.8172632794457274,0.8042147806004618,35.0,30.0,38.0,34.333333333333336,False,direct_size_estimation_deferred,매장 면적·좌석·점포별 매출이 없어 규모별 적합도와 argmax 규모는 산출하지 않음,0.560976190678183,0.8752886836027713,usable_area_profile,True,familiar,True,0.6816685912240185,16.0
3110243,중랑노인종합복지관,11260,245308379.0,21354.0,11487.701554743842,0.5138568129330254,0.8492063492063492,0.40476190476190477,0.5,0.39285714285714285,0.623015873015873,0.5714285714285714,0.16666666666666666,0.32936507936507936,0.8134920634920635,BRD_20240814,보리원,0.8983833718244804,False,7525.962064707626,105.41821475311895,13,37,0.2678983833718245,True,0.7830254041570438,0.706120092378753,0.6292147806004619,56.0,82.0,128.0,88.66666666666667,False,direct_size_estimation_deferred,매장 면적·좌석·점포별 매출이 없어 규모별 적합도와 argmax 규모는 산출하지 않음,0.3325701553607147,0.9838337182448037,usable_area_profile,True,familiar,True,0.6785796766743649,17.0
3111005,삼전역 3번,11710,233054769.0,25337.0,9198.19903698149,0.48152424942263283,0.8531746031746031,0.13095238095238096,0.6746031746031746,0.9325396825396826,0.8928571428571429,0.7063492063492064,0.4087301587301587,0.03968253968253968,0.5436507936507936,BRD_20240814,보리원,0.535796766743649,False,1296.9583648023488,198.59506540938497,7,54,0.053117782909930716,True,0.5195150115473441,0.5086605080831409,0.49780600461893765,200.0,205.0,216.0,207.0,False,direct_size_estimation_deferred,매장 면적·좌석·점포별 매출이 없어 규모별 적합도와 argmax 규모는 산출하지 않음,0.4758484918133159,0.9353348729792148,usable_area_profile,True,familiar,True,0.6736143187066975,18.0
3120112,등촌역,11470,402129603.0,41146.0,9773.236839546978,0.6467667436489607,0.8055555555555556,0.2222222222222222,0.5158730158730159,0.5873015873015873,0.5079365079365079,0.2896825396825397,0.4801587301587302,0.30952380952380953,0.7738095238095238,BRD_20240814,보리원,0.9341801385681293,False,2890.6694726146816,105.11898021717178,22,49,0.46362586605080836,True,0.8479561200923786,0.790473441108545,0.7329907621247111,25.0,42.0,71.0,46.0,False,direct_size_estimation_deferred,매장 면적·좌석·점포별 매출이 없어 규모별 적합도와 argmax 규모는 산출하지 않음,0.4122042045742292,0.9676674364896074,usable_area_profile,True,familiar,True,0.6727482678983834,19.0
3120079,창동역,11320,765698620.0,76216.0,10046.428833840664,0.8071593533487298,0.7182539682539683,0.11904761904761904,0.6071428571428571,0.25793650793650796,0.3611111111111111,0.24603174603174602,0.19047619047619047,0.4246031746031746,0.9126984126984127,BRD_20240814,보리원,0.1836027713625866,False,13402.245819241702,91.21403398036323,16,24,0.38394919168591224,True,0.37066974595842955,0.4953810623556582,0.6200923787528868,290.0,218.0,134.0,214.0,False,direct_size_estimation_deferred,매장 면적·좌석·점포별 매출이 없어 규모별 적합도와 argmax 규모는 산출하지 않음,0.5384447679160108,0.8799076212471132,usable_area_profile,True,familiar,True,0.6721420323325635,20.0
3120188,압구정역,11680,1784647410.0,134975.0,13222.058973884052,0.9404157043879908,0.7817460317460317,0.18253968253968253,0.75,0.6468253968253969,0.8531746031746031,0.9206349206349206,0.4365079365079365,0.027777777777777776,0.4880952380952381,BRD_20212010,복호두,0.7621247113163973,False,1805.3523201613307,98.31073190628577,25,98,0.5346420323325635,True,0.8156120092378754,0.8512702078521941,0.8869284064665127,33.0,16.0,9.0,19.333333333333332,False,direct_size_estimation_deferred,매장 면적·좌석·점포별 매출이 없어 규모별 적합도와 argmax 규모는 산출하지 않음,0.4596032182021854,0.9815242494226328,usable_area_profile,True,familiar,True,0.7438221709006929,1.0
3110892,관악구 중앙길,11620,913081619.0,87290.0,10460.323278726086,0.8403002309468822,0.6944444444444444,0.5833333333333334,0.49603174603174605,0.8611111111111112,0.9801587301587301,0.8690476190476191,0.027777777777777776,0.051587301587301584,0.3412698412698413,BRD_20212010,복호두,0.4214780600461894,False,517.8667782269916,165.92166821826325,24,75,0.3995381062355658,True,0.5471247113163972,0.6308891454965357,0.7146535796766743,164.0,109.0,67.0,113.33333333333333,False,direct_size_estimation_deferred,매장 면적·좌석·점포별 매출이 없어 규모별 적합도와 argmax 규모는 산출하지 않음,0.5083572815130591,0.9653579676674365,usable_area_profile,True,familiar,True,0.7293591224018476,2.0
3130072,성동용답상가시장,11200,441220675.0,42751.0,10320.710041870365,0.6748267898383372,0.9206349206349206,0.38492063492063494,0.5555555555555556,0.9920634920634921,0.9841269841269841,0.9563492063492064,0.10317460317460317,0.015873015873015872,0.07936507936507936,BRD_20212010,복호두,0.06928406466512702,False,1830.3628055619372,135.0925608781212,10,28,0.14953810623556585,True,0.25094688221709005,0.37205542725173213,0.4931639722863741,333.0,279.0,196.0,269.3333333333333,False,direct_size_estimation_deferred,매장 면적·좌석·점포별 매출이 없어 규모별 적합도와 argmax 규모는 산출하지 않음,0.5082546123008196,0.9676674364896074,usable_area_profile,True,familiar,True,0.7268764434180139,3.0
3120009,종로3가역,11110,773341001.0,64864.0,11922.499398741984,0.8273672055427251,0.876984126984127,0.42857142857142855,0.503968253968254,0.75,0.9444444444444444,0.8531746031746031,0.2619047619047619,0.05952380952380952,0.3611111111111111,BRD_20212010,복호두,0.8914549653579676,False,883.4760890729258,125.80143085865113,24,101,0.4549653579676674,True,0.8722286374133948,0.8594110854503464,0.8465935334872978,14.0,14.0,21.0,16.333333333333332,False,direct_size_estimation_deferred,매장 면적·좌석·점포별 매출이 없어 규모별 적합도와 argmax 규모는 산출하지 않음,0.4743697048220879,0.9792147806004619,usable_area_profile,True,familiar,True,0.7261258660508083,4.0
3120037,동대문역사문화공원역,11140,991150857.0,75063.0,13204.253187322649,0.8695150115473441,0.873015873015873,0.5793650793650794,0.6428571428571429,0.34523809523809523,0.8571428571428571,0.8214285714285714,0.0873015873015873,0.023809523809523808,0.8293650793650794,BRD_20212010,복호두,0.20092378752886836,False,1515.5969121096532,125.25573836405046,15,74,0.2823325635103926,True,0.40150115473441106,0.5352193995381063,0.6689376443418014,242.0,163.0,92.0,165.66666666666666,False,direct_size_estimation_deferred,매장 면적·좌석·점포별 매출이 없어 규모별 적합도와 argmax 규모는 산출하지 않음,0.6201938961004013,0.9122401847575058,usable_area_profile,True,familiar,True,0.7223729792147806,5.0
3120107,공덕역(공덕오거리),11440,1051109080.0,111230.0,9449.870358716174,0.8578521939953809,0.9404761904761905,0.4246031746031746,0.5833333333333334,0.9642857142857143,0.9880952380952381,0.9841269841269841,0.1111111111111111,0.011904761904761904,0.051587301587301584,BRD_20212010,복호두,0.11662817551963048,False,596.6875229200489,80.05623025110103,24,76,0.5773672055427252,True,0.3389953810623556,0.4872401847575057,0.6354849884526558,293.0,190.0,109.0,197.33333333333334,False,direct_size_estimation_deferred,매장 면적·좌석·점포별 매출이 없어 규모별 적합도와 argmax 규모는 산출하지 않음,0.4240967202122785,0.9907621247113164,usable_area_profile,True,familiar,True,0.7223152424942262,6.0
3120175,남부터미널역,11650,960650667.0,103198.0,9308.810897498013,0.8390300230946882,0.7619047619047619,0.2857142857142857,0.7023809523809523,0.6785714285714286,0.8293650793650794,0.7777777777777778,0.42857142857142855,0.08333333333333333,0.5198412698412699,BRD_20212010,복호두,0.9780600461893765,False,1521.3474290882043,49.929950906089985,13,46,0.4826789838337182,True,0.93635103926097,0.9085450346420323,0.8807390300230946,5.0,7.0,10.0,7.333333333333333,False,direct_size_estimation_deferred,매장 면적·좌석·점포별 매출이 없어 규모별 적합도와 argmax 규모는 산출하지 않음,0.546852503068328,0.9468822170900693,usable_area_profile,True,familiar,True,0.7054849884526558,7.0
3111005,삼전역 3번,11710,233054769.0,25337.0,9198.19903698149,0.48152424942263283,0.8531746031746031,0.13095238095238096,0.6746031746031746,0.9325396825396826,0.8928571428571429,0.7063492063492064,0.4087301587301587,0.03968253968253968,0.5436507936507936,BRD_20212010,복호두,0.47344110854503463,False,571.496281689332,198.59506540938497,7,53,0.05369515011547344,True,0.4758660508083141,0.47748267898383373,0.47909930715935334,202.0,197.0,205.0,201.33333333333334,False,direct_size_estimation_deferred,매장 면적·좌석·점포별 매출이 없어 규모별 적합도와 argmax 규모는 산출하지 않음,0.48199305690888294,0.976905311778291,usable_area_profile,True,familiar,True,0.6984699769053117,8.0
3110810,영신초등학교,11560,325709619.0,29453.0,11058.62285675483,0.5928406466512702,0.8571428571428571,0.7698412698412699,0.5277777777777778,0.23809523809523808,0.9007936507936508,0.9761904761904762,0.3373015873015873,0.047619047619047616,0.25,BRD_20212010,복호두,0.2840646651270208,False,1525.260633494801,74.63243262412867,11,41,0.3441108545034642,True,0.37669745958429557,0.4384526558891455,0.5002078521939953,259.0,232.0,191.0,227.33333333333334,False,direct_size_estimation_deferred,매장 면적·좌석·점포별 매출이 없어 규모별 적합도와 argmax 규모는 산출하지 않음,0.44622229775283795,0.9861431870669746,usable_area_profile,True,familiar,True,0.6882794457274827,9.0
3110883,은천초등학교(은천교앞),11620,384324031.0,36658.0,10484.042528233946,0.6409930715935335,0.6944444444444444,0.5833333333333334,0.49603174603174605,0.8611111111111112,0.9801587301587301,0.8690476190476191,0.027777777777777776,0.051587301587301584,0.3412698412698413,BRD_20212010,복호두,0.4214780600461894,False,1706.5676078069077,165.06059494972328,13,69,0.17898383371824483,True,0.48733256351039256,0.5312355658198614,0.5751385681293302,196.0,168.0,152.0,172.0,False,direct_size_estimation_deferred,매장 면적·좌석·점포별 매출이 없어 규모별 적합도와 argmax 규모는 산출하지 않음,0.60847021135816,0.9168591224018476,usable_area_profile,True,familiar,True,0.6835161662817552,10.0
3120166,방배역,11650,1455145059.0,122673.0,11861.983150326478,0.9176674364896074,0.7619047619047619,0.2857142857142857,0.7023809523809523,0.6785714285714286,0.8293650793650794,0.7777777777777778,0.42857142857142855,0.08333333333333333,0.5198412698412699,BRD_20212010,복호두,0.9780600461893765,False,1588.8955283185733,99.2975326976693,12,28,0.2684757505773672,True,0.9599422632794457,0.9478637413394919,0.935785219399538,2.0,2.0,3.0,2.3333333333333335,False,direct_size_estimation_deferred,매장 면적·좌석·점포별 매출이 없어 규모별 적합도와 argmax 규모는 산출하지 않음,0.745718310943781,0.8221709006928406,usable_area_profile,True,familiar,True,0.682448036951501,11.0
3120228,석촌역(석촌호수),11710,510280686.0,47215.0,10807.596865402944,0.7248267898383373,0.8531746031746031,0.13095238095238096,0.6746031746031746,0.9325396825396826,0.8928571428571429,0.7063492063492064,0.4087301587301587,0.03968253968253968,0.5436507936507936,BRD_20212010,복호두,0.47344110854503463,False,1087.3251583702452,78.44743464456866,38,113,0.6859122401847575,True,0.5488568129330254,0.5991339491916859,0.6494110854503465,162.0,125.0,101.0,129.33333333333334,False,direct_size_estimation_deferred,매장 면적·좌석·점포별 매출이 없어 규모별 적합도와 argmax 규모는 산출하지 않음,0.3880098066865427,0.9930715935334873,usable_area_profile,True,familiar,True,0.674162817551963,12.0
3120205,매봉역,11680,580733796.0,60594.0,9584.014852955737,0.7444572748267898,0.7817460317460317,0.18253968253968253,0.75,0.6468253968253969,0.8531746031746031,0.9206349206349206,0.4365079365079365,0.027777777777777776,0.4880952380952381,BRD_20212010,복호두,0.7621247113163973,False,1633.5299201481603,70.4911341990284,16,64,0.4693995381062356,True,0.756824480369515,0.7532909930715935,0.749757505773672,67.0,49.0,49.0,55.0,False,direct_size_estimation_deferred,매장 면적·좌석·점포별 매출이 없어 규모별 적합도와 argmax 규모는 산출하지 않음,0.593435067834385,0.9284064665127021,usable_area_profile,True,familiar,True,0.6727482678983834,13.0
3111021,방이역 4번,11710,394829518.0,38606.0,10227.154276537325,0.6466512702078522,0.8531746031746031,0.13095238095238096,0.6746031746031746,0.9325396825396826,0.8928571428571429,0.7063492063492064,0.4087301587301587,0.03968253968253968,0.5436507936507936,BRD_20212010,복호두,0.47344110854503463,False,1916.6577680936539,115.2085066609535,15,51,0.3008083140877598,True,0.5254041570438799,0.5600461893764435,0.5946882217090068,174.0,146.0,137.0,152.33333333333334,False,direct_size_estimation_deferred,매장 면적·좌석·점포별 매출이 없어 규모별 적합도와 argmax 규모는 산출하지 않음,0.5945765227218363,0.9237875288683602,usable_area_profile,True,familiar,True,0.6708140877598151,14.0
3120056,구의역,11215,311680026.0,30426.0,10243.871228554526,0.5764434180138568,0.8650793650793651,0.5238095238095238,0.6309523809523809,0.7698412698412699,0.9087301587301587,0.7023809523809523,0.1388888888888889,0.0992063492063492,0.6031746031746031,BRD_20212010,복호두,0.6732101616628176,False,2776.5651441926893,109.93179701028201,24,62,0.48498845265588914,True,0.6441801385681293,0.6248267898383372,0.605473441108545,117.0,111.0,128.0,118.66666666666667,False,direct_size_estimation_deferred,매장 면적·좌석·점포별 매출이 없어 규모별 적합도와 argmax 규모는 산출하지 않음,0.3058085025990594,0.9976905311778291,usable_area_profile,True,familiar,True,0.6699769053117782,15.0
3120038,약수역,11140,1550178516.0,134777.0,11501.803096967584,0.9235565819861433,0.873015873015873,0.5793650793650794,0.6428571428571429,0.34523809523809523,0.8571428571428571,0.8214285714285714,0.0873015873015873,0.023809523809523808,0.8293650793650794,BRD_20212010,복호두,0.20092378752886836,False,2027.114698296138,62.64183906448842,18,44,0.5513856812933026,True,0.4177136258660509,0.5622401847575058,0.7067667436489607,234.0,144.0,72.0,150.0,False,direct_size_estimation_deferred,매장 면적·좌석·점포별 매출이 없어 규모별 적합도와 argmax 규모는 산출하지 않음,0.6721894618212707,0.8637413394919169,usable_area_profile,True,familiar,True,0.6664260969976906,16.0
3120201,도곡1동,11680,649721874.0,58337.0,11137.38920410717,0.7846420323325634,0.7817460317460317,0.18253968253968253,0.75,0.6468253968253969,0.8531746031746031,0.9206349206349206,0.4365079365079365,0.027777777777777776,0.4880952380952381,BRD_20212010,복호두,0.7621247113163973,False,1154.653627759365,87.09190547353441,10,65,0.26501154734411086,True,0.7688799076212471,0.7733833718244802,0.7778868360277135,59.0,42.0,35.0,45.333333333333336,False,direct_size_estimation_deferred,매장 면적·좌석·점포별 매출이 없어 규모별 적합도와 argmax 규모는 산출하지 않음,0.6976457022367983,0.8498845265588915,usable_area_profile,True,familiar,True,0.6663394919168592,17.0
3110757,양평역 2번,11560,354537095.0,35555.0,9971.511601743778,0.6085450346420324,0.8571428571428571,0.7698412698412699,0.5277777777777778,0.23809523809523808,0.9007936507936508,0.9761904761904762,0.3373015873015873,0.047619047619047616,0.25,BRD_20212010,복호두,0.2840646651270208,False,1420.215476620643,46.38965399869973,10,60,0.4382217090069284,True,0.38140877598152423,0.44630484988452657,0.5112009237875289,257.0,221.0,188.0,222.0,False,direct_size_estimation_deferred,매장 면적·좌석·점포별 매출이 없어 규모별 적합도와 argmax 규모는 산출하지 않음,0.5109704203668317,0.9607390300230947,usable_area_profile,True,familiar,True,0.6628464203233256,18.0
3120246,길동역,11740,916043297.0,88020.0,10407.217643717337,0.8409930715935335,0.8452380952380952,0.06746031746031746,0.7063492063492064,0.38492063492063494,0.6626984126984127,0.7182539682539683,0.5833333333333334,0.06746031746031746,0.6507936507936508,BRD_20212010,복호두,0.8175519630484989,False,1572.1071846656619,87.92041856413586,26,72,0.5779445727482679,True,0.8245842956120092,0.8292725173210163,0.8339607390300231,28.0,21.0,23.0,24.0,False,direct_size_estimation_deferred,매장 면적·좌석·점포별 매출이 없어 규모별 적합도와 argmax 규모는 산출하지 않음,0.6374657788512511,0.8983833718244804,usable_area_profile,True,familiar,True,0.6625866050808313,19.0
3110815,공군호텔,11560,311003172.0,32124.0,9681.333955920807,0.5698614318706697,0.8571428571428571,0.7698412698412699,0.5277777777777778,0.23809523809523808,0.9007936507936508,0.9761904761904762,0.3373015873015873,0.047619047619047616,0.25,BRD_20212010,복호두,0.2840646651270208,False,1124.3242415177328,44.72135959188009,10,26,0.44284064665127026,True,0.36980369515011546,0.42696304849884525,0.48412240184757505,263.0,239.0,204.0,235.33333333333334,False,direct_size_estimation_deferred,매장 면적·좌석·점포별 매출이 없어 규모별 적합도와 argmax 규모는 산출하지 않음,0.5015547518485836,0.9699769053117783,usable_area_profile,True,familiar,True,0.6580254041570439,20.0
3130072,성동용답상가시장,11200,441220675.0,42751.0,10320.710041870365,0.6748267898383372,0.9206349206349206,0.38492063492063494,0.5555555555555556,0.9920634920634921,0.9841269841269841,0.9563492063492064,0.10317460317460317,0.015873015873015872,0.07936507936507936,BRD_20080200287,브레댄코(bread&co.DAILY-NEW),0.13394919168591224,False,1639.518221917691,135.0925608781212,10,28,0.14953810623556585,True,0.29621247113163973,0.4043879907621247,0.5125635103926097,319.0,273.0,200.0,264.0,False,direct_size_estimation_deferred,매장 면적·좌석·점포별 매출이 없어 규모별 적합도와 argmax 규모는 산출하지 않음,0.21900453897174432,0.9976905311778291,usable_area_profile,True,familiar,True,0.7448903002309469,1.0
3120009,종로3가역,11110,773341001.0,64864.0,11922.499398741984,0.8273672055427251,0.876984126984127,0.42857142857142855,0.503968253968254,0.75,0.9444444444444444,0.8531746031746031,0.2619047619047619,0.05952380952380952,0.3611111111111111,BRD_20080200287,브레댄코(bread&co.DAILY-NEW),0.792147806004619,False,962.8649957458487,125.80143085865113,24,102,0.45381062355658197,True,0.8027136258660508,0.8097575057736721,0.8168013856812932,51.0,38.0,34.0,41.0,False,direct_size_estimation_deferred,매장 면적·좌석·점포별 매출이 없어 규모별 적합도와 argmax 규모는 산출하지 않음,0.2919057450720428,0.9953810623556582,usable_area_profile,True,familiar,True,0.7359988452655888,2.0
3120188,압구정역,11680,1784647410.0,134975.0,13222.058973884052,0.9404157043879908,0.7817460317460317,0.18253968253968253,0.75,0.6468253968253969,0.8531746031746031,0.9206349206349206,0.4365079365079365,0.027777777777777776,0.4880952380952381,BRD_20080200287,브레댄코(bread&co.DAILY-NEW),0.8845265588914549,False,1313.3944570980261,98.31073190628577,25,98,0.5340646651270208,True,0.9012933025404157,0.9124711316397229,0.92364896073903,10.0,6.0,4.0,6.666666666666667,False,direct_size_estimation_deferred,매장 면적·좌석·점포별 매출이 없어 규모별 적합도와 argmax 규모는 산출하지 않음,0.45288686080517626,0.9630484988452656,usable_area_profile,True,familiar,True,0.7328233256351039,3.0
3110883,은천초등학교(은천교앞),11620,384324031.0,36658.0,10484.042528233946,0.6409930715935335,0.6944444444444444,0.5833333333333334,0.49603174603174605,0.8611111111111112,0.9801587301587301,0.8690476190476191,0.027777777777777776,0.051587301587301584,0.3412698412698413,BRD_20080200287,브레댄코(bread&co.DAILY-NEW),0.6431870669745958,False,1782.2022893404599,165.06059494972328,13,69,0.17840646651270212,True,0.6425288683602771,0.6420900692840646,0.6416512702078522,128.0,110.0,112.0,116.66666666666667,False,direct_size_estimation_deferred,매장 면적·좌석·점포별 매출이 없어 규모별 적합도와 argmax 규모는 산출하지 않음,0.3520733145902216,0.9907621247113164,usable_area_profile,True,familiar,True,0.7279445727482678,4.0
3110640,방화역 1번,11500,671414576.0,62982.0,10660.420056524086,0.7871824480369516,0.8373015873015873,0.23809523809523808,0.623015873015873,0.32142857142857145,0.8333333333333334,0.9246031746031746,0.46825396825396826,0.05555555555555555,0.42063492063492064,BRD_20080200287,브레댄코(bread&co.DAILY-NEW),0.6824480369515011,False,1335.611470416183,241.56986569432095,5,25,0.02482678983833718,True,0.7138683602771363,0.7348152424942264,0.7557621247113164,88.0,67.0,57.0,70.66666666666667,False,direct_size_estimation_deferred,매장 면적·좌석·점포별 매출이 없어 규모별 적합도와 argmax 규모는 산출하지 않음,0.5883815780241813,0.8845265588914549,usable_area_profile,True,familiar,True,0.7237875288683603,5.0
3120038,약수역,11140,1550178516.0,134777.0,11501.803096967584,0.9235565819861433,0.873015873015873,0.5793650793650794,0.6428571428571429,0.34523809523809523,0.8571428571428571,0.8214285714285714,0.0873015873015873,0.023809523809523808,0.8293650793650794,BRD_20080200287,브레댄코(bread&co.DAILY-NEW),0.23094688221709006,False,663.2435450376064,62.64183906448842,18,42,0.5519630484988453,True,0.43872979214780605,0.5772517321016167,0.7157736720554273,237.0,141.0,74.0,150.66666666666666,False,direct_size_estimation_deferred,매장 면적·좌석·점포별 매출이 없어 규모별 적합도와 argmax 규모는 산출하지 않음,0.4613499062356926,0.9561200923787528,usable_area_profile,True,familiar,True,0.7217667436489607,6.0
3120166,방배역,11650,1455145059.0,122673.0,11861.983150326478,0.9176674364896074,0.7619047619047619,0.2857142857142857,0.7023809523809523,0.6785714285714286,0.8293650793650794,0.7777777777777778,0.42857142857142855,0.08333333333333333,0.5198412698412699,BRD_20080200287,브레댄코(bread&co.DAILY-NEW),0.9780600461893765,False,841.522429909372,99.2975326976693,12,27,0.2678983833718245,True,0.9599422632794457,0.9478637413394919,0.935785219399538,2.0,2.0,3.0,2.3333333333333335,False,direct_size_estimation_deferred,매장 면적·좌석·점포별 매출이 없어 규모별 적합도와 argmax 규모는 산출하지 않음,0.5915359656116511,0.8799076212471132,usable_area_profile,True,familiar,True,0.7171766743648961,7.0
3110892,관악구 중앙길,11620,913081619.0,87290.0,10460.323278726086,0.8403002309468822,0.6944444444444444,0.5833333333333334,0.49603174603174605,0.8611111111111112,0.9801587301587301,0.8690476190476191,0.027777777777777776,0.051587301587301584,0.3412698412698413,BRD_20080200287,브레댄코(bread&co.DAILY-NEW),0.6431870669745958,False,1306.1393494106464,165.92166821826325,24,76,0.39838337182448036,True,0.7023210161662816,0.741743648960739,0.7811662817551962,96.0,64.0,47.0,69.0,False,direct_size_estimation_deferred,매장 면적·좌석·점포별 매출이 없어 규모별 적합도와 argmax 규모는 산출하지 않음,0.49706711930352576,0.930715935334873,usable_area_profile,True,familiar,True,0.7087471131639723,8.0
3111005,삼전역 3번,11710,233054769.0,25337.0,9198.19903698149,0.48152424942263283,0.8531746031746031,0.13095238095238096,0.6746031746031746,0.9325396825396826,0.8928571428571429,0.7063492063492064,0.4087301587301587,0.03968253968253968,0.5436507936507936,BRD_20080200287,브레댄코(bread&co.DAILY-NEW),0.558891454965358,False,5204.174478268999,198.59506540938497,7,54,0.05369515011547344,True,0.5356812933025404,0.5202078521939955,0.5047344110854504,188.0,189.0,206.0,194.33333333333334,False,direct_size_estimation_deferred,매장 면적·좌석·점포별 매출이 없어 규모별 적합도와 argmax 규모는 산출하지 않음,0.4466747513322351,0.9676674364896074,usable_area_profile,True,familiar,True,0.6929272517321016,9.0
3120107,공덕역(공덕오거리),11440,1051109080.0,111230.0,9449.870358716174,0.8578521939953809,0.9404761904761905,0.4246031746031746,0.5833333333333334,0.9642857142857143,0.9880952380952381,0.9841269841269841,0.1111111111111111,0.011904761904761904,0.051587301587301584,BRD_20080200287,브레댄코(bread&co.DAILY-NEW),0.08660508083140878,False,643.7305336765394,80.05623025110103,24,76,0.5773672055427252,True,0.3179792147806004,0.4722286374133948,0.6264780600461893,309.0,224.0,119.0,217.33333333333334,False,direct_size_estimation_deferred,매장 면적·좌석·점포별 매출이 없어 규모별 적합도와 argmax 규모는 산출하지 않음,0.49065672614784844,0.9330254041570438,usable_area_profile,True,familiar,True,0.6876732101616627,10.0
3120120,화곡역,11500,2140760825.0,296121.0,7229.34484551923,0.8866050808314089,0.8373015873015873,0.23809523809523808,0.623015873015873,0.32142857142857145,0.8333333333333334,0.9246031746031746,0.46825396825396826,0.05555555555555555,0.42063492063492064,BRD_20080200287,브레댄코(bread&co.DAILY-NEW),0.6824480369515011,False,4616.10409327425,26.400757567542716,25,54,0.819284064665127,True,0.7436951501154734,0.784526558891455,0.8253579676674365,75.0,46.0,31.0,50.666666666666664,False,direct_size_estimation_deferred,매장 면적·좌석·점포별 매출이 없어 규모별 적합도와 argmax 규모는 산출하지 않음,0.43051846166739133,0.976905311778291,usable_area_profile,True,familiar,True,0.6849018475750578,11.0
3120068,사가정역,11260,944293896.0,91431.0,10327.940151589723,0.8467667436489608,0.8492063492063492,0.40476190476190477,0.5,0.39285714285714285,0.623015873015873,0.5714285714285714,0.16666666666666666,0.32936507936507936,0.8134920634920635,BRD_20080200287,브레댄코(bread&co.DAILY-NEW),0.5103926096997691,False,3588.6234129909813,42.201895677975386,26,50,0.7736720554272517,True,0.6113048498845266,0.6785796766743649,0.7458545034642032,140.0,92.0,62.0,98.0,False,direct_size_estimation_deferred,매장 면적·좌석·점포별 매출이 없어 규모별 적합도와 argmax 규모는 산출하지 않음,0.41648927246473844,0.9815242494226328,usable_area_profile,True,familiar,True,0.6845554272517321,12.0
3110810,영신초등학교,11560,325709619.0,29453.0,11058.62285675483,0.5928406466512702,0.8571428571428571,0.7698412698412699,0.5277777777777778,0.23809523809523808,0.9007936507936508,0.9761904761904762,0.3373015873015873,0.047619047619047616,0.25,BRD_20080200287,브레댄코(bread&co.DAILY-NEW),0.2748267898383372,False,2274.4863156607116,74.63243262412867,11,41,0.3446882217090069,True,0.37023094688221714,0.4338337182448037,0.4974364896073903,276.0,251.0,207.0,244.66666666666666,False,direct_size_estimation_deferred,매장 면적·좌석·점포별 매출이 없어 규모별 적합도와 argmax 규모는 산출하지 않음,0.43799882853527183,0.9722863741339491,usable_area_profile,True,familiar,True,0.679878752886836,13.0
3120201,도곡1동,11680,649721874.0,58337.0,11137.38920410717,0.7846420323325634,0.7817460317460317,0.18253968253968253,0.75,0.6468253968253969,0.8531746031746031,0.9206349206349206,0.4365079365079365,0.027777777777777776,0.4880952380952381,BRD_20080200287,브레댄코(bread&co.DAILY-NEW),0.8845265588914549,False,1160.7075428409364,87.09190547353441,10,65,0.26501154734411086,True,0.8545612009237875,0.8345842956120091,0.8146073903002308,27.0,28.0,35.0,30.0,False,direct_size_estimation_deferred,매장 면적·좌석·점포별 매출이 없어 규모별 적합도와 argmax 규모는 산출하지 않음,0.6039124219431138,0.8706697459584296,usable_area_profile,True,familiar,True,0.678810623556582,14.0
3120175,남부터미널역,11650,960650667.0,103198.0,9308.810897498013,0.8390300230946882,0.7619047619047619,0.2857142857142857,0.7023809523809523,0.6785714285714286,0.8293650793650794,0.7777777777777778,0.42857142857142855,0.08333333333333333,0.5198412698412699,BRD_20080200287,브레댄코(bread&co.DAILY-NEW),0.9780600461893765,False,798.2336750735635,49.929950906089985,13,45,0.483256351039261,True,0.93635103926097,0.9085450346420323,0.8807390300230946,5.0,7.0,14.0,8.666666666666666,False,direct_size_estimation_deferred,매장 면적·좌석·점포별 매출이 없어 규모별 적합도와 argmax 규모는 산출하지 않음,0.5616280857669464,0.8983833718244804,usable_area_profile,True,familiar,True,0.6762990762124711,15.0
3130222,오류시장,11530,677800421.0,66656.0,10168.633296327413,0.7894919168591223,0.8412698412698413,0.8373015873015873,0.5753968253968254,0.5238095238095238,0.7579365079365079,0.7380952380952381,0.18253968253968253,0.12698412698412698,0.7658730158730159,BRD_20080200287,브레댄코(bread&co.DAILY-NEW),0.7528868360277137,False,1840.08804137706,48.414873764798386,14,33,0.5161662817551963,True,0.7638683602771362,0.771189376443418,0.7785103926096997,65.0,52.0,48.0,55.0,False,direct_size_estimation_deferred,매장 면적·좌석·점포별 매출이 없어 규모별 적합도와 argmax 규모는 산출하지 않음,0.5058754647597913,0.9237875288683602,usable_area_profile,True,familiar,True,0.6742205542725173,16.0
3120228,석촌역(석촌호수),11710,510280686.0,47215.0,10807.596865402944,0.7248267898383373,0.8531746031746031,0.13095238095238096,0.6746031746031746,0.9325396825396826,0.8928571428571429,0.7063492063492064,0.4087301587301587,0.03968253968253968,0.5436507936507936,BRD_20080200287,브레댄코(bread&co.DAILY-NEW),0.558891454965358,False,4202.876752926206,78.44743464456866,38,113,0.687066974595843,True,0.6086720554272518,0.6418591224018476,0.6750461893764435,141.0,111.0,90.0,114.0,False,direct_size_estimation_deferred,매장 면적·좌석·점포별 매출이 없어 규모별 적합도와 argmax 규모는 산출하지 않음,0.30770899736284585,0.9930715935334873,usable_area_profile,True,familiar,True,0.6739896073903001,17.0
3120226,석촌고분역,11710,497422151.0,44126.0,11272.767778633912,0.7166281755196304,0.8531746031746031,0.13095238095238096,0.6746031746031746,0.9325396825396826,0.8928571428571429,0.7063492063492064,0.4087301587301587,0.03968253968253968,0.5436507936507936,BRD_20080200287,브레댄코(bread&co.DAILY-NEW),0.558891454965358,False,4973.838055300267,58.872744129090485,22,78,0.6368360277136259,True,0.6062124711316397,0.6377598152424941,0.6693071593533486,142.0,113.0,95.0,116.66666666666667,False,direct_size_estimation_deferred,매장 면적·좌석·점포별 매출이 없어 규모별 적합도와 argmax 규모는 산출하지 않음,0.43517864945457396,0.9745958429561201,usable_area_profile,True,familiar,True,0.6683891454965357,18.0
3111021,방이역 4번,11710,394829518.0,38606.0,10227.154276537325,0.6466512702078522,0.8531746031746031,0.13095238095238096,0.6746031746031746,0.9325396825396826,0.8928571428571429,0.7063492063492064,0.4087301587301587,0.03968253968253968,0.5436507936507936,BRD_20080200287,브레댄코(bread&co.DAILY-NEW),0.558891454965358,False,2981.3396318052846,115.2085066609535,15,51,0.2996535796766744,True,0.5852193995381062,0.6027713625866051,0.6203233256351038,152.0,130.0,127.0,136.33333333333334,False,direct_size_estimation_deferred,매장 면적·좌석·점포별 매출이 없어 규모별 적합도와 argmax 규모는 산출하지 않음,0.5193638656200482,0.9168591224018476,usable_area_profile,True,familiar,True,0.6668302540415705,19.0
3120133,서울시흥동우체국(홈플러스시흥점),11545,637795918.0,60754.0,10498.00701188399,0.7765588914549653,0.753968253968254,0.7420634920634921,0.3531746031746032,0.24206349206349206,0.8690476190476191,0.873015873015873,0.04365079365079365,0.13095238095238096,0.6785714285714286,BRD_20080200287,브레댄코(bread&co.DAILY-NEW),0.1905311778290993,False,6241.132269079782,60.20797286767192,15,45,0.48441108545034645,True,0.3663394919168591,0.4835450346420323,0.6007505773672054,280.0,217.0,144.0,213.66666666666666,False,direct_size_estimation_deferred,매장 면적·좌석·점포별 매출이 없어 규모별 적합도와 argmax 규모는 산출하지 않음,0.5280575234398699,0.9076212471131639,usable_area_profile,True,familiar,True,0.6660508083140878,20.0
3130072,성동용답상가시장,11200,441220675.0,42751.0,10320.710041870365,0.6748267898383372,0.9206349206349206,0.38492063492063494,0.5555555555555556,0.9920634920634921,0.9841269841269841,0.9563492063492064,0.10317460317460317,0.015873015873015872,0.07936507936507936,BRD_20260378,빵굼터,0.016166281755196306,False,3800.1273663220923,135.0925608781212,10,28,0.1489607390300231,True,0.21376443418013857,0.34549653579676676,0.4772286374133949,380.0,327.0,226.0,311.0,False,direct_size_estimation_deferred,매장 면적·좌석·점포별 매출이 없어 규모별 적합도와 argmax 규모는 산출하지 않음,0.1962743047113832,0.9976905311778291,usable_area_profile,True,familiar,True,0.7449769053117783,1.0
3110883,은천초등학교(은천교앞),11620,384324031.0,36658.0,10484.042528233946,0.6409930715935335,0.6944444444444444,0.5833333333333334,0.49603174603174605,0.8611111111111112,0.9801587301587301,0.8690476190476191,0.027777777777777776,0.051587301587301584,0.3412698412698413,BRD_20260378,빵굼터,0.1605080831408776,False,1591.1718951905716,165.06059494972328,13,69,0.17840646651270212,True,0.3046535796766744,0.40075057736720554,0.4968475750577367,324.0,289.0,217.0,276.6666666666667,False,direct_size_estimation_deferred,매장 면적·좌석·점포별 매출이 없어 규모별 적합도와 argmax 규모는 산출하지 않음,0.3177816005904173,0.9884526558891455,usable_area_profile,True,familiar,True,0.7265588914549652,2.0
3120166,방배역,11650,1455145059.0,122673.0,11861.983150326478,0.9176674364896074,0.7619047619047619,0.2857142857142857,0.7023809523809523,0.6785714285714286,0.8293650793650794,0.7777777777777778,0.42857142857142855,0.08333333333333333,0.5198412698412699,BRD_20260378,빵굼터,0.9480369515011547,False,6426.435559461285,99.2975326976693,12,28,0.2673210161662818,True,0.9389260969976905,0.9328521939953811,0.9267782909930715,5.0,4.0,4.0,4.333333333333333,False,direct_size_estimation_deferred,매장 면적·좌석·점포별 매출이 없어 규모별 적합도와 argmax 규모는 산출하지 않음,0.5170879203247098,0.8914549653579676,usable_area_profile,True,familiar,True,0.7241916859122401,3.0
3120188,압구정역,11680,1784647410.0,134975.0,13222.058973884052,0.9404157043879908,0.7817460317460317,0.18253968253968253,0.75,0.6468253968253969,0.8531746031746031,0.9206349206349206,0.4365079365079365,0.027777777777777776,0.4880952380952381,BRD_20260378,빵굼터,0.5103926096997691,False,3728.932555072768,98.31073190628577,25,98,0.5323325635103926,True,0.6393995381062356,0.72540415704388,0.8114087759815243,122.0,61.0,29.0,70.66666666666667,False,direct_size_estimation_deferred,매장 면적·좌석·점포별 매출이 없어 규모별 적합도와 argmax 규모는 산출하지 않음,0.4300945008590578,0.9353348729792148,usable_area_profile,True,familiar,True,0.7164549653579677,4.0
3110640,방화역 1번,11500,671414576.0,62982.0,10660.420056524086,0.7871824480369516,0.8373015873015873,0.23809523809523808,0.623015873015873,0.32142857142857145,0.8333333333333334,0.9246031746031746,0.46825396825396826,0.05555555555555555,0.42063492063492064,BRD_20260378,빵굼터,0.6016166281755196,False,578.5533682975405,241.56986569432095,5,24,0.02482678983833718,True,0.6572863741339492,0.6943995381062356,0.731512702078522,108.0,76.0,69.0,84.33333333333333,False,direct_size_estimation_deferred,매장 면적·좌석·점포별 매출이 없어 규모별 적합도와 argmax 규모는 산출하지 않음,0.5455274757478469,0.8683602771362586,usable_area_profile,True,familiar,True,0.7140877598152425,5.0
3120133,서울시흥동우체국(홈플러스시흥점),11545,637795918.0,60754.0,10498.00701188399,0.7765588914549653,0.753968253968254,0.7420634920634921,0.3531746031746032,0.24206349206349206,0.8690476190476191,0.873015873015873,0.04365079365079365,0.13095238095238096,0.6785714285714286,BRD_20260378,빵굼터,0.22748267898383373,False,3805.55304786801,60.20797286767192,15,45,0.4821016166281755,True,0.39220554272517316,0.5020207852193995,0.6118360277136257,285.0,215.0,143.0,214.33333333333334,False,direct_size_estimation_deferred,매장 면적·좌석·점포별 매출이 없어 규모별 적합도와 argmax 규모는 산출하지 않음,0.3276996653168629,0.9838337182448037,usable_area_profile,True,familiar,True,0.7121247113163971,6.0
3120009,종로3가역,11110,773341001.0,64864.0,11922.499398741984,0.8273672055427251,0.876984126984127,0.42857142857142855,0.503968253968254,0.75,0.9444444444444444,0.8531746031746031,0.2619047619047619,0.05952380952380952,0.3611111111111111,BRD_20260378,빵굼터,0.38799076212471134,False,2490.0606417857052,125.80143085865113,24,103,0.4532332563510392,True,0.5198036951501155,0.6076789838337182,0.6955542725173209,209.0,132.0,87.0,142.66666666666666,False,direct_size_estimation_deferred,매장 면적·좌석·점포별 매출이 없어 규모별 적합도와 argmax 규모는 산출하지 않음,0.4082035083750387,0.9515011547344111,usable_area_profile,True,familiar,True,0.709757505773672,7.0
3120246,길동역,11740,916043297.0,88020.0,10407.217643717337,0.8409930715935335,0.8452380952380952,0.06746031746031746,0.7063492063492064,0.38492063492063494,0.6626984126984127,0.7182539682539683,0.5833333333333334,0.06746031746031746,0.6507936507936508,BRD_20260378,빵굼터,0.6766743648960739,False,7778.07546893276,87.92041856413586,26,72,0.5750577367205543,True,0.7259699769053118,0.7588337182448037,0.7916974595842956,74.0,44.0,35.0,51.0,False,direct_size_estimation_deferred,매장 면적·좌석·점포별 매출이 없어 규모별 적합도와 argmax 규모는 산출하지 않음,0.3587389005097854,0.9699769053117783,usable_area_profile,True,familiar,True,0.7059757505773672,8.0
3110601,신월1동우편취급국,11470,441016625.0,40173.0,10977.93605157693,0.6785219399538106,0.8055555555555556,0.2222222222222222,0.5158730158730159,0.5873015873015873,0.5079365079365079,0.2896825396825397,0.4801587301587302,0.30952380952380953,0.7738095238095238,BRD_20260378,빵굼터,0.9041570438799076,False,5266.867949766248,258.54980178856624,8,40,0.04907621247113163,True,0.8364665127020785,0.791339491916859,0.7462124711316396,27.0,33.0,57.0,39.0,False,direct_size_estimation_deferred,매장 면적·좌석·점포별 매출이 없어 규모별 적합도와 argmax 규모는 산출하지 않음,0.5240817467807319,0.8845265588914549,usable_area_profile,True,familiar,True,0.6929849884526559,9.0
3130222,오류시장,11530,677800421.0,66656.0,10168.633296327413,0.7894919168591223,0.8412698412698413,0.8373015873015873,0.5753968253968254,0.5238095238095238,0.7579365079365079,0.7380952380952381,0.18253968253968253,0.12698412698412698,0.7658730158730159,BRD_20260378,빵굼터,0.8660508083140878,False,4116.66879891156,48.414873764798386,14,33,0.516743648960739,True,0.8430831408775981,0.827771362586605,0.8124595842956119,24.0,19.0,28.0,23.666666666666668,False,direct_size_estimation_deferred,매장 면적·좌석·점포별 매출이 없어 규모별 적합도와 argmax 규모는 산출하지 않음,0.40503215239350987,0.953810623556582,usable_area_profile,True,familiar,True,0.6921478060046189,10.0
3120112,등촌역,11470,402129603.0,41146.0,9773.236839546978,0.6467667436489607,0.8055555555555556,0.2222222222222222,0.5158730158730159,0.5873015873015873,0.5079365079365079,0.2896825396825397,0.4801587301587302,0.30952380952380953,0.7738095238095238,BRD_20260378,빵굼터,0.9041570438799076,False,4785.852902071783,105.11898021717178,22,49,0.46420323325635104,True,0.8269399538106235,0.7754618937644342,0.7239838337182447,31.0,41.0,72.0,48.0,False,direct_size_estimation_deferred,매장 면적·좌석·점포별 매출이 없어 규모별 적합도와 argmax 규모는 산출하지 않음,0.2823366149803296,0.9930715935334873,usable_area_profile,True,familiar,True,0.6879041570438797,11.0
3120068,사가정역,11260,944293896.0,91431.0,10327.940151589723,0.8467667436489608,0.8492063492063492,0.40476190476190477,0.5,0.39285714285714285,0.623015873015873,0.5714285714285714,0.16666666666666666,0.32936507936507936,0.8134920634920635,BRD_20260378,빵굼터,0.9861431870669746,False,2926.024606863104,42.201895677975386,26,50,0.7713625866050808,True,0.9443302540415703,0.9164549653579677,0.8885796766743649,3.0,6.0,8.0,5.666666666666667,False,direct_size_estimation_deferred,매장 면적·좌석·점포별 매출이 없어 규모별 적합도와 argmax 규모는 산출하지 않음,0.33008303872316813,0.9815242494226328,usable_area_profile,True,familiar,True,0.6849018475750578,12.0
3110703,개봉역,11530,566848644.0,58936.0,9618.037260757432,0.7391454965357969,0.8412698412698413,0.8373015873015873,0.5753968253968254,0.5238095238095238,0.7579365079365079,0.7380952380952381,0.18253968253968253,0.12698412698412698,0.7658730158730159,BRD_20260378,빵굼터,0.8660508083140878,False,2760.071375878727,17.720045128132952,13,29,0.6056581986143187,True,0.8279792147806004,0.8025981524249424,0.7772170900692841,30.0,26.0,43.0,33.0,False,direct_size_estimation_deferred,매장 면적·좌석·점포별 매출이 없어 규모별 적합도와 argmax 규모는 산출하지 않음,0.34596685729392146,0.9792147806004619,usable_area_profile,True,familiar,True,0.6814665127020786,13.0
3120228,석촌역(석촌호수),11710,510280686.0,47215.0,10807.596865402944,0.7248267898383373,0.8531746031746031,0.13095238095238096,0.6746031746031746,0.9325396825396826,0.8928571428571429,0.7063492063492064,0.4087301587301587,0.03968253968253968,0.5436507936507936,BRD_20260378,빵굼터,0.44341801385681295,False,10104.78406503376,78.44743464456866,38,113,0.6853348729792148,True,0.5278406466512702,0.5841224018475751,0.64040415704388,203.0,149.0,120.0,157.33333333333334,False,direct_size_estimation_deferred,매장 면적·좌석·점포별 매출이 없어 규모별 적합도와 argmax 규모는 산출하지 않음,0.2529771307471725,0.9953810623556582,usable_area_profile,True,familiar,True,0.6756351039260969,14.0
3111021,방이역 4번,11710,394829518.0,38606.0,10227.154276537325,0.6466512702078522,0.8531746031746031,0.13095238095238096,0.6746031746031746,0.9325396825396826,0.8928571428571429,0.7063492063492064,0.4087301587301587,0.03968253968253968,0.5436507936507936,BRD_20260378,빵굼터,0.44341801385681295,False,10188.784667487147,115.2085066609535,15,51,0.2984988452655889,True,0.5043879907621247,0.5450346420323325,0.5856812933025404,219.0,179.0,157.0,185.0,False,direct_size_estimation_deferred,매장 면적·좌석·점포별 매출이 없어 규모별 적합도와 argmax 규모는 산출하지 않음,0.43372246835684836,0.930715935334873,usable_area_profile,True,familiar,True,0.6753175519630484,15.0
3120201,도곡1동,11680,649721874.0,58337.0,11137.38920410717,0.7846420323325634,0.7817460317460317,0.18253968253968253,0.75,0.6468253968253969,0.8531746031746031,0.9206349206349206,0.4365079365079365,0.027777777777777776,0.4880952380952381,BRD_20260378,빵굼터,0.5103926096997691,False,7511.21747791506,87.09190547353441,10,65,0.2644341801385681,True,0.5926674364896074,0.6475173210161662,0.702367205542725,160.0,112.0,84.0,118.66666666666667,False,direct_size_estimation_deferred,매장 면적·좌석·점포별 매출이 없어 규모별 적합도와 argmax 규모는 산출하지 않음,0.5544738163188218,0.8614318706697459,usable_area_profile,True,familiar,True,0.6733545034642031,16.0
3111005,삼전역 3번,11710,233054769.0,25337.0,9198.19903698149,0.48152424942263283,0.8531746031746031,0.13095238095238096,0.6746031746031746,0.9325396825396826,0.8928571428571429,0.7063492063492064,0.4087301587301587,0.03968253968253968,0.5436507936507936,BRD_20260378,빵굼터,0.44341801385681295,False,9160.005076464293,198.59506540938497,7,54,0.053117782909930716,True,0.45484988452655895,0.46247113163972287,0.47009237875288684,246.0,247.0,230.0,241.0,False,direct_size_estimation_deferred,매장 면적·좌석·점포별 매출이 없어 규모별 적합도와 argmax 규모는 산출하지 않음,0.43284269928909375,0.9330254041570438,usable_area_profile,True,familiar,True,0.6722286374133949,17.0
3110243,중랑노인종합복지관,11260,245308379.0,21354.0,11487.701554743842,0.5138568129330254,0.8492063492063492,0.40476190476190477,0.5,0.39285714285714285,0.623015873015873,0.5714285714285714,0.16666666666666666,0.32936507936507936,0.8134920634920635,BRD_20260378,빵굼터,0.9861431870669746,False,3073.7932591321005,105.41821475311895,13,37,0.26847575057736717,True,0.8444572748267898,0.75,0.6555427251732102,23.0,48.0,109.0,60.0,False,direct_size_estimation_deferred,매장 면적·좌석·점포별 매출이 없어 규모별 적합도와 argmax 규모는 산출하지 않음,0.3597591195165397,0.9676674364896074,usable_area_profile,True,familiar,True,0.6687933025404158,18.0
3110593,신월3동주민센터,11470,317937956.0,28102.0,11313.712760657605,0.5892609699769054,0.8055555555555556,0.2222222222222222,0.5158730158730159,0.5873015873015873,0.5079365079365079,0.2896825396825397,0.4801587301587302,0.30952380952380953,0.7738095238095238,BRD_20260378,빵굼터,0.9041570438799076,False,4463.277943419434,184.0679222675113,3,22,0.027136258660508106,True,0.8096882217090069,0.7467090069284065,0.683729792147806,37.0,49.0,94.0,60.0,False,direct_size_estimation_deferred,매장 면적·좌석·점포별 매출이 없어 규모별 적합도와 argmax 규모는 산출하지 않음,0.5357163932148624,0.8752886836027713,usable_area_profile,True,familiar,True,0.6684180138568129,19.0
3120244,암사역,11740,416837256.0,46005.0,9060.694620149983,0.6541570438799076,0.8452380952380952,0.06746031746031746,0.7063492063492064,0.38492063492063494,0.6626984126984127,0.7182539682539683,0.5833333333333334,0.06746031746031746,0.6507936507936508,BRD_20260378,빵굼터,0.6766743648960739,False,5914.436575050918,82.05485967410668,28,39,0.6195150115473441,True,0.669919168591224,0.6654157043879907,0.6609122401847575,102.0,97.0,106.0,101.66666666666667,False,direct_size_estimation_deferred,매장 면적·좌석·점포별 매출이 없어 규모별 적합도와 argmax 규모는 산출하지 않음,0.2879967935102845,0.9907621247113164,usable_area_profile,True,familiar,True,0.665069284064665,20.0
3120069,상봉역,11260,1511381851.0,142985.0,10570.212616708046,0.9086605080831409,0.8492063492063492,0.40476190476190477,0.5,0.39285714285714285,0.623015873015873,0.5714285714285714,0.16666666666666666,0.32936507936507936,0.8134920634920635,BRD_20150052,빵장수단팥빵,0.5981524249422633,False,7592.290431732478,89.18520055817115,16,56,0.3920323325635104,True,0.6913048498845266,0.753406466512702,0.8155080831408775,103.0,62.0,38.0,67.66666666666667,False,direct_size_estimation_deferred,매장 면적·좌석·점포별 매출이 없어 규모별 적합도와 argmax 규모는 산출하지 않음,0.44588146829202646,0.9745958429561201,usable_area_profile,True,familiar,True,0.7531177829099307,1.0
3120158,녹두거리(대학동),11620,695809095.0,79236.0,8781.476790852643,0.7778290993071594,0.6944444444444444,0.5833333333333334,0.49603174603174605,0.8611111111111112,0.9801587301587301,0.8690476190476191,0.027777777777777776,0.051587301587301584,0.3412698412698413,BRD_20150052,빵장수단팥빵,0.42609699769053117,False,1674.1786045874655,107.28000742995447,15,20,0.3135103926096998,True,0.5316166281755196,0.6019630484988453,0.6723094688221709,192.0,137.0,97.0,142.0,False,direct_size_estimation_deferred,매장 면적·좌석·점포별 매출이 없어 규모별 적합도와 argmax 규모는 산출하지 않음,0.43023750929636867,0.976905311778291,usable_area_profile,True,familiar,True,0.7335739030023094,2.0
3120038,약수역,11140,1550178516.0,134777.0,11501.803096967584,0.9235565819861433,0.873015873015873,0.5793650793650794,0.6428571428571429,0.34523809523809523,0.8571428571428571,0.8214285714285714,0.0873015873015873,0.023809523809523808,0.8293650793650794,BRD_20150052,빵장수단팥빵,0.20092378752886836,False,8105.492582172217,62.64183906448842,18,44,0.5502309468822171,True,0.4177136258660509,0.5622401847575058,0.7067667436489607,256.0,159.0,79.0,164.66666666666666,False,direct_size_estimation_deferred,매장 면적·좌석·점포별 매출이 없어 규모별 적합도와 argmax 규모는 산출하지 않음,0.4743195075071273,0.9561200923787528,usable_area_profile,True,familiar,True,0.722026558891455,3.0
3120166,방배역,11650,1455145059.0,122673.0,11861.983150326478,0.9176674364896074,0.7619047619047619,0.2857142857142857,0.7023809523809523,0.6785714285714286,0.8293650793650794,0.7777777777777778,0.42857142857142855,0.08333333333333333,0.5198412698412699,BRD_20150052,빵장수단팥빵,0.9780600461893765,False,5854.592214643349,99.2975326976693,12,28,0.2673210161662818,True,0.9599422632794457,0.9478637413394919,0.935785219399538,3.0,3.0,6.0,4.0,False,direct_size_estimation_deferred,매장 면적·좌석·점포별 매출이 없어 규모별 적합도와 argmax 규모는 산출하지 않음,0.6222988089914029,0.8845265588914549,usable_area_profile,True,familiar,True,0.7200346420323325,4.0
3110892,관악구 중앙길,11620,913081619.0,87290.0,10460.323278726086,0.8403002309468822,0.6944444444444444,0.5833333333333334,0.49603174603174605,0.8611111111111112,0.9801587301587301,0.8690476190476191,0.027777777777777776,0.051587301587301584,0.3412698412698413,BRD_20150052,빵장수단팥빵,0.42609699769053117,False,1764.5240151172154,165.92166821826325,24,76,0.39838337182448036,True,0.5503579676674364,0.6331986143187067,0.7160392609699768,180.0,122.0,76.0,126.0,False,direct_size_estimation_deferred,매장 면적·좌석·점포별 매출이 없어 규모별 적합도와 argmax 규모는 산출하지 않음,0.4933112515698235,0.9468822170900693,usable_area_profile,True,familiar,True,0.7184468822170901,5.0
3130072,성동용답상가시장,11200,441220675.0,42751.0,10320.710041870365,0.6748267898383372,0.9206349206349206,0.38492063492063494,0.5555555555555556,0.9920634920634921,0.9841269841269841,0.9563492063492064,0.10317460317460317,0.015873015873015872,0.07936507936507936,BRD_20150052,빵장수단팥빵,0.09237875288683603,False,7452.315143625629,135.0925608781212,10,28,0.1489607390300231,True,0.26711316397228635,0.38360277136258664,0.5000923787528868,351.0,293.0,207.0,283.6666666666667,False,direct_size_estimation_deferred,매장 면적·좌석·점포별 매출이 없어 규모별 적합도와 argmax 규모는 산출하지 않음,0.48683267391152546,0.9491916859122402,usable_area_profile,True,familiar,True,0.7158775981524249,6.0
3120188,압구정역,11680,1784647410.0,134975.0,13222.058973884052,0.9404157043879908,0.7817460317460317,0.18253968253968253,0.75,0.6468253968253969,0.8531746031746031,0.9206349206349206,0.4365079365079365,0.027777777777777776,0.4880952380952381,BRD_20150052,빵장수단팥빵,0.9214780600461894,False,8761.89534289066,98.31073190628577,25,98,0.5329099307159353,True,0.9271593533487297,0.9309468822170901,0.9347344110854503,11.0,6.0,7.0,8.0,False,direct_size_estimation_deferred,매장 면적·좌석·점포별 매출이 없어 규모별 적합도와 argmax 규모는 산출하지 않음,0.512761478179845,0.930715935334873,usable_area_profile,True,familiar,True,0.7135969976905312,7.0
3120246,길동역,11740,916043297.0,88020.0,10407.217643717337,0.8409930715935335,0.8452380952380952,0.06746031746031746,0.7063492063492064,0.38492063492063494,0.6626984126984127,0.7182539682539683,0.5833333333333334,0.06746031746031746,0.6507936507936508,BRD_20150052,빵장수단팥빵,0.6766743648960739,False,709.7633408396879,87.92041856413586,26,71,0.5762124711316396,True,0.7259699769053118,0.7588337182448037,0.7916974595842956,87.0,59.0,45.0,63.666666666666664,False,direct_size_estimation_deferred,매장 면적·좌석·점포별 매출이 없어 규모별 적합도와 argmax 규모는 산출하지 않음,0.42125583196869165,0.9792147806004619,usable_area_profile,True,familiar,True,0.7113452655889145,8.0
3110883,은천초등학교(은천교앞),11620,384324031.0,36658.0,10484.042528233946,0.6409930715935335,0.6944444444444444,0.5833333333333334,0.49603174603174605,0.8611111111111112,0.9801587301587301,0.8690476190476191,0.027777777777777776,0.051587301587301584,0.3412698412698413,BRD_20150052,빵장수단팥빵,0.42609699769053117,False,590.7452919516427,165.06059494972328,13,68,0.17782909930715937,True,0.4905658198614319,0.5335450346420323,0.5765242494226328,214.0,182.0,160.0,185.33333333333334,False,direct_size_estimation_deferred,매장 면적·좌석·점포별 매출이 없어 규모별 적합도와 argmax 규모는 산출하지 않음,0.481928471293885,0.953810623556582,usable_area_profile,True,familiar,True,0.7058602771362585,9.0
3120009,종로3가역,11110,773341001.0,64864.0,11922.499398741984,0.8273672055427251,0.876984126984127,0.42857142857142855,0.503968253968254,0.75,0.9444444444444444,0.8531746031746031,0.2619047619047619,0.05952380952380952,0.3611111111111111,BRD_20150052,빵장수단팥빵,0.8660508083140878,False,6948.951647537878,125.80143085865113,24,103,0.45381062355658197,True,0.8544457274826789,0.8467090069284064,0.8389722863741338,36.0,31.0,33.0,33.333333333333336,False,direct_size_estimation_deferred,매장 면적·좌석·점포별 매출이 없어 규모별 적합도와 argmax 규모는 산출하지 않음,0.505830367560951,0.9399538106235565,usable_area_profile,True,familiar,True,0.7027424942263278,10.0
3111005,삼전역 3번,11710,233054769.0,25337.0,9198.19903698149,0.48152424942263283,0.8531746031746031,0.13095238095238096,0.6746031746031746,0.9325396825396826,0.8928571428571429,0.7063492063492064,0.4087301587301587,0.03968253968253968,0.5436507936507936,BRD_20150052,빵장수단팥빵,0.7321016166281755,False,5387.245121594997,198.59506540938497,7,54,0.053117782909930716,True,0.6569284064665126,0.6068129330254042,0.5566974595842956,120.0,134.0,177.0,143.66666666666666,False,direct_size_estimation_deferred,매장 면적·좌석·점포별 매출이 없어 규모별 적합도와 argmax 규모는 산출하지 않음,0.41930557269730073,0.9815242494226328,usable_area_profile,True,familiar,True,0.7013279445727484,11.0
3110810,영신초등학교,11560,325709619.0,29453.0,11058.62285675483,0.5928406466512702,0.8571428571428571,0.7698412698412699,0.5277777777777778,0.23809523809523808,0.9007936507936508,0.9761904761904762,0.3373015873015873,0.047619047619047616,0.25,BRD_20150052,빵장수단팥빵,0.24480369515011546,False,1479.4762587055252,74.63243262412867,11,41,0.34295612009237875,True,0.34921478060046185,0.41882217090069285,0.48842956120092373,302.0,263.0,219.0,261.3333333333333,False,direct_size_estimation_deferred,매장 면적·좌석·점포별 매출이 없어 규모별 적합도와 argmax 규모는 산출하지 않음,0.3999517591600668,0.9907621247113164,usable_area_profile,True,familiar,True,0.6912240184757505,12.0
3120081,노원역,11350,1459224642.0,143889.0,10141.32172716469,0.8973441108545035,0.8928571428571429,0.08333333333333333,0.7222222222222222,0.9444444444444444,0.7777777777777778,0.30158730158730157,0.38095238095238093,0.4444444444444444,0.6071428571428571,BRD_20150052,빵장수단팥빵,0.45958429561200925,False,14465.797039898991,36.878177844323965,34,60,0.8556581986143187,True,0.5909122401847575,0.6784642032332564,0.7660161662817552,152.0,93.0,57.0,100.66666666666667,False,direct_size_estimation_deferred,매장 면적·좌석·점포별 매출이 없어 규모별 적합도와 argmax 규모는 산출하지 않음,0.4159277030949891,0.9861431870669746,usable_area_profile,True,familiar,True,0.6876732101616629,13.0
3120068,사가정역,11260,944293896.0,91431.0,10327.940151589723,0.8467667436489608,0.8492063492063492,0.40476190476190477,0.5,0.39285714285714285,0.623015873015873,0.5714285714285714,0.16666666666666666,0.32936507936507936,0.8134920634920635,BRD_20150052,빵장수단팥빵,0.5981524249422633,False,6157.967359432526,42.201895677975386,26,50,0.7725173210161662,True,0.6727367205542725,0.7224595842956121,0.7721824480369515,113.0,70.0,53.0,78.66666666666667,False,direct_size_estimation_deferred,매장 면적·좌석·점포별 매출이 없어 규모별 적합도와 argmax 규모는 산출하지 않음,0.41697034659327503,0.9838337182448037,usable_area_profile,True,familiar,True,0.6861143187066975,14.0
3130002,세종마을음식문화거리(금천교시장),11110,1427114674.0,119648.0,11927.609939154854,0.9169745958429562,0.876984126984127,0.42857142857142855,0.503968253968254,0.75,0.9444444444444444,0.8531746031746031,0.2619047619047619,0.05952380952380952,0.3611111111111111,BRD_20150052,빵장수단팥빵,0.8660508083140878,False,5599.263612282099,20.248456733787368,42,68,0.9359122401847575,True,0.8813279445727482,0.891512702078522,0.9016974595842957,24.0,19.0,17.0,20.0,False,direct_size_estimation_deferred,매장 면적·좌석·점포별 매출이 없어 규모별 적합도와 argmax 규모는 산출하지 않음,0.3762318642770227,0.9930715935334873,usable_area_profile,True,familiar,True,0.6846997690531177,15.0
3130222,오류시장,11530,677800421.0,66656.0,10168.633296327413,0.7894919168591223,0.8412698412698413,0.8373015873015873,0.5753968253968254,0.5238095238095238,0.7579365079365079,0.7380952380952381,0.18253968253968253,0.12698412698412698,0.7658730158730159,BRD_20150052,빵장수단팥빵,0.3903002309468822,False,5682.395269627895,48.414873764798386,14,33,0.5161662817551963,True,0.5100577367205542,0.5898960739030022,0.6697344110854502,202.0,144.0,104.0,150.0,False,direct_size_estimation_deferred,매장 면적·좌석·점포별 매출이 없어 규모별 적합도와 argmax 규모는 산출하지 않음,0.5086365095190079,0.9330254041570438,usable_area_profile,True,familiar,True,0.6797632794457275,16.0
3110640,방화역 1번,11500,671414576.0,62982.0,10660.420056524086,0.7871824480369516,0.8373015873015873,0.23809523809523808,0.623015873015873,0.32142857142857145,0.8333333333333334,0.9246031746031746,0.46825396825396826,0.05555555555555555,0.42063492063492064,BRD_20150052,빵장수단팥빵,0.8233256351039261,False,3878.7051962946975,241.56986569432095,5,25,0.02482678983833718,True,0.8124826789838338,0.8052540415704388,0.7980254041570439,49.0,46.0,43.0,46.0,False,direct_size_estimation_deferred,매장 면적·좌석·점포별 매출이 없어 규모별 적합도와 argmax 규모는 산출하지 않음,0.7497100977214988,0.8106235565819861,usable_area_profile,True,familiar,True,0.6794457274826791,17.0
3120107,공덕역(공덕오거리),11440,1051109080.0,111230.0,9449.870358716174,0.8578521939953809,0.9404761904761905,0.4246031746031746,0.5833333333333334,0.9642857142857143,0.9880952380952381,0.9841269841269841,0.1111111111111111,0.011904761904761904,0.051587301587301584,BRD_20150052,빵장수단팥빵,0.1397228637413395,False,3252.982631368145,80.05623025110103,24,77,0.5762124711316398,True,0.3551616628175519,0.4987875288683602,0.6424133949191685,298.0,208.0,119.0,208.33333333333334,False,direct_size_estimation_deferred,매장 면적·좌석·점포별 매출이 없어 규모별 적합도와 argmax 규모는 산출하지 않음,0.5737782565844572,0.9145496535796767,usable_area_profile,True,familiar,True,0.6767609699769052,18.0
3120120,화곡역,11500,2140760825.0,296121.0,7229.34484551923,0.8866050808314089,0.8373015873015873,0.23809523809523808,0.623015873015873,0.32142857142857145,0.8333333333333334,0.9246031746031746,0.46825396825396826,0.05555555555555555,0.42063492063492064,BRD_20150052,빵장수단팥빵,0.8233256351039261,False,724.5170805708254,26.400757567542716,25,53,0.8181293302540416,True,0.842309468822171,0.8549653579676675,0.867621247113164,40.0,28.0,21.0,29.666666666666668,False,direct_size_estimation_deferred,매장 면적·좌석·점포별 매출이 없어 규모별 적합도와 argmax 규모는 산출하지 않음,0.4733969709533714,0.9584295612009238,usable_area_profile,True,familiar,True,0.6739896073903002,19.0
3120080,마들역,11350,1045100686.0,106340.0,9827.916926838443,0.858891454965358,0.8928571428571429,0.08333333333333333,0.7222222222222222,0.9444444444444444,0.7777777777777778,0.30158730158730157,0.38095238095238093,0.4444444444444444,0.6071428571428571,BRD_20150052,빵장수단팥빵,0.45958429561200925,False,15695.30968154214,45.607017023633105,8,32,0.4087759815242494,True,0.5793764434180139,0.6592378752886836,0.7390993071593533,158.0,105.0,66.0,109.66666666666667,False,direct_size_estimation_deferred,매장 면적·좌석·점포별 매출이 없어 규모별 적합도와 argmax 규모는 산출하지 않음,0.6507996928737154,0.8614318706697459,usable_area_profile,True,familiar,True,0.6702655889145497,20.0
3120038,약수역,11140,1550178516.0,134777.0,11501.803096967584,0.9235565819861433,0.873015873015873,0.5793650793650794,0.6428571428571429,0.34523809523809523,0.8571428571428571,0.8214285714285714,0.0873015873015873,0.023809523809523808,0.8293650793650794,BRD_20211367,삼송빵집,0.17782909930715934,False,4921.42916236213,62.64183906448842,18,44,0.5508083140877598,True,0.4015473441108545,0.5506928406466514,0.699838337182448,265.0,160.0,88.0,171.0,False,direct_size_estimation_deferred,매장 면적·좌석·점포별 매출이 없어 규모별 적합도와 argmax 규모는 산출하지 않음,0.355374661498938,0.9792147806004619,usable_area_profile,True,familiar,True,0.7357967667436489,1.0
3130072,성동용답상가시장,11200,441220675.0,42751.0,10320.710041870365,0.6748267898383372,0.9206349206349206,0.38492063492063494,0.5555555555555556,0.9920634920634921,0.9841269841269841,0.9563492063492064,0.10317460317460317,0.015873015873015872,0.07936507936507936,BRD_20211367,삼송빵집,0.016166281755196306,False,2250.658792456432,135.0925608781212,10,28,0.1489607390300231,True,0.21376443418013857,0.34549653579676676,0.4772286374133949,381.0,323.0,220.0,308.0,False,direct_size_estimation_deferred,매장 면적·좌석·점포별 매출이 없어 규모별 적합도와 argmax 규모는 산출하지 않음,0.38571516686284435,0.9722863741339491,usable_area_profile,True,familiar,True,0.7297344110854503,2.0
3110883,은천초등학교(은천교앞),11620,384324031.0,36658.0,10484.042528233946,0.6409930715935335,0.6944444444444444,0.5833333333333334,0.49603174603174605,0.8611111111111112,0.9801587301587301,0.8690476190476191,0.027777777777777776,0.051587301587301584,0.3412698412698413,BRD_20211367,삼송빵집,0.24133949191685913,False,4087.556360481768,165.06059494972328,13,69,0.17782909930715937,True,0.36123556581986144,0.4411662817551963,0.5210969976905311,290.0,260.0,193.0,247.66666666666666,False,direct_size_estimation_deferred,매장 면적·좌석·점포별 매출이 없어 규모별 적합도와 argmax 규모는 산출하지 않음,0.35192801237630505,0.9884526558891455,usable_area_profile,True,familiar,True,0.7266454965357967,3.0
3120246,길동역,11740,916043297.0,88020.0,10407.217643717337,0.8409930715935335,0.8452380952380952,0.06746031746031746,0.7063492063492064,0.38492063492063494,0.6626984126984127,0.7182539682539683,0.5833333333333334,0.06746031746031746,0.6507936507936508,BRD_20211367,삼송빵집,0.6351039260969977,False,7511.365588214791,87.92041856413586,26,72,0.5767898383371824,True,0.6968706697459585,0.7380484988452656,0.7792263279445728,94.0,56.0,41.0,63.666666666666664,False,direct_size_estimation_deferred,매장 면적·좌석·점포별 매출이 없어 규모별 적합도와 argmax 규모는 산출하지 않음,0.35223559749264455,0.9861431870669746,usable_area_profile,True,familiar,True,0.7154157043879907,4.0
3120166,방배역,11650,1455145059.0,122673.0,11861.983150326478,0.9176674364896074,0.7619047619047619,0.2857142857142857,0.7023809523809523,0.6785714285714286,0.8293650793650794,0.7777777777777778,0.42857142857142855,0.08333333333333333,0.5198412698412699,BRD_20211367,삼송빵집,0.9064665127020786,False,5150.52278901198,99.2975326976693,12,28,0.2673210161662818,True,0.9098267898383372,0.912066974595843,0.9143071593533487,6.0,4.0,3.0,4.333333333333333,False,direct_size_estimation_deferred,매장 면적·좌석·점포별 매출이 없어 규모별 적합도와 argmax 규모는 산출하지 않음,0.5888800985764943,0.8729792147806005,usable_area_profile,True,familiar,True,0.7131062355658198,5.0
3110892,관악구 중앙길,11620,913081619.0,87290.0,10460.323278726086,0.8403002309468822,0.6944444444444444,0.5833333333333334,0.49603174603174605,0.8611111111111112,0.9801587301587301,0.8690476190476191,0.027777777777777776,0.051587301587301584,0.3412698412698413,BRD_20211367,삼송빵집,0.24133949191685913,False,5186.3085137810895,165.92166821826325,24,76,0.3978060046189376,True,0.421027713625866,0.5408198614318707,0.6606120092378752,253.0,164.0,104.0,173.66666666666666,False,direct_size_estimation_deferred,매장 면적·좌석·점포별 매출이 없어 규모별 적합도와 argmax 규모는 산출하지 않음,0.4873792095575538,0.9376443418013857,usable_area_profile,True,familiar,True,0.7129907621247112,6.0
3120188,압구정역,11680,1784647410.0,134975.0,13222.058973884052,0.9404157043879908,0.7817460317460317,0.18253968253968253,0.75,0.6468253968253969,0.8531746031746031,0.9206349206349206,0.4365079365079365,0.027777777777777776,0.4880952380952381,BRD_20211367,삼송빵집,0.8106235565819861,False,3136.502510755413,98.31073190628577,25,98,0.5323325635103926,True,0.8495612009237874,0.8755196304849885,0.9014780600461894,22.0,11.0,6.0,13.0,False,direct_size_estimation_deferred,매장 면적·좌석·점포별 매출이 없어 규모별 적합도와 argmax 규모는 산출하지 않음,0.5077565218087392,0.9284064665127021,usable_area_profile,True,familiar,True,0.71229792147806,7.0
3120009,종로3가역,11110,773341001.0,64864.0,11922.499398741984,0.8273672055427251,0.876984126984127,0.42857142857142855,0.503968253968254,0.75,0.9444444444444444,0.8531746031746031,0.2619047619047619,0.05952380952380952,0.3611111111111111,BRD_20211367,삼송빵집,0.4942263279445728,False,5518.69993749603,125.80143085865113,24,103,0.4532332563510392,True,0.5941685912240184,0.660796766743649,0.7274249422632794,151.0,101.0,70.0,107.33333333333333,False,direct_size_estimation_deferred,매장 면적·좌석·점포별 매출이 없어 규모별 적합도와 argmax 규모는 산출하지 않음,0.4905395117880487,0.9353348729792148,usable_area_profile,True,familiar,True,0.7000577367205543,8.0
3130222,오류시장,11530,677800421.0,66656.0,10168.633296327413,0.7894919168591223,0.8412698412698413,0.8373015873015873,0.5753968253968254,0.5238095238095238,0.7579365079365079,0.7380952380952381,0.18253968253968253,0.12698412698412698,0.7658730158730159,BRD_20211367,삼송빵집,0.5635103926096998,False,6081.266315508863,48.414873764798386,14,33,0.5161662817551963,True,0.6313048498845265,0.6765011547344111,0.7216974595842955,127.0,92.0,75.0,98.0,False,direct_size_estimation_deferred,매장 면적·좌석·점포별 매출이 없어 규모별 적합도와 argmax 규모는 산출하지 않음,0.41298028791691804,0.9630484988452656,usable_area_profile,True,familiar,True,0.6977771362586604,9.0
3111021,방이역 4번,11710,394829518.0,38606.0,10227.154276537325,0.6466512702078522,0.8531746031746031,0.13095238095238096,0.6746031746031746,0.9325396825396826,0.8928571428571429,0.7063492063492064,0.4087301587301587,0.03968253968253968,0.5436507936507936,BRD_20211367,삼송빵집,0.3695150115473441,False,5627.352663547738,115.2085066609535,15,51,0.29907621247113164,True,0.45265588914549654,0.5080831408775981,0.5635103926096997,237.0,191.0,162.0,196.66666666666666,False,direct_size_estimation_deferred,매장 면적·좌석·점포별 매출이 없어 규모별 적합도와 argmax 규모는 산출하지 않음,0.42624720156694806,0.9584295612009238,usable_area_profile,True,familiar,True,0.6918591224018475,10.0
3110640,방화역 1번,11500,671414576.0,62982.0,10660.420056524086,0.7871824480369516,0.8373015873015873,0.23809523809523808,0.623015873015873,0.32142857142857145,0.8333333333333334,0.9246031746031746,0.46825396825396826,0.05555555555555555,0.42063492063492064,BRD_20211367,삼송빵집,0.7193995381062356,False,2779.3842843397356,241.56986569432095,5,25,0.02482678983833718,True,0.7397344110854503,0.7532909930715936,0.7668475750577368,70.0,49.0,47.0,55.333333333333336,False,direct_size_estimation_deferred,매장 면적·좌석·점포별 매출이 없어 규모별 적합도와 argmax 규모는 산출하지 않음,0.6477072761079382,0.8267898383371824,usable_area_profile,True,familiar,True,0.6891454965357968,11.0
3110810,영신초등학교,11560,325709619.0,29453.0,11058.62285675483,0.5928406466512702,0.8571428571428571,0.7698412698412699,0.5277777777777778,0.23809523809523808,0.9007936507936508,0.9761904761904762,0.3373015873015873,0.047619047619047616,0.25,BRD_20211367,삼송빵집,0.13394919168591224,False,953.2580972726794,74.63243262412867,11,40,0.34295612009237875,True,0.2716166281755196,0.36339491916859123,0.4551732101616628,354.0,308.0,236.0,299.3333333333333,False,direct_size_estimation_deferred,매장 면적·좌석·점포별 매출이 없어 규모별 적합도와 argmax 규모는 산출하지 않음,0.35271425469351225,0.9815242494226328,usable_area_profile,True,familiar,True,0.6856812933025405,12.0
3111005,삼전역 3번,11710,233054769.0,25337.0,9198.19903698149,0.48152424942263283,0.8531746031746031,0.13095238095238096,0.6746031746031746,0.9325396825396826,0.8928571428571429,0.7063492063492064,0.4087301587301587,0.03968253968253968,0.5436507936507936,BRD_20211367,삼송빵집,0.3695150115473441,False,2853.549543991305,198.59506540938497,7,54,0.053117782909930716,True,0.4031177829099307,0.4255196304849885,0.4479214780600462,262.0,269.0,242.0,257.6666666666667,False,direct_size_estimation_deferred,매장 면적·좌석·점포별 매출이 없어 규모별 적합도와 argmax 규모는 산출하지 않음,0.43732309374744055,0.9515011547344111,usable_area_profile,True,familiar,True,0.6833140877598153,13.0
3120068,사가정역,11260,944293896.0,91431.0,10327.940151589723,0.8467667436489608,0.8492063492063492,0.40476190476190477,0.5,0.39285714285714285,0.623015873015873,0.5714285714285714,0.16666666666666666,0.32936507936507936,0.8134920634920635,BRD_20211367,삼송빵집,0.9445727482678984,False,1748.4121367867892,42.201895677975386,26,50,0.773094688221709,True,0.9152309468822171,0.8956697459584295,0.876108545034642,4.0,7.0,11.0,7.333333333333333,False,direct_size_estimation_deferred,매장 면적·좌석·점포별 매출이 없어 규모별 적합도와 argmax 규모는 산출하지 않음,0.3818750801422233,0.976905311778291,usable_area_profile,True,familiar,True,0.6818706697459584,14.0
3120226,석촌고분역,11710,497422151.0,44126.0,11272.767778633912,0.7166281755196304,0.8531746031746031,0.13095238095238096,0.6746031746031746,0.9325396825396826,0.8928571428571429,0.7063492063492064,0.4087301587301587,0.03968253968253968,0.5436507936507936,BRD_20211367,삼송빵집,0.3695150115473441,False,3480.8856631605663,58.872744129090485,22,78,0.6351039260969977,True,0.47364896073903,0.5430715935334873,0.6124942263279445,226.0,162.0,133.0,173.66666666666666,False,direct_size_estimation_deferred,매장 면적·좌석·점포별 매출이 없어 규모별 적합도와 argmax 규모는 산출하지 않음,0.33446307758275157,0.9953810623556582,usable_area_profile,True,familiar,True,0.6811200923787528,15.0
3120228,석촌역(석촌호수),11710,510280686.0,47215.0,10807.596865402944,0.7248267898383373,0.8531746031746031,0.13095238095238096,0.6746031746031746,0.9325396825396826,0.8928571428571429,0.7063492063492064,0.4087301587301587,0.03968253968253968,0.5436507936507936,BRD_20211367,삼송빵집,0.3695150115473441,False,4238.747574458275,78.44743464456866,38,113,0.6853348729792148,True,0.47610854503464206,0.5471709006928407,0.6182332563510393,223.0,161.0,129.0,171.0,False,direct_size_estimation_deferred,매장 면적·좌석·점포별 매출이 없어 규모별 적합도와 argmax 규모는 산출하지 않음,0.34444662437840406,0.9930715935334873,usable_area_profile,True,familiar,True,0.6742494226327944,16.0
3120158,녹두거리(대학동),11620,695809095.0,79236.0,8781.476790852643,0.7778290993071594,0.6944444444444444,0.5833333333333334,0.49603174603174605,0.8611111111111112,0.9801587301587301,0.8690476190476191,0.027777777777777776,0.051587301587301584,0.3412698412698413,BRD_20211367,삼송빵집,0.24133949191685913,False,5663.442151218367,107.28000742995447,15,20,0.3140877598152425,True,0.4022863741339492,0.5095842956120092,0.6168822170900693,264.0,189.0,131.0,194.66666666666666,False,direct_size_estimation_deferred,매장 면적·좌석·점포별 매출이 없어 규모별 적합도와 argmax 규모는 산출하지 않음,0.58806347945058,0.8752886836027713,usable_area_profile,True,familiar,True,0.6725173210161662,17.0
3120056,구의역,11215,311680026.0,30426.0,10243.871228554526,0.5764434180138568,0.8650793650793651,0.5238095238095238,0.6309523809523809,0.7698412698412699,0.9087301587301587,0.7023809523809523,0.1388888888888889,0.0992063492063492,0.6031746031746031,BRD_20211367,삼송빵집,0.7586605080831409,False,3651.3505720304624,109.93179701028201,24,62,0.48325635103926096,True,0.7039953810623556,0.6675519630484988,0.631108545034642,89.0,97.0,121.0,102.33333333333333,False,direct_size_estimation_deferred,매장 면적·좌석·점포별 매출이 없어 규모별 적합도와 argmax 규모는 산출하지 않음,0.3321161933972526,0.9976905311778291,usable_area_profile,True,familiar,True,0.6702367205542725,18.0
3120152,신대방삼거리역,11590,953145793.0,102228.0,9323.72532965528,0.8353348729792147,0.8611111111111112,0.5158730158730159,0.42857142857142855,0.753968253968254,0.9563492063492064,0.6626984126984127,0.11507936507936507,0.09523809523809523,0.5674603174603174,BRD_20211367,삼송빵집,0.5969976905311778,False,2502.205826878229,79.30952023733208,18,47,0.4780600461893764,True,0.6684988452655889,0.7161662817551963,0.7638337182448035,104.0,67.0,50.0,73.66666666666667,False,direct_size_estimation_deferred,매장 면적·좌석·점포별 매출이 없어 규모별 적합도와 argmax 규모는 산출하지 않음,0.5684322890323502,0.8845265588914549,usable_area_profile,True,familiar,True,0.6678406466512702,19.0
3110815,공군호텔,11560,311003172.0,32124.0,9681.333955920807,0.5698614318706697,0.8571428571428571,0.7698412698412699,0.5277777777777778,0.23809523809523808,0.9007936507936508,0.9761904761904762,0.3373015873015873,0.047619047619047616,0.25,BRD_20211367,삼송빵집,0.13394919168591224,False,1356.0921797606877,44.72135959188009,10,26,0.4422632794457275,True,0.26472286374133946,0.351905311778291,0.43908775981524245,358.0,314.0,247.0,306.3333333333333,False,direct_size_estimation_deferred,매장 면적·좌석·점포별 매출이 없어 규모별 적합도와 argmax 규모는 산출하지 않음,0.35233699877736124,0.9838337182448037,usable_area_profile,True,familiar,True,0.6664260969976905,20.0
3110892,관악구 중앙길,11620,913081619.0,87290.0,10460.323278726086,0.8403002309468822,0.6944444444444444,0.5833333333333334,0.49603174603174605,0.8611111111111112,0.9801587301587301,0.8690476190476191,0.027777777777777776,0.051587301587301584,0.3412698412698413,BRD_20230468,소림사,0.34757505773672054,False,1979.0040424053163,165.92166821826325,24,76,0.39838337182448036,True,0.495392609699769,0.5939376443418014,0.6924826789838336,211.0,136.0,86.0,144.33333333333334,False,direct_size_estimation_deferred,매장 면적·좌석·점포별 매출이 없어 규모별 적합도와 argmax 규모는 산출하지 않음,0.42180319385918774,0.9884526558891455,usable_area_profile,True,familiar,True,0.7433891454965358,1.0
3120037,동대문역사문화공원역,11140,991150857.0,75063.0,13204.253187322649,0.8695150115473441,0.873015873015873,0.5793650793650794,0.6428571428571429,0.34523809523809523,0.8571428571428571,0.8214285714285714,0.0873015873015873,0.023809523809523808,0.8293650793650794,BRD_20230468,소림사,0.26096997690531176,False,1705.5629569499367,125.25573836405046,15,74,0.2806004618937644,True,0.44353348729792147,0.5652424942263279,0.6869515011547344,244.0,152.0,90.0,162.0,False,direct_size_estimation_deferred,매장 면적·좌석·점포별 매출이 없어 규모별 적합도와 argmax 규모는 산출하지 않음,0.5405237524648763,0.9445727482678984,usable_area_profile,True,familiar,True,0.7420323325635104,2.0
3120069,상봉역,11260,1511381851.0,142985.0,10570.212616708046,0.9086605080831409,0.8492063492063492,0.40476190476190477,0.5,0.39285714285714285,0.623015873015873,0.5714285714285714,0.16666666666666666,0.32936507936507936,0.8134920634920635,BRD_20230468,소림사,0.8706697459584296,False,5607.677772457989,89.18520055817115,16,56,0.3937644341801385,True,0.8820669745958429,0.8896651270207853,0.8972632794457274,16.0,12.0,8.0,12.0,False,direct_size_estimation_deferred,매장 면적·좌석·점포별 매출이 없어 규모별 적합도와 argmax 규모는 산출하지 않음,0.5176113503269802,0.9561200923787528,usable_area_profile,True,familiar,True,0.7417725173210161,3.0
3120188,압구정역,11680,1784647410.0,134975.0,13222.058973884052,0.9404157043879908,0.7817460317460317,0.18253968253968253,0.75,0.6468253968253969,0.8531746031746031,0.9206349206349206,0.4365079365079365,0.027777777777777776,0.4880952380952381,BRD_20230468,소림사,0.7066974595842956,False,4611.232047981395,98.31073190628577,25,98,0.5340646651270209,True,0.7768129330254041,0.8235565819861432,0.8703002309468822,59.0,29.0,16.0,34.666666666666664,False,direct_size_estimation_deferred,매장 면적·좌석·점포별 매출이 없어 규모별 적합도와 argmax 규모는 산출하지 않음,0.5152356103003339,0.9584295612009238,usable_area_profile,True,familiar,True,0.7300519630484988,4.0
3130072,성동용답상가시장,11200,441220675.0,42751.0,10320.710041870365,0.6748267898383372,0.9206349206349206,0.38492063492063494,0.5555555555555556,0.9920634920634921,0.9841269841269841,0.9563492063492064,0.10317460317460317,0.015873015873015872,0.07936507936507936,BRD_20230468,소림사,0.13394919168591224,False,2515.5764746950363,135.0925608781212,10,28,0.1489607390300231,True,0.29621247113163973,0.4043879907621247,0.5125635103926097,334.0,282.0,206.0,274.0,False,direct_size_estimation_deferred,매장 면적·좌석·점포별 매출이 없어 규모별 적합도와 argmax 규모는 산출하지 않음,0.5138145321011462,0.9607390300230947,usable_area_profile,True,familiar,True,0.7228060046189376,5.0
3120107,공덕역(공덕오거리),11440,1051109080.0,111230.0,9449.870358716174,0.8578521939953809,0.9404761904761905,0.4246031746031746,0.5833333333333334,0.9642857142857143,0.9880952380952381,0.9841269841269841,0.1111111111111111,0.011904761904761904,0.051587301587301584,BRD_20230468,소림사,0.049653579676674366,False,2166.5502532804,80.05623025110103,24,77,0.5785219399538106,True,0.2921131639722863,0.45375288683602766,0.6153926096997689,336.0,249.0,140.0,241.66666666666666,False,direct_size_estimation_deferred,매장 면적·좌석·점포별 매출이 없어 규모별 적합도와 argmax 규모는 산출하지 않음,0.4429433892550649,0.9815242494226328,usable_area_profile,True,familiar,True,0.7165993071593534,6.0
3120153,노량진역(노량진),11590,595426544.0,103117.0,5774.2810981700395,0.7636258660508083,0.8611111111111112,0.5158730158730159,0.42857142857142855,0.753968253968254,0.9563492063492064,0.6626984126984127,0.11507936507936507,0.09523809523809523,0.5674603174603174,BRD_20230468,소림사,0.9018475750577367,False,2461.528996417717,132.0075755359234,5,24,0.09526558891454966,True,0.8603810623556583,0.8327367205542725,0.8050923787528868,24.0,26.0,37.0,29.0,False,direct_size_estimation_deferred,매장 면적·좌석·점포별 매출이 없어 규모별 적합도와 argmax 규모는 산출하지 않음,0.6775002310881403,0.8845265588914549,usable_area_profile,True,familiar,True,0.7073325635103925,7.0
3111005,삼전역 3번,11710,233054769.0,25337.0,9198.19903698149,0.48152424942263283,0.8531746031746031,0.13095238095238096,0.6746031746031746,0.9325396825396826,0.8928571428571429,0.7063492063492064,0.4087301587301587,0.03968253968253968,0.5436507936507936,BRD_20230468,소림사,0.44341801385681295,False,5291.007654511102,198.59506540938497,7,54,0.053117782909930716,True,0.45484988452655895,0.46247113163972287,0.47009237875288684,237.0,245.0,230.0,237.33333333333334,False,direct_size_estimation_deferred,매장 면적·좌석·점포별 매출이 없어 규모별 적합도와 argmax 규모는 산출하지 않음,0.42932242050563174,0.9861431870669746,usable_area_profile,True,familiar,True,0.7040993071593534,8.0
3120175,남부터미널역,11650,960650667.0,103198.0,9308.810897498013,0.8390300230946882,0.7619047619047619,0.2857142857142857,0.7023809523809523,0.6785714285714286,0.8293650793650794,0.7777777777777778,0.42857142857142855,0.08333333333333333,0.5198412698412699,BRD_20230468,소림사,0.9780600461893765,False,6581.985718600751,49.929950906089985,13,46,0.4826789838337182,True,0.93635103926097,0.9085450346420323,0.8807390300230946,7.0,7.0,15.0,9.666666666666666,False,direct_size_estimation_deferred,매장 면적·좌석·점포별 매출이 없어 규모별 적합도와 argmax 규모는 산출하지 않음,0.5992652784820656,0.9260969976905312,usable_area_profile,True,familiar,True,0.693013856812933,9.0
3110810,영신초등학교,11560,325709619.0,29453.0,11058.62285675483,0.5928406466512702,0.8571428571428571,0.7698412698412699,0.5277777777777778,0.23809523809523808,0.9007936507936508,0.9761904761904762,0.3373015873015873,0.047619047619047616,0.25,BRD_20230468,소림사,0.21709006928406466,False,3249.8495349681434,74.63243262412867,11,41,0.34526558891454967,True,0.32981524249422633,0.4049653579676674,0.4801154734411085,314.0,280.0,224.0,272.6666666666667,False,direct_size_estimation_deferred,매장 면적·좌석·점포별 매출이 없어 규모별 적합도와 argmax 규모는 산출하지 않음,0.42122949554805145,0.9907621247113164,usable_area_profile,True,familiar,True,0.6908775981524249,10.0
3120120,화곡역,11500,2140760825.0,296121.0,7229.34484551923,0.8866050808314089,0.8373015873015873,0.23809523809523808,0.623015873015873,0.32142857142857145,0.8333333333333334,0.9246031746031746,0.46825396825396826,0.05555555555555555,0.42063492063492064,BRD_20230468,소림사,0.4976905311778291,False,8279.959903281882,26.400757567542716,25,54,0.8181293302540416,True,0.614364896073903,0.692147806004619,0.7699307159353349,140.0,88.0,50.0,92.66666666666667,False,direct_size_estimation_deferred,매장 면적·좌석·점포별 매출이 없어 규모별 적합도와 argmax 규모는 산출하지 않음,0.4330121705346356,0.9838337182448037,usable_area_profile,True,familiar,True,0.6892321016166283,11.0
3120166,방배역,11650,1455145059.0,122673.0,11861.983150326478,0.9176674364896074,0.7619047619047619,0.2857142857142857,0.7023809523809523,0.6785714285714286,0.8293650793650794,0.7777777777777778,0.42857142857142855,0.08333333333333333,0.5198412698412699,BRD_20230468,소림사,0.9780600461893765,False,5713.48833901069,99.2975326976693,12,28,0.2684757505773672,True,0.9599422632794457,0.9478637413394919,0.935785219399538,3.0,3.0,3.0,3.0,False,direct_size_estimation_deferred,매장 면적·좌석·점포별 매출이 없어 규모별 적합도와 argmax 규모는 산출하지 않음,0.7531084528024812,0.8244803695150116,usable_area_profile,True,familiar,True,0.6838337182448037,12.0
3110883,은천초등학교(은천교앞),11620,384324031.0,36658.0,10484.042528233946,0.6409930715935335,0.6944444444444444,0.5833333333333334,0.49603174603174605,0.8611111111111112,0.9801587301587301,0.8690476190476191,0.027777777777777776,0.051587301587301584,0.3412698412698413,BRD_20230468,소림사,0.34757505773672054,False,850.2917146066292,165.06059494972328,13,68,0.17782909930715937,True,0.43560046189376445,0.494284064665127,0.5529676674364895,250.0,214.0,179.0,214.33333333333334,False,direct_size_estimation_deferred,매장 면적·좌석·점포별 매출이 없어 규모별 적합도와 argmax 규모는 산출하지 않음,0.6326627928834317,0.9053117782909931,usable_area_profile,True,familiar,True,0.6767609699769053,13.0
3120158,녹두거리(대학동),11620,695809095.0,79236.0,8781.476790852643,0.7778290993071594,0.6944444444444444,0.5833333333333334,0.49603174603174605,0.8611111111111112,0.9801587301587301,0.8690476190476191,0.027777777777777776,0.051587301587301584,0.3412698412698413,BRD_20230468,소림사,0.34757505773672054,False,1614.0043370498913,107.28000742995447,15,20,0.31524249422632794,True,0.47665127020785214,0.56270207852194,0.6487528868360277,223.0,154.0,114.0,163.66666666666666,False,direct_size_estimation_deferred,매장 면적·좌석·점포별 매출이 없어 규모별 적합도와 argmax 규모는 산출하지 않음,0.6778725541583833,0.8822170900692841,usable_area_profile,True,familiar,True,0.6765011547344111,14.0
3120159,서울대입구역,11620,577357524.0,63766.0,9054.316155945175,0.7378752886836027,0.6944444444444444,0.5833333333333334,0.49603174603174605,0.8611111111111112,0.9801587301587301,0.8690476190476191,0.027777777777777776,0.051587301587301584,0.3412698412698413,BRD_20230468,소림사,0.34757505773672054,False,2062.580180227868,112.61438631512817,37,77,0.575635103926097,True,0.4646651270207852,0.5427251732101617,0.620785219399538,234.0,175.0,137.0,182.0,False,direct_size_estimation_deferred,매장 면적·좌석·점포별 매출이 없어 규모별 적합도와 argmax 규모는 산출하지 않음,0.5131698818806543,0.9630484988452656,usable_area_profile,True,familiar,True,0.6759526558891454,15.0
3120028,명동(명동거리),11140,1220806458.0,114833.0,10631.14660419914,0.888799076212471,0.873015873015873,0.5793650793650794,0.6428571428571429,0.34523809523809523,0.8571428571428571,0.8214285714285714,0.0873015873015873,0.023809523809523808,0.8293650793650794,BRD_20230468,소림사,0.26096997690531176,False,1434.1635192731487,30.675723307169914,43,94,0.9053117782909931,True,0.4493187066974595,0.5748845265588913,0.7004503464203231,239.0,146.0,79.0,154.66666666666666,False,direct_size_estimation_deferred,매장 면적·좌석·점포별 매출이 없어 규모별 적합도와 argmax 규모는 산출하지 않음,0.47261572509234406,0.9722863741339491,usable_area_profile,True,familiar,True,0.6697748267898384,16.0
3120003,광화문역,11110,756200869.0,75218.0,10053.456207290808,0.8042725173210161,0.876984126984127,0.42857142857142855,0.503968253968254,0.75,0.9444444444444444,0.8531746031746031,0.2619047619047619,0.05952380952380952,0.3611111111111111,BRD_20230468,소림사,0.7990762124711316,False,1508.377273736884,69.12307861572918,25,101,0.6426096997690531,True,0.8006351039260968,0.8016743648960738,0.8027136258660507,45.0,38.0,40.0,41.0,False,direct_size_estimation_deferred,매장 면적·좌석·점포별 매출이 없어 규모별 적합도와 argmax 규모는 산출하지 않음,0.5659815537296873,0.9399538106235565,usable_area_profile,True,familiar,True,0.66864896073903,17.0
3120038,약수역,11140,1550178516.0,134777.0,11501.803096967584,0.9235565819861433,0.873015873015873,0.5793650793650794,0.6428571428571429,0.34523809523809523,0.8571428571428571,0.8214285714285714,0.0873015873015873,0.023809523809523808,0.8293650793650794,BRD_20230468,소림사,0.26096997690531176,False,2747.816769761925,62.64183906448842,18,44,0.5525404157043879,True,0.45974595842956123,0.5922632794457275,0.7247806004618937,235.0,137.0,69.0,147.0,False,direct_size_estimation_deferred,매장 면적·좌석·점포별 매출이 없어 규모별 적합도와 argmax 규모는 산출하지 않음,0.6963820433465424,0.8660508083140878,usable_area_profile,True,familiar,True,0.6676385681293303,18.0
3120056,구의역,11215,311680026.0,30426.0,10243.871228554526,0.5764434180138568,0.8650793650793651,0.5238095238095238,0.6309523809523809,0.7698412698412699,0.9087301587301587,0.7023809523809523,0.1388888888888889,0.0992063492063492,0.6031746031746031,BRD_20230468,소림사,0.9364896073903002,False,1548.6161564348167,109.93179701028201,24,62,0.4838337182448037,True,0.8284757505773671,0.7564665127020784,0.6844572748267898,35.0,53.0,91.0,59.666666666666664,False,direct_size_estimation_deferred,매장 면적·좌석·점포별 매출이 없어 규모별 적합도와 argmax 규모는 산출하지 않음,0.40564835559128987,0.9930715935334873,usable_area_profile,True,familiar,True,0.6673787528868359,19.0
3120228,석촌역(석촌호수),11710,510280686.0,47215.0,10807.596865402944,0.7248267898383373,0.8531746031746031,0.13095238095238096,0.6746031746031746,0.9325396825396826,0.8928571428571429,0.7063492063492064,0.4087301587301587,0.03968253968253968,0.5436507936507936,BRD_20230468,소림사,0.44341801385681295,False,4161.351943795819,78.44743464456866,38,113,0.6882217090069285,True,0.5278406466512702,0.5841224018475751,0.64040415704388,195.0,141.0,120.0,152.0,False,direct_size_estimation_deferred,매장 면적·좌석·점포별 매출이 없어 규모별 적합도와 argmax 규모는 산출하지 않음,0.44811274711748067,0.9792147806004619,usable_area_profile,True,familiar,True,0.665502309468822,20.0
3120166,방배역,11650,1455145059.0,122673.0,11861.983150326478,0.9176674364896074,0.7619047619047619,0.2857142857142857,0.7023809523809523,0.6785714285714286,0.8293650793650794,0.7777777777777778,0.42857142857142855,0.08333333333333333,0.5198412698412699,BRD_20140288,스트릿츄러스,0.9780600461893765,False,2513.5252137350526,99.2975326976693,12,28,0.2673210161662818,True,0.9599422632794457,0.9478637413394919,0.935785219399538,3.0,3.0,5.0,3.6666666666666665,False,direct_size_estimation_deferred,매장 면적·좌석·점포별 매출이 없어 규모별 적합도와 argmax 규모는 산출하지 않음,0.4700150412050755,0.9630484988452656,usable_area_profile,True,familiar,True,0.7671478060046188,1.0
3120188,압구정역,11680,1784647410.0,134975.0,13222.058973884052,0.9404157043879908,0.7817460317460317,0.18253968253968253,0.75,0.6468253968253969,0.8531746031746031,0.9206349206349206,0.4365079365079365,0.027777777777777776,0.4880952380952381,BRD_20140288,스트릿츄러스,0.7205542725173211,False,2950.8968128188217,98.31073190628577,25,98,0.5323325635103926,True,0.7865127020785219,0.830484988452656,0.8744572748267898,53.0,27.0,18.0,32.666666666666664,False,direct_size_estimation_deferred,매장 면적·좌석·점포별 매출이 없어 규모별 적합도와 argmax 규모는 산출하지 않음,0.3812848977905176,0.9930715935334873,usable_area_profile,True,familiar,True,0.7510969976905311,2.0
3120069,상봉역,11260,1511381851.0,142985.0,10570.212616708046,0.9086605080831409,0.8492063492063492,0.40476190476190477,0.5,0.39285714285714285,0.623015873015873,0.5714285714285714,0.16666666666666666,0.32936507936507936,0.8134920634920635,BRD_20140288,스트릿츄러스,0.9399538106235565,False,3730.3652636260695,89.18520055817115,16,56,0.3920323325635104,True,0.9305658198614317,0.9243071593533487,0.9180484988452655,8.0,6.0,7.0,7.0,False,direct_size_estimation_deferred,매장 면적·좌석·점포별 매출이 없어 규모별 적합도와 argmax 규모는 산출하지 않음,0.47818066044441343,0.9584295612009238,usable_area_profile,True,familiar,True,0.7434180138568129,3.0
3130072,성동용답상가시장,11200,441220675.0,42751.0,10320.710041870365,0.6748267898383372,0.9206349206349206,0.38492063492063494,0.5555555555555556,0.9920634920634921,0.9841269841269841,0.9563492063492064,0.10317460317460317,0.015873015873015872,0.07936507936507936,BRD_20140288,스트릿츄러스,0.13394919168591224,False,6209.884056905801,135.0925608781212,10,28,0.14953810623556585,True,0.29621247113163973,0.4043879907621247,0.5125635103926097,340.0,287.0,210.0,279.0,False,direct_size_estimation_deferred,매장 면적·좌석·점포별 매출이 없어 규모별 적합도와 argmax 규모는 산출하지 않음,0.398120967798322,0.9907621247113164,usable_area_profile,True,familiar,True,0.7407332563510393,4.0
3110883,은천초등학교(은천교앞),11620,384324031.0,36658.0,10484.042528233946,0.6409930715935335,0.6944444444444444,0.5833333333333334,0.49603174603174605,0.8611111111111112,0.9801587301587301,0.8690476190476191,0.027777777777777776,0.051587301587301584,0.3412698412698413,BRD_20140288,스트릿츄러스,0.5277136258660509,False,5041.508702723719,165.06059494972328,13,69,0.17782909930715937,True,0.5616974595842956,0.5843533487297922,0.6070092378752887,178.0,152.0,143.0,157.66666666666666,False,direct_size_estimation_deferred,매장 면적·좌석·점포별 매출이 없어 규모별 적합도와 argmax 규모는 산출하지 않음,0.4311067620348658,0.976905311778291,usable_area_profile,True,familiar,True,0.719717090069284,5.0
3120038,약수역,11140,1550178516.0,134777.0,11501.803096967584,0.9235565819861433,0.873015873015873,0.5793650793650794,0.6428571428571429,0.34523809523809523,0.8571428571428571,0.8214285714285714,0.0873015873015873,0.023809523809523808,0.8293650793650794,BRD_20140288,스트릿츄러스,0.20092378752886836,False,5352.116964325364,62.64183906448842,18,44,0.5502309468822171,True,0.4177136258660509,0.5622401847575058,0.7067667436489607,261.0,162.0,84.0,169.0,False,direct_size_estimation_deferred,매장 면적·좌석·점포별 매출이 없어 규모별 적합도와 argmax 규모는 산출하지 않음,0.4953516318471608,0.9422632794457275,usable_area_profile,True,familiar,True,0.7137124711316398,6.0
3111005,삼전역 3번,11710,233054769.0,25337.0,9198.19903698149,0.48152424942263283,0.8531746031746031,0.13095238095238096,0.6746031746031746,0.9325396825396826,0.8928571428571429,0.7063492063492064,0.4087301587301587,0.03968253968253968,0.5436507936507936,BRD_20140288,스트릿츄러스,0.394919168591224,False,7414.6099695077855,198.59506540938497,7,54,0.053117782909930716,True,0.4209006928406467,0.4382217090069284,0.45554272517321015,256.0,257.0,245.0,252.66666666666666,False,direct_size_estimation_deferred,매장 면적·좌석·점포별 매출이 없어 규모별 적합도와 argmax 규모는 산출하지 않음,0.37670023721155826,0.9953810623556582,usable_area_profile,True,familiar,True,0.7096420323325635,7.0
3111021,방이역 4번,11710,394829518.0,38606.0,10227.154276537325,0.6466512702078522,0.8531746031746031,0.13095238095238096,0.6746031746031746,0.9325396825396826,0.8928571428571429,0.7063492063492064,0.4087301587301587,0.03968253968253968,0.5436507936507936,BRD_20140288,스트릿츄러스,0.394919168591224,False,10426.103874403452,115.2085066609535,15,51,0.2984988452655889,True,0.47043879907621244,0.5207852193995381,0.5711316397228636,219.0,194.0,169.0,194.0,False,direct_size_estimation_deferred,매장 면적·좌석·점포별 매출이 없어 규모별 적합도와 argmax 규모는 산출하지 않음,0.419074175918286,0.9815242494226328,usable_area_profile,True,familiar,True,0.7058025404157043,8.0
3120009,종로3가역,11110,773341001.0,64864.0,11922.499398741984,0.8273672055427251,0.876984126984127,0.42857142857142855,0.503968253968254,0.75,0.9444444444444444,0.8531746031746031,0.2619047619047619,0.05952380952380952,0.3611111111111111,BRD_20140288,스트릿츄러스,0.8614318706697459,False,4397.763067770533,125.80143085865113,24,103,0.4532332563510392,True,0.8512124711316396,0.8443995381062355,0.8375866050808313,24.0,22.0,28.0,24.666666666666668,False,direct_size_estimation_deferred,매장 면적·좌석·점포별 매출이 없어 규모별 적합도와 argmax 규모는 산출하지 않음,0.49356682764611803,0.9445727482678984,usable_area_profile,True,familiar,True,0.7056004618937645,9.0
3110892,관악구 중앙길,11620,913081619.0,87290.0,10460.323278726086,0.8403002309468822,0.6944444444444444,0.5833333333333334,0.49603174603174605,0.8611111111111112,0.9801587301587301,0.8690476190476191,0.027777777777777776,0.051587301587301584,0.3412698412698413,BRD_20140288,스트릿츄러스,0.5277136258660509,False,5032.662913416558,165.92166821826325,24,76,0.3978060046189376,True,0.6214896073903002,0.6840069284064665,0.7465242494226327,145.0,93.0,60.0,99.33333333333333,False,direct_size_estimation_deferred,매장 면적·좌석·점포별 매출이 없어 규모별 적합도와 argmax 규모는 산출하지 않음,0.5750972957446459,0.8983833718244804,usable_area_profile,True,familiar,True,0.689434180138568,10.0
3110274,서일대학교,11260,492656087.0,41512.0,11867.79935922143,0.7133949191685912,0.8492063492063492,0.40476190476190477,0.5,0.39285714285714285,0.623015873015873,0.5714285714285714,0.16666666666666666,0.32936507936507936,0.8134920634920635,BRD_20140288,스트릿츄러스,0.9399538106235565,False,4955.465063955781,101.51354588565466,6,29,0.16801385681293304,True,0.8719861431870668,0.8266743648960739,0.7813625866050807,20.0,29.0,44.0,31.0,False,direct_size_estimation_deferred,매장 면적·좌석·점포별 매출이 없어 규모별 적합도와 argmax 규모는 산출하지 않음,0.5831080740191408,0.8914549653579676,usable_area_profile,True,familiar,True,0.6880196304849884,11.0
3120107,공덕역(공덕오거리),11440,1051109080.0,111230.0,9449.870358716174,0.8578521939953809,0.9404761904761905,0.4246031746031746,0.5833333333333334,0.9642857142857143,0.9880952380952381,0.9841269841269841,0.1111111111111111,0.011904761904761904,0.051587301587301584,BRD_20140288,스트릿츄러스,0.07043879907621248,False,2480.621897863063,80.05623025110103,24,77,0.575635103926097,True,0.306662817551963,0.46414549653579673,0.6216281755196303,331.0,237.0,133.0,233.66666666666666,False,direct_size_estimation_deferred,매장 면적·좌석·점포별 매출이 없어 규모별 적합도와 argmax 규모는 산출하지 않음,0.5191586205875993,0.9284064665127021,usable_area_profile,True,familiar,True,0.685161662817552,12.0
3120133,서울시흥동우체국(홈플러스시흥점),11545,637795918.0,60754.0,10498.00701188399,0.7765588914549653,0.753968253968254,0.7420634920634921,0.3531746031746032,0.24206349206349206,0.8690476190476191,0.873015873015873,0.04365079365079365,0.13095238095238096,0.6785714285714286,BRD_20140288,스트릿츄러스,0.1605080831408776,False,5642.094026164598,60.20797286767192,15,45,0.4821016166281755,True,0.3453233256351039,0.46853348729792144,0.5917436489607388,309.0,232.0,157.0,232.66666666666666,False,direct_size_estimation_deferred,매장 면적·좌석·점포별 매출이 없어 규모별 적합도와 argmax 규모는 산출하지 않음,0.4997789958870685,0.9376443418013857,usable_area_profile,True,familiar,True,0.6844110854503462,13.0
3110640,방화역 1번,11500,671414576.0,62982.0,10660.420056524086,0.7871824480369516,0.8373015873015873,0.23809523809523808,0.623015873015873,0.32142857142857145,0.8333333333333334,0.9246031746031746,0.46825396825396826,0.05555555555555555,0.42063492063492064,BRD_20140288,스트릿츄러스,0.7748267898383372,False,1335.611470416183,241.56986569432095,5,25,0.02482678983833718,True,0.7785334872979215,0.7810046189376444,0.7834757505773673,55.0,42.0,42.0,46.333333333333336,False,direct_size_estimation_deferred,매장 면적·좌석·점포별 매출이 없어 규모별 적합도와 argmax 규모는 산출하지 않음,0.6752448707057923,0.8175519630484989,usable_area_profile,True,familiar,True,0.6836027713625866,14.0
3120068,사가정역,11260,944293896.0,91431.0,10327.940151589723,0.8467667436489608,0.8492063492063492,0.40476190476190477,0.5,0.39285714285714285,0.623015873015873,0.5714285714285714,0.16666666666666666,0.32936507936507936,0.8134920634920635,BRD_20140288,스트릿츄러스,0.9399538106235565,False,5077.116996891556,42.201895677975386,26,50,0.7713625866050808,True,0.9119976905311777,0.8933602771362587,0.8747228637413395,11.0,15.0,17.0,14.333333333333334,False,direct_size_estimation_deferred,매장 면적·좌석·점포별 매출이 없어 규모별 적합도와 argmax 규모는 산출하지 않음,0.42958563210247813,0.9792147806004619,usable_area_profile,True,familiar,True,0.6835161662817552,15.0
3120246,길동역,11740,916043297.0,88020.0,10407.217643717337,0.8409930715935335,0.8452380952380952,0.06746031746031746,0.7063492063492064,0.38492063492063494,0.6626984126984127,0.7182539682539683,0.5833333333333334,0.06746031746031746,0.6507936507936508,BRD_20140288,스트릿츄러스,0.8175519630484989,False,11684.474870539088,87.92041856413586,26,72,0.5750577367205543,True,0.8245842956120092,0.8292725173210163,0.8339607390300231,39.0,28.0,29.0,32.0,False,direct_size_estimation_deferred,매장 면적·좌석·점포별 매출이 없어 규모별 적합도와 argmax 규모는 산출하지 않음,0.5141040236177097,0.930715935334873,usable_area_profile,True,familiar,True,0.682419168591224,16.0
3120120,화곡역,11500,2140760825.0,296121.0,7229.34484551923,0.8866050808314089,0.8373015873015873,0.23809523809523808,0.623015873015873,0.32142857142857145,0.8333333333333334,0.9246031746031746,0.46825396825396826,0.05555555555555555,0.42063492063492064,BRD_20140288,스트릿츄러스,0.7748267898383372,False,2094.595426346399,26.400757567542716,25,54,0.8175519630484989,True,0.8083602771362587,0.830715935334873,0.8530715935334874,47.0,26.0,22.0,31.666666666666668,False,direct_size_estimation_deferred,매장 면적·좌석·점포별 매출이 없어 규모별 적합도와 argmax 규모는 산출하지 않음,0.46295516591254104,0.9653579676674365,usable_area_profile,True,familiar,True,0.6782332563510394,17.0
3120201,도곡1동,11680,649721874.0,58337.0,11137.38920410717,0.7846420323325634,0.7817460317460317,0.18253968253968253,0.75,0.6468253968253969,0.8531746031746031,0.9206349206349206,0.4365079365079365,0.027777777777777776,0.4880952380952381,BRD_20140288,스트릿츄러스,0.7205542725173211,False,3436.924497281101,87.09190547353441,10,65,0.26501154734411086,True,0.7397806004618936,0.7525981524249422,0.7654157043879906,78.0,58.0,52.0,62.666666666666664,False,direct_size_estimation_deferred,매장 면적·좌석·점포별 매출이 없어 규모별 적합도와 argmax 규모는 산출하지 않음,0.628465752250668,0.8660508083140878,usable_area_profile,True,familiar,True,0.6760392609699769,18.0
3120080,마들역,11350,1045100686.0,106340.0,9827.916926838443,0.858891454965358,0.8928571428571429,0.08333333333333333,0.7222222222222222,0.9444444444444444,0.7777777777777778,0.30158730158730157,0.38095238095238093,0.4444444444444444,0.6071428571428571,BRD_20140288,스트릿츄러스,0.24480369515011546,False,5118.002442342779,45.607017023633105,8,32,0.4093533487297921,True,0.4290300230946882,0.5518475750577367,0.6746651270207852,251.0,172.0,101.0,174.66666666666666,False,direct_size_estimation_deferred,매장 면적·좌석·점포별 매출이 없어 규모별 적합도와 argmax 규모는 산출하지 않음,0.6213752140574804,0.8706697459584296,usable_area_profile,True,familiar,True,0.6757217090069284,19.0
3120079,창동역,11320,765698620.0,76216.0,10046.428833840664,0.8071593533487298,0.7182539682539683,0.11904761904761904,0.6071428571428571,0.25793650793650796,0.3611111111111111,0.24603174603174602,0.19047619047619047,0.4246031746031746,0.9126984126984127,BRD_20140288,스트릿츄러스,0.019630484988452657,False,3717.514492222464,91.21403398036323,16,24,0.38394919168591224,True,0.2558891454965358,0.4133949191685912,0.5709006928406466,366.0,280.0,170.0,272.0,False,direct_size_estimation_deferred,매장 면적·좌석·점포별 매출이 없어 규모별 적합도와 argmax 규모는 산출하지 않음,0.596391017159844,0.8822170900692841,usable_area_profile,True,familiar,True,0.673527713625866,20.0
3130072,성동용답상가시장,11200,441220675.0,42751.0,10320.710041870365,0.6748267898383372,0.9206349206349206,0.38492063492063494,0.5555555555555556,0.9920634920634921,0.9841269841269841,0.9563492063492064,0.10317460317460317,0.015873015873015872,0.07936507936507936,BRD_20160521,심봉사도로케,0.08083140877598152,False,1329.2573114155348,135.0925608781212,10,28,0.1489607390300231,True,0.2590300230946882,0.37782909930715936,0.49662817551963045,365.0,307.0,217.0,296.3333333333333,False,direct_size_estimation_deferred,매장 면적·좌석·점포별 매출이 없어 규모별 적합도와 argmax 규모는 산출하지 않음,0.2785675114578184,0.9976905311778291,usable_area_profile,True,familiar,True,0.7449769053117783,1.0
3120038,약수역,11140,1550178516.0,134777.0,11501.803096967584,0.9235565819861433,0.873015873015873,0.5793650793650794,0.6428571428571429,0.34523809523809523,0.8571428571428571,0.8214285714285714,0.0873015873015873,0.023809523809523808,0.8293650793650794,BRD_20160521,심봉사도로케,0.14780600461893764,False,2629.0798770863585,62.64183906448842,18,44,0.5508083140877598,True,0.38053117782909934,0.5356812933025404,0.6908314087759816,281.0,187.0,93.0,187.0,False,direct_size_estimation_deferred,매장 면적·좌석·점포별 매출이 없어 규모별 적합도와 argmax 규모는 산출하지 않음,0.3831755678252721,0.9792147806004619,usable_area_profile,True,familiar,True,0.7357967667436489,2.0
3110883,은천초등학교(은천교앞),11620,384324031.0,36658.0,10484.042528233946,0.6409930715935335,0.6944444444444444,0.5833333333333334,0.49603174603174605,0.8611111111111112,0.9801587301587301,0.8690476190476191,0.027777777777777776,0.051587301587301584,0.3412698412698413,BRD_20160521,심봉사도로케,0.33140877598152424,False,1881.9314546647138,165.06059494972328,13,69,0.17840646651270212,True,0.424284064665127,0.4862009237875289,0.5481177829099306,258.0,223.0,185.0,222.0,False,direct_size_estimation_deferred,매장 면적·좌석·점포별 매출이 없어 규모별 적합도와 argmax 규모는 산출하지 않음,0.3001856161504573,0.9953810623556582,usable_area_profile,True,familiar,True,0.7307159353348729,3.0
3120166,방배역,11650,1455145059.0,122673.0,11861.983150326478,0.9176674364896074,0.7619047619047619,0.2857142857142857,0.7023809523809523,0.6785714285714286,0.8293650793650794,0.7777777777777778,0.42857142857142855,0.08333333333333333,0.5198412698412699,BRD_20160521,심봉사도로케,0.9064665127020786,False,5788.72075681363,99.2975326976693,12,28,0.2673210161662818,True,0.9098267898383372,0.912066974595843,0.9143071593533487,7.0,5.0,7.0,6.333333333333333,False,direct_size_estimation_deferred,매장 면적·좌석·점포별 매출이 없어 규모별 적합도와 argmax 규모는 산출하지 않음,0.5558439096345259,0.8914549653579676,usable_area_profile,True,familiar,True,0.7241916859122401,4.0
3120009,종로3가역,11110,773341001.0,64864.0,11922.499398741984,0.8273672055427251,0.876984126984127,0.42857142857142855,0.503968253968254,0.75,0.9444444444444444,0.8531746031746031,0.2619047619047619,0.05952380952380952,0.3611111111111111,BRD_20160521,심봉사도로케,0.8175519630484989,False,4363.655004706309,125.80143085865113,24,103,0.4532332563510392,True,0.8204965357967666,0.822459584295612,0.8244226327944572,38.0,30.0,29.0,32.333333333333336,False,direct_size_estimation_deferred,매장 면적·좌석·점포별 매출이 없어 규모별 적합도와 argmax 규모는 산출하지 않음,0.43039759750039597,0.9630484988452656,usable_area_profile,True,familiar,True,0.7166859122401847,5.0
3120246,길동역,11740,916043297.0,88020.0,10407.217643717337,0.8409930715935335,0.8452380952380952,0.06746031746031746,0.7063492063492064,0.38492063492063494,0.6626984126984127,0.7182539682539683,0.5833333333333334,0.06746031746031746,0.6507936507936508,BRD_20160521,심봉사도로케,0.8614318706697459,False,9253.147032215842,87.92041856413586,26,72,0.5750577367205543,True,0.8553002309468821,0.8512124711316398,0.8471247113163972,25.0,22.0,22.0,23.0,False,direct_size_estimation_deferred,매장 면적·좌석·점포별 매출이 없어 규모별 적합도와 argmax 규모는 산출하지 않음,0.34399387472882337,0.9861431870669746,usable_area_profile,True,familiar,True,0.7156755196304849,6.0
3120188,압구정역,11680,1784647410.0,134975.0,13222.058973884052,0.9404157043879908,0.7817460317460317,0.18253968253968253,0.75,0.6468253968253969,0.8531746031746031,0.9206349206349206,0.4365079365079365,0.027777777777777776,0.4880952380952381,BRD_20160521,심봉사도로케,0.6073903002309469,False,4095.381423035237,98.31073190628577,25,98,0.5323325635103926,True,0.7072979214780599,0.7739030023094688,0.8405080831408775,92.0,45.0,25.0,54.0,False,direct_size_estimation_deferred,매장 면적·좌석·점포별 매출이 없어 규모별 적합도와 argmax 규모는 산출하지 않음,0.4867308628847694,0.9284064665127021,usable_area_profile,True,familiar,True,0.71229792147806,7.0
3120069,상봉역,11260,1511381851.0,142985.0,10570.212616708046,0.9086605080831409,0.8492063492063492,0.40476190476190477,0.5,0.39285714285714285,0.623015873015873,0.5714285714285714,0.16666666666666666,0.32936507936507936,0.8134920634920635,BRD_20160521,심봉사도로케,0.9445727482678984,False,5834.943358744293,89.18520055817115,16,56,0.3920323325635104,True,0.933799076212471,0.9266166281755197,0.9194341801385681,2.0,3.0,5.0,3.3333333333333335,True,direct_size_estimation_deferred,매장 면적·좌석·점포별 매출이 없어 규모별 적합도와 argmax 규모는 산출하지 않음,0.5572366934724896,0.8891454965357968,usable_area_profile,True,familiar,True,0.7018475750577367,8.0
3110640,방화역 1번,11500,671414576.0,62982.0,10660.420056524086,0.7871824480369516,0.8373015873015873,0.23809523809523808,0.623015873015873,0.32142857142857145,0.8333333333333334,0.9246031746031746,0.46825396825396826,0.05555555555555555,0.42063492063492064,BRD_20160521,심봉사도로케,0.7748267898383372,False,3569.7082513759183,241.56986569432095,5,25,0.02482678983833718,True,0.7785334872979215,0.7810046189376444,0.7834757505773673,57.0,42.0,36.0,45.0,False,direct_size_estimation_deferred,매장 면적·좌석·점포별 매출이 없어 규모별 적합도와 argmax 규모는 산출하지 않음,0.6203671289907009,0.8475750577367206,usable_area_profile,True,familiar,True,0.7016166281755197,9.0
3111005,삼전역 3번,11710,233054769.0,25337.0,9198.19903698149,0.48152424942263283,0.8531746031746031,0.13095238095238096,0.6746031746031746,0.9325396825396826,0.8928571428571429,0.7063492063492064,0.4087301587301587,0.03968253968253968,0.5436507936507936,BRD_20160521,심봉사도로케,0.279445727482679,False,8004.887007325695,198.59506540938497,7,54,0.053117782909930716,True,0.34006928406466513,0.3804849884526559,0.42090069284064663,311.0,304.0,269.0,294.6666666666667,False,direct_size_estimation_deferred,매장 면적·좌석·점포별 매출이 없어 규모별 적합도와 argmax 규모는 산출하지 않음,0.42981594779386584,0.9653579676674365,usable_area_profile,True,familiar,True,0.6916281755196306,10.0
3130222,오류시장,11530,677800421.0,66656.0,10168.633296327413,0.7894919168591223,0.8412698412698413,0.8373015873015873,0.5753968253968254,0.5238095238095238,0.7579365079365079,0.7380952380952381,0.18253968253968253,0.12698412698412698,0.7658730158730159,BRD_20160521,심봉사도로케,0.42032332563510394,False,2261.8269164840667,48.414873764798386,14,33,0.516743648960739,True,0.5310739030023095,0.6049076212471132,0.6787413394919167,199.0,135.0,98.0,144.0,False,direct_size_estimation_deferred,매장 면적·좌석·점포별 매출이 없어 규모별 적합도와 argmax 규모는 산출하지 않음,0.44941522212305346,0.9515011547344111,usable_area_profile,True,familiar,True,0.6907621247113164,11.0
3120068,사가정역,11260,944293896.0,91431.0,10327.940151589723,0.8467667436489608,0.8492063492063492,0.40476190476190477,0.5,0.39285714285714285,0.623015873015873,0.5714285714285714,0.16666666666666666,0.32936507936507936,0.8134920634920635,BRD_20160521,심봉사도로케,0.9445727482678984,False,4905.941296000329,42.201895677975386,26,50,0.7713625866050808,True,0.9152309468822171,0.8956697459584295,0.876108545034642,5.0,9.0,16.0,10.0,False,direct_size_estimation_deferred,매장 면적·좌석·점포별 매출이 없어 규모별 적합도와 argmax 규모는 산출하지 않음,0.3383458706861972,0.9907621247113164,usable_area_profile,True,familiar,True,0.6904445727482679,12.0
3110892,관악구 중앙길,11620,913081619.0,87290.0,10460.323278726086,0.8403002309468822,0.6944444444444444,0.5833333333333334,0.49603174603174605,0.8611111111111112,0.9801587301587301,0.8690476190476191,0.027777777777777776,0.051587301587301584,0.3412698412698413,BRD_20160521,심봉사도로케,0.33140877598152424,False,2483.609671452951,165.92166821826325,24,76,0.3978060046189376,True,0.4840762124711316,0.5858545034642032,0.6876327944572748,228.0,146.0,95.0,156.33333333333334,False,direct_size_estimation_deferred,매장 면적·좌석·점포별 매출이 없어 규모별 적합도와 argmax 규모는 산출하지 않음,0.5480563508633881,0.8937644341801385,usable_area_profile,True,familiar,True,0.686662817551963,13.0
3111021,방이역 4번,11710,394829518.0,38606.0,10227.154276537325,0.6466512702078522,0.8531746031746031,0.13095238095238096,0.6746031746031746,0.9325396825396826,0.8928571428571429,0.7063492063492064,0.4087301587301587,0.03968253968253968,0.5436507936507936,BRD_20160521,심봉사도로케,0.279445727482679,False,9312.832490704814,115.2085066609535,15,51,0.2984988452655889,True,0.38960739030023095,0.46304849884526555,0.5364896073903002,276.0,238.0,191.0,235.0,False,direct_size_estimation_deferred,매장 면적·좌석·점포별 매출이 없어 규모별 적합도와 argmax 규모는 산출하지 않음,0.4579255817527146,0.9468822170900693,usable_area_profile,True,familiar,True,0.6850173210161662,14.0
3110274,서일대학교,11260,492656087.0,41512.0,11867.79935922143,0.7133949191685912,0.8492063492063492,0.40476190476190477,0.5,0.39285714285714285,0.623015873015873,0.5714285714285714,0.16666666666666666,0.32936507936507936,0.8134920634920635,BRD_20160521,심봉사도로케,0.9445727482678984,False,6178.553633314637,101.51354588565466,6,29,0.16801385681293304,True,0.8752193995381061,0.8289838337182448,0.7827482678983833,20.0,28.0,37.0,28.333333333333332,False,direct_size_estimation_deferred,매장 면적·좌석·점포별 매출이 없어 규모별 적합도와 argmax 규모는 산출하지 않음,0.567766206886438,0.8822170900692841,usable_area_profile,True,familiar,True,0.6824769053117782,15.0
3120133,서울시흥동우체국(홈플러스시흥점),11545,637795918.0,60754.0,10498.00701188399,0.7765588914549653,0.753968253968254,0.7420634920634921,0.3531746031746032,0.24206349206349206,0.8690476190476191,0.873015873015873,0.04365079365079365,0.13095238095238096,0.6785714285714286,BRD_20160521,심봉사도로케,0.10739030023094688,False,6594.184786614091,60.20797286767192,15,45,0.4821016166281755,True,0.30814087759815234,0.44197459584295606,0.5758083140877597,337.0,254.0,163.0,251.33333333333334,False,direct_size_estimation_deferred,매장 면적·좌석·점포별 매출이 없어 규모별 적합도와 argmax 규모는 산출하지 않음,0.47865188201834163,0.9330254041570438,usable_area_profile,True,familiar,True,0.6816397228637412,16.0
3120152,신대방삼거리역,11590,953145793.0,102228.0,9323.72532965528,0.8353348729792147,0.8611111111111112,0.5158730158730159,0.42857142857142855,0.753968253968254,0.9563492063492064,0.6626984126984127,0.11507936507936507,0.09523809523809523,0.5674603174603174,BRD_20160521,심봉사도로케,0.6570438799076213,False,1096.7337871904756,79.30952023733208,18,47,0.4780600461893764,True,0.7105311778290992,0.746189376443418,0.7818475750577366,91.0,59.0,38.0,62.666666666666664,False,direct_size_estimation_deferred,매장 면적·좌석·점포별 매출이 없어 규모별 적합도와 argmax 규모는 산출하지 않음,0.5400285516756662,0.9053117782909931,usable_area_profile,True,familiar,True,0.6803117782909931,17.0
3120226,석촌고분역,11710,497422151.0,44126.0,11272.767778633912,0.7166281755196304,0.8531746031746031,0.13095238095238096,0.6746031746031746,0.9325396825396826,0.8928571428571429,0.7063492063492064,0.4087301587301587,0.03968253968253968,0.5436507936507936,BRD_20160521,심봉사도로케,0.279445727482679,False,8275.840138621752,58.872744129090485,22,78,0.634526558891455,True,0.4106004618937644,0.4980369515011547,0.5854734411085449,266.0,219.0,158.0,214.33333333333334,False,direct_size_estimation_deferred,매장 면적·좌석·점포별 매출이 없어 규모별 적합도와 argmax 규모는 산출하지 않음,0.3805465726840627,0.9815242494226328,usable_area_profile,True,familiar,True,0.672892609699769,18.0
3110810,영신초등학교,11560,325709619.0,29453.0,11058.62285675483,0.5928406466512702,0.8571428571428571,0.7698412698412699,0.5277777777777778,0.23809523809523808,0.9007936507936508,0.9761904761904762,0.3373015873015873,0.047619047619047616,0.25,BRD_20160521,심봉사도로케,0.19168591224018475,False,2047.860346769797,74.63243262412867,11,41,0.34295612009237875,True,0.3120323325635104,0.3922632794457275,0.4724942263279446,332.0,297.0,233.0,287.3333333333333,False,direct_size_estimation_deferred,매장 면적·좌석·점포별 매출이 없어 규모별 적합도와 argmax 규모는 산출하지 않음,0.4383788106014673,0.9584295612009238,usable_area_profile,True,familiar,True,0.671824480369515,19.0
3110703,개봉역,11530,566848644.0,58936.0,9618.037260757432,0.7391454965357969,0.8412698412698413,0.8373015873015873,0.5753968253968254,0.5238095238095238,0.7579365079365079,0.7380952380952381,0.18253968253968253,0.12698412698412698,0.7658730158730159,BRD_20160521,심봉사도로케,0.42032332563510394,False,2901.6962281107053,17.720045128132952,13,29,0.6056581986143187,True,0.5159699769053119,0.5797344110854504,0.643498845265589,209.0,152.0,119.0,160.0,False,direct_size_estimation_deferred,매장 면적·좌석·점포별 매출이 없어 규모별 적합도와 argmax 규모는 산출하지 않음,0.43142052167117756,0.9607390300230947,usable_area_profile,True,familiar,True,0.6703810623556582,20.0
3120166,방배역,11650,1455145059.0,122673.0,11861.983150326478,0.9176674364896074,0.7619047619047619,0.2857142857142857,0.7023809523809523,0.6785714285714286,0.8293650793650794,0.7777777777777778,0.42857142857142855,0.08333333333333333,0.5198412698412699,BRD_20240723,올드몬트베이글,0.9780600461893765,False,9814.504419509225,99.2975326976693,12,28,0.2673210161662818,True,0.9599422632794457,0.9478637413394919,0.935785219399538,3.0,3.0,3.0,3.0,False,direct_size_estimation_deferred,매장 면적·좌석·점포별 매출이 없어 규모별 적합도와 argmax 규모는 산출하지 않음,0.4579060418685013,0.9422632794457275,usable_area_profile,True,familiar,True,0.754676674364896,1.0
3120188,압구정역,11680,1784647410.0,134975.0,13222.058973884052,0.9404157043879908,0.7817460317460317,0.18253968253968253,0.75,0.6468253968253969,0.8531746031746031,0.9206349206349206,0.4365079365079365,0.027777777777777776,0.4880952380952381,BRD_20240723,올드몬트베이글,0.8060046189376443,False,6811.946124301002,98.31073190628577,25,98,0.5323325635103926,True,0.8463279445727483,0.8732101616628176,0.9000923787528868,25.0,14.0,9.0,16.0,False,direct_size_estimation_deferred,매장 면적·좌석·점포별 매출이 없어 규모별 적합도와 argmax 규모는 산출하지 않음,0.31014007391907217,0.9907621247113164,usable_area_profile,True,familiar,True,0.7497113163972287,2.0
3130072,성동용답상가시장,11200,441220675.0,42751.0,10320.710041870365,0.6748267898383372,0.9206349206349206,0.38492063492063494,0.5555555555555556,0.9920634920634921,0.9841269841269841,0.9563492063492064,0.10317460317460317,0.015873015873015872,0.07936507936507936,BRD_20240723,올드몬트베이글,0.08083140877598152,False,6586.715418177009,135.0925608781212,10,28,0.14953810623556585,True,0.2590300230946882,0.37782909930715936,0.49662817551963045,356.0,300.0,217.0,291.0,False,direct_size_estimation_deferred,매장 면적·좌석·점포별 매출이 없어 규모별 적합도와 argmax 규모는 산출하지 않음,0.37322486781538583,0.9792147806004619,usable_area_profile,True,familiar,True,0.7338048498845265,3.0
3110883,은천초등학교(은천교앞),11620,384324031.0,36658.0,10484.042528233946,0.6409930715935335,0.6944444444444444,0.5833333333333334,0.49603174603174605,0.8611111111111112,0.9801587301587301,0.8690476190476191,0.027777777777777776,0.051587301587301584,0.3412698412698413,BRD_20240723,올드몬트베이글,0.1836027713625866,False,14995.101633560738,165.06059494972328,13,69,0.17840646651270212,True,0.3208198614318707,0.41229792147806005,0.5037759815242494,315.0,278.0,207.0,266.6666666666667,False,direct_size_estimation_deferred,매장 면적·좌석·점포별 매출이 없어 규모별 적합도와 argmax 규모는 산출하지 않음,0.35164382040425335,0.9861431870669746,usable_area_profile,True,familiar,True,0.7251732101616628,4.0
3120038,약수역,11140,1550178516.0,134777.0,11501.803096967584,0.9235565819861433,0.873015873015873,0.5793650793650794,0.6428571428571429,0.34523809523809523,0.8571428571428571,0.8214285714285714,0.0873015873015873,0.023809523809523808,0.8293650793650794,BRD_20240723,올드몬트베이글,0.2702078521939954,False,9151.920563484196,62.64183906448842,18,44,0.5502309468822171,True,0.46621247113163977,0.5968822170900694,0.7275519630484989,229.0,140.0,71.0,146.66666666666666,False,direct_size_estimation_deferred,매장 면적·좌석·점포별 매출이 없어 규모별 적합도와 argmax 규모는 산출하지 않음,0.4215364929998708,0.9607390300230947,usable_area_profile,True,familiar,True,0.7247979214780601,5.5
3120079,창동역,11320,765698620.0,76216.0,10046.428833840664,0.8071593533487298,0.7182539682539683,0.11904761904761904,0.6071428571428571,0.25793650793650796,0.3611111111111111,0.24603174603174602,0.19047619047619047,0.4246031746031746,0.9126984126984127,BRD_20240723,올드몬트베이글,0.31755196304849886,False,14598.306751116745,91.21403398036323,16,24,0.38394919168591224,True,0.46443418013856813,0.5623556581986143,0.6602771362586605,230.0,163.0,107.0,166.66666666666666,False,direct_size_estimation_deferred,매장 면적·좌석·점포별 매출이 없어 규모별 적합도와 argmax 규모는 산출하지 않음,0.41239522441134335,0.9676674364896074,usable_area_profile,True,familiar,True,0.7247979214780601,5.5
3120080,마들역,11350,1045100686.0,106340.0,9827.916926838443,0.858891454965358,0.8928571428571429,0.08333333333333333,0.7222222222222222,0.9444444444444444,0.7777777777777778,0.30158730158730157,0.38095238095238093,0.4444444444444444,0.6071428571428571,BRD_20240723,올드몬트베이글,0.5311778290993071,False,15273.963107185042,45.607017023633105,8,32,0.4087759815242494,True,0.6294919168591223,0.6950346420323326,0.7605773672055427,127.0,77.0,52.0,85.33333333333333,False,direct_size_estimation_deferred,매장 면적·좌석·점포별 매출이 없어 규모별 적합도와 argmax 규모는 산출하지 않음,0.4536084915410978,0.9468822170900693,usable_area_profile,True,familiar,True,0.7215357967667437,7.0
3110274,서일대학교,11260,492656087.0,41512.0,11867.79935922143,0.7133949191685912,0.8492063492063492,0.40476190476190477,0.5,0.39285714285714285,0.623015873015873,0.5714285714285714,0.16666666666666666,0.32936507936507936,0.8134920634920635,BRD_20240723,올드몬트베이글,0.8545034642032333,False,6451.910104759289,101.51354588565466,6,29,0.16801385681293304,True,0.8121709006928406,0.7839491916859123,0.7557274826789837,45.0,43.0,55.0,47.666666666666664,False,direct_size_estimation_deferred,매장 면적·좌석·점포별 매출이 없어 규모별 적합도와 argmax 규모는 산출하지 않음,0.4541872545666863,0.9445727482678984,usable_area_profile,True,familiar,True,0.7198903002309468,8.0
3120152,신대방삼거리역,11590,953145793.0,102228.0,9323.72532965528,0.8353348729792147,0.8611111111111112,0.5158730158730159,0.42857142857142855,0.753968253968254,0.9563492063492064,0.6626984126984127,0.11507936507936507,0.09523809523809523,0.5674603174603174,BRD_20240723,올드몬트베이글,0.4653579676674365,False,15787.117849715634,79.30952023733208,18,47,0.4774826789838337,True,0.5763510392609699,0.6503464203233256,0.7243418013856812,166.0,109.0,74.0,116.33333333333333,False,direct_size_estimation_deferred,매장 면적·좌석·점포별 매출이 없어 규모별 적합도와 argmax 규모는 산출하지 않음,0.40469068243608647,0.9699769053117783,usable_area_profile,True,familiar,True,0.7191974595842956,9.0
3111021,방이역 4번,11710,394829518.0,38606.0,10227.154276537325,0.6466512702078522,0.8531746031746031,0.13095238095238096,0.6746031746031746,0.9325396825396826,0.8928571428571429,0.7063492063492064,0.4087301587301587,0.03968253968253968,0.5436507936507936,BRD_20240723,올드몬트베이글,0.6558891454965358,False,1874.7933219428312,115.2085066609535,15,51,0.2984988452655889,True,0.6531177829099306,0.6512702078521939,0.6494226327944572,112.0,108.0,111.0,110.33333333333333,False,direct_size_estimation_deferred,매장 면적·좌석·점포별 매출이 없어 규모별 적합도와 argmax 규모는 산출하지 않음,0.2973081640326267,0.9953810623556582,usable_area_profile,True,familiar,True,0.7141166281755195,10.0
3110601,신월1동우편취급국,11470,441016625.0,40173.0,10977.93605157693,0.6785219399538106,0.8055555555555556,0.2222222222222222,0.5158730158730159,0.5873015873015873,0.5079365079365079,0.2896825396825397,0.4801587301587302,0.30952380952380953,0.7738095238095238,BRD_20240723,올드몬트베이글,0.9341801385681293,False,23739.50515493875,258.54980178856624,8,40,0.048498845265588904,True,0.8574826789838337,0.80635103926097,0.7552193995381061,20.0,35.0,56.0,37.0,False,direct_size_estimation_deferred,매장 면적·좌석·점포별 매출이 없어 규모별 적합도와 argmax 규모는 산출하지 않음,0.4765343905804049,0.9191685912240185,usable_area_profile,True,familiar,True,0.7138568129330254,11.0
3120124,개봉동 현대아파트,11530,436251391.0,40258.0,10836.390059118685,0.6745958429561202,0.8412698412698413,0.8373015873015873,0.5753968253968254,0.5238095238095238,0.7579365079365079,0.7380952380952381,0.18253968253968253,0.12698412698412698,0.7658730158730159,BRD_20240723,올드몬트베이글,0.49884526558891457,False,22134.867901145826,107.00467282129758,11,24,0.22690531177829099,True,0.5515704387990763,0.5867205542725173,0.6218706697459584,181.0,148.0,130.0,153.0,False,direct_size_estimation_deferred,매장 면적·좌석·점포별 매출이 없어 규모별 적합도와 argmax 규모는 산출하지 않음,0.44303705748364236,0.9515011547344111,usable_area_profile,True,familiar,True,0.705513856812933,12.0
3120133,서울시흥동우체국(홈플러스시흥점),11545,637795918.0,60754.0,10498.00701188399,0.7765588914549653,0.753968253968254,0.7420634920634921,0.3531746031746032,0.24206349206349206,0.8690476190476191,0.873015873015873,0.04365079365079365,0.13095238095238096,0.6785714285714286,BRD_20240723,올드몬트베이글,0.10739030023094688,False,18840.882569591035,60.20797286767192,15,45,0.4821016166281755,True,0.30814087759815234,0.44197459584295606,0.5758083140877597,324.0,260.0,155.0,246.33333333333334,False,direct_size_estimation_deferred,매장 면적·좌석·점포별 매출이 없어 규모별 적합도와 argmax 규모는 산출하지 않음,0.39552361451429774,0.9722863741339491,usable_area_profile,True,familiar,True,0.7051963048498844,13.0
3120069,상봉역,11260,1511381851.0,142985.0,10570.212616708046,0.9086605080831409,0.8492063492063492,0.40476190476190477,0.5,0.39285714285714285,0.623015873015873,0.5714285714285714,0.16666666666666666,0.32936507936507936,0.8134920634920635,BRD_20240723,올드몬트베이글,0.8545034642032333,False,7681.828753615662,89.18520055817115,16,56,0.3920323325635104,True,0.8707505773672055,0.8815819861431871,0.8924133949191686,16.0,12.0,11.0,13.0,False,direct_size_estimation_deferred,매장 면적·좌석·점포별 매출이 없어 규모별 적합도와 argmax 규모는 산출하지 않음,0.5743173226406101,0.8660508083140878,usable_area_profile,True,familiar,True,0.6879907621247112,14.0
3110640,방화역 1번,11500,671414576.0,62982.0,10660.420056524086,0.7871824480369516,0.8373015873015873,0.23809523809523808,0.623015873015873,0.32142857142857145,0.8333333333333334,0.9246031746031746,0.46825396825396826,0.05555555555555555,0.42063492063492064,BRD_20240723,올드몬트베이글,0.7517321016166282,False,26324.52782104959,241.56986569432095,5,25,0.02482678983833718,True,0.7623672055427252,0.7694572748267898,0.7765473441108546,69.0,51.0,43.0,54.333333333333336,False,direct_size_estimation_deferred,매장 면적·좌석·점포별 매출이 없어 규모별 적합도와 argmax 규모는 산출하지 않음,0.613345276926448,0.8221709006928406,usable_area_profile,True,familiar,True,0.6863741339491917,15.0
3120246,길동역,11740,916043297.0,88020.0,10407.217643717337,0.8409930715935335,0.8452380952380952,0.06746031746031746,0.7063492063492064,0.38492063492063494,0.6626984126984127,0.7182539682539683,0.5833333333333334,0.06746031746031746,0.6507936507936508,BRD_20240723,올드몬트베이글,0.8914549653579676,False,1256.2487810873629,87.92041856413586,26,72,0.5750577367205543,True,0.8763163972286374,0.8662240184757506,0.8561316397228638,14.0,15.0,21.0,16.666666666666668,False,direct_size_estimation_deferred,매장 면적·좌석·점포별 매출이 없어 규모별 적합도와 argmax 규모는 산출하지 않음,0.46253633894604607,0.9353348729792148,usable_area_profile,True,familiar,True,0.685190531177829,16.0
3120068,사가정역,11260,944293896.0,91431.0,10327.940151589723,0.8467667436489608,0.8492063492063492,0.40476190476190477,0.5,0.39285714285714285,0.623015873015873,0.5714285714285714,0.16666666666666666,0.32936507936507936,0.8134920634920635,BRD_20240723,올드몬트베이글,0.8545034642032333,False,6694.8601927096925,42.201895677975386,26,50,0.7713625866050808,True,0.8521824480369515,0.8506351039260971,0.8490877598152424,21.0,21.0,24.0,22.0,False,direct_size_estimation_deferred,매장 면적·좌석·점포별 매출이 없어 규모별 적합도와 argmax 규모는 산출하지 않음,0.36138959660796743,0.9815242494226328,usable_area_profile,True,familiar,True,0.6849018475750578,17.0
3120241,거여역,11710,442861720.0,38192.0,11595.66715542522,0.6863741339491918,0.8531746031746031,0.13095238095238096,0.6746031746031746,0.9325396825396826,0.8928571428571429,0.7063492063492064,0.4087301587301587,0.03968253968253968,0.5436507936507936,BRD_20240723,올드몬트베이글,0.6558891454965358,False,3598.88038143104,74.88658089693484,10,25,0.3181293302540416,True,0.6650346420323325,0.6711316397228637,0.6772286374133949,107.0,95.0,101.0,101.0,False,direct_size_estimation_deferred,매장 면적·좌석·점포별 매출이 없어 규모별 적합도와 argmax 규모는 산출하지 않음,0.4705419264485854,0.9260969976905312,usable_area_profile,True,familiar,True,0.6795323325635105,18.0
3110243,중랑노인종합복지관,11260,245308379.0,21354.0,11487.701554743842,0.5138568129330254,0.8492063492063492,0.40476190476190477,0.5,0.39285714285714285,0.623015873015873,0.5714285714285714,0.16666666666666666,0.32936507936507936,0.8134920634920635,BRD_20240723,올드몬트베이글,0.8545034642032333,False,7783.349536015763,105.41821475311895,13,37,0.26847575057736717,True,0.7523094688221709,0.6841801385681294,0.6160508083140878,75.0,85.0,132.0,97.33333333333333,False,direct_size_estimation_deferred,매장 면적·좌석·점포별 매출이 없어 규모별 적합도와 argmax 규모는 산출하지 않음,0.35407128023184015,0.9838337182448037,usable_area_profile,True,familiar,True,0.6784930715935336,19.0
3130222,오류시장,11530,677800421.0,66656.0,10168.633296327413,0.7894919168591223,0.8412698412698413,0.8373015873015873,0.5753968253968254,0.5238095238095238,0.7579365079365079,0.7380952380952381,0.18253968253968253,0.12698412698412698,0.7658730158730159,BRD_20240723,올드몬트베이글,0.49884526558891457,False,23226.97914067178,48.414873764798386,14,33,0.516743648960739,True,0.5860392609699769,0.6441685912240185,0.7022979214780599,160.0,112.0,88.0,120.0,False,direct_size_estimation_deferred,매장 면적·좌석·점포별 매출이 없어 규모별 적합도와 argmax 규모는 산출하지 않음,0.4690502174365476,0.9284064665127021,usable_area_profile,True,familiar,True,0.676905311778291,20.0
3120037,동대문역사문화공원역,11140,991150857.0,75063.0,13204.253187322649,0.8695150115473441,0.873015873015873,0.5793650793650794,0.6428571428571429,0.34523809523809523,0.8571428571428571,0.8214285714285714,0.0873015873015873,0.023809523809523808,0.8293650793650794,BRD_20140778,크리스피크림,0.20092378752886836,False,4103.080793729369,125.25573836405046,15,74,0.28002309468822173,True,0.40150115473441106,0.5352193995381063,0.6689376443418014,262.0,177.0,100.0,179.66666666666666,False,direct_size_estimation_deferred,매장 면적·좌석·점포별 매출이 없어 규모별 적합도와 argmax 규모는 산출하지 않음,0.5288857959568103,0.9353348729792148,usable_area_profile,True,familiar,True,0.7365762124711316,1.0
3130072,성동용답상가시장,11200,441220675.0,42751.0,10320.710041870365,0.6748267898383372,0.9206349206349206,0.38492063492063494,0.5555555555555556,0.9920634920634921,0.9841269841269841,0.9563492063492064,0.10317460317460317,0.015873015873015872,0.07936507936507936,BRD_20140778,크리스피크림,0.06928406466512702,False,7598.030402666718,135.0925608781212,10,28,0.1489607390300231,True,0.25094688221709005,0.37205542725173213,0.4931639722863741,356.0,300.0,212.0,289.3333333333333,False,direct_size_estimation_deferred,매장 면적·좌석·점포별 매출이 없어 규모별 적합도와 argmax 규모는 산출하지 않음,0.3793884117994531,0.9792147806004619,usable_area_profile,True,familiar,True,0.7338914549653579,2.0
3120009,종로3가역,11110,773341001.0,64864.0,11922.499398741984,0.8273672055427251,0.876984126984127,0.42857142857142855,0.503968253968254,0.75,0.9444444444444444,0.8531746031746031,0.2619047619047619,0.05952380952380952,0.3611111111111111,BRD_20140778,크리스피크림,0.9330254041570438,False,3719.0412742874914,125.80143085865113,24,103,0.45438799076212466,True,0.9013279445727481,0.8801963048498844,0.8590646651270206,14.0,18.0,20.0,17.333333333333332,False,direct_size_estimation_deferred,매장 면적·좌석·점포별 매출이 없어 규모별 적합도와 argmax 규모는 산출하지 않음,0.3200995816635152,0.9884526558891455,usable_area_profile,True,familiar,True,0.7317551963048499,3.0
3120069,상봉역,11260,1511381851.0,142985.0,10570.212616708046,0.9086605080831409,0.8492063492063492,0.40476190476190477,0.5,0.39285714285714285,0.623015873015873,0.5714285714285714,0.16666666666666666,0.32936507936507936,0.8134920634920635,BRD_20140778,크리스피크림,0.6720554272517321,False,7978.4304847393405,89.18520055817115,16,56,0.39260969976905313,True,0.7430369515011547,0.7903579676674365,0.8376789838337182,77.0,46.0,32.0,51.666666666666664,False,direct_size_estimation_deferred,매장 면적·좌석·점포별 매출이 없어 규모별 적합도와 argmax 규모는 산출하지 않음,0.5780201390272743,0.9099307159353349,usable_area_profile,True,familiar,True,0.7142321016166281,4.0
3120107,공덕역(공덕오거리),11440,1051109080.0,111230.0,9449.870358716174,0.8578521939953809,0.9404761904761905,0.4246031746031746,0.5833333333333334,0.9642857142857143,0.9880952380952381,0.9841269841269841,0.1111111111111111,0.011904761904761904,0.051587301587301584,BRD_20140778,크리스피크림,0.1397228637413395,False,1754.1781551507138,80.05623025110103,24,77,0.5767898383371824,True,0.3551616628175519,0.4987875288683602,0.6424133949191685,297.0,208.0,121.0,208.66666666666666,False,direct_size_estimation_deferred,매장 면적·좌석·점포별 매출이 없어 규모별 적합도와 argmax 규모는 산출하지 않음,0.42782630877589967,0.9722863741339491,usable_area_profile,True,familiar,True,0.7113163972286374,5.0
3120175,남부터미널역,11650,960650667.0,103198.0,9308.810897498013,0.8390300230946882,0.7619047619047619,0.2857142857142857,0.7023809523809523,0.6785714285714286,0.8293650793650794,0.7777777777777778,0.42857142857142855,0.08333333333333333,0.5198412698412699,BRD_20140778,크리스피크림,0.9780600461893765,False,1582.621243426453,49.929950906089985,13,46,0.4821016166281755,True,0.93635103926097,0.9085450346420323,0.8807390300230946,7.0,11.0,16.0,11.333333333333334,False,direct_size_estimation_deferred,매장 면적·좌석·점포별 매출이 없어 규모별 적합도와 argmax 규모는 산출하지 않음,0.514730923113845,0.9445727482678984,usable_area_profile,True,familiar,True,0.7041859122401848,6.0
3110883,은천초등학교(은천교앞),11620,384324031.0,36658.0,10484.042528233946,0.6409930715935335,0.6944444444444444,0.5833333333333334,0.49603174603174605,0.8611111111111112,0.9801587301587301,0.8690476190476191,0.027777777777777776,0.051587301587301584,0.3412698412698413,BRD_20140778,크리스피크림,0.4214780600461894,False,1597.6739341514958,165.06059494972328,13,69,0.17840646651270212,True,0.48733256351039256,0.5312355658198614,0.5751385681293302,213.0,184.0,166.0,187.66666666666666,False,direct_size_estimation_deferred,매장 면적·좌석·점포별 매출이 없어 규모별 적합도와 argmax 규모는 산출하지 않음,0.5042467294847324,0.9491916859122402,usable_area_profile,True,familiar,True,0.703002309468822,7.0
3120188,압구정역,11680,1784647410.0,134975.0,13222.058973884052,0.9404157043879908,0.7817460317460317,0.18253968253968253,0.75,0.6468253968253969,0.8531746031746031,0.9206349206349206,0.4365079365079365,0.027777777777777776,0.4880952380952381,BRD_20140778,크리스피크림,0.8775981524249422,False,3031.0727473775373,98.31073190628577,25,98,0.5329099307159353,True,0.8964434180138567,0.9090069284064666,0.9215704387990762,15.0,10.0,9.0,11.333333333333334,False,direct_size_estimation_deferred,매장 면적·좌석·점포별 매출이 없어 규모별 적합도와 argmax 규모는 산출하지 않음,0.5891765224964735,0.9053117782909931,usable_area_profile,True,familiar,True,0.6983545034642032,8.0
3120038,약수역,11140,1550178516.0,134777.0,11501.803096967584,0.9235565819861433,0.873015873015873,0.5793650793650794,0.6428571428571429,0.34523809523809523,0.8571428571428571,0.8214285714285714,0.0873015873015873,0.023809523809523808,0.8293650793650794,BRD_20140778,크리스피크림,0.20092378752886836,False,3656.1777856005665,62.64183906448842,18,44,0.5513856812933025,True,0.4177136258660509,0.5622401847575058,0.7067667436489607,252.0,158.0,77.0,162.33333333333334,False,direct_size_estimation_deferred,매장 면적·좌석·점포별 매출이 없어 규모별 적합도와 argmax 규모는 산출하지 않음,0.5733446895315094,0.9168591224018476,usable_area_profile,True,familiar,True,0.698296766743649,9.0
3111005,삼전역 3번,11710,233054769.0,25337.0,9198.19903698149,0.48152424942263283,0.8531746031746031,0.13095238095238096,0.6746031746031746,0.9325396825396826,0.8928571428571429,0.7063492063492064,0.4087301587301587,0.03968253968253968,0.5436507936507936,BRD_20140778,크리스피크림,0.47344110854503463,False,5325.168354100642,198.59506540938497,7,54,0.053117782909930716,True,0.4758660508083141,0.47748267898383373,0.47909930715935334,219.0,218.0,226.0,221.0,False,direct_size_estimation_deferred,매장 면적·좌석·점포별 매출이 없어 규모별 적합도와 argmax 규모는 산출하지 않음,0.42909683445592,0.9699769053117783,usable_area_profile,True,familiar,True,0.6943995381062357,10.0
3110810,영신초등학교,11560,325709619.0,29453.0,11058.62285675483,0.5928406466512702,0.8571428571428571,0.7698412698412699,0.5277777777777778,0.23809523809523808,0.9007936507936508,0.9761904761904762,0.3373015873015873,0.047619047619047616,0.25,BRD_20140778,크리스피크림,0.2840646651270208,False,3182.455812725431,74.63243262412867,11,41,0.34295612009237875,True,0.37669745958429557,0.4384526558891455,0.5002078521939953,280.0,252.0,207.0,246.33333333333334,False,direct_size_estimation_deferred,매장 면적·좌석·점포별 매출이 없어 규모별 적합도와 argmax 규모는 산출하지 않음,0.31040047649110064,0.9930715935334873,usable_area_profile,True,familiar,True,0.6926096997690531,11.0
3120120,화곡역,11500,2140760825.0,296121.0,7229.34484551923,0.8866050808314089,0.8373015873015873,0.23809523809523808,0.623015873015873,0.32142857142857145,0.8333333333333334,0.9246031746031746,0.46825396825396826,0.05555555555555555,0.42063492063492064,BRD_20140778,크리스피크림,0.7494226327944573,False,5472.96062471326,26.400757567542716,25,54,0.8181293302540416,True,0.7905773672055427,0.8180138568129331,0.8454503464203234,58.0,35.0,27.0,40.0,False,direct_size_estimation_deferred,매장 면적·좌석·점포별 매출이 없어 규모별 적합도와 argmax 규모는 산출하지 않음,0.4441991958879795,0.9676674364896074,usable_area_profile,True,familiar,True,0.6795323325635105,12.0
3120228,석촌역(석촌호수),11710,510280686.0,47215.0,10807.596865402944,0.7248267898383373,0.8531746031746031,0.13095238095238096,0.6746031746031746,0.9325396825396826,0.8928571428571429,0.7063492063492064,0.4087301587301587,0.03968253968253968,0.5436507936507936,BRD_20140778,크리스피크림,0.47344110854503463,False,4554.656189028109,78.44743464456866,38,113,0.6853348729792148,True,0.5488568129330254,0.5991339491916859,0.6494110854503465,177.0,135.0,113.0,141.66666666666666,False,direct_size_estimation_deferred,매장 면적·좌석·점포별 매출이 없어 규모별 적합도와 argmax 규모는 산출하지 않음,0.2489450079875815,0.9976905311778291,usable_area_profile,True,familiar,True,0.6770207852193996,13.0
3120055,군자역,11215,811493384.0,82304.0,9859.707717729394,0.8148960739030023,0.8650793650793651,0.5238095238095238,0.6309523809523809,0.7698412698412699,0.9087301587301587,0.7023809523809523,0.1388888888888889,0.0992063492063492,0.6031746031746031,BRD_20140778,크리스피크림,0.825635103926097,False,5751.85709141393,39.05124838393783,28,50,0.8100461893764435,True,0.8224133949191685,0.8202655889145496,0.8181177829099306,41.0,34.0,36.0,37.0,False,direct_size_estimation_deferred,매장 면적·좌석·점포별 매출이 없어 규모별 적합도와 argmax 규모는 산출하지 않음,0.33993247343973887,0.9861431870669746,usable_area_profile,True,familiar,True,0.6739030023094689,14.0
3120062,신설동역,11230,583819931.0,56521.0,10329.256931052176,0.748498845265589,0.6904761904761905,0.5396825396825397,0.5714285714285714,0.9603174603174603,0.9126984126984127,0.4087301587301587,0.1865079365079365,0.09126984126984126,0.6825396825396826,BRD_20140778,크리스피크림,0.38683602771362585,False,5941.237918129293,109.76793705062819,8,37,0.16743648960739027,True,0.49533487297921475,0.5676674364896074,0.64,204.0,155.0,124.0,161.0,False,direct_size_estimation_deferred,매장 면적·좌석·점포별 매출이 없어 규모별 적합도와 argmax 규모는 산출하지 않음,0.6772569565649196,0.8521939953810623,usable_area_profile,True,familiar,True,0.6733256351039261,15.0
3001493,동대문패션타운 관광특구,11140,440248985.0,46018.0,9566.886544395671,0.673094688221709,0.873015873015873,0.5793650793650794,0.6428571428571429,0.34523809523809523,0.8571428571428571,0.8214285714285714,0.0873015873015873,0.023809523809523808,0.8293650793650794,BRD_20140778,크리스피크림,0.20092378752886836,False,4500.153441812842,83.38465086597759,13,73,0.3389145496535797,True,0.34257505773672053,0.43700923787528867,0.5314434180138569,306.0,253.0,194.0,251.0,False,direct_size_estimation_deferred,매장 면적·좌석·점포별 매출이 없어 규모별 적합도와 argmax 규모는 산출하지 않음,0.5487027515951345,0.9260969976905312,usable_area_profile,True,familiar,True,0.673094688221709,16.0
3120003,광화문역,11110,756200869.0,75218.0,10053.456207290808,0.8042725173210161,0.876984126984127,0.42857142857142855,0.503968253968254,0.75,0.9444444444444444,0.8531746031746031,0.2619047619047619,0.05952380952380952,0.3611111111111111,BRD_20140778,크리스피크림,0.9330254041570438,False,3366.2960356841686,69.12307861572918,25,101,0.6414549653579678,True,0.8943995381062354,0.86864896073903,0.8428983833718244,16.0,19.0,29.0,21.333333333333332,False,direct_size_estimation_deferred,매장 면적·좌석·점포별 매출이 없어 규모별 적합도와 argmax 규모는 산출하지 않음,0.509893738034649,0.9468822170900693,usable_area_profile,True,familiar,True,0.6729792147806005,17.0
3120205,매봉역,11680,580733796.0,60594.0,9584.014852955737,0.7444572748267898,0.7817460317460317,0.18253968253968253,0.75,0.6468253968253969,0.8531746031746031,0.9206349206349206,0.4365079365079365,0.027777777777777776,0.4880952380952381,BRD_20140778,크리스피크림,0.8775981524249422,False,1902.8623176551,70.4911341990284,16,64,0.4688221709006928,True,0.8376558891454964,0.811027713625866,0.7843995381062354,36.0,38.0,45.0,39.666666666666664,False,direct_size_estimation_deferred,매장 면적·좌석·점포별 매출이 없어 규모별 적합도와 argmax 규모는 산출하지 않음,0.5611363673036134,0.9214780600461894,usable_area_profile,True,familiar,True,0.6686778290993072,18.0
3120056,구의역,11215,311680026.0,30426.0,10243.871228554526,0.5764434180138568,0.8650793650793651,0.5238095238095238,0.6309523809523809,0.7698412698412699,0.9087301587301587,0.7023809523809523,0.1388888888888889,0.0992063492063492,0.6031746031746031,BRD_20140778,크리스피크림,0.825635103926097,False,4832.000103491202,109.93179701028201,24,62,0.4844110854503464,True,0.7508775981524248,0.7010392609699769,0.6512009237875288,71.0,79.0,112.0,87.33333333333333,False,direct_size_estimation_deferred,매장 면적·좌석·점포별 매출이 없어 규모별 적합도와 argmax 규모는 산출하지 않음,0.3055566328096512,0.9953810623556582,usable_area_profile,True,familiar,True,0.6686778290993071,19.0
3120226,석촌고분역,11710,497422151.0,44126.0,11272.767778633912,0.7166281755196304,0.8531746031746031,0.13095238095238096,0.6746031746031746,0.9325396825396826,0.8928571428571429,0.7063492063492064,0.4087301587301587,0.03968253968253968,0.5436507936507936,BRD_20140778,크리스피크림,0.47344110854503463,False,5342.27825934691,58.872744129090485,22,78,0.6362586605080831,True,0.5463972286374134,0.5950346420323325,0.6436720554272517,181.0,136.0,119.0,145.33333333333334,False,direct_size_estimation_deferred,매장 면적·좌석·점포별 매출이 없어 규모별 적합도와 argmax 규모는 산출하지 않음,0.4760159509215903,0.9584295612009238,usable_area_profile,True,familiar,True,0.6587759815242494,20.0
3120038,약수역,11140,1550178516.0,134777.0,11501.803096967584,0.9235565819861433,0.873015873015873,0.5793650793650794,0.6428571428571429,0.34523809523809523,0.8571428571428571,0.8214285714285714,0.0873015873015873,0.023809523809523808,0.8293650793650794,BRD_20080200064,파리바게뜨,0.20092378752886836,False,878.3826045324923,62.64183906448842,18,42,0.581986143187067,True,0.4177136258660509,0.5622401847575058,0.7067667436489607,42.0,24.0,10.0,25.333333333333332,False,direct_size_estimation_deferred,매장 면적·좌석·점포별 매출이 없어 규모별 적합도와 argmax 규모는 산출하지 않음,0.42072386741959267,0.9653579676674365,usable_area_profile,True,familiar,True,0.7228060046189377,1.0
3110640,방화역 1번,11500,671414576.0,62982.0,10660.420056524086,0.7871824480369516,0.8373015873015873,0.23809523809523808,0.623015873015873,0.32142857142857145,0.8333333333333334,0.9246031746031746,0.46825396825396826,0.05555555555555555,0.42063492063492064,BRD_20080200064,파리바게뜨,0.8625866050808314,False,719.8694326105474,241.56986569432095,5,22,0.031177829099307157,True,0.8399653579676675,0.8248845265588916,0.8098036951501155,6.0,3.0,3.0,4.0,False,direct_size_estimation_deferred,매장 면적·좌석·점포별 매출이 없어 규모별 적합도와 argmax 규모는 산출하지 않음,0.6027518577030829,0.8660508083140878,usable_area_profile,True,familiar,True,0.7117494226327945,2.0
3120133,서울시흥동우체국(홈플러스시흥점),11545,637795918.0,60754.0,10498.00701188399,0.7765588914549653,0.753968253968254,0.7420634920634921,0.3531746031746032,0.24206349206349206,0.8690476190476191,0.873015873015873,0.04365079365079365,0.13095238095238096,0.6785714285714286,BRD_20080200064,파리바게뜨,0.10739030023094688,False,694.2225868096873,60.20797286767192,15,43,0.523094688221709,True,0.30814087759815234,0.44197459584295606,0.5758083140877597,59.0,39.0,24.0,40.666666666666664,False,direct_size_estimation_deferred,매장 면적·좌석·점포별 매출이 없어 규모별 적합도와 argmax 규모는 산출하지 않음,0.4492041865447183,0.9515011547344111,usable_area_profile,True,familiar,True,0.6865762124711317,3.0
3110274,서일대학교,11260,492656087.0,41512.0,11867.79935922143,0.7133949191685912,0.8492063492063492,0.40476190476190477,0.5,0.39285714285714285,0.623015873015873,0.5714285714285714,0.16666666666666666,0.32936507936507936,0.8134920634920635,BRD_20080200064,파리바게뜨,0.8983833718244804,False,650.4467695524278,101.51354588565466,6,27,0.18879907621247113,True,0.8428868360277135,0.8058891454965358,0.7688914549653578,5.0,5.0,5.0,5.0,False,direct_size_estimation_deferred,매장 면적·좌석·점포별 매출이 없어 규모별 적합도와 argmax 규모는 산출하지 않음,0.5688478551905781,0.8891454965357968,usable_area_profile,True,familiar,True,0.6835161662817552,4.0
3130222,오류시장,11530,677800421.0,66656.0,10168.633296327413,0.7894919168591223,0.8412698412698413,0.8373015873015873,0.5753968253968254,0.5238095238095238,0.7579365079365079,0.7380952380952381,0.18253968253968253,0.12698412698412698,0.7658730158730159,BRD_20080200064,파리바게뜨,0.5242494226327945,False,555.6518694649683,48.414873764798386,14,32,0.5548498845265589,True,0.6038221709006928,0.6568706697459584,0.7099191685912238,26.0,17.0,9.0,17.333333333333332,False,direct_size_estimation_deferred,매장 면적·좌석·점포별 매출이 없어 규모별 적합도와 argmax 규모는 산출하지 않음,0.4814401963618062,0.9260969976905312,usable_area_profile,True,familiar,True,0.6698036951501155,5.0
3120228,석촌역(석촌호수),11710,510280686.0,47215.0,10807.596865402944,0.7248267898383373,0.8531746031746031,0.13095238095238096,0.6746031746031746,0.9325396825396826,0.8928571428571429,0.7063492063492064,0.4087301587301587,0.03968253968253968,0.5436507936507936,BRD_20080200064,파리바게뜨,0.3995381062355658,False,916.5424158603037,78.44743464456866,38,111,0.7061200923787528,True,0.4971247113163972,0.5621824480369515,0.6272401847575059,33.0,25.0,17.0,25.0,False,direct_size_estimation_deferred,매장 면적·좌석·점포별 매출이 없어 규모별 적합도와 argmax 규모는 산출하지 않음,0.3587609611637271,0.9907621247113164,usable_area_profile,True,familiar,True,0.6697459584295612,6.0
3110836,상도역 5번,11590,245030296.0,22286.0,10994.80822040743,0.5116628175519631,0.8611111111111112,0.5158730158730159,0.42857142857142855,0.753968253968254,0.9563492063492064,0.6626984126984127,0.11507936507936507,0.09523809523809523,0.5674603174603174,BRD_20080200064,파리바게뜨,0.5577367205542725,False,708.5795650328961,143.40502085254877,17,42,0.33718244803695147,True,0.5439145496535797,0.5346997690531178,0.5254849884526559,30.0,29.0,32.0,30.333333333333332,False,direct_size_estimation_deferred,매장 면적·좌석·점포별 매출이 없어 규모별 적합도와 argmax 규모는 산출하지 않음,0.5266972658378481,0.9076212471131639,usable_area_profile,True,familiar,True,0.6219110854503465,7.0
3120165,서래마을카페거리(서래마을),11650,2971488955.0,159582.0,18620.45189933702,0.9718244803695151,0.7619047619047619,0.2857142857142857,0.7023809523809523,0.6785714285714286,0.8293650793650794,0.7777777777777778,0.42857142857142855,0.08333333333333333,0.5198412698412699,BRD_20080200064,파리바게뜨,0.9780600461893765,False,754.4461544881242,18.110770263065373,12,55,0.6073903002309469,True,0.976189376443418,0.9749422632794458,0.9736951501154734,1.0,1.0,1.0,1.0,True,direct_size_estimation_deferred,매장 면적·좌석·점포별 매출이 없어 규모별 적합도와 argmax 규모는 산출하지 않음,0.7090567667949226,0.7644341801385681,usable_area_profile,True,familiar,True,0.6105080831408776,8.0
3110768,도림2동유수지내체육시설,11560,71462127.0,7678.0,9307.388252148998,0.20692840646651273,0.8571428571428571,0.7698412698412699,0.5277777777777778,0.23809523809523808,0.9007936507936508,0.9761904761904762,0.3373015873015873,0.047619047619047616,0.25,BRD_20080200064,파리바게뜨,0.24480369515011546,False,503.0357840010102,164.1371377999411,6,37,0.07794457274826791,True,0.2334411085450346,0.2258660508083141,0.21829099307159353,67.0,69.0,69.0,68.33333333333333,False,direct_size_estimation_deferred,매장 면적·좌석·점포별 매출이 없어 규모별 적합도와 argmax 규모는 산출하지 않음,0.45955288818975576,0.9422632794457275,usable_area_profile,True,familiar,True,0.6053983833718245,9.0
3110593,신월3동주민센터,11470,317937956.0,28102.0,11313.712760657605,0.5892609699769054,0.8055555555555556,0.2222222222222222,0.5158730158730159,0.5873015873015873,0.5079365079365079,0.2896825396825397,0.4801587301587302,0.30952380952380953,0.7738095238095238,BRD_20080200064,파리바게뜨,0.9341801385681293,False,632.7566673113736,184.0679222675113,3,20,0.03060046189376444,True,0.8307043879907621,0.7617205542725174,0.6927367205542725,7.0,9.0,12.0,9.333333333333334,False,direct_size_estimation_deferred,매장 면적·좌석·점포별 매출이 없어 규모별 적합도와 argmax 규모는 산출하지 않음,0.6995121134758161,0.76905311778291,usable_area_profile,True,familiar,True,0.6041570438799077,10.0
3130065,무학봉상점가,11200,317290806.0,29717.0,10677.080660901167,0.5839491916859122,0.9206349206349206,0.38492063492063494,0.5555555555555556,0.9920634920634921,0.9841269841269841,0.9563492063492064,0.10317460317460317,0.015873015873015872,0.07936507936507936,BRD_20080200064,파리바게뜨,0.016166281755196306,False,511.56622247784657,58.18075286774034,23,68,0.6818706697459584,True,0.18650115473441106,0.30005773672055425,0.4136143187066974,73.0,61.0,40.0,58.0,False,direct_size_estimation_deferred,매장 면적·좌석·점포별 매출이 없어 규모별 적합도와 argmax 규모는 산출하지 않음,0.5707872807224045,0.8868360277136259,usable_area_profile,True,familiar,True,0.5758083140877598,11.0
3110690,오류2동버들시장,11530,236340399.0,20521.0,11517.002046683885,0.5033487297921478,0.8412698412698413,0.8373015873015873,0.5753968253968254,0.5238095238095238,0.7579365079365079,0.7380952380952381,0.18253968253968253,0.12698412698412698,0.7658730158730159,BRD_20080200064,파리바게뜨,0.5242494226327945,False,797.9235552185615,56.612719422528826,14,24,0.5155889145496536,True,0.5179792147806005,0.5137990762124711,0.5096189376443419,31.0,31.0,34.0,32.0,False,direct_size_estimation_deferred,매장 면적·좌석·점포별 매출이 없어 규모별 적합도와 argmax 규모는 산출하지 않음,0.6205925954666998,0.8452655889145496,usable_area_profile,True,familiar,True,0.5556581986143188,12.0
3130139,강북종합전통시장(강북종합골목시장),11305,556143075.0,53488.0,10397.529819772659,0.7376443418013857,0.8253968253968254,0.373015873015873,0.31746031746031744,0.42857142857142855,0.5396825396825397,0.1626984126984127,0.051587301587301584,0.5515873015873016,0.9365079365079365,BRD_20080200064,파리바게뜨,0.12702078521939955,False,625.4638278685006,27.730849249436897,16,42,0.6818706697459584,True,0.3102078521939954,0.4323325635103926,0.5544572748267897,58.0,41.0,28.0,42.333333333333336,False,direct_size_estimation_deferred,매장 면적·좌석·점포별 매출이 없어 규모별 적합도와 argmax 규모는 산출하지 않음,0.6743305857824294,0.7852193995381063,usable_area_profile,True,familiar,True,0.5532621247113164,13.0
3120028,명동(명동거리),11140,1220806458.0,114833.0,10631.14660419914,0.888799076212471,0.873015873015873,0.5793650793650794,0.6428571428571429,0.34523809523809523,0.8571428571428571,0.8214285714285714,0.0873015873015873,0.023809523809523808,0.8293650793650794,BRD_20080200064,파리바게뜨,0.20092378752886836,False,565.9628963097676,30.675723307169914,43,90,0.9133949191685913,True,0.4072863741339491,0.5448614318706697,0.6824364896073901,44.0,28.0,14.0,28.666666666666668,False,direct_size_estimation_deferred,매장 면적·좌석·점포별 매출이 없어 규모별 적합도와 argmax 규모는 산출하지 않음,0.7202519066268797,0.7575057736720554,usable_area_profile,True,familiar,True,0.5396939953810622,14.0
3001493,동대문패션타운 관광특구,11140,440248985.0,46018.0,9566.886544395671,0.673094688221709,0.873015873015873,0.5793650793650794,0.6428571428571429,0.34523809523809523,0.8571428571428571,0.8214285714285714,0.0873015873015873,0.023809523809523808,0.8293650793650794,BRD_20080200064,파리바게뜨,0.20092378752886836,False,522.9168193603563,83.38465086597759,13,68,0.38106235565819857,True,0.34257505773672053,0.43700923787528867,0.5314434180138569,51.0,40.0,31.0,40.666666666666664,False,direct_size_estimation_deferred,매장 면적·좌석·점포별 매출이 없어 규모별 적합도와 argmax 규모는 산출하지 않음,0.7669411579473959,0.7043879907621247,usable_area_profile,True,familiar,True,0.5337471131639723,15.0
3110002,독립문역 1번,11110,365825854.0,38233.0,9568.32720424764,0.61824480369515,0.876984126984127,0.42857142857142855,0.503968253968254,0.75,0.9444444444444444,0.8531746031746031,0.2619047619047619,0.05952380952380952,0.3611111111111111,BRD_20080200064,파리바게뜨,0.7090069284064665,False,1175.9804419885481,115.00434770468347,4,14,0.14376443418013857,True,0.6817782909930715,0.6636258660508083,0.645473441108545,18.0,16.0,16.0,16.666666666666668,False,direct_size_estimation_deferred,매장 면적·좌석·점포별 매출이 없어 규모별 적합도와 argmax 규모는 산출하지 않음,0.8415712613740647,0.6535796766743649,usable_area_profile,True,familiar,True,0.5251443418013856,16.0
3110741,독산2동주민센터,11545,212267831.0,22255.0,9537.98386879353,0.46143187066974595,0.753968253968254,0.7420634920634921,0.3531746031746032,0.24206349206349206,0.8690476190476191,0.873015873015873,0.04365079365079365,0.13095238095238096,0.6785714285714286,BRD_20080200064,파리바게뜨,0.10739030023094688,False,550.245399822522,117.4436034884882,6,40,0.15069284064665125,True,0.2136027713625866,0.28441108545034643,0.3552193995381062,70.0,63.0,49.0,60.666666666666664,False,direct_size_estimation_deferred,매장 면적·좌석·점포별 매출이 없어 규모별 적합도와 argmax 규모는 산출하지 않음,0.7559616444526125,0.7182448036951501,usable_area_profile,True,familiar,True,0.5237009237875289,17.0
3130150,창동골목시장,11320,173336059.0,12934.0,13401.58179990722,0.4159353348729793,0.7182539682539683,0.11904761904761904,0.6071428571428571,0.25793650793650796,0.3611111111111111,0.24603174603174602,0.19047619047619047,0.4246031746031746,0.9126984126984127,BRD_20080200064,파리바게뜨,0.1535796766743649,False,530.571390098121,25.000000032567186,8,27,0.5080831408775982,True,0.2322863741339492,0.2847575057736721,0.3372286374133949,69.0,62.0,53.0,61.333333333333336,False,direct_size_estimation_deferred,매장 면적·좌석·점포별 매출이 없어 규모별 적합도와 argmax 규모는 산출하지 않음,0.6534729289970951,0.812933025404157,usable_area_profile,True,familiar,True,0.5155311778290993,18.0
3110450,시립서북병원,11380,211174273.0,15084.0,13999.885507822859,0.45993071593533497,0.8968253968253969,0.15873015873015872,0.5674603174603174,0.5277777777777778,0.6785714285714286,0.47619047619047616,0.17857142857142858,0.19047619047619047,0.8373015873015873,BRD_20080200064,파리바게뜨,0.48614318706697457,False,518.4669709746045,15.524174686882562,11,39,0.5981524249422633,True,0.47827944572748265,0.47303695150115477,0.4677944572748268,36.0,37.0,36.0,36.333333333333336,False,direct_size_estimation_deferred,매장 면적·좌석·점포별 매출이 없어 규모별 적합도와 argmax 규모는 산출하지 않음,0.6809278595988744,0.7782909930715936,usable_area_profile,True,familiar,True,0.49223441108545035,19.0
3110905,방배노인종합복지관(이수중학교),11650,373845875.0,24927.0,14997.62807397601,0.6131639722863742,0.7619047619047619,0.2857142857142857,0.7023809523809523,0.6785714285714286,0.8293650793650794,0.7777777777777778,0.42857142857142855,0.08333333333333333,0.5198412698412699,BRD_20080200064,파리바게뜨,0.9780600461893765,False,534.3416510097215,32.202484392652536,19,68,0.7263279445727483,True,0.8685912240184758,0.7956120092378753,0.7226327944572748,4.0,6.0,8.0,6.0,False,direct_size_estimation_deferred,매장 면적·좌석·점포별 매출이 없어 규모별 적합도와 argmax 규모는 산출하지 않음,0.7458995045783037,0.7367205542725173,usable_area_profile,True,familiar,True,0.4863741339491916,20.0
3130072,성동용답상가시장,11200,441220675.0,42751.0,10320.710041870365,0.6748267898383372,0.9206349206349206,0.38492063492063494,0.5555555555555556,0.9920634920634921,0.9841269841269841,0.9563492063492064,0.10317460317460317,0.015873015873015872,0.07936507936507936,BRD_20170827,핫브레드,0.13394919168591224,False,1037.8232026549297,135.0925608781212,10,28,0.15069284064665128,True,0.29621247113163973,0.4043879907621247,0.5125635103926097,306.0,243.0,183.0,244.0,False,direct_size_estimation_deferred,매장 면적·좌석·점포별 매출이 없어 규모별 적합도와 argmax 규모는 산출하지 않음,0.31140495904387394,0.9976905311778291,usable_area_profile,True,familiar,True,0.7447170900692841,1.0
3120188,압구정역,11680,1784647410.0,134975.0,13222.058973884052,0.9404157043879908,0.7817460317460317,0.18253968253968253,0.75,0.6468253968253969,0.8531746031746031,0.9206349206349206,0.4365079365079365,0.027777777777777776,0.4880952380952381,BRD_20170827,핫브레드,0.8083140877598153,False,1313.3944570980261,98.31073190628577,25,98,0.5363741339491916,True,0.847944572748268,0.874364896073903,0.9007852193995382,26.0,15.0,13.0,18.0,False,direct_size_estimation_deferred,매장 면적·좌석·점포별 매출이 없어 규모별 적합도와 argmax 규모는 산출하지 않음,0.42589548898085045,0.9699769053117783,usable_area_profile,True,familiar,True,0.7366339491916859,2.0
3120009,종로3가역,11110,773341001.0,64864.0,11922.499398741984,0.8273672055427251,0.876984126984127,0.42857142857142855,0.503968253968254,0.75,0.9444444444444444,0.8531746031746031,0.2619047619047619,0.05952380952380952,0.3611111111111111,BRD_20170827,핫브레드,0.8960739030023095,False,1503.2937171697195,125.80143085865113,24,103,0.4578521939953811,True,0.8754618937644341,0.8617205542725173,0.8479792147806003,20.0,18.0,22.0,20.0,False,direct_size_estimation_deferred,매장 면적·좌석·점포별 매출이 없어 규모별 적합도와 argmax 규모는 산출하지 않음,0.3413229923222304,0.9930715935334873,usable_area_profile,True,familiar,True,0.7340069284064664,3.0
3110892,관악구 중앙길,11620,913081619.0,87290.0,10460.323278726086,0.8403002309468822,0.6944444444444444,0.5833333333333334,0.49603174603174605,0.8611111111111112,0.9801587301587301,0.8690476190476191,0.027777777777777776,0.051587301587301584,0.3412698412698413,BRD_20170827,핫브레드,0.3083140877598152,False,1821.079350259868,165.92166821826325,24,76,0.40127020785219397,True,0.4679099307159353,0.5743071593533488,0.680704387990762,197.0,130.0,82.0,136.33333333333334,False,direct_size_estimation_deferred,매장 면적·좌석·점포별 매출이 없어 규모별 적합도와 argmax 규모는 산출하지 않음,0.46119438386228173,0.9561200923787528,usable_area_profile,True,familiar,True,0.723556581986143,4.0
3120166,방배역,11650,1455145059.0,122673.0,11861.983150326478,0.9176674364896074,0.7619047619047619,0.2857142857142857,0.7023809523809523,0.6785714285714286,0.8293650793650794,0.7777777777777778,0.42857142857142855,0.08333333333333333,0.5198412698412699,BRD_20170827,핫브레드,0.9780600461893765,False,744.3937130431206,99.2975326976693,12,27,0.26963048498845266,True,0.9599422632794457,0.9478637413394919,0.935785219399538,3.0,3.0,5.0,3.6666666666666665,False,direct_size_estimation_deferred,매장 면적·좌석·점포별 매출이 없어 규모별 적합도와 argmax 규모는 산출하지 않음,0.5933273209717361,0.8868360277136259,usable_area_profile,True,familiar,True,0.7210739030023096,5.0
3110883,은천초등학교(은천교앞),11620,384324031.0,36658.0,10484.042528233946,0.6409930715935335,0.6944444444444444,0.5833333333333334,0.49603174603174605,0.8611111111111112,0.9801587301587301,0.8690476190476191,0.027777777777777776,0.051587301587301584,0.3412698412698413,BRD_20170827,핫브레드,0.3083140877598152,False,2010.0002487670188,165.06059494972328,13,69,0.17898383371824483,True,0.4081177829099307,0.4746535796766743,0.5411893764434179,246.0,200.0,169.0,205.0,False,direct_size_estimation_deferred,매장 면적·좌석·점포별 매출이 없어 규모별 적합도와 argmax 규모는 산출하지 않음,0.4205269589194151,0.9745958429561201,usable_area_profile,True,familiar,True,0.7181581986143187,6.0
3120069,상봉역,11260,1511381851.0,142985.0,10570.212616708046,0.9086605080831409,0.8492063492063492,0.40476190476190477,0.5,0.39285714285714285,0.623015873015873,0.5714285714285714,0.16666666666666666,0.32936507936507936,0.8134920634920635,BRD_20170827,핫브레드,0.6535796766743649,False,547.2266440671879,89.18520055817115,16,54,0.39838337182448036,True,0.7301039260969977,0.7811200923787529,0.832136258660508,74.0,44.0,27.0,48.333333333333336,False,direct_size_estimation_deferred,매장 면적·좌석·점포별 매출이 없어 규모별 적합도와 argmax 규모는 산출하지 않음,0.5666811437451319,0.9076212471131639,usable_area_profile,True,familiar,True,0.7119803695150116,7.0
3120038,약수역,11140,1550178516.0,134777.0,11501.803096967584,0.9235565819861433,0.873015873015873,0.5793650793650794,0.6428571428571429,0.34523809523809523,0.8571428571428571,0.8214285714285714,0.0873015873015873,0.023809523809523808,0.8293650793650794,BRD_20170827,핫브레드,0.23094688221709006,False,3135.898595313147,62.64183906448842,18,44,0.5548498845265588,True,0.43872979214780605,0.5772517321016167,0.7157736720554273,227.0,129.0,67.0,141.0,False,direct_size_estimation_deferred,매장 면적·좌석·점포별 매출이 없어 규모별 적합도와 argmax 규모는 산출하지 않음,0.4842462093825257,0.9399538106235565,usable_area_profile,True,familiar,True,0.7116339491916859,8.0
3111005,삼전역 3번,11710,233054769.0,25337.0,9198.19903698149,0.48152424942263283,0.8531746031746031,0.13095238095238096,0.6746031746031746,0.9325396825396826,0.8928571428571429,0.7063492063492064,0.4087301587301587,0.03968253968253968,0.5436507936507936,BRD_20170827,핫브레드,0.7020785219399538,False,2087.1293683071035,198.59506540938497,7,54,0.053117782909930716,True,0.6359122401847574,0.5918013856812934,0.5476905311778291,118.0,118.0,168.0,134.66666666666666,False,direct_size_estimation_deferred,매장 면적·좌석·점포별 매출이 없어 규모별 적합도와 argmax 규모는 산출하지 않음,0.35273592112012775,0.9884526558891455,usable_area_profile,True,familiar,True,0.7054849884526558,9.0
3120246,길동역,11740,916043297.0,88020.0,10407.217643717337,0.8409930715935335,0.8452380952380952,0.06746031746031746,0.7063492063492064,0.38492063492063494,0.6626984126984127,0.7182539682539683,0.5833333333333334,0.06746031746031746,0.6507936507936508,BRD_20170827,핫브레드,0.38799076212471134,False,2482.840309018962,87.92041856413586,26,72,0.5802540415704388,True,0.5238914549653579,0.6144919168591224,0.7050923787528869,165.0,110.0,71.0,115.33333333333333,False,direct_size_estimation_deferred,매장 면적·좌석·점포별 매출이 없어 규모별 적합도와 argmax 규모는 산출하지 않음,0.4699171673688196,0.9468822170900693,usable_area_profile,True,familiar,True,0.6913394919168591,10.0
3110640,방화역 1번,11500,671414576.0,62982.0,10660.420056524086,0.7871824480369516,0.8373015873015873,0.23809523809523808,0.623015873015873,0.32142857142857145,0.8333333333333334,0.9246031746031746,0.46825396825396826,0.05555555555555555,0.42063492063492064,BRD_20170827,핫브레드,0.5046189376443418,False,2836.5269256462466,241.56986569432095,5,25,0.02482678983833718,True,0.5893879907621247,0.6459006928406468,0.7024133949191687,135.0,96.0,73.0,101.33333333333333,False,direct_size_estimation_deferred,매장 면적·좌석·점포별 매출이 없어 규모별 적합도와 argmax 규모는 산출하지 않음,0.6814602808652435,0.8244803695150116,usable_area_profile,True,familiar,True,0.6877598152424943,11.0
3120062,신설동역,11230,583819931.0,56521.0,10329.256931052176,0.748498845265589,0.6904761904761905,0.5396825396825397,0.5714285714285714,0.9603174603174603,0.9126984126984127,0.4087301587301587,0.1865079365079365,0.09126984126984126,0.6825396825396826,BRD_20170827,핫브레드,0.42609699769053117,False,2095.582257997079,109.76793705062819,8,37,0.1691685912240185,True,0.5228175519630485,0.58729792147806,0.6517782909930716,167.0,122.0,99.0,129.33333333333334,False,direct_size_estimation_deferred,매장 면적·좌석·점포별 매출이 없어 규모별 적합도와 argmax 규모는 산출하지 않음,0.6434542158690703,0.8660508083140878,usable_area_profile,True,familiar,True,0.6813799076212472,12.0
3110810,영신초등학교,11560,325709619.0,29453.0,11058.62285675483,0.5928406466512702,0.8571428571428571,0.7698412698412699,0.5277777777777778,0.23809523809523808,0.9007936507936508,0.9761904761904762,0.3373015873015873,0.047619047619047616,0.25,BRD_20170827,핫브레드,0.18706697459584296,False,1269.5451941427477,74.63243262412867,11,41,0.34757505773672054,True,0.30879907621247116,0.3899538106235566,0.471108545034642,297.0,261.0,206.0,254.66666666666666,False,direct_size_estimation_deferred,매장 면적·좌석·점포별 매출이 없어 규모별 적합도와 argmax 규모는 산출하지 않음,0.4216391015417628,0.9722863741339491,usable_area_profile,True,familiar,True,0.679445727482679,13.0
3120175,남부터미널역,11650,960650667.0,103198.0,9308.810897498013,0.8390300230946882,0.7619047619047619,0.2857142857142857,0.7023809523809523,0.6785714285714286,0.8293650793650794,0.7777777777777778,0.42857142857142855,0.08333333333333333,0.5198412698412699,BRD_20170827,핫브레드,0.9780600461893765,False,1199.8966622604814,49.929950906089985,13,46,0.4849884526558892,True,0.93635103926097,0.9085450346420323,0.8807390300230946,6.0,9.0,15.0,10.0,False,direct_size_estimation_deferred,매장 면적·좌석·점포별 매출이 없어 규모별 적합도와 argmax 규모는 산출하지 않음,0.5689130550280846,0.9030023094688222,usable_area_profile,True,familiar,True,0.678810623556582,14.0
3120158,녹두거리(대학동),11620,695809095.0,79236.0,8781.476790852643,0.7778290993071594,0.6944444444444444,0.5833333333333334,0.49603174603174605,0.8611111111111112,0.9801587301587301,0.8690476190476191,0.027777777777777776,0.051587301587301584,0.3412698412698413,BRD_20170827,핫브레드,0.3083140877598152,False,3446.7940176319808,107.28000742995447,15,20,0.31755196304849886,True,0.4491685912240184,0.5430715935334873,0.6369745958429561,214.0,161.0,105.0,160.0,False,direct_size_estimation_deferred,매장 면적·좌석·점포별 매출이 없어 규모별 적합도와 argmax 규모는 산출하지 않음,0.5997106465016507,0.8822170900692841,usable_area_profile,True,familiar,True,0.6761547344110854,15.0
3120228,석촌역(석촌호수),11710,510280686.0,47215.0,10807.596865402944,0.7248267898383373,0.8531746031746031,0.13095238095238096,0.6746031746031746,0.9325396825396826,0.8928571428571429,0.7063492063492064,0.4087301587301587,0.03968253968253968,0.5436507936507936,BRD_20170827,핫브레드,0.7020785219399538,False,862.6754893857718,78.44743464456866,38,112,0.6876443418013857,True,0.7089030023094688,0.7134526558891455,0.7180023094688223,79.0,66.0,66.0,70.33333333333333,False,direct_size_estimation_deferred,매장 면적·좌석·점포별 매출이 없어 규모별 적합도와 argmax 규모는 산출하지 않음,0.3380968254221482,0.9953810623556582,usable_area_profile,True,familiar,True,0.6752886836027713,16.0
3130222,오류시장,11530,677800421.0,66656.0,10168.633296327413,0.7894919168591223,0.8412698412698413,0.8373015873015873,0.5753968253968254,0.5238095238095238,0.7579365079365079,0.7380952380952381,0.18253968253968253,0.12698412698412698,0.7658730158730159,BRD_20170827,핫브레드,0.6212471131639723,False,3785.6724634240973,48.414873764798386,14,33,0.5196304849884527,True,0.6717205542725173,0.7053695150115473,0.7390184757505772,99.0,72.0,59.0,76.66666666666667,False,direct_size_estimation_deferred,매장 면적·좌석·점포별 매출이 없어 규모별 적합도와 argmax 규모는 산출하지 않음,0.544203864863407,0.9145496535796767,usable_area_profile,True,familiar,True,0.6681581986143186,17.0
3120205,매봉역,11680,580733796.0,60594.0,9584.014852955737,0.7444572748267898,0.7817460317460317,0.18253968253968253,0.75,0.6468253968253969,0.8531746031746031,0.9206349206349206,0.4365079365079365,0.027777777777777776,0.4880952380952381,BRD_20170827,핫브레드,0.8083140877598153,False,508.6550894238564,70.4911341990284,16,62,0.4745958429561201,True,0.7891570438799076,0.7763856812933025,0.7636143187066974,53.0,46.0,49.0,49.333333333333336,False,direct_size_estimation_deferred,매장 면적·좌석·점포별 매출이 없어 규모별 적합도와 argmax 규모는 산출하지 않음,0.5401466101601422,0.9191685912240185,usable_area_profile,True,familiar,True,0.6664260969976905,18.0
3120037,동대문역사문화공원역,11140,991150857.0,75063.0,13204.253187322649,0.8695150115473441,0.873015873015873,0.5793650793650794,0.6428571428571429,0.34523809523809523,0.8571428571428571,0.8214285714285714,0.0873015873015873,0.023809523809523808,0.8293650793650794,BRD_20170827,핫브레드,0.23094688221709006,False,1875.9211070963177,125.25573836405046,15,74,0.2840646651270208,True,0.4225173210161663,0.5502309468822171,0.6779445727482679,240.0,154.0,84.0,159.33333333333334,False,direct_size_estimation_deferred,매장 면적·좌석·점포별 매출이 없어 규모별 적합도와 argmax 규모는 산출하지 않음,0.7003048842956213,0.812933025404157,usable_area_profile,True,familiar,True,0.662528868360277,19.0
3111021,방이역 4번,11710,394829518.0,38606.0,10227.154276537325,0.6466512702078522,0.8531746031746031,0.13095238095238096,0.6746031746031746,0.9325396825396826,0.8928571428571429,0.7063492063492064,0.4087301587301587,0.03968253968253968,0.5436507936507936,BRD_20170827,핫브레드,0.7020785219399538,False,1587.1137325110572,115.2085066609535,15,51,0.302540415704388,True,0.6854503464203232,0.674364896073903,0.6632794457274827,92.0,87.0,91.0,90.0,False,direct_size_estimation_deferred,매장 면적·좌석·점포별 매출이 없어 규모별 적합도와 argmax 규모는 산출하지 않음,0.5586133056610199,0.9099307159353349,usable_area_profile,True,familiar,True,0.6622401847575058,20.0
3120009,종로3가역,11110,773341001.0,64864.0,11922.499398741984,0.8273672055427251,0.876984126984127,0.42857142857142855,0.503968253968254,0.75,0.9444444444444444,0.8531746031746031,0.2619047619047619,0.05952380952380952,0.3611111111111111,BRD_20201275,호두당,0.4618937644341801,False,3831.529851103577,125.80143085865113,24,103,0.4532332563510392,True,0.5715357967667436,0.6446304849884527,0.7177251732101615,177.0,119.0,77.0,124.33333333333333,False,direct_size_estimation_deferred,매장 면적·좌석·점포별 매출이 없어 규모별 적합도와 argmax 규모는 산출하지 않음,0.267228216907948,0.9976905311778291,usable_area_profile,True,familiar,True,0.7374711316397229,1.0
3120175,남부터미널역,11650,960650667.0,103198.0,9308.810897498013,0.8390300230946882,0.7619047619047619,0.2857142857142857,0.7023809523809523,0.6785714285714286,0.8293650793650794,0.7777777777777778,0.42857142857142855,0.08333333333333333,0.5198412698412699,BRD_20201275,호두당,0.9364896073903002,False,1199.8966622604814,49.929950906089985,13,46,0.4821016166281755,True,0.9072517321016166,0.8877598152424941,0.8682678983833718,9.0,10.0,11.0,10.0,False,direct_size_estimation_deferred,매장 면적·좌석·점포별 매출이 없어 규모별 적합도와 argmax 규모는 산출하지 않음,0.35160401412939074,0.9930715935334873,usable_area_profile,True,familiar,True,0.7332852193995381,2.0
3130072,성동용답상가시장,11200,441220675.0,42751.0,10320.710041870365,0.6748267898383372,0.9206349206349206,0.38492063492063494,0.5555555555555556,0.9920634920634921,0.9841269841269841,0.9563492063492064,0.10317460317460317,0.015873015873015872,0.07936507936507936,BRD_20201275,호두당,0.016166281755196306,False,3198.385373928853,135.0925608781212,10,28,0.1489607390300231,True,0.21376443418013857,0.34549653579676676,0.4772286374133949,386.0,325.0,229.0,313.3333333333333,False,direct_size_estimation_deferred,매장 면적·좌석·점포별 매출이 없어 규모별 적합도와 argmax 규모는 산출하지 않음,0.44622850910536843,0.976905311778291,usable_area_profile,True,familiar,True,0.7325057736720554,3.0
3120037,동대문역사문화공원역,11140,991150857.0,75063.0,13204.253187322649,0.8695150115473441,0.873015873015873,0.5793650793650794,0.6428571428571429,0.34523809523809523,0.8571428571428571,0.8214285714285714,0.0873015873015873,0.023809523809523808,0.8293650793650794,BRD_20201275,호두당,0.17782909930715934,False,3050.115571577939,125.25573836405046,15,74,0.28117782909930716,True,0.38533487297921476,0.5236720554272517,0.6620092378752886,281.0,187.0,106.0,191.33333333333334,False,direct_size_estimation_deferred,매장 면적·좌석·점포별 매출이 없어 규모별 적합도와 argmax 규모는 산출하지 않음,0.604175943642323,0.9284064665127021,usable_area_profile,True,familiar,True,0.7322459584295613,4.0
3110892,관악구 중앙길,11620,913081619.0,87290.0,10460.323278726086,0.8403002309468822,0.6944444444444444,0.5833333333333334,0.49603174603174605,0.8611111111111112,0.9801587301587301,0.8690476190476191,0.027777777777777776,0.051587301587301584,0.3412698412698413,BRD_20201275,호두당,0.24133949191685913,False,4696.658386532799,165.92166821826325,24,76,0.3978060046189376,True,0.421027713625866,0.5408198614318707,0.6606120092378752,260.0,173.0,109.0,180.66666666666666,False,direct_size_estimation_deferred,매장 면적·좌석·점포별 매출이 없어 규모별 적합도와 argmax 규모는 산출하지 않음,0.4623065718690054,0.9653579676674365,usable_area_profile,True,familiar,True,0.7296189376443418,5.0
3120188,압구정역,11680,1784647410.0,134975.0,13222.058973884052,0.9404157043879908,0.7817460317460317,0.18253968253968253,0.75,0.6468253968253969,0.8531746031746031,0.9206349206349206,0.4365079365079365,0.027777777777777776,0.4880952380952381,BRD_20201275,호두당,0.6997690531177829,False,1204.059799173489,98.31073190628577,25,98,0.5323325635103926,True,0.7719630484988452,0.8200923787528869,0.8682217090069284,51.0,20.0,12.0,27.666666666666668,False,direct_size_estimation_deferred,매장 면적·좌석·점포별 매출이 없어 규모별 적합도와 argmax 규모는 산출하지 않음,0.5224889332902034,0.9515011547344111,usable_area_profile,True,familiar,True,0.7261547344110855,6.0
3120062,신설동역,11230,583819931.0,56521.0,10329.256931052176,0.748498845265589,0.6904761904761905,0.5396825396825397,0.5714285714285714,0.9603174603174603,0.9126984126984127,0.4087301587301587,0.1865079365079365,0.09126984126984126,0.6825396825396826,BRD_20201275,호두당,0.8279445727482679,False,1340.3824081269352,109.76793705062819,8,37,0.16743648960739027,True,0.8041108545034642,0.7882217090069285,0.7723325635103926,35.0,34.0,47.0,38.666666666666664,False,direct_size_estimation_deferred,매장 면적·좌석·점포별 매출이 없어 규모별 적합도와 argmax 규모는 산출하지 않음,0.5600911411378351,0.9399538106235565,usable_area_profile,True,familiar,True,0.7259815242494225,7.0
3120107,공덕역(공덕오거리),11440,1051109080.0,111230.0,9449.870358716174,0.8578521939953809,0.9404761904761905,0.4246031746031746,0.5833333333333334,0.9642857142857143,0.9880952380952381,0.9841269841269841,0.1111111111111111,0.011904761904761904,0.051587301587301584,BRD_20201275,호두당,0.06351039260969978,False,6650.4283320449185,80.05623025110103,24,77,0.575635103926097,True,0.30181293302540413,0.4606812933025404,0.6195496535796766,329.0,248.0,136.0,237.66666666666666,False,direct_size_estimation_deferred,매장 면적·좌석·점포별 매출이 없어 규모별 적합도와 argmax 규모는 산출하지 않음,0.38778808005389687,0.9815242494226328,usable_area_profile,True,familiar,True,0.7170323325635104,8.0
3120205,매봉역,11680,580733796.0,60594.0,9584.014852955737,0.7444572748267898,0.7817460317460317,0.18253968253968253,0.75,0.6468253968253969,0.8531746031746031,0.9206349206349206,0.4365079365079365,0.027777777777777776,0.4880952380952381,BRD_20201275,호두당,0.6997690531177829,False,3367.6349268100034,70.4911341990284,16,64,0.4682448036951501,True,0.713175519630485,0.7221131639722864,0.7310508083140876,89.0,66.0,69.0,74.66666666666667,False,direct_size_estimation_deferred,매장 면적·좌석·점포별 매출이 없어 규모별 적합도와 argmax 규모는 산출하지 않음,0.37150943615770493,0.9884526558891455,usable_area_profile,True,familiar,True,0.7089491916859122,9.0
3110883,은천초등학교(은천교앞),11620,384324031.0,36658.0,10484.042528233946,0.6409930715935335,0.6944444444444444,0.5833333333333334,0.49603174603174605,0.8611111111111112,0.9801587301587301,0.8690476190476191,0.027777777777777776,0.051587301587301584,0.3412698412698413,BRD_20201275,호두당,0.24133949191685913,False,3492.0001431602927,165.06059494972328,13,69,0.17840646651270212,True,0.36123556581986144,0.4411662817551963,0.5210969976905311,294.0,265.0,200.0,253.0,False,direct_size_estimation_deferred,매장 면적·좌석·점포별 매출이 없어 규모별 적합도와 argmax 규모는 산출하지 않음,0.5340430344860527,0.9468822170900693,usable_area_profile,True,familiar,True,0.7016166281755196,10.0
3120201,도곡1동,11680,649721874.0,58337.0,11137.38920410717,0.7846420323325634,0.7817460317460317,0.18253968253968253,0.75,0.6468253968253969,0.8531746031746031,0.9206349206349206,0.4365079365079365,0.027777777777777776,0.4880952380952381,BRD_20201275,호두당,0.6997690531177829,False,2940.1532273337257,87.09190547353441,10,65,0.2644341801385681,True,0.725230946882217,0.7422055427251731,0.7591801385681292,82.0,55.0,57.0,64.66666666666667,False,direct_size_estimation_deferred,매장 면적·좌석·점포별 매출이 없어 규모별 적합도와 argmax 규모는 산출하지 않음,0.6444791037932156,0.9076212471131639,usable_area_profile,True,familiar,True,0.701068129330254,11.0
3110943,법제교육센터(버들어린이공원),11650,849985150.0,98576.0,8622.637863171563,0.812471131639723,0.7619047619047619,0.2857142857142857,0.7023809523809523,0.6785714285714286,0.8293650793650794,0.7777777777777778,0.42857142857142855,0.08333333333333333,0.5198412698412699,BRD_20201275,호두당,0.9364896073903002,False,4010.246127152995,67.35725648954265,25,54,0.6466512702078522,True,0.899284064665127,0.8744803695150116,0.849676674364896,12.0,11.0,16.0,13.0,False,direct_size_estimation_deferred,매장 면적·좌석·점포별 매출이 없어 규모별 적합도와 argmax 규모는 산출하지 않음,0.4544974628318349,0.9722863741339491,usable_area_profile,True,familiar,True,0.6894919168591225,12.0
3110810,영신초등학교,11560,325709619.0,29453.0,11058.62285675483,0.5928406466512702,0.8571428571428571,0.7698412698412699,0.5277777777777778,0.23809523809523808,0.9007936507936508,0.9761904761904762,0.3373015873015873,0.047619047619047616,0.25,BRD_20201275,호두당,0.13394919168591224,False,3606.955087025494,74.63243262412867,11,41,0.34295612009237875,True,0.2716166281755196,0.36339491916859123,0.4551732101616628,353.0,310.0,240.0,301.0,False,direct_size_estimation_deferred,매장 면적·좌석·점포별 매출이 없어 규모별 적합도와 argmax 규모는 산출하지 않음,0.45120126499188346,0.9745958429561201,usable_area_profile,True,familiar,True,0.6815242494226328,13.0
3120003,광화문역,11110,756200869.0,75218.0,10053.456207290808,0.8042725173210161,0.876984126984127,0.42857142857142855,0.503968253968254,0.75,0.9444444444444444,0.8531746031746031,0.2619047619047619,0.05952380952380952,0.3611111111111111,BRD_20201275,호두당,0.4618937644341801,False,5145.274531046441,69.12307861572918,25,101,0.6397228637413395,True,0.5646073903002309,0.6330831408775981,0.7015588914549653,182.0,124.0,89.0,131.66666666666666,False,direct_size_estimation_deferred,매장 면적·좌석·점포별 매출이 없어 규모별 적합도와 argmax 규모는 산출하지 않음,0.5302676555501171,0.9491916859122402,usable_area_profile,True,familiar,True,0.6746247113163971,14.0
3120038,약수역,11140,1550178516.0,134777.0,11501.803096967584,0.9235565819861433,0.873015873015873,0.5793650793650794,0.6428571428571429,0.34523809523809523,0.8571428571428571,0.8214285714285714,0.0873015873015873,0.023809523809523808,0.8293650793650794,BRD_20201275,호두당,0.17782909930715934,False,3958.289150634331,62.64183906448842,18,44,0.5508083140877598,True,0.4015473441108545,0.5506928406466514,0.699838337182448,268.0,169.0,91.0,176.0,False,direct_size_estimation_deferred,매장 면적·좌석·점포별 매출이 없어 규모별 적합도와 argmax 규모는 산출하지 않음,0.686943923034053,0.8752886836027713,usable_area_profile,True,familiar,True,0.6734411085450346,15.0
3001493,동대문패션타운 관광특구,11140,440248985.0,46018.0,9566.886544395671,0.673094688221709,0.873015873015873,0.5793650793650794,0.6428571428571429,0.34523809523809523,0.8571428571428571,0.8214285714285714,0.0873015873015873,0.023809523809523808,0.8293650793650794,BRD_20201275,호두당,0.17782909930715934,False,2671.0810545528043,83.38465086597759,13,73,0.3389145496535797,True,0.32640877598152424,0.4254618937644342,0.5245150115473441,317.0,279.0,197.0,264.3333333333333,False,direct_size_estimation_deferred,매장 면적·좌석·점포별 매출이 없어 규모별 적합도와 argmax 규모는 산출하지 않음,0.6128740145944205,0.9260969976905312,usable_area_profile,True,familiar,True,0.673094688221709,16.0
3120228,석촌역(석촌호수),11710,510280686.0,47215.0,10807.596865402944,0.7248267898383373,0.8531746031746031,0.13095238095238096,0.6746031746031746,0.9325396825396826,0.8928571428571429,0.7063492063492064,0.4087301587301587,0.03968253968253968,0.5436507936507936,BRD_20201275,호두당,0.3302540415704388,False,2182.6483912808867,78.44743464456866,38,113,0.6853348729792148,True,0.44862586605080834,0.527540415704388,0.6064549653579677,239.0,185.0,142.0,188.66666666666666,False,direct_size_estimation_deferred,매장 면적·좌석·점포별 매출이 없어 규모별 적합도와 argmax 규모는 산출하지 않음,0.3697423578362044,0.9907621247113164,usable_area_profile,True,familiar,True,0.6728637413394919,17.0
3120208,청담사거리(청담동명품거리),11680,990117589.0,45474.0,21773.267999296302,0.8292147806004619,0.7817460317460317,0.18253968253968253,0.75,0.6468253968253969,0.8531746031746031,0.9206349206349206,0.4365079365079365,0.027777777777777776,0.4880952380952381,BRD_20201275,호두당,0.6997690531177829,False,2621.2754529141453,112.3610252495735,13,63,0.2557736720554272,True,0.7386027713625866,0.7644919168591224,0.7903810623556582,73.0,46.0,39.0,52.666666666666664,False,direct_size_estimation_deferred,매장 면적·좌석·점포별 매출이 없어 규모별 적합도와 argmax 규모는 산출하지 않음,0.7214403026940793,0.838337182448037,usable_area_profile,True,familiar,True,0.6719399538106235,18.0
3120120,화곡역,11500,2140760825.0,296121.0,7229.34484551923,0.8866050808314089,0.8373015873015873,0.23809523809523808,0.623015873015873,0.32142857142857145,0.8333333333333334,0.9246031746031746,0.46825396825396826,0.05555555555555555,0.42063492063492064,BRD_20201275,호두당,0.5046189376443418,False,8397.79215032149,26.400757567542716,25,54,0.8175519630484989,True,0.619214780600462,0.6956120092378754,0.7720092378752887,142.0,82.0,48.0,90.66666666666667,False,direct_size_estimation_deferred,매장 면적·좌석·점포별 매출이 없어 규모별 적합도와 argmax 규모는 산출하지 않음,0.5445188431593053,0.9445727482678984,usable_area_profile,True,familiar,True,0.6657621247113165,19.0
3120151,보라매공원,11590,648870341.0,67412.0,9625.442665994186,0.7726327944572748,0.8611111111111112,0.5158730158730159,0.42857142857142855,0.753968253968254,0.9563492063492064,0.6626984126984127,0.11507936507936507,0.09523809523809523,0.5674603174603174,BRD_20201275,호두당,0.6062355658198614,False,2592.908212772311,16.492422502230646,17,70,0.7118937644341802,True,0.6561547344110854,0.6894341801385682,0.7227136258660508,114.0,86.0,75.0,91.66666666666667,False,direct_size_estimation_deferred,매장 면적·좌석·점포별 매출이 없어 규모별 적합도와 argmax 규모는 산출하지 않음,0.5035631424333971,0.9584295612009238,usable_area_profile,True,familiar,True,0.661431870669746,20.0
3130072,성동용답상가시장,11200,441220675.0,42751.0,10320.710041870365,0.6748267898383372,0.9206349206349206,0.38492063492063494,0.5555555555555556,0.9920634920634921,0.9841269841269841,0.9563492063492064,0.10317460317460317,0.015873015873015872,0.07936507936507936,BRD_20080100675,호밀호두,0.12009237875288684,False,2250.658792456432,135.0925608781212,10,28,0.14953810623556585,True,0.2865127020785219,0.397459584295612,0.508406466512702,339.0,278.0,205.0,274.0,False,direct_size_estimation_deferred,매장 면적·좌석·점포별 매출이 없어 규모별 적합도와 argmax 규모는 산출하지 않음,0.3306365998573183,0.9907621247113164,usable_area_profile,True,familiar,True,0.7407332563510393,1.0
3120009,종로3가역,11110,773341001.0,64864.0,11922.499398741984,0.8273672055427251,0.876984126984127,0.42857142857142855,0.503968253968254,0.75,0.9444444444444444,0.8531746031746031,0.2619047619047619,0.05952380952380952,0.3611111111111111,BRD_20080100675,호밀호두,0.7090069284064665,False,2633.6020959895886,125.80143085865113,24,103,0.45554272517321015,True,0.744515011547344,0.7681870669745958,0.7918591224018474,78.0,48.0,38.0,54.666666666666664,False,direct_size_estimation_deferred,매장 면적·좌석·점포별 매출이 없어 규모별 적합도와 argmax 규모는 산출하지 않음,0.3343734615223761,0.9884526558891455,usable_area_profile,True,familiar,True,0.731581986143187,2.0
3120038,약수역,11140,1550178516.0,134777.0,11501.803096967584,0.9235565819861433,0.873015873015873,0.5793650793650794,0.6428571428571429,0.34523809523809523,0.8571428571428571,0.8214285714285714,0.0873015873015873,0.023809523809523808,0.8293650793650794,BRD_20080100675,호밀호두,0.20092378752886836,False,1515.9960422260647,62.64183906448842,18,44,0.5502309468822171,True,0.4177136258660509,0.5622401847575058,0.7067667436489607,254.0,162.0,84.0,166.66666666666666,False,direct_size_estimation_deferred,매장 면적·좌석·점포별 매출이 없어 규모별 적합도와 argmax 규모는 산출하지 않음,0.43465289182904193,0.9653579676674365,usable_area_profile,True,familiar,True,0.7275692840646653,3.0
3110883,은천초등학교(은천교앞),11620,384324031.0,36658.0,10484.042528233946,0.6409930715935335,0.6944444444444444,0.5833333333333334,0.49603174603174605,0.8611111111111112,0.9801587301587301,0.8690476190476191,0.027777777777777776,0.051587301587301584,0.3412698412698413,BRD_20080100675,호밀호두,0.34988452655889146,False,3173.9932261653657,165.06059494972328,13,69,0.17956120092378755,True,0.43721709006928405,0.49543879907621247,0.5536605080831408,241.0,206.0,173.0,206.66666666666666,False,direct_size_estimation_deferred,매장 면적·좌석·점포별 매출이 없어 규모별 적합도와 argmax 규모는 산출하지 않음,0.40056399232194684,0.9792147806004619,usable_area_profile,True,familiar,True,0.7208429561200924,4.0
3120107,공덕역(공덕오거리),11440,1051109080.0,111230.0,9449.870358716174,0.8578521939953809,0.9404761904761905,0.4246031746031746,0.5833333333333334,0.9642857142857143,0.9880952380952381,0.9841269841269841,0.1111111111111111,0.011904761904761904,0.051587301587301584,BRD_20080100675,호밀호두,0.07274826789838337,False,3880.280659918876,80.05623025110103,24,77,0.5779445727482679,True,0.3082794457274826,0.46530023094688217,0.6223210161662817,326.0,230.0,129.0,228.33333333333334,False,direct_size_estimation_deferred,매장 면적·좌석·점포별 매출이 없어 규모별 적합도와 argmax 규모는 산출하지 않음,0.3921446902196832,0.9861431870669746,usable_area_profile,True,familiar,True,0.7194572748267898,5.0
3120188,압구정역,11680,1784647410.0,134975.0,13222.058973884052,0.9404157043879908,0.7817460317460317,0.18253968253968253,0.75,0.6468253968253969,0.8531746031746031,0.9206349206349206,0.4365079365079365,0.027777777777777776,0.4880952380952381,BRD_20080100675,호밀호두,0.7644341801385681,False,2126.2683273518624,98.31073190628577,25,98,0.5340646651270208,True,0.8172286374133948,0.8524249422632795,0.8876212471131639,34.0,18.0,13.0,21.666666666666668,False,direct_size_estimation_deferred,매장 면적·좌석·점포별 매출이 없어 규모별 적합도와 argmax 규모는 산출하지 않음,0.4806445066287513,0.9376443418013857,usable_area_profile,True,familiar,True,0.7175808314087759,6.0
3111021,방이역 4번,11710,394829518.0,38606.0,10227.154276537325,0.6466512702078522,0.8531746031746031,0.13095238095238096,0.6746031746031746,0.9325396825396826,0.8928571428571429,0.7063492063492064,0.4087301587301587,0.03968253968253968,0.5436507936507936,BRD_20080100675,호밀호두,0.5404157043879908,False,2928.9849777991376,115.2085066609535,15,51,0.2984988452655889,True,0.5722863741339492,0.5935334872979214,0.6147806004618938,163.0,140.0,136.0,146.33333333333334,False,direct_size_estimation_deferred,매장 면적·좌석·점포별 매출이 없어 규모별 적합도와 argmax 규모는 산출하지 않음,0.44734142198166493,0.9630484988452656,usable_area_profile,True,familiar,True,0.694717090069284,7.0
3120166,방배역,11650,1455145059.0,122673.0,11861.983150326478,0.9176674364896074,0.7619047619047619,0.2857142857142857,0.7023809523809523,0.6785714285714286,0.8293650793650794,0.7777777777777778,0.42857142857142855,0.08333333333333333,0.5198412698412699,BRD_20080100675,호밀호두,0.9780600461893765,False,1891.230816174945,99.2975326976693,12,28,0.2684757505773672,True,0.9599422632794457,0.9478637413394919,0.935785219399538,3.0,3.0,3.0,3.0,False,direct_size_estimation_deferred,매장 면적·좌석·점포별 매출이 없어 규모별 적합도와 argmax 규모는 산출하지 않음,0.625211109796659,0.8406466512702079,usable_area_profile,True,familiar,True,0.6935334872979214,8.0
3120201,도곡1동,11680,649721874.0,58337.0,11137.38920410717,0.7846420323325634,0.7817460317460317,0.18253968253968253,0.75,0.6468253968253969,0.8531746031746031,0.9206349206349206,0.4365079365079365,0.027777777777777776,0.4880952380952381,BRD_20080100675,호밀호두,0.7644341801385681,False,1546.2321947177284,87.09190547353441,10,65,0.26501154734411086,True,0.7704965357967666,0.7745381062355657,0.7785796766743647,65.0,45.0,44.0,51.333333333333336,False,direct_size_estimation_deferred,매장 면적·좌석·점포별 매출이 없어 규모별 적합도와 argmax 규모는 산출하지 않음,0.5478485371380071,0.8914549653579676,usable_area_profile,True,familiar,True,0.6912817551963047,9.0
3120151,보라매공원,11590,648870341.0,67412.0,9625.442665994186,0.7726327944572748,0.8611111111111112,0.5158730158730159,0.42857142857142855,0.753968253968254,0.9563492063492064,0.6626984126984127,0.11507936507936507,0.09523809523809523,0.5674603174603174,BRD_20080100675,호밀호두,0.4491916859122402,False,2233.997538002685,16.492422502230646,17,70,0.7118937644341802,True,0.5462240184757505,0.6109122401847575,0.6756004618937644,173.0,127.0,97.0,132.33333333333334,False,direct_size_estimation_deferred,매장 면적·좌석·점포별 매출이 없어 규모별 적합도와 argmax 규모는 산출하지 않음,0.3141778200228582,0.9930715935334873,usable_area_profile,True,familiar,True,0.682217090069284,10.0
3120120,화곡역,11500,2140760825.0,296121.0,7229.34484551923,0.8866050808314089,0.8373015873015873,0.23809523809523808,0.623015873015873,0.32142857142857145,0.8333333333333334,0.9246031746031746,0.46825396825396826,0.05555555555555555,0.42063492063492064,BRD_20080100675,호밀호두,0.8187066974595842,False,5393.713099492108,26.400757567542716,25,54,0.819284064665127,True,0.8390762124711316,0.8526558891454965,0.8662355658198615,29.0,17.0,16.0,20.666666666666668,False,direct_size_estimation_deferred,매장 면적·좌석·점포별 매출이 없어 규모별 적합도와 argmax 규모는 산출하지 않음,0.41148049634323236,0.9722863741339491,usable_area_profile,True,familiar,True,0.6821304849884527,11.0
3110892,관악구 중앙길,11620,913081619.0,87290.0,10460.323278726086,0.8403002309468822,0.6944444444444444,0.5833333333333334,0.49603174603174605,0.8611111111111112,0.9801587301587301,0.8690476190476191,0.027777777777777776,0.051587301587301584,0.3412698412698413,BRD_20080100675,호밀호두,0.34988452655889146,False,2964.4405880481286,165.92166821826325,24,76,0.40011547344110854,True,0.4970092378752886,0.5950923787528868,0.693175519630485,200.0,138.0,87.0,141.66666666666666,False,direct_size_estimation_deferred,매장 면적·좌석·점포별 매출이 없어 규모별 적합도와 argmax 규모는 산출하지 않음,0.5531310041086324,0.8845265588914549,usable_area_profile,True,familiar,True,0.6807736720554272,12.0
3111005,삼전역 3번,11710,233054769.0,25337.0,9198.19903698149,0.48152424942263283,0.8531746031746031,0.13095238095238096,0.6746031746031746,0.9325396825396826,0.8928571428571429,0.7063492063492064,0.4087301587301587,0.03968253968253968,0.5436507936507936,BRD_20080100675,호밀호두,0.5404157043879908,False,3529.932152365135,198.59506540938497,7,54,0.053117782909930716,True,0.5227482678983834,0.5109699769053118,0.49919168591224017,188.0,198.0,213.0,199.66666666666666,False,direct_size_estimation_deferred,매장 면적·좌석·점포별 매출이 없어 규모별 적합도와 argmax 규모는 산출하지 않음,0.47203516927282835,0.9445727482678984,usable_area_profile,True,familiar,True,0.6791570438799076,13.0
3120228,석촌역(석촌호수),11710,510280686.0,47215.0,10807.596865402944,0.7248267898383373,0.8531746031746031,0.13095238095238096,0.6746031746031746,0.9325396825396826,0.8928571428571429,0.7063492063492064,0.4087301587301587,0.03968253968253968,0.5436507936507936,BRD_20080100675,호밀호두,0.5404157043879908,False,4118.927287566533,78.44743464456866,38,113,0.6853348729792148,True,0.5957390300230947,0.632621247113164,0.6695034642032334,152.0,113.0,102.0,122.33333333333333,False,direct_size_estimation_deferred,매장 면적·좌석·점포별 매출이 없어 규모별 적합도와 argmax 규모는 산출하지 않음,0.20815979844915733,0.9976905311778291,usable_area_profile,True,familiar,True,0.6770207852193996,14.0
3110640,방화역 1번,11500,671414576.0,62982.0,10660.420056524086,0.7871824480369516,0.8373015873015873,0.23809523809523808,0.623015873015873,0.32142857142857145,0.8333333333333334,0.9246031746031746,0.46825396825396826,0.05555555555555555,0.42063492063492064,BRD_20080100675,호밀호두,0.8187066974595842,False,9148.993933726953,241.56986569432095,5,25,0.02482678983833718,True,0.8092494226327944,0.8029445727482679,0.7966397228637414,39.0,33.0,35.0,35.666666666666664,False,direct_size_estimation_deferred,매장 면적·좌석·점포별 매출이 없어 규모별 적합도와 argmax 규모는 산출하지 않음,0.7025850244930082,0.7967667436489607,usable_area_profile,True,familiar,True,0.6711316397228637,15.0
3120175,남부터미널역,11650,960650667.0,103198.0,9308.810897498013,0.8390300230946882,0.7619047619047619,0.2857142857142857,0.7023809523809523,0.6785714285714286,0.8293650793650794,0.7777777777777778,0.42857142857142855,0.08333333333333333,0.5198412698412699,BRD_20080100675,호밀호두,0.9780600461893765,False,1000.418412477851,49.929950906089985,13,46,0.4832563510392609,True,0.93635103926097,0.9085450346420323,0.8807390300230946,6.0,7.0,15.0,9.333333333333334,False,direct_size_estimation_deferred,매장 면적·좌석·점포별 매출이 없어 규모별 적합도와 argmax 규모는 산출하지 않음,0.5492930471801407,0.8891454965357968,usable_area_profile,True,familiar,True,0.670756351039261,16.0
3110243,중랑노인종합복지관,11260,245308379.0,21354.0,11487.701554743842,0.5138568129330254,0.8492063492063492,0.40476190476190477,0.5,0.39285714285714285,0.623015873015873,0.5714285714285714,0.16666666666666666,0.32936507936507936,0.8134920634920635,BRD_20080100675,호밀호두,0.8983833718244804,False,2409.9520742024097,105.41821475311895,13,37,0.26963048498845266,True,0.7830254041570438,0.706120092378753,0.6292147806004619,58.0,82.0,124.0,88.0,False,direct_size_estimation_deferred,매장 면적·좌석·점포별 매출이 없어 규모별 적합도와 argmax 규모는 산출하지 않음,0.4160323315437801,0.9699769053117783,usable_area_profile,True,familiar,True,0.6700057736720555,17.0
3120056,구의역,11215,311680026.0,30426.0,10243.871228554526,0.5764434180138568,0.8650793650793651,0.5238095238095238,0.6309523809523809,0.7698412698412699,0.9087301587301587,0.7023809523809523,0.1388888888888889,0.0992063492063492,0.6031746031746031,BRD_20080100675,호밀호두,0.6685912240184757,False,3616.7882161294106,109.93179701028201,24,62,0.4855658198614319,True,0.64094688221709,0.6225173210161663,0.6040877598152424,131.0,117.0,142.0,130.0,False,direct_size_estimation_deferred,매장 면적·좌석·점포별 매출이 없어 규모별 적합도와 argmax 규모는 산출하지 않음,0.2823991449065256,0.9953810623556582,usable_area_profile,True,familiar,True,0.6685046189376442,18.0
3120133,서울시흥동우체국(홈플러스시흥점),11545,637795918.0,60754.0,10498.00701188399,0.7765588914549653,0.753968253968254,0.7420634920634921,0.3531746031746032,0.24206349206349206,0.8690476190476191,0.873015873015873,0.04365079365079365,0.13095238095238096,0.6785714285714286,BRD_20080100675,호밀호두,0.012702078521939953,False,3521.00355015104,60.20797286767192,15,45,0.4821016166281755,True,0.24185912240184754,0.3946304849884526,0.5474018475750576,357.0,281.0,179.0,272.3333333333333,False,direct_size_estimation_deferred,매장 면적·좌석·점포별 매출이 없어 규모별 적합도와 argmax 규모는 산출하지 않음,0.5179955408487065,0.9099307159353349,usable_area_profile,True,familiar,True,0.6677829099307158,19.0
3120205,매봉역,11680,580733796.0,60594.0,9584.014852955737,0.7444572748267898,0.7817460317460317,0.18253968253968253,0.75,0.6468253968253969,0.8531746031746031,0.9206349206349206,0.4365079365079365,0.027777777777777776,0.4880952380952381,BRD_20080100675,호밀호두,0.7644341801385681,False,2280.0464907634987,70.4911341990284,16,64,0.4676674364896074,True,0.7584411085450345,0.754445727482679,0.7504503464203232,69.0,61.0,58.0,62.666666666666664,False,direct_size_estimation_deferred,매장 면적·좌석·점포별 매출이 없어 규모별 적합도와 argmax 규모는 산출하지 않음,0.510114499405929,0.9168591224018476,usable_area_profile,True,familiar,True,0.666079676674365,20.0
3120166,방배역,11650,1455145059.0,122673.0,11861.983150326478,0.9176674364896074,0.7619047619047619,0.2857142857142857,0.7023809523809523,0.6785714285714286,0.8293650793650794,0.7777777777777778,0.42857142857142855,0.08333333333333333,0.5198412698412699,BRD_20240478,화이트리에,0.9780600461893765,False,3023.7701632485446,99.2975326976693,12,28,0.2673210161662818,True,0.9599422632794457,0.9478637413394919,0.935785219399538,3.0,3.0,3.0,3.0,False,direct_size_estimation_deferred,매장 면적·좌석·점포별 매출이 없어 규모별 적합도와 argmax 규모는 산출하지 않음,0.5242590028504286,0.9376443418013857,usable_area_profile,True,familiar,True,0.7519053117782909,1.0
3120188,압구정역,11680,1784647410.0,134975.0,13222.058973884052,0.9404157043879908,0.7817460317460317,0.18253968253968253,0.75,0.6468253968253969,0.8531746031746031,0.9206349206349206,0.4365079365079365,0.027777777777777776,0.4880952380952381,BRD_20240478,화이트리에,0.8060046189376443,False,2664.8470875161825,98.31073190628577,25,98,0.5323325635103926,True,0.8463279445727483,0.8732101616628176,0.9000923787528868,26.0,15.0,9.0,16.666666666666668,False,direct_size_estimation_deferred,매장 면적·좌석·점포별 매출이 없어 규모별 적합도와 argmax 규모는 산출하지 않음,0.390646623708838,0.9884526558891455,usable_area_profile,True,familiar,True,0.748325635103926,2.0
3120069,상봉역,11260,1511381851.0,142985.0,10570.212616708046,0.9086605080831409,0.8492063492063492,0.40476190476190477,0.5,0.39285714285714285,0.623015873015873,0.5714285714285714,0.16666666666666666,0.32936507936507936,0.8134920634920635,BRD_20240478,화이트리에,0.8545034642032333,False,2222.724679294381,89.18520055817115,16,56,0.3920323325635104,True,0.8707505773672055,0.8815819861431871,0.8924133949191686,17.0,13.0,12.0,14.0,False,direct_size_estimation_deferred,매장 면적·좌석·점포별 매출이 없어 규모별 적합도와 argmax 규모는 산출하지 않음,0.5271169579172622,0.9353348729792148,usable_area_profile,True,familiar,True,0.7295612009237875,3.0
3120165,서래마을카페거리(서래마을),11650,2971488955.0,159582.0,18620.45189933702,0.9718244803695151,0.7619047619047619,0.2857142857142857,0.7023809523809523,0.6785714285714286,0.8293650793650794,0.7777777777777778,0.42857142857142855,0.08333333333333333,0.5198412698412699,BRD_20240478,화이트리에,0.9780600461893765,False,1369.634257778366,18.110770263065373,12,56,0.5814087759815242,True,0.976189376443418,0.9749422632794458,0.9736951501154734,1.0,1.0,1.0,1.0,True,direct_size_estimation_deferred,매장 면적·좌석·점포별 매출이 없어 규모별 적합도와 argmax 규모는 산출하지 않음,0.4815989213897133,0.9515011547344111,usable_area_profile,True,familiar,True,0.7266454965357967,4.0
3120124,개봉동 현대아파트,11530,436251391.0,40258.0,10836.390059118685,0.6745958429561202,0.8412698412698413,0.8373015873015873,0.5753968253968254,0.5238095238095238,0.7579365079365079,0.7380952380952381,0.18253968253968253,0.12698412698412698,0.7658730158730159,BRD_20240478,화이트리에,0.34872979214780603,False,5606.122100002234,107.00467282129758,11,24,0.2263279445727483,True,0.44648960739030025,0.5116628175519631,0.5768360277136259,234.0,193.0,154.0,193.66666666666666,False,direct_size_estimation_deferred,매장 면적·좌석·점포별 매출이 없어 규모별 적합도와 argmax 규모는 산출하지 않음,0.4272520058734771,0.9815242494226328,usable_area_profile,True,familiar,True,0.7236143187066975,5.0
3110274,서일대학교,11260,492656087.0,41512.0,11867.79935922143,0.7133949191685912,0.8492063492063492,0.40476190476190477,0.5,0.39285714285714285,0.623015873015873,0.5714285714285714,0.16666666666666666,0.32936507936507936,0.8134920634920635,BRD_20240478,화이트리에,0.8545034642032333,False,3331.332766317447,101.51354588565466,6,29,0.16801385681293304,True,0.8121709006928406,0.7839491916859123,0.7557274826789837,45.0,44.0,56.0,48.333333333333336,False,direct_size_estimation_deferred,매장 면적·좌석·점포별 매출이 없어 규모별 적합도와 argmax 규모는 산출하지 않음,0.4913082645406613,0.9422632794457275,usable_area_profile,True,familiar,True,0.7185046189376443,6.0
3110883,은천초등학교(은천교앞),11620,384324031.0,36658.0,10484.042528233946,0.6409930715935335,0.6944444444444444,0.5833333333333334,0.49603174603174605,0.8611111111111112,0.9801587301587301,0.8690476190476191,0.027777777777777776,0.051587301587301584,0.3412698412698413,BRD_20240478,화이트리에,0.384526558891455,False,3689.7860371694933,165.06059494972328,13,69,0.17782909930715937,True,0.4614665127020785,0.5127598152424943,0.5640531177829099,227.0,191.0,164.0,194.0,False,direct_size_estimation_deferred,매장 면적·좌석·점포별 매출이 없어 규모별 적합도와 argmax 규모는 산출하지 않음,0.4361577026823849,0.9745958429561201,usable_area_profile,True,familiar,True,0.7183314087759816,7.0
3130072,성동용답상가시장,11200,441220675.0,42751.0,10320.710041870365,0.6748267898383372,0.9206349206349206,0.38492063492063494,0.5555555555555556,0.9920634920634921,0.9841269841269841,0.9563492063492064,0.10317460317460317,0.015873015873015872,0.07936507936507936,BRD_20240478,화이트리에,0.10392609699769054,False,1258.3421633474625,135.0925608781212,10,28,0.1489607390300231,True,0.27519630484988455,0.38937644341801386,0.5035565819861432,348.0,291.0,208.0,282.3333333333333,False,direct_size_estimation_deferred,매장 면적·좌석·점포별 매출이 없어 규모별 적합도와 argmax 규모는 산출하지 않음,0.49129084731462935,0.9445727482678984,usable_area_profile,True,familiar,True,0.7131062355658199,8.0
3120079,창동역,11320,765698620.0,76216.0,10046.428833840664,0.8071593533487298,0.7182539682539683,0.11904761904761904,0.6071428571428571,0.25793650793650796,0.3611111111111111,0.24603174603174602,0.19047619047619047,0.4246031746031746,0.9126984126984127,BRD_20240478,화이트리에,0.2806004618937644,False,5801.528419294322,91.21403398036323,16,24,0.38394919168591224,True,0.438568129330254,0.543879907621247,0.6491916859122402,239.0,171.0,110.0,173.33333333333334,False,direct_size_estimation_deferred,매장 면적·좌석·점포별 매출이 없어 규모별 적합도와 argmax 규모는 산출하지 않음,0.49112689778119406,0.9468822170900693,usable_area_profile,True,familiar,True,0.7123267898383372,9.0
3111021,방이역 4번,11710,394829518.0,38606.0,10227.154276537325,0.6466512702078522,0.8531746031746031,0.13095238095238096,0.6746031746031746,0.9325396825396826,0.8928571428571429,0.7063492063492064,0.4087301587301587,0.03968253968253968,0.5436507936507936,BRD_20240478,화이트리에,0.5404157043879908,False,3163.063072412354,115.2085066609535,15,51,0.2996535796766744,True,0.5722863741339492,0.5935334872979214,0.6147806004618938,164.0,139.0,135.0,146.0,False,direct_size_estimation_deferred,매장 면적·좌석·점포별 매출이 없어 규모별 적합도와 argmax 규모는 산출하지 않음,0.39068936541720806,0.9861431870669746,usable_area_profile,True,familiar,True,0.7084006928406466,10.0
3120241,거여역,11710,442861720.0,38192.0,11595.66715542522,0.6863741339491918,0.8531746031746031,0.13095238095238096,0.6746031746031746,0.9325396825396826,0.8928571428571429,0.7063492063492064,0.4087301587301587,0.03968253968253968,0.5436507936507936,BRD_20240478,화이트리에,0.5404157043879908,False,5592.954228328705,74.88658089693484,10,25,0.31755196304849886,True,0.584203233256351,0.6133949191685912,0.6425866050808314,159.0,127.0,117.0,134.33333333333334,False,direct_size_estimation_deferred,매장 면적·좌석·점포별 매출이 없어 규모별 적합도와 argmax 규모는 산출하지 않음,0.4488852145823468,0.9653579676674365,usable_area_profile,True,familiar,True,0.7031755196304851,11.0
3120133,서울시흥동우체국(홈플러스시흥점),11545,637795918.0,60754.0,10498.00701188399,0.7765588914549653,0.753968253968254,0.7420634920634921,0.3531746031746032,0.24206349206349206,0.8690476190476191,0.873015873015873,0.04365079365079365,0.13095238095238096,0.6785714285714286,BRD_20240478,화이트리에,0.012702078521939953,False,7981.284608407855,60.20797286767192,15,45,0.48325635103926096,True,0.24185912240184754,0.3946304849884526,0.5474018475750576,368.0,285.0,181.0,278.0,False,direct_size_estimation_deferred,매장 면적·좌석·점포별 매출이 없어 규모별 적합도와 argmax 규모는 산출하지 않음,0.45304593506531815,0.9630484988452656,usable_area_profile,True,familiar,True,0.6994803695150116,12.0
3120152,신대방삼거리역,11590,953145793.0,102228.0,9323.72532965528,0.8353348729792147,0.8611111111111112,0.5158730158730159,0.42857142857142855,0.753968253968254,0.9563492063492064,0.6626984126984127,0.11507936507936507,0.09523809523809523,0.5674603174603174,BRD_20240478,화이트리에,0.4607390300230947,False,2339.278948757312,79.30952023733208,18,47,0.4774826789838337,True,0.5731177829099307,0.6480369515011547,0.7229561200923786,163.0,107.0,74.0,114.66666666666667,False,direct_size_estimation_deferred,매장 면적·좌석·점포별 매출이 없어 규모별 적합도와 argmax 규모는 산출하지 않음,0.5284015306009641,0.9330254041570438,usable_area_profile,True,familiar,True,0.6970265588914549,13.0
3110601,신월1동우편취급국,11470,441016625.0,40173.0,10977.93605157693,0.6785219399538106,0.8055555555555556,0.2222222222222222,0.5158730158730159,0.5873015873015873,0.5079365079365079,0.2896825396825397,0.4801587301587302,0.30952380952380953,0.7738095238095238,BRD_20240478,화이트리에,0.9341801385681293,False,2204.276298485644,258.54980178856624,8,40,0.048498845265588904,True,0.8574826789838337,0.80635103926097,0.7552193995381061,21.0,37.0,57.0,38.333333333333336,False,direct_size_estimation_deferred,매장 면적·좌석·점포별 매출이 없어 규모별 적합도와 argmax 규모는 산출하지 않음,0.6000975205482078,0.8775981524249423,usable_area_profile,True,familiar,True,0.6889145496535797,14.0
3120047,한남오거리,11170,369976875.0,17557.0,21072.89827419263,0.5722863741339492,0.8849206349206349,0.6428571428571429,0.5873015873015873,0.5912698412698413,0.9365079365079365,0.9484126984126984,0.2857142857142857,0.04365079365079365,0.32936507936507936,BRD_20240478,화이트리에,0.5923787528868361,False,2830.3420287829667,74.1484996152458,11,35,0.34526558891454967,True,0.58635103926097,0.5823325635103926,0.5783140877598152,158.0,145.0,152.0,151.66666666666666,False,direct_size_estimation_deferred,매장 면적·좌석·점포별 매출이 없어 규모별 적합도와 argmax 규모는 산출하지 않음,0.37141949462757684,0.9907621247113164,usable_area_profile,True,familiar,True,0.6857390300230947,15.0
3110243,중랑노인종합복지관,11260,245308379.0,21354.0,11487.701554743842,0.5138568129330254,0.8492063492063492,0.40476190476190477,0.5,0.39285714285714285,0.623015873015873,0.5714285714285714,0.16666666666666666,0.32936507936507936,0.8134920634920635,BRD_20240478,화이트리에,0.8545034642032333,False,1769.4140272975696,105.41821475311895,13,37,0.2678983833718245,True,0.7523094688221709,0.6841801385681294,0.6160508083140878,75.0,88.0,133.0,98.66666666666667,False,direct_size_estimation_deferred,매장 면적·좌석·점포별 매출이 없어 규모별 적합도와 argmax 규모는 산출하지 않음,0.36677577257798366,0.9930715935334873,usable_area_profile,True,familiar,True,0.684122401847575,16.0
3120080,마들역,11350,1045100686.0,106340.0,9827.916926838443,0.858891454965358,0.8928571428571429,0.08333333333333333,0.7222222222222222,0.9444444444444444,0.7777777777777778,0.30158730158730157,0.38095238095238093,0.4444444444444444,0.6071428571428571,BRD_20240478,화이트리에,0.49191685912240185,False,7504.669279840361,45.607017023633105,8,32,0.4087759815242494,True,0.6020092378752886,0.6754041570438799,0.7487990762124711,150.0,93.0,60.0,101.0,False,direct_size_estimation_deferred,매장 면적·좌석·점포별 매출이 없어 규모별 적합도와 argmax 규모는 산출하지 않음,0.5937660861480902,0.8799076212471132,usable_area_profile,True,familiar,True,0.6813510392609701,17.0
3110640,방화역 1번,11500,671414576.0,62982.0,10660.420056524086,0.7871824480369516,0.8373015873015873,0.23809523809523808,0.623015873015873,0.32142857142857145,0.8333333333333334,0.9246031746031746,0.46825396825396826,0.05555555555555555,0.42063492063492064,BRD_20240478,화이트리에,0.7517321016166282,False,3527.100934207685,241.56986569432095,5,25,0.02482678983833718,True,0.7623672055427252,0.7694572748267898,0.7765473441108546,71.0,50.0,44.0,55.0,False,direct_size_estimation_deferred,매장 면적·좌석·점포별 매출이 없어 규모별 적합도와 argmax 규모는 산출하지 않음,0.6837780884944179,0.812933025404157,usable_area_profile,True,familiar,True,0.6808314087759815,18.0
3120038,약수역,11140,1550178516.0,134777.0,11501.803096967584,0.9235565819861433,0.873015873015873,0.5793650793650794,0.6428571428571429,0.34523809523809523,0.8571428571428571,0.8214285714285714,0.0873015873015873,0.023809523809523808,0.8293650793650794,BRD_20240478,화이트리에,0.16397228637413394,False,4597.25798714366,62.64183906448842,18,44,0.5502309468822171,True,0.39184757505773676,0.5437644341801386,0.6956812933025405,268.0,172.0,86.0,175.33333333333334,False,direct_size_estimation_deferred,매장 면적·좌석·점포별 매출이 없어 규모별 적합도와 argmax 규모는 산출하지 않음,0.5935023460924295,0.8822170900692841,usable_area_profile,True,familiar,True,0.6776847575057737,19.0
3110815,공군호텔,11560,311003172.0,32124.0,9681.333955920807,0.5698614318706697,0.8571428571428571,0.7698412698412699,0.5277777777777778,0.23809523809523808,0.9007936507936508,0.9761904761904762,0.3373015873015873,0.047619047619047616,0.25,BRD_20240478,화이트리에,0.2471131639722864,False,1274.5265788058696,44.72135959188009,10,26,0.4422632794457275,True,0.3439376443418014,0.4084872979214781,0.4730369515011547,302.0,272.0,226.0,266.6666666666667,False,direct_size_estimation_deferred,매장 면적·좌석·점포별 매출이 없어 규모별 적합도와 argmax 규모는 산출하지 않음,0.3626340576268581,0.9953810623556582,usable_area_profile,True,familiar,True,0.6733545034642031,20.0
3120166,방배역,11650,1455145059.0,122673.0,11861.983150326478,0.9176674364896074,0.7619047619047619,0.2857142857142857,0.7023809523809523,0.6785714285714286,0.8293650793650794,0.7777777777777778,0.42857142857142855,0.08333333333333333,0.5198412698412699,BRD_20220253,곤트란쉐리에(Gontran Cherrier),0.9780600461893765,False,1819.7214072476397,99.2975326976693,12,28,0.2678983833718245,True,0.9599422632794457,0.9478637413394919,0.935785219399538,3.0,3.0,6.0,4.0,False,direct_size_estimation_deferred,매장 면적·좌석·점포별 매출이 없어 규모별 적합도와 argmax 규모는 산출하지 않음,0.5876605016838531,0.9030023094688222,usable_area_profile,True,opportunity,True,0.7354330254041571,1.0
3120188,압구정역,11680,1784647410.0,134975.0,13222.058973884052,0.9404157043879908,0.7817460317460317,0.18253968253968253,0.75,0.6468253968253969,0.8531746031746031,0.9206349206349206,0.4365079365079365,0.027777777777777776,0.4880952380952381,BRD_20220253,곤트란쉐리에(Gontran Cherrier),0.9214780600461894,False,791.0935469567722,98.31073190628577,25,97,0.5323325635103926,True,0.9271593533487297,0.9309468822170901,0.9347344110854503,9.0,4.0,7.0,6.666666666666667,False,direct_size_estimation_deferred,매장 면적·좌석·점포별 매출이 없어 규모별 적합도와 argmax 규모는 산출하지 않음,0.4268908830610167,0.9815242494226328,usable_area_profile,True,opportunity,True,0.731836027713626,2.0
3120038,약수역,11140,1550178516.0,134777.0,11501.803096967584,0.9235565819861433,0.873015873015873,0.5793650793650794,0.6428571428571429,0.34523809523809523,0.8571428571428571,0.8214285714285714,0.0873015873015873,0.023809523809523808,0.8293650793650794,BRD_20220253,곤트란쉐리에(Gontran Cherrier),0.2702078521939954,False,1853.5320337325807,62.64183906448842,18,44,0.5502309468822171,True,0.46621247113163977,0.5968822170900694,0.7275519630484989,226.0,135.0,67.0,142.66666666666666,False,direct_size_estimation_deferred,매장 면적·좌석·점포별 매출이 없어 규모별 적합도와 argmax 규모는 산출하지 않음,0.5664851038592432,0.9191685912240185,usable_area_profile,True,opportunity,True,0.7011720554272519,3.0
3120069,상봉역,11260,1511381851.0,142985.0,10570.212616708046,0.9086605080831409,0.8492063492063492,0.40476190476190477,0.5,0.39285714285714285,0.623015873015873,0.5714285714285714,0.16666666666666666,0.32936507936507936,0.8134920634920635,BRD_20220253,곤트란쉐리에(Gontran Cherrier),0.44803695150115475,False,6365.733893237705,89.18520055817115,16,56,0.39260969976905313,True,0.5862240184757506,0.6783487297921478,0.770473441108545,150.0,87.0,49.0,95.33333333333333,False,direct_size_estimation_deferred,매장 면적·좌석·점포별 매출이 없어 규모별 적합도와 argmax 규모는 산출하지 않음,0.6862408469125478,0.8152424942263279,usable_area_profile,True,opportunity,True,0.685444572748268,4.0
3120009,종로3가역,11110,773341001.0,64864.0,11922.499398741984,0.8273672055427251,0.876984126984127,0.42857142857142855,0.503968253968254,0.75,0.9444444444444444,0.8531746031746031,0.2619047619047619,0.05952380952380952,0.3611111111111111,BRD_20220253,곤트란쉐리에(Gontran Cherrier),0.7136258660508084,False,1694.8687265053368,125.80143085865113,24,103,0.45381062355658197,True,0.7477482678983833,0.7704965357967668,0.79324480369515,70.0,48.0,40.0,52.666666666666664,False,direct_size_estimation_deferred,매장 면적·좌석·점포별 매출이 없어 규모별 적합도와 argmax 규모는 산출하지 않음,0.3581728422365785,0.9907621247113164,usable_area_profile,True,opportunity,True,0.6842090069284066,5.0
3120165,서래마을카페거리(서래마을),11650,2971488955.0,159582.0,18620.45189933702,0.9718244803695151,0.7619047619047619,0.2857142857142857,0.7023809523809523,0.6785714285714286,0.8293650793650794,0.7777777777777778,0.42857142857142855,0.08333333333333333,0.5198412698412699,BRD_20220253,곤트란쉐리에(Gontran Cherrier),0.9780600461893765,False,1490.2030062984322,18.110770263065373,12,56,0.581986143187067,True,0.976189376443418,0.9749422632794458,0.9736951501154734,1.0,1.0,1.0,1.0,True,direct_size_estimation_deferred,매장 면적·좌석·점포별 매출이 없어 규모별 적합도와 argmax 규모는 산출하지 않음,0.7309788991879773,0.7852193995381063,usable_area_profile,True,opportunity,True,0.6827713625866052,6.0
3120201,도곡1동,11680,649721874.0,58337.0,11137.38920410717,0.7846420323325634,0.7817460317460317,0.18253968253968253,0.75,0.6468253968253969,0.8531746031746031,0.9206349206349206,0.4365079365079365,0.027777777777777776,0.4880952380952381,BRD_20220253,곤트란쉐리에(Gontran Cherrier),0.9214780600461894,False,504.2786927865908,87.09190547353441,10,64,0.2644341801385681,True,0.8804272517321015,0.8530600461893764,0.825692840646651,21.0,24.0,30.0,25.0,False,direct_size_estimation_deferred,매장 면적·좌석·점포별 매출이 없어 규모별 적합도와 argmax 규모는 산출하지 않음,0.5008925104151823,0.9607390300230947,usable_area_profile,True,opportunity,True,0.6801096997690531,7.0
3120107,공덕역(공덕오거리),11440,1051109080.0,111230.0,9449.870358716174,0.8578521939953809,0.9404761904761905,0.4246031746031746,0.5833333333333334,0.9642857142857143,0.9880952380952381,0.9841269841269841,0.1111111111111111,0.011904761904761904,0.051587301587301584,BRD_20220253,곤트란쉐리에(Gontran Cherrier),0.10969976905311778,False,3001.075973698278,80.05623025110103,24,77,0.5762124711316398,True,0.3341454965357967,0.48377598152424933,0.6334064665127019,310.0,211.0,122.0,214.33333333333334,False,direct_size_estimation_deferred,매장 면적·좌석·점포별 매출이 없어 규모별 적합도와 argmax 규모는 산출하지 않음,0.4311497730043973,0.976905311778291,usable_area_profile,True,opportunity,True,0.6784584295612008,8.0
3110640,방화역 1번,11500,671414576.0,62982.0,10660.420056524086,0.7871824480369516,0.8373015873015873,0.23809523809523808,0.623015873015873,0.32142857142857145,0.8333333333333334,0.9246031746031746,0.46825396825396826,0.05555555555555555,0.42063492063492064,BRD_20220253,곤트란쉐리에(Gontran Cherrier),0.8672055427251733,False,15077.534844924214,241.56986569432095,5,25,0.02482678983833718,True,0.8431986143187067,0.8271939953810624,0.8111893764434182,33.0,30.0,32.0,31.666666666666668,False,direct_size_estimation_deferred,매장 면적·좌석·점포별 매출이 없어 규모별 적합도와 argmax 규모는 산출하지 않음,0.6931525578052102,0.812933025404157,usable_area_profile,True,opportunity,True,0.6731062355658199,9.0
3110892,관악구 중앙길,11620,913081619.0,87290.0,10460.323278726086,0.8403002309468822,0.6944444444444444,0.5833333333333334,0.49603174603174605,0.8611111111111112,0.9801587301587301,0.8690476190476191,0.027777777777777776,0.051587301587301584,0.3412698412698413,BRD_20220253,곤트란쉐리에(Gontran Cherrier),0.34988452655889146,False,4282.11221247158,165.92166821826325,24,76,0.39838337182448036,True,0.4970092378752886,0.5950923787528868,0.693175519630485,200.0,137.0,85.0,140.66666666666666,False,direct_size_estimation_deferred,매장 면적·좌석·점포별 매출이 없어 규모별 적합도와 argmax 규모는 산출하지 않음,0.6000870308314572,0.8914549653579676,usable_area_profile,True,opportunity,True,0.6698441108545036,10.0
3120175,남부터미널역,11650,960650667.0,103198.0,9308.810897498013,0.8390300230946882,0.7619047619047619,0.2857142857142857,0.7023809523809523,0.6785714285714286,0.8293650793650794,0.7777777777777778,0.42857142857142855,0.08333333333333333,0.5198412698412699,BRD_20220253,곤트란쉐리에(Gontran Cherrier),0.9780600461893765,False,842.0077197141321,49.929950906089985,13,45,0.4826789838337182,True,0.93635103926097,0.9085450346420323,0.8807390300230946,6.0,11.0,18.0,11.666666666666666,False,direct_size_estimation_deferred,매장 면적·좌석·점포별 매출이 없어 규모별 적합도와 argmax 규모는 산출하지 않음,0.5585627675959842,0.930715935334873,usable_area_profile,True,opportunity,True,0.6682794457274827,11.0
3120037,동대문역사문화공원역,11140,991150857.0,75063.0,13204.253187322649,0.8695150115473441,0.873015873015873,0.5793650793650794,0.6428571428571429,0.34523809523809523,0.8571428571428571,0.8214285714285714,0.0873015873015873,0.023809523809523808,0.8293650793650794,BRD_20220253,곤트란쉐리에(Gontran Cherrier),0.2702078521939954,False,1176.9099371014734,125.25573836405046,15,74,0.2806004618937644,True,0.45,0.5698614318706697,0.6897228637413395,236.0,158.0,89.0,161.0,False,direct_size_estimation_deferred,매장 면적·좌석·점포별 매출이 없어 규모별 적합도와 argmax 규모는 산출하지 않음,0.7546762207484199,0.7667436489607391,usable_area_profile,True,opportunity,True,0.6661662817551963,12.0
3120120,화곡역,11500,2140760825.0,296121.0,7229.34484551923,0.8866050808314089,0.8373015873015873,0.23809523809523808,0.623015873015873,0.32142857142857145,0.8333333333333334,0.9246031746031746,0.46825396825396826,0.05555555555555555,0.42063492063492064,BRD_20220253,곤트란쉐리에(Gontran Cherrier),0.8672055427251733,False,11826.31726278543,26.400757567542716,25,54,0.8175519630484989,True,0.8730254041570439,0.876905311778291,0.8807852193995382,23.0,20.0,17.0,20.0,False,direct_size_estimation_deferred,매장 면적·좌석·점포별 매출이 없어 규모별 적합도와 argmax 규모는 산출하지 않음,0.46463052423753404,0.9722863741339491,usable_area_profile,True,opportunity,True,0.6566859122401848,13.0
3120062,신설동역,11230,583819931.0,56521.0,10329.256931052176,0.748498845265589,0.6904761904761905,0.5396825396825397,0.5714285714285714,0.9603174603174603,0.9126984126984127,0.4087301587301587,0.1865079365079365,0.09126984126984126,0.6825396825396826,BRD_20220253,곤트란쉐리에(Gontran Cherrier),0.31524249422632794,False,773.3104163069894,109.76793705062819,8,36,0.16743648960739027,True,0.4452193995381062,0.5318706697459584,0.6185219399538107,238.0,178.0,129.0,181.66666666666666,False,direct_size_estimation_deferred,매장 면적·좌석·점포별 매출이 없어 규모별 적합도와 argmax 규모는 산출하지 않음,0.6400866601208315,0.8614318706697459,usable_area_profile,True,opportunity,True,0.6449884526558891,14.0
3130072,성동용답상가시장,11200,441220675.0,42751.0,10320.710041870365,0.6748267898383372,0.9206349206349206,0.38492063492063494,0.5555555555555556,0.9920634920634921,0.9841269841269841,0.9563492063492064,0.10317460317460317,0.015873015873015872,0.07936507936507936,BRD_20220253,곤트란쉐리에(Gontran Cherrier),0.15704387990762125,False,2087.860388036934,135.0925608781212,10,28,0.1489607390300231,True,0.31237875288683603,0.41593533487297923,0.5194919168591223,323.0,261.0,192.0,258.6666666666667,False,direct_size_estimation_deferred,매장 면적·좌석·점포별 매출이 없어 규모별 적합도와 argmax 규모는 산출하지 않음,0.40386317348965867,0.9838337182448037,usable_area_profile,True,opportunity,True,0.643960739030023,15.0
3130147,쌍문역동측상점가,11320,2520521582.0,295704.0,8523.799414279145,0.8990762124711316,0.7182539682539683,0.11904761904761904,0.6071428571428571,0.25793650793650796,0.3611111111111111,0.24603174603174602,0.19047619047619047,0.4246031746031746,0.9126984126984127,BRD_20220253,곤트란쉐리에(Gontran Cherrier),0.03579676674364896,False,7608.334508922631,76.05918750239688,27,48,0.6385681293302541,True,0.29478060046189375,0.46743648960739026,0.6400923787528868,335.0,222.0,119.0,225.33333333333334,False,direct_size_estimation_deferred,매장 면적·좌석·점포별 매출이 없어 규모별 적합도와 argmax 규모는 산출하지 않음,0.6968078858662622,0.8083140877598153,usable_area_profile,True,opportunity,True,0.6412009237875289,16.0
3110943,법제교육센터(버들어린이공원),11650,849985150.0,98576.0,8622.637863171563,0.812471131639723,0.7619047619047619,0.2857142857142857,0.7023809523809523,0.6785714285714286,0.8293650793650794,0.7777777777777778,0.42857142857142855,0.08333333333333333,0.5198412698412699,BRD_20220253,곤트란쉐리에(Gontran Cherrier),0.9780600461893765,False,2292.031413415874,67.35725648954265,25,54,0.6466512702078522,True,0.9283833718244804,0.8952655889145498,0.862147806004619,7.0,15.0,21.0,14.333333333333334,False,direct_size_estimation_deferred,매장 면적·좌석·점포별 매출이 없어 규모별 적합도와 argmax 규모는 산출하지 않음,0.49447806412681716,0.9653579676674365,usable_area_profile,True,opportunity,True,0.6394688221709008,17.0
3120133,서울시흥동우체국(홈플러스시흥점),11545,637795918.0,60754.0,10498.00701188399,0.7765588914549653,0.753968253968254,0.7420634920634921,0.3531746031746032,0.24206349206349206,0.8690476190476191,0.873015873015873,0.04365079365079365,0.13095238095238096,0.6785714285714286,BRD_20220253,곤트란쉐리에(Gontran Cherrier),0.06581986143187067,False,9624.34751037264,60.20797286767192,15,45,0.4826789838337182,True,0.279041570438799,0.421189376443418,0.5633371824480368,347.0,257.0,170.0,258.0,False,direct_size_estimation_deferred,매장 면적·좌석·점포별 매출이 없어 규모별 적합도와 argmax 규모는 산출하지 않음,0.5168028369952506,0.9491916859122402,usable_area_profile,True,opportunity,True,0.6394630484988452,18.0
3120080,마들역,11350,1045100686.0,106340.0,9827.916926838443,0.858891454965358,0.8928571428571429,0.08333333333333333,0.7222222222222222,0.9444444444444444,0.7777777777777778,0.30158730158730157,0.38095238095238093,0.4444444444444444,0.6071428571428571,BRD_20220253,곤트란쉐리에(Gontran Cherrier),0.3833718244803695,False,10363.696107061205,45.607017023633105,8,32,0.4087759815242494,True,0.526027713625866,0.6211316397228638,0.7162355658198614,181.0,117.0,75.0,124.33333333333333,False,direct_size_estimation_deferred,매장 면적·좌석·점포별 매출이 없어 규모별 적합도와 argmax 규모는 산출하지 않음,0.7687969735154878,0.7551963048498845,usable_area_profile,True,opportunity,True,0.6376327944572749,19.0
3120149,여의도역(여의도),11560,3585532298.0,257766.0,13910.02807973123,0.9752886836027713,0.8571428571428571,0.7698412698412699,0.5277777777777778,0.23809523809523808,0.9007936507936508,0.9761904761904762,0.3373015873015873,0.047619047619047616,0.25,BRD_20220253,곤트란쉐리에(Gontran Cherrier),0.18706697459584296,False,3871.998192153484,175.93180492668327,36,58,0.4792147806004619,True,0.42353348729792145,0.5811778290993072,0.7388221709006928,250.0,147.0,63.0,153.33333333333334,False,direct_size_estimation_deferred,매장 면적·좌석·점포별 매출이 없어 규모별 적합도와 argmax 규모는 산출하지 않음,0.930645759422889,0.5750577367205543,usable_area_profile,True,opportunity,True,0.6370438799076212,20.0
3120166,방배역,11650,1455145059.0,122673.0,11861.983150326478,0.9176674364896074,0.7619047619047619,0.2857142857142857,0.7023809523809523,0.6785714285714286,0.8293650793650794,0.7777777777777778,0.42857142857142855,0.08333333333333333,0.5198412698412699,BRD_20120100621,더베이크,0.9780600461893765,False,1848.7211796374902,99.2975326976693,12,28,0.26963048498845266,True,0.9599422632794457,0.9478637413394919,0.935785219399538,3.0,5.0,5.0,4.333333333333333,False,direct_size_estimation_deferred,매장 면적·좌석·점포별 매출이 없어 규모별 적합도와 argmax 규모는 산출하지 않음,0.5201640403123772,0.9191685912240185,usable_area_profile,True,opportunity,True,0.7400230946882218,1.0
3120188,압구정역,11680,1784647410.0,134975.0,13222.058973884052,0.9404157043879908,0.7817460317460317,0.18253968253968253,0.75,0.6468253968253969,0.8531746031746031,0.9206349206349206,0.4365079365079365,0.027777777777777776,0.4880952380952381,BRD_20120100621,더베이크,0.8775981524249422,False,3611.5266855028485,98.31073190628577,25,98,0.5340646651270209,True,0.8964434180138567,0.9090069284064666,0.9215704387990762,16.0,12.0,10.0,12.666666666666666,False,direct_size_estimation_deferred,매장 면적·좌석·점포별 매출이 없어 규모별 적합도와 argmax 규모는 산출하지 않음,0.4477024941359058,0.9584295612009238,usable_area_profile,True,opportunity,True,0.724647806004619,2.0
3120038,약수역,11140,1550178516.0,134777.0,11501.803096967584,0.9235565819861433,0.873015873015873,0.5793650793650794,0.6428571428571429,0.34523809523809523,0.8571428571428571,0.8214285714285714,0.0873015873015873,0.023809523809523808,0.8293650793650794,BRD_20120100621,더베이크,0.23094688221709006,False,2476.095717048477,62.64183906448842,18,44,0.5513856812933025,True,0.43872979214780605,0.5772517321016167,0.7157736720554273,248.0,147.0,77.0,157.33333333333334,False,direct_size_estimation_deferred,매장 면적·좌석·점포별 매출이 없어 규모별 적합도와 argmax 규모는 산출하지 않음,0.39286514167556136,0.9838337182448037,usable_area_profile,True,opportunity,True,0.7203983833718247,3.0
3120069,상봉역,11260,1511381851.0,142985.0,10570.212616708046,0.9086605080831409,0.8492063492063492,0.40476190476190477,0.5,0.39285714285714285,0.623015873015873,0.5714285714285714,0.16666666666666666,0.32936507936507936,0.8134920634920635,BRD_20120100621,더베이크,0.5427251732101617,False,5834.943358744293,89.18520055817115,16,56,0.3931870669745958,True,0.6525057736720554,0.7256928406466513,0.798879907621247,119.0,69.0,42.0,76.66666666666667,False,direct_size_estimation_deferred,매장 면적·좌석·점포별 매출이 없어 규모별 적합도와 argmax 규모는 산출하지 않음,0.5382790543446163,0.9076212471131639,usable_area_profile,True,opportunity,True,0.7130715935334875,4.0
3120165,서래마을카페거리(서래마을),11650,2971488955.0,159582.0,18620.45189933702,0.9718244803695151,0.7619047619047619,0.2857142857142857,0.7023809523809523,0.6785714285714286,0.8293650793650794,0.7777777777777778,0.42857142857142855,0.08333333333333333,0.5198412698412699,BRD_20120100621,더베이크,0.9780600461893765,False,2288.752061701909,18.110770263065373,12,56,0.5825635103926097,True,0.976189376443418,0.9749422632794458,0.9736951501154734,1.0,1.0,1.0,1.0,True,direct_size_estimation_deferred,매장 면적·좌석·점포별 매출이 없어 규모별 적합도와 argmax 규모는 산출하지 않음,0.6511878512601736,0.8290993071593533,usable_area_profile,True,opportunity,True,0.6958487297921478,5.0
3110640,방화역 1번,11500,671414576.0,62982.0,10660.420056524086,0.7871824480369516,0.8373015873015873,0.23809523809523808,0.623015873015873,0.32142857142857145,0.8333333333333334,0.9246031746031746,0.46825396825396826,0.05555555555555555,0.42063492063492064,BRD_20120100621,더베이크,0.7170900692840647,False,2125.892048039374,241.56986569432095,5,25,0.02482678983833718,True,0.7381177829099308,0.7521362586605082,0.7661547344110855,80.0,60.0,54.0,64.66666666666667,False,direct_size_estimation_deferred,매장 면적·좌석·점포별 매출이 없어 규모별 적합도와 argmax 규모는 산출하지 않음,0.5875355859589195,0.8706697459584296,usable_area_profile,True,opportunity,True,0.6904272517321017,6.0
3120009,종로3가역,11110,773341001.0,64864.0,11922.499398741984,0.8273672055427251,0.876984126984127,0.42857142857142855,0.503968253968254,0.75,0.9444444444444444,0.8531746031746031,0.2619047619047619,0.05952380952380952,0.3611111111111111,BRD_20120100621,더베이크,0.9330254041570438,False,4222.602278200804,125.80143085865113,24,103,0.45496535796766746,True,0.9013279445727481,0.8801963048498844,0.8590646651270206,15.0,18.0,22.0,18.333333333333332,False,direct_size_estimation_deferred,매장 면적·좌석·점포별 매출이 없어 규모별 적합도와 argmax 규모는 산출하지 않음,0.4414747514536508,0.9630484988452656,usable_area_profile,True,opportunity,True,0.6757217090069284,7.0
3120246,길동역,11740,916043297.0,88020.0,10407.217643717337,0.8409930715935335,0.8452380952380952,0.06746031746031746,0.7063492063492064,0.38492063492063494,0.6626984126984127,0.7182539682539683,0.5833333333333334,0.06746031746031746,0.6507936507936508,BRD_20120100621,더베이크,0.43187066974595845,False,7648.116696281863,87.92041856413586,26,72,0.5762124711316396,True,0.554607390300231,0.636431870669746,0.718256351039261,178.0,119.0,75.0,124.0,False,direct_size_estimation_deferred,매장 면적·좌석·점포별 매출이 없어 규모별 적합도와 argmax 규모는 산출하지 않음,0.3924936608668946,0.9861431870669746,usable_area_profile,True,opportunity,True,0.6719572748267899,8.0
3110892,관악구 중앙길,11620,913081619.0,87290.0,10460.323278726086,0.8403002309468822,0.6944444444444444,0.5833333333333334,0.49603174603174605,0.8611111111111112,0.9801587301587301,0.8690476190476191,0.027777777777777776,0.051587301587301584,0.3412698412698413,BRD_20120100621,더베이크,0.6778290993071594,False,5898.203540068423,165.92166821826325,24,76,0.39838337182448036,True,0.7265704387990761,0.7590646651270208,0.7915588914549653,85.0,55.0,44.0,61.333333333333336,False,direct_size_estimation_deferred,매장 면적·좌석·점포별 매출이 없어 규모별 적합도와 argmax 규모는 산출하지 않음,0.553077288462947,0.8983833718244804,usable_area_profile,True,opportunity,True,0.6719226327944573,9.0
3120080,마들역,11350,1045100686.0,106340.0,9827.916926838443,0.858891454965358,0.8928571428571429,0.08333333333333333,0.7222222222222222,0.9444444444444444,0.7777777777777778,0.30158730158730157,0.38095238095238093,0.4444444444444444,0.6071428571428571,BRD_20120100621,더베이크,0.13394919168591224,False,11718.757954647632,45.607017023633105,8,32,0.4087759815242494,True,0.35143187066974596,0.4964203233256351,0.6414087759815242,299.0,214.0,114.0,209.0,False,direct_size_estimation_deferred,매장 면적·좌석·점포별 매출이 없어 규모별 적합도와 argmax 규모는 산출하지 않음,0.6632402931672614,0.8198614318706697,usable_area_profile,True,opportunity,True,0.6570323325635105,10.0
3120152,신대방삼거리역,11590,953145793.0,102228.0,9323.72532965528,0.8353348729792147,0.8611111111111112,0.5158730158730159,0.42857142857142855,0.753968253968254,0.9563492063492064,0.6626984126984127,0.11507936507936507,0.09523809523809523,0.5674603174603174,BRD_20120100621,더베이크,0.754041570438799,False,5944.2493218296295,79.30952023733208,18,47,0.47863741339491916,True,0.7784295612009237,0.7946882217090069,0.8109468822170899,64.0,44.0,38.0,48.666666666666664,False,direct_size_estimation_deferred,매장 면적·좌석·점포별 매출이 없어 규모별 적합도와 argmax 규모는 산출하지 않음,0.5685413712622828,0.8845265588914549,usable_area_profile,True,opportunity,True,0.6529965357967668,11.0
3130072,성동용답상가시장,11200,441220675.0,42751.0,10320.710041870365,0.6748267898383372,0.9206349206349206,0.38492063492063494,0.5555555555555556,0.9920634920634921,0.9841269841269841,0.9563492063492064,0.10317460317460317,0.015873015873015872,0.07936507936507936,BRD_20120100621,더베이크,0.16397228637413394,False,1255.4238328076387,135.0925608781212,10,28,0.15011547344110854,True,0.3172286374133949,0.4193995381062356,0.5215704387990762,324.0,275.0,207.0,268.6666666666667,False,direct_size_estimation_deferred,매장 면적·좌석·점포별 매출이 없어 규모별 적합도와 argmax 규모는 산출하지 않음,0.30676186207579903,0.9976905311778291,usable_area_profile,True,opportunity,True,0.6479445727482679,12.0
3120068,사가정역,11260,944293896.0,91431.0,10327.940151589723,0.8467667436489608,0.8492063492063492,0.40476190476190477,0.5,0.39285714285714285,0.623015873015873,0.5714285714285714,0.16666666666666666,0.32936507936507936,0.8134920634920635,BRD_20120100621,더베이크,0.5427251732101617,False,4849.438936616375,42.201895677975386,26,50,0.7713625866050808,True,0.6339376443418013,0.6947459584295612,0.755554272517321,127.0,86.0,61.0,91.33333333333333,False,direct_size_estimation_deferred,매장 면적·좌석·점포별 매출이 없어 규모별 적합도와 argmax 규모는 산출하지 않음,0.3878899304186891,0.9907621247113164,usable_area_profile,True,opportunity,True,0.6472459584295612,13.0
3120081,노원역,11350,1459224642.0,143889.0,10141.32172716469,0.8973441108545035,0.8928571428571429,0.08333333333333333,0.7222222222222222,0.9444444444444444,0.7777777777777778,0.30158730158730157,0.38095238095238093,0.4444444444444444,0.6071428571428571,BRD_20120100621,더베이크,0.13394919168591224,False,10645.186423902464,36.878177844323965,34,60,0.8550808314087759,True,0.3629676674364896,0.5156466512702078,0.6683256351039261,296.0,195.0,94.0,195.0,False,direct_size_estimation_deferred,매장 면적·좌석·점포별 매출이 없어 규모별 적합도와 argmax 규모는 산출하지 않음,0.5035795390108566,0.930715935334873,usable_area_profile,True,opportunity,True,0.6444919168591224,14.0
3130222,오류시장,11530,677800421.0,66656.0,10168.633296327413,0.7894919168591223,0.8412698412698413,0.8373015873015873,0.5753968253968254,0.5238095238095238,0.7579365079365079,0.7380952380952381,0.18253968253968253,0.12698412698412698,0.7658730158730159,BRD_20120100621,더베이크,0.6420323325635104,False,1424.2067967573487,48.414873764798386,14,33,0.5161662817551963,True,0.686270207852194,0.7157621247113164,0.7452540415704387,107.0,75.0,67.0,83.0,False,direct_size_estimation_deferred,매장 면적·좌석·점포별 매출이 없어 규모별 적합도와 argmax 규모는 산출하지 않음,0.4535814706177749,0.953810623556582,usable_area_profile,True,opportunity,True,0.6429387990762124,15.0
3120107,공덕역(공덕오거리),11440,1051109080.0,111230.0,9449.870358716174,0.8578521939953809,0.9404761904761905,0.4246031746031746,0.5833333333333334,0.9642857142857143,0.9880952380952381,0.9841269841269841,0.1111111111111111,0.011904761904761904,0.051587301587301584,BRD_20120100621,더베이크,0.08660508083140878,False,1246.635472021818,80.05623025110103,24,77,0.5773672055427252,True,0.3179792147806004,0.4722286374133948,0.6264780600461893,322.0,237.0,134.0,231.0,False,direct_size_estimation_deferred,매장 면적·좌석·점포별 매출이 없어 규모별 적합도와 argmax 규모는 산출하지 않음,0.6025455857352643,0.8568129330254042,usable_area_profile,True,opportunity,True,0.642257505773672,16.0
3120079,창동역,11320,765698620.0,76216.0,10046.428833840664,0.8071593533487298,0.7182539682539683,0.11904761904761904,0.6071428571428571,0.25793650793650796,0.3611111111111111,0.24603174603174602,0.19047619047619047,0.4246031746031746,0.9126984126984127,BRD_20120100621,더베이크,0.03579676674364896,False,10127.925799475763,91.21403398036323,16,24,0.3851039260969977,True,0.2672055427251732,0.4214780600461894,0.5757505773672056,355.0,274.0,170.0,266.3333333333333,False,direct_size_estimation_deferred,매장 면적·좌석·점포별 매출이 없어 규모별 적합도와 argmax 규모는 산출하지 않음,0.6221424219117313,0.8475750577367206,usable_area_profile,True,opportunity,True,0.6404445727482679,17.0
3120120,화곡역,11500,2140760825.0,296121.0,7229.34484551923,0.8866050808314089,0.8373015873015873,0.23809523809523808,0.623015873015873,0.32142857142857145,0.8333333333333334,0.9246031746031746,0.46825396825396826,0.05555555555555555,0.42063492063492064,BRD_20120100621,더베이크,0.7170900692840647,False,3961.5214249131227,26.400757567542716,25,54,0.8181293302540416,True,0.767944572748268,0.8018475750577367,0.8357505773672056,66.0,41.0,32.0,46.333333333333336,False,direct_size_estimation_deferred,매장 면적·좌석·점포별 매출이 없어 규모별 적합도와 argmax 규모는 산출하지 않음,0.5357927012994806,0.9099307159353349,usable_area_profile,True,opportunity,True,0.6378926096997692,18.0
3120037,동대문역사문화공원역,11140,991150857.0,75063.0,13204.253187322649,0.8695150115473441,0.873015873015873,0.5793650793650794,0.6428571428571429,0.34523809523809523,0.8571428571428571,0.8214285714285714,0.0873015873015873,0.023809523809523808,0.8293650793650794,BRD_20120100621,더베이크,0.23094688221709006,False,2629.1690702438227,125.25573836405046,15,74,0.2811778290993071,True,0.4225173210161663,0.5502309468822171,0.6779445727482679,260.0,170.0,92.0,174.0,False,direct_size_estimation_deferred,매장 면적·좌석·점포별 매출이 없어 규모별 적합도와 argmax 규모는 산출하지 않음,0.8169794222676473,0.6720554272517321,usable_area_profile,True,opportunity,True,0.6376732101616629,19.0
3120133,서울시흥동우체국(홈플러스시흥점),11545,637795918.0,60754.0,10498.00701188399,0.7765588914549653,0.753968253968254,0.7420634920634921,0.3531746031746032,0.24206349206349206,0.8690476190476191,0.873015873015873,0.04365079365079365,0.13095238095238096,0.6785714285714286,BRD_20120100621,더베이크,0.1905311778290993,False,5973.179471637642,60.20797286767192,15,45,0.483256351039261,True,0.3663394919168591,0.4835450346420323,0.6007505773672054,292.0,225.0,152.0,223.0,False,direct_size_estimation_deferred,매장 면적·좌석·점포별 매출이 없어 규모별 적합도와 argmax 규모는 산출하지 않음,0.4868592660848676,0.9399538106235565,usable_area_profile,True,opportunity,True,0.6366050808314088,20.0
3120166,방배역,11650,1455145059.0,122673.0,11861.983150326478,0.9176674364896074,0.7619047619047619,0.2857142857142857,0.7023809523809523,0.6785714285714286,0.8293650793650794,0.7777777777777778,0.42857142857142855,0.08333333333333333,0.5198412698412699,BRD_20080500016,던킨/던킨도너츠,0.9780600461893765,False,2084.6997385898185,99.2975326976693,12,28,0.2736720554272517,True,0.9599422632794457,0.9478637413394919,0.935785219399538,3.0,3.0,3.0,3.0,False,direct_size_estimation_deferred,매장 면적·좌석·점포별 매출이 없어 규모별 적합도와 argmax 규모는 산출하지 않음,0.54798657762646,0.9145496535796767,usable_area_profile,True,opportunity,True,0.7380311778290992,1.0
3120188,압구정역,11680,1784647410.0,134975.0,13222.058973884052,0.9404157043879908,0.7817460317460317,0.18253968253968253,0.75,0.6468253968253969,0.8531746031746031,0.9206349206349206,0.4365079365079365,0.027777777777777776,0.4880952380952381,BRD_20080500016,던킨/던킨도너츠,0.6466512702078522,False,1368.6215692755018,98.31073190628577,25,98,0.5369515011547344,True,0.7347806004618938,0.7935334872979215,0.8522863741339493,61.0,33.0,20.0,38.0,False,direct_size_estimation_deferred,매장 면적·좌석·점포별 매출이 없어 규모별 적합도와 argmax 규모는 산출하지 않음,0.31474045462599526,0.9976905311778291,usable_area_profile,True,opportunity,True,0.7359930715935336,2.0
3120069,상봉역,11260,1511381851.0,142985.0,10570.212616708046,0.9086605080831409,0.8492063492063492,0.40476190476190477,0.5,0.39285714285714285,0.623015873015873,0.5714285714285714,0.16666666666666666,0.32936507936507936,0.8134920634920635,BRD_20080500016,던킨/던킨도너츠,0.8983833718244804,False,1987.86568964834,89.18520055817115,16,56,0.39722863741339487,True,0.9014665127020784,0.9035219399538106,0.9055773672055427,10.0,8.0,8.0,8.666666666666666,False,direct_size_estimation_deferred,매장 면적·좌석·점포별 매출이 없어 규모별 적합도와 argmax 규모는 산출하지 않음,0.5759101254669439,0.8937644341801385,usable_area_profile,True,opportunity,True,0.70830831408776,3.0
3120009,종로3가역,11110,773341001.0,64864.0,11922.499398741984,0.8273672055427251,0.876984126984127,0.42857142857142855,0.503968253968254,0.75,0.9444444444444444,0.8531746031746031,0.2619047619047619,0.05952380952380952,0.3611111111111111,BRD_20080500016,던킨/던킨도너츠,0.8175519630484989,False,1443.8130072811518,125.80143085865113,24,103,0.4590069284064665,True,0.8204965357967666,0.822459584295612,0.8244226327944572,33.0,25.0,27.0,28.333333333333332,False,direct_size_estimation_deferred,매장 면적·좌석·점포별 매출이 없어 규모별 적합도와 argmax 규모는 산출하지 않음,0.4089152208800643,0.9838337182448037,usable_area_profile,True,opportunity,True,0.6813510392609701,4.0
3120165,서래마을카페거리(서래마을),11650,2971488955.0,159582.0,18620.45189933702,0.9718244803695151,0.7619047619047619,0.2857142857142857,0.7023809523809523,0.6785714285714286,0.8293650793650794,0.7777777777777778,0.42857142857142855,0.08333333333333333,0.5198412698412699,BRD_20080500016,던킨/던킨도너츠,0.9780600461893765,False,1207.6444013237394,18.110770263065373,12,56,0.5866050808314087,True,0.976189376443418,0.9749422632794458,0.9736951501154734,1.0,1.0,1.0,1.0,True,direct_size_estimation_deferred,매장 면적·좌석·점포별 매출이 없어 규모별 적합도와 argmax 규모는 산출하지 않음,0.733911535469228,0.7759815242494226,usable_area_profile,True,opportunity,True,0.6793071593533487,5.0
3120107,공덕역(공덕오거리),11440,1051109080.0,111230.0,9449.870358716174,0.8578521939953809,0.9404761904761905,0.4246031746031746,0.5833333333333334,0.9642857142857143,0.9880952380952381,0.9841269841269841,0.1111111111111111,0.011904761904761904,0.051587301587301584,BRD_20080500016,던킨/던킨도너츠,0.03348729792147806,False,1834.104140985888,80.05623025110103,24,77,0.5802540415704388,True,0.2807967667436489,0.4456697459584295,0.6105427251732101,289.0,208.0,118.0,205.0,False,direct_size_estimation_deferred,매장 면적·좌석·점포별 매출이 없어 규모별 적합도와 argmax 규모는 산출하지 않음,0.42821713672314654,0.9699769053117783,usable_area_profile,True,opportunity,True,0.6757736720554273,6.0
3110892,관악구 중앙길,11620,913081619.0,87290.0,10460.323278726086,0.8403002309468822,0.6944444444444444,0.5833333333333334,0.49603174603174605,0.8611111111111112,0.9801587301587301,0.8690476190476191,0.027777777777777776,0.051587301587301584,0.3412698412698413,BRD_20080500016,던킨/던킨도너츠,0.41454965357967666,False,2006.896609177372,165.92166821826325,24,76,0.40242494226327946,True,0.5422748267898383,0.6274249422632794,0.7125750577367205,155.0,110.0,67.0,110.66666666666667,False,direct_size_estimation_deferred,매장 면적·좌석·점포별 매출이 없어 규모별 적합도와 argmax 규모는 산출하지 않음,0.5480966931057606,0.9122401847575058,usable_area_profile,True,opportunity,True,0.675473441108545,7.0
3110640,방화역 1번,11500,671414576.0,62982.0,10660.420056524086,0.7871824480369516,0.8373015873015873,0.23809523809523808,0.623015873015873,0.32142857142857145,0.8333333333333334,0.9246031746031746,0.46825396825396826,0.05555555555555555,0.42063492063492064,BRD_20080500016,던킨/던킨도너츠,0.7378752886836027,False,2204.477262302874,241.56986569432095,5,25,0.025404157043879903,True,0.7526674364896073,0.7625288683602771,0.7723903002309469,56.0,44.0,41.0,47.0,False,direct_size_estimation_deferred,매장 면적·좌석·점포별 매출이 없어 규모별 적합도와 argmax 규모는 산출하지 않음,0.6957991299829277,0.8013856812933026,usable_area_profile,True,opportunity,True,0.6695554272517321,8.0
3120201,도곡1동,11680,649721874.0,58337.0,11137.38920410717,0.7846420323325634,0.7817460317460317,0.18253968253968253,0.75,0.6468253968253969,0.8531746031746031,0.9206349206349206,0.4365079365079365,0.027777777777777776,0.4880952380952381,BRD_20080500016,던킨/던킨도너츠,0.6466512702078522,False,1070.7740191423636,87.09190547353441,10,65,0.2690531177829099,True,0.6880484988452655,0.7156466512702078,0.74324480369515,91.0,62.0,53.0,68.66666666666667,False,direct_size_estimation_deferred,매장 면적·좌석·점포별 매출이 없어 규모별 적합도와 argmax 규모는 산출하지 않음,0.585416358417823,0.8845265588914549,usable_area_profile,True,opportunity,True,0.6565531177829099,9.0
3120037,동대문역사문화공원역,11140,991150857.0,75063.0,13204.253187322649,0.8695150115473441,0.873015873015873,0.5793650793650794,0.6428571428571429,0.34523809523809523,0.8571428571428571,0.8214285714285714,0.0873015873015873,0.023809523809523808,0.8293650793650794,BRD_20080500016,던킨/던킨도너츠,0.20092378752886836,False,582.0214772845109,125.25573836405046,15,73,0.2881062355658199,True,0.40150115473441106,0.5352193995381063,0.6689376443418014,230.0,151.0,84.0,155.0,False,direct_size_estimation_deferred,매장 면적·좌석·점포별 매출이 없어 규모별 적합도와 argmax 규모는 산출하지 않음,0.7859139959858628,0.7228637413394919,usable_area_profile,True,opportunity,True,0.6518764434180139,10.0
3120152,신대방삼거리역,11590,953145793.0,102228.0,9323.72532965528,0.8353348729792147,0.8611111111111112,0.5158730158730159,0.42857142857142855,0.753968253968254,0.9563492063492064,0.6626984126984127,0.11507936507936507,0.09523809523809523,0.5674603174603174,BRD_20080500016,던킨/던킨도너츠,0.5969976905311778,False,1728.18517521926,79.30952023733208,18,47,0.4821016166281755,True,0.6684988452655889,0.7161662817551963,0.7638337182448035,98.0,61.0,44.0,67.66666666666667,False,direct_size_estimation_deferred,매장 면적·좌석·점포별 매출이 없어 규모별 적합도와 argmax 규모는 산출하지 않음,0.5893364884479683,0.8799076212471132,usable_area_profile,True,opportunity,True,0.6510912240184756,11.0
3120246,길동역,11740,916043297.0,88020.0,10407.217643717337,0.8409930715935335,0.8452380952380952,0.06746031746031746,0.7063492063492064,0.38492063492063494,0.6626984126984127,0.7182539682539683,0.5833333333333334,0.06746031746031746,0.6507936507936508,BRD_20080500016,던킨/던킨도너츠,0.8614318706697459,False,1651.0944854621914,87.92041856413586,26,72,0.579676674364896,True,0.8553002309468821,0.8512124711316398,0.8471247113163972,21.0,18.0,21.0,20.0,False,direct_size_estimation_deferred,매장 면적·좌석·점포별 매출이 없어 규모별 적합도와 argmax 규모는 산출하지 않음,0.554042313491478,0.9076212471131639,usable_area_profile,True,opportunity,True,0.6478810623556583,12.0
3130072,성동용답상가시장,11200,441220675.0,42751.0,10320.710041870365,0.6748267898383372,0.9206349206349206,0.38492063492063494,0.5555555555555556,0.9920634920634921,0.9841269841269841,0.9563492063492064,0.10317460317460317,0.015873015873015872,0.07936507936507936,BRD_20080500016,던킨/던킨도너츠,0.08083140877598152,False,2377.912529940723,135.0925608781212,10,28,0.15473441108545033,True,0.2590300230946882,0.37782909930715936,0.49662817551963045,296.0,252.0,179.0,242.33333333333334,False,direct_size_estimation_deferred,매장 면적·좌석·점포별 매출이 없어 규모별 적합도와 argmax 규모는 산출하지 않음,0.37950658578660634,0.9907621247113164,usable_area_profile,True,opportunity,True,0.6451732101616628,13.0
3120175,남부터미널역,11650,960650667.0,103198.0,9308.810897498013,0.8390300230946882,0.7619047619047619,0.2857142857142857,0.7023809523809523,0.6785714285714286,0.8293650793650794,0.7777777777777778,0.42857142857142855,0.08333333333333333,0.5198412698412699,BRD_20080500016,던킨/던킨도너츠,0.9780600461893765,False,2050.2497408995264,49.929950906089985,13,46,0.48903002309468824,True,0.93635103926097,0.9085450346420323,0.8807390300230946,7.0,7.0,14.0,9.333333333333334,False,direct_size_estimation_deferred,매장 면적·좌석·점포별 매출이 없어 규모별 적합도와 argmax 규모는 산출하지 않음,0.6385050599983426,0.8545034642032332,usable_area_profile,True,opportunity,True,0.6444630484988453,14.0
3120133,서울시흥동우체국(홈플러스시흥점),11545,637795918.0,60754.0,10498.00701188399,0.7765588914549653,0.753968253968254,0.7420634920634921,0.3531746031746032,0.24206349206349206,0.8690476190476191,0.873015873015873,0.04365079365079365,0.13095238095238096,0.6785714285714286,BRD_20080500016,던킨/던킨도너츠,0.1235565819861432,False,1389.725872274901,60.20797286767192,15,45,0.49018475750577367,True,0.31945727482678976,0.4500577367205542,0.5806581986143186,275.0,203.0,135.0,204.33333333333334,False,direct_size_estimation_deferred,매장 면적·좌석·점포별 매출이 없어 규모별 적합도와 argmax 규모는 산출하지 않음,0.5143281028956312,0.9353348729792148,usable_area_profile,True,opportunity,True,0.6341801385681293,15.0
3120068,사가정역,11260,944293896.0,91431.0,10327.940151589723,0.8467667436489608,0.8492063492063492,0.40476190476190477,0.5,0.39285714285714285,0.623015873015873,0.5714285714285714,0.16666666666666666,0.32936507936507936,0.8134920634920635,BRD_20080500016,던킨/던킨도너츠,0.8983833718244804,False,1494.4336719767546,42.201895677975386,26,50,0.7748267898383372,True,0.8828983833718245,0.8725750577367206,0.8622517321016165,13.0,16.0,16.0,15.0,False,direct_size_estimation_deferred,매장 면적·좌석·점포별 매출이 없어 규모별 적합도와 argmax 규모는 산출하지 않음,0.4817415917971736,0.9468822170900693,usable_area_profile,True,opportunity,True,0.6335623556581986,16.0
3110274,서일대학교,11260,492656087.0,41512.0,11867.79935922143,0.7133949191685912,0.8492063492063492,0.40476190476190477,0.5,0.39285714285714285,0.623015873015873,0.5714285714285714,0.16666666666666666,0.32936507936507936,0.8134920634920635,BRD_20080500016,던킨/던킨도너츠,0.8983833718244804,False,2594.2307144644305,101.51354588565466,6,29,0.17032332563510394,True,0.8428868360277135,0.8058891454965358,0.7688914549653578,27.0,29.0,42.0,32.666666666666664,False,direct_size_estimation_deferred,매장 면적·좌석·점포별 매출이 없어 규모별 적합도와 argmax 규모는 산출하지 않음,0.6104212397108937,0.8729792147806005,usable_area_profile,True,opportunity,True,0.6287124711316397,17.0
3120101,합정역,11440,1552802578.0,170078.0,9129.943778736815,0.8870669745958429,0.9404761904761905,0.4246031746031746,0.5833333333333334,0.9642857142857143,0.9880952380952381,0.9841269841269841,0.1111111111111111,0.011904761904761904,0.051587301587301584,BRD_20080500016,던킨/던킨도너츠,0.03348729792147806,False,1158.520608373003,38.327535776922915,34,129,0.8441108545034642,True,0.2895612009237875,0.4602771362586605,0.6309930715935335,284.0,196.0,102.0,194.0,False,direct_size_estimation_deferred,매장 면적·좌석·점포별 매출이 없어 규모별 적합도와 argmax 규모는 산출하지 않음,0.6085598659476922,0.8752886836027713,usable_area_profile,True,opportunity,True,0.6238568129330253,18.0
3130222,오류시장,11530,677800421.0,66656.0,10168.633296327413,0.7894919168591223,0.8412698412698413,0.8373015873015873,0.5753968253968254,0.5238095238095238,0.7579365079365079,0.7380952380952381,0.18253968253968253,0.12698412698412698,0.7658730158730159,BRD_20080500016,던킨/던킨도너츠,0.5242494226327945,False,1919.870047727582,48.414873764798386,14,33,0.5225173210161662,True,0.6038221709006928,0.6568706697459584,0.7099191685912238,128.0,96.0,69.0,97.66666666666667,False,direct_size_estimation_deferred,매장 면적·좌석·점포별 매출이 없어 규모별 적합도와 argmax 규모는 산출하지 않음,0.5837978050406795,0.8868360277136259,usable_area_profile,True,opportunity,True,0.6218937644341801,19.0
3120062,신설동역,11230,583819931.0,56521.0,10329.256931052176,0.748498845265589,0.6904761904761905,0.5396825396825397,0.5714285714285714,0.9603174603174603,0.9126984126984127,0.4087301587301587,0.1865079365079365,0.09126984126984126,0.6825396825396826,BRD_20080500016,던킨/던킨도너츠,0.4491916859122402,False,770.5491548364282,109.76793705062819,8,36,0.17205542725173212,True,0.5389838337182448,0.5988452655889146,0.6587066974595843,157.0,118.0,91.0,122.0,False,direct_size_estimation_deferred,매장 면적·좌석·점포별 매출이 없어 규모별 적합도와 argmax 규모는 산출하지 않음,0.7284937187425956,0.7782909930715936,usable_area_profile,True,opportunity,True,0.6193533487297922,20.0
3120069,상봉역,11260,1511381851.0,142985.0,10570.212616708046,0.9086605080831409,0.8492063492063492,0.40476190476190477,0.5,0.39285714285714285,0.623015873015873,0.5714285714285714,0.16666666666666666,0.32936507936507936,0.8134920634920635,BRD_20250749,디에그,0.9861431870669746,False,4907.488257794786,89.18520055817115,16,56,0.39376443418013857,True,0.9628983833718245,0.9474018475750577,0.931905311778291,1.0,2.0,2.0,1.6666666666666667,True,direct_size_estimation_deferred,매장 면적·좌석·점포별 매출이 없어 규모별 적합도와 argmax 규모는 산출하지 않음,0.521597630491071,0.9353348729792148,usable_area_profile,True,opportunity,True,0.7212990762124711,1.0
3120037,동대문역사문화공원역,11140,991150857.0,75063.0,13204.253187322649,0.8695150115473441,0.873015873015873,0.5793650793650794,0.6428571428571429,0.34523809523809523,0.8571428571428571,0.8214285714285714,0.0873015873015873,0.023809523809523808,0.8293650793650794,BRD_20250749,디에그,0.17782909930715934,False,4232.970115647196,125.25573836405046,15,74,0.2806004618937644,True,0.38533487297921476,0.5236720554272517,0.6620092378752886,278.0,199.0,109.0,195.33333333333334,False,direct_size_estimation_deferred,매장 면적·좌석·점포별 매출이 없어 규모별 적합도와 argmax 규모는 산출하지 않음,0.5569274183471772,0.9168591224018476,usable_area_profile,True,opportunity,True,0.711200923787529,2.0
3120188,압구정역,11680,1784647410.0,134975.0,13222.058973884052,0.9404157043879908,0.7817460317460317,0.18253968253968253,0.75,0.6468253968253969,0.8531746031746031,0.9206349206349206,0.4365079365079365,0.027777777777777776,0.4880952380952381,BRD_20250749,디에그,0.76905311778291,False,7487.897501980652,98.31073190628577,25,98,0.5329099307159353,True,0.8204618937644341,0.8547344110854505,0.8890069284064666,32.0,16.0,11.0,19.666666666666668,False,direct_size_estimation_deferred,매장 면적·좌석·점포별 매출이 없어 규모별 적합도와 argmax 규모는 산출하지 않음,0.603597030653571,0.8960739030023095,usable_area_profile,True,opportunity,True,0.7061143187066975,3.0
3120166,방배역,11650,1455145059.0,122673.0,11861.983150326478,0.9176674364896074,0.7619047619047619,0.2857142857142857,0.7023809523809523,0.6785714285714286,0.8293650793650794,0.7777777777777778,0.42857142857142855,0.08333333333333333,0.5198412698412699,BRD_20250749,디에그,0.9480369515011547,False,9923.494646548654,99.2975326976693,12,28,0.2673210161662818,True,0.9389260969976905,0.9328521939953811,0.9267782909930715,5.0,4.0,4.0,4.333333333333333,False,direct_size_estimation_deferred,매장 면적·좌석·점포별 매출이 없어 규모별 적합도와 argmax 규모는 산출하지 않음,0.7451203222461726,0.7990762124711317,usable_area_profile,True,opportunity,True,0.7043418013856814,4.0
3120038,약수역,11140,1550178516.0,134777.0,11501.803096967584,0.9235565819861433,0.873015873015873,0.5793650793650794,0.6428571428571429,0.34523809523809523,0.8571428571428571,0.8214285714285714,0.0873015873015873,0.023809523809523808,0.8293650793650794,BRD_20250749,디에그,0.17782909930715934,False,5240.343500194145,62.64183906448842,18,44,0.5502309468822171,True,0.4015473441108545,0.5506928406466514,0.699838337182448,268.0,173.0,88.0,176.33333333333334,False,direct_size_estimation_deferred,매장 면적·좌석·점포별 매출이 없어 규모별 적합도와 argmax 규모는 산출하지 않음,0.5589950640048428,0.9145496535796767,usable_area_profile,True,opportunity,True,0.6997863741339494,5.0
3110892,관악구 중앙길,11620,913081619.0,87290.0,10460.323278726086,0.8403002309468822,0.6944444444444444,0.5833333333333334,0.49603174603174605,0.8611111111111112,0.9801587301587301,0.8690476190476191,0.027777777777777776,0.051587301587301584,0.3412698412698413,BRD_20250749,디에그,0.27829099307159355,False,6346.990625444161,165.92166821826325,24,76,0.3978060046189376,True,0.4468937644341801,0.5592956120092378,0.6716974595842955,237.0,167.0,103.0,169.0,False,direct_size_estimation_deferred,매장 면적·좌석·점포별 매출이 없어 규모별 적합도와 argmax 규모는 산출하지 않음,0.35117186539846795,0.9884526558891455,usable_area_profile,True,opportunity,True,0.6990300230946882,6.0
3120009,종로3가역,11110,773341001.0,64864.0,11922.499398741984,0.8273672055427251,0.876984126984127,0.42857142857142855,0.503968253968254,0.75,0.9444444444444444,0.8531746031746031,0.2619047619047619,0.05952380952380952,0.3611111111111111,BRD_20250749,디에그,0.7136258660508084,False,4695.833046416819,125.80143085865113,24,103,0.4532332563510392,True,0.7477482678983833,0.7704965357967668,0.79324480369515,71.0,49.0,40.0,53.333333333333336,False,direct_size_estimation_deferred,매장 면적·좌석·점포별 매출이 없어 규모별 적합도와 argmax 규모는 산출하지 않음,0.381494040254428,0.9815242494226328,usable_area_profile,True,opportunity,True,0.6815242494226329,7.0
3110640,방화역 1번,11500,671414576.0,62982.0,10660.420056524086,0.7871824480369516,0.8373015873015873,0.23809523809523808,0.623015873015873,0.32142857142857145,0.8333333333333334,0.9246031746031746,0.46825396825396826,0.05555555555555555,0.42063492063492064,BRD_20250749,디에그,0.5023094688221709,False,10734.106064338494,241.56986569432095,5,25,0.02482678983833718,True,0.587771362586605,0.6447459584295612,0.7017205542725173,169.0,108.0,87.0,121.33333333333333,False,direct_size_estimation_deferred,매장 면적·좌석·점포별 매출이 없어 규모별 적합도와 argmax 규모는 산출하지 않음,0.7162529316332193,0.8175519630484989,usable_area_profile,True,opportunity,True,0.6744919168591226,8.0
3120175,남부터미널역,11650,960650667.0,103198.0,9308.810897498013,0.8390300230946882,0.7619047619047619,0.2857142857142857,0.7023809523809523,0.6785714285714286,0.8293650793650794,0.7777777777777778,0.42857142857142855,0.08333333333333333,0.5198412698412699,BRD_20250749,디에그,0.9480369515011547,False,8642.784852141425,49.929950906089985,13,46,0.4815242494226327,True,0.9153348729792148,0.8935334872979215,0.8717321016166282,9.0,10.0,15.0,11.333333333333334,False,direct_size_estimation_deferred,매장 면적·좌석·점포별 매출이 없어 규모별 적합도와 argmax 규모는 산출하지 않음,0.5459521984547095,0.9214780600461894,usable_area_profile,True,opportunity,True,0.6656812933025404,9.0
3001496,강남 마이스 관광특구,11680,1293218183.0,103941.0,12441.848577558423,0.9066974595842956,0.7817460317460317,0.18253968253968253,0.75,0.6468253968253969,0.8531746031746031,0.9206349206349206,0.4365079365079365,0.027777777777777776,0.4880952380952381,BRD_20250749,디에그,0.76905311778291,False,4497.803241600017,97.94386148455335,20,41,0.45669745958429564,True,0.8103464203233257,0.8378752886836027,0.8654041570438799,35.0,20.0,17.0,24.0,False,direct_size_estimation_deferred,매장 면적·좌석·점포별 매출이 없어 규모별 적합도와 argmax 규모는 산출하지 않음,0.7963433095996942,0.7782909930715936,usable_area_profile,True,opportunity,True,0.6636662817551964,10.0
3120107,공덕역(공덕오거리),11440,1051109080.0,111230.0,9449.870358716174,0.8578521939953809,0.9404761904761905,0.4246031746031746,0.5833333333333334,0.9642857142857143,0.9880952380952381,0.9841269841269841,0.1111111111111111,0.011904761904761904,0.051587301587301584,BRD_20250749,디에그,0.03348729792147806,False,2129.603953785139,80.05623025110103,24,77,0.575635103926097,True,0.2807967667436489,0.4456697459584295,0.6105427251732101,341.0,256.0,138.0,245.0,False,direct_size_estimation_deferred,매장 면적·좌석·점포별 매출이 없어 규모별 적합도와 argmax 규모는 산출하지 않음,0.5398289352282276,0.9260969976905312,usable_area_profile,True,opportunity,True,0.6633025404157045,11.0
3120246,길동역,11740,916043297.0,88020.0,10407.217643717337,0.8409930715935335,0.8452380952380952,0.06746031746031746,0.7063492063492064,0.38492063492063494,0.6626984126984127,0.7182539682539683,0.5833333333333334,0.06746031746031746,0.6507936507936508,BRD_20250749,디에그,0.45958429561200925,False,3800.162628070383,87.92041856413586,26,72,0.575635103926097,True,0.5740069284064666,0.6502886836027714,0.7265704387990762,175.0,103.0,69.0,115.66666666666667,False,direct_size_estimation_deferred,매장 면적·좌석·점포별 매출이 없어 규모별 적합도와 argmax 규모는 산출하지 않음,0.4994208988420842,0.9445727482678984,usable_area_profile,True,opportunity,True,0.6595727482678985,12.0
3120165,서래마을카페거리(서래마을),11650,2971488955.0,159582.0,18620.45189933702,0.9718244803695151,0.7619047619047619,0.2857142857142857,0.7023809523809523,0.6785714285714286,0.8293650793650794,0.7777777777777778,0.42857142857142855,0.08333333333333333,0.5198412698412699,BRD_20250749,디에그,0.9480369515011547,False,8530.358609108265,18.110770263065373,12,56,0.5814087759815242,True,0.9551732101616628,0.959930715935335,0.9646882217090069,2.0,1.0,1.0,1.3333333333333333,True,direct_size_estimation_deferred,매장 면적·좌석·점포별 매출이 없어 규모별 적합도와 argmax 규모는 산출하지 않음,0.879891902679717,0.6997690531177829,usable_area_profile,True,opportunity,True,0.6572228637413395,13.0
3120158,녹두거리(대학동),11620,695809095.0,79236.0,8781.476790852643,0.7778290993071594,0.6944444444444444,0.5833333333333334,0.49603174603174605,0.8611111111111112,0.9801587301587301,0.8690476190476191,0.027777777777777776,0.051587301587301584,0.3412698412698413,BRD_20250749,디에그,0.27829099307159355,False,5075.9193255657065,107.28000742995447,15,20,0.3140877598152425,True,0.42815242494226324,0.5280600461893765,0.6279676674364896,252.0,196.0,127.0,191.66666666666666,False,direct_size_estimation_deferred,매장 면적·좌석·점포별 매출이 없어 규모별 적합도와 argmax 규모는 산출하지 않음,0.5717581046775098,0.9122401847575058,usable_area_profile,True,opportunity,True,0.654364896073903,14.0
3120153,노량진역(노량진),11590,595426544.0,103117.0,5774.2810981700395,0.7636258660508083,0.8611111111111112,0.5158730158730159,0.42857142857142855,0.753968253968254,0.9563492063492064,0.6626984126984127,0.11507936507936507,0.09523809523809523,0.5674603174603174,BRD_20250749,디에그,0.6755196304849884,False,4632.705473067621,132.0075755359234,5,24,0.09526558891454966,True,0.7019515011547344,0.7195727482678984,0.7371939953810622,94.0,74.0,62.0,76.66666666666667,False,direct_size_estimation_deferred,매장 면적·좌석·점포별 매출이 없어 규모별 적합도와 argmax 규모는 산출하지 않음,0.7133671236253444,0.8221709006928406,usable_area_profile,True,opportunity,True,0.6523556581986143,15.0
3130002,세종마을음식문화거리(금천교시장),11110,1427114674.0,119648.0,11927.609939154854,0.9169745958429562,0.876984126984127,0.42857142857142855,0.503968253968254,0.75,0.9444444444444444,0.8531746031746031,0.2619047619047619,0.05952380952380952,0.3611111111111111,BRD_20250749,디에그,0.7136258660508084,False,4039.7133561306437,20.248456733787368,42,68,0.9359122401847575,True,0.7746304849884527,0.8153002309468822,0.8559699769053118,55.0,26.0,21.0,34.0,False,direct_size_estimation_deferred,매장 면적·좌석·점포별 매출이 없어 규모별 적합도와 argmax 규모는 산출하지 않음,0.46267126560564786,0.9584295612009238,usable_area_profile,True,opportunity,True,0.6514780600461895,16.0
3120120,화곡역,11500,2140760825.0,296121.0,7229.34484551923,0.8866050808314089,0.8373015873015873,0.23809523809523808,0.623015873015873,0.32142857142857145,0.8333333333333334,0.9246031746031746,0.46825396825396826,0.05555555555555555,0.42063492063492064,BRD_20250749,디에그,0.5023094688221709,False,8082.9876283402655,26.400757567542716,25,54,0.8181293302540416,True,0.6175981524249423,0.6944572748267899,0.7713163972286374,153.0,82.0,46.0,93.66666666666667,False,direct_size_estimation_deferred,매장 면적·좌석·점포별 매출이 없어 규모별 적합도와 argmax 규모는 산출하지 않음,0.5077440139444059,0.9399538106235565,usable_area_profile,True,opportunity,True,0.6468995381062357,17.0
3120149,여의도역(여의도),11560,3585532298.0,257766.0,13910.02807973123,0.9752886836027713,0.8571428571428571,0.7698412698412699,0.5277777777777778,0.23809523809523808,0.9007936507936508,0.9761904761904762,0.3373015873015873,0.047619047619047616,0.25,BRD_20250749,디에그,0.13394919168591224,False,3695.610910284519,175.93180492668327,36,58,0.4792147806004619,True,0.38635103926097,0.5546189376443418,0.7228868360277135,276.0,171.0,74.0,173.66666666666666,False,direct_size_estimation_deferred,매장 면적·좌석·점포별 매출이 없어 규모별 적합도와 argmax 규모는 산출하지 않음,0.9887341276797619,0.6004618937644342,usable_area_profile,True,opportunity,True,0.6446651270207853,18.0
3120080,마들역,11350,1045100686.0,106340.0,9827.916926838443,0.858891454965358,0.8928571428571429,0.08333333333333333,0.7222222222222222,0.9444444444444444,0.7777777777777778,0.30158730158730157,0.38095238095238093,0.4444444444444444,0.6071428571428571,BRD_20250749,디에그,0.3510392609699769,False,7854.44237358031,45.607017023633105,8,32,0.4087759815242494,True,0.5033949191685911,0.6049653579676675,0.7065357967667436,212.0,136.0,84.0,144.0,False,direct_size_estimation_deferred,매장 면적·좌석·점포별 매출이 없어 규모별 적합도와 argmax 규모는 산출하지 않음,0.7978869484007404,0.7736720554272517,usable_area_profile,True,opportunity,True,0.6431755196304851,19.0
3130072,성동용답상가시장,11200,441220675.0,42751.0,10320.710041870365,0.6748267898383372,0.9206349206349206,0.38492063492063494,0.5555555555555556,0.9920634920634921,0.9841269841269841,0.9563492063492064,0.10317460317460317,0.015873015873015872,0.07936507936507936,BRD_20250749,디에그,0.08083140877598152,False,4208.932643828704,135.0925608781212,10,28,0.1489607390300231,True,0.2590300230946882,0.37782909930715936,0.49662817551963045,357.0,293.0,222.0,290.6666666666667,False,direct_size_estimation_deferred,매장 면적·좌석·점포별 매출이 없어 규모별 적합도와 argmax 규모는 산출하지 않음,0.40264932105384105,0.976905311778291,usable_area_profile,True,opportunity,True,0.6418822170900693,20.0
3120166,방배역,11650,1455145059.0,122673.0,11861.983150326478,0.9176674364896074,0.7619047619047619,0.2857142857142857,0.7023809523809523,0.6785714285714286,0.8293650793650794,0.7777777777777778,0.42857142857142855,0.08333333333333333,0.5198412698412699,BRD_20080100039,뚜레쥬르,0.9364896073903002,False,1324.494243056971,99.2975326976693,12,28,0.28290993071593534,True,0.9308429561200924,0.9270785219399538,0.9233140877598152,4.0,3.0,2.0,3.0,False,direct_size_estimation_deferred,매장 면적·좌석·점포별 매출이 없어 규모별 적합도와 argmax 규모는 산출하지 않음,0.5380314320648767,0.9076212471131639,usable_area_profile,True,opportunity,True,0.734566974595843,1.0
3120188,압구정역,11680,1784647410.0,134975.0,13222.058973884052,0.9404157043879908,0.7817460317460317,0.18253968253968253,0.75,0.6468253968253969,0.8531746031746031,0.9206349206349206,0.4365079365079365,0.027777777777777776,0.4880952380952381,BRD_20080100039,뚜레쥬르,0.6466512702078522,False,1884.2998699554646,98.31073190628577,25,98,0.5473441108545034,True,0.7347806004618938,0.7935334872979215,0.8522863741339493,45.0,20.0,14.0,26.333333333333332,False,direct_size_estimation_deferred,매장 면적·좌석·점포별 매출이 없어 규모별 적합도와 argmax 규모는 산출하지 않음,0.42618377080814673,0.9630484988452656,usable_area_profile,True,opportunity,True,0.7240415704387991,2.0
3120009,종로3가역,11110,773341001.0,64864.0,11922.499398741984,0.8273672055427251,0.876984126984127,0.42857142857142855,0.503968253968254,0.75,0.9444444444444444,0.8531746031746031,0.2619047619047619,0.05952380952380952,0.3611111111111111,BRD_20080100039,뚜레쥬르,0.7759815242494227,False,650.2983930178112,125.80143085865113,24,102,0.46824480369515015,True,0.7913972286374134,0.8016743648960739,0.8119515011547342,31.0,19.0,20.0,23.333333333333332,False,direct_size_estimation_deferred,매장 면적·좌석·점포별 매출이 없어 규모별 적합도와 argmax 규모는 산출하지 않음,0.40505687400031415,0.9815242494226328,usable_area_profile,True,opportunity,True,0.6792725173210162,3.0
3120165,서래마을카페거리(서래마을),11650,2971488955.0,159582.0,18620.45189933702,0.9718244803695151,0.7619047619047619,0.2857142857142857,0.7023809523809523,0.6785714285714286,0.8293650793650794,0.7777777777777778,0.42857142857142855,0.08333333333333333,0.5198412698412699,BRD_20080100039,뚜레쥬르,0.9364896073903002,False,1207.6444013237394,18.110770263065373,12,56,0.5923787528868361,True,0.9470900692840647,0.9541570438799076,0.9612240184757506,2.0,1.0,1.0,1.3333333333333333,True,direct_size_estimation_deferred,매장 면적·좌석·점포별 매출이 없어 규모별 적합도와 argmax 규모는 산출하지 않음,0.7539320651870723,0.7367205542725173,usable_area_profile,True,opportunity,True,0.6666628175519631,4.0
3120080,마들역,11350,1045100686.0,106340.0,9827.916926838443,0.858891454965358,0.8928571428571429,0.08333333333333333,0.7222222222222222,0.9444444444444444,0.7777777777777778,0.30158730158730157,0.38095238095238093,0.4444444444444444,0.6071428571428571,BRD_20080100039,뚜레쥬르,0.3510392609699769,False,1038.783904426268,45.607017023633105,8,32,0.418013856812933,True,0.5033949191685911,0.6049653579676675,0.7065357967667436,118.0,79.0,42.0,79.66666666666667,False,direct_size_estimation_deferred,매장 면적·좌석·점포별 매출이 없어 규모별 적합도와 argmax 규모는 산출하지 않음,0.6530873746737795,0.8314087759815243,usable_area_profile,True,opportunity,True,0.6591108545034643,5.0
3120037,동대문역사문화공원역,11140,991150857.0,75063.0,13204.253187322649,0.8695150115473441,0.873015873015873,0.5793650793650794,0.6428571428571429,0.34523809523809523,0.8571428571428571,0.8214285714285714,0.0873015873015873,0.023809523809523808,0.8293650793650794,BRD_20080100039,뚜레쥬르,0.16397228637413394,False,806.5215434623608,125.25573836405046,15,73,0.2967667436489607,True,0.375635103926097,0.516743648960739,0.6578521939953811,153.0,107.0,52.0,104.0,False,direct_size_estimation_deferred,매장 면적·좌석·점포별 매출이 없어 규모별 적합도와 argmax 규모는 산출하지 않음,0.7556007732024809,0.7321016166281755,usable_area_profile,True,opportunity,True,0.6533487297921479,6.0
3120175,남부터미널역,11650,960650667.0,103198.0,9308.810897498013,0.8390300230946882,0.7619047619047619,0.2857142857142857,0.7023809523809523,0.6785714285714286,0.8293650793650794,0.7777777777777778,0.42857142857142855,0.08333333333333333,0.5198412698412699,BRD_20080100039,뚜레쥬르,0.9364896073903002,False,1396.5059971083842,49.929950906089985,13,46,0.49653579676674364,True,0.9072517321016166,0.8877598152424941,0.8682678983833718,8.0,10.0,12.0,10.0,False,direct_size_estimation_deferred,매장 면적·좌석·점포별 매출이 없어 규모별 적합도와 argmax 규모는 산출하지 않음,0.6081918372149606,0.8729792147806005,usable_area_profile,True,opportunity,True,0.648879907621247,7.0
3120201,도곡1동,11680,649721874.0,58337.0,11137.38920410717,0.7846420323325634,0.7817460317460317,0.18253968253968253,0.75,0.6468253968253969,0.8531746031746031,0.9206349206349206,0.4365079365079365,0.027777777777777776,0.4880952380952381,BRD_20080100039,뚜레쥬르,0.6466512702078522,False,705.307025355932,87.09190547353441,10,62,0.2840646651270208,True,0.6880484988452655,0.7156466512702078,0.74324480369515,61.0,40.0,31.0,44.0,False,direct_size_estimation_deferred,매장 면적·좌석·점포별 매출이 없어 규모별 적합도와 argmax 규모는 산출하지 않음,0.6290580167950897,0.8568129330254042,usable_area_profile,True,opportunity,True,0.6459872979214779,8.0
3120152,신대방삼거리역,11590,953145793.0,102228.0,9323.72532965528,0.8353348729792147,0.8611111111111112,0.5158730158730159,0.42857142857142855,0.753968253968254,0.9563492063492064,0.6626984126984127,0.11507936507936507,0.09523809523809523,0.5674603174603174,BRD_20080100039,뚜레쥬르,0.5577367205542725,False,1175.3714306821973,79.30952023733208,18,47,0.49480369515011546,True,0.6410161662817551,0.6965357967667436,0.7520554272517319,80.0,45.0,29.0,51.333333333333336,False,direct_size_estimation_deferred,매장 면적·좌석·점포별 매출이 없어 규모별 적합도와 argmax 규모는 산출하지 않음,0.6180925782895919,0.8683602771362586,usable_area_profile,True,opportunity,True,0.6457217090069284,9.0
3130222,오류시장,11530,677800421.0,66656.0,10168.633296327413,0.7894919168591223,0.8412698412698413,0.8373015873015873,0.5753968253968254,0.5238095238095238,0.7579365079365079,0.7380952380952381,0.18253968253968253,0.12698412698412698,0.7658730158730159,BRD_20080100039,뚜레쥬르,0.5242494226327945,False,936.739024480396,48.414873764798386,14,32,0.5323325635103926,True,0.6038221709006928,0.6568706697459584,0.7099191685912238,90.0,63.0,39.0,64.0,False,direct_size_estimation_deferred,매장 면적·좌석·점포별 매출이 없어 규모별 적합도와 argmax 규모는 산출하지 않음,0.5058140777424818,0.9214780600461894,usable_area_profile,True,opportunity,True,0.6308140877598152,10.0
3120158,녹두거리(대학동),11620,695809095.0,79236.0,8781.476790852643,0.7778290993071594,0.6944444444444444,0.5833333333333334,0.49603174603174605,0.8611111111111112,0.9801587301587301,0.8690476190476191,0.027777777777777776,0.051587301587301584,0.3412698412698413,BRD_20080100039,뚜레쥬르,0.31755196304849886,False,1450.6412375205114,107.28000742995447,15,20,0.33371824480369516,True,0.45563510392609696,0.5476905311778291,0.6397459584295612,130.0,99.0,60.0,96.33333333333333,False,direct_size_estimation_deferred,매장 면적·좌석·점포별 매출이 없어 규모별 적합도와 argmax 규모는 산출하지 않음,0.6432014468353613,0.838337182448037,usable_area_profile,True,opportunity,True,0.6292494226327946,11.0
3001496,강남 마이스 관광특구,11680,1293218183.0,103941.0,12441.848577558423,0.9066974595842956,0.7817460317460317,0.18253968253968253,0.75,0.6468253968253969,0.8531746031746031,0.9206349206349206,0.4365079365079365,0.027777777777777776,0.4880952380952381,BRD_20080100039,뚜레쥬르,0.6466512702078522,False,518.376311171614,97.94386148455335,20,40,0.4711316397228637,True,0.7246651270207851,0.7766743648960739,0.8286836027713624,49.0,24.0,17.0,30.0,False,direct_size_estimation_deferred,매장 면적·좌석·점포별 매출이 없어 규모별 적합도와 argmax 규모는 산출하지 않음,0.8280180772409472,0.6697459584295612,usable_area_profile,True,opportunity,True,0.6289376443418014,12.0
3110883,은천초등학교(은천교앞),11620,384324031.0,36658.0,10484.042528233946,0.6409930715935335,0.6944444444444444,0.5833333333333334,0.49603174603174605,0.8611111111111112,0.9801587301587301,0.8690476190476191,0.027777777777777776,0.051587301587301584,0.3412698412698413,BRD_20080100039,뚜레쥬르,0.31755196304849886,False,629.2352501275277,165.06059494972328,13,67,0.19053117782909929,True,0.41458429561200927,0.47927251732101617,0.5439607390300231,146.0,121.0,96.0,121.0,False,direct_size_estimation_deferred,매장 면적·좌석·점포별 매출이 없어 규모별 적합도와 argmax 규모는 산출하지 않음,0.37691241002313874,0.9884526558891455,usable_area_profile,True,opportunity,True,0.6205023094688222,13.0
3110274,서일대학교,11260,492656087.0,41512.0,11867.79935922143,0.7133949191685912,0.8492063492063492,0.40476190476190477,0.5,0.39285714285714285,0.623015873015873,0.5714285714285714,0.16666666666666666,0.32936507936507936,0.8134920634920635,BRD_20080100039,뚜레쥬르,0.8983833718244804,False,1016.919367535483,101.51354588565466,6,29,0.17898383371824483,True,0.8428868360277135,0.8058891454965358,0.7688914549653578,16.0,16.0,25.0,19.0,False,direct_size_estimation_deferred,매장 면적·좌석·점포별 매출이 없어 규모별 적합도와 argmax 규모는 산출하지 않음,0.6391773295525175,0.8452655889145496,usable_area_profile,True,opportunity,True,0.6190993071593534,14.0
3120149,여의도역(여의도),11560,3585532298.0,257766.0,13910.02807973123,0.9752886836027713,0.8571428571428571,0.7698412698412699,0.5277777777777778,0.23809523809523808,0.9007936507936508,0.9761904761904762,0.3373015873015873,0.047619047619047616,0.25,BRD_20080100039,뚜레쥬르,0.24480369515011546,False,916.5549629005129,175.93180492668327,36,57,0.4878752886836028,True,0.4639491916859122,0.6100461893764434,0.7561431870669745,126.0,77.0,27.0,76.66666666666667,True,direct_size_estimation_deferred,매장 면적·좌석·점포별 매출이 없어 규모별 적합도와 argmax 규모는 산출하지 않음,1.0111801129772586,0.5080831408775981,usable_area_profile,True,opportunity,True,0.6156524249422632,15.0
3120101,합정역,11440,1552802578.0,170078.0,9129.943778736815,0.8870669745958429,0.9404761904761905,0.4246031746031746,0.5833333333333334,0.9642857142857143,0.9880952380952381,0.9841269841269841,0.1111111111111111,0.011904761904761904,0.051587301587301584,BRD_20080100039,뚜레쥬르,0.06351039260969978,False,1023.3513570835006,38.327535776922915,34,129,0.8493071593533488,True,0.31057736720554274,0.4752886836027714,0.64,174.0,124.0,59.0,119.0,False,direct_size_estimation_deferred,매장 면적·좌석·점포별 매출이 없어 규모별 적합도와 argmax 규모는 산출하지 않음,0.6467485124311081,0.8337182448036952,usable_area_profile,True,opportunity,True,0.6106062355658198,16.0
3110943,법제교육센터(버들어린이공원),11650,849985150.0,98576.0,8622.637863171563,0.812471131639723,0.7619047619047619,0.2857142857142857,0.7023809523809523,0.6785714285714286,0.8293650793650794,0.7777777777777778,0.42857142857142855,0.08333333333333333,0.5198412698412699,BRD_20080100039,뚜레쥬르,0.9364896073903002,False,2159.448309203446,67.35725648954265,25,54,0.663972286374134,True,0.899284064665127,0.8744803695150116,0.849676674364896,9.0,11.0,15.0,11.666666666666666,False,direct_size_estimation_deferred,매장 면적·좌석·점포별 매출이 없어 규모별 적합도와 argmax 규모는 산출하지 않음,0.6036375692484439,0.8752886836027713,usable_area_profile,True,opportunity,True,0.609849884526559,17.0
3120205,매봉역,11680,580733796.0,60594.0,9584.014852955737,0.7444572748267898,0.7817460317460317,0.18253968253968253,0.75,0.6468253968253969,0.8531746031746031,0.9206349206349206,0.4365079365079365,0.027777777777777776,0.4880952380952381,BRD_20080100039,뚜레쥬르,0.6466512702078522,False,1141.15204949491,70.4911341990284,16,64,0.48787528868360275,True,0.6759930715935334,0.6955542725173209,0.7151154734411085,67.0,46.0,37.0,50.0,False,direct_size_estimation_deferred,매장 면적·좌석·점포별 매출이 없어 규모별 적합도와 argmax 규모는 산출하지 않음,0.5756508458200909,0.8960739030023095,usable_area_profile,True,opportunity,True,0.6050923787528868,18.0
3120151,보라매공원,11590,648870341.0,67412.0,9625.442665994186,0.7726327944572748,0.8611111111111112,0.5158730158730159,0.42857142857142855,0.753968253968254,0.9563492063492064,0.6626984126984127,0.11507936507936507,0.09523809523809523,0.5674603174603174,BRD_20080100039,뚜레쥬르,0.5577367205542725,False,878.1713955459284,16.492422502230646,17,69,0.7240184757505774,True,0.6222055427251731,0.6651847575057737,0.7081639722863741,85.0,59.0,40.0,61.333333333333336,False,direct_size_estimation_deferred,매장 면적·좌석·점포별 매출이 없어 규모별 적합도와 argmax 규모는 산출하지 않음,0.4611891153043844,0.9422632794457275,usable_area_profile,True,opportunity,True,0.5990242494226328,19.0
3110517,서대문소방서,11410,546942398.0,45380.0,12052.498854120759,0.7445727482678984,0.9444444444444444,0.5357142857142857,0.5357142857142857,0.9047619047619048,0.9325396825396826,0.44047619047619047,0.12301587301587301,0.1111111111111111,0.6746031746031746,BRD_20080100039,뚜레쥬르,0.279445727482679,False,1308.5717405192631,103.00485425230637,3,36,0.1535796766743649,True,0.41898383371824477,0.5120092378752887,0.6050346420323326,144.0,110.0,72.0,108.66666666666667,False,direct_size_estimation_deferred,매장 면적·좌석·점포별 매출이 없어 규모별 적합도와 argmax 규모는 산출하지 않음,0.8245019744289621,0.674364896073903,usable_area_profile,True,opportunity,True,0.5887875288683604,20.0
3120188,압구정역,11680,1784647410.0,134975.0,13222.058973884052,0.9404157043879908,0.7817460317460317,0.18253968253968253,0.75,0.6468253968253969,0.8531746031746031,0.9206349206349206,0.4365079365079365,0.027777777777777776,0.4880952380952381,BRD_20140306,롤링핀,0.8498845265588915,False,6144.3834515708595,98.31073190628577,25,98,0.5323325635103926,True,0.8770438799076212,0.8951501154734411,0.9132563510392611,17.0,12.0,6.0,11.666666666666666,False,direct_size_estimation_deferred,매장 면적·좌석·점포별 매출이 없어 규모별 적합도와 argmax 규모는 산출하지 않음,0.5465549152824405,0.9745958429561201,usable_area_profile,True,opportunity,True,0.729757505773672,1.0
3120037,동대문역사문화공원역,11140,991150857.0,75063.0,13204.253187322649,0.8695150115473441,0.873015873015873,0.5793650793650794,0.6428571428571429,0.34523809523809523,0.8571428571428571,0.8214285714285714,0.0873015873015873,0.023809523809523808,0.8293650793650794,BRD_20140306,롤링핀,0.19399538106235567,False,2938.3890144040042,125.25573836405046,15,74,0.2806004618937644,True,0.3966512702078522,0.5317551963048499,0.6668591224018475,276.0,176.0,107.0,186.33333333333334,False,direct_size_estimation_deferred,매장 면적·좌석·점포별 매출이 없어 규모별 적합도와 argmax 규모는 산출하지 않음,0.5362404457610732,0.976905311778291,usable_area_profile,True,opportunity,True,0.7292147806004619,2.0
3120166,방배역,11650,1455145059.0,122673.0,11861.983150326478,0.9176674364896074,0.7619047619047619,0.2857142857142857,0.7023809523809523,0.6785714285714286,0.8293650793650794,0.7777777777777778,0.42857142857142855,0.08333333333333333,0.5198412698412699,BRD_20140306,롤링핀,0.9780600461893765,False,7395.062406808486,99.2975326976693,12,28,0.2673210161662818,True,0.9599422632794457,0.9478637413394919,0.935785219399538,3.0,3.0,3.0,3.0,False,direct_size_estimation_deferred,매장 면적·좌석·점포별 매출이 없어 규모별 적합도와 argmax 규모는 산출하지 않음,0.8252620722401356,0.7990762124711317,usable_area_profile,True,opportunity,True,0.7043418013856814,3.0
3120069,상봉역,11260,1511381851.0,142985.0,10570.212616708046,0.9086605080831409,0.8492063492063492,0.40476190476190477,0.5,0.39285714285714285,0.623015873015873,0.5714285714285714,0.16666666666666666,0.32936507936507936,0.8134920634920635,BRD_20140306,롤링핀,0.8983833718244804,False,5054.572286534185,89.18520055817115,16,56,0.39260969976905313,True,0.9014665127020784,0.9035219399538106,0.9055773672055427,11.0,10.0,8.0,9.666666666666666,False,direct_size_estimation_deferred,매장 면적·좌석·점포별 매출이 없어 규모별 적합도와 argmax 규모는 산출하지 않음,0.7409300113676901,0.8729792147806005,usable_area_profile,True,opportunity,True,0.7027655889145498,4.0
3110892,관악구 중앙길,11620,913081619.0,87290.0,10460.323278726086,0.8403002309468822,0.6944444444444444,0.5833333333333334,0.49603174603174605,0.8611111111111112,0.9801587301587301,0.8690476190476191,0.027777777777777776,0.051587301587301584,0.3412698412698413,BRD_20140306,롤링핀,0.31755196304849886,False,4391.455908953944,165.92166821826325,24,76,0.3978060046189376,True,0.4743764434180138,0.5789260969976906,0.6834757505773671,214.0,144.0,96.0,151.33333333333334,False,direct_size_estimation_deferred,매장 면적·좌석·점포별 매출이 없어 규모별 적합도와 argmax 규모는 산출하지 않음,0.4113163112835843,0.9976905311778291,usable_area_profile,True,opportunity,True,0.7018013856812934,5.0
3120006,종각역,11110,3016948830.0,169455.0,17803.834823404442,0.9732101616628176,0.876984126984127,0.42857142857142855,0.503968253968254,0.75,0.9444444444444444,0.8531746031746031,0.2619047619047619,0.05952380952380952,0.3611111111111111,BRD_20140306,롤링핀,0.6327944572748267,False,4218.601901077181,42.201895712860484,34,122,0.8273672055427252,True,0.734919168591224,0.8030023094688221,0.8710854503464203,77.0,36.0,17.0,43.333333333333336,True,direct_size_estimation_deferred,매장 면적·좌석·점포별 매출이 없어 규모별 적합도와 argmax 규모는 산출하지 않음,0.6642761582206756,0.9260969976905312,usable_area_profile,True,opportunity,True,0.6889896073903002,6.0
3120009,종로3가역,11110,773341001.0,64864.0,11922.499398741984,0.8273672055427251,0.876984126984127,0.42857142857142855,0.503968253968254,0.75,0.9444444444444444,0.8531746031746031,0.2619047619047619,0.05952380952380952,0.3611111111111111,BRD_20140306,롤링핀,0.6327944572748267,False,3588.9366112844705,125.80143085865113,24,103,0.4532332563510392,True,0.6911662817551962,0.7300808314087759,0.7689953810623555,106.0,71.0,50.0,75.66666666666667,False,direct_size_estimation_deferred,매장 면적·좌석·점포별 매출이 없어 규모별 적합도와 argmax 규모는 산출하지 않음,0.45316169037425785,0.9930715935334873,usable_area_profile,True,opportunity,True,0.6849884526558891,7.0
3120175,남부터미널역,11650,960650667.0,103198.0,9308.810897498013,0.8390300230946882,0.7619047619047619,0.2857142857142857,0.7023809523809523,0.6785714285714286,0.8293650793650794,0.7777777777777778,0.42857142857142855,0.08333333333333333,0.5198412698412699,BRD_20140306,롤링핀,0.9780600461893765,False,8130.616520258622,49.929950906089985,13,46,0.4815242494226327,True,0.93635103926097,0.9085450346420323,0.8807390300230946,7.0,8.0,15.0,10.0,False,direct_size_estimation_deferred,매장 면적·좌석·점포별 매출이 없어 규모별 적합도와 argmax 규모는 산출하지 않음,0.5521868767583026,0.9699769053117783,usable_area_profile,True,opportunity,True,0.6802309468822172,8.0
3120038,약수역,11140,1550178516.0,134777.0,11501.803096967584,0.9235565819861433,0.873015873015873,0.5793650793650794,0.6428571428571429,0.34523809523809523,0.8571428571428571,0.8214285714285714,0.0873015873015873,0.023809523809523808,0.8293650793650794,BRD_20140306,롤링핀,0.19399538106235567,False,3929.2006820783154,62.64183906448842,18,44,0.5502309468822171,True,0.412863741339492,0.5587759815242495,0.7046882217090069,266.0,157.0,82.0,168.33333333333334,False,direct_size_estimation_deferred,매장 면적·좌석·점포별 매출이 없어 규모별 적합도와 argmax 규모는 산출하지 않음,0.7860911481233621,0.8290993071593533,usable_area_profile,True,opportunity,True,0.6741512702078524,9.0
3120107,공덕역(공덕오거리),11440,1051109080.0,111230.0,9449.870358716174,0.8578521939953809,0.9404761904761905,0.4246031746031746,0.5833333333333334,0.9642857142857143,0.9880952380952381,0.9841269841269841,0.1111111111111111,0.011904761904761904,0.051587301587301584,BRD_20140306,롤링핀,0.08660508083140878,False,3324.803302461225,80.05623025110103,24,77,0.575635103926097,True,0.3179792147806004,0.4722286374133948,0.6264780600461893,320.0,230.0,130.0,226.66666666666666,False,direct_size_estimation_deferred,매장 면적·좌석·점포별 매출이 없어 규모별 적합도와 argmax 규모는 산출하지 않음,0.5671455272036565,0.9584295612009238,usable_area_profile,True,opportunity,True,0.6730023094688222,10.0
3120153,노량진역(노량진),11590,595426544.0,103117.0,5774.2810981700395,0.7636258660508083,0.8611111111111112,0.5158730158730159,0.42857142857142855,0.753968253968254,0.9563492063492064,0.6626984126984127,0.11507936507936507,0.09523809523809523,0.5674603174603174,BRD_20140306,롤링핀,0.5277136258660509,False,1211.9612205420656,132.0075755359234,5,24,0.09526558891454966,True,0.5984872979214781,0.6456697459584295,0.692852193995381,150.0,118.0,89.0,119.0,False,direct_size_estimation_deferred,매장 면적·좌석·점포별 매출이 없어 규모별 적합도와 argmax 규모는 산출하지 않음,0.7627550306920086,0.8475750577367206,usable_area_profile,True,opportunity,True,0.6599769053117783,11.0
3120120,화곡역,11500,2140760825.0,296121.0,7229.34484551923,0.8866050808314089,0.8373015873015873,0.23809523809523808,0.623015873015873,0.32142857142857145,0.8333333333333334,0.9246031746031746,0.46825396825396826,0.05555555555555555,0.42063492063492064,BRD_20140306,롤링핀,0.7193995381062356,False,8275.31268287431,26.400757567542716,25,54,0.8175519630484989,True,0.7695612009237875,0.8030023094688222,0.8364434180138569,65.0,35.0,30.0,43.333333333333336,False,direct_size_estimation_deferred,매장 면적·좌석·점포별 매출이 없어 규모별 적합도와 argmax 규모는 산출하지 않음,0.5282158290001084,0.9815242494226328,usable_area_profile,True,opportunity,True,0.65945727482679,12.0
3120165,서래마을카페거리(서래마을),11650,2971488955.0,159582.0,18620.45189933702,0.9718244803695151,0.7619047619047619,0.2857142857142857,0.7023809523809523,0.6785714285714286,0.8293650793650794,0.7777777777777778,0.42857142857142855,0.08333333333333333,0.5198412698412699,BRD_20140306,롤링핀,0.9780600461893765,False,6602.346249669988,18.110770263065373,12,56,0.5814087759815242,True,0.976189376443418,0.9749422632794458,0.9736951501154734,1.0,1.0,1.0,1.0,True,direct_size_estimation_deferred,매장 면적·좌석·점포별 매출이 없어 규모별 적합도와 argmax 규모는 산출하지 않음,0.9449723911787525,0.6882217090069285,usable_area_profile,True,opportunity,True,0.6537586605080832,13.0
3110640,방화역 1번,11500,671414576.0,62982.0,10660.420056524086,0.7871824480369516,0.8373015873015873,0.23809523809523808,0.623015873015873,0.32142857142857145,0.8333333333333334,0.9246031746031746,0.46825396825396826,0.05555555555555555,0.42063492063492064,BRD_20140306,롤링핀,0.7193995381062356,False,11887.771742384908,241.56986569432095,5,25,0.02482678983833718,True,0.7397344110854503,0.7532909930715936,0.7668475750577368,76.0,62.0,52.0,63.333333333333336,False,direct_size_estimation_deferred,매장 면적·좌석·점포별 매출이 없어 규모별 적합도와 argmax 규모는 산출하지 않음,0.9014967132032389,0.7367205542725173,usable_area_profile,True,opportunity,True,0.6502424942263281,14.0
3120148,국회의사당역(국회의사당),11560,658683908.0,52751.0,12486.662015885955,0.7863741339491918,0.8571428571428571,0.7698412698412699,0.5277777777777778,0.23809523809523808,0.9007936507936508,0.9761904761904762,0.3373015873015873,0.047619047619047616,0.25,BRD_20140306,롤링핀,0.15011547344110854,False,1214.5192464158806,117.8346298709127,7,35,0.13741339491916857,True,0.3409930715935335,0.46824480369515015,0.5954965357967668,306.0,234.0,149.0,229.66666666666666,False,direct_size_estimation_deferred,매장 면적·좌석·점포별 매출이 없어 규모별 적합도와 argmax 규모는 산출하지 않음,0.8333661059693377,0.7944572748267898,usable_area_profile,True,opportunity,True,0.6502309468822172,15.0
3120158,녹두거리(대학동),11620,695809095.0,79236.0,8781.476790852643,0.7778290993071594,0.6944444444444444,0.5833333333333334,0.49603174603174605,0.8611111111111112,0.9801587301587301,0.8690476190476191,0.027777777777777776,0.051587301587301584,0.3412698412698413,BRD_20140306,롤링핀,0.31755196304849886,False,5508.402672304588,107.28000742995447,15,20,0.3140877598152425,True,0.45563510392609696,0.5476905311778291,0.6397459584295612,233.0,167.0,120.0,173.33333333333334,False,direct_size_estimation_deferred,매장 면적·좌석·점포별 매출이 없어 규모별 적합도와 argmax 규모는 산출하지 않음,0.7165614327506296,0.8983833718244804,usable_area_profile,True,opportunity,True,0.6502078521939954,16.0
3001496,강남 마이스 관광특구,11680,1293218183.0,103941.0,12441.848577558423,0.9066974595842956,0.7817460317460317,0.18253968253968253,0.75,0.6468253968253969,0.8531746031746031,0.9206349206349206,0.4365079365079365,0.027777777777777776,0.4880952380952381,BRD_20140306,롤링핀,0.8498845265588915,False,3766.5534643357696,97.94386148455335,20,41,0.45727482678983833,True,0.8669284064665126,0.8782909930715935,0.8896535796766742,20.0,14.0,11.0,15.0,False,direct_size_estimation_deferred,매장 면적·좌석·점포별 매출이 없어 규모별 적합도와 argmax 규모는 산출하지 않음,0.9188724463712152,0.7297921478060045,usable_area_profile,True,opportunity,True,0.6490300230946883,17.0
3120062,신설동역,11230,583819931.0,56521.0,10329.256931052176,0.748498845265589,0.6904761904761905,0.5396825396825397,0.5714285714285714,0.9603174603174603,0.9126984126984127,0.4087301587301587,0.1865079365079365,0.09126984126984126,0.6825396825396826,BRD_20140306,롤링핀,0.4237875288683603,False,1372.2426899232062,109.76793705062819,8,37,0.16743648960739027,True,0.5212009237875289,0.5861431870669747,0.6510854503464203,198.0,140.0,116.0,151.33333333333334,False,direct_size_estimation_deferred,매장 면적·좌석·점포별 매출이 없어 규모별 적합도와 argmax 규모는 산출하지 않음,0.743177867678095,0.8683602771362586,usable_area_profile,True,opportunity,True,0.6470669745958431,18.0
3130072,성동용답상가시장,11200,441220675.0,42751.0,10320.710041870365,0.6748267898383372,0.9206349206349206,0.38492063492063494,0.5555555555555556,0.9920634920634921,0.9841269841269841,0.9563492063492064,0.10317460317460317,0.015873015873015872,0.07936507936507936,BRD_20140306,롤링핀,0.016166281755196306,False,3501.9743003497433,135.0925608781212,10,28,0.1489607390300231,True,0.21376443418013857,0.34549653579676676,0.4772286374133949,383.0,323.0,224.0,310.0,False,direct_size_estimation_deferred,매장 면적·좌석·점포별 매출이 없어 규모별 적합도와 argmax 규모는 산출하지 않음,0.5157050735721311,0.9884526558891455,usable_area_profile,True,opportunity,True,0.6453464203233257,19.0
3120081,노원역,11350,1459224642.0,143889.0,10141.32172716469,0.8973441108545035,0.8928571428571429,0.08333333333333333,0.7222222222222222,0.9444444444444444,0.7777777777777778,0.30158730158730157,0.38095238095238093,0.4444444444444444,0.6071428571428571,BRD_20140306,롤링핀,0.49653579676674364,False,8209.233886296752,36.878177844323965,34,60,0.8550808314087759,True,0.6167782909930716,0.6969399538106236,0.7771016166281755,139.0,84.0,45.0,89.33333333333333,False,direct_size_estimation_deferred,매장 면적·좌석·점포별 매출이 없어 규모별 적합도와 argmax 규모는 산출하지 않음,0.6556577142816454,0.930715935334873,usable_area_profile,True,opportunity,True,0.6444919168591224,20.0
3120166,방배역,11650,1455145059.0,122673.0,11861.983150326478,0.9176674364896074,0.7619047619047619,0.2857142857142857,0.7023809523809523,0.6785714285714286,0.8293650793650794,0.7777777777777778,0.42857142857142855,0.08333333333333333,0.5198412698412699,BRD_20161137,명랑시대쌀핫도그,0.9364896073903002,False,5150.519391275384,99.2975326976693,12,28,0.2684757505773672,True,0.9308429561200924,0.9270785219399538,0.9233140877598152,4.0,3.0,3.0,3.3333333333333335,False,direct_size_estimation_deferred,매장 면적·좌석·점포별 매출이 없어 규모별 적합도와 argmax 규모는 산출하지 않음,0.5543921685761353,0.8983833718244804,usable_area_profile,True,opportunity,True,0.7339607390300231,1.0
3120188,압구정역,11680,1784647410.0,134975.0,13222.058973884052,0.9404157043879908,0.7817460317460317,0.18253968253968253,0.75,0.6468253968253969,0.8531746031746031,0.9206349206349206,0.4365079365079365,0.027777777777777776,0.4880952380952381,BRD_20161137,명랑시대쌀핫도그,0.7251732101616628,False,3739.7713833584976,98.31073190628577,25,98,0.5352193995381063,True,0.7897459584295612,0.8327944572748268,0.8758429561200924,42.0,22.0,14.0,26.0,False,direct_size_estimation_deferred,매장 면적·좌석·점포별 매출이 없어 규모별 적합도와 argmax 규모는 산출하지 않음,0.4114472611382245,0.9722863741339491,usable_area_profile,True,opportunity,True,0.7286316397228637,2.0
3120069,상봉역,11260,1511381851.0,142985.0,10570.212616708046,0.9086605080831409,0.8492063492063492,0.40476190476190477,0.5,0.39285714285714285,0.623015873015873,0.5714285714285714,0.16666666666666666,0.32936507936507936,0.8134920634920635,BRD_20161137,명랑시대쌀핫도그,0.8983833718244804,False,885.5873756853189,89.18520055817115,16,55,0.3943418013856813,True,0.9014665127020784,0.9035219399538106,0.9055773672055427,9.0,7.0,8.0,8.0,False,direct_size_estimation_deferred,매장 면적·좌석·점포별 매출이 없어 규모별 적합도와 argmax 규모는 산출하지 않음,0.4777080548283285,0.9468822170900693,usable_area_profile,True,opportunity,True,0.7246766743648961,3.0
3120038,약수역,11140,1550178516.0,134777.0,11501.803096967584,0.9235565819861433,0.873015873015873,0.5793650793650794,0.6428571428571429,0.34523809523809523,0.8571428571428571,0.8214285714285714,0.0873015873015873,0.023809523809523808,0.8293650793650794,BRD_20161137,명랑시대쌀핫도그,0.14780600461893764,False,2489.767258188165,62.64183906448842,18,44,0.5531177829099307,True,0.38053117782909934,0.5356812933025404,0.6908314087759816,247.0,159.0,77.0,161.0,False,direct_size_estimation_deferred,매장 면적·좌석·점포별 매출이 없어 규모별 적합도와 argmax 규모는 산출하지 않음,0.48976990752684374,0.9422632794457275,usable_area_profile,True,opportunity,True,0.7076674364896075,4.0
3120080,마들역,11350,1045100686.0,106340.0,9827.916926838443,0.858891454965358,0.8928571428571429,0.08333333333333333,0.7222222222222222,0.9444444444444444,0.7777777777777778,0.30158730158730157,0.38095238095238093,0.4444444444444444,0.6071428571428571,BRD_20161137,명랑시대쌀핫도그,0.5173210161662818,False,860.5300692339306,45.607017023633105,8,31,0.41050808314087756,True,0.6197921478060047,0.6881062355658198,0.7564203233256351,124.0,78.0,53.0,85.0,False,direct_size_estimation_deferred,매장 면적·좌석·점포별 매출이 없어 규모별 적합도와 argmax 규모는 산출하지 않음,0.5473928132515861,0.9076212471131639,usable_area_profile,True,opportunity,True,0.6831004618937645,5.0
3120165,서래마을카페거리(서래마을),11650,2971488955.0,159582.0,18620.45189933702,0.9718244803695151,0.7619047619047619,0.2857142857142857,0.7023809523809523,0.6785714285714286,0.8293650793650794,0.7777777777777778,0.42857142857142855,0.08333333333333333,0.5198412698412699,BRD_20161137,명랑시대쌀핫도그,0.9364896073903002,False,4763.231886001956,18.110770263065373,12,56,0.5814087759815242,True,0.9470900692840647,0.9541570438799076,0.9612240184757506,1.0,1.0,1.0,1.0,True,direct_size_estimation_deferred,매장 면적·좌석·점포별 매출이 없어 규모별 적합도와 argmax 규모는 산출하지 않음,0.7426056996199273,0.7505773672055427,usable_area_profile,True,opportunity,True,0.6724653579676676,6.0
3110892,관악구 중앙길,11620,913081619.0,87290.0,10460.323278726086,0.8403002309468822,0.6944444444444444,0.5833333333333334,0.49603174603174605,0.8611111111111112,0.9801587301587301,0.8690476190476191,0.027777777777777776,0.051587301587301584,0.3412698412698413,BRD_20161137,명랑시대쌀핫도그,0.31755196304849886,False,1865.6433206837887,165.92166821826325,24,76,0.401270207852194,True,0.4743764434180138,0.5789260969976906,0.6834757505773671,198.0,128.0,79.0,135.0,False,direct_size_estimation_deferred,매장 면적·좌석·점포별 매출이 없어 규모별 적합도와 argmax 규모는 산출하지 않음,0.5933837272976011,0.8775981524249423,usable_area_profile,True,opportunity,True,0.6652540415704388,7.0
3120107,공덕역(공덕오거리),11440,1051109080.0,111230.0,9449.870358716174,0.8578521939953809,0.9404761904761905,0.4246031746031746,0.5833333333333334,0.9642857142857143,0.9880952380952381,0.9841269841269841,0.1111111111111111,0.011904761904761904,0.051587301587301584,BRD_20161137,명랑시대쌀핫도그,0.06351039260969978,False,3454.98089722017,80.05623025110103,24,77,0.5790993071593533,True,0.30181293302540413,0.4606812933025404,0.6195496535796766,290.0,212.0,114.0,205.33333333333334,False,direct_size_estimation_deferred,매장 면적·좌석·점포별 매출이 없어 규모별 적합도와 argmax 규모는 산출하지 않음,0.5245213678939099,0.9237875288683602,usable_area_profile,True,opportunity,True,0.6620900692840647,8.0
3120120,화곡역,11500,2140760825.0,296121.0,7229.34484551923,0.8866050808314089,0.8373015873015873,0.23809523809523808,0.623015873015873,0.32142857142857145,0.8333333333333334,0.9246031746031746,0.46825396825396826,0.05555555555555555,0.42063492063492064,BRD_20161137,명랑시대쌀핫도그,0.8187066974595842,False,834.197218890034,26.400757567542716,25,53,0.819284064665127,True,0.8390762124711316,0.8526558891454965,0.8662355658198615,27.0,17.0,18.0,20.666666666666668,False,direct_size_estimation_deferred,매장 면적·좌석·점포별 매출이 없어 규모별 적합도와 argmax 규모는 산출하지 않음,0.3322636183344443,0.9907621247113164,usable_area_profile,True,opportunity,True,0.6619688221709008,9.0
3120152,신대방삼거리역,11590,953145793.0,102228.0,9323.72532965528,0.8353348729792147,0.8611111111111112,0.5158730158730159,0.42857142857142855,0.753968253968254,0.9563492063492064,0.6626984126984127,0.11507936507936507,0.09523809523809523,0.5674603174603174,BRD_20161137,명랑시대쌀핫도그,0.48614318706697457,False,1644.7005806917914,79.30952023733208,18,47,0.48152424942263283,True,0.5909006928406466,0.6607390300230946,0.7305773672055426,139.0,92.0,60.0,97.0,False,direct_size_estimation_deferred,매장 면적·좌석·점포별 매출이 없어 규모별 적합도와 argmax 규모는 산출하지 않음,0.5395024460586008,0.9099307159353349,usable_area_profile,True,opportunity,True,0.6601847575057737,10.0
3120081,노원역,11350,1459224642.0,143889.0,10141.32172716469,0.8973441108545035,0.8928571428571429,0.08333333333333333,0.7222222222222222,0.9444444444444444,0.7777777777777778,0.30158730158730157,0.38095238095238093,0.4444444444444444,0.6071428571428571,BRD_20161137,명랑시대쌀핫도그,0.5173210161662818,False,1044.7057002098738,36.878177844323965,34,60,0.8556581986143187,True,0.6313279445727482,0.7073325635103926,0.783337182448037,119.0,66.0,38.0,74.33333333333333,False,direct_size_estimation_deferred,매장 면적·좌석·점포별 매출이 없어 규모별 적합도와 argmax 규모는 산출하지 않음,0.3917357105178235,0.9745958429561201,usable_area_profile,True,opportunity,True,0.6575692840646652,11.0
3110640,방화역 1번,11500,671414576.0,62982.0,10660.420056524086,0.7871824480369516,0.8373015873015873,0.23809523809523808,0.623015873015873,0.32142857142857145,0.8333333333333334,0.9246031746031746,0.46825396825396826,0.05555555555555555,0.42063492063492064,BRD_20161137,명랑시대쌀핫도그,0.8187066974595842,False,2959.594059983797,241.56986569432095,5,25,0.025404157043879903,True,0.8092494226327944,0.8029445727482679,0.7966397228637414,33.0,32.0,36.0,33.666666666666664,False,direct_size_estimation_deferred,매장 면적·좌석·점포별 매출이 없어 규모별 적합도와 argmax 규모는 산출하지 않음,0.7421884743175067,0.7528868360277137,usable_area_profile,True,opportunity,True,0.6550057736720555,12.0
3120079,창동역,11320,765698620.0,76216.0,10046.428833840664,0.8071593533487298,0.7182539682539683,0.11904761904761904,0.6071428571428571,0.25793650793650796,0.3611111111111111,0.24603174603174602,0.19047619047619047,0.4246031746031746,0.9126984126984127,BRD_20161137,명랑시대쌀핫도그,0.2806004618937644,False,2137.8973315270637,91.21403398036323,16,24,0.3862586605080831,True,0.438568129330254,0.543879907621247,0.6491916859122402,222.0,155.0,100.0,159.0,False,direct_size_estimation_deferred,매장 면적·좌석·점포별 매출이 없어 규모별 적합도와 argmax 규모는 산출하지 않음,0.5781045856068885,0.8822170900692841,usable_area_profile,True,opportunity,True,0.6506639722863742,13.0
3120201,도곡1동,11680,649721874.0,58337.0,11137.38920410717,0.7846420323325634,0.7817460317460317,0.18253968253968253,0.75,0.6468253968253969,0.8531746031746031,0.9206349206349206,0.4365079365079365,0.027777777777777776,0.4880952380952381,BRD_20161137,명랑시대쌀핫도그,0.7251732101616628,False,1202.4724529013388,87.09190547353441,10,65,0.2690531177829099,True,0.743013856812933,0.7549076212471131,0.7668013856812932,66.0,47.0,49.0,54.0,False,direct_size_estimation_deferred,매장 면적·좌석·점포별 매출이 없어 규모별 적합도와 argmax 규모는 산출하지 않음,0.6356377383481916,0.8406466512702079,usable_area_profile,True,opportunity,True,0.6433891454965358,14.0
3130072,성동용답상가시장,11200,441220675.0,42751.0,10320.710041870365,0.6748267898383372,0.9206349206349206,0.38492063492063494,0.5555555555555556,0.9920634920634921,0.9841269841269841,0.9563492063492064,0.10317460317460317,0.015873015873015872,0.07936507936507936,BRD_20161137,명랑시대쌀핫도그,0.016166281755196306,False,2080.1447064890235,135.0925608781212,10,28,0.1535796766743649,True,0.21376443418013857,0.34549653579676676,0.4772286374133949,335.0,288.0,202.0,275.0,False,direct_size_estimation_deferred,매장 면적·좌석·점포별 매출이 없어 규모별 적합도와 argmax 규모는 산출하지 않음,0.34744139814021774,0.9838337182448037,usable_area_profile,True,opportunity,True,0.6432678983833718,15.0
3120068,사가정역,11260,944293896.0,91431.0,10327.940151589723,0.8467667436489608,0.8492063492063492,0.40476190476190477,0.5,0.39285714285714285,0.623015873015873,0.5714285714285714,0.16666666666666666,0.32936507936507936,0.8134920634920635,BRD_20161137,명랑시대쌀핫도그,0.8983833718244804,False,810.2228088748763,42.201895677975386,26,49,0.7759815242494226,True,0.8828983833718245,0.8725750577367206,0.8622517321016165,16.0,16.0,19.0,17.0,False,direct_size_estimation_deferred,매장 면적·좌석·점포별 매출이 없어 규모별 적합도와 argmax 규모는 산출하지 않음,0.3916070738072952,0.976905311778291,usable_area_profile,True,opportunity,True,0.6423960739030022,16.0
3110274,서일대학교,11260,492656087.0,41512.0,11867.79935922143,0.7133949191685912,0.8492063492063492,0.40476190476190477,0.5,0.39285714285714285,0.623015873015873,0.5714285714285714,0.16666666666666666,0.32936507936507936,0.8134920634920635,BRD_20161137,명랑시대쌀핫도그,0.8983833718244804,False,928.0096982485973,101.51354588565466,6,28,0.1697459584295612,True,0.8428868360277135,0.8058891454965358,0.7688914549653578,25.0,31.0,45.0,33.666666666666664,False,direct_size_estimation_deferred,매장 면적·좌석·점포별 매출이 없어 규모별 적합도와 argmax 규모는 산출하지 않음,0.5605871973215263,0.8891454965357968,usable_area_profile,True,opportunity,True,0.6336489607390301,17.0
3120037,동대문역사문화공원역,11140,991150857.0,75063.0,13204.253187322649,0.8695150115473441,0.873015873015873,0.5793650793650794,0.6428571428571429,0.34523809523809523,0.8571428571428571,0.8214285714285714,0.0873015873015873,0.023809523809523808,0.8293650793650794,BRD_20161137,명랑시대쌀핫도그,0.14780600461893764,False,1619.4039026475843,125.25573836405046,15,74,0.28348729792147803,True,0.3643187066974596,0.5086605080831409,0.6530023094688222,256.0,177.0,98.0,177.0,False,direct_size_estimation_deferred,매장 면적·좌석·점포별 매출이 없어 규모별 적합도와 argmax 규모는 산출하지 않음,0.8559397086739615,0.6581986143187066,usable_area_profile,True,opportunity,True,0.6331697459584296,18.0
3110601,신월1동우편취급국,11470,441016625.0,40173.0,10977.93605157693,0.6785219399538106,0.8055555555555556,0.2222222222222222,0.5158730158730159,0.5873015873015873,0.5079365079365079,0.2896825396825397,0.4801587301587302,0.30952380952380953,0.7738095238095238,BRD_20161137,명랑시대쌀핫도그,0.9803695150115473,False,1051.7880014321033,258.54980178856624,8,40,0.05023094688221708,True,0.8898152424942263,0.829445727482679,0.7690762124711316,14.0,23.0,44.0,27.0,False,direct_size_estimation_deferred,매장 면적·좌석·점포별 매출이 없어 규모별 적합도와 argmax 규모는 산출하지 않음,0.6133800355260814,0.8683602771362586,usable_area_profile,True,opportunity,True,0.6261605080831409,19.0
3130222,오류시장,11530,677800421.0,66656.0,10168.633296327413,0.7894919168591223,0.8412698412698413,0.8373015873015873,0.5753968253968254,0.5238095238095238,0.7579365079365079,0.7380952380952381,0.18253968253968253,0.12698412698412698,0.7658730158730159,BRD_20161137,명랑시대쌀핫도그,0.3533487297921478,False,1121.738383040028,48.414873764798386,14,33,0.5184757505773672,True,0.48419168591224016,0.5714203233256351,0.6586489607390299,185.0,133.0,93.0,137.0,False,direct_size_estimation_deferred,매장 면적·좌석·점포별 매출이 없어 규모별 적합도와 argmax 규모는 산출하지 않음,0.555120024187931,0.8960739030023095,usable_area_profile,True,opportunity,True,0.625271362586605,20.0
3120166,방배역,11650,1455145059.0,122673.0,11861.983150326478,0.9176674364896074,0.7619047619047619,0.2857142857142857,0.7023809523809523,0.6785714285714286,0.8293650793650794,0.7777777777777778,0.42857142857142855,0.08333333333333333,0.5198412698412699,BRD_20150085,못난이꽈배기,0.9064665127020786,False,8603.508586644733,99.2975326976693,12,28,0.2673210161662818,True,0.9098267898383372,0.912066974595843,0.9143071593533487,6.0,6.0,6.0,6.0,False,direct_size_estimation_deferred,매장 면적·좌석·점포별 매출이 없어 규모별 적합도와 argmax 규모는 산출하지 않음,0.5337359330113832,0.9053117782909931,usable_area_profile,True,opportunity,True,0.7362124711316397,1.0
3120188,압구정역,11680,1784647410.0,134975.0,13222.058973884052,0.9404157043879908,0.7817460317460317,0.18253968253968253,0.75,0.6468253968253969,0.8531746031746031,0.9206349206349206,0.4365079365079365,0.027777777777777776,0.4880952380952381,BRD_20150085,못난이꽈배기,0.6143187066974596,False,4542.46551997573,98.31073190628577,25,98,0.5329099307159353,True,0.7121478060046189,0.7773672055427252,0.8425866050808314,94.0,46.0,23.0,54.333333333333336,False,direct_size_estimation_deferred,매장 면적·좌석·점포별 매출이 없어 규모별 적합도와 argmax 규모는 산출하지 않음,0.4393230018065868,0.9653579676674365,usable_area_profile,True,opportunity,True,0.7268995381062356,2.0
3120038,약수역,11140,1550178516.0,134777.0,11501.803096967584,0.9235565819861433,0.873015873015873,0.5793650793650794,0.6428571428571429,0.34523809523809523,0.8571428571428571,0.8214285714285714,0.0873015873015873,0.023809523809523808,0.8293650793650794,BRD_20150085,못난이꽈배기,0.14780600461893764,False,1503.820800506147,62.64183906448842,18,44,0.5519630484988453,True,0.38053117782909934,0.5356812933025404,0.6908314087759816,278.0,175.0,92.0,181.66666666666666,False,direct_size_estimation_deferred,매장 면적·좌석·점포별 매출이 없어 규모별 적합도와 argmax 규모는 산출하지 않음,0.3871620414948372,0.9815242494226328,usable_area_profile,True,opportunity,True,0.7196189376443419,3.0
3120069,상봉역,11260,1511381851.0,142985.0,10570.212616708046,0.9086605080831409,0.8492063492063492,0.40476190476190477,0.5,0.39285714285714285,0.623015873015873,0.5714285714285714,0.16666666666666666,0.32936507936507936,0.8134920634920635,BRD_20150085,못난이꽈배기,0.9445727482678984,False,2726.7689671002063,89.18520055817115,16,56,0.3920323325635104,True,0.933799076212471,0.9266166281755197,0.9194341801385681,1.0,2.0,4.0,2.3333333333333335,True,direct_size_estimation_deferred,매장 면적·좌석·점포별 매출이 없어 규모별 적합도와 argmax 규모는 산출하지 않음,0.5862091712384087,0.8660508083140878,usable_area_profile,True,opportunity,True,0.7007736720554274,4.0
3120165,서래마을카페거리(서래마을),11650,2971488955.0,159582.0,18620.45189933702,0.9718244803695151,0.7619047619047619,0.2857142857142857,0.7023809523809523,0.6785714285714286,0.8293650793650794,0.7777777777777778,0.42857142857142855,0.08333333333333333,0.5198412698412699,BRD_20150085,못난이꽈배기,0.9064665127020786,False,7102.502727931249,18.110770263065373,12,56,0.5814087759815242,True,0.9260739030023095,0.9391454965357968,0.9522170900692841,3.0,1.0,1.0,1.6666666666666667,True,direct_size_estimation_deferred,매장 면적·좌석·점포별 매출이 없어 규모별 적합도와 argmax 규모는 산출하지 않음,0.6106380953575945,0.8337182448036952,usable_area_profile,True,opportunity,True,0.6974076212471132,5.0
3110640,방화역 1번,11500,671414576.0,62982.0,10660.420056524086,0.7871824480369516,0.8373015873015873,0.23809523809523808,0.623015873015873,0.32142857142857145,0.8333333333333334,0.9246031746031746,0.46825396825396826,0.05555555555555555,0.42063492063492064,BRD_20150085,못난이꽈배기,0.6685912240184757,False,6159.169180995635,241.56986569432095,5,25,0.02482678983833718,True,0.7041685912240184,0.7278868360277136,0.7516050808314088,97.0,64.0,58.0,73.0,False,direct_size_estimation_deferred,매장 면적·좌석·점포별 매출이 없어 규모별 적합도와 argmax 규모는 산출하지 않음,0.5964101062762169,0.8545034642032332,usable_area_profile,True,opportunity,True,0.6855773672055429,6.0
3120080,마들역,11350,1045100686.0,106340.0,9827.916926838443,0.858891454965358,0.8928571428571429,0.08333333333333333,0.7222222222222222,0.9444444444444444,0.7777777777777778,0.30158730158730157,0.38095238095238093,0.4444444444444444,0.6071428571428571,BRD_20150085,못난이꽈배기,0.3810623556581986,False,4073.312288537361,45.607017023633105,8,32,0.4087759815242494,True,0.5244110854503464,0.6199769053117783,0.7155427251732102,193.0,134.0,75.0,134.0,False,direct_size_estimation_deferred,매장 면적·좌석·점포별 매출이 없어 규모별 적합도와 argmax 규모는 산출하지 않음,0.5662193349921989,0.8799076212471132,usable_area_profile,True,opportunity,True,0.6750461893764436,7.0
3120246,길동역,11740,916043297.0,88020.0,10407.217643717337,0.8409930715935335,0.8452380952380952,0.06746031746031746,0.7063492063492064,0.38492063492063494,0.6626984126984127,0.7182539682539683,0.5833333333333334,0.06746031746031746,0.6507936507936508,BRD_20150085,못난이꽈배기,0.7482678983833718,False,1892.7213212797053,87.92041856413586,26,72,0.5750577367205543,True,0.7760854503464203,0.7946304849884527,0.8131755196304851,52.0,36.0,34.0,40.666666666666664,False,direct_size_estimation_deferred,매장 면적·좌석·점포별 매출이 없어 규모별 적합도와 argmax 규모는 산출하지 않음,0.3730917297765073,0.9884526558891455,usable_area_profile,True,opportunity,True,0.6728233256351039,8.0
3120152,신대방삼거리역,11590,953145793.0,102228.0,9323.72532965528,0.8353348729792147,0.8611111111111112,0.5158730158730159,0.42857142857142855,0.753968253968254,0.9563492063492064,0.6626984126984127,0.11507936507936507,0.09523809523809523,0.5674603174603174,BRD_20150085,못난이꽈배기,0.7863741339491916,False,2314.6094703200083,79.30952023733208,18,47,0.47921478060046185,True,0.8010623556581985,0.8108545034642032,0.8206466512702077,43.0,32.0,31.0,35.333333333333336,False,direct_size_estimation_deferred,매장 면적·좌석·점포별 매출이 없어 규모별 적합도와 argmax 규모는 산출하지 않음,0.4756097975641424,0.9422632794457275,usable_area_profile,True,opportunity,True,0.6702309468822172,9.0
3120079,창동역,11320,765698620.0,76216.0,10046.428833840664,0.8071593533487298,0.7182539682539683,0.11904761904761904,0.6071428571428571,0.25793650793650796,0.3611111111111111,0.24603174603174602,0.19047619047619047,0.4246031746031746,0.9126984126984127,BRD_20150085,못난이꽈배기,0.1951501154734411,False,2357.8244209390855,91.21403398036323,16,24,0.38394919168591224,True,0.3787528868360277,0.5011547344110855,0.6235565819861432,279.0,201.0,129.0,203.0,False,direct_size_estimation_deferred,매장 면적·좌석·점포별 매출이 없어 규모별 적합도와 argmax 규모는 산출하지 않음,0.5362268884726961,0.9030023094688222,usable_area_profile,True,opportunity,True,0.6572459584295612,10.0
3120009,종로3가역,11110,773341001.0,64864.0,11922.499398741984,0.8273672055427251,0.876984126984127,0.42857142857142855,0.503968253968254,0.75,0.9444444444444444,0.8531746031746031,0.2619047619047619,0.05952380952380952,0.3611111111111111,BRD_20150085,못난이꽈배기,0.8614318706697459,False,1245.8703784878712,125.80143085865113,24,103,0.45381062355658197,True,0.8512124711316396,0.8443995381062355,0.8375866050808313,25.0,21.0,27.0,24.333333333333332,False,direct_size_estimation_deferred,매장 면적·좌석·점포별 매출이 없어 규모별 적합도와 argmax 규모는 산출하지 않음,0.5520235291686608,0.8960739030023095,usable_area_profile,True,opportunity,True,0.6558025404157044,11.0
3120081,노원역,11350,1459224642.0,143889.0,10141.32172716469,0.8973441108545035,0.8928571428571429,0.08333333333333333,0.7222222222222222,0.9444444444444444,0.7777777777777778,0.30158730158730157,0.38095238095238093,0.4444444444444444,0.6071428571428571,BRD_20150085,못난이꽈배기,0.3810623556581986,False,3528.877583593766,36.878177844323965,34,60,0.8550808314087759,True,0.5359468822170901,0.6392032332563511,0.742459584295612,186.0,119.0,62.0,122.33333333333333,False,direct_size_estimation_deferred,매장 면적·좌석·점포별 매출이 없어 규모별 적합도와 argmax 규모는 산출하지 않음,0.449068338159107,0.9607390300230947,usable_area_profile,True,opportunity,True,0.653498845265589,12.0
3130072,성동용답상가시장,11200,441220675.0,42751.0,10320.710041870365,0.6748267898383372,0.9206349206349206,0.38492063492063494,0.5555555555555556,0.9920634920634921,0.9841269841269841,0.9563492063492064,0.10317460317460317,0.015873015873015872,0.07936507936507936,BRD_20150085,못난이꽈배기,0.08083140877598152,False,2892.74195186878,135.0925608781212,10,28,0.14953810623556585,True,0.2590300230946882,0.37782909930715936,0.49662817551963045,351.0,295.0,210.0,285.3333333333333,False,direct_size_estimation_deferred,매장 면적·좌석·점포별 매출이 없어 규모별 적합도와 argmax 규모는 산출하지 않음,0.3306959500379603,0.9953810623556582,usable_area_profile,True,opportunity,True,0.647338337182448,13.0
3120068,사가정역,11260,944293896.0,91431.0,10327.940151589723,0.8467667436489608,0.8492063492063492,0.40476190476190477,0.5,0.39285714285714285,0.623015873015873,0.5714285714285714,0.16666666666666666,0.32936507936507936,0.8134920634920635,BRD_20150085,못난이꽈배기,0.9445727482678984,False,2825.635680691528,42.201895677975386,26,50,0.7713625866050808,True,0.9152309468822171,0.8956697459584295,0.876108545034642,4.0,10.0,13.0,9.0,False,direct_size_estimation_deferred,매장 면적·좌석·점포별 매출이 없어 규모별 적합도와 argmax 규모는 산출하지 않음,0.3603219087556254,0.9907621247113164,usable_area_profile,True,opportunity,True,0.6472459584295612,14.0
3120133,서울시흥동우체국(홈플러스시흥점),11545,637795918.0,60754.0,10498.00701188399,0.7765588914549653,0.753968253968254,0.7420634920634921,0.3531746031746032,0.24206349206349206,0.8690476190476191,0.873015873015873,0.04365079365079365,0.13095238095238096,0.6785714285714286,BRD_20150085,못난이꽈배기,0.10739030023094688,False,4784.076190883346,60.20797286767192,15,45,0.48325635103926096,True,0.30814087759815234,0.44197459584295606,0.5758083140877597,324.0,248.0,166.0,246.0,False,direct_size_estimation_deferred,매장 면적·좌석·점포별 매출이 없어 규모별 적합도와 argmax 규모는 산출하지 않음,0.4386109059252868,0.9676674364896074,usable_area_profile,True,opportunity,True,0.6449191685912241,15.0
3130222,오류시장,11530,677800421.0,66656.0,10168.633296327413,0.7894919168591223,0.8412698412698413,0.8373015873015873,0.5753968253968254,0.5238095238095238,0.7579365079365079,0.7380952380952381,0.18253968253968253,0.12698412698412698,0.7658730158730159,BRD_20150085,못난이꽈배기,0.48729792147806006,False,5119.321244071635,48.414873764798386,14,33,0.5173210161662818,True,0.5779561200923786,0.6383949191685911,0.6988337182448036,160.0,121.0,85.0,122.0,False,direct_size_estimation_deferred,매장 면적·좌석·점포별 매출이 없어 규모별 적합도와 argmax 규모는 산출하지 않음,0.4687418204172714,0.9445727482678984,usable_area_profile,True,opportunity,True,0.6399942263279446,16.0
3110892,관악구 중앙길,11620,913081619.0,87290.0,10460.323278726086,0.8403002309468822,0.6944444444444444,0.5833333333333334,0.49603174603174605,0.8611111111111112,0.9801587301587301,0.8690476190476191,0.027777777777777776,0.051587301587301584,0.3412698412698413,BRD_20150085,못난이꽈배기,0.523094688221709,False,4559.145204998433,165.92166821826325,24,76,0.39838337182448036,True,0.6182563510392609,0.6816974595842956,0.7451385681293302,143.0,92.0,61.0,98.66666666666667,False,direct_size_estimation_deferred,매장 면적·좌석·점포별 매출이 없어 규모별 적합도와 argmax 규모는 산출하지 않음,0.6836550386949385,0.7782909930715936,usable_area_profile,True,opportunity,True,0.6358949191685913,17.0
3110601,신월1동우편취급국,11470,441016625.0,40173.0,10977.93605157693,0.6785219399538106,0.8055555555555556,0.2222222222222222,0.5158730158730159,0.5873015873015873,0.5079365079365079,0.2896825396825397,0.4801587301587302,0.30952380952380953,0.7738095238095238,BRD_20150085,못난이꽈배기,0.9803695150115473,False,2903.0759548884653,258.54980178856624,8,40,0.048498845265588904,True,0.8898152424942263,0.829445727482679,0.7690762124711316,13.0,26.0,47.0,28.666666666666668,False,direct_size_estimation_deferred,매장 면적·좌석·점포별 매출이 없어 규모별 적합도와 argmax 규모는 산출하지 않음,0.5603366587453068,0.8914549653579676,usable_area_profile,True,opportunity,True,0.6333487297921478,18.0
3110517,서대문소방서,11410,546942398.0,45380.0,12052.498854120759,0.7445727482678984,0.9444444444444444,0.5357142857142857,0.5357142857142857,0.9047619047619048,0.9325396825396826,0.44047619047619047,0.12301587301587301,0.1111111111111111,0.6746031746031746,BRD_20150085,못난이꽈배기,0.279445727482679,False,4525.921895007682,103.00485425230637,3,36,0.14376443418013857,True,0.41898383371824477,0.5120092378752887,0.6050346420323326,250.0,192.0,148.0,196.66666666666666,False,direct_size_estimation_deferred,매장 면적·좌석·점포별 매출이 없어 규모별 적합도와 argmax 규모는 산출하지 않음,0.6409573840833298,0.8152424942263279,usable_area_profile,True,opportunity,True,0.6325230946882217,19.0
3110274,서일대학교,11260,492656087.0,41512.0,11867.79935922143,0.7133949191685912,0.8492063492063492,0.40476190476190477,0.5,0.39285714285714285,0.623015873015873,0.5714285714285714,0.16666666666666666,0.32936507936507936,0.8134920634920635,BRD_20150085,못난이꽈배기,0.9445727482678984,False,3597.0401721350363,101.51354588565466,6,29,0.16801385681293304,True,0.8752193995381061,0.8289838337182448,0.7827482678983833,22.0,27.0,41.0,30.0,False,direct_size_estimation_deferred,매장 면적·좌석·점포별 매출이 없어 규모별 적합도와 argmax 규모는 산출하지 않음,0.5681652896750061,0.8775981524249423,usable_area_profile,True,opportunity,True,0.6304445727482679,20.0
3120166,방배역,11650,1455145059.0,122673.0,11861.983150326478,0.9176674364896074,0.7619047619047619,0.2857142857142857,0.7023809523809523,0.6785714285714286,0.8293650793650794,0.7777777777777778,0.42857142857142855,0.08333333333333333,0.5198412698412699,BRD_20240814,보리원,0.9780600461893765,False,3921.2468680019656,99.2975326976693,12,28,0.2678983833718245,True,0.9599422632794457,0.9478637413394919,0.935785219399538,3.0,3.0,3.0,3.0,False,direct_size_estimation_deferred,매장 면적·좌석·점포별 매출이 없어 규모별 적합도와 argmax 규모는 산출하지 않음,0.44065613767788553,0.953810623556582,usable_area_profile,True,opportunity,True,0.7506755196304851,1.0
3120188,압구정역,11680,1784647410.0,134975.0,13222.058973884052,0.9404157043879908,0.7817460317460317,0.18253968253968253,0.75,0.6468253968253969,0.8531746031746031,0.9206349206349206,0.4365079365079365,0.027777777777777776,0.4880952380952381,BRD_20240814,보리원,0.8498845265588915,False,791.0935469567722,98.31073190628577,25,97,0.5323325635103926,True,0.8770438799076212,0.8951501154734411,0.9132563510392611,17.0,12.0,6.0,11.666666666666666,False,direct_size_estimation_deferred,매장 면적·좌석·점포별 매출이 없어 규모별 적합도와 argmax 규모는 산출하지 않음,0.35865459914549525,0.9792147806004619,usable_area_profile,True,opportunity,True,0.7311431870669747,2.0
3120038,약수역,11140,1550178516.0,134777.0,11501.803096967584,0.9235565819861433,0.873015873015873,0.5793650793650794,0.6428571428571429,0.34523809523809523,0.8571428571428571,0.8214285714285714,0.0873015873015873,0.023809523809523808,0.8293650793650794,BRD_20240814,보리원,0.23094688221709006,False,2948.25456839347,62.64183906448842,18,44,0.5502309468822171,True,0.43872979214780605,0.5772517321016167,0.7157736720554273,249.0,146.0,79.0,158.0,False,direct_size_estimation_deferred,매장 면적·좌석·점포별 매출이 없어 규모별 적합도와 argmax 규모는 산출하지 않음,0.3995158892122518,0.9722863741339491,usable_area_profile,True,opportunity,True,0.7171073903002312,3.0
3120165,서래마을카페거리(서래마을),11650,2971488955.0,159582.0,18620.45189933702,0.9718244803695151,0.7619047619047619,0.2857142857142857,0.7023809523809523,0.6785714285714286,0.8293650793650794,0.7777777777777778,0.42857142857142855,0.08333333333333333,0.5198412698412699,BRD_20240814,보리원,0.9780600461893765,False,4710.957970558344,18.110770263065373,12,56,0.581986143187067,True,0.976189376443418,0.9749422632794458,0.9736951501154734,1.0,1.0,1.0,1.0,True,direct_size_estimation_deferred,매장 면적·좌석·점포별 매출이 없어 규모별 적합도와 argmax 규모는 산출하지 않음,0.602014943181225,0.8314087759815243,usable_area_profile,True,opportunity,True,0.6966281755196306,4.0
3110640,방화역 1번,11500,671414576.0,62982.0,10660.420056524086,0.7871824480369516,0.8373015873015873,0.23809523809523808,0.623015873015873,0.32142857142857145,0.8333333333333334,0.9246031746031746,0.46825396825396826,0.05555555555555555,0.42063492063492064,BRD_20240814,보리원,0.7124711316397229,False,7534.033846487662,241.56986569432095,5,25,0.02482678983833718,True,0.7348845265588915,0.7498267898383373,0.764769053117783,75.0,61.0,51.0,62.333333333333336,False,direct_size_estimation_deferred,매장 면적·좌석·점포별 매출이 없어 규모별 적합도와 argmax 규모는 산출하지 않음,0.5774194410920032,0.8637413394919169,usable_area_profile,True,opportunity,True,0.688348729792148,5.0
3120069,상봉역,11260,1511381851.0,142985.0,10570.212616708046,0.9086605080831409,0.8492063492063492,0.40476190476190477,0.5,0.39285714285714285,0.623015873015873,0.5714285714285714,0.16666666666666666,0.32936507936507936,0.8134920634920635,BRD_20240814,보리원,0.8983833718244804,False,8773.177531505527,89.18520055817115,16,56,0.3920323325635104,True,0.9014665127020784,0.9035219399538106,0.9055773672055427,11.0,10.0,8.0,9.666666666666666,False,direct_size_estimation_deferred,매장 면적·좌석·점포별 매출이 없어 규모별 적합도와 argmax 규모는 산출하지 않음,0.6532511718091176,0.7759815242494226,usable_area_profile,True,opportunity,True,0.6737528868360279,6.0
3120152,신대방삼거리역,11590,953145793.0,102228.0,9323.72532965528,0.8353348729792147,0.8611111111111112,0.5158730158730159,0.42857142857142855,0.753968253968254,0.9563492063492064,0.6626984126984127,0.11507936507936507,0.09523809523809523,0.5674603174603174,BRD_20240814,보리원,0.48614318706697457,False,5869.291098577021,79.30952023733208,18,47,0.4774826789838337,True,0.5909006928406466,0.6607390300230946,0.7305773672055426,154.0,101.0,72.0,109.0,False,direct_size_estimation_deferred,매장 면적·좌석·점포별 매출이 없어 규모별 적합도와 argmax 규모는 산출하지 않음,0.48328195122572165,0.9330254041570438,usable_area_profile,True,opportunity,True,0.6677193995381062,7.0
3120080,마들역,11350,1045100686.0,106340.0,9827.916926838443,0.858891454965358,0.8928571428571429,0.08333333333333333,0.7222222222222222,0.9444444444444444,0.7777777777777778,0.30158730158730157,0.38095238095238093,0.4444444444444444,0.6071428571428571,BRD_20240814,보리원,0.3510392609699769,False,15013.918076213668,45.607017023633105,8,32,0.4087759815242494,True,0.5033949191685911,0.6049653579676675,0.7065357967667436,213.0,130.0,83.0,142.0,False,direct_size_estimation_deferred,매장 면적·좌석·점포별 매출이 없어 규모별 적합도와 argmax 규모는 산출하지 않음,0.5941021204758231,0.8406466512702079,usable_area_profile,True,opportunity,True,0.663267898383372,8.0
3120009,종로3가역,11110,773341001.0,64864.0,11922.499398741984,0.8273672055427251,0.876984126984127,0.42857142857142855,0.503968253968254,0.75,0.9444444444444444,0.8531746031746031,0.2619047619047619,0.05952380952380952,0.3611111111111111,BRD_20240814,보리원,0.5912240184757506,False,5515.241155210233,125.80143085865113,24,103,0.4532332563510392,True,0.662066974595843,0.7092956120092379,0.7565242494226327,117.0,80.0,56.0,84.33333333333333,False,direct_size_estimation_deferred,매장 면적·좌석·점포별 매출이 없어 규모별 적합도와 argmax 규모는 산출하지 않음,0.5079395509806619,0.9145496535796767,usable_area_profile,True,opportunity,True,0.661431870669746,9.0
3120246,길동역,11740,916043297.0,88020.0,10407.217643717337,0.8409930715935335,0.8452380952380952,0.06746031746031746,0.7063492063492064,0.38492063492063494,0.6626984126984127,0.7182539682539683,0.5833333333333334,0.06746031746031746,0.6507936507936508,BRD_20240814,보리원,0.7551963048498845,False,5347.599928910274,87.92041856413586,26,72,0.5750577367205543,True,0.7809353348729792,0.798094688221709,0.8152540415704388,57.0,37.0,35.0,43.0,False,direct_size_estimation_deferred,매장 면적·좌석·점포별 매출이 없어 규모별 적합도와 argmax 규모는 산출하지 않음,0.4592026892981232,0.9422632794457275,usable_area_profile,True,opportunity,True,0.6589665127020786,10.0
3120201,도곡1동,11680,649721874.0,58337.0,11137.38920410717,0.7846420323325634,0.7817460317460317,0.18253968253968253,0.75,0.6468253968253969,0.8531746031746031,0.9206349206349206,0.4365079365079365,0.027777777777777776,0.4880952380952381,BRD_20240814,보리원,0.8498845265588915,False,2402.284953935616,87.09190547353441,10,65,0.2644341801385681,True,0.830311778290993,0.8172632794457274,0.8042147806004618,35.0,30.0,38.0,34.333333333333336,False,direct_size_estimation_deferred,매장 면적·좌석·점포별 매출이 없어 규모별 적합도와 argmax 규모는 산출하지 않음,0.560976190678183,0.8752886836027713,usable_area_profile,True,opportunity,True,0.6544745958429561,11.0
3120133,서울시흥동우체국(홈플러스시흥점),11545,637795918.0,60754.0,10498.00701188399,0.7765588914549653,0.753968253968254,0.7420634920634921,0.3531746031746032,0.24206349206349206,0.8690476190476191,0.873015873015873,0.04365079365079365,0.13095238095238096,0.6785714285714286,BRD_20240814,보리원,0.10739030023094688,False,8542.295944309744,60.20797286767192,15,45,0.4821016166281755,True,0.30814087759815234,0.44197459584295606,0.5758083140877597,333.0,258.0,160.0,250.33333333333334,False,direct_size_estimation_deferred,매장 면적·좌석·점포별 매출이 없어 규모별 적합도와 argmax 규모는 산출하지 않음,0.32351075287717646,0.9907621247113164,usable_area_profile,True,opportunity,True,0.6520207852193995,12.0
3120079,창동역,11320,765698620.0,76216.0,10046.428833840664,0.8071593533487298,0.7182539682539683,0.11904761904761904,0.6071428571428571,0.25793650793650796,0.3611111111111111,0.24603174603174602,0.19047619047619047,0.4246031746031746,0.9126984126984127,BRD_20240814,보리원,0.1836027713625866,False,13402.245819241702,91.21403398036323,16,24,0.38394919168591224,True,0.37066974595842955,0.4953810623556582,0.6200923787528868,290.0,218.0,134.0,214.0,False,direct_size_estimation_deferred,매장 면적·좌석·점포별 매출이 없어 규모별 적합도와 argmax 규모는 산출하지 않음,0.5384447679160108,0.8799076212471132,usable_area_profile,True,opportunity,True,0.6503175519630485,13.0
3110274,서일대학교,11260,492656087.0,41512.0,11867.79935922143,0.7133949191685912,0.8492063492063492,0.40476190476190477,0.5,0.39285714285714285,0.623015873015873,0.5714285714285714,0.16666666666666666,0.32936507936507936,0.8134920634920635,BRD_20240814,보리원,0.8983833718244804,False,8822.190940988534,101.51354588565466,6,29,0.16801385681293304,True,0.8428868360277135,0.8058891454965358,0.7688914549653578,31.0,34.0,47.0,37.333333333333336,False,direct_size_estimation_deferred,매장 면적·좌석·점포별 매출이 없어 규모별 적합도와 argmax 규모는 산출하지 않음,0.4602210061268786,0.9399538106235565,usable_area_profile,True,opportunity,True,0.6491512702078521,14.0
3130072,성동용답상가시장,11200,441220675.0,42751.0,10320.710041870365,0.6748267898383372,0.9206349206349206,0.38492063492063494,0.5555555555555556,0.9920634920634921,0.9841269841269841,0.9563492063492064,0.10317460317460317,0.015873015873015872,0.07936507936507936,BRD_20240814,보리원,0.08083140877598152,False,4078.776899966216,135.0925608781212,10,28,0.1489607390300231,True,0.2590300230946882,0.37782909930715936,0.49662817551963045,360.0,304.0,218.0,294.0,False,direct_size_estimation_deferred,매장 면적·좌석·점포별 매출이 없어 규모별 적합도와 argmax 규모는 산출하지 않음,0.2991908625752601,0.9976905311778291,usable_area_profile,True,opportunity,True,0.6481177829099307,15.0
3130222,오류시장,11530,677800421.0,66656.0,10168.633296327413,0.7894919168591223,0.8412698412698413,0.8373015873015873,0.5753968253968254,0.5238095238095238,0.7579365079365079,0.7380952380952381,0.18253968253968253,0.12698412698412698,0.7658730158730159,BRD_20240814,보리원,0.45265588914549654,False,3920.7555394660344,48.414873764798386,14,33,0.5161662817551963,True,0.5537066974595842,0.6210739030023095,0.6884411085450345,181.0,125.0,93.0,133.0,False,direct_size_estimation_deferred,매장 면적·좌석·점포별 매출이 없어 규모별 적합도와 argmax 규모는 산출하지 않음,0.45893372208895794,0.9445727482678984,usable_area_profile,True,opportunity,True,0.6401674364896074,16.0
3110892,관악구 중앙길,11620,913081619.0,87290.0,10460.323278726086,0.8403002309468822,0.6944444444444444,0.5833333333333334,0.49603174603174605,0.8611111111111112,0.9801587301587301,0.8690476190476191,0.027777777777777776,0.051587301587301584,0.3412698412698413,BRD_20240814,보리원,0.27829099307159355,False,7956.429978303942,165.92166821826325,24,76,0.3978060046189376,True,0.4468937644341801,0.5592956120092378,0.6716974595842955,244.0,161.0,106.0,170.33333333333334,False,direct_size_estimation_deferred,매장 면적·좌석·점포별 매출이 없어 규모별 적합도와 argmax 규모는 산출하지 않음,0.641037004356992,0.792147806004619,usable_area_profile,True,opportunity,True,0.6401385681293303,17.0
3120120,화곡역,11500,2140760825.0,296121.0,7229.34484551923,0.8866050808314089,0.8373015873015873,0.23809523809523808,0.623015873015873,0.32142857142857145,0.8333333333333334,0.9246031746031746,0.46825396825396826,0.05555555555555555,0.42063492063492064,BRD_20240814,보리원,0.7124711316397229,False,3225.3317658924875,26.400757567542716,25,54,0.8175519630484989,True,0.7647113163972287,0.7995381062355659,0.8343648960739031,66.0,36.0,31.0,44.333333333333336,False,direct_size_estimation_deferred,매장 면적·좌석·점포별 매출이 없어 규모별 적합도와 argmax 규모는 산출하지 않음,0.5185971618428439,0.9053117782909931,usable_area_profile,True,opportunity,True,0.636593533487298,18.0
3120068,사가정역,11260,944293896.0,91431.0,10327.940151589723,0.8467667436489608,0.8492063492063492,0.40476190476190477,0.5,0.39285714285714285,0.623015873015873,0.5714285714285714,0.16666666666666666,0.32936507936507936,0.8134920634920635,BRD_20240814,보리원,0.8983833718244804,False,7495.121880221303,42.201895677975386,26,50,0.7713625866050808,True,0.8828983833718245,0.8725750577367206,0.8622517321016165,14.0,17.0,18.0,16.333333333333332,False,direct_size_estimation_deferred,매장 면적·좌석·점포별 매출이 없어 규모별 적합도와 argmax 규모는 산출하지 않음,0.4448483294067998,0.9491916859122402,usable_area_profile,True,opportunity,True,0.6347748267898384,19.0
3120107,공덕역(공덕오거리),11440,1051109080.0,111230.0,9449.870358716174,0.8578521939953809,0.9404761904761905,0.4246031746031746,0.5833333333333334,0.9642857142857143,0.9880952380952381,0.9841269841269841,0.1111111111111111,0.011904761904761904,0.051587301587301584,BRD_20240814,보리원,0.03348729792147806,False,6918.567481822015,80.05623025110103,24,77,0.575635103926097,True,0.2807967667436489,0.4456697459584295,0.6105427251732101,348.0,255.0,141.0,248.0,False,direct_size_estimation_deferred,매장 면적·좌석·점포별 매출이 없어 규모별 적합도와 argmax 규모는 산출하지 않음,0.6060229868510166,0.8267898383371824,usable_area_profile,True,opportunity,True,0.6335103926096998,20.0
3120188,압구정역,11680,1784647410.0,134975.0,13222.058973884052,0.9404157043879908,0.7817460317460317,0.18253968253968253,0.75,0.6468253968253969,0.8531746031746031,0.9206349206349206,0.4365079365079365,0.027777777777777776,0.4880952380952381,BRD_20212010,복호두,0.7621247113163973,False,1805.3523201613307,98.31073190628577,25,98,0.5346420323325635,True,0.8156120092378754,0.8512702078521941,0.8869284064665127,33.0,16.0,9.0,19.333333333333332,False,direct_size_estimation_deferred,매장 면적·좌석·점포별 매출이 없어 규모별 적합도와 argmax 규모는 산출하지 않음,0.4596032182021854,0.9815242494226328,usable_area_profile,True,opportunity,True,0.7314896073903003,1.0
3120166,방배역,11650,1455145059.0,122673.0,11861.983150326478,0.9176674364896074,0.7619047619047619,0.2857142857142857,0.7023809523809523,0.6785714285714286,0.8293650793650794,0.7777777777777778,0.42857142857142855,0.08333333333333333,0.5198412698412699,BRD_20212010,복호두,0.9780600461893765,False,1588.8955283185733,99.2975326976693,12,28,0.2684757505773672,True,0.9599422632794457,0.9478637413394919,0.935785219399538,2.0,2.0,3.0,2.3333333333333335,False,direct_size_estimation_deferred,매장 면적·좌석·점포별 매출이 없어 규모별 적합도와 argmax 규모는 산출하지 않음,0.745718310943781,0.8221709006928406,usable_area_profile,True,opportunity,True,0.7110969976905311,2.0
3120037,동대문역사문화공원역,11140,991150857.0,75063.0,13204.253187322649,0.8695150115473441,0.873015873015873,0.5793650793650794,0.6428571428571429,0.34523809523809523,0.8571428571428571,0.8214285714285714,0.0873015873015873,0.023809523809523808,0.8293650793650794,BRD_20212010,복호두,0.20092378752886836,False,1515.5969121096532,125.25573836405046,15,74,0.2823325635103926,True,0.40150115473441106,0.5352193995381063,0.6689376443418014,242.0,163.0,92.0,165.66666666666666,False,direct_size_estimation_deferred,매장 면적·좌석·점포별 매출이 없어 규모별 적합도와 argmax 규모는 산출하지 않음,0.6201938961004013,0.9122401847575058,usable_area_profile,True,opportunity,True,0.7095554272517322,3.0
3110892,관악구 중앙길,11620,913081619.0,87290.0,10460.323278726086,0.8403002309468822,0.6944444444444444,0.5833333333333334,0.49603174603174605,0.8611111111111112,0.9801587301587301,0.8690476190476191,0.027777777777777776,0.051587301587301584,0.3412698412698413,BRD_20212010,복호두,0.4214780600461894,False,517.8667782269916,165.92166821826325,24,75,0.3995381062355658,True,0.5471247113163972,0.6308891454965357,0.7146535796766743,164.0,109.0,67.0,113.33333333333333,False,direct_size_estimation_deferred,매장 면적·좌석·점포별 매출이 없어 규모별 적합도와 argmax 규모는 산출하지 않음,0.5083572815130591,0.9653579676674365,usable_area_profile,True,opportunity,True,0.6918418013856814,4.0
3120038,약수역,11140,1550178516.0,134777.0,11501.803096967584,0.9235565819861433,0.873015873015873,0.5793650793650794,0.6428571428571429,0.34523809523809523,0.8571428571428571,0.8214285714285714,0.0873015873015873,0.023809523809523808,0.8293650793650794,BRD_20212010,복호두,0.20092378752886836,False,2027.114698296138,62.64183906448842,18,44,0.5513856812933026,True,0.4177136258660509,0.5622401847575058,0.7067667436489607,234.0,144.0,72.0,150.0,False,direct_size_estimation_deferred,매장 면적·좌석·점포별 매출이 없어 규모별 적합도와 argmax 규모는 산출하지 않음,0.6721894618212707,0.8637413394919169,usable_area_profile,True,opportunity,True,0.6843706697459586,5.0
3120107,공덕역(공덕오거리),11440,1051109080.0,111230.0,9449.870358716174,0.8578521939953809,0.9404761904761905,0.4246031746031746,0.5833333333333334,0.9642857142857143,0.9880952380952381,0.9841269841269841,0.1111111111111111,0.011904761904761904,0.051587301587301584,BRD_20212010,복호두,0.11662817551963048,False,596.6875229200489,80.05623025110103,24,76,0.5773672055427252,True,0.3389953810623556,0.4872401847575057,0.6354849884526558,293.0,190.0,109.0,197.33333333333334,False,direct_size_estimation_deferred,매장 면적·좌석·점포별 매출이 없어 규모별 적합도와 argmax 규모는 산출하지 않음,0.4240967202122785,0.9907621247113164,usable_area_profile,True,opportunity,True,0.6824422632794457,6.0
3120009,종로3가역,11110,773341001.0,64864.0,11922.499398741984,0.8273672055427251,0.876984126984127,0.42857142857142855,0.503968253968254,0.75,0.9444444444444444,0.8531746031746031,0.2619047619047619,0.05952380952380952,0.3611111111111111,BRD_20212010,복호두,0.8914549653579676,False,883.4760890729258,125.80143085865113,24,101,0.4549653579676674,True,0.8722286374133948,0.8594110854503464,0.8465935334872978,14.0,14.0,21.0,16.333333333333332,False,direct_size_estimation_deferred,매장 면적·좌석·점포별 매출이 없어 규모별 적합도와 argmax 규모는 산출하지 않음,0.4743697048220879,0.9792147806004619,usable_area_profile,True,opportunity,True,0.6805715935334874,7.0
3120165,서래마을카페거리(서래마을),11650,2971488955.0,159582.0,18620.45189933702,0.9718244803695151,0.7619047619047619,0.2857142857142857,0.7023809523809523,0.6785714285714286,0.8293650793650794,0.7777777777777778,0.42857142857142855,0.08333333333333333,0.5198412698412699,BRD_20212010,복호두,0.9780600461893765,False,2635.2922038739644,18.110770263065373,12,56,0.5825635103926097,True,0.976189376443418,0.9749422632794458,0.9736951501154734,1.0,1.0,1.0,1.0,True,direct_size_estimation_deferred,매장 면적·좌석·점포별 매출이 없어 규모별 적합도와 argmax 규모는 산출하지 않음,0.8114550832763444,0.7644341801385681,usable_area_profile,True,opportunity,True,0.6764491916859123,8.0
3120175,남부터미널역,11650,960650667.0,103198.0,9308.810897498013,0.8390300230946882,0.7619047619047619,0.2857142857142857,0.7023809523809523,0.6785714285714286,0.8293650793650794,0.7777777777777778,0.42857142857142855,0.08333333333333333,0.5198412698412699,BRD_20212010,복호두,0.9780600461893765,False,1521.3474290882043,49.929950906089985,13,46,0.4826789838337182,True,0.93635103926097,0.9085450346420323,0.8807390300230946,5.0,7.0,10.0,7.333333333333333,False,direct_size_estimation_deferred,매장 면적·좌석·점포별 매출이 없어 규모별 적합도와 argmax 규모는 산출하지 않음,0.546852503068328,0.9468822170900693,usable_area_profile,True,opportunity,True,0.6731293302540416,9.0
3001496,강남 마이스 관광특구,11680,1293218183.0,103941.0,12441.848577558423,0.9066974595842956,0.7817460317460317,0.18253968253968253,0.75,0.6468253968253969,0.8531746031746031,0.9206349206349206,0.4365079365079365,0.027777777777777776,0.4880952380952381,BRD_20212010,복호두,0.7621247113163973,False,1653.24559578117,97.94386148455335,20,41,0.45727482678983833,True,0.8054965357967667,0.8344110854503464,0.863325635103926,37.0,18.0,12.0,22.333333333333332,False,direct_size_estimation_deferred,매장 면적·좌석·점포별 매출이 없어 규모별 적합도와 argmax 규모는 산출하지 않음,0.7858502465137118,0.7829099307159353,usable_area_profile,True,opportunity,True,0.6649653579676674,10.0
3120080,마들역,11350,1045100686.0,106340.0,9827.916926838443,0.858891454965358,0.8928571428571429,0.08333333333333333,0.7222222222222222,0.9444444444444444,0.7777777777777778,0.30158730158730157,0.38095238095238093,0.4444444444444444,0.6071428571428571,BRD_20212010,복호두,0.3140877598152425,False,6253.3591772859445,45.607017023633105,8,32,0.4093533487297921,True,0.4775288683602771,0.5864896073903003,0.6954503464203233,200.0,133.0,78.0,137.0,False,direct_size_estimation_deferred,매장 면적·좌석·점포별 매출이 없어 규모별 적합도와 argmax 규모는 산출하지 않음,0.7562852118432577,0.8083140877598153,usable_area_profile,True,opportunity,True,0.6534815242494227,11.0
3120201,도곡1동,11680,649721874.0,58337.0,11137.38920410717,0.7846420323325634,0.7817460317460317,0.18253968253968253,0.75,0.6468253968253969,0.8531746031746031,0.9206349206349206,0.4365079365079365,0.027777777777777776,0.4880952380952381,BRD_20212010,복호두,0.7621247113163973,False,1154.653627759365,87.09190547353441,10,65,0.26501154734411086,True,0.7688799076212471,0.7733833718244802,0.7778868360277135,59.0,42.0,35.0,45.333333333333336,False,direct_size_estimation_deferred,매장 면적·좌석·점포별 매출이 없어 규모별 적합도와 argmax 규모는 산출하지 않음,0.6976457022367983,0.8498845265588915,usable_area_profile,True,opportunity,True,0.6467667436489607,12.0
3120246,길동역,11740,916043297.0,88020.0,10407.217643717337,0.8409930715935335,0.8452380952380952,0.06746031746031746,0.7063492063492064,0.38492063492063494,0.6626984126984127,0.7182539682539683,0.5833333333333334,0.06746031746031746,0.6507936507936508,BRD_20212010,복호두,0.8175519630484989,False,1572.1071846656619,87.92041856413586,26,72,0.5779445727482679,True,0.8245842956120092,0.8292725173210163,0.8339607390300231,28.0,21.0,23.0,24.0,False,direct_size_estimation_deferred,매장 면적·좌석·점포별 매출이 없어 규모별 적합도와 argmax 규모는 산출하지 않음,0.6374657788512511,0.8983833718244804,usable_area_profile,True,opportunity,True,0.6453695150115474,13.0
3130072,성동용답상가시장,11200,441220675.0,42751.0,10320.710041870365,0.6748267898383372,0.9206349206349206,0.38492063492063494,0.5555555555555556,0.9920634920634921,0.9841269841269841,0.9563492063492064,0.10317460317460317,0.015873015873015872,0.07936507936507936,BRD_20212010,복호두,0.06928406466512702,False,1830.3628055619372,135.0925608781212,10,28,0.14953810623556585,True,0.25094688221709005,0.37205542725173213,0.4931639722863741,333.0,279.0,196.0,269.3333333333333,False,direct_size_estimation_deferred,매장 면적·좌석·점포별 매출이 없어 규모별 적합도와 argmax 규모는 산출하지 않음,0.5082546123008196,0.9676674364896074,usable_area_profile,True,opportunity,True,0.6390242494226329,14.0
3120208,청담사거리(청담동명품거리),11680,990117589.0,45474.0,21773.267999296302,0.8292147806004619,0.7817460317460317,0.18253968253968253,0.75,0.6468253968253969,0.8531746031746031,0.9206349206349206,0.4365079365079365,0.027777777777777776,0.4880952380952381,BRD_20212010,복호두,0.7621247113163973,False,1883.5211705714996,112.3610252495735,13,63,0.25635103926096997,True,0.7822517321016167,0.7956697459584297,0.8090877598152425,50.0,32.0,31.0,37.666666666666664,False,direct_size_estimation_deferred,매장 면적·좌석·점포별 매출이 없어 규모별 적합도와 argmax 규모는 산출하지 않음,0.8398500959884164,0.7344110854503465,usable_area_profile,True,opportunity,True,0.6379387990762125,15.0
3110640,방화역 1번,11500,671414576.0,62982.0,10660.420056524086,0.7871824480369516,0.8373015873015873,0.23809523809523808,0.623015873015873,0.32142857142857145,0.8333333333333334,0.9246031746031746,0.46825396825396826,0.05555555555555555,0.42063492063492064,BRD_20212010,복호두,0.6339491916859122,False,2387.3971181762754,241.56986569432095,5,25,0.02482678983833718,True,0.679919168591224,0.710565819861432,0.7412124711316398,99.0,66.0,52.0,72.33333333333333,False,direct_size_estimation_deferred,매장 면적·좌석·점포별 매출이 없어 규모별 적합도와 argmax 규모는 산출하지 않음,0.8694035333039886,0.6951501154734412,usable_area_profile,True,opportunity,True,0.6377713625866053,16.0
3120148,국회의사당역(국회의사당),11560,658683908.0,52751.0,12486.662015885955,0.7863741339491918,0.8571428571428571,0.7698412698412699,0.5277777777777778,0.23809523809523808,0.9007936507936508,0.9761904761904762,0.3373015873015873,0.047619047619047616,0.25,BRD_20212010,복호두,0.2840646651270208,False,1286.2663021312262,117.8346298709127,7,35,0.13799076212471129,True,0.434757505773672,0.5352193995381063,0.6356812933025404,219.0,164.0,108.0,163.66666666666666,False,direct_size_estimation_deferred,매장 면적·좌석·점포별 매출이 없어 규모별 적합도와 argmax 규모는 산출하지 않음,0.8194378363387584,0.7528868360277137,usable_area_profile,True,opportunity,True,0.6376732101616629,17.0
3120081,노원역,11350,1459224642.0,143889.0,10141.32172716469,0.8973441108545035,0.8928571428571429,0.08333333333333333,0.7222222222222222,0.9444444444444444,0.7777777777777778,0.30158730158730157,0.38095238095238093,0.4444444444444444,0.6071428571428571,BRD_20212010,복호두,0.3140877598152425,False,5647.366908587903,36.878177844323965,34,60,0.8556581986143187,True,0.48906466512702074,0.605715935334873,0.7223672055427252,195.0,121.0,63.0,126.33333333333333,False,direct_size_estimation_deferred,매장 면적·좌석·점포별 매출이 없어 규모별 적합도와 argmax 규모는 산출하지 않음,0.628409495253192,0.9076212471131639,usable_area_profile,True,opportunity,True,0.6374769053117784,18.0
3120152,신대방삼거리역,11590,953145793.0,102228.0,9323.72532965528,0.8353348729792147,0.8611111111111112,0.5158730158730159,0.42857142857142855,0.753968253968254,0.9563492063492064,0.6626984126984127,0.11507936507936507,0.09523809523809523,0.5674603174603174,BRD_20212010,복호두,0.5969976905311778,False,1446.015905889116,79.30952023733208,18,47,0.47863741339491916,True,0.6684988452655889,0.7161662817551963,0.7638337182448035,104.0,64.0,43.0,70.33333333333333,False,direct_size_estimation_deferred,매장 면적·좌석·점포별 매출이 없어 규모별 적합도와 argmax 규모는 산출하지 않음,0.7561938391568824,0.8106235565819861,usable_area_profile,True,opportunity,True,0.6308256351039261,19.0
3120101,합정역,11440,1552802578.0,170078.0,9129.943778736815,0.8870669745958429,0.9404761904761905,0.4246031746031746,0.5833333333333334,0.9642857142857143,0.9880952380952381,0.9841269841269841,0.1111111111111111,0.011904761904761904,0.051587301587301584,BRD_20212010,복호두,0.11662817551963048,False,2928.4229544032733,38.327535776922915,34,129,0.8441108545034642,True,0.3477598152424942,0.5018475750577367,0.6559353348729792,282.0,183.0,98.0,187.66666666666666,False,direct_size_estimation_deferred,매장 면적·좌석·점포별 매출이 없어 규모별 적합도와 argmax 규모는 산출하지 않음,0.6401029315961472,0.8937644341801385,usable_area_profile,True,opportunity,True,0.6293995381062356,20.0
3120166,방배역,11650,1455145059.0,122673.0,11861.983150326478,0.9176674364896074,0.7619047619047619,0.2857142857142857,0.7023809523809523,0.6785714285714286,0.8293650793650794,0.7777777777777778,0.42857142857142855,0.08333333333333333,0.5198412698412699,BRD_20080200287,브레댄코(bread&co.DAILY-NEW),0.9780600461893765,False,841.522429909372,99.2975326976693,12,27,0.2678983833718245,True,0.9599422632794457,0.9478637413394919,0.935785219399538,2.0,2.0,3.0,2.3333333333333335,False,direct_size_estimation_deferred,매장 면적·좌석·점포별 매출이 없어 규모별 적합도와 argmax 규모는 산출하지 않음,0.5915359656116511,0.8799076212471132,usable_area_profile,True,opportunity,True,0.7285046189376444,1.0
3120188,압구정역,11680,1784647410.0,134975.0,13222.058973884052,0.9404157043879908,0.7817460317460317,0.18253968253968253,0.75,0.6468253968253969,0.8531746031746031,0.9206349206349206,0.4365079365079365,0.027777777777777776,0.4880952380952381,BRD_20080200287,브레댄코(bread&co.DAILY-NEW),0.8845265588914549,False,1313.3944570980261,98.31073190628577,25,98,0.5340646651270208,True,0.9012933025404157,0.9124711316397229,0.92364896073903,10.0,6.0,4.0,6.666666666666667,False,direct_size_estimation_deferred,매장 면적·좌석·점포별 매출이 없어 규모별 적합도와 argmax 규모는 산출하지 않음,0.45288686080517626,0.9630484988452656,usable_area_profile,True,opportunity,True,0.7260334872979215,2.0
3120038,약수역,11140,1550178516.0,134777.0,11501.803096967584,0.9235565819861433,0.873015873015873,0.5793650793650794,0.6428571428571429,0.34523809523809523,0.8571428571428571,0.8214285714285714,0.0873015873015873,0.023809523809523808,0.8293650793650794,BRD_20080200287,브레댄코(bread&co.DAILY-NEW),0.23094688221709006,False,663.2435450376064,62.64183906448842,18,42,0.5519630484988453,True,0.43872979214780605,0.5772517321016167,0.7157736720554273,237.0,141.0,74.0,150.66666666666666,False,direct_size_estimation_deferred,매장 면적·좌석·점포별 매출이 없어 규모별 적합도와 argmax 규모는 산출하지 않음,0.4613499062356926,0.9561200923787528,usable_area_profile,True,opportunity,True,0.7119976905311779,3.0
3110640,방화역 1번,11500,671414576.0,62982.0,10660.420056524086,0.7871824480369516,0.8373015873015873,0.23809523809523808,0.623015873015873,0.32142857142857145,0.8333333333333334,0.9246031746031746,0.46825396825396826,0.05555555555555555,0.42063492063492064,BRD_20080200287,브레댄코(bread&co.DAILY-NEW),0.6824480369515011,False,1335.611470416183,241.56986569432095,5,25,0.02482678983833718,True,0.7138683602771363,0.7348152424942264,0.7557621247113164,88.0,67.0,57.0,70.66666666666667,False,direct_size_estimation_deferred,매장 면적·좌석·점포별 매출이 없어 규모별 적합도와 argmax 규모는 산출하지 않음,0.5883815780241813,0.8845265588914549,usable_area_profile,True,opportunity,True,0.6945842956120094,4.0
3120069,상봉역,11260,1511381851.0,142985.0,10570.212616708046,0.9086605080831409,0.8492063492063492,0.40476190476190477,0.5,0.39285714285714285,0.623015873015873,0.5714285714285714,0.16666666666666666,0.32936507936507936,0.8134920634920635,BRD_20080200287,브레댄코(bread&co.DAILY-NEW),0.5103926096997691,False,2819.327934135434,89.18520055817115,16,56,0.3943418013856813,True,0.6298729792147806,0.709526558891455,0.7891801385681293,133.0,76.0,45.0,84.66666666666667,False,direct_size_estimation_deferred,매장 면적·좌석·점포별 매출이 없어 규모별 적합도와 argmax 규모는 산출하지 않음,0.6558653010795614,0.8221709006928406,usable_area_profile,True,opportunity,True,0.6872632794457275,5.0
3120009,종로3가역,11110,773341001.0,64864.0,11922.499398741984,0.8273672055427251,0.876984126984127,0.42857142857142855,0.503968253968254,0.75,0.9444444444444444,0.8531746031746031,0.2619047619047619,0.05952380952380952,0.3611111111111111,BRD_20080200287,브레댄코(bread&co.DAILY-NEW),0.792147806004619,False,962.8649957458487,125.80143085865113,24,102,0.45381062355658197,True,0.8027136258660508,0.8097575057736721,0.8168013856812932,51.0,38.0,34.0,41.0,False,direct_size_estimation_deferred,매장 면적·좌석·점포별 매출이 없어 규모별 적합도와 argmax 규모는 산출하지 않음,0.2919057450720428,0.9953810623556582,usable_area_profile,True,opportunity,True,0.685594688221709,6.0
3110892,관악구 중앙길,11620,913081619.0,87290.0,10460.323278726086,0.8403002309468822,0.6944444444444444,0.5833333333333334,0.49603174603174605,0.8611111111111112,0.9801587301587301,0.8690476190476191,0.027777777777777776,0.051587301587301584,0.3412698412698413,BRD_20080200287,브레댄코(bread&co.DAILY-NEW),0.6431870669745958,False,1306.1393494106464,165.92166821826325,24,76,0.39838337182448036,True,0.7023210161662816,0.741743648960739,0.7811662817551962,96.0,64.0,47.0,69.0,False,direct_size_estimation_deferred,매장 면적·좌석·점포별 매출이 없어 규모별 적합도와 argmax 규모는 산출하지 않음,0.49706711930352576,0.930715935334873,usable_area_profile,True,opportunity,True,0.6816224018475752,7.0
3120037,동대문역사문화공원역,11140,991150857.0,75063.0,13204.253187322649,0.8695150115473441,0.873015873015873,0.5793650793650794,0.6428571428571429,0.34523809523809523,0.8571428571428571,0.8214285714285714,0.0873015873015873,0.023809523809523808,0.8293650793650794,BRD_20080200287,브레댄코(bread&co.DAILY-NEW),0.23094688221709006,False,733.959126906801,125.25573836405046,15,72,0.28117782909930716,True,0.4225173210161663,0.5502309468822171,0.6779445727482679,243.0,167.0,87.0,165.66666666666666,False,direct_size_estimation_deferred,매장 면적·좌석·점포별 매출이 없어 규모별 적합도와 argmax 규모는 산출하지 않음,0.7090370217544667,0.7806004618937644,usable_area_profile,True,opportunity,True,0.6702367205542726,8.0
3120107,공덕역(공덕오거리),11440,1051109080.0,111230.0,9449.870358716174,0.8578521939953809,0.9404761904761905,0.4246031746031746,0.5833333333333334,0.9642857142857143,0.9880952380952381,0.9841269841269841,0.1111111111111111,0.011904761904761904,0.051587301587301584,BRD_20080200287,브레댄코(bread&co.DAILY-NEW),0.08660508083140878,False,643.7305336765394,80.05623025110103,24,76,0.5773672055427252,True,0.3179792147806004,0.4722286374133948,0.6264780600461893,309.0,224.0,119.0,217.33333333333334,False,direct_size_estimation_deferred,매장 면적·좌석·점포별 매출이 없어 규모별 적합도와 argmax 규모는 산출하지 않음,0.49065672614784844,0.9330254041570438,usable_area_profile,True,opportunity,True,0.6651212471131639,9.0
3120175,남부터미널역,11650,960650667.0,103198.0,9308.810897498013,0.8390300230946882,0.7619047619047619,0.2857142857142857,0.7023809523809523,0.6785714285714286,0.8293650793650794,0.7777777777777778,0.42857142857142855,0.08333333333333333,0.5198412698412699,BRD_20080200287,브레댄코(bread&co.DAILY-NEW),0.9780600461893765,False,798.2336750735635,49.929950906089985,13,45,0.483256351039261,True,0.93635103926097,0.9085450346420323,0.8807390300230946,5.0,7.0,14.0,8.666666666666666,False,direct_size_estimation_deferred,매장 면적·좌석·점포별 매출이 없어 규모별 적합도와 argmax 규모는 산출하지 않음,0.5616280857669464,0.8983833718244804,usable_area_profile,True,opportunity,True,0.6584930715935335,10.0
3120120,화곡역,11500,2140760825.0,296121.0,7229.34484551923,0.8866050808314089,0.8373015873015873,0.23809523809523808,0.623015873015873,0.32142857142857145,0.8333333333333334,0.9246031746031746,0.46825396825396826,0.05555555555555555,0.42063492063492064,BRD_20080200287,브레댄코(bread&co.DAILY-NEW),0.6824480369515011,False,4616.10409327425,26.400757567542716,25,54,0.819284064665127,True,0.7436951501154734,0.784526558891455,0.8253579676674365,75.0,46.0,31.0,50.666666666666664,False,direct_size_estimation_deferred,매장 면적·좌석·점포별 매출이 없어 규모별 적합도와 argmax 규모는 산출하지 않음,0.43051846166739133,0.976905311778291,usable_area_profile,True,opportunity,True,0.6578117782909932,11.0
3120165,서래마을카페거리(서래마을),11650,2971488955.0,159582.0,18620.45189933702,0.9718244803695151,0.7619047619047619,0.2857142857142857,0.7023809523809523,0.6785714285714286,0.8293650793650794,0.7777777777777778,0.42857142857142855,0.08333333333333333,0.5198412698412699,BRD_20080200287,브레댄코(bread&co.DAILY-NEW),0.9780600461893765,False,1133.1248827814322,18.110770263065373,12,56,0.581986143187067,True,0.976189376443418,0.9749422632794458,0.9736951501154734,1.0,1.0,1.0,1.0,True,direct_size_estimation_deferred,매장 면적·좌석·점포별 매출이 없어 규모별 적합도와 argmax 규모는 산출하지 않음,0.8137991227628414,0.6905311778290992,usable_area_profile,True,opportunity,True,0.654364896073903,12.0
3120201,도곡1동,11680,649721874.0,58337.0,11137.38920410717,0.7846420323325634,0.7817460317460317,0.18253968253968253,0.75,0.6468253968253969,0.8531746031746031,0.9206349206349206,0.4365079365079365,0.027777777777777776,0.4880952380952381,BRD_20080200287,브레댄코(bread&co.DAILY-NEW),0.8845265588914549,False,1160.7075428409364,87.09190547353441,10,65,0.26501154734411086,True,0.8545612009237875,0.8345842956120091,0.8146073903002308,27.0,28.0,35.0,30.0,False,direct_size_estimation_deferred,매장 면적·좌석·점포별 매출이 없어 규모별 적합도와 argmax 규모는 산출하지 않음,0.6039124219431138,0.8706697459584296,usable_area_profile,True,opportunity,True,0.6530023094688221,13.0
3130072,성동용답상가시장,11200,441220675.0,42751.0,10320.710041870365,0.6748267898383372,0.9206349206349206,0.38492063492063494,0.5555555555555556,0.9920634920634921,0.9841269841269841,0.9563492063492064,0.10317460317460317,0.015873015873015872,0.07936507936507936,BRD_20080200287,브레댄코(bread&co.DAILY-NEW),0.13394919168591224,False,1639.518221917691,135.0925608781212,10,28,0.14953810623556585,True,0.29621247113163973,0.4043879907621247,0.5125635103926097,319.0,273.0,200.0,264.0,False,direct_size_estimation_deferred,매장 면적·좌석·점포별 매출이 없어 규모별 적합도와 argmax 규모는 산출하지 않음,0.21900453897174432,0.9976905311778291,usable_area_profile,True,opportunity,True,0.6480311778290994,14.0
3120068,사가정역,11260,944293896.0,91431.0,10327.940151589723,0.8467667436489608,0.8492063492063492,0.40476190476190477,0.5,0.39285714285714285,0.623015873015873,0.5714285714285714,0.16666666666666666,0.32936507936507936,0.8134920634920635,BRD_20080200287,브레댄코(bread&co.DAILY-NEW),0.5103926096997691,False,3588.6234129909813,42.201895677975386,26,50,0.7736720554272517,True,0.6113048498845266,0.6785796766743649,0.7458545034642032,140.0,92.0,62.0,98.0,False,direct_size_estimation_deferred,매장 면적·좌석·점포별 매출이 없어 규모별 적합도와 argmax 규모는 산출하지 않음,0.41648927246473844,0.9815242494226328,usable_area_profile,True,opportunity,True,0.6441281755196305,15.0
3120080,마들역,11350,1045100686.0,106340.0,9827.916926838443,0.858891454965358,0.8928571428571429,0.08333333333333333,0.7222222222222222,0.9444444444444444,0.7777777777777778,0.30158730158730157,0.38095238095238093,0.4444444444444444,0.6071428571428571,BRD_20080200287,브레댄코(bread&co.DAILY-NEW),0.16397228637413394,False,5174.618440020584,45.607017023633105,8,32,0.4110854503464203,True,0.37244803695150114,0.5114318706697459,0.6504157043879908,272.0,195.0,104.0,190.33333333333334,False,direct_size_estimation_deferred,매장 면적·좌석·점포별 매출이 없어 규모별 적합도와 argmax 규모는 산출하지 않음,0.7491766670838891,0.7528868360277137,usable_area_profile,True,opportunity,True,0.6365935334872981,16.0
3130222,오류시장,11530,677800421.0,66656.0,10168.633296327413,0.7894919168591223,0.8412698412698413,0.8373015873015873,0.5753968253968254,0.5238095238095238,0.7579365079365079,0.7380952380952381,0.18253968253968253,0.12698412698412698,0.7658730158730159,BRD_20080200287,브레댄코(bread&co.DAILY-NEW),0.7528868360277137,False,1840.08804137706,48.414873764798386,14,33,0.5161662817551963,True,0.7638683602771362,0.771189376443418,0.7785103926096997,65.0,52.0,48.0,55.0,False,direct_size_estimation_deferred,매장 면적·좌석·점포별 매출이 없어 규모별 적합도와 argmax 규모는 산출하지 않음,0.5058754647597913,0.9237875288683602,usable_area_profile,True,opportunity,True,0.633931870669746,17.0
3120152,신대방삼거리역,11590,953145793.0,102228.0,9323.72532965528,0.8353348729792147,0.8611111111111112,0.5158730158730159,0.42857142857142855,0.753968253968254,0.9563492063492064,0.6626984126984127,0.11507936507936507,0.09523809523809523,0.5674603174603174,BRD_20080200287,브레댄코(bread&co.DAILY-NEW),0.7193995381062356,False,1851.7937249967017,79.30952023733208,18,47,0.4792147806004619,True,0.7541801385681293,0.7773672055427252,0.8005542725173209,69.0,49.0,40.0,52.666666666666664,False,direct_size_estimation_deferred,매장 면적·좌석·점포별 매출이 없어 규모별 적합도와 argmax 규모는 산출하지 않음,0.6781723972748777,0.8013856812933026,usable_area_profile,True,opportunity,True,0.6279676674364896,18.0
3120133,서울시흥동우체국(홈플러스시흥점),11545,637795918.0,60754.0,10498.00701188399,0.7765588914549653,0.753968253968254,0.7420634920634921,0.3531746031746032,0.24206349206349206,0.8690476190476191,0.873015873015873,0.04365079365079365,0.13095238095238096,0.6785714285714286,BRD_20080200287,브레댄코(bread&co.DAILY-NEW),0.1905311778290993,False,6241.132269079782,60.20797286767192,15,45,0.48441108545034645,True,0.3663394919168591,0.4835450346420323,0.6007505773672054,280.0,217.0,144.0,213.66666666666666,False,direct_size_estimation_deferred,매장 면적·좌석·점포별 매출이 없어 규모별 적합도와 argmax 규모는 산출하지 않음,0.5280575234398699,0.9076212471131639,usable_area_profile,True,opportunity,True,0.6267321016166282,19.0
3120158,녹두거리(대학동),11620,695809095.0,79236.0,8781.476790852643,0.7778290993071594,0.6944444444444444,0.5833333333333334,0.49603174603174605,0.8611111111111112,0.9801587301587301,0.8690476190476191,0.027777777777777776,0.051587301587301584,0.3412698412698413,BRD_20080200287,브레댄코(bread&co.DAILY-NEW),0.6431870669745958,False,3207.1764841095624,107.28000742995447,15,20,0.31466512702078525,True,0.6835796766743648,0.7105080831408777,0.7374364896073903,105.0,75.0,67.0,82.33333333333333,False,direct_size_estimation_deferred,매장 면적·좌석·점포별 매출이 없어 규모별 적합도와 argmax 규모는 산출하지 않음,0.6729044071696767,0.8083140877598153,usable_area_profile,True,opportunity,True,0.6231004618937646,20.0
3120166,방배역,11650,1455145059.0,122673.0,11861.983150326478,0.9176674364896074,0.7619047619047619,0.2857142857142857,0.7023809523809523,0.6785714285714286,0.8293650793650794,0.7777777777777778,0.42857142857142855,0.08333333333333333,0.5198412698412699,BRD_20260378,빵굼터,0.9480369515011547,False,6426.435559461285,99.2975326976693,12,28,0.2673210161662818,True,0.9389260969976905,0.9328521939953811,0.9267782909930715,5.0,4.0,4.0,4.333333333333333,False,direct_size_estimation_deferred,매장 면적·좌석·점포별 매출이 없어 규모별 적합도와 argmax 규모는 산출하지 않음,0.5170879203247098,0.8914549653579676,usable_area_profile,True,opportunity,True,0.7320554272517321,1.0
3120188,압구정역,11680,1784647410.0,134975.0,13222.058973884052,0.9404157043879908,0.7817460317460317,0.18253968253968253,0.75,0.6468253968253969,0.8531746031746031,0.9206349206349206,0.4365079365079365,0.027777777777777776,0.4880952380952381,BRD_20260378,빵굼터,0.5103926096997691,False,3728.932555072768,98.31073190628577,25,98,0.5323325635103926,True,0.6393995381062356,0.72540415704388,0.8114087759815243,122.0,61.0,29.0,70.66666666666667,False,direct_size_estimation_deferred,매장 면적·좌석·점포별 매출이 없어 규모별 적합도와 argmax 규모는 산출하지 않음,0.4300945008590578,0.9353348729792148,usable_area_profile,True,opportunity,True,0.7179792147806006,2.0
3110640,방화역 1번,11500,671414576.0,62982.0,10660.420056524086,0.7871824480369516,0.8373015873015873,0.23809523809523808,0.623015873015873,0.32142857142857145,0.8333333333333334,0.9246031746031746,0.46825396825396826,0.05555555555555555,0.42063492063492064,BRD_20260378,빵굼터,0.6016166281755196,False,578.5533682975405,241.56986569432095,5,24,0.02482678983833718,True,0.6572863741339492,0.6943995381062356,0.731512702078522,108.0,76.0,69.0,84.33333333333333,False,direct_size_estimation_deferred,매장 면적·좌석·점포별 매출이 없어 규모별 적합도와 argmax 규모는 산출하지 않음,0.5455274757478469,0.8683602771362586,usable_area_profile,True,opportunity,True,0.6897344110854504,3.0
3120009,종로3가역,11110,773341001.0,64864.0,11922.499398741984,0.8273672055427251,0.876984126984127,0.42857142857142855,0.503968253968254,0.75,0.9444444444444444,0.8531746031746031,0.2619047619047619,0.05952380952380952,0.3611111111111111,BRD_20260378,빵굼터,0.38799076212471134,False,2490.0606417857052,125.80143085865113,24,103,0.4532332563510392,True,0.5198036951501155,0.6076789838337182,0.6955542725173209,209.0,132.0,87.0,142.66666666666666,False,direct_size_estimation_deferred,매장 면적·좌석·점포별 매출이 없어 규모별 적합도와 argmax 규모는 산출하지 않음,0.4082035083750387,0.9515011547344111,usable_area_profile,True,opportunity,True,0.6725173210161662,4.0
3120246,길동역,11740,916043297.0,88020.0,10407.217643717337,0.8409930715935335,0.8452380952380952,0.06746031746031746,0.7063492063492064,0.38492063492063494,0.6626984126984127,0.7182539682539683,0.5833333333333334,0.06746031746031746,0.6507936507936508,BRD_20260378,빵굼터,0.6766743648960739,False,7778.07546893276,87.92041856413586,26,72,0.5750577367205543,True,0.7259699769053118,0.7588337182448037,0.7916974595842956,74.0,44.0,35.0,51.0,False,direct_size_estimation_deferred,매장 면적·좌석·점포별 매출이 없어 규모별 적합도와 argmax 규모는 산출하지 않음,0.3587389005097854,0.9699769053117783,usable_area_profile,True,opportunity,True,0.6672806004618937,5.0
3120080,마들역,11350,1045100686.0,106340.0,9827.916926838443,0.858891454965358,0.8928571428571429,0.08333333333333333,0.7222222222222222,0.9444444444444444,0.7777777777777778,0.30158730158730157,0.38095238095238093,0.4444444444444444,0.6071428571428571,BRD_20260378,빵굼터,0.2540415704387991,False,8354.14244548672,45.607017023633105,8,32,0.4093533487297921,True,0.4354965357967667,0.5564665127020786,0.6774364896073903,259.0,170.0,97.0,175.33333333333334,False,direct_size_estimation_deferred,매장 면적·좌석·점포별 매출이 없어 규모별 적합도와 argmax 규모는 산출하지 않음,0.5705434837624512,0.8521939953810623,usable_area_profile,True,opportunity,True,0.6666454965357969,6.0
3120201,도곡1동,11680,649721874.0,58337.0,11137.38920410717,0.7846420323325634,0.7817460317460317,0.18253968253968253,0.75,0.6468253968253969,0.8531746031746031,0.9206349206349206,0.4365079365079365,0.027777777777777776,0.4880952380952381,BRD_20260378,빵굼터,0.5103926096997691,False,7511.21747791506,87.09190547353441,10,65,0.2644341801385681,True,0.5926674364896074,0.6475173210161662,0.702367205542725,160.0,112.0,84.0,118.66666666666667,False,direct_size_estimation_deferred,매장 면적·좌석·점포별 매출이 없어 규모별 적합도와 argmax 규모는 산출하지 않음,0.5544738163188218,0.8614318706697459,usable_area_profile,True,opportunity,True,0.6503175519630485,7.0
3120133,서울시흥동우체국(홈플러스시흥점),11545,637795918.0,60754.0,10498.00701188399,0.7765588914549653,0.753968253968254,0.7420634920634921,0.3531746031746032,0.24206349206349206,0.8690476190476191,0.873015873015873,0.04365079365079365,0.13095238095238096,0.6785714285714286,BRD_20260378,빵굼터,0.22748267898383373,False,3805.55304786801,60.20797286767192,15,45,0.4821016166281755,True,0.39220554272517316,0.5020207852193995,0.6118360277136257,285.0,215.0,143.0,214.33333333333334,False,direct_size_estimation_deferred,매장 면적·좌석·점포별 매출이 없어 규모별 적합도와 argmax 규모는 산출하지 않음,0.3276996653168629,0.9838337182448037,usable_area_profile,True,opportunity,True,0.6499422632794456,8.0
3120107,공덕역(공덕오거리),11440,1051109080.0,111230.0,9449.870358716174,0.8578521939953809,0.9404761904761905,0.4246031746031746,0.5833333333333334,0.9642857142857143,0.9880952380952381,0.9841269841269841,0.1111111111111111,0.011904761904761904,0.051587301587301584,BRD_20260378,빵굼터,0.06351039260969978,False,5222.165163961952,80.05623025110103,24,77,0.575635103926097,True,0.30181293302540413,0.4606812933025404,0.6195496535796766,325.0,249.0,137.0,237.0,False,direct_size_estimation_deferred,매장 면적·좌석·점포별 매출이 없어 규모별 적합도와 argmax 규모는 산출하지 않음,0.5310600507802087,0.8799076212471132,usable_area_profile,True,opportunity,True,0.649445727482679,9.0
3130072,성동용답상가시장,11200,441220675.0,42751.0,10320.710041870365,0.6748267898383372,0.9206349206349206,0.38492063492063494,0.5555555555555556,0.9920634920634921,0.9841269841269841,0.9563492063492064,0.10317460317460317,0.015873015873015872,0.07936507936507936,BRD_20260378,빵굼터,0.016166281755196306,False,3800.1273663220923,135.0925608781212,10,28,0.1489607390300231,True,0.21376443418013857,0.34549653579676676,0.4772286374133949,380.0,327.0,226.0,311.0,False,direct_size_estimation_deferred,매장 면적·좌석·점포별 매출이 없어 규모별 적합도와 argmax 규모는 산출하지 않음,0.1962743047113832,0.9976905311778291,usable_area_profile,True,opportunity,True,0.6481177829099307,10.0
3110892,관악구 중앙길,11620,913081619.0,87290.0,10460.323278726086,0.8403002309468822,0.6944444444444444,0.5833333333333334,0.49603174603174605,0.8611111111111112,0.9801587301587301,0.8690476190476191,0.027777777777777776,0.051587301587301584,0.3412698412698413,BRD_20260378,빵굼터,0.1605080831408776,False,2652.885410269653,165.92166821826325,24,76,0.3978060046189376,True,0.36444572748267895,0.50040415704388,0.6363625866050807,297.0,217.0,127.0,213.66666666666666,False,direct_size_estimation_deferred,매장 면적·좌석·점포별 매출이 없어 규모별 적합도와 argmax 규모는 산출하지 않음,0.6193664040676247,0.8175519630484989,usable_area_profile,True,opportunity,True,0.6477598152424943,11.0
3120120,화곡역,11500,2140760825.0,296121.0,7229.34484551923,0.8866050808314089,0.8373015873015873,0.23809523809523808,0.623015873015873,0.32142857142857145,0.8333333333333334,0.9246031746031746,0.46825396825396826,0.05555555555555555,0.42063492063492064,BRD_20260378,빵굼터,0.6016166281755196,False,3989.2211019473366,26.400757567542716,25,54,0.8175519630484989,True,0.6871131639722864,0.7441108545034643,0.8011085450346421,91.0,50.0,31.0,57.333333333333336,False,direct_size_estimation_deferred,매장 면적·좌석·점포별 매출이 없어 규모별 적합도와 argmax 규모는 산출하지 않음,0.424365648597263,0.9422632794457275,usable_area_profile,True,opportunity,True,0.6476789838337184,12.0
3120069,상봉역,11260,1511381851.0,142985.0,10570.212616708046,0.9086605080831409,0.8492063492063492,0.40476190476190477,0.5,0.39285714285714285,0.623015873015873,0.5714285714285714,0.16666666666666666,0.32936507936507936,0.8134920634920635,BRD_20260378,빵굼터,0.9861431870669746,False,1896.3427959917062,89.18520055817115,16,56,0.3920323325635104,True,0.9628983833718245,0.9474018475750577,0.931905311778291,1.0,2.0,2.0,1.6666666666666667,True,direct_size_estimation_deferred,매장 면적·좌석·점포별 매출이 없어 규모별 적합도와 argmax 규모는 산출하지 않음,0.767822185625219,0.6812933025404158,usable_area_profile,True,opportunity,True,0.6453464203233257,13.0
3120068,사가정역,11260,944293896.0,91431.0,10327.940151589723,0.8467667436489608,0.8492063492063492,0.40476190476190477,0.5,0.39285714285714285,0.623015873015873,0.5714285714285714,0.16666666666666666,0.32936507936507936,0.8134920634920635,BRD_20260378,빵굼터,0.9861431870669746,False,2926.024606863104,42.201895677975386,26,50,0.7713625866050808,True,0.9443302540415703,0.9164549653579677,0.8885796766743649,3.0,6.0,8.0,5.666666666666667,False,direct_size_estimation_deferred,매장 면적·좌석·점포별 매출이 없어 규모별 적합도와 argmax 규모는 산출하지 않음,0.33008303872316813,0.9815242494226328,usable_area_profile,True,opportunity,True,0.6444745958429562,14.0
3130222,오류시장,11530,677800421.0,66656.0,10168.633296327413,0.7894919168591223,0.8412698412698413,0.8373015873015873,0.5753968253968254,0.5238095238095238,0.7579365079365079,0.7380952380952381,0.18253968253968253,0.12698412698412698,0.7658730158730159,BRD_20260378,빵굼터,0.8660508083140878,False,4116.66879891156,48.414873764798386,14,33,0.516743648960739,True,0.8430831408775981,0.827771362586605,0.8124595842956119,24.0,19.0,28.0,23.666666666666668,False,direct_size_estimation_deferred,매장 면적·좌석·점포별 매출이 없어 규모별 적합도와 argmax 규모는 산출하지 않음,0.40503215239350987,0.953810623556582,usable_area_profile,True,opportunity,True,0.6428521939953811,15.0
3120079,창동역,11320,765698620.0,76216.0,10046.428833840664,0.8071593533487298,0.7182539682539683,0.11904761904761904,0.6071428571428571,0.25793650793650796,0.3611111111111111,0.24603174603174602,0.19047619047619047,0.4246031746031746,0.9126984126984127,BRD_20260378,빵굼터,0.197459584295612,False,7697.298552055696,91.21403398036323,16,24,0.38394919168591224,True,0.38036951501154737,0.5023094688221709,0.6242494226327945,289.0,214.0,134.0,212.33333333333334,False,direct_size_estimation_deferred,매장 면적·좌석·점포별 매출이 없어 규모별 적합도와 argmax 규모는 산출하지 않음,0.575327323278308,0.8498845265588915,usable_area_profile,True,opportunity,True,0.6413106235565821,16.0
3120165,서래마을카페거리(서래마을),11650,2971488955.0,159582.0,18620.45189933702,0.9718244803695151,0.7619047619047619,0.2857142857142857,0.7023809523809523,0.6785714285714286,0.8293650793650794,0.7777777777777778,0.42857142857142855,0.08333333333333333,0.5198412698412699,BRD_20260378,빵굼터,0.9480369515011547,False,6179.769736795707,18.110770263065373,12,56,0.5814087759815242,True,0.9551732101616628,0.959930715935335,0.9646882217090069,2.0,1.0,1.0,1.3333333333333333,True,direct_size_estimation_deferred,매장 면적·좌석·점포별 매출이 없어 규모별 적합도와 argmax 규모는 산출하지 않음,0.8157612496326538,0.6374133949191686,usable_area_profile,True,opportunity,True,0.6385161662817553,17.0
3110601,신월1동우편취급국,11470,441016625.0,40173.0,10977.93605157693,0.6785219399538106,0.8055555555555556,0.2222222222222222,0.5158730158730159,0.5873015873015873,0.5079365079365079,0.2896825396825397,0.4801587301587302,0.30952380952380953,0.7738095238095238,BRD_20260378,빵굼터,0.9041570438799076,False,5266.867949766248,258.54980178856624,8,40,0.04907621247113163,True,0.8364665127020785,0.791339491916859,0.7462124711316396,27.0,33.0,57.0,39.0,False,direct_size_estimation_deferred,매장 면적·좌석·점포별 매출이 없어 규모별 적합도와 argmax 규모는 산출하지 않음,0.5240817467807319,0.8845265588914549,usable_area_profile,True,opportunity,True,0.6311836027713625,18.0
3130147,쌍문역동측상점가,11320,2520521582.0,295704.0,8523.799414279145,0.8990762124711316,0.7182539682539683,0.11904761904761904,0.6071428571428571,0.25793650793650796,0.3611111111111111,0.24603174603174602,0.19047619047619047,0.4246031746031746,0.9126984126984127,BRD_20260378,빵굼터,0.197459584295612,False,8117.270538760484,76.05918750239688,27,48,0.6379907621247114,True,0.4079445727482679,0.5482678983833718,0.6885912240184757,276.0,175.0,91.0,180.66666666666666,False,direct_size_estimation_deferred,매장 면적·좌석·점포별 매출이 없어 규모별 적합도와 argmax 규모는 산출하지 않음,0.6849244713527842,0.7667436489607391,usable_area_profile,True,opportunity,True,0.6288163972286374,19.0
3120245,둔촌역,11740,1831672609.0,200933.0,9115.837662305346,0.89364896073903,0.8452380952380952,0.06746031746031746,0.7063492063492064,0.38492063492063494,0.6626984126984127,0.7182539682539683,0.5833333333333334,0.06746031746031746,0.6507936507936508,BRD_20260378,빵굼터,0.6766743648960739,False,8756.19209476542,53.225933566835145,37,65,0.7852193995381063,True,0.7417667436489608,0.785161662817552,0.8285565819861431,69.0,35.0,22.0,42.0,False,direct_size_estimation_deferred,매장 면적·좌석·점포별 매출이 없어 규모별 적합도와 argmax 규모는 산출하지 않음,0.5756577832456269,0.8475750577367206,usable_area_profile,True,opportunity,True,0.6279965357967667,20.0
3120069,상봉역,11260,1511381851.0,142985.0,10570.212616708046,0.9086605080831409,0.8492063492063492,0.40476190476190477,0.5,0.39285714285714285,0.623015873015873,0.5714285714285714,0.16666666666666666,0.32936507936507936,0.8134920634920635,BRD_20150052,빵장수단팥빵,0.5981524249422633,False,7592.290431732478,89.18520055817115,16,56,0.3920323325635104,True,0.6913048498845266,0.753406466512702,0.8155080831408775,103.0,62.0,38.0,67.66666666666667,False,direct_size_estimation_deferred,매장 면적·좌석·점포별 매출이 없어 규모별 적합도와 argmax 규모는 산출하지 않음,0.44588146829202646,0.9745958429561201,usable_area_profile,True,opportunity,True,0.733337182448037,1.0
3120166,방배역,11650,1455145059.0,122673.0,11861.983150326478,0.9176674364896074,0.7619047619047619,0.2857142857142857,0.7023809523809523,0.6785714285714286,0.8293650793650794,0.7777777777777778,0.42857142857142855,0.08333333333333333,0.5198412698412699,BRD_20150052,빵장수단팥빵,0.9780600461893765,False,5854.592214643349,99.2975326976693,12,28,0.2673210161662818,True,0.9599422632794457,0.9478637413394919,0.935785219399538,3.0,3.0,6.0,4.0,False,direct_size_estimation_deferred,매장 면적·좌석·점포별 매출이 없어 규모별 적합도와 argmax 규모는 산출하지 않음,0.6222988089914029,0.8845265588914549,usable_area_profile,True,opportunity,True,0.7299769053117783,2.0
3120188,압구정역,11680,1784647410.0,134975.0,13222.058973884052,0.9404157043879908,0.7817460317460317,0.18253968253968253,0.75,0.6468253968253969,0.8531746031746031,0.9206349206349206,0.4365079365079365,0.027777777777777776,0.4880952380952381,BRD_20150052,빵장수단팥빵,0.9214780600461894,False,8761.89534289066,98.31073190628577,25,98,0.5329099307159353,True,0.9271593533487297,0.9309468822170901,0.9347344110854503,11.0,6.0,7.0,8.0,False,direct_size_estimation_deferred,매장 면적·좌석·점포별 매출이 없어 규모별 적합도와 argmax 규모는 산출하지 않음,0.512761478179845,0.930715935334873,usable_area_profile,True,opportunity,True,0.7165069284064666,3.0
3120038,약수역,11140,1550178516.0,134777.0,11501.803096967584,0.9235565819861433,0.873015873015873,0.5793650793650794,0.6428571428571429,0.34523809523809523,0.8571428571428571,0.8214285714285714,0.0873015873015873,0.023809523809523808,0.8293650793650794,BRD_20150052,빵장수단팥빵,0.20092378752886836,False,8105.492582172217,62.64183906448842,18,44,0.5502309468822171,True,0.4177136258660509,0.5622401847575058,0.7067667436489607,256.0,159.0,79.0,164.66666666666666,False,direct_size_estimation_deferred,매장 면적·좌석·점포별 매출이 없어 규모별 적합도와 argmax 규모는 산출하지 않음,0.4743195075071273,0.9561200923787528,usable_area_profile,True,opportunity,True,0.7122575057736722,4.0
3110892,관악구 중앙길,11620,913081619.0,87290.0,10460.323278726086,0.8403002309468822,0.6944444444444444,0.5833333333333334,0.49603174603174605,0.8611111111111112,0.9801587301587301,0.8690476190476191,0.027777777777777776,0.051587301587301584,0.3412698412698413,BRD_20150052,빵장수단팥빵,0.42609699769053117,False,1764.5240151172154,165.92166821826325,24,76,0.39838337182448036,True,0.5503579676674364,0.6331986143187067,0.7160392609699768,180.0,122.0,76.0,126.0,False,direct_size_estimation_deferred,매장 면적·좌석·점포별 매출이 없어 규모별 적합도와 argmax 규모는 산출하지 않음,0.4933112515698235,0.9468822170900693,usable_area_profile,True,opportunity,True,0.686472286374134,5.0
3120037,동대문역사문화공원역,11140,991150857.0,75063.0,13204.253187322649,0.8695150115473441,0.873015873015873,0.5793650793650794,0.6428571428571429,0.34523809523809523,0.8571428571428571,0.8214285714285714,0.0873015873015873,0.023809523809523808,0.8293650793650794,BRD_20150052,빵장수단팥빵,0.20092378752886836,False,8189.2493550887,125.25573836405046,15,74,0.28002309468822173,True,0.40150115473441106,0.5352193995381063,0.6689376443418014,267.0,181.0,105.0,184.33333333333334,False,direct_size_estimation_deferred,매장 면적·좌석·점포별 매출이 없어 규모별 적합도와 argmax 규모는 산출하지 않음,0.7473465451039756,0.8175519630484989,usable_area_profile,True,opportunity,True,0.6814953810623556,6.0
3120158,녹두거리(대학동),11620,695809095.0,79236.0,8781.476790852643,0.7778290993071594,0.6944444444444444,0.5833333333333334,0.49603174603174605,0.8611111111111112,0.9801587301587301,0.8690476190476191,0.027777777777777776,0.051587301587301584,0.3412698412698413,BRD_20150052,빵장수단팥빵,0.42609699769053117,False,1674.1786045874655,107.28000742995447,15,20,0.3135103926096998,True,0.5316166281755196,0.6019630484988453,0.6723094688221709,192.0,137.0,97.0,142.0,False,direct_size_estimation_deferred,매장 면적·좌석·점포별 매출이 없어 규모별 적합도와 argmax 규모는 산출하지 않음,0.43023750929636867,0.976905311778291,usable_area_profile,True,opportunity,True,0.6738510392609699,7.0
3120165,서래마을카페거리(서래마을),11650,2971488955.0,159582.0,18620.45189933702,0.9718244803695151,0.7619047619047619,0.2857142857142857,0.7023809523809523,0.6785714285714286,0.8293650793650794,0.7777777777777778,0.42857142857142855,0.08333333333333333,0.5198412698412699,BRD_20150052,빵장수단팥빵,0.9780600461893765,False,6100.988280571182,18.110770263065373,12,56,0.5814087759815242,True,0.976189376443418,0.9749422632794458,0.9736951501154734,1.0,1.0,1.0,1.0,True,direct_size_estimation_deferred,매장 면적·좌석·점포별 매출이 없어 규모별 적합도와 argmax 규모는 산출하지 않음,0.8077109080355068,0.7528868360277137,usable_area_profile,True,opportunity,True,0.6731581986143189,8.0
3110640,방화역 1번,11500,671414576.0,62982.0,10660.420056524086,0.7871824480369516,0.8373015873015873,0.23809523809523808,0.623015873015873,0.32142857142857145,0.8333333333333334,0.9246031746031746,0.46825396825396826,0.05555555555555555,0.42063492063492064,BRD_20150052,빵장수단팥빵,0.8233256351039261,False,3878.7051962946975,241.56986569432095,5,25,0.02482678983833718,True,0.8124826789838338,0.8052540415704388,0.7980254041570439,49.0,46.0,43.0,46.0,False,direct_size_estimation_deferred,매장 면적·좌석·점포별 매출이 없어 규모별 적합도와 argmax 규모는 산출하지 않음,0.7497100977214988,0.8106235565819861,usable_area_profile,True,opportunity,True,0.6724133949191687,9.0
3120246,길동역,11740,916043297.0,88020.0,10407.217643717337,0.8409930715935335,0.8452380952380952,0.06746031746031746,0.7063492063492064,0.38492063492063494,0.6626984126984127,0.7182539682539683,0.5833333333333334,0.06746031746031746,0.6507936507936508,BRD_20150052,빵장수단팥빵,0.6766743648960739,False,709.7633408396879,87.92041856413586,26,71,0.5762124711316396,True,0.7259699769053118,0.7588337182448037,0.7916974595842956,87.0,59.0,45.0,63.666666666666664,False,direct_size_estimation_deferred,매장 면적·좌석·점포별 매출이 없어 규모별 적합도와 argmax 규모는 산출하지 않음,0.42125583196869165,0.9792147806004619,usable_area_profile,True,opportunity,True,0.669878752886836,10.0
3120080,마들역,11350,1045100686.0,106340.0,9827.916926838443,0.858891454965358,0.8928571428571429,0.08333333333333333,0.7222222222222222,0.9444444444444444,0.7777777777777778,0.30158730158730157,0.38095238095238093,0.4444444444444444,0.6071428571428571,BRD_20150052,빵장수단팥빵,0.45958429561200925,False,15695.30968154214,45.607017023633105,8,32,0.4087759815242494,True,0.5793764434180139,0.6592378752886836,0.7390993071593533,158.0,105.0,66.0,109.66666666666667,False,direct_size_estimation_deferred,매장 면적·좌석·점포별 매출이 없어 규모별 적합도와 argmax 규모는 산출하지 않음,0.6507996928737154,0.8614318706697459,usable_area_profile,True,opportunity,True,0.6695034642032334,11.0
3120009,종로3가역,11110,773341001.0,64864.0,11922.499398741984,0.8273672055427251,0.876984126984127,0.42857142857142855,0.503968253968254,0.75,0.9444444444444444,0.8531746031746031,0.2619047619047619,0.05952380952380952,0.3611111111111111,BRD_20150052,빵장수단팥빵,0.8660508083140878,False,6948.951647537878,125.80143085865113,24,103,0.45381062355658197,True,0.8544457274826789,0.8467090069284064,0.8389722863741338,36.0,31.0,33.0,33.333333333333336,False,direct_size_estimation_deferred,매장 면적·좌석·점포별 매출이 없어 규모별 적합도와 argmax 규모는 산출하지 않음,0.505830367560951,0.9399538106235565,usable_area_profile,True,opportunity,True,0.6689665127020785,12.0
3001496,강남 마이스 관광특구,11680,1293218183.0,103941.0,12441.848577558423,0.9066974595842956,0.7817460317460317,0.18253968253968253,0.75,0.6468253968253969,0.8531746031746031,0.9206349206349206,0.4365079365079365,0.027777777777777776,0.4880952380952381,BRD_20150052,빵장수단팥빵,0.9214780600461894,False,6864.103291772209,97.94386148455335,20,41,0.45669745958429564,True,0.9170438799076213,0.9140877598152425,0.9111316397228637,12.0,10.0,14.0,12.0,False,direct_size_estimation_deferred,매장 면적·좌석·점포별 매출이 없어 규모별 적합도와 argmax 규모는 산출하지 않음,0.7819630706878523,0.7759815242494226,usable_area_profile,True,opportunity,True,0.6629734411085451,13.0
3130002,세종마을음식문화거리(금천교시장),11110,1427114674.0,119648.0,11927.609939154854,0.9169745958429562,0.876984126984127,0.42857142857142855,0.503968253968254,0.75,0.9444444444444444,0.8531746031746031,0.2619047619047619,0.05952380952380952,0.3611111111111111,BRD_20150052,빵장수단팥빵,0.8660508083140878,False,5599.263612282099,20.248456733787368,42,68,0.9359122401847575,True,0.8813279445727482,0.891512702078522,0.9016974595842957,24.0,19.0,17.0,20.0,False,direct_size_estimation_deferred,매장 면적·좌석·점포별 매출이 없어 규모별 적합도와 argmax 규모는 산출하지 않음,0.3762318642770227,0.9930715935334873,usable_area_profile,True,opportunity,True,0.6618706697459584,14.0
3120081,노원역,11350,1459224642.0,143889.0,10141.32172716469,0.8973441108545035,0.8928571428571429,0.08333333333333333,0.7222222222222222,0.9444444444444444,0.7777777777777778,0.30158730158730157,0.38095238095238093,0.4444444444444444,0.6071428571428571,BRD_20150052,빵장수단팥빵,0.45958429561200925,False,14465.797039898991,36.878177844323965,34,60,0.8556581986143187,True,0.5909122401847575,0.6784642032332564,0.7660161662817552,152.0,93.0,57.0,100.66666666666667,False,direct_size_estimation_deferred,매장 면적·좌석·점포별 매출이 없어 규모별 적합도와 argmax 규모는 산출하지 않음,0.4159277030949891,0.9861431870669746,usable_area_profile,True,opportunity,True,0.6610334872979216,15.0
3120107,공덕역(공덕오거리),11440,1051109080.0,111230.0,9449.870358716174,0.8578521939953809,0.9404761904761905,0.4246031746031746,0.5833333333333334,0.9642857142857143,0.9880952380952381,0.9841269841269841,0.1111111111111111,0.011904761904761904,0.051587301587301584,BRD_20150052,빵장수단팥빵,0.1397228637413395,False,3252.982631368145,80.05623025110103,24,77,0.5762124711316398,True,0.3551616628175519,0.4987875288683602,0.6424133949191685,298.0,208.0,119.0,208.33333333333334,False,direct_size_estimation_deferred,매장 면적·좌석·점포별 매출이 없어 규모별 적합도와 argmax 규모는 산출하지 않음,0.5737782565844572,0.9145496535796767,usable_area_profile,True,opportunity,True,0.6597517321016165,16.0
3120120,화곡역,11500,2140760825.0,296121.0,7229.34484551923,0.8866050808314089,0.8373015873015873,0.23809523809523808,0.623015873015873,0.32142857142857145,0.8333333333333334,0.9246031746031746,0.46825396825396826,0.05555555555555555,0.42063492063492064,BRD_20150052,빵장수단팥빵,0.8233256351039261,False,724.5170805708254,26.400757567542716,25,53,0.8181293302540416,True,0.842309468822171,0.8549653579676675,0.867621247113164,40.0,28.0,21.0,29.666666666666668,False,direct_size_estimation_deferred,매장 면적·좌석·점포별 매출이 없어 규모별 적합도와 argmax 규모는 산출하지 않음,0.4733969709533714,0.9584295612009238,usable_area_profile,True,opportunity,True,0.6524422632794458,17.0
3120153,노량진역(노량진),11590,595426544.0,103117.0,5774.2810981700395,0.7636258660508083,0.8611111111111112,0.5158730158730159,0.42857142857142855,0.753968253968254,0.9563492063492064,0.6626984126984127,0.11507936507936507,0.09523809523809523,0.5674603174603174,BRD_20150052,빵장수단팥빵,0.4907621247113164,False,1166.0274439347224,132.0075755359234,5,24,0.09526558891454966,True,0.572621247113164,0.6271939953810624,0.6817667436489607,163.0,126.0,89.0,126.0,False,direct_size_estimation_deferred,매장 면적·좌석·점포별 매출이 없어 규모별 적합도와 argmax 규모는 산출하지 않음,0.7485443820761991,0.8152424942263279,usable_area_profile,True,opportunity,True,0.6502771362586605,18.0
3120068,사가정역,11260,944293896.0,91431.0,10327.940151589723,0.8467667436489608,0.8492063492063492,0.40476190476190477,0.5,0.39285714285714285,0.623015873015873,0.5714285714285714,0.16666666666666666,0.32936507936507936,0.8134920634920635,BRD_20150052,빵장수단팥빵,0.5981524249422633,False,6157.967359432526,42.201895677975386,26,50,0.7725173210161662,True,0.6727367205542725,0.7224595842956121,0.7721824480369515,113.0,70.0,53.0,78.66666666666667,False,direct_size_estimation_deferred,매장 면적·좌석·점포별 매출이 없어 규모별 적합도와 argmax 규모는 산출하지 않음,0.41697034659327503,0.9838337182448037,usable_area_profile,True,opportunity,True,0.6449942263279447,19.0
3120175,남부터미널역,11650,960650667.0,103198.0,9308.810897498013,0.8390300230946882,0.7619047619047619,0.2857142857142857,0.7023809523809523,0.6785714285714286,0.8293650793650794,0.7777777777777778,0.42857142857142855,0.08333333333333333,0.5198412698412699,BRD_20150052,빵장수단팥빵,0.9780600461893765,False,7689.149822942897,49.929950906089985,13,46,0.4815242494226327,True,0.93635103926097,0.9085450346420323,0.8807390300230946,7.0,13.0,20.0,13.333333333333334,False,direct_size_estimation_deferred,매장 면적·좌석·점포별 매출이 없어 규모별 적합도와 argmax 규모는 산출하지 않음,0.6822444916288726,0.8521939953810623,usable_area_profile,True,opportunity,True,0.6448960739030023,20.0
3120166,방배역,11650,1455145059.0,122673.0,11861.983150326478,0.9176674364896074,0.7619047619047619,0.2857142857142857,0.7023809523809523,0.6785714285714286,0.8293650793650794,0.7777777777777778,0.42857142857142855,0.08333333333333333,0.5198412698412699,BRD_20211367,삼송빵집,0.9064665127020786,False,5150.52278901198,99.2975326976693,12,28,0.2673210161662818,True,0.9098267898383372,0.912066974595843,0.9143071593533487,6.0,4.0,3.0,4.333333333333333,False,direct_size_estimation_deferred,매장 면적·좌석·점포별 매출이 없어 규모별 적합도와 argmax 규모는 산출하지 않음,0.5888800985764943,0.8729792147806005,usable_area_profile,True,opportunity,True,0.7265127020785219,1.0
3120038,약수역,11140,1550178516.0,134777.0,11501.803096967584,0.9235565819861433,0.873015873015873,0.5793650793650794,0.6428571428571429,0.34523809523809523,0.8571428571428571,0.8214285714285714,0.0873015873015873,0.023809523809523808,0.8293650793650794,BRD_20211367,삼송빵집,0.17782909930715934,False,4921.42916236213,62.64183906448842,18,44,0.5508083140877598,True,0.4015473441108545,0.5506928406466514,0.699838337182448,265.0,160.0,88.0,171.0,False,direct_size_estimation_deferred,매장 면적·좌석·점포별 매출이 없어 규모별 적합도와 argmax 규모는 산출하지 않음,0.355374661498938,0.9792147806004619,usable_area_profile,True,opportunity,True,0.7190993071593534,2.0
3120188,압구정역,11680,1784647410.0,134975.0,13222.058973884052,0.9404157043879908,0.7817460317460317,0.18253968253968253,0.75,0.6468253968253969,0.8531746031746031,0.9206349206349206,0.4365079365079365,0.027777777777777776,0.4880952380952381,BRD_20211367,삼송빵집,0.8106235565819861,False,3136.502510755413,98.31073190628577,25,98,0.5323325635103926,True,0.8495612009237874,0.8755196304849885,0.9014780600461894,22.0,11.0,6.0,13.0,False,direct_size_estimation_deferred,매장 면적·좌석·점포별 매출이 없어 규모별 적합도와 argmax 규모는 산출하지 않음,0.5077565218087392,0.9284064665127021,usable_area_profile,True,opportunity,True,0.7159006928406466,3.0
3120165,서래마을카페거리(서래마을),11650,2971488955.0,159582.0,18620.45189933702,0.9718244803695151,0.7619047619047619,0.2857142857142857,0.7023809523809523,0.6785714285714286,0.8293650793650794,0.7777777777777778,0.42857142857142855,0.08333333333333333,0.5198412698412699,BRD_20211367,삼송빵집,0.9064665127020786,False,4747.001685280006,18.110770263065373,12,56,0.5814087759815242,True,0.9260739030023095,0.9391454965357968,0.9522170900692841,3.0,1.0,1.0,1.6666666666666667,True,direct_size_estimation_deferred,매장 면적·좌석·점포별 매출이 없어 규모별 적합도와 argmax 규모는 산출하지 않음,0.6591715163387367,0.8152424942263279,usable_area_profile,True,opportunity,True,0.6918648960739031,4.0
3110892,관악구 중앙길,11620,913081619.0,87290.0,10460.323278726086,0.8403002309468822,0.6944444444444444,0.5833333333333334,0.49603174603174605,0.8611111111111112,0.9801587301587301,0.8690476190476191,0.027777777777777776,0.051587301587301584,0.3412698412698413,BRD_20211367,삼송빵집,0.24133949191685913,False,5186.3085137810895,165.92166821826325,24,76,0.3978060046189376,True,0.421027713625866,0.5408198614318707,0.6606120092378752,253.0,164.0,104.0,173.66666666666666,False,direct_size_estimation_deferred,매장 면적·좌석·점포별 매출이 없어 규모별 적합도와 argmax 규모는 산출하지 않음,0.4873792095575538,0.9376443418013857,usable_area_profile,True,opportunity,True,0.6837875288683604,5.0
3110640,방화역 1번,11500,671414576.0,62982.0,10660.420056524086,0.7871824480369516,0.8373015873015873,0.23809523809523808,0.623015873015873,0.32142857142857145,0.8333333333333334,0.9246031746031746,0.46825396825396826,0.05555555555555555,0.42063492063492064,BRD_20211367,삼송빵집,0.7193995381062356,False,2779.3842843397356,241.56986569432095,5,25,0.02482678983833718,True,0.7397344110854503,0.7532909930715936,0.7668475750577368,70.0,49.0,47.0,55.333333333333336,False,direct_size_estimation_deferred,매장 면적·좌석·점포별 매출이 없어 규모별 적합도와 argmax 규모는 산출하지 않음,0.6477072761079382,0.8267898383371824,usable_area_profile,True,opportunity,True,0.6772632794457276,6.0
3120246,길동역,11740,916043297.0,88020.0,10407.217643717337,0.8409930715935335,0.8452380952380952,0.06746031746031746,0.7063492063492064,0.38492063492063494,0.6626984126984127,0.7182539682539683,0.5833333333333334,0.06746031746031746,0.6507936507936508,BRD_20211367,삼송빵집,0.6351039260969977,False,7511.365588214791,87.92041856413586,26,72,0.5767898383371824,True,0.6968706697459585,0.7380484988452656,0.7792263279445728,94.0,56.0,41.0,63.666666666666664,False,direct_size_estimation_deferred,매장 면적·좌석·점포별 매출이 없어 규모별 적합도와 argmax 규모는 산출하지 않음,0.35223559749264455,0.9861431870669746,usable_area_profile,True,opportunity,True,0.6718706697459585,7.0
3120009,종로3가역,11110,773341001.0,64864.0,11922.499398741984,0.8273672055427251,0.876984126984127,0.42857142857142855,0.503968253968254,0.75,0.9444444444444444,0.8531746031746031,0.2619047619047619,0.05952380952380952,0.3611111111111111,BRD_20211367,삼송빵집,0.4942263279445728,False,5518.69993749603,125.80143085865113,24,103,0.4532332563510392,True,0.5941685912240184,0.660796766743649,0.7274249422632794,151.0,101.0,70.0,107.33333333333333,False,direct_size_estimation_deferred,매장 면적·좌석·점포별 매출이 없어 규모별 적합도와 argmax 규모는 산출하지 않음,0.4905395117880487,0.9353348729792148,usable_area_profile,True,opportunity,True,0.6676674364896075,8.0
3120080,마들역,11350,1045100686.0,106340.0,9827.916926838443,0.858891454965358,0.8928571428571429,0.08333333333333333,0.7222222222222222,0.9444444444444444,0.7777777777777778,0.30158730158730157,0.38095238095238093,0.4444444444444444,0.6071428571428571,BRD_20211367,삼송빵집,0.5311778290993071,False,8068.954393217499,45.607017023633105,8,32,0.4087759815242494,True,0.6294919168591223,0.6950346420323326,0.7605773672055427,129.0,76.0,51.0,85.33333333333333,False,direct_size_estimation_deferred,매장 면적·좌석·점포별 매출이 없어 규모별 적합도와 argmax 규모는 산출하지 않음,0.6303381523437505,0.8406466512702079,usable_area_profile,True,opportunity,True,0.663267898383372,9.0
3120152,신대방삼거리역,11590,953145793.0,102228.0,9323.72532965528,0.8353348729792147,0.8611111111111112,0.5158730158730159,0.42857142857142855,0.753968253968254,0.9563492063492064,0.6626984126984127,0.11507936507936507,0.09523809523809523,0.5674603174603174,BRD_20211367,삼송빵집,0.5969976905311778,False,2502.205826878229,79.30952023733208,18,47,0.4780600461893764,True,0.6684988452655889,0.7161662817551963,0.7638337182448035,104.0,67.0,50.0,73.66666666666667,False,direct_size_estimation_deferred,매장 면적·좌석·점포별 매출이 없어 규모별 적합도와 argmax 규모는 산출하지 않음,0.5684322890323502,0.8845265588914549,usable_area_profile,True,opportunity,True,0.6530831408775982,10.0
3120037,동대문역사문화공원역,11140,991150857.0,75063.0,13204.253187322649,0.8695150115473441,0.873015873015873,0.5793650793650794,0.6428571428571429,0.34523809523809523,0.8571428571428571,0.8214285714285714,0.0873015873015873,0.023809523809523808,0.8293650793650794,BRD_20211367,삼송빵집,0.17782909930715934,False,4390.503046362286,125.25573836405046,15,74,0.2806004618937644,True,0.38533487297921476,0.5236720554272517,0.6620092378752886,277.0,182.0,102.0,187.0,False,direct_size_estimation_deferred,매장 면적·좌석·점포별 매출이 없어 규모별 적합도와 argmax 규모는 산출하지 않음,0.7717996747854008,0.7228637413394919,usable_area_profile,True,opportunity,True,0.6530023094688222,11.0
3120107,공덕역(공덕오거리),11440,1051109080.0,111230.0,9449.870358716174,0.8578521939953809,0.9404761904761905,0.4246031746031746,0.5833333333333334,0.9642857142857143,0.9880952380952381,0.9841269841269841,0.1111111111111111,0.011904761904761904,0.051587301587301584,BRD_20211367,삼송빵집,0.06351039260969978,False,4940.915097412014,80.05623025110103,24,77,0.575635103926097,True,0.30181293302540413,0.4606812933025404,0.6195496535796766,327.0,242.0,127.0,232.0,False,direct_size_estimation_deferred,매장 면적·좌석·점포별 매출이 없어 규모별 적합도와 argmax 규모는 산출하지 않음,0.5665402603412866,0.8914549653579676,usable_area_profile,True,opportunity,True,0.6529099307159354,12.0
3130222,오류시장,11530,677800421.0,66656.0,10168.633296327413,0.7894919168591223,0.8412698412698413,0.8373015873015873,0.5753968253968254,0.5238095238095238,0.7579365079365079,0.7380952380952381,0.18253968253968253,0.12698412698412698,0.7658730158730159,BRD_20211367,삼송빵집,0.5635103926096998,False,6081.266315508863,48.414873764798386,14,33,0.5161662817551963,True,0.6313048498845265,0.6765011547344111,0.7216974595842955,127.0,92.0,75.0,98.0,False,direct_size_estimation_deferred,매장 면적·좌석·점포별 매출이 없어 규모별 적합도와 argmax 규모는 산출하지 않음,0.41298028791691804,0.9630484988452656,usable_area_profile,True,opportunity,True,0.6457101616628175,13.0
3120175,남부터미널역,11650,960650667.0,103198.0,9308.810897498013,0.8390300230946882,0.7619047619047619,0.2857142857142857,0.7023809523809523,0.6785714285714286,0.8293650793650794,0.7777777777777778,0.42857142857142855,0.08333333333333333,0.5198412698412699,BRD_20211367,삼송빵집,0.9064665127020786,False,3303.006206487512,49.929950906089985,13,46,0.4815242494226327,True,0.8862355658198614,0.8727482678983833,0.8592609699769054,13.0,12.0,15.0,13.333333333333334,False,direct_size_estimation_deferred,매장 면적·좌석·점포별 매출이 없어 규모별 적합도와 argmax 규모는 산출하지 않음,0.623976023651211,0.8498845265588915,usable_area_profile,True,opportunity,True,0.6442032332563511,14.0
3120158,녹두거리(대학동),11620,695809095.0,79236.0,8781.476790852643,0.7778290993071594,0.6944444444444444,0.5833333333333334,0.49603174603174605,0.8611111111111112,0.9801587301587301,0.8690476190476191,0.027777777777777776,0.051587301587301584,0.3412698412698413,BRD_20211367,삼송빵집,0.24133949191685913,False,5663.442151218367,107.28000742995447,15,20,0.3140877598152425,True,0.4022863741339492,0.5095842956120092,0.6168822170900693,264.0,189.0,131.0,194.66666666666666,False,direct_size_estimation_deferred,매장 면적·좌석·점포별 매출이 없어 규모별 적합도와 argmax 규모는 산출하지 않음,0.58806347945058,0.8752886836027713,usable_area_profile,True,opportunity,True,0.6432794457274826,15.0
3120068,사가정역,11260,944293896.0,91431.0,10327.940151589723,0.8467667436489608,0.8492063492063492,0.40476190476190477,0.5,0.39285714285714285,0.623015873015873,0.5714285714285714,0.16666666666666666,0.32936507936507936,0.8134920634920635,BRD_20211367,삼송빵집,0.9445727482678984,False,1748.4121367867892,42.201895677975386,26,50,0.773094688221709,True,0.9152309468822171,0.8956697459584295,0.876108545034642,4.0,7.0,11.0,7.333333333333333,False,direct_size_estimation_deferred,매장 면적·좌석·점포별 매출이 없어 규모별 적합도와 argmax 규모는 산출하지 않음,0.3818750801422233,0.976905311778291,usable_area_profile,True,opportunity,True,0.6428290993071593,16.0
3130072,성동용답상가시장,11200,441220675.0,42751.0,10320.710041870365,0.6748267898383372,0.9206349206349206,0.38492063492063494,0.5555555555555556,0.9920634920634921,0.9841269841269841,0.9563492063492064,0.10317460317460317,0.015873015873015872,0.07936507936507936,BRD_20211367,삼송빵집,0.016166281755196306,False,2250.658792456432,135.0925608781212,10,28,0.1489607390300231,True,0.21376443418013857,0.34549653579676676,0.4772286374133949,381.0,323.0,220.0,308.0,False,direct_size_estimation_deferred,매장 면적·좌석·점포별 매출이 없어 규모별 적합도와 argmax 규모는 산출하지 않음,0.38571516686284435,0.9722863741339491,usable_area_profile,True,opportunity,True,0.6404965357967667,17.0
3120081,노원역,11350,1459224642.0,143889.0,10141.32172716469,0.8973441108545035,0.8928571428571429,0.08333333333333333,0.7222222222222222,0.9444444444444444,0.7777777777777778,0.30158730158730157,0.38095238095238093,0.4444444444444444,0.6071428571428571,BRD_20211367,삼송빵집,0.5311778290993071,False,6836.1337757425,36.878177844323965,34,60,0.8550808314087759,True,0.641027713625866,0.7142609699769054,0.7874942263279445,121.0,70.0,38.0,76.33333333333333,False,direct_size_estimation_deferred,매장 면적·좌석·점포별 매출이 없어 규모별 적합도와 argmax 규모는 산출하지 않음,0.5205822030797602,0.9168591224018476,usable_area_profile,True,opportunity,True,0.6403348729792149,18.0
3120120,화곡역,11500,2140760825.0,296121.0,7229.34484551923,0.8866050808314089,0.8373015873015873,0.23809523809523808,0.623015873015873,0.32142857142857145,0.8333333333333334,0.9246031746031746,0.46825396825396826,0.05555555555555555,0.42063492063492064,BRD_20211367,삼송빵집,0.7193995381062356,False,2012.8611477331376,26.400757567542716,25,54,0.8175519630484989,True,0.7695612009237875,0.8030023094688222,0.8364434180138569,58.0,29.0,20.0,35.666666666666664,False,direct_size_estimation_deferred,매장 면적·좌석·점포별 매출이 없어 규모별 적합도와 argmax 규모는 산출하지 않음,0.5446828419953111,0.9099307159353349,usable_area_profile,True,opportunity,True,0.6379792147806006,19.0
3120149,여의도역(여의도),11560,3585532298.0,257766.0,13910.02807973123,0.9752886836027713,0.8571428571428571,0.7698412698412699,0.5277777777777778,0.23809523809523808,0.9007936507936508,0.9761904761904762,0.3373015873015873,0.047619047619047616,0.25,BRD_20211367,삼송빵집,0.13394919168591224,False,1818.3687744656015,175.93180492668327,36,58,0.47979214780600465,True,0.38635103926097,0.5546189376443418,0.7228868360277135,276.0,155.0,73.0,168.0,False,direct_size_estimation_deferred,매장 면적·좌석·점포별 매출이 없어 규모별 적합도와 argmax 규모는 산출하지 않음,0.9724287529066917,0.5681293302540416,usable_area_profile,True,opportunity,True,0.634878752886836,20.0
3120069,상봉역,11260,1511381851.0,142985.0,10570.212616708046,0.9086605080831409,0.8492063492063492,0.40476190476190477,0.5,0.39285714285714285,0.623015873015873,0.5714285714285714,0.16666666666666666,0.32936507936507936,0.8134920634920635,BRD_20230468,소림사,0.8706697459584296,False,5607.677772457989,89.18520055817115,16,56,0.3937644341801385,True,0.8820669745958429,0.8896651270207853,0.8972632794457274,16.0,12.0,8.0,12.0,False,direct_size_estimation_deferred,매장 면적·좌석·점포별 매출이 없어 규모별 적합도와 argmax 규모는 산출하지 않음,0.5176113503269802,0.9561200923787528,usable_area_profile,True,opportunity,True,0.7275346420323325,1.0
3120188,압구정역,11680,1784647410.0,134975.0,13222.058973884052,0.9404157043879908,0.7817460317460317,0.18253968253968253,0.75,0.6468253968253969,0.8531746031746031,0.9206349206349206,0.4365079365079365,0.027777777777777776,0.4880952380952381,BRD_20230468,소림사,0.7066974595842956,False,4611.232047981395,98.31073190628577,25,98,0.5340646651270209,True,0.7768129330254041,0.8235565819861432,0.8703002309468822,59.0,29.0,16.0,34.666666666666664,False,direct_size_estimation_deferred,매장 면적·좌석·점포별 매출이 없어 규모별 적합도와 argmax 규모는 산출하지 않음,0.5152356103003339,0.9584295612009238,usable_area_profile,True,opportunity,True,0.724647806004619,2.0
3120037,동대문역사문화공원역,11140,991150857.0,75063.0,13204.253187322649,0.8695150115473441,0.873015873015873,0.5793650793650794,0.6428571428571429,0.34523809523809523,0.8571428571428571,0.8214285714285714,0.0873015873015873,0.023809523809523808,0.8293650793650794,BRD_20230468,소림사,0.26096997690531176,False,1705.5629569499367,125.25573836405046,15,74,0.2806004618937644,True,0.44353348729792147,0.5652424942263279,0.6869515011547344,244.0,152.0,90.0,162.0,False,direct_size_estimation_deferred,매장 면적·좌석·점포별 매출이 없어 규모별 적합도와 argmax 규모는 산출하지 않음,0.5405237524648763,0.9445727482678984,usable_area_profile,True,opportunity,True,0.7195150115473441,3.0
3120166,방배역,11650,1455145059.0,122673.0,11861.983150326478,0.9176674364896074,0.7619047619047619,0.2857142857142857,0.7023809523809523,0.6785714285714286,0.8293650793650794,0.7777777777777778,0.42857142857142855,0.08333333333333333,0.5198412698412699,BRD_20230468,소림사,0.9780600461893765,False,5713.48833901069,99.2975326976693,12,28,0.2684757505773672,True,0.9599422632794457,0.9478637413394919,0.935785219399538,3.0,3.0,3.0,3.0,False,direct_size_estimation_deferred,매장 면적·좌석·점포별 매출이 없어 규모별 적합도와 argmax 규모는 산출하지 않음,0.7531084528024812,0.8244803695150116,usable_area_profile,True,opportunity,True,0.7117898383371825,4.0
3110892,관악구 중앙길,11620,913081619.0,87290.0,10460.323278726086,0.8403002309468822,0.6944444444444444,0.5833333333333334,0.49603174603174605,0.8611111111111112,0.9801587301587301,0.8690476190476191,0.027777777777777776,0.051587301587301584,0.3412698412698413,BRD_20230468,소림사,0.34757505773672054,False,1979.0040424053163,165.92166821826325,24,76,0.39838337182448036,True,0.495392609699769,0.5939376443418014,0.6924826789838336,211.0,136.0,86.0,144.33333333333334,False,direct_size_estimation_deferred,매장 면적·좌석·점포별 매출이 없어 규모별 적합도와 argmax 규모는 산출하지 않음,0.42180319385918774,0.9884526558891455,usable_area_profile,True,opportunity,True,0.6989434180138568,5.0
3120038,약수역,11140,1550178516.0,134777.0,11501.803096967584,0.9235565819861433,0.873015873015873,0.5793650793650794,0.6428571428571429,0.34523809523809523,0.8571428571428571,0.8214285714285714,0.0873015873015873,0.023809523809523808,0.8293650793650794,BRD_20230468,소림사,0.26096997690531176,False,2747.816769761925,62.64183906448842,18,44,0.5525404157043879,True,0.45974595842956123,0.5922632794457275,0.7247806004618937,235.0,137.0,69.0,147.0,False,direct_size_estimation_deferred,매장 면적·좌석·점포별 매출이 없어 규모별 적합도와 argmax 규모는 산출하지 않음,0.6963820433465424,0.8660508083140878,usable_area_profile,True,opportunity,True,0.684890300230947,6.0
3001496,강남 마이스 관광특구,11680,1293218183.0,103941.0,12441.848577558423,0.9066974595842956,0.7817460317460317,0.18253968253968253,0.75,0.6468253968253969,0.8531746031746031,0.9206349206349206,0.4365079365079365,0.027777777777777776,0.4880952380952381,BRD_20230468,소림사,0.7066974595842956,False,4177.65316897119,97.94386148455335,20,41,0.4578521939953811,True,0.7666974595842956,0.8066974595842956,0.8466974595842955,64.0,36.0,24.0,41.333333333333336,False,direct_size_estimation_deferred,매장 면적·좌석·점포별 매출이 없어 규모별 적합도와 argmax 규모는 산출하지 않음,0.7419993643927456,0.8337182448036952,usable_area_profile,True,opportunity,True,0.680121247113164,7.0
3120107,공덕역(공덕오거리),11440,1051109080.0,111230.0,9449.870358716174,0.8578521939953809,0.9404761904761905,0.4246031746031746,0.5833333333333334,0.9642857142857143,0.9880952380952381,0.9841269841269841,0.1111111111111111,0.011904761904761904,0.051587301587301584,BRD_20230468,소림사,0.049653579676674366,False,2166.5502532804,80.05623025110103,24,77,0.5785219399538106,True,0.2921131639722863,0.45375288683602766,0.6153926096997689,336.0,249.0,140.0,241.66666666666666,False,direct_size_estimation_deferred,매장 면적·좌석·점포별 매출이 없어 규모별 적합도와 argmax 규모는 산출하지 않음,0.4429433892550649,0.9815242494226328,usable_area_profile,True,opportunity,True,0.6794976905311779,8.0
3120149,여의도역(여의도),11560,3585532298.0,257766.0,13910.02807973123,0.9752886836027713,0.8571428571428571,0.7698412698412699,0.5277777777777778,0.23809523809523808,0.9007936507936508,0.9761904761904762,0.3373015873015873,0.047619047619047616,0.25,BRD_20230468,소림사,0.21709006928406466,False,3344.125147217018,175.93180492668327,36,58,0.47979214780600465,True,0.4445496535796767,0.596189376443418,0.7478290993071592,243.0,135.0,62.0,146.66666666666666,False,direct_size_estimation_deferred,매장 면적·좌석·점포별 매출이 없어 규모별 적합도와 argmax 규모는 산출하지 않음,0.9093980263749852,0.6951501154734412,usable_area_profile,True,opportunity,True,0.6729849884526559,9.0
3120153,노량진역(노량진),11590,595426544.0,103117.0,5774.2810981700395,0.7636258660508083,0.8611111111111112,0.5158730158730159,0.42857142857142855,0.753968253968254,0.9563492063492064,0.6626984126984127,0.11507936507936507,0.09523809523809523,0.5674603174603174,BRD_20230468,소림사,0.9018475750577367,False,2461.528996417717,132.0075755359234,5,24,0.09526558891454966,True,0.8603810623556583,0.8327367205542725,0.8050923787528868,24.0,26.0,37.0,29.0,False,direct_size_estimation_deferred,매장 면적·좌석·점포별 매출이 없어 규모별 적합도와 argmax 규모는 산출하지 않음,0.6775002310881403,0.8845265588914549,usable_area_profile,True,opportunity,True,0.6710623556581986,10.0
3120175,남부터미널역,11650,960650667.0,103198.0,9308.810897498013,0.8390300230946882,0.7619047619047619,0.2857142857142857,0.7023809523809523,0.6785714285714286,0.8293650793650794,0.7777777777777778,0.42857142857142855,0.08333333333333333,0.5198412698412699,BRD_20230468,소림사,0.9780600461893765,False,6581.985718600751,49.929950906089985,13,46,0.4826789838337182,True,0.93635103926097,0.9085450346420323,0.8807390300230946,7.0,7.0,15.0,9.666666666666666,False,direct_size_estimation_deferred,매장 면적·좌석·점포별 매출이 없어 규모별 적합도와 argmax 규모는 산출하지 않음,0.5992652784820656,0.9260969976905312,usable_area_profile,True,opportunity,True,0.6668937644341802,11.0
3120006,종각역,11110,3016948830.0,169455.0,17803.834823404442,0.9732101616628176,0.876984126984127,0.42857142857142855,0.503968253968254,0.75,0.9444444444444444,0.8531746031746031,0.2619047619047619,0.05952380952380952,0.3611111111111111,BRD_20230468,소림사,0.7990762124711316,False,817.883243487563,42.201895712860484,34,121,0.8285219399538106,True,0.8513163972286373,0.8861431870669746,0.9209699769053117,26.0,13.0,5.0,14.666666666666666,True,direct_size_estimation_deferred,매장 면적·좌석·점포별 매출이 없어 규모별 적합도와 argmax 규모는 산출하지 않음,0.7220956853044487,0.8498845265588915,usable_area_profile,True,opportunity,True,0.6659526558891455,12.0
3120120,화곡역,11500,2140760825.0,296121.0,7229.34484551923,0.8866050808314089,0.8373015873015873,0.23809523809523808,0.623015873015873,0.32142857142857145,0.8333333333333334,0.9246031746031746,0.46825396825396826,0.05555555555555555,0.42063492063492064,BRD_20230468,소림사,0.4976905311778291,False,8279.959903281882,26.400757567542716,25,54,0.8181293302540416,True,0.614364896073903,0.692147806004619,0.7699307159353349,140.0,88.0,50.0,92.66666666666667,False,direct_size_estimation_deferred,매장 면적·좌석·점포별 매출이 없어 규모별 적합도와 argmax 규모는 산출하지 않음,0.4330121705346356,0.9838337182448037,usable_area_profile,True,opportunity,True,0.6600635103926098,13.0
3120165,서래마을카페거리(서래마을),11650,2971488955.0,159582.0,18620.45189933702,0.9718244803695151,0.7619047619047619,0.2857142857142857,0.7023809523809523,0.6785714285714286,0.8293650793650794,0.7777777777777778,0.42857142857142855,0.08333333333333333,0.5198412698412699,BRD_20230468,소림사,0.9780600461893765,False,4308.540936317609,18.110770263065373,12,56,0.5814087759815242,True,0.976189376443418,0.9749422632794458,0.9736951501154734,1.0,1.0,1.0,1.0,True,direct_size_estimation_deferred,매장 면적·좌석·점포별 매출이 없어 규모별 적합도와 argmax 규모는 산출하지 않음,0.934151593226454,0.674364896073903,usable_area_profile,True,opportunity,True,0.6496016166281757,14.0
3120080,마들역,11350,1045100686.0,106340.0,9827.916926838443,0.858891454965358,0.8928571428571429,0.08333333333333333,0.7222222222222222,0.9444444444444444,0.7777777777777778,0.30158730158730157,0.38095238095238093,0.4444444444444444,0.6071428571428571,BRD_20230468,소림사,0.16397228637413394,False,11736.538927635498,45.607017023633105,8,32,0.40993071593533487,True,0.37244803695150114,0.5114318706697459,0.6504157043879908,287.0,195.0,112.0,198.0,False,direct_size_estimation_deferred,매장 면적·좌석·점포별 매출이 없어 규모별 적합도와 argmax 규모는 산출하지 않음,0.8058750789570489,0.7875288683602771,usable_area_profile,True,opportunity,True,0.6471593533487299,15.0
3120246,길동역,11740,916043297.0,88020.0,10407.217643717337,0.8409930715935335,0.8452380952380952,0.06746031746031746,0.7063492063492064,0.38492063492063494,0.6626984126984127,0.7182539682539683,0.5833333333333334,0.06746031746031746,0.6507936507936508,BRD_20230468,소림사,0.38799076212471134,False,985.6003246902734,87.92041856413586,26,71,0.5767898383371824,True,0.5238914549653579,0.6144919168591224,0.7050923787528869,199.0,127.0,76.0,134.0,False,direct_size_estimation_deferred,매장 면적·좌석·점포별 매출이 없어 규모별 적합도와 argmax 규모는 산출하지 않음,0.6442691216031284,0.8983833718244804,usable_area_profile,True,opportunity,True,0.6455427251732102,16.0
3120081,노원역,11350,1459224642.0,143889.0,10141.32172716469,0.8973441108545035,0.8928571428571429,0.08333333333333333,0.7222222222222222,0.9444444444444444,0.7777777777777778,0.30158730158730157,0.38095238095238093,0.4444444444444444,0.6071428571428571,BRD_20230468,소림사,0.16397228637413394,False,10975.76184143841,36.878177844323965,34,60,0.8550808314087759,True,0.3839838337182448,0.5306581986143187,0.6773325635103926,279.0,182.0,95.0,185.33333333333334,False,direct_size_estimation_deferred,매장 면적·좌석·점포별 매출이 없어 규모별 적합도와 argmax 규모는 산출하지 않음,0.5798419560146009,0.9330254041570438,usable_area_profile,True,opportunity,True,0.6451847575057738,17.5
3120158,녹두거리(대학동),11620,695809095.0,79236.0,8781.476790852643,0.7778290993071594,0.6944444444444444,0.5833333333333334,0.49603174603174605,0.8611111111111112,0.9801587301587301,0.8690476190476191,0.027777777777777776,0.051587301587301584,0.3412698412698413,BRD_20230468,소림사,0.34757505773672054,False,1614.0043370498913,107.28000742995447,15,20,0.31524249422632794,True,0.47665127020785214,0.56270207852194,0.6487528868360277,223.0,154.0,114.0,163.66666666666666,False,direct_size_estimation_deferred,매장 면적·좌석·점포별 매출이 없어 규모별 적합도와 argmax 규모는 산출하지 않음,0.6778725541583833,0.8822170900692841,usable_area_profile,True,opportunity,True,0.6451847575057738,17.5
3120028,명동(명동거리),11140,1220806458.0,114833.0,10631.14660419914,0.888799076212471,0.873015873015873,0.5793650793650794,0.6428571428571429,0.34523809523809523,0.8571428571428571,0.8214285714285714,0.0873015873015873,0.023809523809523808,0.8293650793650794,BRD_20230468,소림사,0.26096997690531176,False,1434.1635192731487,30.675723307169914,43,94,0.9053117782909931,True,0.4493187066974595,0.5748845265588913,0.7004503464203231,239.0,146.0,79.0,154.66666666666666,False,direct_size_estimation_deferred,매장 면적·좌석·점포별 매출이 없어 규모별 적합도와 argmax 규모는 산출하지 않음,0.47261572509234406,0.9722863741339491,usable_area_profile,True,opportunity,True,0.6447286374133949,19.0
3130002,세종마을음식문화거리(금천교시장),11110,1427114674.0,119648.0,11927.609939154854,0.9169745958429562,0.876984126984127,0.42857142857142855,0.503968253968254,0.75,0.9444444444444444,0.8531746031746031,0.2619047619047619,0.05952380952380952,0.3611111111111111,BRD_20230468,소림사,0.7990762124711316,False,1846.0479408413555,20.248456733787368,42,68,0.9359122401847575,True,0.8344457274826789,0.8580254041570439,0.8816050808314088,34.0,21.0,14.0,23.0,False,direct_size_estimation_deferred,매장 면적·좌석·점포별 매출이 없어 규모별 적합도와 argmax 규모는 산출하지 않음,0.5797772351431207,0.9353348729792148,usable_area_profile,True,opportunity,True,0.6445496535796768,20.0
3120166,방배역,11650,1455145059.0,122673.0,11861.983150326478,0.9176674364896074,0.7619047619047619,0.2857142857142857,0.7023809523809523,0.6785714285714286,0.8293650793650794,0.7777777777777778,0.42857142857142855,0.08333333333333333,0.5198412698412699,BRD_20140288,스트릿츄러스,0.9780600461893765,False,2513.5252137350526,99.2975326976693,12,28,0.2673210161662818,True,0.9599422632794457,0.9478637413394919,0.935785219399538,3.0,3.0,5.0,3.6666666666666665,False,direct_size_estimation_deferred,매장 면적·좌석·점포별 매출이 없어 규모별 적합도와 argmax 규모는 산출하지 않음,0.4700150412050755,0.9630484988452656,usable_area_profile,True,opportunity,True,0.7535334872979215,1.0
3120188,압구정역,11680,1784647410.0,134975.0,13222.058973884052,0.9404157043879908,0.7817460317460317,0.18253968253968253,0.75,0.6468253968253969,0.8531746031746031,0.9206349206349206,0.4365079365079365,0.027777777777777776,0.4880952380952381,BRD_20140288,스트릿츄러스,0.7205542725173211,False,2950.8968128188217,98.31073190628577,25,98,0.5323325635103926,True,0.7865127020785219,0.830484988452656,0.8744572748267898,53.0,27.0,18.0,32.666666666666664,False,direct_size_estimation_deferred,매장 면적·좌석·점포별 매출이 없어 규모별 적합도와 argmax 규모는 산출하지 않음,0.3812848977905176,0.9930715935334873,usable_area_profile,True,opportunity,True,0.7353002309468821,2.0
3120069,상봉역,11260,1511381851.0,142985.0,10570.212616708046,0.9086605080831409,0.8492063492063492,0.40476190476190477,0.5,0.39285714285714285,0.623015873015873,0.5714285714285714,0.16666666666666666,0.32936507936507936,0.8134920634920635,BRD_20140288,스트릿츄러스,0.9399538106235565,False,3730.3652636260695,89.18520055817115,16,56,0.3920323325635104,True,0.9305658198614317,0.9243071593533487,0.9180484988452655,8.0,6.0,7.0,7.0,False,direct_size_estimation_deferred,매장 면적·좌석·점포별 매출이 없어 규모별 적합도와 argmax 규모는 산출하지 않음,0.47818066044441343,0.9584295612009238,usable_area_profile,True,opportunity,True,0.728487297921478,3.0
3120038,약수역,11140,1550178516.0,134777.0,11501.803096967584,0.9235565819861433,0.873015873015873,0.5793650793650794,0.6428571428571429,0.34523809523809523,0.8571428571428571,0.8214285714285714,0.0873015873015873,0.023809523809523808,0.8293650793650794,BRD_20140288,스트릿츄러스,0.20092378752886836,False,5352.116964325364,62.64183906448842,18,44,0.5502309468822171,True,0.4177136258660509,0.5622401847575058,0.7067667436489607,261.0,162.0,84.0,169.0,False,direct_size_estimation_deferred,매장 면적·좌석·점포별 매출이 없어 규모별 적합도와 argmax 규모는 산출하지 않음,0.4953516318471608,0.9422632794457275,usable_area_profile,True,opportunity,True,0.7081004618937646,4.0
3120165,서래마을카페거리(서래마을),11650,2971488955.0,159582.0,18620.45189933702,0.9718244803695151,0.7619047619047619,0.2857142857142857,0.7023809523809523,0.6785714285714286,0.8293650793650794,0.7777777777777778,0.42857142857142855,0.08333333333333333,0.5198412698412699,BRD_20140288,스트릿츄러스,0.9780600461893765,False,754.4461544881242,18.110770263065373,12,55,0.5814087759815242,True,0.976189376443418,0.9749422632794458,0.9736951501154734,1.0,1.0,1.0,1.0,True,direct_size_estimation_deferred,매장 면적·좌석·점포별 매출이 없어 규모별 적합도와 argmax 규모는 산출하지 않음,0.6470010547858626,0.8452655889145496,usable_area_profile,True,opportunity,True,0.7008718244803696,5.0
3110640,방화역 1번,11500,671414576.0,62982.0,10660.420056524086,0.7871824480369516,0.8373015873015873,0.23809523809523808,0.623015873015873,0.32142857142857145,0.8333333333333334,0.9246031746031746,0.46825396825396826,0.05555555555555555,0.42063492063492064,BRD_20140288,스트릿츄러스,0.7748267898383372,False,1335.611470416183,241.56986569432095,5,25,0.02482678983833718,True,0.7785334872979215,0.7810046189376444,0.7834757505773673,55.0,42.0,42.0,46.333333333333336,False,direct_size_estimation_deferred,매장 면적·좌석·점포별 매출이 없어 규모별 적합도와 argmax 규모는 산출하지 않음,0.6752448707057923,0.8175519630484989,usable_area_profile,True,opportunity,True,0.6744919168591226,6.0
3120080,마들역,11350,1045100686.0,106340.0,9827.916926838443,0.858891454965358,0.8928571428571429,0.08333333333333333,0.7222222222222222,0.9444444444444444,0.7777777777777778,0.30158730158730157,0.38095238095238093,0.4444444444444444,0.6071428571428571,BRD_20140288,스트릿츄러스,0.24480369515011546,False,5118.002442342779,45.607017023633105,8,32,0.4093533487297921,True,0.4290300230946882,0.5518475750577367,0.6746651270207852,251.0,172.0,101.0,174.66666666666666,False,direct_size_estimation_deferred,매장 면적·좌석·점포별 매출이 없어 규모별 적합도와 argmax 규모는 산출하지 않음,0.6213752140574804,0.8706697459584296,usable_area_profile,True,opportunity,True,0.672188221709007,7.0
3110892,관악구 중앙길,11620,913081619.0,87290.0,10460.323278726086,0.8403002309468822,0.6944444444444444,0.5833333333333334,0.49603174603174605,0.8611111111111112,0.9801587301587301,0.8690476190476191,0.027777777777777776,0.051587301587301584,0.3412698412698413,BRD_20140288,스트릿츄러스,0.5277136258660509,False,5032.662913416558,165.92166821826325,24,76,0.3978060046189376,True,0.6214896073903002,0.6840069284064665,0.7465242494226327,145.0,93.0,60.0,99.33333333333333,False,direct_size_estimation_deferred,매장 면적·좌석·점포별 매출이 없어 규모별 적합도와 argmax 규모는 산출하지 않음,0.5750972957446459,0.8983833718244804,usable_area_profile,True,opportunity,True,0.6720092378752887,8.0
3120009,종로3가역,11110,773341001.0,64864.0,11922.499398741984,0.8273672055427251,0.876984126984127,0.42857142857142855,0.503968253968254,0.75,0.9444444444444444,0.8531746031746031,0.2619047619047619,0.05952380952380952,0.3611111111111111,BRD_20140288,스트릿츄러스,0.8614318706697459,False,4397.763067770533,125.80143085865113,24,103,0.4532332563510392,True,0.8512124711316396,0.8443995381062355,0.8375866050808313,24.0,22.0,28.0,24.666666666666668,False,direct_size_estimation_deferred,매장 면적·좌석·점포별 매출이 없어 규모별 적합도와 argmax 규모는 산출하지 않음,0.49356682764611803,0.9445727482678984,usable_area_profile,True,opportunity,True,0.6704387990762125,9.0
3120107,공덕역(공덕오거리),11440,1051109080.0,111230.0,9449.870358716174,0.8578521939953809,0.9404761904761905,0.4246031746031746,0.5833333333333334,0.9642857142857143,0.9880952380952381,0.9841269841269841,0.1111111111111111,0.011904761904761904,0.051587301587301584,BRD_20140288,스트릿츄러스,0.07043879907621248,False,2480.621897863063,80.05623025110103,24,77,0.575635103926097,True,0.306662817551963,0.46414549653579673,0.6216281755196303,331.0,237.0,133.0,233.66666666666666,False,direct_size_estimation_deferred,매장 면적·좌석·점포별 매출이 없어 규모별 적합도와 argmax 규모는 산출하지 않음,0.5191586205875993,0.9284064665127021,usable_area_profile,True,opportunity,True,0.6639953810623557,10.0
3120246,길동역,11740,916043297.0,88020.0,10407.217643717337,0.8409930715935335,0.8452380952380952,0.06746031746031746,0.7063492063492064,0.38492063492063494,0.6626984126984127,0.7182539682539683,0.5833333333333334,0.06746031746031746,0.6507936507936508,BRD_20140288,스트릿츄러스,0.8175519630484989,False,11684.474870539088,87.92041856413586,26,72,0.5750577367205543,True,0.8245842956120092,0.8292725173210163,0.8339607390300231,39.0,28.0,29.0,32.0,False,direct_size_estimation_deferred,매장 면적·좌석·점포별 매출이 없어 규모별 적합도와 argmax 규모는 산출하지 않음,0.5141040236177097,0.930715935334873,usable_area_profile,True,opportunity,True,0.6555023094688223,11.0
3120120,화곡역,11500,2140760825.0,296121.0,7229.34484551923,0.8866050808314089,0.8373015873015873,0.23809523809523808,0.623015873015873,0.32142857142857145,0.8333333333333334,0.9246031746031746,0.46825396825396826,0.05555555555555555,0.42063492063492064,BRD_20140288,스트릿츄러스,0.7748267898383372,False,2094.595426346399,26.400757567542716,25,54,0.8175519630484989,True,0.8083602771362587,0.830715935334873,0.8530715935334874,47.0,26.0,22.0,31.666666666666668,False,direct_size_estimation_deferred,매장 면적·좌석·점포별 매출이 없어 규모별 적합도와 argmax 규모는 산출하지 않음,0.46295516591254104,0.9653579676674365,usable_area_profile,True,opportunity,True,0.6546073903002311,12.0
3120152,신대방삼거리역,11590,953145793.0,102228.0,9323.72532965528,0.8353348729792147,0.8611111111111112,0.5158730158730159,0.42857142857142855,0.753968253968254,0.9563492063492064,0.6626984126984127,0.11507936507936507,0.09523809523809523,0.5674603174603174,BRD_20140288,스트릿츄러스,0.6339491916859122,False,3942.8250024136496,79.30952023733208,18,47,0.4774826789838337,True,0.694364896073903,0.7346420323325635,0.7749191685912239,102.0,69.0,47.0,72.66666666666667,False,direct_size_estimation_deferred,매장 면적·좌석·점포별 매출이 없어 규모별 적합도와 argmax 규모는 산출하지 않음,0.5874670806403124,0.8868360277136259,usable_area_profile,True,opportunity,True,0.6538625866050809,13.0
3120081,노원역,11350,1459224642.0,143889.0,10141.32172716469,0.8973441108545035,0.8928571428571429,0.08333333333333333,0.7222222222222222,0.9444444444444444,0.7777777777777778,0.30158730158730157,0.38095238095238093,0.4444444444444444,0.6071428571428571,BRD_20140288,스트릿츄러스,0.24480369515011546,False,3978.39075504944,36.878177844323965,34,60,0.8550808314087759,True,0.44056581986143184,0.5710739030023095,0.701581986143187,238.0,159.0,89.0,162.0,False,direct_size_estimation_deferred,매장 면적·좌석·점포별 매출이 없어 규모별 적합도와 argmax 규모는 산출하지 않음,0.4808383324802913,0.9561200923787528,usable_area_profile,True,opportunity,True,0.6521131639722865,14.0
3120201,도곡1동,11680,649721874.0,58337.0,11137.38920410717,0.7846420323325634,0.7817460317460317,0.18253968253968253,0.75,0.6468253968253969,0.8531746031746031,0.9206349206349206,0.4365079365079365,0.027777777777777776,0.4880952380952381,BRD_20140288,스트릿츄러스,0.7205542725173211,False,3436.924497281101,87.09190547353441,10,65,0.26501154734411086,True,0.7397806004618936,0.7525981524249422,0.7654157043879906,78.0,58.0,52.0,62.666666666666664,False,direct_size_estimation_deferred,매장 면적·좌석·점포별 매출이 없어 규모별 적합도와 argmax 규모는 산출하지 않음,0.628465752250668,0.8660508083140878,usable_area_profile,True,opportunity,True,0.6516166281755196,15.0
3120079,창동역,11320,765698620.0,76216.0,10046.428833840664,0.8071593533487298,0.7182539682539683,0.11904761904761904,0.6071428571428571,0.25793650793650796,0.3611111111111111,0.24603174603174602,0.19047619047619047,0.4246031746031746,0.9126984126984127,BRD_20140288,스트릿츄러스,0.019630484988452657,False,3717.514492222464,91.21403398036323,16,24,0.38394919168591224,True,0.2558891454965358,0.4133949191685912,0.5709006928406466,366.0,280.0,170.0,272.0,False,direct_size_estimation_deferred,매장 면적·좌석·점포별 매출이 없어 규모별 적합도와 argmax 규모는 산출하지 않음,0.596391017159844,0.8822170900692841,usable_area_profile,True,opportunity,True,0.6510103926096998,16.0
3130072,성동용답상가시장,11200,441220675.0,42751.0,10320.710041870365,0.6748267898383372,0.9206349206349206,0.38492063492063494,0.5555555555555556,0.9920634920634921,0.9841269841269841,0.9563492063492064,0.10317460317460317,0.015873015873015872,0.07936507936507936,BRD_20140288,스트릿츄러스,0.13394919168591224,False,6209.884056905801,135.0925608781212,10,28,0.14953810623556585,True,0.29621247113163973,0.4043879907621247,0.5125635103926097,340.0,287.0,210.0,279.0,False,direct_size_estimation_deferred,매장 면적·좌석·점포별 매출이 없어 규모별 적합도와 argmax 규모는 산출하지 않음,0.398120967798322,0.9907621247113164,usable_area_profile,True,opportunity,True,0.6459526558891455,17.0
3120068,사가정역,11260,944293896.0,91431.0,10327.940151589723,0.8467667436489608,0.8492063492063492,0.40476190476190477,0.5,0.39285714285714285,0.623015873015873,0.5714285714285714,0.16666666666666666,0.32936507936507936,0.8134920634920635,BRD_20140288,스트릿츄러스,0.9399538106235565,False,5077.116996891556,42.201895677975386,26,50,0.7713625866050808,True,0.9119976905311777,0.8933602771362587,0.8747228637413395,11.0,15.0,17.0,14.333333333333334,False,direct_size_estimation_deferred,매장 면적·좌석·점포별 매출이 없어 규모별 적합도와 argmax 규모는 산출하지 않음,0.42958563210247813,0.9792147806004619,usable_area_profile,True,opportunity,True,0.6437817551963049,18.0
3120037,동대문역사문화공원역,11140,991150857.0,75063.0,13204.253187322649,0.8695150115473441,0.873015873015873,0.5793650793650794,0.6428571428571429,0.34523809523809523,0.8571428571428571,0.8214285714285714,0.0873015873015873,0.023809523809523808,0.8293650793650794,BRD_20140288,스트릿츄러스,0.20092378752886836,False,5785.321080145272,125.25573836405046,15,74,0.28002309468822173,True,0.40150115473441106,0.5352193995381063,0.6689376443418014,274.0,183.0,106.0,187.66666666666666,False,direct_size_estimation_deferred,매장 면적·좌석·점포별 매출이 없어 규모별 적합도와 argmax 규모는 산출하지 않음,0.8376532771210061,0.6674364896073903,usable_area_profile,True,opportunity,True,0.6364607390300231,19.0
3120133,서울시흥동우체국(홈플러스시흥점),11545,637795918.0,60754.0,10498.00701188399,0.7765588914549653,0.753968253968254,0.7420634920634921,0.3531746031746032,0.24206349206349206,0.8690476190476191,0.873015873015873,0.04365079365079365,0.13095238095238096,0.6785714285714286,BRD_20140288,스트릿츄러스,0.1605080831408776,False,5642.094026164598,60.20797286767192,15,45,0.4821016166281755,True,0.3453233256351039,0.46853348729792144,0.5917436489607388,309.0,232.0,157.0,232.66666666666666,False,direct_size_estimation_deferred,매장 면적·좌석·점포별 매출이 없어 규모별 적합도와 argmax 규모는 산출하지 않음,0.4997789958870685,0.9376443418013857,usable_area_profile,True,opportunity,True,0.6360854503464202,20.0
3120166,방배역,11650,1455145059.0,122673.0,11861.983150326478,0.9176674364896074,0.7619047619047619,0.2857142857142857,0.7023809523809523,0.6785714285714286,0.8293650793650794,0.7777777777777778,0.42857142857142855,0.08333333333333333,0.5198412698412699,BRD_20160521,심봉사도로케,0.9064665127020786,False,5788.72075681363,99.2975326976693,12,28,0.2673210161662818,True,0.9098267898383372,0.912066974595843,0.9143071593533487,7.0,5.0,7.0,6.333333333333333,False,direct_size_estimation_deferred,매장 면적·좌석·점포별 매출이 없어 규모별 적합도와 argmax 규모는 산출하지 않음,0.5558439096345259,0.8914549653579676,usable_area_profile,True,opportunity,True,0.7320554272517321,1.0
3120038,약수역,11140,1550178516.0,134777.0,11501.803096967584,0.9235565819861433,0.873015873015873,0.5793650793650794,0.6428571428571429,0.34523809523809523,0.8571428571428571,0.8214285714285714,0.0873015873015873,0.023809523809523808,0.8293650793650794,BRD_20160521,심봉사도로케,0.14780600461893764,False,2629.0798770863585,62.64183906448842,18,44,0.5508083140877598,True,0.38053117782909934,0.5356812933025404,0.6908314087759816,281.0,187.0,93.0,187.0,False,direct_size_estimation_deferred,매장 면적·좌석·점포별 매출이 없어 규모별 적합도와 argmax 규모는 산출하지 않음,0.3831755678252721,0.9792147806004619,usable_area_profile,True,opportunity,True,0.7190993071593534,2.0
3120188,압구정역,11680,1784647410.0,134975.0,13222.058973884052,0.9404157043879908,0.7817460317460317,0.18253968253968253,0.75,0.6468253968253969,0.8531746031746031,0.9206349206349206,0.4365079365079365,0.027777777777777776,0.4880952380952381,BRD_20160521,심봉사도로케,0.6073903002309469,False,4095.381423035237,98.31073190628577,25,98,0.5323325635103926,True,0.7072979214780599,0.7739030023094688,0.8405080831408775,92.0,45.0,25.0,54.0,False,direct_size_estimation_deferred,매장 면적·좌석·점포별 매출이 없어 규모별 적합도와 argmax 규모는 산출하지 않음,0.4867308628847694,0.9284064665127021,usable_area_profile,True,opportunity,True,0.7159006928406466,3.0
3120069,상봉역,11260,1511381851.0,142985.0,10570.212616708046,0.9086605080831409,0.8492063492063492,0.40476190476190477,0.5,0.39285714285714285,0.623015873015873,0.5714285714285714,0.16666666666666666,0.32936507936507936,0.8134920634920635,BRD_20160521,심봉사도로케,0.9445727482678984,False,5834.943358744293,89.18520055817115,16,56,0.3920323325635104,True,0.933799076212471,0.9266166281755197,0.9194341801385681,2.0,3.0,5.0,3.3333333333333335,True,direct_size_estimation_deferred,매장 면적·좌석·점포별 매출이 없어 규모별 적합도와 argmax 규모는 산출하지 않음,0.5572366934724896,0.8891454965357968,usable_area_profile,True,opportunity,True,0.7077020785219401,4.0
3110640,방화역 1번,11500,671414576.0,62982.0,10660.420056524086,0.7871824480369516,0.8373015873015873,0.23809523809523808,0.623015873015873,0.32142857142857145,0.8333333333333334,0.9246031746031746,0.46825396825396826,0.05555555555555555,0.42063492063492064,BRD_20160521,심봉사도로케,0.7748267898383372,False,3569.7082513759183,241.56986569432095,5,25,0.02482678983833718,True,0.7785334872979215,0.7810046189376444,0.7834757505773673,57.0,42.0,36.0,45.0,False,direct_size_estimation_deferred,매장 면적·좌석·점포별 매출이 없어 규모별 적합도와 argmax 규모는 산출하지 않음,0.6203671289907009,0.8475750577367206,usable_area_profile,True,opportunity,True,0.683498845265589,5.0
3120009,종로3가역,11110,773341001.0,64864.0,11922.499398741984,0.8273672055427251,0.876984126984127,0.42857142857142855,0.503968253968254,0.75,0.9444444444444444,0.8531746031746031,0.2619047619047619,0.05952380952380952,0.3611111111111111,BRD_20160521,심봉사도로케,0.8175519630484989,False,4363.655004706309,125.80143085865113,24,103,0.4532332563510392,True,0.8204965357967666,0.822459584295612,0.8244226327944572,38.0,30.0,29.0,32.333333333333336,False,direct_size_estimation_deferred,매장 면적·좌석·점포별 매출이 없어 규모별 적합도와 argmax 규모는 산출하지 않음,0.43039759750039597,0.9630484988452656,usable_area_profile,True,opportunity,True,0.6759815242494226,6.0
3120246,길동역,11740,916043297.0,88020.0,10407.217643717337,0.8409930715935335,0.8452380952380952,0.06746031746031746,0.7063492063492064,0.38492063492063494,0.6626984126984127,0.7182539682539683,0.5833333333333334,0.06746031746031746,0.6507936507936508,BRD_20160521,심봉사도로케,0.8614318706697459,False,9253.147032215842,87.92041856413586,26,72,0.5750577367205543,True,0.8553002309468821,0.8512124711316398,0.8471247113163972,25.0,22.0,22.0,23.0,False,direct_size_estimation_deferred,매장 면적·좌석·점포별 매출이 없어 규모별 적합도와 argmax 규모는 산출하지 않음,0.34399387472882337,0.9861431870669746,usable_area_profile,True,opportunity,True,0.6721304849884527,7.0
3110892,관악구 중앙길,11620,913081619.0,87290.0,10460.323278726086,0.8403002309468822,0.6944444444444444,0.5833333333333334,0.49603174603174605,0.8611111111111112,0.9801587301587301,0.8690476190476191,0.027777777777777776,0.051587301587301584,0.3412698412698413,BRD_20160521,심봉사도로케,0.33140877598152424,False,2483.609671452951,165.92166821826325,24,76,0.3978060046189376,True,0.4840762124711316,0.5858545034642032,0.6876327944572748,228.0,146.0,95.0,156.33333333333334,False,direct_size_estimation_deferred,매장 면적·좌석·점포별 매출이 없어 규모별 적합도와 argmax 규모는 산출하지 않음,0.5480563508633881,0.8937644341801385,usable_area_profile,True,opportunity,True,0.6706235565819862,8.0
3120165,서래마을카페거리(서래마을),11650,2971488955.0,159582.0,18620.45189933702,0.9718244803695151,0.7619047619047619,0.2857142857142857,0.7023809523809523,0.6785714285714286,0.8293650793650794,0.7777777777777778,0.42857142857142855,0.08333333333333333,0.5198412698412699,BRD_20160521,심봉사도로케,0.9064665127020786,False,5336.985291370834,18.110770263065373,12,56,0.5814087759815242,True,0.9260739030023095,0.9391454965357968,0.9522170900692841,4.0,1.0,1.0,2.0,True,direct_size_estimation_deferred,매장 면적·좌석·점포별 매출이 없어 규모별 적합도와 argmax 규모는 산출하지 않음,0.7334779292333858,0.7344110854503465,usable_area_profile,True,opportunity,True,0.6676154734411086,9.0
3120080,마들역,11350,1045100686.0,106340.0,9827.916926838443,0.858891454965358,0.8928571428571429,0.08333333333333333,0.7222222222222222,0.9444444444444444,0.7777777777777778,0.30158730158730157,0.38095238095238093,0.4444444444444444,0.6071428571428571,BRD_20160521,심봉사도로케,0.45265588914549654,False,11718.757954647632,45.607017023633105,8,32,0.4087759815242494,True,0.574526558891455,0.6557736720554272,0.7370207852193995,166.0,106.0,68.0,113.33333333333333,False,direct_size_estimation_deferred,매장 면적·좌석·점포별 매출이 없어 규모별 적합도와 argmax 규모는 산출하지 않음,0.6244464884961168,0.838337182448037,usable_area_profile,True,opportunity,True,0.6625750577367208,10.0
3120152,신대방삼거리역,11590,953145793.0,102228.0,9323.72532965528,0.8353348729792147,0.8611111111111112,0.5158730158730159,0.42857142857142855,0.753968253968254,0.9563492063492064,0.6626984126984127,0.11507936507936507,0.09523809523809523,0.5674603174603174,BRD_20160521,심봉사도로케,0.6570438799076213,False,1096.7337871904756,79.30952023733208,18,47,0.4780600461893764,True,0.7105311778290992,0.746189376443418,0.7818475750577366,91.0,59.0,38.0,62.666666666666664,False,direct_size_estimation_deferred,매장 면적·좌석·점포별 매출이 없어 규모별 적합도와 argmax 규모는 산출하지 않음,0.5400285516756662,0.9053117782909931,usable_area_profile,True,opportunity,True,0.6593187066974596,11.0
3130072,성동용답상가시장,11200,441220675.0,42751.0,10320.710041870365,0.6748267898383372,0.9206349206349206,0.38492063492063494,0.5555555555555556,0.9920634920634921,0.9841269841269841,0.9563492063492064,0.10317460317460317,0.015873015873015872,0.07936507936507936,BRD_20160521,심봉사도로케,0.08083140877598152,False,1329.2573114155348,135.0925608781212,10,28,0.1489607390300231,True,0.2590300230946882,0.37782909930715936,0.49662817551963045,365.0,307.0,217.0,296.3333333333333,False,direct_size_estimation_deferred,매장 면적·좌석·점포별 매출이 없어 규모별 적합도와 argmax 규모는 산출하지 않음,0.2785675114578184,0.9976905311778291,usable_area_profile,True,opportunity,True,0.6481177829099307,12.0
3120068,사가정역,11260,944293896.0,91431.0,10327.940151589723,0.8467667436489608,0.8492063492063492,0.40476190476190477,0.5,0.39285714285714285,0.623015873015873,0.5714285714285714,0.16666666666666666,0.32936507936507936,0.8134920634920635,BRD_20160521,심봉사도로케,0.9445727482678984,False,4905.941296000329,42.201895677975386,26,50,0.7713625866050808,True,0.9152309468822171,0.8956697459584295,0.876108545034642,5.0,9.0,16.0,10.0,False,direct_size_estimation_deferred,매장 면적·좌석·점포별 매출이 없어 규모별 적합도와 argmax 규모는 산출하지 않음,0.3383458706861972,0.9907621247113164,usable_area_profile,True,opportunity,True,0.6472459584295612,13.0
3120120,화곡역,11500,2140760825.0,296121.0,7229.34484551923,0.8866050808314089,0.8373015873015873,0.23809523809523808,0.623015873015873,0.32142857142857145,0.8333333333333334,0.9246031746031746,0.46825396825396826,0.05555555555555555,0.42063492063492064,BRD_20160521,심봉사도로케,0.7748267898383372,False,922.7838316509121,26.400757567542716,25,53,0.8175519630484989,True,0.8083602771362587,0.830715935334873,0.8530715935334874,44.0,26.0,20.0,30.0,False,direct_size_estimation_deferred,매장 면적·좌석·점포별 매출이 없어 규모별 적합도와 argmax 규모는 산출하지 않음,0.46553802640145814,0.9399538106235565,usable_area_profile,True,opportunity,True,0.646986143187067,14.0
3120107,공덕역(공덕오거리),11440,1051109080.0,111230.0,9449.870358716174,0.8578521939953809,0.9404761904761905,0.4246031746031746,0.5833333333333334,0.9642857142857143,0.9880952380952381,0.9841269841269841,0.1111111111111111,0.011904761904761904,0.051587301587301584,BRD_20160521,심봉사도로케,0.03348729792147806,False,4459.139042452496,80.05623025110103,24,77,0.575635103926097,True,0.2807967667436489,0.4456697459584295,0.6105427251732101,356.0,252.0,138.0,248.66666666666666,False,direct_size_estimation_deferred,매장 면적·좌석·점포별 매출이 없어 규모별 적합도와 argmax 규모는 산출하지 않음,0.5831407809679867,0.8683602771362586,usable_area_profile,True,opportunity,True,0.6459815242494227,15.0
3120081,노원역,11350,1459224642.0,143889.0,10141.32172716469,0.8973441108545035,0.8928571428571429,0.08333333333333333,0.7222222222222222,0.9444444444444444,0.7777777777777778,0.30158730158730157,0.38095238095238093,0.4444444444444444,0.6071428571428571,BRD_20160521,심봉사도로케,0.45265588914549654,False,10645.186423902464,36.878177844323965,34,60,0.8550808314087759,True,0.5860623556581985,0.675,0.7639376443418013,160.0,95.0,52.0,102.33333333333333,False,direct_size_estimation_deferred,매장 면적·좌석·점포별 매출이 없어 규모별 적합도와 argmax 규모는 산출하지 않음,0.477432589847141,0.9353348729792148,usable_area_profile,True,opportunity,True,0.6458775981524251,16.0
3130222,오류시장,11530,677800421.0,66656.0,10168.633296327413,0.7894919168591223,0.8412698412698413,0.8373015873015873,0.5753968253968254,0.5238095238095238,0.7579365079365079,0.7380952380952381,0.18253968253968253,0.12698412698412698,0.7658730158730159,BRD_20160521,심봉사도로케,0.42032332563510394,False,2261.8269164840667,48.414873764798386,14,33,0.516743648960739,True,0.5310739030023095,0.6049076212471132,0.6787413394919167,199.0,135.0,98.0,144.0,False,direct_size_estimation_deferred,매장 면적·좌석·점포별 매출이 없어 규모별 적합도와 argmax 규모는 산출하지 않음,0.44941522212305346,0.9515011547344111,usable_area_profile,True,opportunity,True,0.6421593533487298,17.0
3120079,창동역,11320,765698620.0,76216.0,10046.428833840664,0.8071593533487298,0.7182539682539683,0.11904761904761904,0.6071428571428571,0.25793650793650796,0.3611111111111111,0.24603174603174602,0.19047619047619047,0.4246031746031746,0.9126984126984127,BRD_20160521,심봉사도로케,0.3683602771362587,False,10127.925799475763,91.21403398036323,16,24,0.38394919168591224,True,0.5,0.5877598152424942,0.6755196304849884,216.0,145.0,102.0,154.33333333333334,False,direct_size_estimation_deferred,매장 면적·좌석·점포별 매출이 없어 규모별 적합도와 argmax 규모는 산출하지 않음,0.6234319620411017,0.8429561200923787,usable_area_profile,True,opportunity,True,0.6392321016166282,18.0
3120037,동대문역사문화공원역,11140,991150857.0,75063.0,13204.253187322649,0.8695150115473441,0.873015873015873,0.5793650793650794,0.6428571428571429,0.34523809523809523,0.8571428571428571,0.8214285714285714,0.0873015873015873,0.023809523809523808,0.8293650793650794,BRD_20160521,심봉사도로케,0.14780600461893764,False,2775.900754723107,125.25573836405046,15,74,0.28002309468822173,True,0.3643187066974596,0.5086605080831409,0.6530023094688222,289.0,209.0,113.0,203.66666666666666,False,direct_size_estimation_deferred,매장 면적·좌석·점포별 매출이 없어 규모별 적합도와 argmax 규모는 산출하지 않음,0.8106123322397483,0.6697459584295612,usable_area_profile,True,opportunity,True,0.6371535796766744,19.0
3120133,서울시흥동우체국(홈플러스시흥점),11545,637795918.0,60754.0,10498.00701188399,0.7765588914549653,0.753968253968254,0.7420634920634921,0.3531746031746032,0.24206349206349206,0.8690476190476191,0.873015873015873,0.04365079365079365,0.13095238095238096,0.6785714285714286,BRD_20160521,심봉사도로케,0.10739030023094688,False,6594.184786614091,60.20797286767192,15,45,0.4821016166281755,True,0.30814087759815234,0.44197459584295606,0.5758083140877597,337.0,254.0,163.0,251.33333333333334,False,direct_size_estimation_deferred,매장 면적·좌석·점포별 매출이 없어 규모별 적합도와 argmax 규모는 산출하지 않음,0.47865188201834163,0.9330254041570438,usable_area_profile,True,opportunity,True,0.6346997690531178,20.0
3120166,방배역,11650,1455145059.0,122673.0,11861.983150326478,0.9176674364896074,0.7619047619047619,0.2857142857142857,0.7023809523809523,0.6785714285714286,0.8293650793650794,0.7777777777777778,0.42857142857142855,0.08333333333333333,0.5198412698412699,BRD_20240723,올드몬트베이글,0.9780600461893765,False,9814.504419509225,99.2975326976693,12,28,0.2673210161662818,True,0.9599422632794457,0.9478637413394919,0.935785219399538,3.0,3.0,3.0,3.0,False,direct_size_estimation_deferred,매장 면적·좌석·점포별 매출이 없어 규모별 적합도와 argmax 규모는 산출하지 않음,0.4579060418685013,0.9422632794457275,usable_area_profile,True,opportunity,True,0.7472979214780601,1.0
3120188,압구정역,11680,1784647410.0,134975.0,13222.058973884052,0.9404157043879908,0.7817460317460317,0.18253968253968253,0.75,0.6468253968253969,0.8531746031746031,0.9206349206349206,0.4365079365079365,0.027777777777777776,0.4880952380952381,BRD_20240723,올드몬트베이글,0.8060046189376443,False,6811.946124301002,98.31073190628577,25,98,0.5323325635103926,True,0.8463279445727483,0.8732101616628176,0.9000923787528868,25.0,14.0,9.0,16.0,False,direct_size_estimation_deferred,매장 면적·좌석·점포별 매출이 없어 규모별 적합도와 argmax 규모는 산출하지 않음,0.31014007391907217,0.9907621247113164,usable_area_profile,True,opportunity,True,0.734607390300231,2.0
3120038,약수역,11140,1550178516.0,134777.0,11501.803096967584,0.9235565819861433,0.873015873015873,0.5793650793650794,0.6428571428571429,0.34523809523809523,0.8571428571428571,0.8214285714285714,0.0873015873015873,0.023809523809523808,0.8293650793650794,BRD_20240723,올드몬트베이글,0.2702078521939954,False,9151.920563484196,62.64183906448842,18,44,0.5502309468822171,True,0.46621247113163977,0.5968822170900694,0.7275519630484989,229.0,140.0,71.0,146.66666666666666,False,direct_size_estimation_deferred,매장 면적·좌석·점포별 매출이 없어 규모별 적합도와 argmax 규모는 산출하지 않음,0.4215364929998708,0.9607390300230947,usable_area_profile,True,opportunity,True,0.7136431870669748,3.0
3120069,상봉역,11260,1511381851.0,142985.0,10570.212616708046,0.9086605080831409,0.8492063492063492,0.40476190476190477,0.5,0.39285714285714285,0.623015873015873,0.5714285714285714,0.16666666666666666,0.32936507936507936,0.8134920634920635,BRD_20240723,올드몬트베이글,0.8545034642032333,False,7681.828753615662,89.18520055817115,16,56,0.3920323325635104,True,0.8707505773672055,0.8815819861431871,0.8924133949191686,16.0,12.0,11.0,13.0,False,direct_size_estimation_deferred,매장 면적·좌석·점포별 매출이 없어 규모별 적합도와 argmax 규모는 산출하지 않음,0.5743173226406101,0.8660508083140878,usable_area_profile,True,opportunity,True,0.7007736720554274,4.0
3120165,서래마을카페거리(서래마을),11650,2971488955.0,159582.0,18620.45189933702,0.9718244803695151,0.7619047619047619,0.2857142857142857,0.7023809523809523,0.6785714285714286,0.8293650793650794,0.7777777777777778,0.42857142857142855,0.08333333333333333,0.5198412698412699,BRD_20240723,올드몬트베이글,0.9780600461893765,False,9531.402677491673,18.110770263065373,12,56,0.5814087759815242,True,0.976189376443418,0.9749422632794458,0.9736951501154734,1.0,1.0,1.0,1.0,True,direct_size_estimation_deferred,매장 면적·좌석·점포별 매출이 없어 규모별 적합도와 argmax 규모는 산출하지 않음,0.6031524713229209,0.8267898383371824,usable_area_profile,True,opportunity,True,0.6953290993071595,5.0
3120080,마들역,11350,1045100686.0,106340.0,9827.916926838443,0.858891454965358,0.8928571428571429,0.08333333333333333,0.7222222222222222,0.9444444444444444,0.7777777777777778,0.30158730158730157,0.38095238095238093,0.4444444444444444,0.6071428571428571,BRD_20240723,올드몬트베이글,0.5311778290993071,False,15273.963107185042,45.607017023633105,8,32,0.4087759815242494,True,0.6294919168591223,0.6950346420323326,0.7605773672055427,127.0,77.0,52.0,85.33333333333333,False,direct_size_estimation_deferred,매장 면적·좌석·점포별 매출이 없어 규모별 적합도와 argmax 규모는 산출하지 않음,0.4536084915410978,0.9468822170900693,usable_area_profile,True,opportunity,True,0.6951385681293304,6.0
3120152,신대방삼거리역,11590,953145793.0,102228.0,9323.72532965528,0.8353348729792147,0.8611111111111112,0.5158730158730159,0.42857142857142855,0.753968253968254,0.9563492063492064,0.6626984126984127,0.11507936507936507,0.09523809523809523,0.5674603174603174,BRD_20240723,올드몬트베이글,0.4653579676674365,False,15787.117849715634,79.30952023733208,18,47,0.4774826789838337,True,0.5763510392609699,0.6503464203233256,0.7243418013856812,166.0,109.0,74.0,116.33333333333333,False,direct_size_estimation_deferred,매장 면적·좌석·점포별 매출이 없어 규모별 적합도와 argmax 규모는 산출하지 않음,0.40469068243608647,0.9699769053117783,usable_area_profile,True,opportunity,True,0.6788048498845265,7.0
3120079,창동역,11320,765698620.0,76216.0,10046.428833840664,0.8071593533487298,0.7182539682539683,0.11904761904761904,0.6071428571428571,0.25793650793650796,0.3611111111111111,0.24603174603174602,0.19047619047619047,0.4246031746031746,0.9126984126984127,BRD_20240723,올드몬트베이글,0.31755196304849886,False,14598.306751116745,91.21403398036323,16,24,0.38394919168591224,True,0.46443418013856813,0.5623556581986143,0.6602771362586605,230.0,163.0,107.0,166.66666666666666,False,direct_size_estimation_deferred,매장 면적·좌석·점포별 매출이 없어 규모별 적합도와 argmax 규모는 산출하지 않음,0.41239522441134335,0.9676674364896074,usable_area_profile,True,opportunity,True,0.6766454965357969,8.0
3110640,방화역 1번,11500,671414576.0,62982.0,10660.420056524086,0.7871824480369516,0.8373015873015873,0.23809523809523808,0.623015873015873,0.32142857142857145,0.8333333333333334,0.9246031746031746,0.46825396825396826,0.05555555555555555,0.42063492063492064,BRD_20240723,올드몬트베이글,0.7517321016166282,False,26324.52782104959,241.56986569432095,5,25,0.02482678983833718,True,0.7623672055427252,0.7694572748267898,0.7765473441108546,69.0,51.0,43.0,54.333333333333336,False,direct_size_estimation_deferred,매장 면적·좌석·점포별 매출이 없어 규모별 적합도와 argmax 규모는 산출하지 않음,0.613345276926448,0.8221709006928406,usable_area_profile,True,opportunity,True,0.675877598152425,9.0
3120246,길동역,11740,916043297.0,88020.0,10407.217643717337,0.8409930715935335,0.8452380952380952,0.06746031746031746,0.7063492063492064,0.38492063492063494,0.6626984126984127,0.7182539682539683,0.5833333333333334,0.06746031746031746,0.6507936507936508,BRD_20240723,올드몬트베이글,0.8914549653579676,False,1256.2487810873629,87.92041856413586,26,72,0.5750577367205543,True,0.8763163972286374,0.8662240184757506,0.8561316397228638,14.0,15.0,21.0,16.666666666666668,False,direct_size_estimation_deferred,매장 면적·좌석·점포별 매출이 없어 규모별 적합도와 argmax 규모는 산출하지 않음,0.46253633894604607,0.9353348729792148,usable_area_profile,True,opportunity,True,0.6568879907621247,10.0
3110274,서일대학교,11260,492656087.0,41512.0,11867.79935922143,0.7133949191685912,0.8492063492063492,0.40476190476190477,0.5,0.39285714285714285,0.623015873015873,0.5714285714285714,0.16666666666666666,0.32936507936507936,0.8134920634920635,BRD_20240723,올드몬트베이글,0.8545034642032333,False,6451.910104759289,101.51354588565466,6,29,0.16801385681293304,True,0.8121709006928406,0.7839491916859123,0.7557274826789837,45.0,43.0,55.0,47.666666666666664,False,direct_size_estimation_deferred,매장 면적·좌석·점포별 매출이 없어 규모별 적합도와 argmax 규모는 산출하지 않음,0.4541872545666863,0.9445727482678984,usable_area_profile,True,opportunity,True,0.6505369515011548,11.0
3120201,도곡1동,11680,649721874.0,58337.0,11137.38920410717,0.7846420323325634,0.7817460317460317,0.18253968253968253,0.75,0.6468253968253969,0.8531746031746031,0.9206349206349206,0.4365079365079365,0.027777777777777776,0.4880952380952381,BRD_20240723,올드몬트베이글,0.8060046189376443,False,5886.103040240507,87.09190547353441,10,65,0.26501154734411086,True,0.7995958429561201,0.7953233256351038,0.7910508083140876,48.0,40.0,36.0,41.333333333333336,False,direct_size_estimation_deferred,매장 면적·좌석·점포별 매출이 없어 규모별 적합도와 argmax 규모는 산출하지 않음,0.577964581269716,0.8545034642032332,usable_area_profile,True,opportunity,True,0.6481524249422632,12.0
3120081,노원역,11350,1459224642.0,143889.0,10141.32172716469,0.8973441108545035,0.8928571428571429,0.08333333333333333,0.7222222222222222,0.9444444444444444,0.7777777777777778,0.30158730158730157,0.38095238095238093,0.4444444444444444,0.6071428571428571,BRD_20240723,올드몬트베이글,0.5311778290993071,False,14082.609878842903,36.878177844323965,34,60,0.8550808314087759,True,0.641027713625866,0.7142609699769054,0.7874942263279445,118.0,69.0,37.0,74.66666666666667,False,direct_size_estimation_deferred,매장 면적·좌석·점포별 매출이 없어 규모별 적합도와 argmax 규모는 산출하지 않음,0.46120862831965637,0.9376443418013857,usable_area_profile,True,opportunity,True,0.6465704387990763,13.0
3120133,서울시흥동우체국(홈플러스시흥점),11545,637795918.0,60754.0,10498.00701188399,0.7765588914549653,0.753968253968254,0.7420634920634921,0.3531746031746032,0.24206349206349206,0.8690476190476191,0.873015873015873,0.04365079365079365,0.13095238095238096,0.6785714285714286,BRD_20240723,올드몬트베이글,0.10739030023094688,False,18840.882569591035,60.20797286767192,15,45,0.4821016166281755,True,0.30814087759815234,0.44197459584295606,0.5758083140877597,324.0,260.0,155.0,246.33333333333334,False,direct_size_estimation_deferred,매장 면적·좌석·점포별 매출이 없어 규모별 적합도와 argmax 규모는 산출하지 않음,0.39552361451429774,0.9722863741339491,usable_area_profile,True,opportunity,True,0.6464780600461892,14.0
3120068,사가정역,11260,944293896.0,91431.0,10327.940151589723,0.8467667436489608,0.8492063492063492,0.40476190476190477,0.5,0.39285714285714285,0.623015873015873,0.5714285714285714,0.16666666666666666,0.32936507936507936,0.8134920634920635,BRD_20240723,올드몬트베이글,0.8545034642032333,False,6694.8601927096925,42.201895677975386,26,50,0.7713625866050808,True,0.8521824480369515,0.8506351039260971,0.8490877598152424,21.0,21.0,24.0,22.0,False,direct_size_estimation_deferred,매장 면적·좌석·점포별 매출이 없어 규모별 적합도와 argmax 규모는 산출하지 않음,0.36138959660796743,0.9815242494226328,usable_area_profile,True,opportunity,True,0.6444745958429562,15.0
3130072,성동용답상가시장,11200,441220675.0,42751.0,10320.710041870365,0.6748267898383372,0.9206349206349206,0.38492063492063494,0.5555555555555556,0.9920634920634921,0.9841269841269841,0.9563492063492064,0.10317460317460317,0.015873015873015872,0.07936507936507936,BRD_20240723,올드몬트베이글,0.08083140877598152,False,6586.715418177009,135.0925608781212,10,28,0.14953810623556585,True,0.2590300230946882,0.37782909930715936,0.49662817551963045,356.0,300.0,217.0,291.0,False,direct_size_estimation_deferred,매장 면적·좌석·점포별 매출이 없어 규모별 적합도와 argmax 규모는 산출하지 않음,0.37322486781538583,0.9792147806004619,usable_area_profile,True,opportunity,True,0.6424884526558892,16.0
3110601,신월1동우편취급국,11470,441016625.0,40173.0,10977.93605157693,0.6785219399538106,0.8055555555555556,0.2222222222222222,0.5158730158730159,0.5873015873015873,0.5079365079365079,0.2896825396825397,0.4801587301587302,0.30952380952380953,0.7738095238095238,BRD_20240723,올드몬트베이글,0.9341801385681293,False,23739.50515493875,258.54980178856624,8,40,0.048498845265588904,True,0.8574826789838337,0.80635103926097,0.7552193995381061,20.0,35.0,56.0,37.0,False,direct_size_estimation_deferred,매장 면적·좌석·점포별 매출이 없어 규모별 적합도와 argmax 규모는 산출하지 않음,0.4765343905804049,0.9191685912240185,usable_area_profile,True,opportunity,True,0.641662817551963,17.0
3120009,종로3가역,11110,773341001.0,64864.0,11922.499398741984,0.8273672055427251,0.876984126984127,0.42857142857142855,0.503968253968254,0.75,0.9444444444444444,0.8531746031746031,0.2619047619047619,0.05952380952380952,0.3611111111111111,BRD_20240723,올드몬트베이글,0.42725173210161665,False,11538.333068530132,125.80143085865113,24,103,0.45381062355658197,True,0.5472863741339492,0.6273094688221709,0.7073325635103925,184.0,117.0,85.0,128.66666666666666,False,direct_size_estimation_deferred,매장 면적·좌석·점포별 매출이 없어 규모별 적합도와 argmax 규모는 산출하지 않음,0.5945928684375792,0.8452655889145496,usable_area_profile,True,opportunity,True,0.6405600461893766,18.0
3120120,화곡역,11500,2140760825.0,296121.0,7229.34484551923,0.8866050808314089,0.8373015873015873,0.23809523809523808,0.623015873015873,0.32142857142857145,0.8333333333333334,0.9246031746031746,0.46825396825396826,0.05555555555555555,0.42063492063492064,BRD_20240723,올드몬트베이글,0.7517321016166282,False,23627.552264280013,26.400757567542716,25,54,0.8175519630484989,True,0.7921939953810624,0.8191685912240185,0.8461431870669747,50.0,30.0,25.0,35.0,False,direct_size_estimation_deferred,매장 면적·좌석·점포별 매출이 없어 규모별 적합도와 argmax 규모는 산출하지 않음,0.48658040798015256,0.9076212471131639,usable_area_profile,True,opportunity,True,0.6372863741339493,19.0
3130222,오류시장,11530,677800421.0,66656.0,10168.633296327413,0.7894919168591223,0.8412698412698413,0.8373015873015873,0.5753968253968254,0.5238095238095238,0.7579365079365079,0.7380952380952381,0.18253968253968253,0.12698412698412698,0.7658730158730159,BRD_20240723,올드몬트베이글,0.49884526558891457,False,23226.97914067178,48.414873764798386,14,33,0.516743648960739,True,0.5860392609699769,0.6441685912240185,0.7022979214780599,160.0,112.0,88.0,120.0,False,direct_size_estimation_deferred,매장 면적·좌석·점포별 매출이 없어 규모별 적합도와 argmax 규모는 산출하지 않음,0.4690502174365476,0.9284064665127021,usable_area_profile,True,opportunity,True,0.6352309468822172,20.0
3120037,동대문역사문화공원역,11140,991150857.0,75063.0,13204.253187322649,0.8695150115473441,0.873015873015873,0.5793650793650794,0.6428571428571429,0.34523809523809523,0.8571428571428571,0.8214285714285714,0.0873015873015873,0.023809523809523808,0.8293650793650794,BRD_20140778,크리스피크림,0.20092378752886836,False,4103.080793729369,125.25573836405046,15,74,0.28002309468822173,True,0.40150115473441106,0.5352193995381063,0.6689376443418014,262.0,177.0,100.0,179.66666666666666,False,direct_size_estimation_deferred,매장 면적·좌석·점포별 매출이 없어 규모별 적합도와 argmax 규모는 산출하지 않음,0.5288857959568103,0.9353348729792148,usable_area_profile,True,opportunity,True,0.7168302540415704,1.0
3120069,상봉역,11260,1511381851.0,142985.0,10570.212616708046,0.9086605080831409,0.8492063492063492,0.40476190476190477,0.5,0.39285714285714285,0.623015873015873,0.5714285714285714,0.16666666666666666,0.32936507936507936,0.8134920634920635,BRD_20140778,크리스피크림,0.6720554272517321,False,7978.4304847393405,89.18520055817115,16,56,0.39260969976905313,True,0.7430369515011547,0.7903579676674365,0.8376789838337182,77.0,46.0,32.0,51.666666666666664,False,direct_size_estimation_deferred,매장 면적·좌석·점포별 매출이 없어 규모별 적합도와 argmax 규모는 산출하지 않음,0.5780201390272743,0.9099307159353349,usable_area_profile,True,opportunity,True,0.71385103926097,2.0
3120188,압구정역,11680,1784647410.0,134975.0,13222.058973884052,0.9404157043879908,0.7817460317460317,0.18253968253968253,0.75,0.6468253968253969,0.8531746031746031,0.9206349206349206,0.4365079365079365,0.027777777777777776,0.4880952380952381,BRD_20140778,크리스피크림,0.8775981524249422,False,3031.0727473775373,98.31073190628577,25,98,0.5329099307159353,True,0.8964434180138567,0.9090069284064666,0.9215704387990762,15.0,10.0,9.0,11.333333333333334,False,direct_size_estimation_deferred,매장 면적·좌석·점포별 매출이 없어 규모별 적합도와 argmax 규모는 산출하지 않음,0.5891765224964735,0.9053117782909931,usable_area_profile,True,opportunity,True,0.7088856812933025,3.0
3120038,약수역,11140,1550178516.0,134777.0,11501.803096967584,0.9235565819861433,0.873015873015873,0.5793650793650794,0.6428571428571429,0.34523809523809523,0.8571428571428571,0.8214285714285714,0.0873015873015873,0.023809523809523808,0.8293650793650794,BRD_20140778,크리스피크림,0.20092378752886836,False,3656.1777856005665,62.64183906448842,18,44,0.5513856812933025,True,0.4177136258660509,0.5622401847575058,0.7067667436489607,252.0,158.0,77.0,162.33333333333334,False,direct_size_estimation_deferred,매장 면적·좌석·점포별 매출이 없어 규모별 적합도와 argmax 규모는 산출하지 않음,0.5733446895315094,0.9168591224018476,usable_area_profile,True,opportunity,True,0.7003060046189379,4.0
3120166,방배역,11650,1455145059.0,122673.0,11861.983150326478,0.9176674364896074,0.7619047619047619,0.2857142857142857,0.7023809523809523,0.6785714285714286,0.8293650793650794,0.7777777777777778,0.42857142857142855,0.08333333333333333,0.5198412698412699,BRD_20140778,크리스피크림,0.9780600461893765,False,1583.7540844204636,99.2975326976693,12,28,0.2678983833718245,True,0.9599422632794457,0.9478637413394919,0.935785219399538,2.0,4.0,4.0,3.3333333333333335,False,direct_size_estimation_deferred,매장 면적·좌석·점포별 매출이 없어 규모별 적합도와 argmax 규모는 산출하지 않음,0.7892838641329872,0.7644341801385681,usable_area_profile,True,opportunity,True,0.6938625866050809,5.0
3120009,종로3가역,11110,773341001.0,64864.0,11922.499398741984,0.8273672055427251,0.876984126984127,0.42857142857142855,0.503968253968254,0.75,0.9444444444444444,0.8531746031746031,0.2619047619047619,0.05952380952380952,0.3611111111111111,BRD_20140778,크리스피크림,0.9330254041570438,False,3719.0412742874914,125.80143085865113,24,103,0.45438799076212466,True,0.9013279445727481,0.8801963048498844,0.8590646651270206,14.0,18.0,20.0,17.333333333333332,False,direct_size_estimation_deferred,매장 면적·좌석·점포별 매출이 없어 규모별 적합도와 argmax 규모는 산출하지 않음,0.3200995816635152,0.9884526558891455,usable_area_profile,True,opportunity,True,0.6834295612009238,6.0
3120107,공덕역(공덕오거리),11440,1051109080.0,111230.0,9449.870358716174,0.8578521939953809,0.9404761904761905,0.4246031746031746,0.5833333333333334,0.9642857142857143,0.9880952380952381,0.9841269841269841,0.1111111111111111,0.011904761904761904,0.051587301587301584,BRD_20140778,크리스피크림,0.1397228637413395,False,1754.1781551507138,80.05623025110103,24,77,0.5767898383371824,True,0.3551616628175519,0.4987875288683602,0.6424133949191685,297.0,208.0,121.0,208.66666666666666,False,direct_size_estimation_deferred,매장 면적·좌석·점포별 매출이 없어 규모별 적합도와 argmax 규모는 산출하지 않음,0.42782630877589967,0.9722863741339491,usable_area_profile,True,opportunity,True,0.676986143187067,7.0
3120175,남부터미널역,11650,960650667.0,103198.0,9308.810897498013,0.8390300230946882,0.7619047619047619,0.2857142857142857,0.7023809523809523,0.6785714285714286,0.8293650793650794,0.7777777777777778,0.42857142857142855,0.08333333333333333,0.5198412698412699,BRD_20140778,크리스피크림,0.9780600461893765,False,1582.621243426453,49.929950906089985,13,46,0.4821016166281755,True,0.93635103926097,0.9085450346420323,0.8807390300230946,7.0,11.0,16.0,11.333333333333334,False,direct_size_estimation_deferred,매장 면적·좌석·점포별 매출이 없어 규모별 적합도와 argmax 규모는 산출하지 않음,0.514730923113845,0.9445727482678984,usable_area_profile,True,opportunity,True,0.6725230946882217,8.0
3120149,여의도역(여의도),11560,3585532298.0,257766.0,13910.02807973123,0.9752886836027713,0.8571428571428571,0.7698412698412699,0.5277777777777778,0.23809523809523808,0.9007936507936508,0.9761904761904762,0.3373015873015873,0.047619047619047616,0.25,BRD_20140778,크리스피크림,0.2840646651270208,False,4544.9913091352055,175.93180492668327,36,58,0.47979214780600465,True,0.4914318706697459,0.629676674364896,0.7679214780600461,207.0,123.0,56.0,128.66666666666666,False,direct_size_estimation_deferred,매장 면적·좌석·점포별 매출이 없어 규모별 적합도와 argmax 규모는 산출하지 않음,0.8806052898941309,0.6928406466512702,usable_area_profile,True,opportunity,True,0.6722921478060045,9.0
3110640,방화역 1번,11500,671414576.0,62982.0,10660.420056524086,0.7871824480369516,0.8373015873015873,0.23809523809523808,0.623015873015873,0.32142857142857145,0.8333333333333334,0.9246031746031746,0.46825396825396826,0.05555555555555555,0.42063492063492064,BRD_20140778,크리스피크림,0.7494226327944573,False,8603.623538920745,241.56986569432095,5,25,0.02482678983833718,True,0.7607505773672055,0.7683025404157044,0.7758545034642033,68.0,51.0,49.0,56.0,False,direct_size_estimation_deferred,매장 면적·좌석·점포별 매출이 없어 규모별 적합도와 argmax 규모는 산출하지 않음,0.7748202911980162,0.7759815242494226,usable_area_profile,True,opportunity,True,0.6620207852193997,10.0
3120120,화곡역,11500,2140760825.0,296121.0,7229.34484551923,0.8866050808314089,0.8373015873015873,0.23809523809523808,0.623015873015873,0.32142857142857145,0.8333333333333334,0.9246031746031746,0.46825396825396826,0.05555555555555555,0.42063492063492064,BRD_20140778,크리스피크림,0.7494226327944573,False,5472.96062471326,26.400757567542716,25,54,0.8181293302540416,True,0.7905773672055427,0.8180138568129331,0.8454503464203234,58.0,35.0,27.0,40.0,False,direct_size_estimation_deferred,매장 면적·좌석·점포별 매출이 없어 규모별 적합도와 argmax 규모는 산출하지 않음,0.4441991958879795,0.9676674364896074,usable_area_profile,True,opportunity,True,0.655213625866051,11.0
3001496,강남 마이스 관광특구,11680,1293218183.0,103941.0,12441.848577558423,0.9066974595842956,0.7817460317460317,0.18253968253968253,0.75,0.6468253968253969,0.8531746031746031,0.9206349206349206,0.4365079365079365,0.027777777777777776,0.4880952380952381,BRD_20140778,크리스피크림,0.8775981524249422,False,3128.088393884572,97.94386148455335,20,41,0.45669745958429564,True,0.8863279445727481,0.8921478060046188,0.8979676674364895,18.0,14.0,11.0,14.333333333333334,False,direct_size_estimation_deferred,매장 면적·좌석·점포별 매출이 없어 규모별 적합도와 argmax 규모는 산출하지 않음,0.8376653629092551,0.7367205542725173,usable_area_profile,True,opportunity,True,0.6511951501154735,12.0
3120006,종각역,11110,3016948830.0,169455.0,17803.834823404442,0.9732101616628176,0.876984126984127,0.42857142857142855,0.503968253968254,0.75,0.9444444444444444,0.8531746031746031,0.2619047619047619,0.05952380952380952,0.3611111111111111,BRD_20140778,크리스피크림,0.9330254041570438,False,3344.5023545909357,42.201895712860484,34,122,0.8273672055427252,True,0.9450808314087759,0.9531177829099307,0.9611547344110853,4.0,2.0,2.0,2.6666666666666665,True,direct_size_estimation_deferred,매장 면적·좌석·점포별 매출이 없어 규모별 적합도와 argmax 규모는 산출하지 않음,0.7549758425684928,0.7875288683602771,usable_area_profile,True,opportunity,True,0.6474191685912241,13.0
3130072,성동용답상가시장,11200,441220675.0,42751.0,10320.710041870365,0.6748267898383372,0.9206349206349206,0.38492063492063494,0.5555555555555556,0.9920634920634921,0.9841269841269841,0.9563492063492064,0.10317460317460317,0.015873015873015872,0.07936507936507936,BRD_20140778,크리스피크림,0.06928406466512702,False,7598.030402666718,135.0925608781212,10,28,0.1489607390300231,True,0.25094688221709005,0.37205542725173213,0.4931639722863741,356.0,300.0,212.0,289.3333333333333,False,direct_size_estimation_deferred,매장 면적·좌석·점포별 매출이 없어 규모별 적합도와 argmax 규모는 산출하지 않음,0.3793884117994531,0.9792147806004619,usable_area_profile,True,opportunity,True,0.6425750577367205,14.0
3120062,신설동역,11230,583819931.0,56521.0,10329.256931052176,0.748498845265589,0.6904761904761905,0.5396825396825397,0.5714285714285714,0.9603174603174603,0.9126984126984127,0.4087301587301587,0.1865079365079365,0.09126984126984126,0.6825396825396826,BRD_20140778,크리스피크림,0.38683602771362585,False,5941.237918129293,109.76793705062819,8,37,0.16743648960739027,True,0.49533487297921475,0.5676674364896074,0.64,204.0,155.0,124.0,161.0,False,direct_size_estimation_deferred,매장 면적·좌석·점포별 매출이 없어 규모별 적합도와 argmax 규모는 산출하지 않음,0.6772569565649196,0.8521939953810623,usable_area_profile,True,opportunity,True,0.6422170900692841,15.0
3120165,서래마을카페거리(서래마을),11650,2971488955.0,159582.0,18620.45189933702,0.9718244803695151,0.7619047619047619,0.2857142857142857,0.7023809523809523,0.6785714285714286,0.8293650793650794,0.7777777777777778,0.42857142857142855,0.08333333333333333,0.5198412698412699,BRD_20140778,크리스피크림,0.9780600461893765,False,2673.0151514713366,18.110770263065373,12,56,0.581986143187067,True,0.976189376443418,0.9749422632794458,0.9736951501154734,1.0,1.0,1.0,1.0,True,direct_size_estimation_deferred,매장 면적·좌석·점포별 매출이 없어 규모별 적합도와 argmax 규모는 산출하지 않음,0.9279292332332284,0.6489607390300232,usable_area_profile,True,opportunity,True,0.6418937644341802,16.0
3130002,세종마을음식문화거리(금천교시장),11110,1427114674.0,119648.0,11927.609939154854,0.9169745958429562,0.876984126984127,0.42857142857142855,0.503968253968254,0.75,0.9444444444444444,0.8531746031746031,0.2619047619047619,0.05952380952380952,0.3611111111111111,BRD_20140778,크리스피크림,0.9330254041570438,False,3895.8842385065445,20.248456733787368,42,68,0.9359122401847575,True,0.9282101616628174,0.925,0.9217898383371825,10.0,7.0,8.0,8.333333333333334,False,direct_size_estimation_deferred,매장 면적·좌석·점포별 매출이 없어 규모별 적합도와 argmax 규모는 산출하지 않음,0.5635286007966286,0.9191685912240185,usable_area_profile,True,opportunity,True,0.6396997690531179,17.0
3120119,발산역(마곡),11500,2401733989.0,206918.0,11607.177669414938,0.9505773672055428,0.8373015873015873,0.23809523809523808,0.623015873015873,0.32142857142857145,0.8333333333333334,0.9246031746031746,0.46825396825396826,0.05555555555555555,0.42063492063492064,BRD_20140778,크리스피크림,0.7494226327944573,False,6906.9259442722005,55.470712991852245,37,103,0.7788683602771362,True,0.8097690531177828,0.8500000000000001,0.890230946882217,50.0,25.0,13.0,29.333333333333332,False,direct_size_estimation_deferred,매장 면적·좌석·점포별 매출이 없어 규모별 적합도와 argmax 규모는 산출하지 않음,0.7887104020278387,0.7667436489607391,usable_area_profile,True,opportunity,True,0.6360103926096998,18.0
3120158,녹두거리(대학동),11620,695809095.0,79236.0,8781.476790852643,0.7778290993071594,0.6944444444444444,0.5833333333333334,0.49603174603174605,0.8611111111111112,0.9801587301587301,0.8690476190476191,0.027777777777777776,0.051587301587301584,0.3412698412698413,BRD_20140778,크리스피크림,0.4214780600461894,False,2061.3393704012233,107.28000742995447,15,20,0.3135103926096998,True,0.5283833718244804,0.5996535796766744,0.6709237875288684,189.0,133.0,96.0,139.33333333333334,False,direct_size_estimation_deferred,매장 면적·좌석·점포별 매출이 없어 규모별 적합도와 argmax 규모는 산출하지 않음,0.6798869424631409,0.8498845265588915,usable_area_profile,True,opportunity,True,0.6357448036951502,19.0
3120153,노량진역(노량진),11590,595426544.0,103117.0,5774.2810981700395,0.7636258660508083,0.8611111111111112,0.5158730158730159,0.42857142857142855,0.753968253968254,0.9563492063492064,0.6626984126984127,0.11507936507936507,0.09523809523809523,0.5674603174603174,BRD_20140778,크리스피크림,0.5969976905311778,False,3674.0726720807124,132.0075755359234,5,24,0.09526558891454966,True,0.6469861431870669,0.6803117782909931,0.713637413394919,120.0,93.0,71.0,94.66666666666667,False,direct_size_estimation_deferred,매장 면적·좌석·점포별 매출이 없어 규모별 적합도와 argmax 규모는 산출하지 않음,0.7967436574382533,0.7598152424942264,usable_area_profile,True,opportunity,True,0.63364896073903,20.0
3120038,약수역,11140,1550178516.0,134777.0,11501.803096967584,0.9235565819861433,0.873015873015873,0.5793650793650794,0.6428571428571429,0.34523809523809523,0.8571428571428571,0.8214285714285714,0.0873015873015873,0.023809523809523808,0.8293650793650794,BRD_20080200064,파리바게뜨,0.20092378752886836,False,878.3826045324923,62.64183906448842,18,42,0.581986143187067,True,0.4177136258660509,0.5622401847575058,0.7067667436489607,42.0,24.0,10.0,25.333333333333332,False,direct_size_estimation_deferred,매장 면적·좌석·점포별 매출이 없어 규모별 적합도와 argmax 규모는 산출하지 않음,0.42072386741959267,0.9653579676674365,usable_area_profile,True,opportunity,True,0.7102655889145498,1.0
3110640,방화역 1번,11500,671414576.0,62982.0,10660.420056524086,0.7871824480369516,0.8373015873015873,0.23809523809523808,0.623015873015873,0.32142857142857145,0.8333333333333334,0.9246031746031746,0.46825396825396826,0.05555555555555555,0.42063492063492064,BRD_20080200064,파리바게뜨,0.8625866050808314,False,719.8694326105474,241.56986569432095,5,22,0.031177829099307157,True,0.8399653579676675,0.8248845265588916,0.8098036951501155,6.0,3.0,3.0,4.0,False,direct_size_estimation_deferred,매장 면적·좌석·점포별 매출이 없어 규모별 적합도와 argmax 규모는 산출하지 않음,0.6027518577030829,0.8660508083140878,usable_area_profile,True,opportunity,True,0.6880889145496537,2.0
3120165,서래마을카페거리(서래마을),11650,2971488955.0,159582.0,18620.45189933702,0.9718244803695151,0.7619047619047619,0.2857142857142857,0.7023809523809523,0.6785714285714286,0.8293650793650794,0.7777777777777778,0.42857142857142855,0.08333333333333333,0.5198412698412699,BRD_20080200064,파리바게뜨,0.9780600461893765,False,754.4461544881242,18.110770263065373,12,55,0.6073903002309469,True,0.976189376443418,0.9749422632794458,0.9736951501154734,1.0,1.0,1.0,1.0,True,direct_size_estimation_deferred,매장 면적·좌석·점포별 매출이 없어 규모별 적합도와 argmax 규모는 산출하지 않음,0.7090567667949226,0.7644341801385681,usable_area_profile,True,opportunity,True,0.6727251732101618,3.0
3120133,서울시흥동우체국(홈플러스시흥점),11545,637795918.0,60754.0,10498.00701188399,0.7765588914549653,0.753968253968254,0.7420634920634921,0.3531746031746032,0.24206349206349206,0.8690476190476191,0.873015873015873,0.04365079365079365,0.13095238095238096,0.6785714285714286,BRD_20080200064,파리바게뜨,0.10739030023094688,False,694.2225868096873,60.20797286767192,15,43,0.523094688221709,True,0.30814087759815234,0.44197459584295606,0.5758083140877597,59.0,39.0,24.0,40.666666666666664,False,direct_size_estimation_deferred,매장 면적·좌석·점포별 매출이 없어 규모별 적합도와 argmax 규모는 산출하지 않음,0.4492041865447183,0.9515011547344111,usable_area_profile,True,opportunity,True,0.6340935334872979,4.0
3110274,서일대학교,11260,492656087.0,41512.0,11867.79935922143,0.7133949191685912,0.8492063492063492,0.40476190476190477,0.5,0.39285714285714285,0.623015873015873,0.5714285714285714,0.16666666666666666,0.32936507936507936,0.8134920634920635,BRD_20080200064,파리바게뜨,0.8983833718244804,False,650.4467695524278,101.51354588565466,6,27,0.18879907621247113,True,0.8428868360277135,0.8058891454965358,0.7688914549653578,5.0,5.0,5.0,5.0,False,direct_size_estimation_deferred,매장 면적·좌석·점포별 매출이 없어 규모별 적합도와 argmax 규모는 산출하지 않음,0.5688478551905781,0.8891454965357968,usable_area_profile,True,opportunity,True,0.6307909930715936,5.0
3130222,오류시장,11530,677800421.0,66656.0,10168.633296327413,0.7894919168591223,0.8412698412698413,0.8373015873015873,0.5753968253968254,0.5238095238095238,0.7579365079365079,0.7380952380952381,0.18253968253968253,0.12698412698412698,0.7658730158730159,BRD_20080200064,파리바게뜨,0.5242494226327945,False,555.6518694649683,48.414873764798386,14,32,0.5548498845265589,True,0.6038221709006928,0.6568706697459584,0.7099191685912238,26.0,17.0,9.0,17.333333333333332,False,direct_size_estimation_deferred,매장 면적·좌석·점포별 매출이 없어 규모별 적합도와 argmax 규모는 산출하지 않음,0.4814401963618062,0.9260969976905312,usable_area_profile,True,opportunity,True,0.6288221709006929,6.0
3120228,석촌역(석촌호수),11710,510280686.0,47215.0,10807.596865402944,0.7248267898383373,0.8531746031746031,0.13095238095238096,0.6746031746031746,0.9325396825396826,0.8928571428571429,0.7063492063492064,0.4087301587301587,0.03968253968253968,0.5436507936507936,BRD_20080200064,파리바게뜨,0.3995381062355658,False,916.5424158603037,78.44743464456866,38,111,0.7061200923787528,True,0.4971247113163972,0.5621824480369515,0.6272401847575059,33.0,25.0,17.0,25.0,False,direct_size_estimation_deferred,매장 면적·좌석·점포별 매출이 없어 규모별 적합도와 argmax 규모는 산출하지 않음,0.3587609611637271,0.9907621247113164,usable_area_profile,True,opportunity,True,0.5899653579676675,7.0
3120028,명동(명동거리),11140,1220806458.0,114833.0,10631.14660419914,0.888799076212471,0.873015873015873,0.5793650793650794,0.6428571428571429,0.34523809523809523,0.8571428571428571,0.8214285714285714,0.0873015873015873,0.023809523809523808,0.8293650793650794,BRD_20080200064,파리바게뜨,0.20092378752886836,False,565.9628963097676,30.675723307169914,43,90,0.9133949191685913,True,0.4072863741339491,0.5448614318706697,0.6824364896073901,44.0,28.0,14.0,28.666666666666668,False,direct_size_estimation_deferred,매장 면적·좌석·점포별 매출이 없어 규모별 적합도와 argmax 규모는 산출하지 않음,0.7202519066268797,0.7575057736720554,usable_area_profile,True,opportunity,True,0.5790819861431871,8.0
3110593,신월3동주민센터,11470,317937956.0,28102.0,11313.712760657605,0.5892609699769054,0.8055555555555556,0.2222222222222222,0.5158730158730159,0.5873015873015873,0.5079365079365079,0.2896825396825397,0.4801587301587302,0.30952380952380953,0.7738095238095238,BRD_20080200064,파리바게뜨,0.9341801385681293,False,632.7566673113736,184.0679222675113,3,20,0.03060046189376444,True,0.8307043879907621,0.7617205542725174,0.6927367205542725,7.0,9.0,12.0,9.333333333333334,False,direct_size_estimation_deferred,매장 면적·좌석·점포별 매출이 없어 규모별 적합도와 argmax 규모는 산출하지 않음,0.6995121134758161,0.76905311778291,usable_area_profile,True,opportunity,True,0.5502193995381063,9.0
3120164,내방역,11650,960846805.0,94433.0,10174.905012019104,0.8489607390300231,0.7619047619047619,0.2857142857142857,0.7023809523809523,0.6785714285714286,0.8293650793650794,0.7777777777777778,0.42857142857142855,0.08333333333333333,0.5198412698412699,BRD_20080200064,파리바게뜨,0.9780600461893765,False,676.672003259978,49.19349552951682,19,48,0.663972286374134,True,0.9393302540415704,0.9135103926096998,0.8876905311778291,2.0,2.0,2.0,2.0,False,direct_size_estimation_deferred,매장 면적·좌석·점포별 매출이 없어 규모별 적합도와 argmax 규모는 산출하지 않음,0.8969644339066605,0.605080831408776,usable_area_profile,True,opportunity,True,0.5488568129330254,10.0
3130139,강북종합전통시장(강북종합골목시장),11305,556143075.0,53488.0,10397.529819772659,0.7376443418013857,0.8253968253968254,0.373015873015873,0.31746031746031744,0.42857142857142855,0.5396825396825397,0.1626984126984127,0.051587301587301584,0.5515873015873016,0.9365079365079365,BRD_20080200064,파리바게뜨,0.12702078521939955,False,625.4638278685006,27.730849249436897,16,42,0.6818706697459584,True,0.3102078521939954,0.4323325635103926,0.5544572748267897,58.0,41.0,28.0,42.333333333333336,False,direct_size_estimation_deferred,매장 면적·좌석·점포별 매출이 없어 규모별 적합도와 argmax 규모는 산출하지 않음,0.6743305857824294,0.7852193995381063,usable_area_profile,True,opportunity,True,0.5389896073903003,11.0
3001493,동대문패션타운 관광특구,11140,440248985.0,46018.0,9566.886544395671,0.673094688221709,0.873015873015873,0.5793650793650794,0.6428571428571429,0.34523809523809523,0.8571428571428571,0.8214285714285714,0.0873015873015873,0.023809523809523808,0.8293650793650794,BRD_20080200064,파리바게뜨,0.20092378752886836,False,522.9168193603563,83.38465086597759,13,68,0.38106235565819857,True,0.34257505773672053,0.43700923787528867,0.5314434180138569,51.0,40.0,31.0,40.666666666666664,False,direct_size_estimation_deferred,매장 면적·좌석·점포별 매출이 없어 규모별 적합도와 argmax 규모는 산출하지 않음,0.7669411579473959,0.7043879907621247,usable_area_profile,True,opportunity,True,0.5243591224018476,12.0
3110002,독립문역 1번,11110,365825854.0,38233.0,9568.32720424764,0.61824480369515,0.876984126984127,0.42857142857142855,0.503968253968254,0.75,0.9444444444444444,0.8531746031746031,0.2619047619047619,0.05952380952380952,0.3611111111111111,BRD_20080200064,파리바게뜨,0.7090069284064665,False,1175.9804419885481,115.00434770468347,4,14,0.14376443418013857,True,0.6817782909930715,0.6636258660508083,0.645473441108545,18.0,16.0,16.0,16.666666666666668,False,direct_size_estimation_deferred,매장 면적·좌석·점포별 매출이 없어 규모별 적합도와 argmax 규모는 산출하지 않음,0.8415712613740647,0.6535796766743649,usable_area_profile,True,opportunity,True,0.5145438799076212,13.0
3120036,장충동족발거리(남소영길),11140,714071225.0,46216.0,15450.736216894582,0.7980369515011547,0.873015873015873,0.5793650793650794,0.6428571428571429,0.34523809523809523,0.8571428571428571,0.8214285714285714,0.0873015873015873,0.023809523809523808,0.8293650793650794,BRD_20080200064,파리바게뜨,0.20092378752886836,False,518.3676301800754,65.7343136994004,11,60,0.4018475750577367,True,0.3800577367205542,0.4994803695150115,0.6189030023094687,48.0,34.0,20.0,34.0,False,direct_size_estimation_deferred,매장 면적·좌석·점포별 매출이 없어 규모별 적합도와 argmax 규모는 산출하지 않음,1.1378084337423544,0.4272517321016166,usable_area_profile,True,opportunity,True,0.5068187066974597,14.0
3110836,상도역 5번,11590,245030296.0,22286.0,10994.80822040743,0.5116628175519631,0.8611111111111112,0.5158730158730159,0.42857142857142855,0.753968253968254,0.9563492063492064,0.6626984126984127,0.11507936507936507,0.09523809523809523,0.5674603174603174,BRD_20080200064,파리바게뜨,0.5577367205542725,False,708.5795650328961,143.40502085254877,17,42,0.33718244803695147,True,0.5439145496535797,0.5346997690531178,0.5254849884526559,30.0,29.0,32.0,30.333333333333332,False,direct_size_estimation_deferred,매장 면적·좌석·점포별 매출이 없어 규모별 적합도와 argmax 규모는 산출하지 않음,0.5266972658378481,0.9076212471131639,usable_area_profile,True,opportunity,True,0.5031235565819862,15.0
3111090,강일동주민센터,11740,428404856.0,36116.0,11861.913168678702,0.6680138568129331,0.8452380952380952,0.06746031746031746,0.7063492063492064,0.38492063492063494,0.6626984126984127,0.7182539682539683,0.5833333333333334,0.06746031746031746,0.6507936507936508,BRD_20080200064,파리바게뜨,0.7528868360277137,False,1525.8368195663447,59.13543778863246,4,13,0.3262124711316397,True,0.7274249422632795,0.7104503464203233,0.6934757505773672,15.0,12.0,11.0,12.666666666666666,False,direct_size_estimation_deferred,매장 면적·좌석·점포별 매출이 없어 규모별 적합도와 argmax 규모는 산출하지 않음,0.8849323428713336,0.6096997690531178,usable_area_profile,True,opportunity,True,0.5013856812933026,16.0
3120076,수유역,11305,467733481.0,45202.0,10347.6280031857,0.6957274826789839,0.8253968253968254,0.373015873015873,0.31746031746031744,0.42857142857142855,0.5396825396825397,0.1626984126984127,0.051587301587301584,0.5515873015873016,0.9365079365079365,BRD_20080200064,파리바게뜨,0.12702078521939955,False,805.4030047526775,32.015621227467925,15,39,0.6420323325635104,True,0.29763279445727486,0.4113741339491917,0.5251154734411085,62.0,44.0,33.0,46.333333333333336,False,direct_size_estimation_deferred,매장 면적·좌석·점포별 매출이 없어 규모별 적합도와 argmax 규모는 산출하지 않음,0.7967447226930517,0.6766743648960739,usable_area_profile,True,opportunity,True,0.48934757505773674,17.0
3130065,무학봉상점가,11200,317290806.0,29717.0,10677.080660901167,0.5839491916859122,0.9206349206349206,0.38492063492063494,0.5555555555555556,0.9920634920634921,0.9841269841269841,0.9563492063492064,0.10317460317460317,0.015873015873015872,0.07936507936507936,BRD_20080200064,파리바게뜨,0.016166281755196306,False,511.56622247784657,58.18075286774034,23,68,0.6818706697459584,True,0.18650115473441106,0.30005773672055425,0.4136143187066974,73.0,61.0,40.0,58.0,False,direct_size_estimation_deferred,매장 면적·좌석·점포별 매출이 없어 규모별 적합도와 argmax 규모는 산출하지 않음,0.5707872807224045,0.8868360277136259,usable_area_profile,True,opportunity,True,0.48494226327944573,18.0
3120185,논현역,11680,513050241.0,50635.0,10132.324301372568,0.7160508083140878,0.7817460317460317,0.18253968253968253,0.75,0.6468253968253969,0.8531746031746031,0.9206349206349206,0.4365079365079365,0.027777777777777776,0.4880952380952381,BRD_20080200064,파리바게뜨,0.8083140877598153,False,825.5913032727934,65.29931086754209,16,60,0.5306004618937644,True,0.780635103926097,0.7621824480369516,0.7437297921478061,10.0,8.0,7.0,8.333333333333334,False,direct_size_estimation_deferred,매장 면적·좌석·점포별 매출이 없어 규모별 적합도와 argmax 규모는 산출하지 않음,0.9886967341906296,0.5219399538106235,usable_area_profile,True,opportunity,True,0.4708198614318707,19.0
3110690,오류2동버들시장,11530,236340399.0,20521.0,11517.002046683885,0.5033487297921478,0.8412698412698413,0.8373015873015873,0.5753968253968254,0.5238095238095238,0.7579365079365079,0.7380952380952381,0.18253968253968253,0.12698412698412698,0.7658730158730159,BRD_20080200064,파리바게뜨,0.5242494226327945,False,797.9235552185615,56.612719422528826,14,24,0.5155889145496536,True,0.5179792147806005,0.5137990762124711,0.5096189376443419,31.0,31.0,34.0,32.0,False,direct_size_estimation_deferred,매장 면적·좌석·점포별 매출이 없어 규모별 적합도와 argmax 규모는 산출하지 않음,0.6205925954666998,0.8452655889145496,usable_area_profile,True,opportunity,True,0.4530831408775982,20.0
3120166,방배역,11650,1455145059.0,122673.0,11861.983150326478,0.9176674364896074,0.7619047619047619,0.2857142857142857,0.7023809523809523,0.6785714285714286,0.8293650793650794,0.7777777777777778,0.42857142857142855,0.08333333333333333,0.5198412698412699,BRD_20170827,핫브레드,0.9780600461893765,False,744.3937130431206,99.2975326976693,12,27,0.26963048498845266,True,0.9599422632794457,0.9478637413394919,0.935785219399538,3.0,3.0,5.0,3.6666666666666665,False,direct_size_estimation_deferred,매장 면적·좌석·점포별 매출이 없어 규모별 적합도와 argmax 규모는 산출하지 않음,0.5933273209717361,0.8868360277136259,usable_area_profile,True,opportunity,True,0.730323325635104,1.0
3120188,압구정역,11680,1784647410.0,134975.0,13222.058973884052,0.9404157043879908,0.7817460317460317,0.18253968253968253,0.75,0.6468253968253969,0.8531746031746031,0.9206349206349206,0.4365079365079365,0.027777777777777776,0.4880952380952381,BRD_20170827,핫브레드,0.8083140877598153,False,1313.3944570980261,98.31073190628577,25,98,0.5363741339491916,True,0.847944572748268,0.874364896073903,0.9007852193995382,26.0,15.0,13.0,18.0,False,direct_size_estimation_deferred,매장 면적·좌석·점포별 매출이 없어 규모별 적합도와 argmax 규모는 산출하지 않음,0.42589548898085045,0.9699769053117783,usable_area_profile,True,opportunity,True,0.7277655889145497,2.0
3120069,상봉역,11260,1511381851.0,142985.0,10570.212616708046,0.9086605080831409,0.8492063492063492,0.40476190476190477,0.5,0.39285714285714285,0.623015873015873,0.5714285714285714,0.16666666666666666,0.32936507936507936,0.8134920634920635,BRD_20170827,핫브레드,0.6535796766743649,False,547.2266440671879,89.18520055817115,16,54,0.39838337182448036,True,0.7301039260969977,0.7811200923787529,0.832136258660508,74.0,44.0,27.0,48.333333333333336,False,direct_size_estimation_deferred,매장 면적·좌석·점포별 매출이 없어 규모별 적합도와 argmax 규모는 산출하지 않음,0.5666811437451319,0.9076212471131639,usable_area_profile,True,opportunity,True,0.7122921478060048,3.0
3120038,약수역,11140,1550178516.0,134777.0,11501.803096967584,0.9235565819861433,0.873015873015873,0.5793650793650794,0.6428571428571429,0.34523809523809523,0.8571428571428571,0.8214285714285714,0.0873015873015873,0.023809523809523808,0.8293650793650794,BRD_20170827,핫브레드,0.23094688221709006,False,3135.898595313147,62.64183906448842,18,44,0.5548498845265588,True,0.43872979214780605,0.5772517321016167,0.7157736720554273,227.0,129.0,67.0,141.0,False,direct_size_estimation_deferred,매장 면적·좌석·점포별 매출이 없어 규모별 적합도와 argmax 규모는 산출하지 않음,0.4842462093825257,0.9399538106235565,usable_area_profile,True,opportunity,True,0.706714780600462,4.0
3110892,관악구 중앙길,11620,913081619.0,87290.0,10460.323278726086,0.8403002309468822,0.6944444444444444,0.5833333333333334,0.49603174603174605,0.8611111111111112,0.9801587301587301,0.8690476190476191,0.027777777777777776,0.051587301587301584,0.3412698412698413,BRD_20170827,핫브레드,0.3083140877598152,False,1821.079350259868,165.92166821826325,24,76,0.40127020785219397,True,0.4679099307159353,0.5743071593533488,0.680704387990762,197.0,130.0,82.0,136.33333333333334,False,direct_size_estimation_deferred,매장 면적·좌석·점포별 매출이 없어 규모별 적합도와 argmax 규모는 산출하지 않음,0.46119438386228173,0.9561200923787528,usable_area_profile,True,opportunity,True,0.688810623556582,5.0
3120009,종로3가역,11110,773341001.0,64864.0,11922.499398741984,0.8273672055427251,0.876984126984127,0.42857142857142855,0.503968253968254,0.75,0.9444444444444444,0.8531746031746031,0.2619047619047619,0.05952380952380952,0.3611111111111111,BRD_20170827,핫브레드,0.8960739030023095,False,1503.2937171697195,125.80143085865113,24,103,0.4578521939953811,True,0.8754618937644341,0.8617205542725173,0.8479792147806003,20.0,18.0,22.0,20.0,False,direct_size_estimation_deferred,매장 면적·좌석·점포별 매출이 없어 규모별 적합도와 argmax 규모는 산출하지 않음,0.3413229923222304,0.9930715935334873,usable_area_profile,True,opportunity,True,0.6842956120092378,6.0
3120037,동대문역사문화공원역,11140,991150857.0,75063.0,13204.253187322649,0.8695150115473441,0.873015873015873,0.5793650793650794,0.6428571428571429,0.34523809523809523,0.8571428571428571,0.8214285714285714,0.0873015873015873,0.023809523809523808,0.8293650793650794,BRD_20170827,핫브레드,0.23094688221709006,False,1875.9211070963177,125.25573836405046,15,74,0.2840646651270208,True,0.4225173210161663,0.5502309468822171,0.6779445727482679,240.0,154.0,84.0,159.33333333333334,False,direct_size_estimation_deferred,매장 면적·좌석·점포별 매출이 없어 규모별 적합도와 argmax 규모는 산출하지 않음,0.7003048842956213,0.812933025404157,usable_area_profile,True,opportunity,True,0.6795034642032333,7.0
3110640,방화역 1번,11500,671414576.0,62982.0,10660.420056524086,0.7871824480369516,0.8373015873015873,0.23809523809523808,0.623015873015873,0.32142857142857145,0.8333333333333334,0.9246031746031746,0.46825396825396826,0.05555555555555555,0.42063492063492064,BRD_20170827,핫브레드,0.5046189376443418,False,2836.5269256462466,241.56986569432095,5,25,0.02482678983833718,True,0.5893879907621247,0.6459006928406468,0.7024133949191687,135.0,96.0,73.0,101.33333333333333,False,direct_size_estimation_deferred,매장 면적·좌석·점포별 매출이 없어 규모별 적합도와 argmax 규모는 산출하지 않음,0.6814602808652435,0.8244803695150116,usable_area_profile,True,opportunity,True,0.6765704387990763,8.0
3120175,남부터미널역,11650,960650667.0,103198.0,9308.810897498013,0.8390300230946882,0.7619047619047619,0.2857142857142857,0.7023809523809523,0.6785714285714286,0.8293650793650794,0.7777777777777778,0.42857142857142855,0.08333333333333333,0.5198412698412699,BRD_20170827,핫브레드,0.9780600461893765,False,1199.8966622604814,49.929950906089985,13,46,0.4849884526558892,True,0.93635103926097,0.9085450346420323,0.8807390300230946,6.0,9.0,15.0,10.0,False,direct_size_estimation_deferred,매장 면적·좌석·점포별 매출이 없어 규모별 적합도와 argmax 규모는 산출하지 않음,0.5689130550280846,0.9030023094688222,usable_area_profile,True,opportunity,True,0.6596189376443419,9.0
3120246,길동역,11740,916043297.0,88020.0,10407.217643717337,0.8409930715935335,0.8452380952380952,0.06746031746031746,0.7063492063492064,0.38492063492063494,0.6626984126984127,0.7182539682539683,0.5833333333333334,0.06746031746031746,0.6507936507936508,BRD_20170827,핫브레드,0.38799076212471134,False,2482.840309018962,87.92041856413586,26,72,0.5802540415704388,True,0.5238914549653579,0.6144919168591224,0.7050923787528869,165.0,110.0,71.0,115.33333333333333,False,direct_size_estimation_deferred,매장 면적·좌석·점포별 매출이 없어 규모별 적합도와 argmax 규모는 산출하지 않음,0.4699171673688196,0.9468822170900693,usable_area_profile,True,opportunity,True,0.6595727482678984,10.0
3120080,마들역,11350,1045100686.0,106340.0,9827.916926838443,0.858891454965358,0.8928571428571429,0.08333333333333333,0.7222222222222222,0.9444444444444444,0.7777777777777778,0.30158730158730157,0.38095238095238093,0.4444444444444444,0.6071428571428571,BRD_20170827,핫브레드,0.2748267898383372,False,4220.292051465956,45.607017023633105,8,32,0.4105080831408776,True,0.4500461893764434,0.5668591224018475,0.6836720554272517,213.0,134.0,81.0,142.66666666666666,False,direct_size_estimation_deferred,매장 면적·좌석·점포별 매출이 없어 규모별 적합도와 argmax 규모는 산출하지 않음,0.7031585018052877,0.8060046189376443,usable_area_profile,True,opportunity,True,0.6526154734411086,11.0
3130072,성동용답상가시장,11200,441220675.0,42751.0,10320.710041870365,0.6748267898383372,0.9206349206349206,0.38492063492063494,0.5555555555555556,0.9920634920634921,0.9841269841269841,0.9563492063492064,0.10317460317460317,0.015873015873015872,0.07936507936507936,BRD_20170827,핫브레드,0.13394919168591224,False,1037.8232026549297,135.0925608781212,10,28,0.15069284064665128,True,0.29621247113163973,0.4043879907621247,0.5125635103926097,306.0,243.0,183.0,244.0,False,direct_size_estimation_deferred,매장 면적·좌석·점포별 매출이 없어 규모별 적합도와 argmax 규모는 산출하지 않음,0.31140495904387394,0.9976905311778291,usable_area_profile,True,opportunity,True,0.6478579676674365,12.0
3120062,신설동역,11230,583819931.0,56521.0,10329.256931052176,0.748498845265589,0.6904761904761905,0.5396825396825397,0.5714285714285714,0.9603174603174603,0.9126984126984127,0.4087301587301587,0.1865079365079365,0.09126984126984126,0.6825396825396826,BRD_20170827,핫브레드,0.42609699769053117,False,2095.582257997079,109.76793705062819,8,37,0.1691685912240185,True,0.5228175519630485,0.58729792147806,0.6517782909930716,167.0,122.0,99.0,129.33333333333334,False,direct_size_estimation_deferred,매장 면적·좌석·점포별 매출이 없어 규모별 적합도와 argmax 규모는 산출하지 않음,0.6434542158690703,0.8660508083140878,usable_area_profile,True,opportunity,True,0.6461143187066976,13.0
3120165,서래마을카페거리(서래마을),11650,2971488955.0,159582.0,18620.45189933702,0.9718244803695151,0.7619047619047619,0.2857142857142857,0.7023809523809523,0.6785714285714286,0.8293650793650794,0.7777777777777778,0.42857142857142855,0.08333333333333333,0.5198412698412699,BRD_20170827,핫브레드,0.9780600461893765,False,1096.8049051252747,18.110770263065373,12,56,0.5825635103926097,True,0.976189376443418,0.9749422632794458,0.9736951501154734,1.0,1.0,1.0,1.0,True,direct_size_estimation_deferred,매장 면적·좌석·점포별 매출이 없어 규모별 적합도와 argmax 규모는 산출하지 않음,0.8697328635401216,0.6628175519630485,usable_area_profile,True,opportunity,True,0.6459642032332564,14.0
3120158,녹두거리(대학동),11620,695809095.0,79236.0,8781.476790852643,0.7778290993071594,0.6944444444444444,0.5833333333333334,0.49603174603174605,0.8611111111111112,0.9801587301587301,0.8690476190476191,0.027777777777777776,0.051587301587301584,0.3412698412698413,BRD_20170827,핫브레드,0.3083140877598152,False,3446.7940176319808,107.28000742995447,15,20,0.31755196304849886,True,0.4491685912240184,0.5430715935334873,0.6369745958429561,214.0,161.0,105.0,160.0,False,direct_size_estimation_deferred,매장 면적·좌석·점포별 매출이 없어 규모별 적합도와 argmax 규모는 산출하지 않음,0.5997106465016507,0.8822170900692841,usable_area_profile,True,opportunity,True,0.6448383371824481,15.0
3130002,세종마을음식문화거리(금천교시장),11110,1427114674.0,119648.0,11927.609939154854,0.9169745958429562,0.876984126984127,0.42857142857142855,0.503968253968254,0.75,0.9444444444444444,0.8531746031746031,0.2619047619047619,0.05952380952380952,0.3611111111111111,BRD_20170827,핫브레드,0.8960739030023095,False,1966.0366222257308,20.248456733787368,42,68,0.9359122401847575,True,0.9023441108545034,0.9065242494226329,0.9107043879907621,12.0,10.0,9.0,10.333333333333334,False,direct_size_estimation_deferred,매장 면적·좌석·점포별 매출이 없어 규모별 적합도와 argmax 규모는 산출하지 않음,0.52513294467507,0.930715935334873,usable_area_profile,True,opportunity,True,0.6431639722863742,16.0
3120081,노원역,11350,1459224642.0,143889.0,10141.32172716469,0.8973441108545035,0.8928571428571429,0.08333333333333333,0.7222222222222222,0.9444444444444444,0.7777777777777778,0.30158730158730157,0.38095238095238093,0.4444444444444444,0.6071428571428571,BRD_20170827,핫브레드,0.2748267898383372,False,3798.5556465149384,36.878177844323965,34,60,0.8568129330254042,True,0.4615819861431871,0.5860854503464203,0.7105889145496536,203.0,123.0,70.0,132.0,False,direct_size_estimation_deferred,매장 면적·좌석·점포별 매출이 없어 규모별 적합도와 argmax 규모는 산출하지 않음,0.5370604652331322,0.9214780600461894,usable_area_profile,True,opportunity,True,0.6414607390300231,17.0
3120201,도곡1동,11680,649721874.0,58337.0,11137.38920410717,0.7846420323325634,0.7817460317460317,0.18253968253968253,0.75,0.6468253968253969,0.8531746031746031,0.9206349206349206,0.4365079365079365,0.027777777777777776,0.4880952380952381,BRD_20170827,핫브레드,0.8083140877598153,False,930.2150288759185,87.09190547353441,10,64,0.2673210161662818,True,0.8012124711316397,0.7964780600461894,0.7917436489607389,48.0,41.0,42.0,43.666666666666664,False,direct_size_estimation_deferred,매장 면적·좌석·점포별 매출이 없어 규모별 적합도와 argmax 규모는 산출하지 않음,0.6936778072333006,0.8175519630484989,usable_area_profile,True,opportunity,True,0.6367205542725173,18.0
3130222,오류시장,11530,677800421.0,66656.0,10168.633296327413,0.7894919168591223,0.8412698412698413,0.8373015873015873,0.5753968253968254,0.5238095238095238,0.7579365079365079,0.7380952380952381,0.18253968253968253,0.12698412698412698,0.7658730158730159,BRD_20170827,핫브레드,0.6212471131639723,False,3785.6724634240973,48.414873764798386,14,33,0.5196304849884527,True,0.6717205542725173,0.7053695150115473,0.7390184757505772,99.0,72.0,59.0,76.66666666666667,False,direct_size_estimation_deferred,매장 면적·좌석·점포별 매출이 없어 규모별 적합도와 argmax 규모는 산출하지 않음,0.544203864863407,0.9145496535796767,usable_area_profile,True,opportunity,True,0.6306408775981523,19.0
3001496,강남 마이스 관광특구,11680,1293218183.0,103941.0,12441.848577558423,0.9066974595842956,0.7817460317460317,0.18253968253968253,0.75,0.6468253968253969,0.8531746031746031,0.9206349206349206,0.4365079365079365,0.027777777777777776,0.4880952380952381,BRD_20170827,핫브레드,0.8083140877598153,False,2475.8230954808814,97.94386148455335,20,41,0.4607390300230947,True,0.8378290993071593,0.8575057736720555,0.8771824480369514,30.0,19.0,16.0,21.666666666666668,False,direct_size_estimation_deferred,매장 면적·좌석·점포별 매출이 없어 규모별 적합도와 argmax 규모는 산출하지 않음,0.8759102219479736,0.6605080831408776,usable_area_profile,True,opportunity,True,0.6277251732101617,20.0
3120188,압구정역,11680,1784647410.0,134975.0,13222.058973884052,0.9404157043879908,0.7817460317460317,0.18253968253968253,0.75,0.6468253968253969,0.8531746031746031,0.9206349206349206,0.4365079365079365,0.027777777777777776,0.4880952380952381,BRD_20201275,호두당,0.6997690531177829,False,1204.059799173489,98.31073190628577,25,98,0.5323325635103926,True,0.7719630484988452,0.8200923787528869,0.8682217090069284,51.0,20.0,12.0,27.666666666666668,False,direct_size_estimation_deferred,매장 면적·좌석·점포별 매출이 없어 규모별 적합도와 argmax 규모는 산출하지 않음,0.5224889332902034,0.9515011547344111,usable_area_profile,True,opportunity,True,0.7228290993071593,1.0
3120037,동대문역사문화공원역,11140,991150857.0,75063.0,13204.253187322649,0.8695150115473441,0.873015873015873,0.5793650793650794,0.6428571428571429,0.34523809523809523,0.8571428571428571,0.8214285714285714,0.0873015873015873,0.023809523809523808,0.8293650793650794,BRD_20201275,호두당,0.17782909930715934,False,3050.115571577939,125.25573836405046,15,74,0.28117782909930716,True,0.38533487297921476,0.5236720554272517,0.6620092378752886,281.0,187.0,106.0,191.33333333333334,False,direct_size_estimation_deferred,매장 면적·좌석·점포별 매출이 없어 규모별 적합도와 argmax 규모는 산출하지 않음,0.604175943642323,0.9284064665127021,usable_area_profile,True,opportunity,True,0.714578521939954,2.0
3120166,방배역,11650,1455145059.0,122673.0,11861.983150326478,0.9176674364896074,0.7619047619047619,0.2857142857142857,0.7023809523809523,0.6785714285714286,0.8293650793650794,0.7777777777777778,0.42857142857142855,0.08333333333333333,0.5198412698412699,BRD_20201275,호두당,0.9364896073903002,False,1333.2715402314047,99.2975326976693,12,28,0.2678983833718245,True,0.9308429561200924,0.9270785219399538,0.9233140877598152,5.0,4.0,3.0,4.0,False,direct_size_estimation_deferred,매장 면적·좌석·점포별 매출이 없어 규모별 적합도와 argmax 규모는 산출하지 않음,0.7957611846709636,0.7736720554272517,usable_area_profile,True,opportunity,True,0.696633949191686,3.0
3110892,관악구 중앙길,11620,913081619.0,87290.0,10460.323278726086,0.8403002309468822,0.6944444444444444,0.5833333333333334,0.49603174603174605,0.8611111111111112,0.9801587301587301,0.8690476190476191,0.027777777777777776,0.051587301587301584,0.3412698412698413,BRD_20201275,호두당,0.24133949191685913,False,4696.658386532799,165.92166821826325,24,76,0.3978060046189376,True,0.421027713625866,0.5408198614318707,0.6606120092378752,260.0,173.0,109.0,180.66666666666666,False,direct_size_estimation_deferred,매장 면적·좌석·점포별 매출이 없어 규모별 적합도와 argmax 규모는 산출하지 않음,0.4623065718690054,0.9653579676674365,usable_area_profile,True,opportunity,True,0.6921016166281756,4.0
3120038,약수역,11140,1550178516.0,134777.0,11501.803096967584,0.9235565819861433,0.873015873015873,0.5793650793650794,0.6428571428571429,0.34523809523809523,0.8571428571428571,0.8214285714285714,0.0873015873015873,0.023809523809523808,0.8293650793650794,BRD_20201275,호두당,0.17782909930715934,False,3958.289150634331,62.64183906448842,18,44,0.5508083140877598,True,0.4015473441108545,0.5506928406466514,0.699838337182448,268.0,169.0,91.0,176.0,False,direct_size_estimation_deferred,매장 면적·좌석·점포별 매출이 없어 규모별 적합도와 argmax 규모는 산출하지 않음,0.686943923034053,0.8752886836027713,usable_area_profile,True,opportunity,True,0.6879214780600462,5.0
3120175,남부터미널역,11650,960650667.0,103198.0,9308.810897498013,0.8390300230946882,0.7619047619047619,0.2857142857142857,0.7023809523809523,0.6785714285714286,0.8293650793650794,0.7777777777777778,0.42857142857142855,0.08333333333333333,0.5198412698412699,BRD_20201275,호두당,0.9364896073903002,False,1199.8966622604814,49.929950906089985,13,46,0.4821016166281755,True,0.9072517321016166,0.8877598152424941,0.8682678983833718,9.0,10.0,11.0,10.0,False,direct_size_estimation_deferred,매장 면적·좌석·점포별 매출이 없어 규모별 적합도와 argmax 규모는 산출하지 않음,0.35160401412939074,0.9930715935334873,usable_area_profile,True,opportunity,True,0.6870727482678984,6.0
3120009,종로3가역,11110,773341001.0,64864.0,11922.499398741984,0.8273672055427251,0.876984126984127,0.42857142857142855,0.503968253968254,0.75,0.9444444444444444,0.8531746031746031,0.2619047619047619,0.05952380952380952,0.3611111111111111,BRD_20201275,호두당,0.4618937644341801,False,3831.529851103577,125.80143085865113,24,103,0.4532332563510392,True,0.5715357967667436,0.6446304849884527,0.7177251732101615,177.0,119.0,77.0,124.33333333333333,False,direct_size_estimation_deferred,매장 면적·좌석·점포별 매출이 없어 규모별 적합도와 argmax 규모는 산출하지 않음,0.267228216907948,0.9976905311778291,usable_area_profile,True,opportunity,True,0.6863741339491917,7.0
3120107,공덕역(공덕오거리),11440,1051109080.0,111230.0,9449.870358716174,0.8578521939953809,0.9404761904761905,0.4246031746031746,0.5833333333333334,0.9642857142857143,0.9880952380952381,0.9841269841269841,0.1111111111111111,0.011904761904761904,0.051587301587301584,BRD_20201275,호두당,0.06351039260969978,False,6650.4283320449185,80.05623025110103,24,77,0.575635103926097,True,0.30181293302540413,0.4606812933025404,0.6195496535796766,329.0,248.0,136.0,237.66666666666666,False,direct_size_estimation_deferred,매장 면적·좌석·점포별 매출이 없어 규모별 적합도와 argmax 규모는 산출하지 않음,0.38778808005389687,0.9815242494226328,usable_area_profile,True,opportunity,True,0.6799307159353349,8.0
3120069,상봉역,11260,1511381851.0,142985.0,10570.212616708046,0.9086605080831409,0.8492063492063492,0.40476190476190477,0.5,0.39285714285714285,0.623015873015873,0.5714285714285714,0.16666666666666666,0.32936507936507936,0.8134920634920635,BRD_20201275,호두당,0.8983833718244804,False,5221.40766462329,89.18520055817115,16,56,0.3931870669745958,True,0.9014665127020784,0.9035219399538106,0.9055773672055427,10.0,7.0,6.0,7.666666666666667,False,direct_size_estimation_deferred,매장 면적·좌석·점포별 매출이 없어 규모별 적합도와 argmax 규모는 산출하지 않음,0.7786965363131012,0.792147806004619,usable_area_profile,True,opportunity,True,0.6784295612009239,9.0
3120149,여의도역(여의도),11560,3585532298.0,257766.0,13910.02807973123,0.9752886836027713,0.8571428571428571,0.7698412698412699,0.5277777777777778,0.23809523809523808,0.9007936507936508,0.9761904761904762,0.3373015873015873,0.047619047619047616,0.25,BRD_20201275,호두당,0.13394919168591224,False,5156.278212018608,175.93180492668327,36,58,0.4792147806004619,True,0.38635103926097,0.5546189376443418,0.7228868360277135,280.0,162.0,74.0,172.0,False,direct_size_estimation_deferred,매장 면적·좌석·점포별 매출이 없어 규모별 적합도와 argmax 규모는 산출하지 않음,0.8630136775409128,0.7113163972286374,usable_area_profile,True,opportunity,True,0.6779214780600462,10.0
3120208,청담사거리(청담동명품거리),11680,990117589.0,45474.0,21773.267999296302,0.8292147806004619,0.7817460317460317,0.18253968253968253,0.75,0.6468253968253969,0.8531746031746031,0.9206349206349206,0.4365079365079365,0.027777777777777776,0.4880952380952381,BRD_20201275,호두당,0.6997690531177829,False,2621.2754529141453,112.3610252495735,13,63,0.2557736720554272,True,0.7386027713625866,0.7644919168591224,0.7903810623556582,73.0,46.0,39.0,52.666666666666664,False,direct_size_estimation_deferred,매장 면적·좌석·점포별 매출이 없어 규모별 적합도와 argmax 규모는 산출하지 않음,0.7214403026940793,0.838337182448037,usable_area_profile,True,opportunity,True,0.6692032332563511,11.0
3120062,신설동역,11230,583819931.0,56521.0,10329.256931052176,0.748498845265589,0.6904761904761905,0.5396825396825397,0.5714285714285714,0.9603174603174603,0.9126984126984127,0.4087301587301587,0.1865079365079365,0.09126984126984126,0.6825396825396826,BRD_20201275,호두당,0.8279445727482679,False,1340.3824081269352,109.76793705062819,8,37,0.16743648960739027,True,0.8041108545034642,0.7882217090069285,0.7723325635103926,35.0,34.0,47.0,38.666666666666664,False,direct_size_estimation_deferred,매장 면적·좌석·점포별 매출이 없어 규모별 적합도와 argmax 규모는 산출하지 않음,0.5600911411378351,0.9399538106235565,usable_area_profile,True,opportunity,True,0.6685450346420323,12.0
3120201,도곡1동,11680,649721874.0,58337.0,11137.38920410717,0.7846420323325634,0.7817460317460317,0.18253968253968253,0.75,0.6468253968253969,0.8531746031746031,0.9206349206349206,0.4365079365079365,0.027777777777777776,0.4880952380952381,BRD_20201275,호두당,0.6997690531177829,False,2940.1532273337257,87.09190547353441,10,65,0.2644341801385681,True,0.725230946882217,0.7422055427251731,0.7591801385681292,82.0,55.0,57.0,64.66666666666667,False,direct_size_estimation_deferred,매장 면적·좌석·점포별 매출이 없어 규모별 적합도와 argmax 규모는 산출하지 않음,0.6444791037932156,0.9076212471131639,usable_area_profile,True,opportunity,True,0.664174364896074,13.0
3110640,방화역 1번,11500,671414576.0,62982.0,10660.420056524086,0.7871824480369516,0.8373015873015873,0.23809523809523808,0.623015873015873,0.32142857142857145,0.8333333333333334,0.9246031746031746,0.46825396825396826,0.05555555555555555,0.42063492063492064,BRD_20201275,호두당,0.5046189376443418,False,12899.475415688397,241.56986569432095,5,25,0.02482678983833718,True,0.5893879907621247,0.6459006928406468,0.7024133949191687,164.0,117.0,88.0,123.0,False,direct_size_estimation_deferred,매장 면적·좌석·점포별 매출이 없어 규모별 적합도와 argmax 규모는 산출하지 않음,0.7947800556074578,0.7759815242494226,usable_area_profile,True,opportunity,True,0.6620207852193997,14.0
3120148,국회의사당역(국회의사당),11560,658683908.0,52751.0,12486.662015885955,0.7863741339491918,0.8571428571428571,0.7698412698412699,0.5277777777777778,0.23809523809523808,0.9007936507936508,0.9761904761904762,0.3373015873015873,0.047619047619047616,0.25,BRD_20201275,호두당,0.13394919168591224,False,5541.23397807172,117.8346298709127,7,35,0.13741339491916857,True,0.32967667436489606,0.460161662817552,0.5906466512702079,316.0,249.0,152.0,239.0,False,direct_size_estimation_deferred,매장 면적·좌석·점포별 매출이 없어 규모별 적합도와 argmax 규모는 산출하지 않음,0.7676381674377554,0.7967667436489607,usable_area_profile,True,opportunity,True,0.6509237875288684,15.0
3120120,화곡역,11500,2140760825.0,296121.0,7229.34484551923,0.8866050808314089,0.8373015873015873,0.23809523809523808,0.623015873015873,0.32142857142857145,0.8333333333333334,0.9246031746031746,0.46825396825396826,0.05555555555555555,0.42063492063492064,BRD_20201275,호두당,0.5046189376443418,False,8397.79215032149,26.400757567542716,25,54,0.8175519630484989,True,0.619214780600462,0.6956120092378754,0.7720092378752887,142.0,82.0,48.0,90.66666666666667,False,direct_size_estimation_deferred,매장 면적·좌석·점포별 매출이 없어 규모별 적합도와 argmax 규모는 산출하지 않음,0.5445188431593053,0.9445727482678984,usable_area_profile,True,opportunity,True,0.6483718244803697,16.0
3120246,길동역,11740,916043297.0,88020.0,10407.217643717337,0.8409930715935335,0.8452380952380952,0.06746031746031746,0.7063492063492064,0.38492063492063494,0.6626984126984127,0.7182539682539683,0.5833333333333334,0.06746031746031746,0.6507936507936508,BRD_20201275,호두당,0.6443418013856813,False,4941.2083542127375,87.92041856413586,26,72,0.5750577367205543,True,0.703337182448037,0.7426674364896074,0.7819976905311778,93.0,54.0,41.0,62.666666666666664,False,direct_size_estimation_deferred,매장 면적·좌석·점포별 매출이 없어 규모별 적합도와 argmax 규모는 산출하지 않음,0.6744828625157344,0.8868360277136259,usable_area_profile,True,opportunity,True,0.6423383371824481,17.0
3130072,성동용답상가시장,11200,441220675.0,42751.0,10320.710041870365,0.6748267898383372,0.9206349206349206,0.38492063492063494,0.5555555555555556,0.9920634920634921,0.9841269841269841,0.9563492063492064,0.10317460317460317,0.015873015873015872,0.07936507936507936,BRD_20201275,호두당,0.016166281755196306,False,3198.385373928853,135.0925608781212,10,28,0.1489607390300231,True,0.21376443418013857,0.34549653579676676,0.4772286374133949,386.0,325.0,229.0,313.3333333333333,False,direct_size_estimation_deferred,매장 면적·좌석·점포별 매출이 없어 규모별 적합도와 argmax 규모는 산출하지 않음,0.44622850910536843,0.976905311778291,usable_area_profile,True,opportunity,True,0.6418822170900693,18.0
3120006,종각역,11110,3016948830.0,169455.0,17803.834823404442,0.9732101616628176,0.876984126984127,0.42857142857142855,0.503968253968254,0.75,0.9444444444444444,0.8531746031746031,0.2619047619047619,0.05952380952380952,0.3611111111111111,BRD_20201275,호두당,0.4618937644341801,False,4470.330748375841,42.201895712860484,34,122,0.8273672055427252,True,0.6152886836027713,0.7175519630484989,0.8198152424942262,146.0,68.0,23.0,79.0,True,direct_size_estimation_deferred,매장 면적·좌석·점포별 매출이 없어 규모별 적합도와 argmax 규모는 산출하지 않음,0.8011385366721818,0.76905311778291,usable_area_profile,True,opportunity,True,0.6418764434180139,19.0
3110943,법제교육센터(버들어린이공원),11650,849985150.0,98576.0,8622.637863171563,0.812471131639723,0.7619047619047619,0.2857142857142857,0.7023809523809523,0.6785714285714286,0.8293650793650794,0.7777777777777778,0.42857142857142855,0.08333333333333333,0.5198412698412699,BRD_20201275,호두당,0.9364896073903002,False,4010.246127152995,67.35725648954265,25,54,0.6466512702078522,True,0.899284064665127,0.8744803695150116,0.849676674364896,12.0,11.0,16.0,13.0,False,direct_size_estimation_deferred,매장 면적·좌석·점포별 매출이 없어 규모별 적합도와 argmax 규모는 산출하지 않음,0.4544974628318349,0.9722863741339491,usable_area_profile,True,opportunity,True,0.6415473441108546,20.0
3120188,압구정역,11680,1784647410.0,134975.0,13222.058973884052,0.9404157043879908,0.7817460317460317,0.18253968253968253,0.75,0.6468253968253969,0.8531746031746031,0.9206349206349206,0.4365079365079365,0.027777777777777776,0.4880952380952381,BRD_20080100675,호밀호두,0.7644341801385681,False,2126.2683273518624,98.31073190628577,25,98,0.5340646651270208,True,0.8172286374133948,0.8524249422632795,0.8876212471131639,34.0,18.0,13.0,21.666666666666668,False,direct_size_estimation_deferred,매장 면적·좌석·점포별 매출이 없어 규모별 적합도와 argmax 규모는 산출하지 않음,0.4806445066287513,0.9376443418013857,usable_area_profile,True,opportunity,True,0.7184122401847575,1.0
3120166,방배역,11650,1455145059.0,122673.0,11861.983150326478,0.9176674364896074,0.7619047619047619,0.2857142857142857,0.7023809523809523,0.6785714285714286,0.8293650793650794,0.7777777777777778,0.42857142857142855,0.08333333333333333,0.5198412698412699,BRD_20080100675,호밀호두,0.9780600461893765,False,1891.230816174945,99.2975326976693,12,28,0.2684757505773672,True,0.9599422632794457,0.9478637413394919,0.935785219399538,3.0,3.0,3.0,3.0,False,direct_size_estimation_deferred,매장 면적·좌석·점포별 매출이 없어 규모별 적합도와 argmax 규모는 산출하지 않음,0.625211109796659,0.8406466512702079,usable_area_profile,True,opportunity,True,0.7166397228637413,2.0
3120038,약수역,11140,1550178516.0,134777.0,11501.803096967584,0.9235565819861433,0.873015873015873,0.5793650793650794,0.6428571428571429,0.34523809523809523,0.8571428571428571,0.8214285714285714,0.0873015873015873,0.023809523809523808,0.8293650793650794,BRD_20080100675,호밀호두,0.20092378752886836,False,1515.9960422260647,62.64183906448842,18,44,0.5502309468822171,True,0.4177136258660509,0.5622401847575058,0.7067667436489607,254.0,162.0,84.0,166.66666666666666,False,direct_size_estimation_deferred,매장 면적·좌석·점포별 매출이 없어 규모별 적합도와 argmax 규모는 산출하지 않음,0.43465289182904193,0.9653579676674365,usable_area_profile,True,opportunity,True,0.7150288683602773,3.0
3120009,종로3가역,11110,773341001.0,64864.0,11922.499398741984,0.8273672055427251,0.876984126984127,0.42857142857142855,0.503968253968254,0.75,0.9444444444444444,0.8531746031746031,0.2619047619047619,0.05952380952380952,0.3611111111111111,BRD_20080100675,호밀호두,0.7090069284064665,False,2633.6020959895886,125.80143085865113,24,103,0.45554272517321015,True,0.744515011547344,0.7681870669745958,0.7918591224018474,78.0,48.0,38.0,54.666666666666664,False,direct_size_estimation_deferred,매장 면적·좌석·점포별 매출이 없어 규모별 적합도와 argmax 규모는 산출하지 않음,0.3343734615223761,0.9884526558891455,usable_area_profile,True,opportunity,True,0.683256351039261,4.0
3120107,공덕역(공덕오거리),11440,1051109080.0,111230.0,9449.870358716174,0.8578521939953809,0.9404761904761905,0.4246031746031746,0.5833333333333334,0.9642857142857143,0.9880952380952381,0.9841269841269841,0.1111111111111111,0.011904761904761904,0.051587301587301584,BRD_20080100675,호밀호두,0.07274826789838337,False,3880.280659918876,80.05623025110103,24,77,0.5779445727482679,True,0.3082794457274826,0.46530023094688217,0.6223210161662817,326.0,230.0,129.0,228.33333333333334,False,direct_size_estimation_deferred,매장 면적·좌석·점포별 매출이 없어 규모별 적합도와 argmax 규모는 산출하지 않음,0.3921446902196832,0.9861431870669746,usable_area_profile,True,opportunity,True,0.6809699769053117,5.0
3120069,상봉역,11260,1511381851.0,142985.0,10570.212616708046,0.9086605080831409,0.8492063492063492,0.40476190476190477,0.5,0.39285714285714285,0.623015873015873,0.5714285714285714,0.16666666666666666,0.32936507936507936,0.8134920634920635,BRD_20080100675,호밀호두,0.8983833718244804,False,3504.160384444981,89.18520055817115,16,56,0.39260969976905313,True,0.9014665127020784,0.9035219399538106,0.9055773672055427,10.0,9.0,8.0,9.0,False,direct_size_estimation_deferred,매장 면적·좌석·점포별 매출이 없어 규모별 적합도와 argmax 규모는 산출하지 않음,0.7219180073410505,0.7713625866050808,usable_area_profile,True,opportunity,True,0.6722806004618939,6.0
3110640,방화역 1번,11500,671414576.0,62982.0,10660.420056524086,0.7871824480369516,0.8373015873015873,0.23809523809523808,0.623015873015873,0.32142857142857145,0.8333333333333334,0.9246031746031746,0.46825396825396826,0.05555555555555555,0.42063492063492064,BRD_20080100675,호밀호두,0.8187066974595842,False,9148.993933726953,241.56986569432095,5,25,0.02482678983833718,True,0.8092494226327944,0.8029445727482679,0.7966397228637414,39.0,33.0,35.0,35.666666666666664,False,direct_size_estimation_deferred,매장 면적·좌석·점포별 매출이 없어 규모별 적합도와 argmax 규모는 산출하지 않음,0.7025850244930082,0.7967667436489607,usable_area_profile,True,opportunity,True,0.6682563510392611,7.0
3110892,관악구 중앙길,11620,913081619.0,87290.0,10460.323278726086,0.8403002309468822,0.6944444444444444,0.5833333333333334,0.49603174603174605,0.8611111111111112,0.9801587301587301,0.8690476190476191,0.027777777777777776,0.051587301587301584,0.3412698412698413,BRD_20080100675,호밀호두,0.34988452655889146,False,2964.4405880481286,165.92166821826325,24,76,0.40011547344110854,True,0.4970092378752886,0.5950923787528868,0.693175519630485,200.0,138.0,87.0,141.66666666666666,False,direct_size_estimation_deferred,매장 면적·좌석·점포별 매출이 없어 규모별 적합도와 argmax 규모는 산출하지 않음,0.5531310041086324,0.8845265588914549,usable_area_profile,True,opportunity,True,0.6675057736720554,8.0
3120165,서래마을카페거리(서래마을),11650,2971488955.0,159582.0,18620.45189933702,0.9718244803695151,0.7619047619047619,0.2857142857142857,0.7023809523809523,0.6785714285714286,0.8293650793650794,0.7777777777777778,0.42857142857142855,0.08333333333333333,0.5198412698412699,BRD_20080100675,호밀호두,0.9780600461893765,False,1430.8577846845546,18.110770263065373,12,56,0.5825635103926097,True,0.976189376443418,0.9749422632794458,0.9736951501154734,1.0,1.0,1.0,1.0,True,direct_size_estimation_deferred,매장 면적·좌석·점포별 매출이 없어 규모별 적합도와 argmax 규모는 산출하지 않음,0.7802358456506073,0.7297921478060045,usable_area_profile,True,opportunity,True,0.6660565819861433,9.0
3120201,도곡1동,11680,649721874.0,58337.0,11137.38920410717,0.7846420323325634,0.7817460317460317,0.18253968253968253,0.75,0.6468253968253969,0.8531746031746031,0.9206349206349206,0.4365079365079365,0.027777777777777776,0.4880952380952381,BRD_20080100675,호밀호두,0.7644341801385681,False,1546.2321947177284,87.09190547353441,10,65,0.26501154734411086,True,0.7704965357967666,0.7745381062355657,0.7785796766743647,65.0,45.0,44.0,51.333333333333336,False,direct_size_estimation_deferred,매장 면적·좌석·점포별 매출이 없어 규모별 적합도와 argmax 규모는 산출하지 않음,0.5478485371380071,0.8914549653579676,usable_area_profile,True,opportunity,True,0.6592378752886835,10.0
3120120,화곡역,11500,2140760825.0,296121.0,7229.34484551923,0.8866050808314089,0.8373015873015873,0.23809523809523808,0.623015873015873,0.32142857142857145,0.8333333333333334,0.9246031746031746,0.46825396825396826,0.05555555555555555,0.42063492063492064,BRD_20080100675,호밀호두,0.8187066974595842,False,5393.713099492108,26.400757567542716,25,54,0.819284064665127,True,0.8390762124711316,0.8526558891454965,0.8662355658198615,29.0,17.0,16.0,20.666666666666668,False,direct_size_estimation_deferred,매장 면적·좌석·점포별 매출이 없어 규모별 적합도와 argmax 규모는 산출하지 않음,0.41148049634323236,0.9722863741339491,usable_area_profile,True,opportunity,True,0.6564260969976906,11.0
3120175,남부터미널역,11650,960650667.0,103198.0,9308.810897498013,0.8390300230946882,0.7619047619047619,0.2857142857142857,0.7023809523809523,0.6785714285714286,0.8293650793650794,0.7777777777777778,0.42857142857142855,0.08333333333333333,0.5198412698412699,BRD_20080100675,호밀호두,0.9780600461893765,False,1000.418412477851,49.929950906089985,13,46,0.4832563510392609,True,0.93635103926097,0.9085450346420323,0.8807390300230946,6.0,7.0,15.0,9.333333333333334,False,direct_size_estimation_deferred,매장 면적·좌석·점포별 매출이 없어 규모별 적합도와 argmax 규모는 산출하지 않음,0.5492930471801407,0.8891454965357968,usable_area_profile,True,opportunity,True,0.6557217090069285,12.0
3120037,동대문역사문화공원역,11140,991150857.0,75063.0,13204.253187322649,0.8695150115473441,0.873015873015873,0.5793650793650794,0.6428571428571429,0.34523809523809523,0.8571428571428571,0.8214285714285714,0.0873015873015873,0.023809523809523808,0.8293650793650794,BRD_20080100675,호밀호두,0.20092378752886836,False,1074.2253022571572,125.25573836405046,15,74,0.28002309468822173,True,0.40150115473441106,0.5352193995381063,0.6689376443418014,265.0,181.0,104.0,183.33333333333334,False,direct_size_estimation_deferred,매장 면적·좌석·점포별 매출이 없어 규모별 적합도와 argmax 규모는 산출하지 않음,0.7934910186933228,0.7182448036951501,usable_area_profile,True,opportunity,True,0.651703233256351,13.0
3120152,신대방삼거리역,11590,953145793.0,102228.0,9323.72532965528,0.8353348729792147,0.8611111111111112,0.5158730158730159,0.42857142857142855,0.753968253968254,0.9563492063492064,0.6626984126984127,0.11507936507936507,0.09523809523809523,0.5674603174603174,BRD_20080100675,호밀호두,0.4491916859122402,False,2848.975254322369,79.30952023733208,18,47,0.4774826789838337,True,0.5650346420323324,0.6422632794457275,0.7194919168591223,167.0,109.0,77.0,117.66666666666667,False,direct_size_estimation_deferred,매장 면적·좌석·점포별 매출이 없어 규모별 적합도와 argmax 규모는 산출하지 않음,0.5943792785527213,0.8683602771362586,usable_area_profile,True,opportunity,True,0.6483198614318706,14.0
3130072,성동용답상가시장,11200,441220675.0,42751.0,10320.710041870365,0.6748267898383372,0.9206349206349206,0.38492063492063494,0.5555555555555556,0.9920634920634921,0.9841269841269841,0.9563492063492064,0.10317460317460317,0.015873015873015872,0.07936507936507936,BRD_20080100675,호밀호두,0.12009237875288684,False,2250.658792456432,135.0925608781212,10,28,0.14953810623556585,True,0.2865127020785219,0.397459584295612,0.508406466512702,339.0,278.0,205.0,274.0,False,direct_size_estimation_deferred,매장 면적·좌석·점포별 매출이 없어 규모별 적합도와 argmax 규모는 산출하지 않음,0.3306365998573183,0.9907621247113164,usable_area_profile,True,opportunity,True,0.6459526558891455,15.0
3120149,여의도역(여의도),11560,3585532298.0,257766.0,13910.02807973123,0.9752886836027713,0.8571428571428571,0.7698412698412699,0.5277777777777778,0.23809523809523808,0.9007936507936508,0.9761904761904762,0.3373015873015873,0.047619047619047616,0.25,BRD_20080100675,호밀호두,0.24480369515011546,False,2610.52580913754,175.93180492668327,36,58,0.4792147806004619,True,0.4639491916859122,0.6100461893764434,0.7561431870669745,228.0,129.0,53.0,136.66666666666666,False,direct_size_estimation_deferred,매장 면적·좌석·점포별 매출이 없어 규모별 적합도와 argmax 규모는 산출하지 않음,0.8930951513100832,0.6004618937644342,usable_area_profile,True,opportunity,True,0.6446651270207853,16.0
3120080,마들역,11350,1045100686.0,106340.0,9827.916926838443,0.858891454965358,0.8928571428571429,0.08333333333333333,0.7222222222222222,0.9444444444444444,0.7777777777777778,0.30158730158730157,0.38095238095238093,0.4444444444444444,0.6071428571428571,BRD_20080100675,호밀호두,0.3833718244803695,False,5256.097411558089,45.607017023633105,8,32,0.4087759815242494,True,0.526027713625866,0.6211316397228638,0.7162355658198614,187.0,118.0,79.0,128.0,False,direct_size_estimation_deferred,매장 면적·좌석·점포별 매출이 없어 규모별 적합도와 argmax 규모는 산출하지 않음,0.7341072866951526,0.7575057736720554,usable_area_profile,True,opportunity,True,0.6383256351039263,17.0
3120062,신설동역,11230,583819931.0,56521.0,10329.256931052176,0.748498845265589,0.6904761904761905,0.5396825396825397,0.5714285714285714,0.9603174603174603,0.9126984126984127,0.4087301587301587,0.1865079365079365,0.09126984126984126,0.6825396825396826,BRD_20080100675,호밀호두,0.31524249422632794,False,1121.1012442973956,109.76793705062819,8,37,0.16743648960739027,True,0.4452193995381062,0.5318706697459584,0.6185219399538107,237.0,184.0,133.0,184.66666666666666,False,direct_size_estimation_deferred,매장 면적·좌석·점포별 매출이 없어 규모별 적합도와 argmax 규모는 산출하지 않음,0.6468669931364138,0.8314087759815243,usable_area_profile,True,opportunity,True,0.6359815242494227,18.0
3130147,쌍문역동측상점가,11320,2520521582.0,295704.0,8523.799414279145,0.8990762124711316,0.7182539682539683,0.11904761904761904,0.6071428571428571,0.25793650793650796,0.3611111111111111,0.24603174603174602,0.19047619047619047,0.4246031746031746,0.9126984126984127,BRD_20080100675,호밀호두,0.1535796766743649,False,2492.743267950404,76.05918750239688,27,48,0.6385681293302541,True,0.3772286374133949,0.5263279445727482,0.6754272517321016,283.0,189.0,98.0,190.0,False,direct_size_estimation_deferred,매장 면적·좌석·점포별 매출이 없어 규모별 적합도와 argmax 규모는 산출하지 않음,0.7169643366417241,0.7782909930715936,usable_area_profile,True,opportunity,True,0.6321939953810624,19.0
3120133,서울시흥동우체국(홈플러스시흥점),11545,637795918.0,60754.0,10498.00701188399,0.7765588914549653,0.753968253968254,0.7420634920634921,0.3531746031746032,0.24206349206349206,0.8690476190476191,0.873015873015873,0.04365079365079365,0.13095238095238096,0.6785714285714286,BRD_20080100675,호밀호두,0.012702078521939953,False,3521.00355015104,60.20797286767192,15,45,0.4821016166281755,True,0.24185912240184754,0.3946304849884526,0.5474018475750576,357.0,281.0,179.0,272.3333333333333,False,direct_size_estimation_deferred,매장 면적·좌석·점포별 매출이 없어 규모별 적합도와 argmax 규모는 산출하지 않음,0.5179955408487065,0.9099307159353349,usable_area_profile,True,opportunity,True,0.627771362586605,20.0
3120166,방배역,11650,1455145059.0,122673.0,11861.983150326478,0.9176674364896074,0.7619047619047619,0.2857142857142857,0.7023809523809523,0.6785714285714286,0.8293650793650794,0.7777777777777778,0.42857142857142855,0.08333333333333333,0.5198412698412699,BRD_20240478,화이트리에,0.9780600461893765,False,3023.7701632485446,99.2975326976693,12,28,0.2673210161662818,True,0.9599422632794457,0.9478637413394919,0.935785219399538,3.0,3.0,3.0,3.0,False,direct_size_estimation_deferred,매장 면적·좌석·점포별 매출이 없어 규모별 적합도와 argmax 규모는 산출하지 않음,0.5242590028504286,0.9376443418013857,usable_area_profile,True,opportunity,True,0.7459122401847574,1.0
3120188,압구정역,11680,1784647410.0,134975.0,13222.058973884052,0.9404157043879908,0.7817460317460317,0.18253968253968253,0.75,0.6468253968253969,0.8531746031746031,0.9206349206349206,0.4365079365079365,0.027777777777777776,0.4880952380952381,BRD_20240478,화이트리에,0.8060046189376443,False,2664.8470875161825,98.31073190628577,25,98,0.5323325635103926,True,0.8463279445727483,0.8732101616628176,0.9000923787528868,26.0,15.0,9.0,16.666666666666668,False,direct_size_estimation_deferred,매장 면적·좌석·점포별 매출이 없어 규모별 적합도와 argmax 규모는 산출하지 않음,0.390646623708838,0.9884526558891455,usable_area_profile,True,opportunity,True,0.7339145496535797,2.0
3120165,서래마을카페거리(서래마을),11650,2971488955.0,159582.0,18620.45189933702,0.9718244803695151,0.7619047619047619,0.2857142857142857,0.7023809523809523,0.6785714285714286,0.8293650793650794,0.7777777777777778,0.42857142857142855,0.08333333333333333,0.5198412698412699,BRD_20240478,화이트리에,0.9780600461893765,False,1369.634257778366,18.110770263065373,12,56,0.5814087759815242,True,0.976189376443418,0.9749422632794458,0.9736951501154734,1.0,1.0,1.0,1.0,True,direct_size_estimation_deferred,매장 면적·좌석·점포별 매출이 없어 규모별 적합도와 argmax 규모는 산출하지 않음,0.4815989213897133,0.9515011547344111,usable_area_profile,True,opportunity,True,0.7327424942263281,3.0
3120069,상봉역,11260,1511381851.0,142985.0,10570.212616708046,0.9086605080831409,0.8492063492063492,0.40476190476190477,0.5,0.39285714285714285,0.623015873015873,0.5714285714285714,0.16666666666666666,0.32936507936507936,0.8134920634920635,BRD_20240478,화이트리에,0.8545034642032333,False,2222.724679294381,89.18520055817115,16,56,0.3920323325635104,True,0.8707505773672055,0.8815819861431871,0.8924133949191686,17.0,13.0,12.0,14.0,False,direct_size_estimation_deferred,매장 면적·좌석·점포별 매출이 없어 규모별 적합도와 argmax 규모는 산출하지 않음,0.5271169579172622,0.9353348729792148,usable_area_profile,True,opportunity,True,0.7215588914549653,4.0
3120038,약수역,11140,1550178516.0,134777.0,11501.803096967584,0.9235565819861433,0.873015873015873,0.5793650793650794,0.6428571428571429,0.34523809523809523,0.8571428571428571,0.8214285714285714,0.0873015873015873,0.023809523809523808,0.8293650793650794,BRD_20240478,화이트리에,0.16397228637413394,False,4597.25798714366,62.64183906448842,18,44,0.5502309468822171,True,0.39184757505773676,0.5437644341801386,0.6956812933025405,268.0,172.0,86.0,175.33333333333334,False,direct_size_estimation_deferred,매장 면적·좌석·점포별 매출이 없어 규모별 적합도와 argmax 규모는 산출하지 않음,0.5935023460924295,0.8822170900692841,usable_area_profile,True,opportunity,True,0.6900866050808316,5.0
3120080,마들역,11350,1045100686.0,106340.0,9827.916926838443,0.858891454965358,0.8928571428571429,0.08333333333333333,0.7222222222222222,0.9444444444444444,0.7777777777777778,0.30158730158730157,0.38095238095238093,0.4444444444444444,0.6071428571428571,BRD_20240478,화이트리에,0.49191685912240185,False,7504.669279840361,45.607017023633105,8,32,0.4087759815242494,True,0.6020092378752886,0.6754041570438799,0.7487990762124711,150.0,93.0,60.0,101.0,False,direct_size_estimation_deferred,매장 면적·좌석·점포별 매출이 없어 규모별 적합도와 argmax 규모는 산출하지 않음,0.5937660861480902,0.8799076212471132,usable_area_profile,True,opportunity,True,0.6750461893764436,6.0
3110640,방화역 1번,11500,671414576.0,62982.0,10660.420056524086,0.7871824480369516,0.8373015873015873,0.23809523809523808,0.623015873015873,0.32142857142857145,0.8333333333333334,0.9246031746031746,0.46825396825396826,0.05555555555555555,0.42063492063492064,BRD_20240478,화이트리에,0.7517321016166282,False,3527.100934207685,241.56986569432095,5,25,0.02482678983833718,True,0.7623672055427252,0.7694572748267898,0.7765473441108546,71.0,50.0,44.0,55.0,False,direct_size_estimation_deferred,매장 면적·좌석·점포별 매출이 없어 규모별 적합도와 argmax 규모는 산출하지 않음,0.6837780884944179,0.812933025404157,usable_area_profile,True,opportunity,True,0.6731062355658199,7.0
3120079,창동역,11320,765698620.0,76216.0,10046.428833840664,0.8071593533487298,0.7182539682539683,0.11904761904761904,0.6071428571428571,0.25793650793650796,0.3611111111111111,0.24603174603174602,0.19047619047619047,0.4246031746031746,0.9126984126984127,BRD_20240478,화이트리에,0.2806004618937644,False,5801.528419294322,91.21403398036323,16,24,0.38394919168591224,True,0.438568129330254,0.543879907621247,0.6491916859122402,239.0,171.0,110.0,173.33333333333334,False,direct_size_estimation_deferred,매장 면적·좌석·점포별 매출이 없어 규모별 적합도와 argmax 규모는 산출하지 않음,0.49112689778119406,0.9468822170900693,usable_area_profile,True,opportunity,True,0.6704099307159354,8.0
3120152,신대방삼거리역,11590,953145793.0,102228.0,9323.72532965528,0.8353348729792147,0.8611111111111112,0.5158730158730159,0.42857142857142855,0.753968253968254,0.9563492063492064,0.6626984126984127,0.11507936507936507,0.09523809523809523,0.5674603174603174,BRD_20240478,화이트리에,0.4607390300230947,False,2339.278948757312,79.30952023733208,18,47,0.4774826789838337,True,0.5731177829099307,0.6480369515011547,0.7229561200923786,163.0,107.0,74.0,114.66666666666667,False,direct_size_estimation_deferred,매장 면적·좌석·점포별 매출이 없어 규모별 적합도와 argmax 규모는 산출하지 않음,0.5284015306009641,0.9330254041570438,usable_area_profile,True,opportunity,True,0.6677193995381062,9.0
3110274,서일대학교,11260,492656087.0,41512.0,11867.79935922143,0.7133949191685912,0.8492063492063492,0.40476190476190477,0.5,0.39285714285714285,0.623015873015873,0.5714285714285714,0.16666666666666666,0.32936507936507936,0.8134920634920635,BRD_20240478,화이트리에,0.8545034642032333,False,3331.332766317447,101.51354588565466,6,29,0.16801385681293304,True,0.8121709006928406,0.7839491916859123,0.7557274826789837,45.0,44.0,56.0,48.333333333333336,False,direct_size_estimation_deferred,매장 면적·좌석·점포별 매출이 없어 규모별 적합도와 argmax 규모는 산출하지 않음,0.4913082645406613,0.9422632794457275,usable_area_profile,True,opportunity,True,0.6498441108545034,10.0
3120201,도곡1동,11680,649721874.0,58337.0,11137.38920410717,0.7846420323325634,0.7817460317460317,0.18253968253968253,0.75,0.6468253968253969,0.8531746031746031,0.9206349206349206,0.4365079365079365,0.027777777777777776,0.4880952380952381,BRD_20240478,화이트리에,0.8060046189376443,False,2093.6040695223555,87.09190547353441,10,65,0.2644341801385681,True,0.7995958429561201,0.7953233256351038,0.7910508083140876,48.0,41.0,39.0,42.666666666666664,False,direct_size_estimation_deferred,매장 면적·좌석·점포별 매출이 없어 규모별 적합도와 argmax 규모는 산출하지 않음,0.629921175166851,0.8452655889145496,usable_area_profile,True,opportunity,True,0.6454676674364895,11.0
3120081,노원역,11350,1459224642.0,143889.0,10141.32172716469,0.8973441108545035,0.8928571428571429,0.08333333333333333,0.7222222222222222,0.9444444444444444,0.7777777777777778,0.30158730158730157,0.38095238095238093,0.4444444444444444,0.6071428571428571,BRD_20240478,화이트리에,0.49191685912240185,False,6329.21361622469,36.878177844323965,34,60,0.8556581986143187,True,0.6135450346420324,0.6946304849884527,0.7757159353348729,147.0,84.0,45.0,92.0,False,direct_size_estimation_deferred,매장 면적·좌석·점포별 매출이 없어 규모별 적합도와 argmax 규모는 산출하지 않음,0.5286056282486904,0.930715935334873,usable_area_profile,True,opportunity,True,0.6444053117782911,12.0
3120133,서울시흥동우체국(홈플러스시흥점),11545,637795918.0,60754.0,10498.00701188399,0.7765588914549653,0.753968253968254,0.7420634920634921,0.3531746031746032,0.24206349206349206,0.8690476190476191,0.873015873015873,0.04365079365079365,0.13095238095238096,0.6785714285714286,BRD_20240478,화이트리에,0.012702078521939953,False,7981.284608407855,60.20797286767192,15,45,0.48325635103926096,True,0.24185912240184754,0.3946304849884526,0.5474018475750576,368.0,285.0,181.0,278.0,False,direct_size_estimation_deferred,매장 면적·좌석·점포별 매출이 없어 규모별 적합도와 argmax 규모는 산출하지 않음,0.45304593506531815,0.9630484988452656,usable_area_profile,True,opportunity,True,0.6435334872979215,13.0
3120120,화곡역,11500,2140760825.0,296121.0,7229.34484551923,0.8866050808314089,0.8373015873015873,0.23809523809523808,0.623015873015873,0.32142857142857145,0.8333333333333334,0.9246031746031746,0.46825396825396826,0.05555555555555555,0.42063492063492064,BRD_20240478,화이트리에,0.7517321016166282,False,793.3051115457105,26.400757567542716,25,53,0.8175519630484989,True,0.7921939953810624,0.8191685912240185,0.8461431870669747,50.0,31.0,30.0,37.0,False,direct_size_estimation_deferred,매장 면적·좌석·점포별 매출이 없어 규모별 적합도와 argmax 규모는 산출하지 않음,0.5677710827106544,0.9099307159353349,usable_area_profile,True,opportunity,True,0.6379792147806006,14.0
3130072,성동용답상가시장,11200,441220675.0,42751.0,10320.710041870365,0.6748267898383372,0.9206349206349206,0.38492063492063494,0.5555555555555556,0.9920634920634921,0.9841269841269841,0.9563492063492064,0.10317460317460317,0.015873015873015872,0.07936507936507936,BRD_20240478,화이트리에,0.10392609699769054,False,1258.3421633474625,135.0925608781212,10,28,0.1489607390300231,True,0.27519630484988455,0.38937644341801386,0.5035565819861432,348.0,291.0,208.0,282.3333333333333,False,direct_size_estimation_deferred,매장 면적·좌석·점포별 매출이 없어 규모별 적합도와 argmax 규모는 산출하지 않음,0.49129084731462935,0.9445727482678984,usable_area_profile,True,opportunity,True,0.6321824480369516,15.0
3120124,개봉동 현대아파트,11530,436251391.0,40258.0,10836.390059118685,0.6745958429561202,0.8412698412698413,0.8373015873015873,0.5753968253968254,0.5238095238095238,0.7579365079365079,0.7380952380952381,0.18253968253968253,0.12698412698412698,0.7658730158730159,BRD_20240478,화이트리에,0.34872979214780603,False,5606.122100002234,107.00467282129758,11,24,0.2263279445727483,True,0.44648960739030025,0.5116628175519631,0.5768360277136259,234.0,193.0,154.0,193.66666666666666,False,direct_size_estimation_deferred,매장 면적·좌석·점포별 매출이 없어 규모별 적합도와 argmax 규모는 산출하지 않음,0.4272520058734771,0.9815242494226328,usable_area_profile,True,opportunity,True,0.6315357967667437,16.0
3120083,등나무근린공원,11350,778584578.0,70753.0,11004.26240583438,0.821824480369515,0.8928571428571429,0.08333333333333333,0.7222222222222222,0.9444444444444444,0.7777777777777778,0.30158730158730157,0.38095238095238093,0.4444444444444444,0.6071428571428571,BRD_20240478,화이트리에,0.49191685912240185,False,4615.386441008722,160.58953888822313,11,26,0.14318706697459588,True,0.5908891454965357,0.6568706697459584,0.722852193995381,155.0,104.0,75.0,111.33333333333333,False,direct_size_estimation_deferred,매장 면적·좌석·점포별 매출이 없어 규모별 적합도와 argmax 규모는 산출하지 않음,0.8578886446420894,0.6674364896073903,usable_area_profile,True,opportunity,True,0.6307563510392611,17.0
3110601,신월1동우편취급국,11470,441016625.0,40173.0,10977.93605157693,0.6785219399538106,0.8055555555555556,0.2222222222222222,0.5158730158730159,0.5873015873015873,0.5079365079365079,0.2896825396825397,0.4801587301587302,0.30952380952380953,0.7738095238095238,BRD_20240478,화이트리에,0.9341801385681293,False,2204.276298485644,258.54980178856624,8,40,0.048498845265588904,True,0.8574826789838337,0.80635103926097,0.7552193995381061,21.0,37.0,57.0,38.333333333333336,False,direct_size_estimation_deferred,매장 면적·좌석·점포별 매출이 없어 규모별 적합도와 argmax 규모는 산출하지 않음,0.6000975205482078,0.8775981524249423,usable_area_profile,True,opportunity,True,0.6291916859122402,18.0
3120068,사가정역,11260,944293896.0,91431.0,10327.940151589723,0.8467667436489608,0.8492063492063492,0.40476190476190477,0.5,0.39285714285714285,0.623015873015873,0.5714285714285714,0.16666666666666666,0.32936507936507936,0.8134920634920635,BRD_20240478,화이트리에,0.8545034642032333,False,2955.352601635919,42.201895677975386,26,50,0.7719399538106235,True,0.8521824480369515,0.8506351039260971,0.8490877598152424,22.0,22.0,29.0,24.333333333333332,False,direct_size_estimation_deferred,매장 면적·좌석·점포별 매출이 없어 규모별 적합도와 argmax 규모는 산출하지 않음,0.5289248645423418,0.9260969976905312,usable_area_profile,True,opportunity,True,0.6277598152424944,19.0
3120246,길동역,11740,916043297.0,88020.0,10407.217643717337,0.8409930715935335,0.8452380952380952,0.06746031746031746,0.7063492063492064,0.38492063492063494,0.6626984126984127,0.7182539682539683,0.5833333333333334,0.06746031746031746,0.6507936507936508,BRD_20240478,화이트리에,0.8914549653579676,False,5283.702584359192,87.92041856413586,26,72,0.575635103926097,True,0.8763163972286374,0.8662240184757506,0.8561316397228638,15.0,16.0,25.0,18.666666666666668,False,direct_size_estimation_deferred,매장 면적·좌석·점포별 매출이 없어 규모별 적합도와 argmax 규모는 산출하지 않음,0.6345021920386048,0.838337182448037,usable_area_profile,True,opportunity,True,0.62770207852194,20.0
