TRDAR_CD,TRDAR_CD_NM,TRDAR_SE_CD,TRDAR_SE_CD_NM,recent_4q_period_rows,recent_4q_sales_observed_q,recent_4q_positive_store_q,recent_4q_total_sales_won,recent_4q_total_transactions,recent_4q_avg_store_count,recent_4q_complete_observation,recent_4q_sales_per_store_won,recent_4q_average_ticket_won,prior_year_4q_period_rows,prior_year_4q_sales_observed_q,prior_year_4q_positive_store_q,prior_year_4q_total_sales_won,prior_year_4q_total_transactions,prior_year_4q_avg_store_count,prior_year_4q_complete_observation,prior_year_4q_sales_per_store_won,prior_year_4q_average_ticket_won,recent_4q_vs_prior_year_pct,seoul_observed_percentile,top_10pct_by_recent_actual,display_metric_name,display_period,forecast_available,forecast_status
3120068,사가정역,D,발달상권,4,4,4,3723924576.0,363818.0,1.0,1,3723924576.0,10235.679861908977,4.0,4.0,4.0,3855386714.0,380312.0,1.0,1.0,3855386714.0,10137.431146006436,-3.4098301351359606,100.0,1,최근 4개 분기 실제 점포당 제과매출환경,20253~20262,0,NO_QUALIFIED_FORECAST_MODEL
3130170,제일시장,R,전통시장,4,4,4,11042500983.0,1429788.0,3.0,1,3680833661.0,7723.1736334337675,4.0,4.0,4.0,11832479924.0,1502537.0,3.0,1.0,3944159974.6666665,7875.000698152525,-6.676359867703418,99.74937343358395,1,최근 4개 분기 실제 점포당 제과매출환경,20253~20262,0,NO_QUALIFIED_FORECAST_MODEL
3130147,쌍문역동측상점가,R,전통시장,4,4,4,10799006338.0,1293776.0,3.25,1,3322771180.923077,8346.890294765091,4.0,4.0,4.0,3848009011.0,405999.0,4.0,1.0,962002252.75,9477.878051423771,245.4016008200119,99.49874686716792,1,최근 4개 분기 실제 점포당 제과매출환경,20253~20262,0,NO_QUALIFIED_FORECAST_MODEL
3111044,남천초등학교,A,골목상권,4,4,4,2881292394.0,216792.0,1.0,1,2881292394.0,13290.58449573785,4.0,4.0,4.0,2773189267.0,206317.0,1.25,1.0,2218551413.6,13441.399724695493,29.87268973517199,99.24812030075188,1,최근 4개 분기 실제 점포당 제과매출환경,20253~20262,0,NO_QUALIFIED_FORECAST_MODEL
3120061,올림픽대교북단,D,발달상권,4,4,4,4177834424.0,393511.0,1.5,1,2785222949.3333335,10616.817379946177,4.0,4.0,4.0,4526824584.0,426936.0,1.0,1.0,4526824584.0,10603.05194221148,-38.47292074939978,98.99749373433583,1,최근 4개 분기 실제 점포당 제과매출환경,20253~20262,0,NO_QUALIFIED_FORECAST_MODEL
3120069,상봉역,D,발달상권,4,4,4,6602629880.0,615203.0,2.75,1,2400956320.0,10732.440966640279,4.0,4.0,4.0,1715727442.0,168575.0,3.0,1.0,571909147.3333334,10177.828515497553,319.81428889449444,98.74686716791979,1,최근 4개 분기 실제 점포당 제과매출환경,20253~20262,0,NO_QUALIFIED_FORECAST_MODEL
3120120,화곡역,D,발달상권,4,4,4,8393464950.0,1164694.0,4.25,1,1974932929.4117646,7206.583832319906,4.0,4.0,4.0,7626666816.0,1043313.0,4.5,1.0,1694814848.0,7310.046760655719,16.52794591352109,98.49624060150376,1,최근 4개 분기 실제 점포당 제과매출환경,20253~20262,0,NO_QUALIFIED_FORECAST_MODEL
3120129,구로디지털단지,D,발달상권,4,4,4,2861091562.0,217542.0,1.5,1,1907394374.6666667,13151.904285149534,4.0,4.0,4.0,2820889276.0,232690.0,1.5,1.0,1880592850.6666667,12122.950174051313,1.4251635589542344,98.24561403508771,1,최근 4개 분기 실제 점포당 제과매출환경,20253~20262,0,NO_QUALIFIED_FORECAST_MODEL
3120241,거여역,D,발달상권,4,4,4,1798321406.0,155939.0,1.0,1,1798321406.0,11532.210710598374,4.0,4.0,4.0,1728594559.0,165371.0,1.0,1.0,1728594559.0,10452.827636042595,4.033730560874682,97.99498746867168,1,최근 4개 분기 실제 점포당 제과매출환경,20253~20262,0,NO_QUALIFIED_FORECAST_MODEL
3120133,서울시흥동우체국(홈플러스시흥점),D,발달상권,4,4,4,2533869977.0,227337.0,1.5,1,1689246651.3333333,11145.875845111002,4.0,4.0,4.0,2492088642.0,233592.0,1.0,1.0,2492088642.0,10668.55304120004,-32.21562737119793,97.74436090225564,1,최근 4개 분기 실제 점포당 제과매출환경,20253~20262,0,NO_QUALIFIED_FORECAST_MODEL
3110601,신월1동우편취급국,A,골목상권,4,4,4,1669376504.0,145728.0,1.0,1,1669376504.0,11455.427261747915,4.0,4.0,4.0,1739016240.0,152811.0,1.0,1.0,1739016240.0,11380.177081492824,-4.004547766615452,97.4937343358396,1,최근 4개 분기 실제 점포당 제과매출환경,20253~20262,0,NO_QUALIFIED_FORECAST_MODEL
3110431,상계역,A,골목상권,4,4,4,3281530528.0,353954.0,2.0,1,1640765264.0,9271.06496324381,4.0,4.0,4.0,2971509638.0,316587.0,2.0,1.0,1485754819.0,9386.075985432124,10.433110700211712,97.24310776942356,1,최근 4개 분기 실제 점포당 제과매출환경,20253~20262,0,NO_QUALIFIED_FORECAST_MODEL
3120083,등나무근린공원,D,발달상권,4,4,4,3255810421.0,299604.0,2.0,1,1627905210.5,10867.045903926517,4.0,4.0,4.0,3169896304.0,310661.0,2.0,1.0,1584948152.0,10203.714994801407,2.710313169916234,96.99248120300751,1,최근 4개 분기 실제 점포당 제과매출환경,20253~20262,0,NO_QUALIFIED_FORECAST_MODEL
3120249,고덕역,D,발달상권,4,4,4,8760305430.0,713467.0,5.5,1,1592782805.4545455,12278.501220098477,4.0,4.0,4.0,8689684393.0,737799.0,6.25,1.0,1390349502.88,11777.847886755064,14.559885996666356,96.74185463659147,1,최근 4개 분기 실제 점포당 제과매출환경,20253~20262,0,NO_QUALIFIED_FORECAST_MODEL
3110002,독립문역 1번,A,골목상권,4,4,4,1473703791.0,152575.0,1.0,1,1473703791.0,9658.881146976897,4.0,4.0,0.0,1563910897.0,156981.0,0.0,0.0,,,,96.49122807017544,1,최근 4개 분기 실제 점포당 제과매출환경,20253~20262,0,NO_QUALIFIED_FORECAST_MODEL
3120127,구로구청,D,발달상권,4,4,4,1459770222.0,95195.0,1.0,1,1459770222.0,15334.526204107358,4.0,4.0,4.0,1292317376.0,101328.0,1.5,1.0,861544917.3333334,12753.80325280278,69.43634541055647,96.2406015037594,1,최근 4개 분기 실제 점포당 제과매출환경,20253~20262,0,NO_QUALIFIED_FORECAST_MODEL
3120121,까치산역,D,발달상권,4,4,4,1416514249.0,145545.0,1.0,1,1416514249.0,9732.48307396338,4.0,2.0,4.0,723190833.0,74216.0,1.0,0.0,,,,95.98997493734336,1,최근 4개 분기 실제 점포당 제과매출환경,20253~20262,0,NO_QUALIFIED_FORECAST_MODEL
3130222,오류시장,R,전통시장,4,4,4,2749230384.0,271279.0,2.0,1,1374615192.0,10134.328068151239,4.0,4.0,4.0,2825068371.0,297728.0,2.0,1.0,1412534185.5,9488.756082733233,-2.6844655435066644,95.73934837092732,1,최근 4개 분기 실제 점포당 제과매출환경,20253~20262,0,NO_QUALIFIED_FORECAST_MODEL
3120023,서울시청,D,발달상권,4,4,4,5439202185.0,234411.0,4.0,1,1359800546.25,23203.69856789997,4.0,4.0,4.0,3302346212.0,166003.0,3.0,1.0,1100782070.6666667,19893.292362186225,23.53040465370806,95.48872180451127,1,최근 4개 분기 실제 점포당 제과매출환경,20253~20262,0,NO_QUALIFIED_FORECAST_MODEL
3120152,신대방삼거리역,D,발달상권,4,4,4,5094445969.0,531941.0,3.75,1,1358518925.0666666,9577.088378222397,4.0,4.0,4.0,4656996838.0,472398.0,3.75,1.0,1241865823.4666667,9858.206084699767,9.393374018004863,95.23809523809523,1,최근 4개 분기 실제 점포당 제과매출환경,20253~20262,0,NO_QUALIFIED_FORECAST_MODEL
3110892,관악구 중앙길,A,골목상권,4,4,4,3636767843.0,362234.0,2.75,1,1322461033.8181818,10039.830173313383,4.0,4.0,4.0,3629968139.0,380779.0,2.25,1.0,1613319172.8888888,9533.005073809218,-18.028555288900595,94.9874686716792,1,최근 4개 분기 실제 점포당 제과매출환경,20253~20262,0,NO_QUALIFIED_FORECAST_MODEL
3120079,창동역,D,발달상권,4,4,4,2629180073.0,255744.0,2.0,1,1314590036.5,10280.515175331582,4.0,4.0,4.0,2258590622.0,234859.0,2.0,1.0,1129295311.0,9616.793999804138,16.40799564959852,94.73684210526315,1,최근 4개 분기 실제 점포당 제과매출환경,20253~20262,0,NO_QUALIFIED_FORECAST_MODEL
3120247,굽은다리역,D,발달상권,4,4,4,2425709664.0,256801.0,2.0,1,1212854832.0,9445.873123547026,4.0,4.0,4.0,2594009611.0,277197.0,2.0,1.0,1297004805.5,9358.000306641125,-6.488023262763464,94.48621553884712,1,최근 4개 분기 실제 점포당 제과매출환경,20253~20262,0,NO_QUALIFIED_FORECAST_MODEL
3120220,대치역,D,발달상권,4,4,4,5331926268.0,275540.0,4.5,1,1184872504.0,19350.82480946505,4.0,4.0,4.0,6789397005.0,383850.0,5.0,1.0,1357879401.0,17687.6305978898,-12.740961890473512,94.23558897243107,1,최근 4개 분기 실제 점포당 제과매출환경,20253~20262,0,NO_QUALIFIED_FORECAST_MODEL
3130002,세종마을음식문화거리(금천교시장),R,전통시장,4,4,4,4932242208.0,407430.0,4.25,1,1160527578.3529413,12105.741373978351,4.0,4.0,4.0,2676313955.0,268661.0,3.0,1.0,892104651.6666666,9961.676443547816,30.08872627048809,93.98496240601504,1,최근 4개 분기 실제 점포당 제과매출환경,20253~20262,0,NO_QUALIFIED_FORECAST_MODEL
3110703,개봉역,A,골목상권,4,4,4,2317019114.0,225002.0,2.0,1,1158509557.0,10297.77119314495,4.0,4.0,4.0,2117880661.0,216505.0,2.25,1.0,941280293.7777778,9782.13279600933,23.078063426823082,93.734335839599,1,최근 4개 분기 실제 점포당 제과매출환경,20253~20262,0,NO_QUALIFIED_FORECAST_MODEL
3120020,시청역_1번,D,발달상권,4,4,4,3135328973.0,255178.0,2.75,1,1140119626.5454545,12286.831047347341,4.0,4.0,4.0,3778616797.0,319059.0,3.0,1.0,1259538932.3333333,11843.00332226955,-9.481192103101643,93.48370927318295,1,최근 4개 분기 실제 점포당 제과매출환경,20253~20262,0,NO_QUALIFIED_FORECAST_MODEL
3110632,방화역 3번,A,골목상권,4,4,4,1405841109.0,103234.0,1.25,1,1124672887.2,13618.004814305365,4.0,4.0,4.0,1400983480.0,103723.0,1.0,1.0,1400983480.0,13506.97029588423,-19.72261605825645,93.23308270676691,1,최근 4개 분기 실제 점포당 제과매출환경,20253~20262,0,NO_QUALIFIED_FORECAST_MODEL
3120087,응암역,D,발달상권,4,4,4,3214638948.0,356881.0,3.0,1,1071546316.0,9007.593421896934,4.0,4.0,4.0,3314107531.0,390990.0,2.75,1.0,1205130011.2727273,8476.195122637408,-11.08458788870843,92.98245614035088,1,최근 4개 분기 실제 점포당 제과매출환경,20253~20262,0,NO_QUALIFIED_FORECAST_MODEL
3120110,목동역 8번출구,D,발달상권,4,4,4,3457025997.0,338367.0,3.25,1,1063700306.7692307,10216.794182056761,4.0,4.0,4.0,3090581262.0,307132.0,4.75,1.0,650648686.7368422,10062.713302423714,63.483048295070056,92.73182957393483,1,최근 4개 분기 실제 점포당 제과매출환경,20253~20262,0,NO_QUALIFIED_FORECAST_MODEL
3120107,공덕역(공덕오거리),D,발달상권,4,4,4,5011099717.0,450780.0,4.75,1,1054968361.4736842,11116.508534096454,4.0,4.0,4.0,5876151373.0,523143.0,5.0,1.0,1175230274.6,11232.3998849263,-10.233050979498293,92.4812030075188,1,최근 4개 분기 실제 점포당 제과매출환경,20253~20262,0,NO_QUALIFIED_FORECAST_MODEL
3120170,삼호가든사거리,D,발달상권,4,4,4,1044000000.0,106622.0,1.0,1,1044000000.0,9791.6002325974,4.0,2.0,2.0,522000000.0,55318.0,1.0,0.0,,,,92.23057644110276,1,최근 4개 분기 실제 점포당 제과매출환경,20253~20262,0,NO_QUALIFIED_FORECAST_MODEL
3120080,마들역,D,발달상권,4,4,4,4103694902.0,409318.0,4.0,1,1025923725.5,10025.688833620803,4.0,4.0,4.0,3767011614.0,387303.0,4.0,1.0,941752903.5,9726.26500182028,8.937675868816687,91.97994987468672,1,최근 4개 분기 실제 점포당 제과매출환경,20253~20262,0,NO_QUALIFIED_FORECAST_MODEL
3120227,잠실역,D,발달상권,4,4,4,28890007768.0,1721537.0,28.75,1,1004869835.4086957,16781.520099771307,4.0,4.0,4.0,26121935273.0,1025395.0,27.0,1.0,967479084.1851852,25474.997706249786,3.8647606790384703,91.72932330827066,1,최근 4개 분기 실제 점포당 제과매출환경,20253~20262,0,NO_QUALIFIED_FORECAST_MODEL
3001495,잠실 관광특구,U,관광특구,4,4,4,29386757606.0,1770160.0,31.0,1,947959922.7741935,16601.187240701405,4.0,4.0,4.0,26087552853.0,1008754.0,29.0,1.0,899570788.0344827,25861.164221405812,5.379135848268102,91.47869674185463,1,최근 4개 분기 실제 점포당 제과매출환경,20253~20262,0,NO_QUALIFIED_FORECAST_MODEL
3120210,선릉역,D,발달상권,4,4,4,13166350969.0,1227252.0,14.0,1,940453640.6428572,10728.319015980418,4.0,4.0,4.0,13712213132.0,1292394.0,11.0,1.0,1246564830.1818182,10609.932522125606,-24.55637942988598,91.22807017543859,1,최근 4개 분기 실제 점포당 제과매출환경,20253~20262,0,NO_QUALIFIED_FORECAST_MODEL
3110538,충정로역 3번,A,골목상권,4,4,4,923887367.0,108383.0,1.0,1,923887367.0,8524.283024090493,4.0,4.0,4.0,823152499.0,97482.0,1.0,1.0,823152499.0,8444.148653084672,12.237692058564708,90.97744360902256,1,최근 4개 분기 실제 점포당 제과매출환경,20253~20262,0,NO_QUALIFIED_FORECAST_MODEL
3110455,역촌노인복지관,A,골목상권,4,4,4,914832070.0,77572.0,1.0,1,914832070.0,11793.328391687723,4.0,4.0,4.0,968653903.0,83383.0,1.0,1.0,968653903.0,11616.923149802718,-5.556353289168547,90.72681704260651,1,최근 4개 분기 실제 점포당 제과매출환경,20253~20262,0,NO_QUALIFIED_FORECAST_MODEL
3130072,성동용답상가시장,R,전통시장,4,4,4,1764510663.0,161311.0,2.0,1,882255331.5,10938.563786722541,4.0,4.0,4.0,1646009717.0,156261.0,2.0,1.0,823004858.5,10533.720614868713,7.199285932283472,90.47619047619048,1,최근 4개 분기 실제 점포당 제과매출환경,20253~20262,0,NO_QUALIFIED_FORECAST_MODEL
3111004,삼전역 1번,A,골목상권,4,4,4,4805736566.0,368586.0,5.5,1,873770284.7272727,13038.304672450935,4.0,4.0,4.0,3069096114.0,288449.0,7.0,1.0,438442302.0,10639.995680345572,99.28968549373064,90.22556390977444,1,최근 4개 분기 실제 점포당 제과매출환경,20253~20262,0,NO_QUALIFIED_FORECAST_MODEL
3111090,강일동주민센터,A,골목상권,4,4,4,1743250783.0,146946.0,2.0,1,871625391.5,11863.206776639037,4.0,4.0,4.0,1639214202.0,145236.0,2.0,1.0,819607101.0,11286.55568867223,6.346734970516077,89.97493734335839,0,최근 4개 분기 실제 점포당 제과매출환경,20253~20262,0,NO_QUALIFIED_FORECAST_MODEL
3120125,구로역,D,발달상권,4,4,4,7599001014.0,1158911.0,9.0,1,844333446.0,6557.01862696963,4.0,4.0,4.0,8322623652.0,1263966.0,9.5,1.0,876065647.5789474,6584.531270619621,-3.622125997822312,89.72431077694235,0,최근 4개 분기 실제 점포당 제과매출환경,20253~20262,0,NO_QUALIFIED_FORECAST_MODEL
3110883,은천초등학교(은천교앞),A,골목상권,4,4,4,1671382719.0,151909.0,2.0,1,835691359.5,11002.525979369228,4.0,4.0,4.0,1603119333.0,152812.0,1.25,1.0,1282495466.4,10490.794787058609,-34.83865000741028,89.47368421052632,0,최근 4개 분기 실제 점포당 제과매출환경,20253~20262,0,NO_QUALIFIED_FORECAST_MODEL
3110247,먹골역 1번,A,골목상권,4,4,4,1453333159.0,130445.0,1.75,1,830476090.8571428,11141.348146728506,4.0,4.0,4.0,1411606511.0,126925.0,1.0,1.0,1411606511.0,11121.579759700611,-41.16801783034969,89.22305764411027,0,최근 4개 분기 실제 점포당 제과매출환경,20253~20262,0,NO_QUALIFIED_FORECAST_MODEL
3120038,약수역,D,발달상권,4,4,4,6218227209.0,530565.0,7.5,1,829096961.2,11720.010194792345,4.0,4.0,4.0,5863951208.0,531968.0,8.0,1.0,732993901.0,11023.127721968238,13.111031356316838,88.97243107769424,0,최근 4개 분기 실제 점포당 제과매출환경,20253~20262,0,NO_QUALIFIED_FORECAST_MODEL
3130219,까치산시장,R,전통시장,4,4,4,2213746969.0,436526.0,2.75,1,804998897.8181819,5071.283197335325,4.0,4.0,4.0,1944841631.0,405112.0,2.0,1.0,972420815.5,4800.750486285274,-17.217023228336902,88.7218045112782,0,최근 4개 분기 실제 점포당 제과매출환경,20253~20262,0,NO_QUALIFIED_FORECAST_MODEL
3110319,종암동주민센터,A,골목상권,4,4,4,2412873985.0,241087.0,3.0,1,804291328.3333334,10008.312289754322,4.0,4.0,4.0,2471799764.0,249916.0,3.0,1.0,823933254.6666666,9890.522271483218,-2.3839220254897597,88.47117794486216,0,최근 4개 분기 실제 점포당 제과매출환경,20253~20262,0,NO_QUALIFIED_FORECAST_MODEL
3110517,서대문소방서,A,골목상권,4,4,4,2155777218.0,171883.0,2.75,1,783918988.3636364,12542.120035140182,4.0,4.0,4.0,2069457361.0,178363.0,2.0,1.0,1034728680.5,11602.503663876476,-24.23917466124238,88.22055137844612,0,최근 4개 분기 실제 점포당 제과매출환경,20253~20262,0,NO_QUALIFIED_FORECAST_MODEL
3110488,우리은행응암동지점,A,골목상권,4,4,4,2344324922.0,165504.0,3.0,1,781441640.6666666,14164.762918116783,4.0,1.0,4.0,493400558.0,41621.0,2.25,0.0,,,,87.96992481203007,0,최근 4개 분기 실제 점포당 제과매출환경,20253~20262,0,NO_QUALIFIED_FORECAST_MODEL
3120165,서래마을카페거리(서래마을),D,발달상권,4,4,4,10642615927.0,560020.0,13.75,1,774008431.0545454,19003.99258419342,4.0,4.0,4.0,9035330958.0,478830.0,13.0,1.0,695025458.3076923,18869.600814485308,11.364040238060857,87.71929824561403,0,최근 4개 분기 실제 점포당 제과매출환경,20253~20262,0,NO_QUALIFIED_FORECAST_MODEL
3110167,용마초등학교,A,골목상권,4,4,4,1545616998.0,148793.0,2.0,1,772808499.0,10387.699676732105,4.0,1.0,4.0,272815109.0,25081.0,1.25,0.0,,,,87.468671679198,0,최근 4개 분기 실제 점포당 제과매출환경,20253~20262,0,NO_QUALIFIED_FORECAST_MODEL
3120175,남부터미널역,D,발달상권,4,4,4,3625904499.0,381390.0,4.75,1,763348315.5789474,9507.078053960513,4.0,4.0,4.0,3108776960.0,366708.0,3.0,1.0,1036258986.6666666,8477.526969687053,-26.33614517212446,87.21804511278195,0,최근 4개 분기 실제 점포당 제과매출환경,20253~20262,0,NO_QUALIFIED_FORECAST_MODEL
3110861,관악구신사동주민센터,A,골목상권,4,4,4,2289250929.0,209514.0,3.0,1,763083643.0,10926.481900970819,4.0,4.0,4.0,1651875024.0,154225.0,3.25,1.0,508269238.15384614,10710.812280758631,50.13374521182905,86.96741854636592,0,최근 4개 분기 실제 점포당 제과매출환경,20253~20262,0,NO_QUALIFIED_FORECAST_MODEL
3120026,을지로입구역,D,발달상권,4,4,4,6072910356.0,398251.0,8.0,1,759113794.5,15248.951932324087,4.0,4.0,4.0,5921539307.0,431306.0,7.0,1.0,845934186.7142857,13729.322817210983,-10.263256122974173,86.71679197994987,0,최근 4개 분기 실제 점포당 제과매출환경,20253~20262,0,NO_QUALIFIED_FORECAST_MODEL
3120077,미아역,D,발달상권,4,4,4,3890816207.0,407793.0,5.25,1,741107848.9523809,9541.154965877296,4.0,4.0,4.0,2303938123.0,219429.0,6.25,1.0,368630099.68,10499.697501241859,101.04376978323826,86.46616541353383,0,최근 4개 분기 실제 점포당 제과매출환경,20253~20262,0,NO_QUALIFIED_FORECAST_MODEL
3110442,화랑대철도공원,A,골목상권,4,4,4,726044319.0,76710.0,1.0,1,726044319.0,9464.793625342198,4.0,4.0,4.0,624778118.0,71821.0,1.0,1.0,624778118.0,8699.100792247393,16.208346304471565,86.21553884711778,0,최근 4개 분기 실제 점포당 제과매출환경,20253~20262,0,NO_QUALIFIED_FORECAST_MODEL
3120036,장충동족발거리(남소영길),D,발달상권,4,4,4,2846750502.0,180014.0,4.0,1,711687625.5,15814.050584954504,4.0,4.0,4.0,2865958221.0,181381.0,3.0,1.0,955319407.0,15800.763150495366,-25.502651753415073,85.96491228070175,0,최근 4개 분기 실제 점포당 제과매출환경,20253~20262,0,NO_QUALIFIED_FORECAST_MODEL
3120156,"총신대입구역(이수, 총신대)",D,발달상권,4,4,4,8917200600.0,1408883.0,12.75,1,699388282.3529412,6329.269783225434,4.0,4.0,4.0,8566138840.0,1390217.0,15.0,1.0,571075922.6666666,6161.727874137635,22.4685290682741,85.71428571428571,0,최근 4개 분기 실제 점포당 제과매출환경,20253~20262,0,NO_QUALIFIED_FORECAST_MODEL
3120027,명동역(명동재미로),D,발달상권,4,4,4,1557917163.0,162875.0,2.25,1,692407628.0,9565.10921258634,4.0,4.0,4.0,1546429466.0,167939.0,3.25,1.0,475824451.0769231,9208.2807805215,45.517454269718385,85.46365914786968,0,최근 4개 분기 실제 점포당 제과매출환경,20253~20262,0,NO_QUALIFIED_FORECAST_MODEL
3120244,암사역,D,발달상권,4,4,4,2032210781.0,225794.0,3.0,1,677403593.6666666,9000.286903106371,4.0,4.0,4.0,2208656062.0,253584.0,2.5,1.0,883462424.8,8709.761112688499,-23.324006245085226,85.21303258145363,0,최근 4개 분기 실제 점포당 제과매출환경,20253~20262,0,NO_QUALIFIED_FORECAST_MODEL
3120139,대림3동사거리,D,발달상권,4,4,4,1159159022.0,102866.0,1.75,1,662376584.0,11268.631248420275,4.0,4.0,4.0,1267521220.0,118659.0,2.0,1.0,633760610.0,10682.04872786725,4.515265472241947,84.9624060150376,0,최근 4개 분기 실제 점포당 제과매출환경,20253~20262,0,NO_QUALIFIED_FORECAST_MODEL
3120245,둔촌역,D,발달상권,4,4,4,7422070295.0,780200.0,11.25,1,659739581.7777778,9513.035497308383,4.0,4.0,4.0,7443009697.0,762692.0,10.5,1.0,708858066.3809524,9758.866878110692,-6.929241117893614,84.71177944862156,0,최근 4개 분기 실제 점포당 제과매출환경,20253~20262,0,NO_QUALIFIED_FORECAST_MODEL
3120073,미아사거리,D,발달상권,4,4,4,1313060885.0,131756.0,2.0,1,656530442.5,9965.852674641003,4.0,4.0,4.0,98201687.0,7457.0,2.0,1.0,49100843.5,13169.060882392383,1237.106240343916,84.46115288220551,0,최근 4개 분기 실제 점포당 제과매출환경,20253~20262,0,NO_QUALIFIED_FORECAST_MODEL
3120060,강변역(테크노마트),D,발달상권,4,4,4,2575704388.0,298017.0,4.0,1,643926097.0,8642.81026921283,4.0,4.0,4.0,2787624422.0,330078.0,4.75,1.0,586868299.3684211,8445.35055956471,9.722419441122266,84.21052631578947,0,최근 4개 분기 실제 점포당 제과매출환경,20253~20262,0,NO_QUALIFIED_FORECAST_MODEL
3110593,신월3동주민센터,A,골목상권,4,4,4,1261232172.0,106210.0,2.0,1,630616086.0,11874.890989549007,4.0,4.0,4.0,1152529561.0,95699.0,2.0,1.0,576264780.5,12043.276951692285,9.431654916137976,83.95989974937343,0,최근 4개 분기 실제 점포당 제과매출환경,20253~20262,0,NO_QUALIFIED_FORECAST_MODEL
3110502,남가좌파출소,A,골목상권,4,4,4,1884794008.0,180251.0,3.0,1,628264669.3333334,10456.496818325557,4.0,4.0,4.0,1942975219.0,189862.0,2.75,1.0,706536443.2727273,10233.618201641191,-11.078235904836475,83.70927318295739,0,최근 4개 분기 실제 점포당 제과매출환경,20253~20262,0,NO_QUALIFIED_FORECAST_MODEL
3130318,로데오거리상점가,R,전통시장,4,4,4,1720716791.0,180117.0,2.75,1,625715196.7272727,9553.32806453583,4.0,4.0,4.0,1011634293.0,113347.0,1.5,1.0,674422862.0,8925.108675130352,-7.222125467141605,83.45864661654136,0,최근 4개 분기 실제 점포당 제과매출환경,20253~20262,0,NO_QUALIFIED_FORECAST_MODEL
3110714,구로4동주민센터,A,골목상권,4,4,4,766937511.0,70652.0,1.25,1,613550008.8,10855.142260657873,4.0,4.0,4.0,844856234.0,76811.0,1.0,1.0,844856234.0,10999.156813477237,-27.37817582346206,83.20802005012531,0,최근 4개 분기 실제 점포당 제과매출환경,20253~20262,0,NO_QUALIFIED_FORECAST_MODEL
3110157,자양동우체국,A,골목상권,4,4,4,1222094280.0,126041.0,2.0,1,611047140.0,9696.00590284114,4.0,3.0,4.0,784543776.0,86917.0,1.75,0.0,,,,82.95739348370927,0,최근 4개 분기 실제 점포당 제과매출환경,20253~20262,0,NO_QUALIFIED_FORECAST_MODEL
3110842,흑리단길,A,골목상권,4,4,4,1794684353.0,116016.0,3.0,1,598228117.6666666,15469.283141980417,4.0,4.0,4.0,1385677342.0,93789.0,3.5,1.0,395907812.0,14774.412159208436,51.10288292736862,82.70676691729322,0,최근 4개 분기 실제 점포당 제과매출환경,20253~20262,0,NO_QUALIFIED_FORECAST_MODEL
3130059,후암시장,R,전통시장,4,4,4,1167310583.0,93675.0,2.0,1,583655291.5,12461.281910862022,4.0,0.0,4.0,0.0,0.0,1.0,0.0,,,,82.45614035087719,0,최근 4개 분기 실제 점포당 제과매출환경,20253~20262,0,NO_QUALIFIED_FORECAST_MODEL
3110232,동대부고,A,골목상권,4,4,4,1162924705.0,104902.0,2.0,1,581462352.5,11085.820146422375,4.0,4.0,4.0,1095972365.0,98810.0,2.25,1.0,487098828.8888889,11091.715059204535,19.37256220187633,82.20551378446115,0,최근 4개 분기 실제 점포당 제과매출환경,20253~20262,0,NO_QUALIFIED_FORECAST_MODEL
3120054,어린이대공원역,D,발달상권,4,4,4,1280244469.0,132096.0,2.25,1,568997541.7777778,9691.773172541181,4.0,4.0,4.0,1261557388.0,143261.0,2.5,1.0,504622955.2,8806.007133832654,12.756967536735209,81.95488721804512,0,최근 4개 분기 실제 점포당 제과매출환경,20253~20262,0,NO_QUALIFIED_FORECAST_MODEL
3110994,개포고등학교,A,골목상권,4,4,4,1277577875.0,121163.0,2.25,1,567812388.8888888,10544.290542492345,4.0,3.0,3.0,723637019.0,72963.0,0.75,0.0,,,,81.70426065162907,0,최근 4개 분기 실제 점포당 제과매출환경,20253~20262,0,NO_QUALIFIED_FORECAST_MODEL
3120246,길동역,D,발달상권,4,4,4,3690158088.0,349098.0,6.5,1,567716628.9230769,10570.550641940086,4.0,4.0,4.0,3544752594.0,339290.0,7.0,1.0,506393227.71428573,10447.559886822482,12.109838333657708,81.45363408521304,0,최근 4개 분기 실제 점포당 제과매출환경,20253~20262,0,NO_QUALIFIED_FORECAST_MODEL
3120007,북촌(안국역),D,발달상권,4,4,4,11592532153.0,705372.0,21.0,1,552025340.6190476,16434.636125335284,4.0,4.0,4.0,13650627212.0,661441.0,18.5,1.0,737871741.1891892,20637.709503946688,-25.186816379581455,81.203007518797,0,최근 4개 분기 실제 점포당 제과매출환경,20253~20262,0,NO_QUALIFIED_FORECAST_MODEL
3120218,코엑스,D,발달상권,4,4,4,3250338912.0,291964.0,6.0,1,541723152.0,11132.670164814841,4.0,4.0,4.0,2502454223.0,209404.0,5.0,1.0,500490844.6,11950.364954824168,8.238373957260592,80.95238095238095,0,최근 4개 분기 실제 점포당 제과매출환경,20253~20262,0,NO_QUALIFIED_FORECAST_MODEL
3130313,방이시장,R,전통시장,4,4,4,1613938888.0,172748.0,3.0,1,537979629.3333334,9342.735591728993,4.0,4.0,4.0,1585335478.0,167020.0,3.0,1.0,528445159.3333333,9491.890061070531,1.8042496617867387,80.7017543859649,0,최근 4개 분기 실제 점포당 제과매출환경,20253~20262,0,NO_QUALIFIED_FORECAST_MODEL
3110495,북가좌2동주민센터,A,골목상권,4,4,4,1197611646.0,117409.0,2.25,1,532271842.6666667,10200.33937773084,4.0,4.0,4.0,1240920856.0,122101.0,3.75,1.0,330912228.26666665,10163.068738175773,60.8498560040319,80.45112781954887,0,최근 4개 분기 실제 점포당 제과매출환경,20253~20262,0,NO_QUALIFIED_FORECAST_MODEL
3120219,은마아파트,D,발달상권,4,4,4,3976834003.0,417848.0,7.5,1,530244533.73333335,9517.417824184871,4.0,4.0,4.0,2944325246.0,338923.0,8.0,1.0,368040655.75,8687.298430616984,44.07227175834456,80.20050125313283,0,최근 4개 분기 실제 점포당 제과매출환경,20253~20262,0,NO_QUALIFIED_FORECAST_MODEL
3120006,종각역,D,발달상권,4,4,4,9573899348.0,489153.0,18.25,1,524597224.5479452,19572.402393525135,4.0,4.0,4.0,5383947913.0,366180.0,14.0,1.0,384567708.0714286,14703.00921131684,36.41218790281473,79.9498746867168,0,최근 4개 분기 실제 점포당 제과매출환경,20253~20262,0,NO_QUALIFIED_FORECAST_MODEL
3130111,"동원전통종합시장(동원시장, 동원전통시장 상점가)",R,전통시장,4,4,4,1550919305.0,141300.0,3.0,1,516973101.6666667,10976.074345364474,4.0,4.0,4.0,1371674973.0,121284.0,3.75,1.0,365779992.8,11309.611927377066,41.33443923745046,79.69924812030075,0,최근 4개 분기 실제 점포당 제과매출환경,20253~20262,0,NO_QUALIFIED_FORECAST_MODEL
3110161,중곡역 3번,A,골목상권,4,4,4,2317441395.0,197671.0,4.5,1,514986976.6666667,11723.729808621396,4.0,4.0,4.0,2230393355.0,203038.0,4.25,1.0,524798436.4705882,10985.103059525803,-1.8695672704183819,79.4486215538847,0,최근 4개 분기 실제 점포당 제과매출환경,20253~20262,0,NO_QUALIFIED_FORECAST_MODEL
3120017,동묘앞역(동묘),D,발달상권,4,4,4,1029864375.0,122047.0,2.0,1,514932187.5,8438.260465230607,4.0,2.0,4.0,722819527.0,91054.0,1.5,0.0,,,,79.19799498746866,0,최근 4개 분기 실제 점포당 제과매출환경,20253~20262,0,NO_QUALIFIED_FORECAST_MODEL
3120201,도곡1동,D,발달상권,4,4,4,2686456523.0,245178.0,5.25,1,511706004.38095236,10957.167947368851,4.0,4.0,4.0,2687947596.0,263239.0,5.0,1.0,537589519.2,10211.053818013288,-4.814735759277,78.94736842105263,0,최근 4개 분기 실제 점포당 제과매출환경,20253~20262,0,NO_QUALIFIED_FORECAST_MODEL
3120062,신설동역,D,발달상권,4,4,4,2155099173.0,211919.0,4.25,1,507082158.35294116,10169.447633293852,4.0,4.0,4.0,2063197821.0,212908.0,6.25,1.0,330111651.36,9690.560340616605,53.609288331343286,78.69674185463658,0,최근 4개 분기 실제 점포당 제과매출환경,20253~20262,0,NO_QUALIFIED_FORECAST_MODEL
3120067,장안동사거리,D,발달상권,4,4,4,1897566182.0,139867.0,3.75,1,506017648.53333336,13566.932743248944,4.0,4.0,4.0,1951265699.0,160705.0,3.0,1.0,650421899.6666666,12141.910326374413,-22.201628082839562,78.44611528822055,0,최근 4개 분기 실제 점포당 제과매출환경,20253~20262,0,NO_QUALIFIED_FORECAST_MODEL
3120008,인사동,D,발달상권,4,4,4,6560272017.0,485949.0,13.0,1,504636309.0,13499.9187507331,4.0,4.0,4.0,4923538956.0,422087.0,13.75,1.0,358075560.43636364,11664.749106226915,40.93011776202549,78.19548872180451,0,최근 4개 분기 실제 점포당 제과매출환경,20253~20262,0,NO_QUALIFIED_FORECAST_MODEL
3130238,은행나무시장,R,전통시장,4,4,4,1004348897.0,95184.0,2.0,1,502174448.5,10551.656759539419,4.0,4.0,4.0,992594186.0,94563.0,2.0,1.0,496297093.0,10496.644416949546,1.184241371327155,77.94486215538848,0,최근 4개 분기 실제 점포당 제과매출환경,20253~20262,0,NO_QUALIFIED_FORECAST_MODEL
3130139,강북종합전통시장(강북종합골목시장),R,전통시장,4,4,4,1977535174.0,189134.0,4.0,1,494383793.5,10455.736007275265,4.0,4.0,4.0,1497667833.0,146628.0,4.0,1.0,374416958.25,10214.064387429413,32.040972666066466,77.69423558897243,0,최근 4개 분기 실제 점포당 제과매출환경,20253~20262,0,NO_QUALIFIED_FORECAST_MODEL
3110645,우장산역 4번,A,골목상권,4,4,4,1356462551.0,134988.0,2.75,1,493259109.45454544,10048.763971612292,4.0,4.0,4.0,1517884337.0,149144.0,2.0,1.0,758942168.5,10177.307414311,-35.00702294228293,77.44360902255639,0,최근 4개 분기 실제 점포당 제과매출환경,20253~20262,0,NO_QUALIFIED_FORECAST_MODEL
3120021,시청역_8번,D,발달상권,4,4,4,1972463275.0,139880.0,4.0,1,493115818.75,14101.110058621676,4.0,4.0,4.0,1640294474.0,126616.0,6.0,1.0,273382412.3333333,12954.875165855816,80.37583857031272,77.19298245614034,0,최근 4개 분기 실제 점포당 제과매출환경,20253~20262,0,NO_QUALIFIED_FORECAST_MODEL
3120166,방배역,D,발달상권,4,4,4,5249031810.0,422418.0,10.75,1,488282028.8372093,12426.155632572476,4.0,4.0,4.0,3977492114.0,301482.0,10.25,1.0,388048011.1219512,13193.132969795875,25.830313477307755,76.94235588972431,0,최근 4개 분기 실제 점포당 제과매출환경,20253~20262,0,NO_QUALIFIED_FORECAST_MODEL
3110274,서일대학교,A,골목상권,4,4,4,1952025496.0,160989.0,4.0,1,488006374.0,12125.210393256682,4.0,4.0,4.0,1916954413.0,159616.0,5.25,1.0,365134173.9047619,12009.788573827185,33.651246275098565,76.69172932330827,0,최근 4개 분기 실제 점포당 제과매출환경,20253~20262,0,NO_QUALIFIED_FORECAST_MODEL
3120134,구로전화국,D,발달상권,4,4,4,2905581922.0,248948.0,6.0,1,484263653.6666667,11671.441112200138,4.0,4.0,4.0,2417274991.0,220557.0,7.0,1.0,345324998.71428573,10959.86520944699,40.23417229267427,76.44110275689223,0,최근 4개 분기 실제 점포당 제과매출환경,20253~20262,0,NO_QUALIFIED_FORECAST_MODEL
3120065,회기역,D,발달상권,4,4,4,1934747881.0,196380.0,4.0,1,483686970.25,9852.0617221713,4.0,4.0,4.0,1516038320.0,180794.0,4.0,1.0,379009580.0,8385.445977189509,27.618666063797125,76.19047619047619,0,최근 4개 분기 실제 점포당 제과매출환경,20253~20262,0,NO_QUALIFIED_FORECAST_MODEL
3110792,영등포역 2번,A,골목상권,4,4,4,965951983.0,118181.0,2.0,1,482975991.5,8173.496441898444,4.0,3.0,4.0,704204503.0,91259.0,1.75,0.0,,,,75.93984962406014,0,최근 4개 분기 실제 점포당 제과매출환경,20253~20262,0,NO_QUALIFIED_FORECAST_MODEL
3110352,수유1동주민센터,A,골목상권,4,4,4,936399398.0,83644.0,2.0,1,468199699.0,11195.057601262493,4.0,4.0,4.0,963512346.0,89174.0,2.0,1.0,481756173.0,10804.857312669612,-2.8139699623527137,75.6892230576441,0,최근 4개 분기 실제 점포당 제과매출환경,20253~20262,0,NO_QUALIFIED_FORECAST_MODEL
3120153,노량진역(노량진),D,발달상권,4,4,4,2684538449.0,457634.0,5.75,1,466876252.0,5866.12543866933,4.0,4.0,4.0,2456976427.0,305203.0,7.25,1.0,338893300.2758621,8050.302346307212,37.76496957005602,75.43859649122807,0,최근 4개 분기 실제 점포당 제과매출환경,20253~20262,0,NO_QUALIFIED_FORECAST_MODEL
3120226,석촌고분역,D,발달상권,4,4,4,2319185143.0,193200.0,5.0,1,463837028.6,12004.063887163562,4.0,4.0,4.0,2581057728.0,226915.0,4.75,1.0,543380574.3157895,11374.557556794394,-14.638643609214142,75.18796992481202,0,최근 4개 분기 실제 점포당 제과매출환경,20253~20262,0,NO_QUALIFIED_FORECAST_MODEL
3110905,방배노인종합복지관(이수중학교),A,골목상권,4,4,4,1371940098.0,91367.0,3.0,1,457313366.0,15015.706962032244,4.0,4.0,4.0,1104123952.0,81795.0,3.0,1.0,368041317.3333333,13498.672926217983,24.255985527248125,74.93734335839599,0,최근 4개 분기 실제 점포당 제과매출환경,20253~20262,0,NO_QUALIFIED_FORECAST_MODEL
3130100,답십리시장,R,전통시장,4,4,4,908741481.0,83792.0,2.0,1,454370740.5,10845.205759499713,4.0,1.0,4.0,213097082.0,21589.0,1.25,0.0,,,,74.68671679197995,0,최근 4개 분기 실제 점포당 제과매출환경,20253~20262,0,NO_QUALIFIED_FORECAST_MODEL
3120037,동대문역사문화공원역,D,발달상권,4,4,4,3387125031.0,272829.0,7.5,1,451616670.8,12414.827716261834,4.0,4.0,4.0,3295092963.0,269854.0,7.75,1.0,425173285.5483871,12210.65080747367,6.219437144905826,74.43609022556392,0,최근 4개 분기 실제 점포당 제과매출환경,20253~20262,0,NO_QUALIFIED_FORECAST_MODEL
3120132,독산동,D,발달상권,4,4,4,894601628.0,146043.0,2.0,1,447300814.0,6125.604294625556,4.0,4.0,4.0,983054186.0,161227.0,2.0,1.0,491527093.0,6097.329764865686,-8.997729653124132,74.18546365914787,0,최근 4개 분기 실제 점포당 제과매출환경,20253~20262,0,NO_QUALIFIED_FORECAST_MODEL
3120208,청담사거리(청담동명품거리),D,발달상권,4,4,4,4023056595.0,193099.0,9.0,1,447006288.3333333,20834.16586828518,4.0,4.0,4.0,4193705532.0,237770.0,10.25,1.0,409142003.1219512,17637.65627286874,9.254558300653382,73.93483709273183,0,최근 4개 분기 실제 점포당 제과매출환경,20253~20262,0,NO_QUALIFIED_FORECAST_MODEL
3130214,송화벽화시장(송화골목시장),R,전통시장,4,4,4,1888578814.0,204105.0,4.25,1,444371485.64705884,9252.976722765243,4.0,4.0,4.0,1770171236.0,188559.0,4.0,1.0,442542809.0,9387.890453385942,0.41322028284473955,73.68421052631578,0,최근 4개 분기 실제 점포당 제과매출환경,20253~20262,0,NO_QUALIFIED_FORECAST_MODEL
3110837,숭실대입구역 1번,A,골목상권,4,4,4,2219857389.0,214880.0,5.0,1,443971477.8,10330.684051563663,4.0,4.0,4.0,1777546148.0,190559.0,5.5,1.0,323190208.72727275,9328.061902088068,37.37157432719434,73.43358395989975,0,최근 4개 분기 실제 점포당 제과매출환경,20253~20262,0,NO_QUALIFIED_FORECAST_MODEL
3120189,강남역,D,발달상권,4,4,4,9081024101.0,884531.0,21.25,1,427342310.63529414,10266.484838858107,4.0,4.0,4.0,8104863413.0,888182.0,23.0,1.0,352385365.7826087,9125.228177333023,21.271299018395506,73.1829573934837,0,최근 4개 분기 실제 점포당 제과매출환경,20253~20262,0,NO_QUALIFIED_FORECAST_MODEL
3110815,공군호텔,A,골목상권,4,4,4,1277255811.0,132722.0,3.0,1,425751937.0,9623.54252497702,4.0,3.0,4.0,883388437.0,91341.0,2.25,0.0,,,,72.93233082706767,0,최근 4개 분기 실제 점포당 제과매출환경,20253~20262,0,NO_QUALIFIED_FORECAST_MODEL
3120149,여의도역(여의도),D,발달상권,4,4,4,14970221722.0,1059078.0,35.25,1,424687141.04964536,14135.145590787459,4.0,4.0,4.0,12057081601.0,873089.0,31.0,1.0,388938116.16129035,13809.682175585765,9.191442906441738,72.68170426065163,0,최근 4개 분기 실제 점포당 제과매출환경,20253~20262,0,NO_QUALIFIED_FORECAST_MODEL
3130229,남구로시장,R,전통시장,4,4,4,1271333602.0,87679.0,3.0,1,423777867.3333333,14499.86430045963,4.0,4.0,4.0,1420662529.0,107758.0,3.75,1.0,378843341.06666666,13183.824207947438,11.860978245031184,72.4310776942356,0,최근 4개 분기 실제 점포당 제과매출환경,20253~20262,0,NO_QUALIFIED_FORECAST_MODEL
3130146,쌍문시장(쌍문역골목시장),R,전통시장,4,4,4,1580109729.0,137102.0,3.75,1,421362594.4,11525.0669501539,4.0,4.0,4.0,1473705387.0,132628.0,3.75,1.0,392988103.2,11111.57061103236,7.220190883376332,72.18045112781954,0,최근 4개 분기 실제 점포당 제과매출환경,20253~20262,0,NO_QUALIFIED_FORECAST_MODEL
3130261,성대전통시장(성대시장),R,전통시장,4,4,4,1258879011.0,147347.0,3.0,1,419626337.0,8543.635167326107,4.0,4.0,4.0,1620527748.0,217386.0,3.0,1.0,540175916.0,7454.609533272612,-22.316725983022167,71.9298245614035,0,최근 4개 분기 실제 점포당 제과매출환경,20253~20262,0,NO_QUALIFIED_FORECAST_MODEL
3120106,마포역,D,발달상권,4,4,4,828844571.0,129479.0,2.0,1,414422285.5,6401.3822395909765,4.0,4.0,4.0,636121227.0,106964.0,2.0,1.0,318060613.5,5947.059075950787,30.29663778221945,71.67919799498746,0,최근 4개 분기 실제 점포당 제과매출환경,20253~20262,0,NO_QUALIFIED_FORECAST_MODEL
3120154,장승배기역,D,발달상권,4,4,4,1010632728.0,82608.0,2.5,1,404253091.2,12234.07815223707,4.0,4.0,4.0,901541132.0,76673.0,1.0,1.0,901541132.0,11758.260821932101,-55.15977287656355,71.42857142857143,0,최근 4개 분기 실제 점포당 제과매출환경,20253~20262,0,NO_QUALIFIED_FORECAST_MODEL
3120159,서울대입구역,D,발달상권,4,4,4,2411534228.0,256911.0,6.0,1,401922371.3333333,9386.652295931275,4.0,4.0,4.0,3020944082.0,328608.0,7.25,1.0,416681942.3448276,9193.154402814296,-3.5421671811445843,71.17794486215539,0,최근 4개 분기 실제 점포당 제과매출환경,20253~20262,0,NO_QUALIFIED_FORECAST_MODEL
3120056,구의역,D,발달상권,4,4,4,1292309268.0,121973.0,3.25,1,397633620.9230769,10595.04372279111,4.0,4.0,4.0,1514178239.0,140642.0,3.75,1.0,403780863.73333335,10766.188187028058,-1.5224205410378722,70.92731829573935,0,최근 4개 분기 실제 점포당 제과매출환경,20253~20262,0,NO_QUALIFIED_FORECAST_MODEL
3001496,강남 마이스 관광특구,U,관광특구,4,4,4,7935931562.0,526348.0,20.0,1,396796578.1,15077.34723414927,4.0,4.0,4.0,9181565852.0,530421.0,19.0,1.0,483240308.0,17309.95916828331,-17.888352537843343,70.67669172932331,0,최근 4개 분기 실제 점포당 제과매출환경,20253~20262,0,NO_QUALIFIED_FORECAST_MODEL
3120224,수서역,D,발달상권,4,4,4,1187327820.0,139966.0,3.0,1,395775940.0,8482.973150622294,4.0,4.0,4.0,1157024664.0,141791.0,3.0,1.0,385674888.0,8160.071259811977,2.6190587757427553,70.42606516290726,0,최근 4개 분기 실제 점포당 제과매출환경,20253~20262,0,NO_QUALIFIED_FORECAST_MODEL
3120148,국회의사당역(국회의사당),D,발달상권,4,4,4,2570529450.0,200505.0,6.5,1,395466069.2307692,12820.276052966261,4.0,4.0,4.0,2624658675.0,219446.0,5.25,1.0,499934985.71428573,11960.385128915543,-20.896500438803212,70.17543859649122,0,최근 4개 분기 실제 점포당 제과매출환경,20253~20262,0,NO_QUALIFIED_FORECAST_MODEL
3110930,서초동성당,A,골목상권,4,4,4,1967321423.0,94524.0,5.0,1,393464284.6,20812.93029283568,4.0,4.0,4.0,1930051150.0,96165.0,5.0,1.0,386010230.0,20070.2038163573,1.9310510501237221,69.92481203007519,0,최근 4개 분기 실제 점포당 제과매출환경,20253~20262,0,NO_QUALIFIED_FORECAST_MODEL
3120179,양재역,D,발달상권,4,4,4,3825318352.0,571388.0,9.75,1,392340343.7948718,6694.782445553635,4.0,4.0,4.0,4840963180.0,713038.0,11.0,1.0,440087561.8181818,6789.207840255358,-10.849481368218338,69.67418546365914,0,최근 4개 분기 실제 점포당 제과매출환경,20253~20262,0,NO_QUALIFIED_FORECAST_MODEL
3120158,녹두거리(대학동),D,발달상권,4,4,4,2740339427.0,298404.0,7.0,1,391477061.0,9183.320019168645,4.0,4.0,4.0,2436614645.0,279013.0,7.0,1.0,348087806.4285714,8732.97891137689,12.465031457610731,69.42355889724311,0,최근 4개 분기 실제 점포당 제과매출환경,20253~20262,0,NO_QUALIFIED_FORECAST_MODEL
3110757,양평역 2번,A,골목상권,4,4,4,1420352274.0,134961.0,3.75,1,378760606.4,10524.168270833796,4.0,4.0,4.0,1455837536.0,142714.0,4.0,1.0,363959384.0,10201.084238406884,4.066723664968053,69.17293233082707,0,최근 4개 분기 실제 점포당 제과매출환경,20253~20262,0,NO_QUALIFIED_FORECAST_MODEL
3110243,중랑노인종합복지관,A,골목상권,4,4,4,943352562.0,80914.0,2.5,1,377341024.8,11658.706305460119,4.0,4.0,4.0,947312041.0,82473.0,4.0,1.0,236828010.25,11486.329356274175,59.33124819216778,68.92230576441104,0,최근 4개 분기 실제 점포당 제과매출환경,20253~20262,0,NO_QUALIFIED_FORECAST_MODEL
3120151,보라매공원,D,발달상권,4,4,4,2826977804.0,281220.0,7.5,1,376930373.8666667,10052.548908327999,4.0,4.0,4.0,2710582233.0,273315.0,8.0,1.0,338822779.125,9917.429460512596,11.247058075634243,68.67167919799499,0,최근 4개 분기 실제 점포당 제과매출환경,20253~20262,0,NO_QUALIFIED_FORECAST_MODEL
3120203,강남구청역,D,발달상권,4,4,4,2824277118.0,207175.0,7.5,1,376570282.4,13632.325898395076,4.0,4.0,4.0,2772217650.0,218316.0,8.75,1.0,316824874.28571427,12698.188176771286,18.85754969491662,68.42105263157895,0,최근 4개 분기 실제 점포당 제과매출환경,20253~20262,0,NO_QUALIFIED_FORECAST_MODEL
3120039,신당역,D,발달상권,4,4,4,1204299306.0,109263.0,3.25,1,370553632.61538464,11022.023063617144,4.0,4.0,4.0,1323751400.0,123487.0,2.75,1.0,481364145.45454544,10719.76321394155,-23.0201010784723,68.1704260651629,0,최근 4개 분기 실제 점포당 제과매출환경,20253~20262,0,NO_QUALIFIED_FORECAST_MODEL
3130271,남성역골목시장,R,전통시장,4,4,4,1193958225.0,131710.0,3.25,1,367371761.53846157,9065.053716498367,4.0,4.0,4.0,1309881129.0,149418.0,4.0,1.0,327470282.25,8766.555093763804,12.18476345832189,67.91979949874687,0,최근 4개 분기 실제 점포당 제과매출환경,20253~20262,0,NO_QUALIFIED_FORECAST_MODEL
3120112,등촌역,D,발달상권,4,4,4,1642036644.0,168522.0,4.5,1,364897032.0,9743.75241214797,4.0,4.0,4.0,1580797022.0,164587.0,4.5,1.0,351288227.1111111,9604.628688778579,3.8739712403127236,67.66917293233082,0,최근 4개 분기 실제 점포당 제과매출환경,20253~20262,0,NO_QUALIFIED_FORECAST_MODEL
3120138,당산2동(영등포우체국),D,발달상권,4,4,4,1807803729.0,177325.0,5.0,1,361560745.8,10194.861012265614,4.0,4.0,4.0,1830323223.0,170925.0,4.0,1.0,457580805.75,10708.34121983326,-20.984284905180374,67.41854636591479,0,최근 4개 분기 실제 점포당 제과매출환경,20253~20262,0,NO_QUALIFIED_FORECAST_MODEL
3120185,논현역,D,발달상권,4,4,4,2163562459.0,211589.0,6.0,1,360593743.1666667,10225.30688740908,4.0,4.0,4.0,2347490201.0,229076.0,6.0,1.0,391248366.8333333,10247.647946533029,-7.835080287945351,67.16791979949875,0,최근 4개 분기 실제 점포당 제과매출환경,20253~20262,0,NO_QUALIFIED_FORECAST_MODEL
3120066,장한평역(장한평),D,발달상권,4,4,4,1072626457.0,95591.0,3.0,1,357542152.3333333,11220.998388969672,4.0,4.0,4.0,1011359066.0,89309.0,4.0,1.0,252839766.5,11324.268170061248,41.410568947560435,66.9172932330827,0,최근 4개 분기 실제 점포당 제과매출환경,20253~20262,0,NO_QUALIFIED_FORECAST_MODEL
3110569,홍대땡땡거리,A,골목상권,4,4,4,1515518562.0,157448.0,4.25,1,356592602.8235294,9625.51802499873,4.0,4.0,4.0,1329588706.0,140556.0,4.5,1.0,295464156.8888889,9459.49447906884,20.68895482223525,66.66666666666666,0,최근 4개 분기 실제 점포당 제과매출환경,20253~20262,0,NO_QUALIFIED_FORECAST_MODEL
3120078,미아사거리역,D,발달상권,4,4,4,2092864294.0,348660.0,6.0,1,348810715.6666667,6002.593627029198,4.0,4.0,4.0,2158883198.0,354834.0,8.0,1.0,269860399.75,6084.206130190455,29.255984201389552,66.41604010025063,0,최근 4개 분기 실제 점포당 제과매출환경,20253~20262,0,NO_QUALIFIED_FORECAST_MODEL
3120118,마곡역(마곡),D,발달상권,4,4,4,9646730480.0,663511.0,27.75,1,347629927.2072072,14538.915677358778,4.0,1.0,4.0,344167886.0,34799.0,21.75,0.0,,,,66.16541353383458,0,최근 4개 분기 실제 점포당 제과매출환경,20253~20262,0,NO_QUALIFIED_FORECAST_MODEL
3120145,영등포역(영등포),D,발달상권,4,4,4,4048329837.0,352080.0,11.75,1,344538709.5319149,11498.323781526926,4.0,4.0,4.0,3106054442.0,313707.0,11.25,1.0,276093728.17777777,9901.132081847074,24.790487565898324,65.91478696741855,0,최근 4개 분기 실제 점포당 제과매출환경,20253~20262,0,NO_QUALIFIED_FORECAST_MODEL
3120205,매봉역,D,발달상권,4,4,4,2225597128.0,230243.0,6.5,1,342399558.15384614,9666.296599679468,4.0,4.0,4.0,2129392497.0,222021.0,7.5,1.0,283918999.6,9590.950842487873,20.597620672176433,65.6641604010025,0,최근 4개 분기 실제 점포당 제과매출환경,20253~20262,0,NO_QUALIFIED_FORECAST_MODEL
3120173,교대역(법원.검찰청),D,발달상권,4,4,4,5811209498.0,491251.0,17.0,1,341835852.8235294,11829.410012396922,4.0,4.0,4.0,7782565758.0,629513.0,17.25,1.0,451163232.34782606,12362.835649144656,-24.232333595839272,65.41353383458647,0,최근 4개 분기 실제 점포당 제과매출환경,20253~20262,0,NO_QUALIFIED_FORECAST_MODEL
3120222,삼성역,D,발달상권,4,4,4,6375986240.0,392693.0,18.75,1,340052599.46666664,16236.567089303859,4.0,4.0,4.0,10125707462.0,591675.0,16.75,1.0,604519848.4776119,17113.63072970803,-43.748315241751676,65.16290726817043,0,최근 4개 분기 실제 점포당 제과매출환경,20253~20262,0,NO_QUALIFIED_FORECAST_MODEL
3120022,북창동(시청역_6번),D,발달상권,4,4,4,1343500287.0,132426.0,4.0,1,335875071.75,10145.29085678039,4.0,4.0,4.0,819717517.0,121210.0,4.0,1.0,204929379.25,6762.78786403762,63.89795986267792,64.91228070175438,0,최근 4개 분기 실제 점포당 제과매출환경,20253~20262,0,NO_QUALIFIED_FORECAST_MODEL
3120100,망원역,D,발달상권,4,4,4,1410308646.0,116947.0,4.25,1,331837328.4705882,12059.382848640837,4.0,4.0,4.0,613217604.0,63655.0,3.25,1.0,188682339.69230768,9633.455408059068,75.87089974171906,64.66165413533834,0,최근 4개 분기 실제 점포당 제과매출환경,20253~20262,0,NO_QUALIFIED_FORECAST_MODEL
3130314,풍납시장,R,전통시장,4,4,4,982179599.0,83130.0,3.0,1,327393199.6666667,11814.983748345963,4.0,4.0,4.0,892170865.0,79488.0,3.0,1.0,297390288.3333333,11223.969215479066,10.08873272273918,64.41102756892231,0,최근 4개 분기 실제 점포당 제과매출환경,20253~20262,0,NO_QUALIFIED_FORECAST_MODEL
3110397,도봉산입구,A,골목상권,4,4,4,570391738.0,51761.0,1.75,1,325938136.0,11019.720214060779,4.0,4.0,4.0,568227776.0,51092.0,2.0,1.0,284113888.0,11121.658498395052,14.720944581209627,64.16040100250626,0,최근 4개 분기 실제 점포당 제과매출환경,20253~20262,0,NO_QUALIFIED_FORECAST_MODEL
3110285,홍대부중,A,골목상권,4,4,4,1283660526.0,67954.0,4.0,1,320915131.5,18890.139300114784,4.0,4.0,4.0,1344858956.0,71391.0,3.0,1.0,448286318.6666667,18837.93413735625,-28.412909754976567,63.90977443609023,0,최근 4개 분기 실제 점포당 제과매출환경,20253~20262,0,NO_QUALIFIED_FORECAST_MODEL
3120119,발산역(마곡),D,발달상권,4,4,4,9817350882.0,755143.0,30.75,1,319263443.31707317,13000.651375964553,4.0,4.0,4.0,9376870486.0,731689.0,32.0,1.0,293027202.6875,12815.377142474466,8.953517075871243,63.65914786967418,0,최근 4개 분기 실제 점포당 제과매출환경,20253~20262,0,NO_QUALIFIED_FORECAST_MODEL
3120098,DMC(디지털미디어시티),D,발달상권,4,4,4,2785036685.0,257123.0,8.75,1,318289906.85714287,10831.534654620551,4.0,4.0,4.0,2882352481.0,269843.0,8.0,1.0,360294060.125,10681.590706447823,-11.658297462157508,63.40852130325815,0,최근 4개 분기 실제 점포당 제과매출환경,20253~20262,0,NO_QUALIFIED_FORECAST_MODEL
3130168,연서시장,R,전통시장,4,4,4,636557963.0,58484.0,2.0,1,318278981.5,10884.309606046098,4.0,4.0,4.0,562058524.0,49927.0,2.0,1.0,281029262.0,11257.606585614998,13.254747649730515,63.1578947368421,0,최근 4개 분기 실제 점포당 제과매출환경,20253~20262,0,NO_QUALIFIED_FORECAST_MODEL
3130053,백학시장,R,전통시장,4,4,4,953882197.0,83658.0,3.0,1,317960732.3333333,11402.163534868154,4.0,1.0,4.0,249637913.0,22242.0,2.5,0.0,,,,62.907268170426065,0,최근 4개 분기 실제 점포당 제과매출환경,20253~20262,0,NO_QUALIFIED_FORECAST_MODEL
3110214,경희대후문,A,골목상권,4,4,4,947469171.0,98283.0,3.0,1,315823057.0,9640.214187601112,4.0,4.0,4.0,810235246.0,101078.0,3.0,1.0,270078415.3333333,8015.940620115159,16.937540754676085,62.65664160401002,0,최근 4개 분기 실제 점포당 제과매출환경,20253~20262,0,NO_QUALIFIED_FORECAST_MODEL
3110063,효창공원앞역 5번,A,골목상권,4,4,4,946491457.0,69299.0,3.0,1,315497152.3333333,13658.082468722492,4.0,4.0,4.0,900162889.0,70179.0,3.25,1.0,276973196.61538464,12826.670214736601,13.908911110790445,62.40601503759399,0,최근 4개 분기 실제 점포당 제과매출환경,20253~20262,0,NO_QUALIFIED_FORECAST_MODEL
3001492,명동 남대문 북창동 다동 무교동 관광특구,U,관광특구,4,4,4,19283713354.0,1441100.0,61.25,1,314836136.39183676,13381.245821941573,4.0,4.0,4.0,16938674460.0,1423919.0,57.75,1.0,293310380.25974023,11895.813216903489,7.3389002165673345,62.15538847117794,0,최근 4개 분기 실제 점포당 제과매출환경,20253~20262,0,NO_QUALIFIED_FORECAST_MODEL
3120032,충무로역,D,발달상권,4,4,4,1573496932.0,130907.0,5.0,1,314699386.4,12019.960216031228,4.0,4.0,4.0,1764682148.0,152221.0,4.25,1.0,415219328.9411765,11592.8955137596,-24.208878425170088,61.904761904761905,0,최근 4개 분기 실제 점포당 제과매출환경,20253~20262,0,NO_QUALIFIED_FORECAST_MODEL
3120171,서초3동사거리,D,발달상권,4,4,4,1880040530.0,155477.0,6.0,1,313340088.3333333,12092.081336789364,4.0,4.0,4.0,2062030722.0,179326.0,7.5,1.0,274937429.6,11498.782786656704,13.96778124724758,61.65413533834586,0,최근 4개 분기 실제 점포당 제과매출환경,20253~20262,0,NO_QUALIFIED_FORECAST_MODEL
3110627,신정롯데캐슬아파트,A,골목상권,4,4,4,2187003816.0,228327.0,7.0,1,312429116.5714286,9578.384580010248,4.0,4.0,4.0,2166016778.0,230380.0,6.25,1.0,346562684.48,9401.93062765865,-9.849175758719419,61.40350877192983,0,최근 4개 분기 실제 점포당 제과매출환경,20253~20262,0,NO_QUALIFIED_FORECAST_MODEL
3120076,수유역,D,발달상권,4,4,4,1783194153.0,169914.0,5.75,1,310120722.26086956,10494.686447261556,4.0,4.0,4.0,2287436804.0,233852.0,6.0,1.0,381239467.3333333,9781.557583428836,-18.654612432946692,61.152882205513784,0,최근 4개 분기 실제 점포당 제과매출환경,20253~20262,0,NO_QUALIFIED_FORECAST_MODEL
3120075,월곡역,D,발달상권,4,4,4,1550496919.0,149545.0,5.0,1,310099383.8,10368.096017921027,4.0,4.0,4.0,1017790522.0,105141.0,6.25,1.0,162846483.52,9680.24388202509,90.42436600230002,60.902255639097746,0,최근 4개 분기 실제 점포당 제과매출환경,20253~20262,0,NO_QUALIFIED_FORECAST_MODEL
3110768,도림2동유수지내체육시설,A,골목상권,4,4,4,308905651.0,32094.0,1.0,1,308905651.0,9625.028073783262,4.0,4.0,4.0,356553692.0,37300.0,1.0,1.0,356553692.0,9559.080214477211,-13.363496738101366,60.6516290726817,0,최근 4개 분기 실제 점포당 제과매출환경,20253~20262,0,NO_QUALIFIED_FORECAST_MODEL
3120225,잠실새내역(신천),D,발달상권,4,4,4,6529826372.0,630284.0,21.25,1,307285946.91764706,10360.133482683996,4.0,4.0,4.0,6457431248.0,621781.0,19.5,1.0,331150320.4102564,10385.378852039545,-7.206507746404767,60.40100250626567,0,최근 4개 분기 실제 점포당 제과매출환경,20253~20262,0,NO_QUALIFIED_FORECAST_MODEL
3110545,마포구청역 1번,A,골목상권,4,4,4,1073470511.0,114949.0,3.5,1,306705860.28571427,9338.66767870969,4.0,4.0,4.0,784255679.0,88981.0,2.75,1.0,285183883.27272725,8813.743147413492,7.546701716101234,60.150375939849624,0,최근 4개 분기 실제 점포당 제과매출환경,20253~20262,0,NO_QUALIFIED_FORECAST_MODEL
3120248,명일역,D,발달상권,4,4,4,3751021277.0,356535.0,12.25,1,306205818.53061223,10520.76591919447,4.0,4.0,4.0,3757177110.0,358507.0,12.75,1.0,294680557.64705884,10480.0662469631,3.9111032555318115,59.899749373433586,0,최근 4개 분기 실제 점포당 제과매출환경,20253~20262,0,NO_QUALIFIED_FORECAST_MODEL
3120237,경찰병원역,D,발달상권,4,4,4,1218842402.0,114515.0,4.0,1,304710600.5,10643.517460594681,4.0,4.0,4.0,1325326272.0,125832.0,4.0,1.0,331331568.0,10532.505817280184,-8.03454004117109,59.64912280701754,0,최근 4개 분기 실제 점포당 제과매출환경,20253~20262,0,NO_QUALIFIED_FORECAST_MODEL
3120047,한남오거리,D,발달상권,4,4,4,1511749023.0,71754.0,5.0,1,302349804.6,21068.498244000333,4.0,4.0,4.0,711472565.0,34140.0,5.0,1.0,142294513.0,20839.85251903925,112.48170307171299,59.3984962406015,0,최근 4개 분기 실제 점포당 제과매출환경,20253~20262,0,NO_QUALIFIED_FORECAST_MODEL
3110572,서강대역 1번,A,골목상권,4,4,4,2112593944.0,227337.0,7.0,1,301799134.85714287,9292.785353901916,4.0,4.0,4.0,2060248199.0,228271.0,5.25,1.0,392428228.38095236,9025.448694753166,-23.094437904663344,59.14786967418546,0,최근 4개 분기 실제 점포당 제과매출환경,20253~20262,0,NO_QUALIFIED_FORECAST_MODEL
3130225,개봉중앙시장,R,전통시장,4,4,4,1127167369.0,100235.0,3.75,1,300577965.06666666,11245.247358707038,4.0,4.0,4.0,979062332.0,88669.0,3.0,1.0,326354110.6666667,11041.765803155557,-7.89821385958499,58.89724310776943,0,최근 4개 분기 실제 점포당 제과매출환경,20253~20262,0,NO_QUALIFIED_FORECAST_MODEL
3111053,성내천어린이공원(하니사랑길),A,골목상권,4,4,4,1050137602.0,84262.0,3.5,1,300039314.85714287,12462.766157935961,4.0,4.0,4.0,995942238.0,87132.0,2.5,1.0,398376895.2,11430.269453243354,-24.684559151827322,58.64661654135338,0,최근 4개 분기 실제 점포당 제과매출환경,20253~20262,0,NO_QUALIFIED_FORECAST_MODEL
3120005,삼청동,D,발달상권,4,4,4,2993390048.0,194914.0,10.0,1,299339004.8,15357.491242291471,4.0,4.0,4.0,2906107671.0,184592.0,7.5,1.0,387481022.8,15743.410716607437,-22.747441245785826,58.39598997493734,0,최근 4개 분기 실제 점포당 제과매출환경,20253~20262,0,NO_QUALIFIED_FORECAST_MODEL
3110598,신월문화체육센터,A,골목상권,4,4,4,663371837.0,67702.0,2.25,1,294831927.5555556,9798.40827449706,4.0,4.0,4.0,682215198.0,70826.0,2.0,1.0,341107599.0,9632.270606839296,-13.566297432278674,58.1453634085213,0,최근 4개 분기 실제 점포당 제과매출환경,20253~20262,0,NO_QUALIFIED_FORECAST_MODEL
3120197,역삼역,D,발달상권,4,4,4,5593449002.0,478219.0,20.0,1,279672450.1,11696.417335990414,4.0,4.0,4.0,6231524409.0,685044.0,18.0,1.0,346195800.5,9096.531622786273,-19.21552783249315,57.89473684210527,0,최근 4개 분기 실제 점포당 제과매출환경,20253~20262,0,NO_QUALIFIED_FORECAST_MODEL
3110069,숙대입구,A,골목상권,4,4,4,1878860012.0,171425.0,6.75,1,278349631.4074074,10960.245075105731,4.0,4.0,4.0,3180915996.0,299655.0,10.0,1.0,318091599.6,10615.2608700005,-12.493875425370593,57.64411027568922,0,최근 4개 분기 실제 점포당 제과매출환경,20253~20262,0,NO_QUALIFIED_FORECAST_MODEL
3120057,아차산역,D,발달상권,4,4,4,1942981957.0,186875.0,7.0,1,277568851.0,10397.227863545151,4.0,4.0,4.0,1914098042.0,188366.0,7.5,1.0,255213072.26666668,10161.589894142255,8.759652683454334,57.393483709273184,0,최근 4개 분기 실제 점포당 제과매출환경,20253~20262,0,NO_QUALIFIED_FORECAST_MODEL
3120188,압구정역,D,발달상권,4,4,4,6796115381.0,515236.0,24.5,1,277392464.53061223,13190.296060446088,4.0,4.0,4.0,6358909259.0,482521.0,21.75,1.0,292363644.09195405,13178.512974564837,-5.120739142460917,57.14285714285714,0,최근 4개 분기 실제 점포당 제과매출환경,20253~20262,0,NO_QUALIFIED_FORECAST_MODEL
3110810,영신초등학교,A,골목상권,4,4,4,894573133.0,85255.0,3.25,1,275253271.6923077,10492.911066799601,4.0,4.0,4.0,842808931.0,84346.0,2.0,1.0,421404465.5,9992.280973608707,-34.6819281172739,56.89223057644111,0,최근 4개 분기 실제 점포당 제과매출환경,20253~20262,0,NO_QUALIFIED_FORECAST_MODEL
3120209,"강남구청(청담역_8번, 강남세무서)",D,발달상권,4,4,4,1850897928.0,142040.0,6.75,1,274207100.4444444,13030.821796676992,4.0,4.0,4.0,2112818369.0,163736.0,7.0,1.0,301831195.5714286,12903.81082352079,-9.152167016628642,56.64160401002506,0,최근 4개 분기 실제 점포당 제과매출환경,20253~20262,0,NO_QUALIFIED_FORECAST_MODEL
3110450,시립서북병원,A,골목상권,4,4,4,816404676.0,55303.0,3.0,1,272134892.0,14762.3940111748,4.0,4.0,4.0,688785966.0,49716.0,5.0,1.0,137757193.2,13854.412382331644,97.5467746391337,56.390977443609025,0,최근 4개 분기 실제 점포당 제과매출환경,20253~20262,0,NO_QUALIFIED_FORECAST_MODEL
3120101,합정역,D,발달상권,4,4,4,4451308175.0,506478.0,16.75,1,265749741.79104477,8788.749313889251,4.0,4.0,4.0,4330084256.0,507857.0,17.75,1.0,243948408.78873238,8526.187993864414,8.936862146616043,56.14035087719298,0,최근 4개 분기 실제 점포당 제과매출환경,20253~20262,0,NO_QUALIFIED_FORECAST_MODEL
3110532,아현역 2번,A,골목상권,4,4,4,531068191.0,41562.0,2.0,1,265534095.5,12777.734252442135,4.0,4.0,4.0,483398616.0,39861.0,2.0,1.0,241699308.0,12127.10709716264,9.861338742434466,55.88972431077694,0,최근 4개 분기 실제 점포당 제과매출환경,20253~20262,0,NO_QUALIFIED_FORECAST_MODEL
3120164,내방역,D,발달상권,4,4,4,4036332692.0,348932.0,15.25,1,264677553.5737705,11567.677060286818,4.0,4.0,4.0,3731804417.0,359550.0,15.5,1.0,240761575.29032257,10379.097252120706,9.933469763440783,55.639097744360896,0,최근 4개 분기 실제 점포당 제과매출환경,20253~20262,0,NO_QUALIFIED_FORECAST_MODEL
3130150,창동골목시장,R,전통시장,4,4,4,722504229.0,52889.0,2.75,1,262728810.54545453,13660.765546711036,4.0,4.0,4.0,775933278.0,64505.0,2.75,1.0,282157555.6363636,12029.040818541198,-6.885778779551199,55.388471177944865,0,최근 4개 분기 실제 점포당 제과매출환경,20253~20262,0,NO_QUALIFIED_FORECAST_MODEL
3110731,금천구청역 1번 출입구,A,골목상권,4,4,4,1045686465.0,111571.0,4.0,1,261421616.25,9372.385879843328,4.0,4.0,4.0,1060706381.0,108760.0,3.75,1.0,282855034.93333334,9752.725091945567,-7.577527721359112,55.13784461152882,0,최근 4개 분기 실제 점포당 제과매출환경,20253~20262,0,NO_QUALIFIED_FORECAST_MODEL
3110308,길음역 8번,A,골목상권,4,4,4,1043926362.0,92669.0,4.0,1,260981590.5,11265.108741866212,4.0,4.0,4.0,1047909776.0,99454.0,4.0,1.0,261977444.0,10536.627747501358,-0.38012948168163474,54.88721804511278,0,최근 4개 분기 실제 점포당 제과매출환경,20253~20262,0,NO_QUALIFIED_FORECAST_MODEL
3110335,석계역 7번,A,골목상권,4,4,4,521074141.0,45841.0,2.0,1,260537070.5,11366.988961846382,4.0,2.0,4.0,261195930.0,22977.0,1.75,0.0,,,,54.63659147869674,0,최근 4개 분기 실제 점포당 제과매출환경,20253~20262,0,NO_QUALIFIED_FORECAST_MODEL
3111078,굽은다리역 4번,A,골목상권,4,4,4,637014576.0,58162.0,2.5,1,254805830.4,10952.418692617173,4.0,4.0,4.0,666595745.0,61606.0,3.25,1.0,205106383.07692307,10820.305570885952,24.23105833056285,54.385964912280706,0,최근 4개 분기 실제 점포당 제과매출환경,20253~20262,0,NO_QUALIFIED_FORECAST_MODEL
3130065,무학봉상점가,R,전통시장,4,4,4,1204245513.0,107599.0,4.75,1,253525371.15789473,11191.976812052157,4.0,4.0,4.0,1198926093.0,113808.0,4.25,1.0,282100257.1764706,10534.638101012231,-10.129337103262737,54.13533834586466,0,최근 4개 분기 실제 점포당 제과매출환경,20253~20262,0,NO_QUALIFIED_FORECAST_MODEL
3120055,군자역,D,발달상권,4,4,4,3416674691.0,329624.0,13.5,1,253087014.14814815,10365.36990935126,4.0,4.0,4.0,3522918233.0,348924.0,13.25,1.0,265880621.35849056,10096.520253694214,-4.811786261433704,53.88471177944862,0,최근 4개 분기 실제 점포당 제과매출환경,20253~20262,0,NO_QUALIFIED_FORECAST_MODEL
3110741,독산2동주민센터,A,골목상권,4,4,4,883287695.0,89596.0,3.5,1,252367912.85714287,9858.561710344211,4.0,4.0,4.0,849012352.0,85810.0,4.0,1.0,212253088.0,9894.095699801888,18.899524730185725,53.63408521303258,0,최근 4개 분기 실제 점포당 제과매출환경,20253~20262,0,NO_QUALIFIED_FORECAST_MODEL
3120081,노원역,D,발달상권,4,4,4,6158469331.0,597072.0,24.5,1,251366095.14285713,10314.4500679985,4.0,4.0,4.0,6308810799.0,622081.0,27.5,1.0,229411301.78181818,10141.461962348954,9.570057442906222,53.383458646616546,0,최근 4개 분기 실제 점포당 제과매출환경,20253~20262,0,NO_QUALIFIED_FORECAST_MODEL
3120194,언주역(차병원),D,발달상권,4,4,4,994950028.0,104758.0,4.0,1,248737507.0,9497.604268886385,4.0,4.0,4.0,1278146602.0,141086.0,4.0,1.0,319536650.5,9059.343960421304,-22.156814684392522,53.1328320802005,0,최근 4개 분기 실제 점포당 제과매출환경,20253~20262,0,NO_QUALIFIED_FORECAST_MODEL
3110010,평창동서측,A,골목상권,4,4,4,741365312.0,73057.0,3.0,1,247121770.66666666,10147.765607676198,4.0,4.0,4.0,952151331.0,93626.0,3.0,1.0,317383777.0,10169.732029564437,-22.137869489571717,52.88220551378446,0,최근 4개 분기 실제 점포당 제과매출환경,20253~20262,0,NO_QUALIFIED_FORECAST_MODEL
3110064,효창공원앞역 2번,A,골목상권,4,4,4,1651469495.0,96286.0,6.75,1,244662147.4074074,17151.70943854766,4.0,4.0,4.0,1485228436.0,87669.0,6.75,1.0,220033842.37037036,16941.31832232602,11.192962306035458,52.63157894736842,0,최근 4개 분기 실제 점포당 제과매출환경,20253~20262,0,NO_QUALIFIED_FORECAST_MODEL
3120211,도성초등학교,D,발달상권,4,4,4,1341934681.0,237217.0,5.5,1,243988123.8181818,5656.992041042589,4.0,4.0,4.0,1287094773.0,259921.0,4.75,1.0,270967320.6315789,4951.869117924292,-9.956623828479827,52.38095238095239,0,최근 4개 분기 실제 점포당 제과매출환경,20253~20262,0,NO_QUALIFIED_FORECAST_MODEL
3120124,개봉동 현대아파트,D,발달상권,4,4,4,1951141659.0,181388.0,8.0,1,243892707.375,10756.729546607272,4.0,4.0,4.0,1904423303.0,185532.0,7.25,1.0,262679076.27586207,10264.662176875148,-7.151833015102005,52.130325814536334,0,최근 4개 분기 실제 점포당 제과매출환경,20253~20262,0,NO_QUALIFIED_FORECAST_MODEL
3111021,방이역 4번,A,골목상권,4,4,4,1630144126.0,156931.0,6.75,1,241502833.4814815,10387.648877532163,4.0,4.0,4.0,1572546092.0,151642.0,6.5,1.0,241930168.0,10370.122340776303,-0.1766354820695648,51.8796992481203,0,최근 4개 분기 실제 점포당 제과매출환경,20253~20262,0,NO_QUALIFIED_FORECAST_MODEL
3120162,방배동카페골목,D,발달상권,4,4,4,784719869.0,69091.0,3.25,1,241452267.3846154,11357.772633193903,4.0,4.0,4.0,865837036.0,78135.0,3.5,1.0,247382010.2857143,11081.295654956166,-2.3969984293725877,51.62907268170426,0,최근 4개 분기 실제 점포당 제과매출환경,20253~20262,0,NO_QUALIFIED_FORECAST_MODEL
3120052,성수역,D,발달상권,4,4,4,2501181464.0,227196.0,10.5,1,238207758.47619048,11008.915051321326,4.0,4.0,4.0,4994216293.0,403325.0,11.5,1.0,434279677.65217394,12382.61028451001,-45.14876685826009,51.37844611528822,0,최근 4개 분기 실제 점포당 제과매출환경,20253~20262,0,NO_QUALIFIED_FORECAST_MODEL
3111006,석촌고분역 1번,A,골목상권,4,4,4,712920399.0,60788.0,3.0,1,237640133.0,11727.979189971706,4.0,4.0,4.0,857426049.0,51449.0,3.0,1.0,285808683.0,16665.553246904703,-16.85342428872254,51.127819548872175,0,최근 4개 분기 실제 점포당 제과매출환경,20253~20262,0,NO_QUALIFIED_FORECAST_MODEL
3120192,뱅뱅사거리,D,발달상권,4,4,4,2815546714.0,290505.0,12.0,1,234628892.83333334,9691.904490456274,4.0,4.0,4.0,3159102555.0,344771.0,12.0,1.0,263258546.25,9162.901041560921,-10.875108832926127,50.877192982456144,0,최근 4개 분기 실제 점포당 제과매출환경,20253~20262,0,NO_QUALIFIED_FORECAST_MODEL
3120074,안암역,D,발달상권,4,4,4,699068491.0,75838.0,3.0,1,233022830.33333334,9217.91833909122,4.0,4.0,4.0,748148740.0,83448.0,2.0,1.0,374074370.0,8965.448422969994,-37.706817408171176,50.6265664160401,0,최근 4개 분기 실제 점포당 제과매출환경,20253~20262,0,NO_QUALIFIED_FORECAST_MODEL
3120028,명동(명동거리),D,발달상권,4,4,4,4545002510.0,424206.0,20.0,1,227250125.5,10714.14008759895,4.0,4.0,4.0,4153299734.0,392134.0,17.25,1.0,240770999.07246378,10591.531808004407,-5.615657045304889,50.37593984962406,0,최근 4개 분기 실제 점포당 제과매출환경,20253~20262,0,NO_QUALIFIED_FORECAST_MODEL
3120053,건대입구역(건대),D,발달상권,4,4,4,3271682301.0,426287.0,14.5,1,225633262.13793105,7674.834796744916,4.0,4.0,4.0,3507131232.0,447420.0,14.5,1.0,241871119.44827586,7838.566072146976,-6.713433727591966,50.125313283208015,0,최근 4개 분기 실제 점포당 제과매출환경,20253~20262,0,NO_QUALIFIED_FORECAST_MODEL
3110278,망우본동주민센터,A,골목상권,4,4,4,1064900674.0,96090.0,4.75,1,224189615.57894737,11082.325673847434,4.0,4.0,4.0,985117204.0,94699.0,5.0,1.0,197023440.8,10402.614642182072,13.7882957827967,49.87468671679198,0,최근 4개 분기 실제 점포당 제과매출환경,20253~20262,0,NO_QUALIFIED_FORECAST_MODEL
3110302,보문역 8번,A,골목상권,4,4,4,502095572.0,52861.0,2.25,1,223153587.55555555,9498.412288832977,4.0,4.0,4.0,417835107.0,42965.0,2.5,1.0,167134042.8,9725.011218433609,33.51773451838953,49.62406015037594,0,최근 4개 분기 실제 점포당 제과매출환경,20253~20262,0,NO_QUALIFIED_FORECAST_MODEL
3120114,목동신시가지,D,발달상권,4,4,4,4269016850.0,281709.0,19.25,1,221767109.0909091,15153.995257517508,4.0,4.0,4.0,3043084790.0,210251.0,20.25,1.0,150275792.09876543,14473.580577500226,47.57340885959702,49.373433583959894,0,최근 4개 분기 실제 점포당 제과매출환경,20253~20262,0,NO_QUALIFIED_FORECAST_MODEL
3110226,장안1동주민센터,A,골목상권,4,4,4,1048360198.0,99513.0,4.75,1,220707410.10526314,10534.906976977882,4.0,4.0,4.0,1158175451.0,108375.0,5.0,1.0,231635090.2,10686.74003229527,-4.717627232256383,49.122807017543856,0,최근 4개 분기 실제 점포당 제과매출환경,20253~20262,0,NO_QUALIFIED_FORECAST_MODEL
3111031,장지동주민센터(한림연예예술고교),A,골목상권,4,4,4,1047717304.0,95129.0,4.75,1,220572064.0,11013.647825584207,4.0,4.0,4.0,1054633199.0,94383.0,4.75,1.0,222028041.89473686,11173.974116101417,-0.6557630659226099,48.87218045112782,0,최근 4개 분기 실제 점포당 제과매출환경,20253~20262,0,NO_QUALIFIED_FORECAST_MODEL
3110378,송중동주민센터,A,골목상권,4,4,4,430280909.0,41365.0,2.0,1,215140454.5,10402.052677384261,4.0,4.0,4.0,307219746.0,32844.0,2.0,1.0,153609873.0,9353.907745706978,40.05639761189048,48.62155388471178,0,최근 4개 분기 실제 점포당 제과매출환경,20253~20262,0,NO_QUALIFIED_FORECAST_MODEL
3120160,사당역(사당),D,발달상권,4,4,4,4226022633.0,375416.0,20.0,1,211301131.65,11256.906026914143,4.0,4.0,4.0,3558711862.0,340081.0,20.75,1.0,171504186.12048194,10464.306626950638,23.204649653018183,48.370927318295735,0,최근 4개 분기 실제 점포당 제과매출환경,20253~20262,0,NO_QUALIFIED_FORECAST_MODEL
3130236,비단길현대시장(현대시장),R,전통시장,4,4,4,839484255.0,74437.0,4.25,1,197525707.05882353,11277.781949836775,4.0,4.0,4.0,839947249.0,75782.0,3.25,1.0,258445307.3846154,11083.73029215381,-23.571563725524335,48.1203007518797,0,최근 4개 분기 실제 점포당 제과매출환경,20253~20262,0,NO_QUALIFIED_FORECAST_MODEL
3110407,도봉역 2번,A,골목상권,4,4,4,393330068.0,33490.0,2.0,1,196665034.0,11744.701940877874,4.0,4.0,4.0,384302567.0,32867.0,2.0,1.0,192151283.5,11692.657285423069,2.349060811763981,47.86967418546366,0,최근 4개 분기 실제 점포당 제과매출환경,20253~20262,0,NO_QUALIFIED_FORECAST_MODEL
3120212,한티역,D,발달상권,4,4,4,2404306233.0,165542.0,12.25,1,196269896.57142857,14523.844299331891,4.0,4.0,4.0,2819265014.0,208693.0,13.0,1.0,216866539.53846154,13509.149870862942,-9.497381666561855,47.61904761904761,0,최근 4개 분기 실제 점포당 제과매출환경,20253~20262,0,NO_QUALIFIED_FORECAST_MODEL
3110855,신대방역 2번,A,골목상권,4,4,4,487232065.0,45775.0,2.5,1,194892826.0,10644.064773347898,4.0,0.0,4.0,0.0,0.0,1.0,0.0,,,,47.368421052631575,0,최근 4개 분기 실제 점포당 제과매출환경,20253~20262,0,NO_QUALIFIED_FORECAST_MODEL
3110648,양천향교역 7번,A,골목상권,4,4,4,972656202.0,129017.0,5.0,1,194531240.4,7538.977049536108,4.0,4.0,4.0,1160479880.0,146593.0,4.0,1.0,290119970.0,7916.338979350992,-32.9480006495244,47.11779448621554,0,최근 4개 분기 실제 점포당 제과매출환경,20253~20262,0,NO_QUALIFIED_FORECAST_MODEL
3120122,강서구청,D,발달상권,4,4,4,577429201.0,66355.0,3.0,1,192476400.33333334,8702.120428000904,4.0,4.0,4.0,607241017.0,68515.0,3.25,1.0,186843389.84615386,8862.891585784135,3.0148299556209457,46.8671679197995,0,최근 4개 분기 실제 점포당 제과매출환경,20253~20262,0,NO_QUALIFIED_FORECAST_MODEL
3130285,서원동상점가,R,전통시장,4,4,4,760069250.0,52732.0,4.0,1,190017312.5,14413.814192520671,4.0,4.0,4.0,75747764.0,8798.0,5.0,1.0,15149552.8,8609.657194817004,1154.2767103990027,46.616541353383454,0,최근 4개 분기 실제 점포당 제과매출환경,20253~20262,0,NO_QUALIFIED_FORECAST_MODEL
3120046,이태원(이태원역),D,발달상권,4,4,4,4027087815.0,308738.0,21.25,1,189510014.82352942,13043.706362676445,4.0,4.0,4.0,4027227314.0,299242.0,19.25,1.0,209206613.7142857,13458.095167122263,-9.414902588909547,46.365914786967416,0,최근 4개 분기 실제 점포당 제과매출환경,20253~20262,0,NO_QUALIFIED_FORECAST_MODEL
3120064,경희대학교(경희대),D,발달상권,4,4,4,1713289044.0,152893.0,9.25,1,185220437.1891892,11205.80434683079,4.0,4.0,4.0,2203587557.0,193297.0,10.75,1.0,204984889.02325583,11400.00908963926,-9.641906741635143,46.11528822055138,0,최근 4개 분기 실제 점포당 제과매출환경,20253~20262,0,NO_QUALIFIED_FORECAST_MODEL
3110871,신원동주민센터,A,골목상권,4,4,4,693113103.0,66251.0,3.75,1,184830160.8,10461.926657710826,4.0,4.0,4.0,640397461.0,61484.0,3.75,1.0,170772656.26666668,10415.676615054323,8.231706902410728,45.86466165413533,0,최근 4개 분기 실제 점포당 제과매출환경,20253~20262,0,NO_QUALIFIED_FORECAST_MODEL
3120086,태릉입구역,D,발달상권,4,4,4,554187032.0,52345.0,3.0,1,184729010.66666666,10587.200916993028,4.0,4.0,4.0,489035038.0,46968.0,3.25,1.0,150472319.3846154,10412.08989098961,22.766108359431424,45.614035087719294,0,최근 4개 분기 실제 점포당 제과매출환경,20253~20262,0,NO_QUALIFIED_FORECAST_MODEL
3120103,홍대입구역(홍대),D,발달상권,4,4,4,5769700071.0,543183.0,31.25,1,184630402.272,10622.01886104683,4.0,4.0,4.0,4737100049.0,427362.0,31.0,1.0,152809679.0,11084.513946022342,20.823761610022107,45.363408521303256,0,최근 4개 분기 실제 점포당 제과매출환경,20253~20262,0,NO_QUALIFIED_FORECAST_MODEL
3120013,이화사거리,D,발달상권,4,4,4,806960557.0,69332.0,4.5,1,179324568.2222222,11639.078015923384,4.0,4.0,4.0,845486913.0,76912.0,5.0,1.0,169097382.6,10992.912848450176,6.048104036249113,45.11278195488722,0,최근 4개 분기 실제 점포당 제과매출환경,20253~20262,0,NO_QUALIFIED_FORECAST_MODEL
3120131,가산디지털단지,D,발달상권,4,4,4,3853511723.0,402138.0,21.5,1,179233103.39534885,9582.560521512516,4.0,4.0,4.0,5634643116.0,515118.0,22.0,1.0,256120141.63636363,10938.548286023784,-30.019910870648392,44.86215538847117,0,최근 4개 분기 실제 점포당 제과매출환경,20253~20262,0,NO_QUALIFIED_FORECAST_MODEL
3111030,방이역 2번,A,골목상권,4,4,4,622112505.0,55961.0,3.5,1,177746430.0,11116.893997605475,4.0,4.0,4.0,563984023.0,53587.0,4.25,1.0,132702123.05882353,10524.6425998843,33.94392335472241,44.611528822055135,0,최근 4개 분기 실제 점포당 제과매출환경,20253~20262,0,NO_QUALIFIED_FORECAST_MODEL
3110524,연희세브란스병원,A,골목상권,4,4,4,529418448.0,67016.0,3.0,1,176472816.0,7899.88134176913,4.0,4.0,4.0,543475050.0,68004.0,3.0,1.0,181158350.0,7991.810040585848,-2.5864300486287295,44.3609022556391,0,최근 4개 분기 실제 점포당 제과매출환경,20253~20262,0,NO_QUALIFIED_FORECAST_MODEL
3110496,모래내우체국,A,골목상권,4,4,4,527291590.0,51902.0,3.0,1,175763863.33333334,10159.369388462872,4.0,4.0,4.0,639974436.0,65695.0,2.0,1.0,319987218.0,9741.600365324606,-45.07159866200239,44.11027568922306,0,최근 4개 분기 실제 점포당 제과매출환경,20253~20262,0,NO_QUALIFIED_FORECAST_MODEL
3110690,오류2동버들시장,A,골목상권,4,4,4,874229942.0,72621.0,5.0,1,174845988.4,12038.25259911045,4.0,4.0,4.0,53439392.0,10861.0,5.0,1.0,10687878.4,4920.301261393978,1535.9279349585413,43.859649122807014,0,최근 4개 분기 실제 점포당 제과매출환경,20253~20262,0,NO_QUALIFIED_FORECAST_MODEL
3130260,신대방1동골목상권,R,전통시장,4,4,4,348966634.0,19818.0,2.0,1,174483317.0,17608.56968412554,4.0,3.0,4.0,207182359.0,13375.0,1.75,0.0,,,,43.609022556390975,0,최근 4개 분기 실제 점포당 제과매출환경,20253~20262,0,NO_QUALIFIED_FORECAST_MODEL
3110003,세검정초등학교,A,골목상권,4,4,4,474569720.0,47165.0,2.75,1,172570807.27272728,10061.904378246581,4.0,4.0,4.0,478809550.0,49341.0,3.0,1.0,159603183.33333334,9704.090918303236,8.124915599152494,43.35839598997494,0,최근 4개 분기 실제 점포당 제과매출환경,20253~20262,0,NO_QUALIFIED_FORECAST_MODEL
3120043,서울역,D,발달상권,4,4,4,3034099892.0,251077.0,17.75,1,170935205.18309858,12084.34023028792,4.0,4.0,4.0,2758081394.0,246765.0,18.0,1.0,153226744.1111111,11176.955378599072,11.557030187332273,43.10776942355889,0,최근 4개 분기 실제 점포당 제과매출환경,20253~20262,0,NO_QUALIFIED_FORECAST_MODEL
3120136,영등포구청역,D,발달상권,4,4,4,1437181460.0,150200.0,8.5,1,169080171.7647059,9568.451797603197,4.0,4.0,4.0,1283452529.0,139835.0,8.75,1.0,146680289.02857143,9178.335388136018,15.271228932315006,42.857142857142854,0,최근 4개 분기 실제 점포당 제과매출환경,20253~20262,0,NO_QUALIFIED_FORECAST_MODEL
3110272,신내1동주민센터,A,골목상권,4,4,4,504232867.0,40541.0,3.0,1,168077622.33333334,12437.603093164944,4.0,4.0,4.0,410088323.0,36331.0,3.25,1.0,126181022.46153846,11287.559467121742,33.20356663345749,42.606516290726816,0,최근 4개 분기 실제 점포당 제과매출환경,20253~20262,0,NO_QUALIFIED_FORECAST_MODEL
3120091,본서부병원,D,발달상권,4,4,4,491352266.0,52616.0,3.0,1,163784088.66666666,9338.457237342252,4.0,4.0,4.0,514360939.0,55873.0,3.0,1.0,171453646.33333334,9205.894421276824,-4.473254334734788,42.35588972431078,0,최근 4개 분기 실제 점포당 제과매출환경,20253~20262,0,NO_QUALIFIED_FORECAST_MODEL
3120094,"신촌역(신촌역, 신촌로터리)",D,발달상권,4,4,4,2367642103.0,258058.0,14.5,1,163285662.27586207,9174.844813956552,4.0,4.0,4.0,2113439067.0,255914.0,14.5,1.0,145754418.41379312,8258.395660260869,12.027933048518769,42.10526315789473,0,최근 4개 분기 실제 점포당 제과매출환경,20253~20262,0,NO_QUALIFIED_FORECAST_MODEL
3120072,성신여대,D,발달상권,4,4,4,2111909698.0,222371.0,13.0,1,162454592.15384614,9497.235242005478,4.0,4.0,4.0,2364158719.0,267986.0,14.75,1.0,160281947.05084747,8821.948605524169,1.355514543574543,41.854636591478695,0,최근 4개 분기 실제 점포당 제과매출환경,20253~20262,0,NO_QUALIFIED_FORECAST_MODEL
3110404,신창초등학교,A,골목상권,4,4,4,404201698.0,36289.0,2.5,1,161680679.2,11138.408277990575,4.0,4.0,4.0,406499705.0,37110.0,2.0,1.0,203249852.5,10953.912826731339,-20.45225262832602,41.60401002506266,0,최근 4개 분기 실제 점포당 제과매출환경,20253~20262,0,NO_QUALIFIED_FORECAST_MODEL
3120178,신사역,D,발달상권,4,4,4,726592532.0,55981.0,4.5,1,161465007.1111111,12979.27032385988,4.0,4.0,4.0,594018540.0,46354.0,5.0,1.0,118803708.0,12814.828062303146,35.909063638915306,41.35338345864661,0,최근 4개 분기 실제 점포당 제과매출환경,20253~20262,0,NO_QUALIFIED_FORECAST_MODEL
3120003,광화문역,D,발달상권,4,4,4,2880193585.0,262946.0,18.0,1,160010754.7222222,10953.555425828878,4.0,4.0,4.0,3200908776.0,243573.0,16.5,1.0,193994471.27272728,13141.476173467503,-17.517878900130633,41.10275689223057,0,최근 4개 분기 실제 점포당 제과매출환경,20253~20262,0,NO_QUALIFIED_FORECAST_MODEL
3110836,상도역 5번,A,골목상권,4,4,4,998783498.0,86734.0,6.25,1,159805359.68,11515.478336061982,4.0,4.0,4.0,934383443.0,84464.0,6.5,1.0,143751298.92307693,11062.505244838037,11.167941352316957,40.852130325814535,0,최근 4개 분기 실제 점포당 제과매출환경,20253~20262,0,NO_QUALIFIED_FORECAST_MODEL
3110481,불광역 7번,A,골목상권,4,4,4,396378837.0,42753.0,2.5,1,158551534.8,9271.36895656445,4.0,3.0,4.0,316040960.0,35057.0,1.0,0.0,,,,40.6015037593985,0,최근 4개 분기 실제 점포당 제과매출환경,20253~20262,0,NO_QUALIFIED_FORECAST_MODEL
3001491,이태원 관광특구,U,관광특구,4,4,4,4437969727.0,332102.0,28.0,1,158498918.82142857,13363.273111875267,4.0,4.0,4.0,4869134019.0,343031.0,24.5,1.0,198740164.04081634,14194.44312321627,-20.248169469721887,40.35087719298245,0,최근 4개 분기 실제 점포당 제과매출환경,20253~20262,0,NO_QUALIFIED_FORECAST_MODEL
3120009,종로3가역,D,발달상권,4,4,4,3022180885.0,251851.0,19.25,1,156996409.61038962,11999.876454729185,4.0,4.0,4.0,2789364950.0,241685.0,16.25,1.0,171653227.69230768,11541.324244367668,-8.538620729107837,40.100250626566414,0,최근 4개 분기 실제 점포당 제과매출환경,20253~20262,0,NO_QUALIFIED_FORECAST_MODEL
3120105,상수역(홍대),D,발달상권,4,4,4,2351967386.0,187010.0,15.0,1,156797825.73333332,12576.693150098925,4.0,4.0,4.0,2067758106.0,162413.0,16.25,1.0,127246652.67692308,12731.481507022221,23.223536678359725,39.849624060150376,0,최근 4개 분기 실제 점포당 제과매출환경,20253~20262,0,NO_QUALIFIED_FORECAST_MODEL
3130290,영림시장,R,전통시장,4,4,4,936669617.0,122364.0,6.0,1,156111602.83333334,7654.780956817364,4.0,4.0,4.0,953990.0,127.0,4.0,1.0,238497.5,7511.7322834645665,65356.284796835746,39.59899749373433,0,최근 4개 분기 실제 점포당 제과매출환경,20253~20262,0,NO_QUALIFIED_FORECAST_MODEL
3110578,대흥역 2번,A,골목상권,4,4,4,1477733913.0,157690.0,9.5,1,155550938.21052632,9371.132684380747,4.0,4.0,4.0,1419816342.0,152181.0,7.25,1.0,195836736.8275862,9329.787174483017,-20.571114117637347,39.34837092731829,0,최근 4개 분기 실제 점포당 제과매출환경,20253~20262,0,NO_QUALIFIED_FORECAST_MODEL
3120228,석촌역(석촌호수),D,발달상권,4,4,4,1742451471.0,158841.0,11.25,1,154884575.2,10969.784067085953,4.0,4.0,4.0,1361114741.0,131208.0,9.25,1.0,147147539.56756756,10373.717616303884,5.258012233959053,39.097744360902254,0,최근 4개 분기 실제 점포당 제과매출환경,20253~20262,0,NO_QUALIFIED_FORECAST_MODEL
3120186,가로수길,D,발달상권,4,4,4,2825418766.0,161142.0,18.25,1,154817466.630137,17533.720358441624,4.0,4.0,4.0,3207214346.0,188761.0,16.25,1.0,197367036.67692307,16990.873888144266,-21.558600039396115,38.847117794486216,0,최근 4개 분기 실제 점포당 제과매출환경,20253~20262,0,NO_QUALIFIED_FORECAST_MODEL
3110785,영등포푸르지오아파트,A,골목상권,4,4,4,462771651.0,44529.0,3.0,1,154257217.0,10392.590244559726,4.0,4.0,4.0,488000923.0,46420.0,3.25,1.0,150154130.15384614,10512.72992244722,2.7325834074293454,38.59649122807017,0,최근 4개 분기 실제 점포당 제과매출환경,20253~20262,0,NO_QUALIFIED_FORECAST_MODEL
3120206,개나리아파트,D,발달상권,4,4,4,461789336.0,48913.0,3.0,1,153929778.66666666,9441.034816919837,4.0,4.0,4.0,697912753.0,75410.0,3.0,1.0,232637584.33333334,9254.909866065509,-33.832798725201116,38.34586466165413,0,최근 4개 분기 실제 점포당 제과매출환경,20253~20262,0,NO_QUALIFIED_FORECAST_MODEL
3001493,동대문패션타운 관광특구,U,관광특구,4,4,4,1530925815.0,158420.0,10.25,1,149358616.09756097,9663.715534654715,4.0,4.0,4.0,1421108700.0,150905.0,12.75,1.0,111459505.88235295,9417.240648089857,34.00258229675903,38.095238095238095,0,최근 4개 분기 실제 점포당 제과매출환경,20253~20262,0,NO_QUALIFIED_FORECAST_MODEL
3110458,선일여고,A,골목상권,4,4,4,558856625.0,51122.0,3.75,1,149028433.33333334,10931.822405226712,4.0,4.0,4.0,617062119.0,55968.0,4.0,1.0,154265529.75,11025.26656303602,-3.394858478853835,37.84461152882205,0,최근 4개 분기 실제 점포당 제과매출환경,20253~20262,0,NO_QUALIFIED_FORECAST_MODEL
3110576,대흥역 3번,A,골목상권,4,4,4,589696298.0,41076.0,4.0,1,147424074.5,14356.224997565489,4.0,4.0,4.0,470374972.0,33384.0,6.25,1.0,75259995.52,14089.832614426072,95.88637161268862,37.59398496240601,0,최근 4개 분기 실제 점포당 제과매출환경,20253~20262,0,NO_QUALIFIED_FORECAST_MODEL
3120184,포이사거리(삼호물산),D,발달상권,4,4,4,1315590909.0,119739.0,9.0,1,146176767.66666666,10987.154636334026,4.0,4.0,4.0,1458740739.0,133725.0,9.75,1.0,149614434.76923078,10908.511789119462,-2.297684115751586,37.34335839598997,0,최근 4개 분기 실제 점포당 제과매출환경,20253~20262,0,NO_QUALIFIED_FORECAST_MODEL
3130311,새마을시장,R,전통시장,4,4,4,1751130670.0,201047.0,12.0,1,145927555.83333334,8710.056205762832,4.0,4.0,4.0,5132851772.0,468711.0,13.5,1.0,380211242.3703704,10950.9949030426,-61.6193474649593,37.092731829573935,0,최근 4개 분기 실제 점포당 제과매출환경,20253~20262,0,NO_QUALIFIED_FORECAST_MODEL
3120182,"양재시민의숲역(양재동꽃시장, aT센터)",D,발달상권,4,4,4,728689243.0,61096.0,5.0,1,145737848.6,11926.955005237658,4.0,4.0,4.0,745615758.0,63863.0,6.0,1.0,124269293.0,11675.23852622019,17.275833057165624,36.84210526315789,0,최근 4개 분기 실제 점포당 제과매출환경,20253~20262,0,NO_QUALIFIED_FORECAST_MODEL
3130060,신흥시장,R,전통시장,4,4,4,987218523.0,90841.0,7.0,1,141031217.57142857,10867.543543113792,4.0,4.0,4.0,549625341.0,49761.0,5.75,1.0,95587015.82608695,11045.30337010912,47.542232961873985,36.59147869674185,0,최근 4개 분기 실제 점포당 제과매출환경,20253~20262,0,NO_QUALIFIED_FORECAST_MODEL
3120002,서촌(경복궁역),D,발달상권,4,4,4,2825675435.0,154883.0,20.25,1,139539527.65432099,18243.935325374638,4.0,4.0,4.0,3082910585.0,179120.0,18.5,1.0,166643815.4054054,17211.42577601608,-16.26480267818282,36.340852130325814,0,최근 4개 분기 실제 점포당 제과매출환경,20253~20262,0,NO_QUALIFIED_FORECAST_MODEL
3120234,가락시장역,D,발달상권,4,4,4,554494019.0,47605.0,4.0,1,138623504.75,11647.810503098413,4.0,4.0,4.0,561809473.0,49909.0,3.75,1.0,149815859.46666667,11256.676611432807,-7.470740919226193,36.09022556390977,0,최근 4개 분기 실제 점포당 제과매출환경,20253~20262,0,NO_QUALIFIED_FORECAST_MODEL
3110396,쌍문역1번(쌍리단길),A,골목상권,4,4,4,690775006.0,79491.0,5.0,1,138155001.2,8689.977557207734,4.0,4.0,4.0,759868786.0,75632.0,5.25,1.0,144736911.6190476,10046.921752697272,-4.547499560009561,35.83959899749373,0,최근 4개 분기 실제 점포당 제과매출환경,20253~20262,0,NO_QUALIFIED_FORECAST_MODEL
3130190,홍대소상공인상점가,R,전통시장,4,4,4,376960154.0,40268.0,2.75,1,137076419.63636363,9361.283252210193,4.0,4.0,4.0,286215087.0,31693.0,3.75,1.0,76324023.2,9030.861294292115,79.59800058910366,35.58897243107769,0,최근 4개 분기 실제 점포당 제과매출환경,20253~20262,0,NO_QUALIFIED_FORECAST_MODEL
3110102,옥수역 6번,A,골목상권,4,4,4,135461450.0,12977.0,1.0,1,135461450.0,10438.579795021962,4.0,4.0,4.0,177303190.0,17150.0,1.0,1.0,177303190.0,10338.378425655977,-23.598977548006893,35.338345864661655,0,최근 4개 분기 실제 점포당 제과매출환경,20253~20262,0,NO_QUALIFIED_FORECAST_MODEL
3110873,당곡중학교,A,골목상권,4,4,4,742248749.0,70100.0,5.5,1,134954318.0,10588.427232524964,4.0,4.0,4.0,707830366.0,70052.0,4.75,1.0,149016919.15789473,10104.356278193341,-9.436915779338007,35.08771929824561,0,최근 4개 분기 실제 점포당 제과매출환경,20253~20262,0,NO_QUALIFIED_FORECAST_MODEL
3110419,수락산디자인거리,A,골목상권,4,4,4,732988637.0,77019.0,5.5,1,133270661.27272727,9516.9846012023,4.0,4.0,4.0,418164870.0,45118.0,4.0,1.0,104541217.5,9268.249257502548,27.48145129716637,34.83709273182957,0,최근 4개 분기 실제 점포당 제과매출환경,20253~20262,0,NO_QUALIFIED_FORECAST_MODEL
3110489,불광역 3번,A,골목상권,4,4,4,533029589.0,33701.0,4.0,1,133257397.25,15816.432420402956,4.0,4.0,4.0,402415684.0,28696.0,4.0,1.0,100603921.0,14023.40688597714,32.457458839998885,34.58646616541353,0,최근 4개 분기 실제 점포당 제과매출환경,20253~20262,0,NO_QUALIFIED_FORECAST_MODEL
3130070,뚝섬역상점가,R,전통시장,4,4,4,565415170.0,48178.0,4.25,1,133038863.52941176,11735.961849806967,4.0,4.0,4.0,411602416.0,38583.0,4.0,1.0,102900604.0,10667.973356141305,29.288710034599763,34.335839598997495,0,최근 4개 분기 실제 점포당 제과매출환경,20253~20262,0,NO_QUALIFIED_FORECAST_MODEL
3130119,정릉아리랑시장,R,전통시장,4,4,4,261123771.0,25725.0,2.0,1,130561885.5,10150.583906705539,4.0,4.0,4.0,391492184.0,35554.0,2.75,1.0,142360794.1818182,11011.199414974406,-8.288032354433927,34.08521303258145,0,최근 4개 분기 실제 점포당 제과매출환경,20253~20262,0,NO_QUALIFIED_FORECAST_MODEL
3130221,"남부골목시장(남부화곡시장, 남부시장)",R,전통시장,4,4,4,359012353.0,40364.0,2.75,1,130549946.54545455,8894.37005747696,4.0,4.0,4.0,360068758.0,38247.0,3.0,1.0,120022919.33333333,9414.300677177294,8.770847493623336,33.83458646616541,0,최근 4개 분기 실제 점포당 제과매출환경,20253~20262,0,NO_QUALIFIED_FORECAST_MODEL
3120012,대학로(혜화역),D,발달상권,4,4,4,2279326243.0,246954.0,17.5,1,130247213.88571429,9229.760372377043,4.0,4.0,4.0,2475967375.0,268822.0,15.25,1.0,162358516.39344263,9210.434320851717,-19.778021640646905,33.583959899749374,0,최근 4개 분기 실제 점포당 제과매출환경,20253~20262,0,NO_QUALIFIED_FORECAST_MODEL
3130167,연신내상점가(연빛거리),R,전통시장,4,4,4,617195197.0,51153.0,4.75,1,129935830.94736843,12065.669599046,4.0,4.0,4.0,780999428.0,66415.0,8.25,1.0,94666597.33333333,11759.383091169164,37.25625997715707,33.33333333333333,0,최근 4개 분기 실제 점포당 제과매출환경,20253~20262,0,NO_QUALIFIED_FORECAST_MODEL
3120031,을지로3가역,D,발달상권,4,4,4,1423098591.0,109555.0,11.0,1,129372599.18181819,12989.809602482772,4.0,4.0,4.0,1693231421.0,136352.0,10.0,1.0,169323142.1,12418.090097688337,-23.59426031356514,33.08270676691729,0,최근 4개 분기 실제 점포당 제과매출환경,20253~20262,0,NO_QUALIFIED_FORECAST_MODEL
3110053,청구역 1번,A,골목상권,4,4,4,450124971.0,43693.0,3.5,1,128607134.57142857,10301.992790607192,4.0,4.0,4.0,481803014.0,46548.0,3.0,1.0,160601004.66666666,10350.67057660909,-19.92133869999292,32.83208020050125,0,최근 4개 분기 실제 점포당 제과매출환경,20253~20262,0,NO_QUALIFIED_FORECAST_MODEL
3130171,불광먹자골목 골목형상점가,R,전통시장,4,4,4,385235421.0,46437.0,3.0,1,128411807.0,8295.872278570967,4.0,4.0,4.0,333931369.0,44238.0,2.5,1.0,133572547.6,7548.518671730187,-3.8636236956822056,32.581453634085214,0,최근 4개 분기 실제 점포당 제과매출환경,20253~20262,0,NO_QUALIFIED_FORECAST_MODEL
3120190,강남을지병원,D,발달상권,4,4,4,769546121.0,73721.0,6.0,1,128257686.83333333,10438.62835555676,4.0,4.0,4.0,957999537.0,103390.0,5.25,1.0,182476102.2857143,9265.881971177096,-29.712611554738157,32.33082706766917,0,최근 4개 분기 실제 점포당 제과매출환경,20253~20262,0,NO_QUALIFIED_FORECAST_MODEL
3110912,방배동사이길,A,골목상권,4,4,4,575355179.0,38022.0,4.5,1,127856706.44444445,15132.16503603177,4.0,4.0,4.0,488880687.0,31888.0,4.75,1.0,102922249.89473684,15331.180600852986,24.22649774486001,32.08020050125313,0,최근 4개 분기 실제 점포당 제과매출환경,20253~20262,0,NO_QUALIFIED_FORECAST_MODEL
3111067,강동구립성내도서관,A,골목상권,4,4,4,887110481.0,72418.0,7.0,1,126730068.71428572,12249.861650418405,4.0,4.0,4.0,707281364.0,64412.0,6.0,1.0,117880227.33333333,10980.583804260075,7.507485844871531,31.82957393483709,0,최근 4개 분기 실제 점포당 제과매출환경,20253~20262,0,NO_QUALIFIED_FORECAST_MODEL
3130024,남대문시장(자유상가),R,전통시장,4,4,4,468454750.0,33604.0,3.75,1,124921266.66666667,13940.446077847875,4.0,4.0,4.0,665582247.0,56579.0,3.25,1.0,204794537.53846154,11763.76830626204,-39.00166080200954,31.57894736842105,0,최근 4개 분기 실제 점포당 제과매출환경,20253~20262,0,NO_QUALIFIED_FORECAST_MODEL
3120029,을지로2가,D,발달상권,4,4,4,246621614.0,13693.0,2.0,1,123310807.0,18010.780252683853,4.0,4.0,4.0,225574246.0,11793.0,1.75,1.0,128899569.14285715,19127.808530484184,-4.335749281413981,31.32832080200501,0,최근 4개 분기 실제 점포당 제과매출환경,20253~20262,0,NO_QUALIFIED_FORECAST_MODEL
3130195,도화동 상점가,R,전통시장,4,4,4,594623708.0,58953.0,5.0,1,118924741.6,10086.40286329788,4.0,4.0,4.0,563368910.0,55574.0,6.25,1.0,90139025.6,10137.274804764818,31.934798283419653,31.07769423558897,0,최근 4개 분기 실제 점포당 제과매출환경,20253~20262,0,NO_QUALIFIED_FORECAST_MODEL
3110625,신정2동주민센터,A,골목상권,4,4,4,704159470.0,64016.0,6.0,1,117359911.66666667,10999.741783304175,4.0,4.0,4.0,681405674.0,61567.0,7.25,1.0,93986989.51724137,11067.709552195169,24.868252796987033,30.82706766917293,0,최근 4개 분기 실제 점포당 제과매출환경,20253~20262,0,NO_QUALIFIED_FORECAST_MODEL
3110659,화곡역 4번,A,골목상권,4,4,4,430532513.0,38807.0,3.75,1,114808670.13333334,11094.197258226608,4.0,4.0,4.0,410047035.0,38831.0,3.0,1.0,136682345.0,10559.78560943576,-16.003292061360707,30.576441102756892,0,최근 4개 분기 실제 점포당 제과매출환경,20253~20262,0,NO_QUALIFIED_FORECAST_MODEL
3130159,공릉동 도깨비시장,R,전통시장,4,4,4,686260388.0,74009.0,6.0,1,114376731.33333333,9272.661270926508,4.0,4.0,4.0,640712433.0,70000.0,6.75,1.0,94920360.44444445,9153.034757142857,20.497573753184838,30.32581453634085,0,최근 4개 분기 실제 점포당 제과매출환경,20253~20262,0,NO_QUALIFIED_FORECAST_MODEL
3120063,청량리역(청량리),D,발달상권,4,4,4,1105983159.0,107457.0,9.75,1,113434170.15384616,10292.33236550434,4.0,4.0,4.0,1206150286.0,117639.0,10.0,1.0,120615028.6,10252.979760113567,-5.95353541718916,30.075187969924812,0,최근 4개 분기 실제 점포당 제과매출환경,20253~20262,0,NO_QUALIFIED_FORECAST_MODEL
3110762,선유도역 1번,A,골목상권,4,4,4,815254147.0,70807.0,7.25,1,112448847.86206897,11513.750716737046,4.0,4.0,4.0,801871456.0,75061.0,8.25,1.0,97196540.12121212,10682.930629754466,15.69223320278268,29.82456140350877,0,최근 4개 분기 실제 점포당 제과매출환경,20253~20262,0,NO_QUALIFIED_FORECAST_MODEL
3130279,관악신사시장,R,전통시장,4,4,4,308111157.0,41469.0,2.75,1,112040420.72727273,7429.915286117341,4.0,4.0,4.0,257993902.0,36674.0,3.5,1.0,73712543.42857143,7034.790369198888,51.99641135140263,29.57393483709273,0,최근 4개 분기 실제 점포당 제과매출환경,20253~20262,0,NO_QUALIFIED_FORECAST_MODEL
3120213,삼성중앙역,D,발달상권,4,4,4,743704929.0,70045.0,6.75,1,110178508.0,10617.530573202941,4.0,4.0,4.0,713085455.0,71094.0,6.5,1.0,109705454.61538461,10030.177722451965,0.43120315783191643,29.32330827067669,0,최근 4개 분기 실제 점포당 제과매출환경,20253~20262,0,NO_QUALIFIED_FORECAST_MODEL
3130083,"중곡제일시장(중곡제일골목시장, 광성시장)",R,전통시장,4,4,4,326434793.0,30859.0,3.0,1,108811597.66666667,10578.268673644641,4.0,4.0,4.0,279695615.0,24997.0,3.75,1.0,74585497.33333333,11189.16730007601,45.88841203320262,29.07268170426065,0,최근 4개 분기 실제 점포당 제과매출환경,20253~20262,0,NO_QUALIFIED_FORECAST_MODEL
3120084,공릉역,D,발달상권,4,4,4,461320950.0,46644.0,4.25,1,108546105.88235295,9890.25276562902,4.0,4.0,4.0,390900008.0,42303.0,4.0,1.0,97725002.0,9240.479587736094,11.073014746372634,28.82205513784461,0,최근 4개 분기 실제 점포당 제과매출환경,20253~20262,0,NO_QUALIFIED_FORECAST_MODEL
3120096,"이화여대(이대역, 이대)",D,발달상권,4,4,4,1025373447.0,148501.0,9.5,1,107934047.05263157,6904.825199830304,4.0,4.0,4.0,1100404677.0,161992.0,9.75,1.0,112862018.15384616,6792.956917625562,-4.36636804996442,28.57142857142857,0,최근 4개 분기 실제 점포당 제과매출환경,20253~20262,0,NO_QUALIFIED_FORECAST_MODEL
3110881,구립대학경로당(관악산샘말공원),A,골목상권,4,4,4,363782604.0,54136.0,3.5,1,103937886.85714285,6719.790970888133,4.0,4.0,4.0,485932591.0,76120.0,4.0,1.0,121483147.75,6383.770244351024,-14.44254714980181,28.32080200501253,0,최근 4개 분기 실제 점포당 제과매출환경,20253~20262,0,NO_QUALIFIED_FORECAST_MODEL
3111046,마천역(마천초등학교),A,골목상권,4,4,4,302468318.0,33076.0,3.0,1,100822772.66666667,9144.646208731407,4.0,4.0,4.0,280056803.0,31408.0,3.75,1.0,74681814.13333334,8916.734685430463,35.00311131524272,28.07017543859649,0,최근 4개 분기 실제 점포당 제과매출환경,20253~20262,0,NO_QUALIFIED_FORECAST_MODEL
3110529,홍제3동주민센터,A,골목상권,4,4,4,402068384.0,41933.0,4.0,1,100517096.0,9588.35246703074,4.0,4.0,4.0,421998170.0,43390.0,3.5,1.0,120570905.71428572,9725.701083198894,-16.632378761263354,27.819548872180448,0,최근 4개 분기 실제 점포당 제과매출환경,20253~20262,0,NO_QUALIFIED_FORECAST_MODEL
3110660,등촌3동주민센터,A,골목상권,4,4,4,948418886.0,93382.0,9.75,1,97273731.8974359,10156.335118116982,4.0,4.0,4.0,955970062.0,94373.0,10.75,1.0,88927447.62790698,10129.698769775254,9.385498507110768,27.56892230576441,0,최근 4개 분기 실제 점포당 제과매출환경,20253~20262,0,NO_QUALIFIED_FORECAST_MODEL
3120090,연신내역,D,발달상권,4,4,4,786901787.0,84589.0,8.25,1,95382034.78787878,9302.64912695504,4.0,4.0,4.0,1166551899.0,127237.0,7.0,1.0,166650271.2857143,9168.338604336788,-42.765148804138086,27.31829573934837,0,최근 4개 분기 실제 점포당 제과매출환경,20253~20262,0,NO_QUALIFIED_FORECAST_MODEL
3110507,명지대학교,A,골목상권,4,4,4,868686419.0,76933.0,9.25,1,93912045.2972973,11291.466847776637,4.0,4.0,4.0,941896072.0,85047.0,8.75,1.0,107645265.37142856,11075.006431737746,-12.757848686372753,27.06766917293233,0,최근 4개 분기 실제 점포당 제과매출환경,20253~20262,0,NO_QUALIFIED_FORECAST_MODEL
3110638,신방화역 2번,A,골목상권,4,4,4,440473462.0,53848.0,4.75,1,92731255.15789473,8179.940982023473,4.0,4.0,4.0,500582493.0,61105.0,4.75,1.0,105385788.0,8192.169102364782,-12.007817261000387,26.81704260651629,0,최근 4개 분기 실제 점포당 제과매출환경,20253~20262,0,NO_QUALIFIED_FORECAST_MODEL
3110410,방학역 2번,A,골목상권,4,4,4,276093097.0,16581.0,3.0,1,92031032.33333333,16651.172848440987,4.0,4.0,4.0,272064042.0,17516.0,3.0,1.0,90688014.0,15532.315711349624,1.4809215397895148,26.56641604010025,0,최근 4개 분기 실제 점포당 제과매출환경,20253~20262,0,NO_QUALIFIED_FORECAST_MODEL
3110195,동대문구청,A,골목상권,4,4,4,275385323.0,25853.0,3.0,1,91795107.66666667,10651.967779367966,4.0,0.0,4.0,0.0,0.0,1.0,0.0,,,,26.31578947368421,0,최근 4개 분기 실제 점포당 제과매출환경,20253~20262,0,NO_QUALIFIED_FORECAST_MODEL
3130208,목동깨비시장(목3동시장),R,전통시장,4,4,4,275333276.0,31007.0,3.0,1,91777758.66666667,8879.713484051988,4.0,4.0,4.0,317507799.0,36217.0,3.75,1.0,84668746.4,8766.81666068421,8.396264937101595,26.065162907268167,0,최근 4개 분기 실제 점포당 제과매출환경,20253~20262,0,NO_QUALIFIED_FORECAST_MODEL
3120030,중부경찰서(영화인의거리),D,발달상권,4,4,4,494336853.0,56545.0,5.5,1,89879427.81818181,8742.361888761163,4.0,4.0,4.0,534603674.0,66023.0,4.0,1.0,133650918.5,8097.233903336716,-32.750609702557476,25.81453634085213,0,최근 4개 분기 실제 점포당 제과매출환경,20253~20262,0,NO_QUALIFIED_FORECAST_MODEL
3130182,영천시장,R,전통시장,4,4,4,358454927.0,27988.0,4.0,1,89613731.75,12807.450585965415,4.0,4.0,4.0,402694288.0,31308.0,4.0,1.0,100673572.0,12862.344704228952,-10.985842689678282,25.563909774436087,0,최근 4개 분기 실제 점포당 제과매출환경,20253~20262,0,NO_QUALIFIED_FORECAST_MODEL
3110997,대청초등학교,A,골목상권,4,4,4,737754307.0,59291.0,8.25,1,89424764.48484848,12442.939181326003,4.0,4.0,4.0,549492094.0,57513.0,7.25,1.0,75792012.96551724,9554.224158016448,17.987055609056956,25.31328320802005,0,최근 4개 분기 실제 점포당 제과매출환경,20253~20262,0,NO_QUALIFIED_FORECAST_MODEL
3120048,금호역,D,발달상권,4,4,4,267841454.0,28119.0,3.0,1,89280484.66666667,9525.283758312884,4.0,4.0,4.0,261530126.0,26582.0,3.0,1.0,87176708.66666667,9838.617335038749,2.4132317360639366,25.062656641604008,0,최근 4개 분기 실제 점포당 제과매출환경,20253~20262,0,NO_QUALIFIED_FORECAST_MODEL
3130148,방학동도깨비시장,R,전통시장,4,4,4,355163104.0,37959.0,4.0,1,88790776.0,9356.492636792329,4.0,4.0,4.0,333299371.0,36525.0,4.25,1.0,78423381.41176471,9125.239452429843,13.219775023217784,24.81203007518797,0,최근 4개 분기 실제 점포당 제과매출환경,20253~20262,0,NO_QUALIFIED_FORECAST_MODEL
3110819,신대방역 4번,A,골목상권,4,4,4,432695898.0,74039.0,5.0,1,86539179.6,5844.161833628223,4.0,4.0,4.0,393639024.0,67738.0,5.25,1.0,74978861.71428572,5811.199385869084,15.418102677746703,24.561403508771928,0,최근 4개 분기 실제 점포당 제과매출환경,20253~20262,0,NO_QUALIFIED_FORECAST_MODEL
3110218,답십리사거리,A,골목상권,4,4,4,551058712.0,35736.0,6.5,1,84778263.38461539,15420.268412805015,4.0,4.0,4.0,429208492.0,29222.0,6.25,1.0,68673358.72,14687.854766956403,23.451459146303712,24.31077694235589,0,최근 4개 분기 실제 점포당 제과매출환경,20253~20262,0,NO_QUALIFIED_FORECAST_MODEL
3110399,창2동주민센터,A,골목상권,4,4,4,420693059.0,50043.0,5.0,1,84138611.8,8406.63147692984,4.0,4.0,4.0,408913542.0,46008.0,4.25,1.0,96214951.05882353,8887.87910798122,-12.551416516795133,24.06015037593985,0,최근 4개 분기 실제 점포당 제과매출환경,20253~20262,0,NO_QUALIFIED_FORECAST_MODEL
3120113,오목교역,D,발달상권,4,4,4,1367192662.0,248391.0,16.25,1,84134933.04615384,5504.195651211196,4.0,4.0,4.0,1355225361.0,240444.0,14.25,1.0,95103534.10526316,5636.345099066726,-11.533326455533155,23.809523809523807,0,최근 4개 분기 실제 점포당 제과매출환경,20253~20262,0,NO_QUALIFIED_FORECAST_MODEL
3111064,둔촌동역 4번,A,골목상권,4,4,4,332808772.0,24215.0,4.0,1,83202193.0,13743.9096427834,4.0,4.0,4.0,287544835.0,24176.0,4.0,1.0,71886208.75,11893.813492720054,15.741523230629406,23.55889724310777,0,최근 4개 분기 실제 점포당 제과매출환경,20253~20262,0,NO_QUALIFIED_FORECAST_MODEL
3120042,"숙대입구역(남영역, 남영동)",D,발달상권,4,4,4,352561952.0,42751.0,4.25,1,82955753.41176471,8246.870295431685,4.0,4.0,4.0,349171801.0,42294.0,5.0,1.0,69834360.2,8255.823544710835,18.789308263419446,23.308270676691727,0,최근 4개 분기 실제 점포당 제과매출환경,20253~20262,0,NO_QUALIFIED_FORECAST_MODEL
3120104,연남동(홍대),D,발달상권,4,4,4,5929122996.0,554657.0,73.0,1,81220862.9589041,10689.71093126022,4.0,4.0,4.0,5758158710.0,582874.0,66.0,1.0,87244828.93939394,9878.908151676005,-6.9046682235740064,23.05764411027569,0,최근 4개 분기 실제 점포당 제과매출환경,20253~20262,0,NO_QUALIFIED_FORECAST_MODEL
3130183,상암동상점가,R,전통시장,4,4,4,324769735.0,27169.0,4.0,1,81192433.75,11953.687474695425,4.0,4.0,4.0,254976771.0,22482.0,4.0,1.0,63744192.75,11341.37403255938,27.372283257912944,22.807017543859647,0,최근 4개 분기 실제 점포당 제과매출환경,20253~20262,0,NO_QUALIFIED_FORECAST_MODEL
3120233,몽촌토성역,D,발달상권,4,4,4,241215409.0,23839.0,3.0,1,80405136.33333333,10118.520449683292,4.0,4.0,4.0,200012167.0,20734.0,3.0,1.0,66670722.333333336,9646.5789042153,20.600367776626307,22.55639097744361,0,최근 4개 분기 실제 점포당 제과매출환경,20253~20262,0,NO_QUALIFIED_FORECAST_MODEL
3130179,"이화여대 3,5,7길 상점가",R,전통시장,4,4,4,399075755.0,63562.0,5.0,1,79815151.0,6278.527343381265,4.0,4.0,4.0,386831555.0,65741.0,6.75,1.0,57308378.518518515,5884.175096210888,39.273092457516825,22.305764411027567,0,최근 4개 분기 실제 점포당 제과매출환경,20253~20262,0,NO_QUALIFIED_FORECAST_MODEL
3120085,은행사거리,D,발달상권,4,4,4,616941542.0,63701.0,7.75,1,79605360.25806452,9684.958509285569,4.0,4.0,4.0,583155983.0,68925.0,8.0,1.0,72894497.875,8460.73243380486,9.206267384641787,22.05513784461153,0,최근 4개 분기 실제 점포당 제과매출환경,20253~20262,0,NO_QUALIFIED_FORECAST_MODEL
3110865,남강고등학교(남강중학교),A,골목상권,4,4,4,304826269.0,37345.0,4.0,1,76206567.25,8162.438586156112,4.0,4.0,4.0,378715793.0,48661.0,4.0,1.0,94678948.25,7782.737572183062,-19.51054731958326,21.804511278195488,0,최근 4개 분기 실제 점포당 제과매출환경,20253~20262,0,NO_QUALIFIED_FORECAST_MODEL
3120243,천호역,D,발달상권,4,4,4,1796422992.0,172689.0,24.0,1,74850958.0,10402.648645831523,4.0,4.0,4.0,1710174543.0,165930.0,23.75,1.0,72007349.17894737,10306.602440788285,3.949053608383646,21.553884711779446,0,최근 4개 분기 실제 점포당 제과매출환경,20253~20262,0,NO_QUALIFIED_FORECAST_MODEL
3110550,합정역 8번,A,골목상권,4,4,4,915662705.0,89985.0,12.25,1,74747975.91836734,10175.726009890537,4.0,4.0,4.0,985642835.0,96521.0,11.75,1.0,83884496.59574468,10211.693154857492,-10.891786978716667,21.303258145363408,0,최근 4개 분기 실제 점포당 제과매출환경,20253~20262,0,NO_QUALIFIED_FORECAST_MODEL
3120051,뚝섬역,D,발달상권,4,4,4,1674653532.0,168598.0,22.75,1,73611144.26373626,9932.819677576246,4.0,4.0,4.0,1692065844.0,177062.0,21.25,1.0,79626627.95294118,9556.346613050795,-7.554613128613241,21.052631578947366,0,최근 4개 분기 실제 점포당 제과매출환경,20253~20262,0,NO_QUALIFIED_FORECAST_MODEL
3120230,송파사거리(송파역),D,발달상권,4,4,4,453292115.0,45341.0,6.25,1,72526738.4,9997.40003528815,4.0,4.0,4.0,545884303.0,59839.0,6.5,1.0,83982200.46153846,9122.550560671134,-13.640345214322814,20.80200501253133,0,최근 4개 분기 실제 점포당 제과매출환경,20253~20262,0,NO_QUALIFIED_FORECAST_MODEL
3110662,까치산역 1번,A,골목상권,4,4,4,505377722.0,68352.0,7.0,1,72196817.42857143,7393.751784878277,4.0,4.0,4.0,587112728.0,76787.0,5.75,1.0,102106561.39130434,7645.991222472554,-29.292675764595966,20.551378446115287,0,최근 4개 분기 실제 점포당 제과매출환경,20253~20262,0,NO_QUALIFIED_FORECAST_MODEL
3130112,사가정시장,R,전통시장,4,4,4,306401118.0,41347.0,4.25,1,72094380.70588236,7410.480034827195,4.0,4.0,4.0,156597648.0,21820.0,3.5,1.0,44742185.14285714,7176.794133822182,61.132900585191585,20.30075187969925,0,최근 4개 분기 실제 점포당 제과매출환경,20253~20262,0,NO_QUALIFIED_FORECAST_MODEL
3110717,남구로역 2번,A,골목상권,4,4,4,215012690.0,22412.0,3.0,1,71670896.66666667,9593.64135284669,4.0,4.0,4.0,281975477.0,26221.0,3.0,1.0,93991825.66666667,10753.803325578734,-23.747734275488074,20.050125313283207,0,최근 4개 분기 실제 점포당 제과매출환경,20253~20262,0,NO_QUALIFIED_FORECAST_MODEL
3110503,명지대학교교회,A,골목상권,4,4,4,231875305.0,27233.0,3.25,1,71346247.6923077,8514.497301068557,4.0,4.0,4.0,268601575.0,37968.0,3.0,1.0,89533858.33333333,7074.419906236831,-20.313667901268595,19.799498746867165,0,최근 4개 분기 실제 점포당 제과매출환경,20253~20262,0,NO_QUALIFIED_FORECAST_MODEL
3120095,홍제역,D,발달상권,4,4,4,495924482.0,46505.0,7.0,1,70846354.57142857,10663.895968175466,4.0,4.0,4.0,981433126.0,111609.0,4.5,1.0,218096250.2222222,8793.494485211766,-67.51601437473505,19.548872180451127,0,최근 4개 분기 실제 점포당 제과매출환경,20253~20262,0,NO_QUALIFIED_FORECAST_MODEL
3120193,도산공원교차로,D,발달상권,4,4,4,353114203.0,33445.0,5.0,1,70622840.6,10558.056600388698,4.0,2.0,4.0,155898980.0,13928.0,4.75,0.0,,,,19.298245614035086,0,최근 4개 분기 실제 점포당 제과매출환경,20253~20262,0,NO_QUALIFIED_FORECAST_MODEL
3130273,남성사계시장(남성시장),R,전통시장,4,4,4,226613577.0,35253.0,3.25,1,69727254.46153846,6428.206876010552,4.0,4.0,4.0,298279426.0,49100.0,3.0,1.0,99426475.33333333,6074.937393075356,-29.87053576245805,19.047619047619047,0,최근 4개 분기 실제 점포당 제과매출환경,20253~20262,0,NO_QUALIFIED_FORECAST_MODEL
3110626,양화초등학교,A,골목상권,4,4,4,205840666.0,20579.0,3.0,1,68613555.33333333,10002.462024393799,4.0,4.0,4.0,255079531.0,25506.0,3.0,1.0,85026510.33333333,10000.765741394182,-19.303338377237335,18.796992481203006,0,최근 4개 분기 실제 점포당 제과매출환경,20253~20262,0,NO_QUALIFIED_FORECAST_MODEL
3120093,연희동,D,발달상권,4,4,4,1159014995.0,79241.0,17.0,1,68177352.64705883,14626.455938213803,4.0,4.0,4.0,987154725.0,70169.0,18.75,1.0,52648252.0,14068.245592783138,29.495947267268875,18.546365914786968,0,최근 4개 분기 실제 점포당 제과매출환경,20253~20262,0,NO_QUALIFIED_FORECAST_MODEL
3110740,금천해태공원,A,골목상권,4,4,4,200830394.0,18507.0,3.0,1,66943464.666666664,10851.590965580592,4.0,0.0,4.0,0.0,0.0,2.25,0.0,,,,18.295739348370926,0,최근 4개 분기 실제 점포당 제과매출환경,20253~20262,0,NO_QUALIFIED_FORECAST_MODEL
3110283,성북초등학교앞,A,골목상권,4,4,4,200260570.0,14904.0,3.0,1,66753523.333333336,13436.699543746645,4.0,4.0,4.0,234391812.0,17069.0,3.0,1.0,78130604.0,13732.01781006503,-14.561618730947812,18.045112781954884,0,최근 4개 분기 실제 점포당 제과매출환경,20253~20262,0,NO_QUALIFIED_FORECAST_MODEL
3120025,롯데백화점(시청광장 지하쇼핑센터),D,발달상권,4,4,4,988064758.0,194889.0,15.0,1,65870983.86666667,5069.884693338259,4.0,4.0,4.0,961110041.0,198308.0,15.5,1.0,62007099.41935484,4846.552035217944,6.2313581565561105,17.794486215538846,0,최근 4개 분기 실제 점포당 제과매출환경,20253~20262,0,NO_QUALIFIED_FORECAST_MODEL
3110620,목동보건지소,A,골목상권,4,4,4,193512759.0,16934.0,3.0,1,64504253.0,11427.468938230779,4.0,4.0,4.0,198004147.0,17654.0,3.0,1.0,66001382.333333336,11215.823439447151,-2.2683302688604856,17.543859649122805,0,최근 4개 분기 실제 점포당 제과매출환경,20253~20262,0,NO_QUALIFIED_FORECAST_MODEL
3110469,응암정보도서관,A,골목상권,4,4,4,125415337.0,14856.0,2.0,1,62707668.5,8442.066303177167,4.0,4.0,4.0,155363658.0,14568.0,3.5,1.0,44389616.571428575,10664.721169686985,41.266524343807596,17.293233082706767,0,최근 4개 분기 실제 점포당 제과매출환경,20253~20262,0,NO_QUALIFIED_FORECAST_MODEL
3110162,군자역 4번,A,골목상권,4,4,4,187835296.0,25638.0,3.0,1,62611765.333333336,7326.441064045557,4.0,3.0,4.0,68490203.0,7087.0,4.0,0.0,,,,17.042606516290725,0,최근 4개 분기 실제 점포당 제과매출환경,20253~20262,0,NO_QUALIFIED_FORECAST_MODEL
3110564,홍대입구역 3번,A,골목상권,4,4,4,295902275.0,24105.0,4.75,1,62295215.78947368,12275.555901265298,4.0,4.0,4.0,118461565.0,7298.0,4.75,1.0,24939276.842105262,16232.058783228282,149.7875787813541,16.791979949874687,0,최근 4개 분기 실제 점포당 제과매출환경,20253~20262,0,NO_QUALIFIED_FORECAST_MODEL
3120242,강동구청역,D,발달상권,4,4,4,435474068.0,44007.0,7.0,1,62210581.14285714,9895.563614879451,4.0,4.0,4.0,450326870.0,46925.0,7.25,1.0,62114051.03448276,9596.736707511987,0.1554078453533725,16.541353383458645,0,최근 4개 분기 실제 점포당 제과매출환경,20253~20262,0,NO_QUALIFIED_FORECAST_MODEL
3110085,경리단길남측,A,골목상권,4,4,4,463304817.0,24887.0,7.5,1,61773975.6,18616.338530156307,4.0,4.0,4.0,470666991.0,25812.0,7.25,1.0,64919584.96551724,18234.42549976755,-4.845393523677122,16.290726817042607,0,최근 4개 분기 실제 점포당 제과매출환경,20253~20262,0,NO_QUALIFIED_FORECAST_MODEL
3120169,서초역,D,발달상권,4,4,4,360000000.0,30790.0,6.0,1,60000000.0,11692.107827216629,4.0,4.0,4.0,495513837.0,37129.0,7.5,1.0,66068511.6,13345.73613617388,-9.185179827783497,16.040100250626566,0,최근 4개 분기 실제 점포당 제과매출환경,20253~20262,0,NO_QUALIFIED_FORECAST_MODEL
3111089,상일여고(상일초등학교),A,골목상권,4,4,4,685347162.0,48927.0,11.5,1,59595405.39130435,14007.5451591146,4.0,4.0,4.0,318898292.0,24343.0,10.5,1.0,30371265.904761903,13100.205069219077,96.22298780098066,15.789473684210526,0,최근 4개 분기 실제 점포당 제과매출환경,20253~20262,0,NO_QUALIFIED_FORECAST_MODEL
3130278,미성동 도깨비시장 골목형상점가,R,전통시장,4,4,4,199937481.0,17501.0,3.5,1,57124994.571428575,11424.346094508885,4.0,4.0,4.0,172306914.0,18007.0,3.25,1.0,53017512.0,9568.885100238796,7.747407255603722,15.538847117794486,0,최근 4개 분기 실제 점포당 제과매출환경,20253~20262,0,NO_QUALIFIED_FORECAST_MODEL
3130056,용산용문시장,R,전통시장,4,4,4,173699145.0,16006.0,3.25,1,53445890.76923077,10852.127014869424,4.0,4.0,4.0,169707352.0,15660.0,4.0,1.0,42426838.0,10836.995657726693,25.971892529984842,15.288220551378446,0,최근 4개 분기 실제 점포당 제과매출환경,20253~20262,0,NO_QUALIFIED_FORECAST_MODEL
3120157,신림역(신림),D,발달상권,4,4,4,404163900.0,53537.0,8.0,1,50520487.5,7549.244447765097,4.0,4.0,4.0,392930883.0,55433.0,6.75,1.0,58211982.666666664,7088.392888712499,-13.212907058516954,15.037593984962406,0,최근 4개 분기 실제 점포당 제과매출환경,20253~20262,0,NO_QUALIFIED_FORECAST_MODEL
3110166,구의1동주민센터,A,골목상권,4,4,4,295394606.0,31099.0,6.0,1,49232434.333333336,9498.524261230265,4.0,4.0,4.0,277178020.0,27720.0,4.25,1.0,65218357.64705882,9999.20707070707,-24.51138588959302,14.786967418546364,0,최근 4개 분기 실제 점포당 제과매출환경,20253~20262,0,NO_QUALIFIED_FORECAST_MODEL
3110471,응암동우체국,A,골목상권,4,4,4,106165129.0,9789.0,2.25,1,47184501.777777776,10845.349780365717,4.0,4.0,4.0,93991654.0,9732.0,3.0,1.0,31330551.333333332,9657.999794492396,50.602207014394416,14.536340852130325,0,최근 4개 분기 실제 점포당 제과매출환경,20253~20262,0,NO_QUALIFIED_FORECAST_MODEL
3110449,증산역 3번,A,골목상권,4,4,4,126501905.0,7865.0,2.75,1,46000692.72727273,16084.158296249205,4.0,4.0,4.0,91285622.0,5057.0,4.0,1.0,22821405.5,18051.339133873837,101.5681844278729,14.285714285714285,0,최근 4개 분기 실제 점포당 제과매출환경,20253~20262,0,NO_QUALIFIED_FORECAST_MODEL
3120128,신도림역,D,발달상권,4,4,4,466334025.0,49023.0,11.0,1,42394002.27272727,9512.555841135794,4.0,4.0,4.0,455763578.0,48373.0,14.0,1.0,32554541.285714287,9421.85884687739,30.224541948409446,14.035087719298245,0,최근 4개 분기 실제 점포당 제과매출환경,20253~20262,0,NO_QUALIFIED_FORECAST_MODEL
3120236,장지역(가든파이브),D,발달상권,4,4,4,251519352.0,35446.0,6.0,1,41919892.0,7095.845850025391,4.0,4.0,4.0,918503593.0,113900.0,6.75,1.0,136074606.37037036,8064.122853380158,-69.19344974189991,13.784461152882205,0,최근 4개 분기 실제 점포당 제과매출환경,20253~20262,0,NO_QUALIFIED_FORECAST_MODEL
3120235,문정역,D,발달상권,4,4,4,774463555.0,82630.0,18.5,1,41862894.86486486,9372.667977732059,4.0,4.0,4.0,460491449.0,42635.0,20.75,1.0,22192358.987951808,10800.784543215668,88.63652524543315,13.533834586466165,0,최근 4개 분기 실제 점포당 제과매출환경,20253~20262,0,NO_QUALIFIED_FORECAST_MODEL
3001494,종로·청계 관광특구,U,관광특구,4,4,4,637857303.0,65314.0,15.25,1,41826708.39344262,9766.011926998806,4.0,4.0,4.0,283783837.0,43095.0,11.75,1.0,24151815.914893616,6585.0756932358745,73.1824577532056,13.283208020050125,0,최근 4개 분기 실제 점포당 제과매출환경,20253~20262,0,NO_QUALIFIED_FORECAST_MODEL
3111086,한영중고,A,골목상권,4,4,4,345363883.0,27345.0,8.5,1,40631045.058823526,12629.873212653136,4.0,4.0,4.0,413845430.0,33316.0,7.75,1.0,53399410.32258064,12421.822247568736,-23.911060415507713,13.032581453634084,0,최근 4개 분기 실제 점포당 제과매출환경,20253~20262,0,NO_QUALIFIED_FORECAST_MODEL
3110541,동교초등학교,A,골목상권,4,4,4,393283668.0,34383.0,9.75,1,40336786.461538464,11438.317424308525,4.0,4.0,4.0,264189118.0,22936.0,7.75,1.0,34088918.451612905,11518.534966864318,18.3281497146764,12.781954887218044,0,최근 4개 분기 실제 점포당 제과매출환경,20253~20262,0,NO_QUALIFIED_FORECAST_MODEL
3110694,세곡초등학교,A,골목상권,4,4,4,200628046.0,21039.0,5.0,1,40125609.2,9536.006749370217,4.0,4.0,4.0,157950119.0,17533.0,5.5,1.0,28718203.454545453,9008.733188843895,39.721864090523425,12.531328320802004,0,최근 4개 분기 실제 점포당 제과매출환경,20253~20262,0,NO_QUALIFIED_FORECAST_MODEL
3110405,방학역 1번,A,골목상권,4,4,4,196406176.0,19730.0,5.0,1,39281235.2,9954.697212366955,4.0,4.0,4.0,210023722.0,21532.0,4.5,1.0,46671938.222222224,9754.027586847484,-15.835431961347679,12.280701754385964,0,최근 4개 분기 실제 점포당 제과매출환경,20253~20262,0,NO_QUALIFIED_FORECAST_MODEL
3110128,성원중학교,A,골목상권,4,4,4,440575866.0,38773.0,11.75,1,37495818.38297872,11362.955303948624,4.0,4.0,4.0,439629637.0,40026.0,12.25,1.0,35888133.63265306,10983.60158397042,4.479711223720195,12.030075187969924,0,최근 4개 분기 실제 점포당 제과매출환경,20253~20262,0,NO_QUALIFIED_FORECAST_MODEL
3110409,창동역 2번,A,골목상권,4,4,4,184428311.0,16279.0,5.0,1,36885662.2,11329.216229498126,4.0,4.0,4.0,168075600.0,16423.0,5.25,1.0,32014400.0,10234.159410582719,15.21584724374032,11.779448621553884,0,최근 4개 분기 실제 점포당 제과매출환경,20253~20262,0,NO_QUALIFIED_FORECAST_MODEL
3120187,신논현역,D,발달상권,4,4,4,384749156.0,23014.0,10.75,1,35790619.1627907,16718.047970800384,4.0,4.0,4.0,374436107.0,24714.0,10.25,1.0,36530351.90243903,15150.76907825524,-2.024981148892069,11.528822055137844,0,최근 4개 분기 실제 점포당 제과매출환경,20253~20262,0,NO_QUALIFIED_FORECAST_MODEL
3120049,왕십리역(왕십리),D,발달상권,4,4,4,293804051.0,26755.0,8.5,1,34565182.47058824,10981.276434311343,4.0,4.0,4.0,270924115.0,26723.0,8.0,1.0,33865514.375,10138.237286232834,2.066019396134555,11.278195488721805,0,최근 4개 분기 실제 점포당 제과매출환경,20253~20262,0,NO_QUALIFIED_FORECAST_MODEL
3130117,정릉시장,R,전통시장,4,4,4,169761060.0,25988.0,5.0,1,33952212.0,6532.286439895336,4.0,4.0,4.0,593759426.0,83457.0,5.5,1.0,107956259.27272727,7114.555112213475,-68.55002921671512,11.027568922305765,0,최근 4개 분기 실제 점포당 제과매출환경,20253~20262,0,NO_QUALIFIED_FORECAST_MODEL
3110428,상계5동주민센터,A,골목상권,4,4,4,269739864.0,22821.0,8.0,1,33717483.0,11819.809123176023,4.0,4.0,4.0,228423090.0,22026.0,8.5,1.0,26873304.70588235,10370.611549986379,25.4683164911218,10.776942355889723,0,최근 4개 분기 실제 점포당 제과매출환경,20253~20262,0,NO_QUALIFIED_FORECAST_MODEL
3110131,성수동카페거리,A,골목상권,4,4,4,467520779.0,55796.0,14.25,1,32808475.719298247,8379.109237221306,4.0,4.0,4.0,473172493.0,51082.0,11.0,1.0,43015681.18181818,9262.99857092518,-23.72903365025474,10.526315789473683,0,최근 4개 분기 실제 점포당 제과매출환경,20253~20262,0,NO_QUALIFIED_FORECAST_MODEL
3110082,용산구청,A,골목상권,4,4,4,152725445.0,9948.0,4.75,1,32152725.263157893,15352.376859670285,4.0,4.0,4.0,139813691.0,7680.0,4.25,1.0,32897339.05882353,18204.907682291665,-2.2634468834521804,10.275689223057643,0,최근 4개 분기 실제 점포당 제과매출환경,20253~20262,0,NO_QUALIFIED_FORECAST_MODEL
3130317,마천중앙시장,R,전통시장,4,4,4,94514607.0,15895.0,3.0,1,31504869.0,5946.184775086505,4.0,2.0,4.0,45462781.0,7305.0,2.5,0.0,,,,10.025062656641603,0,최근 4개 분기 실제 점포당 제과매출환경,20253~20262,0,NO_QUALIFIED_FORECAST_MODEL
3130110,면목골목시장(면목시장),R,전통시장,4,4,4,122093236.0,15767.0,4.0,1,30523309.0,7743.593327836621,4.0,4.0,4.0,136113346.0,18813.0,4.25,1.0,32026669.647058822,7235.068622760857,-4.694089843328076,9.774436090225564,0,최근 4개 분기 실제 점포당 제과매출환경,20253~20262,0,NO_QUALIFIED_FORECAST_MODEL
3110081,해방촌 남동측,A,골목상권,4,4,4,288781049.0,21518.0,10.0,1,28878104.9,13420.440979644949,4.0,4.0,4.0,394831432.0,35205.0,7.0,1.0,56404490.28571428,11215.208975997728,-48.80176249493733,9.523809523809524,0,최근 4개 분기 실제 점포당 제과매출환경,20253~20262,0,NO_QUALIFIED_FORECAST_MODEL
3120041,신용산역(용산역),D,발달상권,4,4,4,936978240.0,82446.0,33.25,1,28179796.691729322,11364.7507459428,4.0,4.0,4.0,959300623.0,80319.0,27.5,1.0,34883659.018181816,11943.632552696125,-19.217772777099885,9.273182957393484,0,최근 4개 분기 실제 점포당 제과매출환경,20253~20262,0,NO_QUALIFIED_FORECAST_MODEL
3120232,송파나루역,D,발달상권,4,4,4,52427104.0,4305.0,2.0,1,26213552.0,12178.189082462253,4.0,4.0,4.0,73479524.0,5667.0,2.0,1.0,36739762.0,12966.212105170283,-28.650729963901234,9.022556390977442,0,최근 4개 분기 실제 점포당 제과매출환경,20253~20262,0,NO_QUALIFIED_FORECAST_MODEL
3110008,배화여자대학교(박노수미술관),A,골목상권,4,4,4,222201924.0,21172.0,8.5,1,26141402.82352941,10495.084262233138,4.0,4.0,4.0,238784011.0,22980.0,8.25,1.0,28943516.484848484,10390.949129677982,-9.681317274581824,8.771929824561402,0,최근 4개 분기 실제 점포당 제과매출환경,20253~20262,0,NO_QUALIFIED_FORECAST_MODEL
3130115,우림골목시장,R,전통시장,4,4,4,107266404.0,12656.0,4.5,1,23836978.666666668,8475.537610619469,4.0,4.0,4.0,197387954.0,23465.0,4.5,1.0,43863989.777777776,8412.015938632005,-45.65706679344779,8.521303258145362,0,최근 4개 분기 실제 점포당 제과매출환경,20253~20262,0,NO_QUALIFIED_FORECAST_MODEL
3110554,망원역 1번,A,골목상권,4,4,4,140353404.0,15042.0,6.0,1,23392234.0,9330.767451136817,4.0,4.0,4.0,131333728.0,13774.0,6.0,1.0,21888954.666666668,9534.901118048498,6.86775296594031,8.270676691729323,0,최근 4개 분기 실제 점포당 제과매출환경,20253~20262,0,NO_QUALIFIED_FORECAST_MODEL
3110465,연신내역 7번,A,골목상권,4,4,4,119915458.0,11434.0,5.25,1,22841039.61904762,10487.620955046354,4.0,4.0,4.0,127229133.0,12043.0,5.75,1.0,22126805.739130434,10564.571369260151,3.227912281319889,8.020050125313283,0,최근 4개 분기 실제 점포당 제과매출환경,20253~20262,0,NO_QUALIFIED_FORECAST_MODEL
3111013,송파나루역 1번(송리단길),A,골목상권,4,4,4,511118574.0,47375.0,22.5,1,22716381.066666666,10788.7825646438,4.0,4.0,4.0,438198912.0,40981.0,22.25,1.0,19694333.123595506,10692.733510651278,15.344758942106473,7.769423558897243,0,최근 4개 분기 실제 점포당 제과매출환경,20253~20262,0,NO_QUALIFIED_FORECAST_MODEL
3110562,연트럴파크(연남동주민센터),A,골목상권,4,4,4,382961357.0,20234.0,17.25,1,22200658.376811594,18926.62632203222,4.0,4.0,4.0,476161659.0,24680.0,17.75,1.0,26826008.95774648,19293.4221636953,-17.24203771131313,7.518796992481203,0,최근 4개 분기 실제 점포당 제과매출환경,20253~20262,0,NO_QUALIFIED_FORECAST_MODEL
3120200,학동사거리,D,발달상권,4,4,4,288205366.0,23608.0,13.0,1,22169643.53846154,12207.953490342257,4.0,4.0,4.0,393978894.0,31946.0,15.25,1.0,25834681.573770493,12332.651787391223,-14.186503614699097,7.268170426065162,0,최근 4개 분기 실제 점포당 제과매출환경,20253~20262,0,NO_QUALIFIED_FORECAST_MODEL
3120167,고속터미널(고속터미널역),D,발달상권,4,4,4,493685866.0,43820.0,23.0,1,21464602.86956522,11266.222409858512,4.0,4.0,4.0,508368787.0,47067.0,24.5,1.0,20749746.408163264,10800.960056940106,3.4451334842372727,7.017543859649122,0,최근 4개 분기 실제 점포당 제과매출환경,20253~20262,0,NO_QUALIFIED_FORECAST_MODEL
3120202,압구정로데오역(압구정로데오),D,발달상권,4,4,4,499077323.0,31626.0,24.5,1,20370502.979591835,15780.602131157908,4.0,4.0,4.0,986387902.0,89613.0,24.25,1.0,40675789.77319588,11007.196522825929,-49.919834149070695,6.7669172932330826,0,최근 4개 분기 실제 점포당 제과매출환경,20253~20262,0,NO_QUALIFIED_FORECAST_MODEL
3110174,아차산역 1번,A,골목상권,4,4,4,114070291.0,6300.0,6.0,1,19011715.166666668,18106.395396825395,4.0,4.0,4.0,122391996.0,7477.0,5.5,1.0,22253090.181818184,16369.131469840846,-14.565954609755149,6.516290726817042,0,최근 4개 분기 실제 점포당 제과매출환경,20253~20262,0,NO_QUALIFIED_FORECAST_MODEL
3120108,신정네거리역,D,발달상권,4,4,4,131841256.0,15535.0,7.5,1,17578834.133333333,8486.72391374316,4.0,4.0,4.0,137156839.0,16099.0,8.75,1.0,15675067.314285714,8519.587489906206,12.145190708767117,6.265664160401002,0,최근 4개 분기 실제 점포당 제과매출환경,20253~20262,0,NO_QUALIFIED_FORECAST_MODEL
3120130,구로디지털단지역,D,발달상권,4,4,4,67722600.0,5209.0,4.0,1,16930650.0,13001.075062392014,4.0,4.0,4.0,57565076.0,4229.0,4.75,1.0,12118963.368421054,13611.98297469851,39.703780639497445,6.015037593984962,0,최근 4개 분기 실제 점포당 제과매출환경,20253~20262,0,NO_QUALIFIED_FORECAST_MODEL
3110095,한강진역 3번,A,골목상권,4,4,4,184648907.0,17610.0,11.75,1,15714800.59574468,10485.457524134015,4.0,4.0,4.0,560514687.0,37350.0,10.5,1.0,53382351.14285714,15007.086666666666,-70.56180505483897,5.764411027568922,0,최근 4개 분기 실제 점포당 제과매출환경,20253~20262,0,NO_QUALIFIED_FORECAST_MODEL
3110403,방학1동주민센터,A,골목상권,4,4,4,57320217.0,6141.0,4.0,1,14330054.25,9334.020029311187,4.0,4.0,4.0,36397123.0,4654.0,3.0,1.0,12132374.333333334,7820.610872367855,18.114178282717553,5.513784461152882,0,최근 4개 분기 실제 점포당 제과매출환경,20253~20262,0,NO_QUALIFIED_FORECAST_MODEL
3110241,먹골역 5번,A,골목상권,4,4,4,42825355.0,6147.0,3.0,1,14275118.333333334,6966.8708312998215,4.0,4.0,4.0,40218595.0,5767.0,3.75,1.0,10724958.666666666,6973.919715623374,33.10184940572889,5.263157894736842,0,최근 4개 분기 실제 점포당 제과매출환경,20253~20262,0,NO_QUALIFIED_FORECAST_MODEL
3110415,수락산역 4번,A,골목상권,4,4,4,63088253.0,5576.0,4.5,1,14019611.777777778,11314.249103299857,4.0,1.0,4.0,6682655.0,423.0,4.5,0.0,,,,5.012531328320802,0,최근 4개 분기 실제 점포당 제과매출환경,20253~20262,0,NO_QUALIFIED_FORECAST_MODEL
3110028,이화달팽이길,A,골목상권,4,4,4,61818456.0,8259.0,4.75,1,13014411.789473685,7484.980748274609,4.0,4.0,4.0,63728684.0,7552.0,3.75,1.0,16994315.733333334,8438.649894067798,-23.419030258766504,4.761904761904762,0,최근 4개 분기 실제 점포당 제과매출환경,20253~20262,0,NO_QUALIFIED_FORECAST_MODEL
3110315,종암아이파크2차,A,골목상권,4,4,4,78840714.0,9877.0,6.5,1,12129340.615384616,7982.25311329351,4.0,4.0,4.0,88268541.0,10674.0,5.0,1.0,17653708.2,8269.490444069703,-31.292958521968682,4.511278195488721,0,최근 4개 분기 실제 점포당 제과매출환경,20253~20262,0,NO_QUALIFIED_FORECAST_MODEL
3110612,신정역 5번,A,골목상권,4,4,4,34735795.0,2629.0,3.0,1,11578598.333333334,13212.550399391404,4.0,1.0,4.0,3250256.0,234.0,4.5,0.0,,,,4.260651629072681,0,최근 4개 분기 실제 점포당 제과매출환경,20253~20262,0,NO_QUALIFIED_FORECAST_MODEL
3110424,상계초등학교,A,골목상권,4,4,4,54560222.0,6526.0,4.75,1,11486362.52631579,8360.438553478394,4.0,4.0,4.0,54262330.0,6542.0,5.25,1.0,10335681.904761905,8294.455823907063,11.133088577578398,4.010025062656641,0,최근 4개 분기 실제 점포당 제과매출환경,20253~20262,0,NO_QUALIFIED_FORECAST_MODEL
3110351,수유북부시장옆,A,골목상권,4,4,4,30835633.0,2973.0,3.0,1,10278544.333333334,10371.891355533131,4.0,4.0,4.0,20175890.0,2087.0,3.0,1.0,6725296.666666667,9667.412553905127,52.83406580824936,3.7593984962406015,0,최근 4개 분기 실제 점포당 제과매출환경,20253~20262,0,NO_QUALIFIED_FORECAST_MODEL
3120018,중림동,D,발달상권,4,4,4,51274116.0,3458.0,5.0,1,10254823.2,14827.67958357432,4.0,4.0,4.0,40560365.0,2756.0,5.0,1.0,8112073.0,14717.113570391872,26.41433576842811,3.508771929824561,0,최근 4개 분기 실제 점포당 제과매출환경,20253~20262,0,NO_QUALIFIED_FORECAST_MODEL
3111010,석촌역 7번,A,골목상권,4,4,4,86316921.0,9158.0,10.0,1,8631692.1,9425.302576981874,4.0,4.0,4.0,119288658.0,12143.0,10.25,1.0,11637917.853658536,9823.656262867496,-25.831302398422494,3.258145363408521,0,최근 4개 분기 실제 점포당 제과매출환경,20253~20262,0,NO_QUALIFIED_FORECAST_MODEL
3110656,까치산역 3번,A,골목상권,4,4,4,40279313.0,3668.0,5.0,1,8055862.6,10981.273991275899,4.0,4.0,4.0,40642657.0,4342.0,5.0,1.0,8128531.4,9360.353984339014,-0.8939966695583057,3.007518796992481,0,최근 4개 분기 실제 점포당 제과매출환경,20253~20262,0,NO_QUALIFIED_FORECAST_MODEL
3110291,한성대입구역 3번,A,골목상권,4,4,4,24000000.0,2440.0,3.5,1,6857142.857142857,9836.065573770491,4.0,4.0,4.0,24000000.0,2605.0,3.0,1.0,8000000.0,9213.051823416507,-14.28571428571428,2.756892230576441,0,최근 4개 분기 실제 점포당 제과매출환경,20253~20262,0,NO_QUALIFIED_FORECAST_MODEL
3130191,홍대 걷고싶은 거리,R,전통시장,4,4,4,22245708.0,775.0,3.75,1,5932188.8,28704.13935483871,4.0,4.0,4.0,166307227.0,11798.0,4.0,1.0,41576806.75,14096.22198677742,-85.73197591707785,2.506265664160401,0,최근 4개 분기 실제 점포당 제과매출환경,20253~20262,0,NO_QUALIFIED_FORECAST_MODEL
3111077,길동주민센터(강동도서관),A,골목상권,4,4,4,21920872.0,1495.0,3.75,1,5845565.866666666,14662.790635451505,4.0,4.0,4.0,7484242.0,516.0,3.0,1.0,2494747.3333333335,14504.34496124031,134.31494598918633,2.2556390977443606,0,최근 4개 분기 실제 점포당 제과매출환경,20253~20262,0,NO_QUALIFIED_FORECAST_MODEL
3111061,암사역 1번,A,골목상권,4,4,4,35505604.0,4680.0,7.0,1,5072229.142857143,7586.667521367522,4.0,4.0,4.0,37723703.0,5175.0,7.0,1.0,5389100.428571428,7289.604444444444,-5.879854901837178,2.0050125313283207,0,최근 4개 분기 실제 점포당 제과매출환경,20253~20262,0,NO_QUALIFIED_FORECAST_MODEL
3110205,경희대삼거리,A,골목상권,4,4,4,34459805.0,5025.0,7.0,1,4922829.285714285,6857.672636815921,4.0,4.0,4.0,37069248.0,5357.0,7.0,1.0,5295606.857142857,6919.777487399664,-7.039373984603092,1.7543859649122806,0,최근 4개 분기 실제 점포당 제과매출환경,20253~20262,0,NO_QUALIFIED_FORECAST_MODEL
3110671,등촌1동주민센터,A,골목상권,4,4,4,31254197.0,2880.0,7.0,1,4464885.285714285,10852.151736111111,4.0,0.0,4.0,0.0,0.0,7.0,0.0,,,,1.5037593984962405,0,최근 4개 분기 실제 점포당 제과매출환경,20253~20262,0,NO_QUALIFIED_FORECAST_MODEL
3110544,망리단길,A,골목상권,4,4,4,143054639.0,11109.0,47.25,1,3027611.407407407,12877.364209199748,4.0,4.0,4.0,115453536.0,9192.0,38.25,1.0,3018393.098039216,12560.219321148825,0.3054045337626654,1.2531328320802004,0,최근 4개 분기 실제 점포당 제과매출환경,20253~20262,0,NO_QUALIFIED_FORECAST_MODEL
3110566,경의선책거리,A,골목상권,4,4,4,35250864.0,2098.0,13.5,1,2611175.111111111,16802.127740705433,4.0,4.0,4.0,16955375.0,2041.0,14.25,1.0,1189850.8771929825,8307.386085252327,119.45398042410345,1.0025062656641603,0,최근 4개 분기 실제 점포당 제과매출환경,20253~20262,0,NO_QUALIFIED_FORECAST_MODEL
3110846,남성역 1번,A,골목상권,4,4,4,6142980.0,602.0,3.0,1,2047660.0,10204.285714285714,4.0,4.0,4.0,59665617.0,3510.0,3.5,1.0,17047319.14285714,16998.751282051282,-87.9883752815294,0.7518796992481203,0,최근 4개 분기 실제 점포당 제과매출환경,20253~20262,0,NO_QUALIFIED_FORECAST_MODEL
3111012,석촌역 6번,A,골목상권,4,4,4,4931360.0,91.0,6.0,1,821893.3333333334,54190.769230769234,4.0,0.0,4.0,0.0,0.0,5.0,0.0,,,,0.5012531328320802,0,최근 4개 분기 실제 점포당 제과매출환경,20253~20262,0,NO_QUALIFIED_FORECAST_MODEL
3110509,연희대우아파트앞,A,골목상권,4,4,4,3193256.0,833.0,5.0,1,638651.2,3833.4405762304923,4.0,4.0,4.0,5859933.0,1286.0,5.5,1.0,1065442.3636363635,4556.713063763608,-40.05764912329203,0.2506265664160401,0,최근 4개 분기 실제 점포당 제과매출환경,20253~20262,0,NO_QUALIFIED_FORECAST_MODEL
3110005,세검정,A,골목상권,4,0,4,0.0,0.0,1.0,0,,,4.0,0.0,4.0,0.0,0.0,1.0,0.0,,,,,0,최근 4개 분기 실제 점포당 제과매출환경,20253~20262,0,NO_QUALIFIED_FORECAST_MODEL
3110006,부암동주민센터,A,골목상권,4,0,4,0.0,0.0,1.0,0,,,4.0,0.0,4.0,0.0,0.0,1.0,0.0,,,,,0,최근 4개 분기 실제 점포당 제과매출환경,20253~20262,0,NO_QUALIFIED_FORECAST_MODEL
3110007,사직공원(한국사회과학도서관),A,골목상권,4,0,4,0.0,0.0,3.0,0,,,4.0,0.0,4.0,0.0,0.0,3.25,0.0,,,,,0,최근 4개 분기 실제 점포당 제과매출환경,20253~20262,0,NO_QUALIFIED_FORECAST_MODEL
3110009,자하문터널,A,골목상권,4,0,4,0.0,0.0,5.0,0,,,4.0,0.0,4.0,0.0,0.0,4.5,0.0,,,,,0,최근 4개 분기 실제 점포당 제과매출환경,20253~20262,0,NO_QUALIFIED_FORECAST_MODEL
3110012,성곡미술관,A,골목상권,4,1,4,186000000.0,11275.0,3.25,0,,,4.0,0.0,4.0,0.0,0.0,3.0,0.0,,,,,0,최근 4개 분기 실제 점포당 제과매출환경,20253~20262,0,NO_QUALIFIED_FORECAST_MODEL
3110013,체부동홍종문가옥,A,골목상권,4,0,4,0.0,0.0,1.0,0,,,4.0,0.0,4.0,0.0,0.0,1.0,0.0,,,,,0,최근 4개 분기 실제 점포당 제과매출환경,20253~20262,0,NO_QUALIFIED_FORECAST_MODEL
3110018,중앙고등학교,A,골목상권,2,0,2,0.0,0.0,1.0,0,,,,,,,,,,,,,,0,최근 4개 분기 실제 점포당 제과매출환경,20253~20262,0,NO_QUALIFIED_FORECAST_MODEL
3110019,창덕궁,A,골목상권,4,0,4,0.0,0.0,3.25,0,,,4.0,0.0,4.0,0.0,0.0,3.0,0.0,,,,,0,최근 4개 분기 실제 점포당 제과매출환경,20253~20262,0,NO_QUALIFIED_FORECAST_MODEL
3110020,서울국제고등학교,A,골목상권,4,0,4,0.0,0.0,1.0,0,,,4.0,0.0,4.0,0.0,0.0,1.0,0.0,,,,,0,최근 4개 분기 실제 점포당 제과매출환경,20253~20262,0,NO_QUALIFIED_FORECAST_MODEL
3110021,성균관대학교,A,골목상권,4,0,4,0.0,0.0,2.0,0,,,4.0,0.0,4.0,0.0,0.0,2.0,0.0,,,,,0,최근 4개 분기 실제 점포당 제과매출환경,20253~20262,0,NO_QUALIFIED_FORECAST_MODEL
3110022,경신고등학교,A,골목상권,4,0,4,0.0,0.0,2.0,0,,,4.0,0.0,4.0,0.0,0.0,1.0,0.0,,,,,0,최근 4개 분기 실제 점포당 제과매출환경,20253~20262,0,NO_QUALIFIED_FORECAST_MODEL
3110027,혜화역 1번,A,골목상권,4,0,4,0.0,0.0,2.0,0,,,4.0,0.0,4.0,0.0,0.0,2.0,0.0,,,,,0,최근 4개 분기 실제 점포당 제과매출환경,20253~20262,0,NO_QUALIFIED_FORECAST_MODEL
3110029,동대문역 1번,A,골목상권,4,0,4,0.0,0.0,2.0,0,,,4.0,0.0,4.0,0.0,0.0,2.75,0.0,,,,,0,최근 4개 분기 실제 점포당 제과매출환경,20253~20262,0,NO_QUALIFIED_FORECAST_MODEL
3110031,창신역 1번,A,골목상권,4,0,0,0.0,0.0,0.0,0,,,4.0,0.0,0.0,0.0,0.0,0.0,0.0,,,,,0,최근 4개 분기 실제 점포당 제과매출환경,20253~20262,0,NO_QUALIFIED_FORECAST_MODEL
3110035,동묘앞역 2번,A,골목상권,4,0,0,0.0,0.0,0.0,0,,,4.0,0.0,0.0,0.0,0.0,0.0,0.0,,,,,0,최근 4개 분기 실제 점포당 제과매출환경,20253~20262,0,NO_QUALIFIED_FORECAST_MODEL
3110038,경향신문사,A,골목상권,4,0,3,0.0,0.0,0.75,0,,,4.0,0.0,0.0,0.0,0.0,0.0,0.0,,,,,0,최근 4개 분기 실제 점포당 제과매출환경,20253~20262,0,NO_QUALIFIED_FORECAST_MODEL
3110039,회현역 1번,A,골목상권,4,0,4,0.0,0.0,1.0,0,,,4.0,0.0,4.0,0.0,0.0,1.0,0.0,,,,,0,최근 4개 분기 실제 점포당 제과매출환경,20253~20262,0,NO_QUALIFIED_FORECAST_MODEL
3110041,남산케이블카,A,골목상권,4,0,4,0.0,0.0,1.0,0,,,4.0,0.0,4.0,0.0,0.0,1.0,0.0,,,,,0,최근 4개 분기 실제 점포당 제과매출환경,20253~20262,0,NO_QUALIFIED_FORECAST_MODEL
3110042,남산골공원옆,A,골목상권,4,0,4,0.0,0.0,2.0,0,,,4.0,0.0,4.0,0.0,0.0,2.0,0.0,,,,,0,최근 4개 분기 실제 점포당 제과매출환경,20253~20262,0,NO_QUALIFIED_FORECAST_MODEL
3110043,충무초등학교,A,골목상권,4,3,4,17233106.0,1460.0,3.0,0,,,4.0,0.0,4.0,0.0,0.0,2.0,0.0,,,,,0,최근 4개 분기 실제 점포당 제과매출환경,20253~20262,0,NO_QUALIFIED_FORECAST_MODEL
3110045,동대문역사문화공원역 5번,A,골목상권,4,0,4,0.0,0.0,2.0,0,,,4.0,0.0,4.0,0.0,0.0,2.0,0.0,,,,,0,최근 4개 분기 실제 점포당 제과매출환경,20253~20262,0,NO_QUALIFIED_FORECAST_MODEL
3110048,장충동주민센터,A,골목상권,3,0,3,0.0,0.0,1.0,0,,,,,,,,,,,,,,0,최근 4개 분기 실제 점포당 제과매출환경,20253~20262,0,NO_QUALIFIED_FORECAST_MODEL
3110049,장충단 고개,A,골목상권,4,0,4,0.0,0.0,2.75,0,,,4.0,0.0,4.0,0.0,0.0,3.0,0.0,,,,,0,최근 4개 분기 실제 점포당 제과매출환경,20253~20262,0,NO_QUALIFIED_FORECAST_MODEL
3110050,약수역 7번,A,골목상권,4,0,4,0.0,0.0,1.0,0,,,4.0,0.0,4.0,0.0,0.0,1.0,0.0,,,,,0,최근 4개 분기 실제 점포당 제과매출환경,20253~20262,0,NO_QUALIFIED_FORECAST_MODEL
3110051,한양공고앞 교차로,A,골목상권,4,0,4,0.0,0.0,1.0,0,,,4.0,0.0,4.0,0.0,0.0,1.0,0.0,,,,,0,최근 4개 분기 실제 점포당 제과매출환경,20253~20262,0,NO_QUALIFIED_FORECAST_MODEL
3110052,장충초등학교,A,골목상권,4,0,4,0.0,0.0,1.0,0,,,4.0,0.0,4.0,0.0,0.0,1.0,0.0,,,,,0,최근 4개 분기 실제 점포당 제과매출환경,20253~20262,0,NO_QUALIFIED_FORECAST_MODEL
3110056,신당역 3번,A,골목상권,4,0,4,0.0,0.0,1.0,0,,,4.0,0.0,4.0,0.0,0.0,1.0,0.0,,,,,0,최근 4개 분기 실제 점포당 제과매출환경,20253~20262,0,NO_QUALIFIED_FORECAST_MODEL
3110057,황학코아루아파트,A,골목상권,1,0,0,0.0,0.0,0.0,0,,,,,,,,,,,,,,0,최근 4개 분기 실제 점포당 제과매출환경,20253~20262,0,NO_QUALIFIED_FORECAST_MODEL
3110058,성심여자고등학교,A,골목상권,4,0,4,0.0,0.0,3.0,0,,,4.0,0.0,4.0,0.0,0.0,3.5,0.0,,,,,0,최근 4개 분기 실제 점포당 제과매출환경,20253~20262,0,NO_QUALIFIED_FORECAST_MODEL
3110059,새남터성지,A,골목상권,4,0,4,0.0,0.0,2.0,0,,,4.0,0.0,4.0,0.0,0.0,2.75,0.0,,,,,0,최근 4개 분기 실제 점포당 제과매출환경,20253~20262,0,NO_QUALIFIED_FORECAST_MODEL
3110060,효창공원앞역 6번,A,골목상권,4,0,4,0.0,0.0,1.75,0,,,1.0,0.0,1.0,0.0,0.0,1.0,0.0,,,,,0,최근 4개 분기 실제 점포당 제과매출환경,20253~20262,0,NO_QUALIFIED_FORECAST_MODEL
3110061,효창동주민센터,A,골목상권,4,0,1,0.0,0.0,0.25,0,,,4.0,0.0,0.0,0.0,0.0,0.0,0.0,,,,,0,최근 4개 분기 실제 점포당 제과매출환경,20253~20262,0,NO_QUALIFIED_FORECAST_MODEL
3110062,한강로동땡땡거리(은행나무길),A,골목상권,4,0,4,0.0,0.0,3.25,0,,,4.0,0.0,4.0,0.0,0.0,2.0,0.0,,,,,0,최근 4개 분기 실제 점포당 제과매출환경,20253~20262,0,NO_QUALIFIED_FORECAST_MODEL
3110066,서울역 15번,A,골목상권,4,0,4,0.0,0.0,4.0,0,,,4.0,0.0,4.0,0.0,0.0,4.25,0.0,,,,,0,최근 4개 분기 실제 점포당 제과매출환경,20253~20262,0,NO_QUALIFIED_FORECAST_MODEL
3110067,배문고등학교,A,골목상권,4,0,4,0.0,0.0,1.0,0,,,4.0,0.0,4.0,0.0,0.0,1.0,0.0,,,,,0,최근 4개 분기 실제 점포당 제과매출환경,20253~20262,0,NO_QUALIFIED_FORECAST_MODEL
3110068,남영역 1번,A,골목상권,4,0,4,0.0,0.0,3.5,0,,,4.0,1.0,4.0,8000000.0,684.0,2.5,0.0,,,,,0,최근 4개 분기 실제 점포당 제과매출환경,20253~20262,0,NO_QUALIFIED_FORECAST_MODEL
3110071,한강미주맨션아파트,A,골목상권,4,0,4,0.0,0.0,2.0,0,,,4.0,0.0,4.0,0.0,0.0,2.0,0.0,,,,,0,최근 4개 분기 실제 점포당 제과매출환경,20253~20262,0,NO_QUALIFIED_FORECAST_MODEL
3110073,삼각지역 3번,A,골목상권,4,0,4,0.0,0.0,1.75,0,,,4.0,0.0,4.0,0.0,0.0,2.25,0.0,,,,,0,최근 4개 분기 실제 점포당 제과매출환경,20253~20262,0,NO_QUALIFIED_FORECAST_MODEL
3110074,서울역 12번,A,골목상권,4,0,4,0.0,0.0,4.0,0,,,4.0,0.0,4.0,0.0,0.0,2.75,0.0,,,,,0,최근 4개 분기 실제 점포당 제과매출환경,20253~20262,0,NO_QUALIFIED_FORECAST_MODEL
3110075,숙대입구역 1번,A,골목상권,4,0,4,0.0,0.0,3.25,0,,,4.0,0.0,4.0,0.0,0.0,3.0,0.0,,,,,0,최근 4개 분기 실제 점포당 제과매출환경,20253~20262,0,NO_QUALIFIED_FORECAST_MODEL
3110077,삼광초등학교,A,골목상권,4,0,4,0.0,0.0,1.0,0,,,1.0,0.0,1.0,0.0,0.0,1.0,0.0,,,,,0,최근 4개 분기 실제 점포당 제과매출환경,20253~20262,0,NO_QUALIFIED_FORECAST_MODEL
3110078,이촌동점보아파트,A,골목상권,4,0,4,0.0,0.0,2.0,0,,,4.0,0.0,4.0,0.0,0.0,1.0,0.0,,,,,0,최근 4개 분기 실제 점포당 제과매출환경,20253~20262,0,NO_QUALIFIED_FORECAST_MODEL
3110079,후암동주민센터,A,골목상권,4,0,4,0.0,0.0,4.5,0,,,4.0,0.0,4.0,0.0,0.0,5.0,0.0,,,,,0,최근 4개 분기 실제 점포당 제과매출환경,20253~20262,0,NO_QUALIFIED_FORECAST_MODEL
3110080,해방촌예술마을,A,골목상권,4,0,0,0.0,0.0,0.0,0,,,4.0,0.0,1.0,0.0,0.0,0.25,0.0,,,,,0,최근 4개 분기 실제 점포당 제과매출환경,20253~20262,0,NO_QUALIFIED_FORECAST_MODEL
3110084,경리단길북측,A,골목상권,4,3,4,44982970.0,2558.0,4.25,0,,,4.0,4.0,4.0,176962350.0,9045.0,6.25,1.0,28313976.0,19564.660033167496,,,0,최근 4개 분기 실제 점포당 제과매출환경,20253~20262,0,NO_QUALIFIED_FORECAST_MODEL
3110086,이태원역 북측,A,골목상권,4,0,4,0.0,0.0,1.0,0,,,,,,,,,,,,,,0,최근 4개 분기 실제 점포당 제과매출환경,20253~20262,0,NO_QUALIFIED_FORECAST_MODEL
3110087,이태원엔틱가구거리,A,골목상권,4,0,4,0.0,0.0,1.5,0,,,4.0,0.0,4.0,0.0,0.0,1.0,0.0,,,,,0,최근 4개 분기 실제 점포당 제과매출환경,20253~20262,0,NO_QUALIFIED_FORECAST_MODEL
3110091,리움미술관,A,골목상권,4,0,0,0.0,0.0,0.0,0,,,4.0,0.0,0.0,0.0,0.0,0.0,0.0,,,,,0,최근 4개 분기 실제 점포당 제과매출환경,20253~20262,0,NO_QUALIFIED_FORECAST_MODEL
3110093,우사단길,A,골목상권,4,0,4,0.0,0.0,2.0,0,,,4.0,0.0,4.0,0.0,0.0,2.0,0.0,,,,,0,최근 4개 분기 실제 점포당 제과매출환경,20253~20262,0,NO_QUALIFIED_FORECAST_MODEL
3110094,오산중학교,A,골목상권,4,0,4,0.0,0.0,3.0,0,,,4.0,0.0,4.0,0.0,0.0,3.0,0.0,,,,,0,최근 4개 분기 실제 점포당 제과매출환경,20253~20262,0,NO_QUALIFIED_FORECAST_MODEL
3110104,신금호역 4번,A,골목상권,4,0,4,0.0,0.0,1.0,0,,,4.0,0.0,4.0,0.0,0.0,1.0,0.0,,,,,0,최근 4개 분기 실제 점포당 제과매출환경,20253~20262,0,NO_QUALIFIED_FORECAST_MODEL
3110105,금동어린이공원,A,골목상권,4,0,4,0.0,0.0,1.5,0,,,4.0,0.0,4.0,0.0,0.0,2.0,0.0,,,,,0,최근 4개 분기 실제 점포당 제과매출환경,20253~20262,0,NO_QUALIFIED_FORECAST_MODEL
3110106,금북초등학교,A,골목상권,4,0,4,0.0,0.0,2.0,0,,,4.0,0.0,4.0,0.0,0.0,2.0,0.0,,,,,0,최근 4개 분기 실제 점포당 제과매출환경,20253~20262,0,NO_QUALIFIED_FORECAST_MODEL
3110109,금호삼성래미안아파트,A,골목상권,3,0,3,0.0,0.0,1.0,0,,,,,,,,,,,,,,0,최근 4개 분기 실제 점포당 제과매출환경,20253~20262,0,NO_QUALIFIED_FORECAST_MODEL
3110110,상왕십리역 6번,A,골목상권,4,0,4,0.0,0.0,2.0,0,,,4.0,0.0,4.0,0.0,0.0,2.0,0.0,,,,,0,최근 4개 분기 실제 점포당 제과매출환경,20253~20262,0,NO_QUALIFIED_FORECAST_MODEL
3110112,행당역 2번,A,골목상권,4,0,4,0.0,0.0,1.0,0,,,4.0,0.0,4.0,0.0,0.0,1.0,0.0,,,,,0,최근 4개 분기 실제 점포당 제과매출환경,20253~20262,0,NO_QUALIFIED_FORECAST_MODEL
3110113,응봉산,A,골목상권,4,0,0,0.0,0.0,0.0,0,,,4.0,0.0,0.0,0.0,0.0,0.0,0.0,,,,,0,최근 4개 분기 실제 점포당 제과매출환경,20253~20262,0,NO_QUALIFIED_FORECAST_MODEL
3110115,상왕십리역 3번,A,골목상권,4,3,4,12172528.0,1107.0,4.5,0,,,4.0,0.0,4.0,0.0,0.0,4.5,0.0,,,,,0,최근 4개 분기 실제 점포당 제과매출환경,20253~20262,0,NO_QUALIFIED_FORECAST_MODEL
3110118,왕십리역 9번,A,골목상권,4,0,4,0.0,0.0,1.25,0,,,4.0,0.0,4.0,0.0,0.0,2.0,0.0,,,,,0,최근 4개 분기 실제 점포당 제과매출환경,20253~20262,0,NO_QUALIFIED_FORECAST_MODEL
3110120,서울숲카페거리,A,골목상권,4,0,4,0.0,0.0,12.0,0,,,4.0,0.0,4.0,0.0,0.0,13.25,0.0,,,,,0,최근 4개 분기 실제 점포당 제과매출환경,20253~20262,0,NO_QUALIFIED_FORECAST_MODEL
3110121,한양대역 4번,A,골목상권,4,0,4,0.0,0.0,1.0,0,,,,,,,,,,,,,,0,최근 4개 분기 실제 점포당 제과매출환경,20253~20262,0,NO_QUALIFIED_FORECAST_MODEL
3110122,마장역 2번,A,골목상권,4,0,0,0.0,0.0,0.0,0,,,4.0,0.0,0.0,0.0,0.0,0.0,0.0,,,,,0,최근 4개 분기 실제 점포당 제과매출환경,20253~20262,0,NO_QUALIFIED_FORECAST_MODEL
3110123,마장역 3번,A,골목상권,4,0,4,0.0,0.0,1.0,0,,,4.0,0.0,4.0,0.0,0.0,1.0,0.0,,,,,0,최근 4개 분기 실제 점포당 제과매출환경,20253~20262,0,NO_QUALIFIED_FORECAST_MODEL
3110124,뚝섬역교차로,A,골목상권,4,0,4,0.0,0.0,5.0,0,,,4.0,0.0,4.0,0.0,0.0,4.5,0.0,,,,,0,최근 4개 분기 실제 점포당 제과매출환경,20253~20262,0,NO_QUALIFIED_FORECAST_MODEL
3110125,사근동살곶이상점가,A,골목상권,4,3,4,219440833.0,33500.0,2.0,0,,,4.0,0.0,4.0,0.0,0.0,2.0,0.0,,,,,0,최근 4개 분기 실제 점포당 제과매출환경,20253~20262,0,NO_QUALIFIED_FORECAST_MODEL
3110126,서울숲역 1번,A,골목상권,4,0,4,0.0,0.0,1.0,0,,,,,,,,,,,,,,0,최근 4개 분기 실제 점포당 제과매출환경,20253~20262,0,NO_QUALIFIED_FORECAST_MODEL
3110127,성수1가1동주민센터,A,골목상권,4,0,4,0.0,0.0,1.0,0,,,4.0,0.0,4.0,0.0,0.0,1.0,0.0,,,,,0,최근 4개 분기 실제 점포당 제과매출환경,20253~20262,0,NO_QUALIFIED_FORECAST_MODEL
3110129,성원어린이공원,A,골목상권,4,0,4,0.0,0.0,3.0,0,,,4.0,0.0,4.0,0.0,0.0,2.5,0.0,,,,,0,최근 4개 분기 실제 점포당 제과매출환경,20253~20262,0,NO_QUALIFIED_FORECAST_MODEL
3110132,성수2가3동주민센터,A,골목상권,4,3,4,2798963.0,60.0,3.75,0,,,4.0,0.0,4.0,0.0,0.0,3.0,0.0,,,,,0,최근 4개 분기 실제 점포당 제과매출환경,20253~20262,0,NO_QUALIFIED_FORECAST_MODEL
3110134,성수119안전센터,A,골목상권,4,0,4,0.0,0.0,5.5,0,,,4.0,0.0,4.0,0.0,0.0,4.25,0.0,,,,,0,최근 4개 분기 실제 점포당 제과매출환경,20253~20262,0,NO_QUALIFIED_FORECAST_MODEL
3110136,경수초등학교,A,골목상권,4,0,4,0.0,0.0,14.0,0,,,4.0,0.0,4.0,0.0,0.0,17.0,0.0,,,,,0,최근 4개 분기 실제 점포당 제과매출환경,20253~20262,0,NO_QUALIFIED_FORECAST_MODEL
3110137,성수초등학교,A,골목상권,4,0,4,0.0,0.0,5.5,0,,,4.0,0.0,4.0,0.0,0.0,6.0,0.0,,,,,0,최근 4개 분기 실제 점포당 제과매출환경,20253~20262,0,NO_QUALIFIED_FORECAST_MODEL
3110138,송정체육공원,A,골목상권,4,0,4,0.0,0.0,4.25,0,,,4.0,0.0,4.0,0.0,0.0,3.75,0.0,,,,,0,최근 4개 분기 실제 점포당 제과매출환경,20253~20262,0,NO_QUALIFIED_FORECAST_MODEL
3110139,자양4동주민센터,A,골목상권,4,0,4,0.0,0.0,1.0,0,,,4.0,0.0,4.0,0.0,0.0,1.0,0.0,,,,,0,최근 4개 분기 실제 점포당 제과매출환경,20253~20262,0,NO_QUALIFIED_FORECAST_MODEL
3110140,건대입구역 6번,A,골목상권,4,0,4,0.0,0.0,3.0,0,,,4.0,0.0,4.0,0.0,0.0,3.25,0.0,,,,,0,최근 4개 분기 실제 점포당 제과매출환경,20253~20262,0,NO_QUALIFIED_FORECAST_MODEL
3110141,건대입구역 1번,A,골목상권,4,0,4,0.0,0.0,3.0,0,,,4.0,0.0,4.0,0.0,0.0,3.0,0.0,,,,,0,최근 4개 분기 실제 점포당 제과매출환경,20253~20262,0,NO_QUALIFIED_FORECAST_MODEL
3110142,화양사거리,A,골목상권,4,0,4,0.0,0.0,1.0,0,,,4.0,0.0,4.0,0.0,0.0,1.5,0.0,,,,,0,최근 4개 분기 실제 점포당 제과매출환경,20253~20262,0,NO_QUALIFIED_FORECAST_MODEL
3110144,어린이대공원역 4번,A,골목상권,4,0,4,0.0,0.0,3.0,0,,,4.0,0.0,4.0,0.0,0.0,2.25,0.0,,,,,0,최근 4개 분기 실제 점포당 제과매출환경,20253~20262,0,NO_QUALIFIED_FORECAST_MODEL
3110145,장안초등학교,A,골목상권,4,0,4,0.0,0.0,4.0,0,,,4.0,0.0,4.0,0.0,0.0,4.5,0.0,,,,,0,최근 4개 분기 실제 점포당 제과매출환경,20253~20262,0,NO_QUALIFIED_FORECAST_MODEL
3110146,신자초등학교,A,골목상권,4,0,4,0.0,0.0,1.25,0,,,4.0,0.0,4.0,0.0,0.0,2.5,0.0,,,,,0,최근 4개 분기 실제 점포당 제과매출환경,20253~20262,0,NO_QUALIFIED_FORECAST_MODEL
3110147,능동우편취급국,A,골목상권,4,0,4,0.0,0.0,1.0,0,,,4.0,0.0,4.0,0.0,0.0,1.5,0.0,,,,,0,최근 4개 분기 실제 점포당 제과매출환경,20253~20262,0,NO_QUALIFIED_FORECAST_MODEL
3110149,세종대학교,A,골목상권,1,0,1,0.0,0.0,1.0,0,,,,,,,,,,,,,,0,최근 4개 분기 실제 점포당 제과매출환경,20253~20262,0,NO_QUALIFIED_FORECAST_MODEL
3110150,중곡1동 마을마당,A,골목상권,4,0,4,0.0,0.0,2.0,0,,,4.0,0.0,4.0,0.0,0.0,2.0,0.0,,,,,0,최근 4개 분기 실제 점포당 제과매출환경,20253~20262,0,NO_QUALIFIED_FORECAST_MODEL
3110151,자양한강도서관,A,골목상권,4,0,0,0.0,0.0,0.0,0,,,4.0,0.0,0.0,0.0,0.0,0.0,0.0,,,,,0,최근 4개 분기 실제 점포당 제과매출환경,20253~20262,0,NO_QUALIFIED_FORECAST_MODEL
3110153,중곡1동주민센터,A,골목상권,4,0,4,0.0,0.0,2.25,0,,,4.0,0.0,4.0,0.0,0.0,1.5,0.0,,,,,0,최근 4개 분기 실제 점포당 제과매출환경,20253~20262,0,NO_QUALIFIED_FORECAST_MODEL
3110154,광진정말공원,A,골목상권,4,0,4,0.0,0.0,2.0,0,,,4.0,0.0,4.0,0.0,0.0,2.0,0.0,,,,,0,최근 4개 분기 실제 점포당 제과매출환경,20253~20262,0,NO_QUALIFIED_FORECAST_MODEL
3110155,광진구청,A,골목상권,4,0,4,0.0,0.0,1.0,0,,,2.0,0.0,2.0,0.0,0.0,1.0,0.0,,,,,0,최근 4개 분기 실제 점포당 제과매출환경,20253~20262,0,NO_QUALIFIED_FORECAST_MODEL
3110156,군자역 5번,A,골목상권,4,0,4,0.0,0.0,2.0,0,,,4.0,0.0,4.0,0.0,0.0,3.0,0.0,,,,,0,최근 4개 분기 실제 점포당 제과매출환경,20253~20262,0,NO_QUALIFIED_FORECAST_MODEL
3110158,중곡3동주민센터,A,골목상권,4,0,4,0.0,0.0,2.0,0,,,4.0,4.0,4.0,12997405.0,1054.0,3.0,1.0,4332468.333333333,12331.503795066414,,,0,최근 4개 분기 실제 점포당 제과매출환경,20253~20262,0,NO_QUALIFIED_FORECAST_MODEL
3110159,구의역 4번,A,골목상권,4,0,4,0.0,0.0,3.5,0,,,4.0,4.0,4.0,37740459.0,7153.0,4.25,1.0,8880108.0,5276.172095624213,,,0,최근 4개 분기 실제 점포당 제과매출환경,20253~20262,0,NO_QUALIFIED_FORECAST_MODEL
3110160,광진경찰서,A,골목상권,4,0,4,0.0,0.0,1.0,0,,,4.0,0.0,4.0,0.0,0.0,1.0,0.0,,,,,0,최근 4개 분기 실제 점포당 제과매출환경,20253~20262,0,NO_QUALIFIED_FORECAST_MODEL
3110163,성자초등학교,A,골목상권,4,0,4,0.0,0.0,2.25,0,,,4.0,0.0,4.0,0.0,0.0,3.0,0.0,,,,,0,최근 4개 분기 실제 점포당 제과매출환경,20253~20262,0,NO_QUALIFIED_FORECAST_MODEL
3110164,아차산역 5번,A,골목상권,4,0,4,0.0,0.0,1.0,0,,,4.0,0.0,4.0,0.0,0.0,1.0,0.0,,,,,0,최근 4개 분기 실제 점포당 제과매출환경,20253~20262,0,NO_QUALIFIED_FORECAST_MODEL
3110168,대원고등학교,A,골목상권,4,0,4,0.0,0.0,1.0,0,,,4.0,0.0,4.0,0.0,0.0,1.0,0.0,,,,,0,최근 4개 분기 실제 점포당 제과매출환경,20253~20262,0,NO_QUALIFIED_FORECAST_MODEL
3110169,성동초등학교,A,골목상권,4,3,4,24311437.0,3319.0,2.75,0,,,4.0,0.0,4.0,0.0,0.0,2.0,0.0,,,,,0,최근 4개 분기 실제 점포당 제과매출환경,20253~20262,0,NO_QUALIFIED_FORECAST_MODEL
3110170,동대부여고,A,골목상권,4,0,4,0.0,0.0,4.25,0,,,4.0,0.0,4.0,0.0,0.0,4.0,0.0,,,,,0,최근 4개 분기 실제 점포당 제과매출환경,20253~20262,0,NO_QUALIFIED_FORECAST_MODEL
3110172,광진초등학교,A,골목상권,4,0,4,0.0,0.0,2.0,0,,,4.0,0.0,4.0,0.0,0.0,2.0,0.0,,,,,0,최근 4개 분기 실제 점포당 제과매출환경,20253~20262,0,NO_QUALIFIED_FORECAST_MODEL
3110175,푸른동산공원,A,골목상권,4,0,4,0.0,0.0,2.0,0,,,4.0,0.0,4.0,0.0,0.0,2.0,0.0,,,,,0,최근 4개 분기 실제 점포당 제과매출환경,20253~20262,0,NO_QUALIFIED_FORECAST_MODEL
3110176,해오름공원,A,골목상권,4,0,4,0.0,0.0,2.25,0,,,4.0,0.0,4.0,0.0,0.0,4.25,0.0,,,,,0,최근 4개 분기 실제 점포당 제과매출환경,20253~20262,0,NO_QUALIFIED_FORECAST_MODEL
3110178,장로회신학대학교,A,골목상권,4,0,4,0.0,0.0,1.0,0,,,4.0,0.0,2.0,0.0,0.0,0.5,0.0,,,,,0,최근 4개 분기 실제 점포당 제과매출환경,20253~20262,0,NO_QUALIFIED_FORECAST_MODEL
3110179,광나루역 1번,A,골목상권,4,3,4,79333781.0,13953.0,1.0,0,,,4.0,0.0,4.0,0.0,0.0,1.0,0.0,,,,,0,최근 4개 분기 실제 점포당 제과매출환경,20253~20262,0,NO_QUALIFIED_FORECAST_MODEL
3110182,용두희망어린이공원,A,골목상권,4,0,4,0.0,0.0,2.0,0,,,4.0,0.0,4.0,0.0,0.0,2.0,0.0,,,,,0,최근 4개 분기 실제 점포당 제과매출환경,20253~20262,0,NO_QUALIFIED_FORECAST_MODEL
3110183,한국의류시험연구원,A,골목상권,4,0,4,0.0,0.0,1.0,0,,,4.0,0.0,4.0,0.0,0.0,1.0,0.0,,,,,0,최근 4개 분기 실제 점포당 제과매출환경,20253~20262,0,NO_QUALIFIED_FORECAST_MODEL
3110187,제기동역 6번,A,골목상권,4,0,0,0.0,0.0,0.0,0,,,4.0,0.0,2.0,0.0,0.0,0.5,0.0,,,,,0,최근 4개 분기 실제 점포당 제과매출환경,20253~20262,0,NO_QUALIFIED_FORECAST_MODEL
3110188,용두동신동아아파트,A,골목상권,4,0,0,0.0,0.0,0.0,0,,,4.0,0.0,0.0,0.0,0.0,0.0,0.0,,,,,0,최근 4개 분기 실제 점포당 제과매출환경,20253~20262,0,NO_QUALIFIED_FORECAST_MODEL
3110189,제기동역 1번,A,골목상권,4,0,4,0.0,0.0,1.0,0,,,3.0,0.0,3.0,0.0,0.0,1.0,0.0,,,,,0,최근 4개 분기 실제 점포당 제과매출환경,20253~20262,0,NO_QUALIFIED_FORECAST_MODEL
3110190,고대앞사거리,A,골목상권,4,0,4,0.0,0.0,1.0,0,,,4.0,0.0,4.0,0.0,0.0,1.0,0.0,,,,,0,최근 4개 분기 실제 점포당 제과매출환경,20253~20262,0,NO_QUALIFIED_FORECAST_MODEL
3110191,고려대역 6번,A,골목상권,4,0,4,0.0,0.0,1.0,0,,,4.0,0.0,4.0,0.0,0.0,1.0,0.0,,,,,0,최근 4개 분기 실제 점포당 제과매출환경,20253~20262,0,NO_QUALIFIED_FORECAST_MODEL
3110193,고려대역 4번,A,골목상권,4,0,4,0.0,0.0,1.0,0,,,4.0,0.0,4.0,0.0,0.0,1.0,0.0,,,,,0,최근 4개 분기 실제 점포당 제과매출환경,20253~20262,0,NO_QUALIFIED_FORECAST_MODEL
3110199,홍릉시장,A,골목상권,4,0,4,0.0,0.0,1.25,0,,,4.0,0.0,4.0,0.0,0.0,2.0,0.0,,,,,0,최근 4개 분기 실제 점포당 제과매출환경,20253~20262,0,NO_QUALIFIED_FORECAST_MODEL
3110202,전농1동주민센터(전농시장),A,골목상권,4,0,4,0.0,0.0,1.0,0,,,4.0,0.0,4.0,0.0,0.0,1.0,0.0,,,,,0,최근 4개 분기 실제 점포당 제과매출환경,20253~20262,0,NO_QUALIFIED_FORECAST_MODEL
3110203,떡전교사거리,A,골목상권,4,0,4,0.0,0.0,1.0,0,,,4.0,0.0,4.0,0.0,0.0,1.0,0.0,,,,,0,최근 4개 분기 실제 점포당 제과매출환경,20253~20262,0,NO_QUALIFIED_FORECAST_MODEL
3110204,간데메공원,A,골목상권,4,0,4,0.0,0.0,2.25,0,,,4.0,0.0,4.0,0.0,0.0,3.0,0.0,,,,,0,최근 4개 분기 실제 점포당 제과매출환경,20253~20262,0,NO_QUALIFIED_FORECAST_MODEL
3110206,텃골근린공원,A,골목상권,4,0,4,0.0,0.0,3.75,0,,,4.0,0.0,4.0,0.0,0.0,3.0,0.0,,,,,0,최근 4개 분기 실제 점포당 제과매출환경,20253~20262,0,NO_QUALIFIED_FORECAST_MODEL
3110210,서울시립대,A,골목상권,4,0,4,0.0,0.0,2.0,0,,,4.0,0.0,4.0,0.0,0.0,2.0,0.0,,,,,0,최근 4개 분기 실제 점포당 제과매출환경,20253~20262,0,NO_QUALIFIED_FORECAST_MODEL
3110212,답십리초등학교,A,골목상권,4,0,4,0.0,0.0,2.0,0,,,4.0,0.0,4.0,0.0,0.0,2.0,0.0,,,,,0,최근 4개 분기 실제 점포당 제과매출환경,20253~20262,0,NO_QUALIFIED_FORECAST_MODEL
3110216,전농중학교,A,골목상권,4,0,0,0.0,0.0,0.0,0,,,4.0,0.0,0.0,0.0,0.0,0.0,0.0,,,,,0,최근 4개 분기 실제 점포당 제과매출환경,20253~20262,0,NO_QUALIFIED_FORECAST_MODEL
3110219,삼육보건대학교,A,골목상권,4,0,4,0.0,0.0,1.0,0,,,4.0,0.0,4.0,0.0,0.0,1.0,0.0,,,,,0,최근 4개 분기 실제 점포당 제과매출환경,20253~20262,0,NO_QUALIFIED_FORECAST_MODEL
3110220,외대앞역 1번,A,골목상권,4,0,4,0.0,0.0,3.25,0,,,4.0,0.0,4.0,0.0,0.0,4.75,0.0,,,,,0,최근 4개 분기 실제 점포당 제과매출환경,20253~20262,0,NO_QUALIFIED_FORECAST_MODEL
3110224,외대앞역 2번,A,골목상권,4,2,4,59705155.0,8075.0,1.75,0,,,4.0,3.0,4.0,97754268.0,12458.0,1.75,0.0,,,,,0,최근 4개 분기 실제 점포당 제과매출환경,20253~20262,0,NO_QUALIFIED_FORECAST_MODEL
3110227,답십리공원,A,골목상권,4,0,4,0.0,0.0,1.0,0,,,4.0,0.0,4.0,0.0,0.0,1.0,0.0,,,,,0,최근 4개 분기 실제 점포당 제과매출환경,20253~20262,0,NO_QUALIFIED_FORECAST_MODEL
3110228,장안근린공원,A,골목상권,4,0,4,0.0,0.0,2.0,0,,,4.0,0.0,4.0,0.0,0.0,2.75,0.0,,,,,0,최근 4개 분기 실제 점포당 제과매출환경,20253~20262,0,NO_QUALIFIED_FORECAST_MODEL
3110229,장평중학교,A,골목상권,4,1,4,180420535.0,16879.0,3.25,0,,,4.0,0.0,4.0,0.0,0.0,3.0,0.0,,,,,0,최근 4개 분기 실제 점포당 제과매출환경,20253~20262,0,NO_QUALIFIED_FORECAST_MODEL
3110234,중랑역 4번,A,골목상권,4,0,4,0.0,0.0,1.0,0,,,4.0,0.0,4.0,0.0,0.0,1.0,0.0,,,,,0,최근 4개 분기 실제 점포당 제과매출환경,20253~20262,0,NO_QUALIFIED_FORECAST_MODEL
3110236,신묵초등학교,A,골목상권,4,0,4,0.0,0.0,2.25,0,,,4.0,0.0,4.0,0.0,0.0,3.0,0.0,,,,,0,최근 4개 분기 실제 점포당 제과매출환경,20253~20262,0,NO_QUALIFIED_FORECAST_MODEL
3110240,태릉시장 특화거리,A,골목상권,4,0,4,0.0,0.0,1.0,0,,,4.0,0.0,4.0,0.0,0.0,1.0,0.0,,,,,0,최근 4개 분기 실제 점포당 제과매출환경,20253~20262,0,NO_QUALIFIED_FORECAST_MODEL
3110244,중화역 4번,A,골목상권,4,0,4,0.0,0.0,2.0,0,,,4.0,2.0,4.0,126635137.0,15556.0,2.0,0.0,,,,,0,최근 4개 분기 실제 점포당 제과매출환경,20253~20262,0,NO_QUALIFIED_FORECAST_MODEL
3110248,먹골파출소,A,골목상권,4,0,4,0.0,0.0,1.0,0,,,4.0,0.0,4.0,0.0,0.0,1.0,0.0,,,,,0,최근 4개 분기 실제 점포당 제과매출환경,20253~20262,0,NO_QUALIFIED_FORECAST_MODEL
3110249,중화역 1번,A,골목상권,4,0,4,0.0,0.0,3.0,0,,,4.0,0.0,4.0,0.0,0.0,3.0,0.0,,,,,0,최근 4개 분기 실제 점포당 제과매출환경,20253~20262,0,NO_QUALIFIED_FORECAST_MODEL
3110251,장안중학교,A,골목상권,4,0,4,0.0,0.0,1.25,0,,,4.0,0.0,4.0,0.0,0.0,1.0,0.0,,,,,0,최근 4개 분기 실제 점포당 제과매출환경,20253~20262,0,NO_QUALIFIED_FORECAST_MODEL
3110252,장안제일시장,A,골목상권,4,0,4,0.0,0.0,2.0,0,,,4.0,0.0,4.0,0.0,0.0,1.75,0.0,,,,,0,최근 4개 분기 실제 점포당 제과매출환경,20253~20262,0,NO_QUALIFIED_FORECAST_MODEL
3110253,중곡초등학교,A,골목상권,4,0,4,0.0,0.0,1.0,0,,,4.0,0.0,1.0,0.0,0.0,0.25,0.0,,,,,0,최근 4개 분기 실제 점포당 제과매출환경,20253~20262,0,NO_QUALIFIED_FORECAST_MODEL
3110254,오거리공원,A,골목상권,4,0,4,0.0,0.0,3.0,0,,,4.0,0.0,4.0,0.0,0.0,3.0,0.0,,,,,0,최근 4개 분기 실제 점포당 제과매출환경,20253~20262,0,NO_QUALIFIED_FORECAST_MODEL
3110255,상봉역 4번,A,골목상권,1,0,1,0.0,0.0,1.0,0,,,,,,,,,,,,,,0,최근 4개 분기 실제 점포당 제과매출환경,20253~20262,0,NO_QUALIFIED_FORECAST_MODEL
3110256,면목2동체육관,A,골목상권,4,0,4,0.0,0.0,1.0,0,,,4.0,0.0,4.0,0.0,0.0,1.0,0.0,,,,,0,최근 4개 분기 실제 점포당 제과매출환경,20253~20262,0,NO_QUALIFIED_FORECAST_MODEL
3110257,상봉역 7번,A,골목상권,4,0,4,0.0,0.0,3.0,0,,,4.0,0.0,4.0,0.0,0.0,2.25,0.0,,,,,0,최근 4개 분기 실제 점포당 제과매출환경,20253~20262,0,NO_QUALIFIED_FORECAST_MODEL
3110258,면동초등학교,A,골목상권,4,0,4,0.0,0.0,1.0,0,,,4.0,0.0,4.0,0.0,0.0,1.0,0.0,,,,,0,최근 4개 분기 실제 점포당 제과매출환경,20253~20262,0,NO_QUALIFIED_FORECAST_MODEL
3110259,사가정역 1번,A,골목상권,4,0,4,0.0,0.0,3.0,0,,,4.0,0.0,4.0,0.0,0.0,3.25,0.0,,,,,0,최근 4개 분기 실제 점포당 제과매출환경,20253~20262,0,NO_QUALIFIED_FORECAST_MODEL
3110260,면목역 3번,A,골목상권,4,0,4,0.0,0.0,1.0,0,,,4.0,0.0,4.0,0.0,0.0,1.0,0.0,,,,,0,최근 4개 분기 실제 점포당 제과매출환경,20253~20262,0,NO_QUALIFIED_FORECAST_MODEL
3110261,사가정역 4번,A,골목상권,4,0,4,0.0,0.0,2.0,0,,,4.0,0.0,4.0,0.0,0.0,2.75,0.0,,,,,0,최근 4개 분기 실제 점포당 제과매출환경,20253~20262,0,NO_QUALIFIED_FORECAST_MODEL
3110262,상봉역 3번,A,골목상권,4,0,4,0.0,0.0,3.0,0,,,4.0,0.0,4.0,0.0,0.0,2.5,0.0,,,,,0,최근 4개 분기 실제 점포당 제과매출환경,20253~20262,0,NO_QUALIFIED_FORECAST_MODEL
3110263,면목역 1번,A,골목상권,4,0,4,0.0,0.0,2.0,0,,,4.0,0.0,4.0,0.0,0.0,2.75,0.0,,,,,0,최근 4개 분기 실제 점포당 제과매출환경,20253~20262,0,NO_QUALIFIED_FORECAST_MODEL
3110264,면목역 2번,A,골목상권,4,0,4,0.0,0.0,4.25,0,,,4.0,0.0,4.0,0.0,0.0,3.75,0.0,,,,,0,최근 4개 분기 실제 점포당 제과매출환경,20253~20262,0,NO_QUALIFIED_FORECAST_MODEL
3110265,망우역 1번,A,골목상권,4,0,4,0.0,0.0,1.0,0,,,4.0,0.0,4.0,0.0,0.0,2.0,0.0,,,,,0,최근 4개 분기 실제 점포당 제과매출환경,20253~20262,0,NO_QUALIFIED_FORECAST_MODEL
3110266,면목동우체국,A,골목상권,4,0,4,0.0,0.0,2.0,0,,,4.0,0.0,4.0,0.0,0.0,2.5,0.0,,,,,0,최근 4개 분기 실제 점포당 제과매출환경,20253~20262,0,NO_QUALIFIED_FORECAST_MODEL
3110267,망우역 2번,A,골목상권,4,0,4,0.0,0.0,1.0,0,,,4.0,0.0,4.0,0.0,0.0,1.0,0.0,,,,,0,최근 4개 분기 실제 점포당 제과매출환경,20253~20262,0,NO_QUALIFIED_FORECAST_MODEL
3110268,망우3동주민센터,A,골목상권,4,0,4,0.0,0.0,1.0,0,,,4.0,0.0,4.0,0.0,0.0,1.0,0.0,,,,,0,최근 4개 분기 실제 점포당 제과매출환경,20253~20262,0,NO_QUALIFIED_FORECAST_MODEL
3110273,장스여성병원,A,골목상권,4,3,4,98486941.0,7685.0,1.0,0,,,4.0,4.0,4.0,176940132.0,12241.0,1.0,1.0,176940132.0,14454.712196715955,,,0,최근 4개 분기 실제 점포당 제과매출환경,20253~20262,0,NO_QUALIFIED_FORECAST_MODEL
3110275,하나은행 망우동지점,A,골목상권,4,0,4,0.0,0.0,1.0,0,,,4.0,0.0,4.0,0.0,0.0,1.0,0.0,,,,,0,최근 4개 분기 실제 점포당 제과매출환경,20253~20262,0,NO_QUALIFIED_FORECAST_MODEL
3110277,러스크서울병원,A,골목상권,4,0,4,0.0,0.0,4.75,0,,,4.0,0.0,4.0,0.0,0.0,6.0,0.0,,,,,0,최근 4개 분기 실제 점포당 제과매출환경,20253~20262,0,NO_QUALIFIED_FORECAST_MODEL
3110279,신내역 2번,A,골목상권,4,0,4,0.0,0.0,1.0,0,,,2.0,0.0,2.0,0.0,0.0,1.0,0.0,,,,,0,최근 4개 분기 실제 점포당 제과매출환경,20253~20262,0,NO_QUALIFIED_FORECAST_MODEL
3110280,북정마을,A,골목상권,4,0,4,0.0,0.0,1.0,0,,,4.0,0.0,4.0,0.0,0.0,1.0,0.0,,,,,0,최근 4개 분기 실제 점포당 제과매출환경,20253~20262,0,NO_QUALIFIED_FORECAST_MODEL
3110281,길상사,A,골목상권,4,0,4,0.0,0.0,1.0,0,,,4.0,0.0,4.0,0.0,0.0,1.0,0.0,,,,,0,최근 4개 분기 실제 점포당 제과매출환경,20253~20262,0,NO_QUALIFIED_FORECAST_MODEL
3110282,국민대학교앞,A,골목상권,4,0,0,0.0,0.0,0.0,0,,,4.0,0.0,0.0,0.0,0.0,0.0,0.0,,,,,0,최근 4개 분기 실제 점포당 제과매출환경,20253~20262,0,NO_QUALIFIED_FORECAST_MODEL
3110284,정릉북한산국립공원입구,A,골목상권,4,0,0,0.0,0.0,0.0,0,,,4.0,0.0,0.0,0.0,0.0,0.0,0.0,,,,,0,최근 4개 분기 실제 점포당 제과매출환경,20253~20262,0,NO_QUALIFIED_FORECAST_MODEL
3110286,한성대입구역 5번,A,골목상권,4,0,4,0.0,0.0,4.0,0,,,4.0,0.0,4.0,0.0,0.0,4.0,0.0,,,,,0,최근 4개 분기 실제 점포당 제과매출환경,20253~20262,0,NO_QUALIFIED_FORECAST_MODEL
3110288,동구여중,A,골목상권,4,0,4,0.0,0.0,4.0,0,,,4.0,0.0,4.0,0.0,0.0,3.0,0.0,,,,,0,최근 4개 분기 실제 점포당 제과매출환경,20253~20262,0,NO_QUALIFIED_FORECAST_MODEL
3110289,북한산보국문역 2번,A,골목상권,4,0,4,0.0,0.0,1.5,0,,,4.0,0.0,4.0,0.0,0.0,2.5,0.0,,,,,0,최근 4개 분기 실제 점포당 제과매출환경,20253~20262,0,NO_QUALIFIED_FORECAST_MODEL
3110290,북한산보국문역 1번,A,골목상권,4,0,4,0.0,0.0,1.0,0,,,4.0,0.0,4.0,0.0,0.0,1.0,0.0,,,,,0,최근 4개 분기 실제 점포당 제과매출환경,20253~20262,0,NO_QUALIFIED_FORECAST_MODEL
3110295,정릉우체국,A,골목상권,4,0,4,0.0,0.0,2.0,0,,,4.0,0.0,4.0,0.0,0.0,2.0,0.0,,,,,0,최근 4개 분기 실제 점포당 제과매출환경,20253~20262,0,NO_QUALIFIED_FORECAST_MODEL
3110296,성신여대입구역 4번,A,골목상권,4,0,4,0.0,0.0,2.25,0,,,4.0,0.0,4.0,0.0,0.0,2.0,0.0,,,,,0,최근 4개 분기 실제 점포당 제과매출환경,20253~20262,0,NO_QUALIFIED_FORECAST_MODEL
3110297,경동고등학교,A,골목상권,4,0,4,0.0,0.0,3.0,0,,,4.0,0.0,4.0,0.0,0.0,3.75,0.0,,,,,0,최근 4개 분기 실제 점포당 제과매출환경,20253~20262,0,NO_QUALIFIED_FORECAST_MODEL
3110299,정릉역 1번,A,골목상권,4,0,4,0.0,0.0,2.0,0,,,4.0,0.0,4.0,0.0,0.0,2.0,0.0,,,,,0,최근 4개 분기 실제 점포당 제과매출환경,20253~20262,0,NO_QUALIFIED_FORECAST_MODEL
3110300,삼선동주민센터,A,골목상권,4,0,4,0.0,0.0,4.0,0,,,4.0,0.0,4.0,0.0,0.0,4.0,0.0,,,,,0,최근 4개 분기 실제 점포당 제과매출환경,20253~20262,0,NO_QUALIFIED_FORECAST_MODEL
3110301,성신여대입구역 7번,A,골목상권,4,0,4,0.0,0.0,3.0,0,,,4.0,0.0,4.0,0.0,0.0,3.75,0.0,,,,,0,최근 4개 분기 실제 점포당 제과매출환경,20253~20262,0,NO_QUALIFIED_FORECAST_MODEL
3110303,성신여대입구역 1번,A,골목상권,4,3,4,12195795.0,596.0,3.0,0,,,4.0,2.0,4.0,18071037.0,2055.0,3.0,0.0,,,,,0,최근 4개 분기 실제 점포당 제과매출환경,20253~20262,0,NO_QUALIFIED_FORECAST_MODEL
3110304,보문역 4번,A,골목상권,4,3,4,1501483.0,36.0,5.0,0,,,4.0,1.0,4.0,34650.0,12.0,4.75,0.0,,,,,0,최근 4개 분기 실제 점포당 제과매출환경,20253~20262,0,NO_QUALIFIED_FORECAST_MODEL
3110307,길음역 7번,A,골목상권,4,0,4,0.0,0.0,4.0,0,,,4.0,0.0,4.0,0.0,0.0,2.5,0.0,,,,,0,최근 4개 분기 실제 점포당 제과매출환경,20253~20262,0,NO_QUALIFIED_FORECAST_MODEL
3110309,대광초등학교,A,골목상권,4,0,4,0.0,0.0,1.75,0,,,2.0,0.0,2.0,0.0,0.0,1.0,0.0,,,,,0,최근 4개 분기 실제 점포당 제과매출환경,20253~20262,0,NO_QUALIFIED_FORECAST_MODEL
3110312,안암역 2번,A,골목상권,4,0,4,0.0,0.0,2.0,0,,,4.0,0.0,4.0,0.0,0.0,1.75,0.0,,,,,0,최근 4개 분기 실제 점포당 제과매출환경,20253~20262,0,NO_QUALIFIED_FORECAST_MODEL
3110313,안암역 3번,A,골목상권,4,0,4,0.0,0.0,1.5,0,,,4.0,0.0,4.0,0.0,0.0,2.0,0.0,,,,,0,최근 4개 분기 실제 점포당 제과매출환경,20253~20262,0,NO_QUALIFIED_FORECAST_MODEL
3110314,종암경찰서,A,골목상권,4,3,4,692308623.0,57744.0,2.25,0,,,4.0,4.0,4.0,922124308.0,80542.0,3.0,1.0,307374769.3333333,11448.986963323483,,,0,최근 4개 분기 실제 점포당 제과매출환경,20253~20262,0,NO_QUALIFIED_FORECAST_MODEL
3110316,숭곡초등학교,A,골목상권,4,1,4,259402103.0,24377.0,1.0,0,,,4.0,0.0,4.0,0.0,0.0,1.0,0.0,,,,,0,최근 4개 분기 실제 점포당 제과매출환경,20253~20262,0,NO_QUALIFIED_FORECAST_MODEL
3110317,종암중학교,A,골목상권,4,0,0,0.0,0.0,0.0,0,,,4.0,0.0,0.0,0.0,0.0,0.0,0.0,,,,,0,최근 4개 분기 실제 점포당 제과매출환경,20253~20262,0,NO_QUALIFIED_FORECAST_MODEL
3110318,KT월곡지사,A,골목상권,4,0,4,0.0,0.0,2.25,0,,,4.0,0.0,4.0,0.0,0.0,2.0,0.0,,,,,0,최근 4개 분기 실제 점포당 제과매출환경,20253~20262,0,NO_QUALIFIED_FORECAST_MODEL
3110320,KB국민은행 종암동지점,A,골목상권,2,0,2,0.0,0.0,1.0,0,,,,,,,,,,,,,,0,최근 4개 분기 실제 점포당 제과매출환경,20253~20262,0,NO_QUALIFIED_FORECAST_MODEL
3110322,장위1동주민센터,A,골목상권,4,0,3,0.0,0.0,0.75,0,,,4.0,0.0,0.0,0.0,0.0,0.0,0.0,,,,,0,최근 4개 분기 실제 점포당 제과매출환경,20253~20262,0,NO_QUALIFIED_FORECAST_MODEL
3110323,상월곡역 1번,A,골목상권,4,3,4,5787519.0,686.0,6.0,0,,,4.0,4.0,4.0,37614355.0,3412.0,6.0,1.0,6269059.166666667,11024.136869871043,,,0,최근 4개 분기 실제 점포당 제과매출환경,20253~20262,0,NO_QUALIFIED_FORECAST_MODEL
3110325,장곡초등학교,A,골목상권,4,0,4,0.0,0.0,3.0,0,,,4.0,0.0,4.0,0.0,0.0,2.0,0.0,,,,,0,최근 4개 분기 실제 점포당 제과매출환경,20253~20262,0,NO_QUALIFIED_FORECAST_MODEL
3110328,상월곡역 3번,A,골목상권,4,0,0,0.0,0.0,0.0,0,,,4.0,0.0,0.0,0.0,0.0,0.0,0.0,,,,,0,최근 4개 분기 실제 점포당 제과매출환경,20253~20262,0,NO_QUALIFIED_FORECAST_MODEL
3110330,돌곶이역 1번,A,골목상권,4,0,4,0.0,0.0,1.25,0,,,4.0,0.0,4.0,0.0,0.0,1.0,0.0,,,,,0,최근 4개 분기 실제 점포당 제과매출환경,20253~20262,0,NO_QUALIFIED_FORECAST_MODEL
3110331,돌곶이역 8번,A,골목상권,4,0,4,0.0,0.0,1.0,0,,,4.0,0.0,4.0,0.0,0.0,1.0,0.0,,,,,0,최근 4개 분기 실제 점포당 제과매출환경,20253~20262,0,NO_QUALIFIED_FORECAST_MODEL
3110333,돌곶이역 5번,A,골목상권,4,0,4,0.0,0.0,1.0,0,,,4.0,0.0,4.0,0.0,0.0,1.5,0.0,,,,,0,최근 4개 분기 실제 점포당 제과매출환경,20253~20262,0,NO_QUALIFIED_FORECAST_MODEL
3110336,석관고등학교,A,골목상권,2,0,2,0.0,0.0,1.0,0,,,,,,,,,,,,,,0,최근 4개 분기 실제 점포당 제과매출환경,20253~20262,0,NO_QUALIFIED_FORECAST_MODEL
3110337,아카데미하우스,A,골목상권,4,0,4,0.0,0.0,1.0,0,,,4.0,0.0,4.0,0.0,0.0,1.0,0.0,,,,,0,최근 4개 분기 실제 점포당 제과매출환경,20253~20262,0,NO_QUALIFIED_FORECAST_MODEL
3110340,인수중학교,A,골목상권,4,0,4,0.0,0.0,1.0,0,,,4.0,0.0,4.0,0.0,0.0,1.0,0.0,,,,,0,최근 4개 분기 실제 점포당 제과매출환경,20253~20262,0,NO_QUALIFIED_FORECAST_MODEL
3110341,북한산우이역 2번,A,골목상권,4,0,4,0.0,0.0,1.0,0,,,4.0,0.0,4.0,0.0,0.0,1.0,0.0,,,,,0,최근 4개 분기 실제 점포당 제과매출환경,20253~20262,0,NO_QUALIFIED_FORECAST_MODEL
3110345,솔밭공원역 2번,A,골목상권,4,0,0,0.0,0.0,0.0,0,,,4.0,0.0,0.0,0.0,0.0,0.0,0.0,,,,,0,최근 4개 분기 실제 점포당 제과매출환경,20253~20262,0,NO_QUALIFIED_FORECAST_MODEL
3110346,4.19민주묘지역 2번,A,골목상권,4,0,4,0.0,0.0,1.0,0,,,4.0,0.0,4.0,0.0,0.0,1.0,0.0,,,,,0,최근 4개 분기 실제 점포당 제과매출환경,20253~20262,0,NO_QUALIFIED_FORECAST_MODEL
3110348,강북문화예술회관,A,골목상권,4,0,4,0.0,0.0,1.0,0,,,4.0,0.0,4.0,0.0,0.0,1.0,0.0,,,,,0,최근 4개 분기 실제 점포당 제과매출환경,20253~20262,0,NO_QUALIFIED_FORECAST_MODEL
3110355,삼양사거리역 2번,A,골목상권,4,0,4,0.0,0.0,1.0,0,,,4.0,0.0,4.0,0.0,0.0,1.0,0.0,,,,,0,최근 4개 분기 실제 점포당 제과매출환경,20253~20262,0,NO_QUALIFIED_FORECAST_MODEL
3110357,가오리역 1번,A,골목상권,4,0,4,0.0,0.0,1.0,0,,,4.0,2.0,4.0,483860502.0,46059.0,1.5,0.0,,,,,0,최근 4개 분기 실제 점포당 제과매출환경,20253~20262,0,NO_QUALIFIED_FORECAST_MODEL
3110359,수유시장옆,A,골목상권,4,0,4,0.0,0.0,2.0,0,,,4.0,0.0,4.0,0.0,0.0,2.0,0.0,,,,,0,최근 4개 분기 실제 점포당 제과매출환경,20253~20262,0,NO_QUALIFIED_FORECAST_MODEL
3110361,삼양사거리역 1번,A,골목상권,4,0,4,0.0,0.0,2.25,0,,,4.0,0.0,4.0,0.0,0.0,2.0,0.0,,,,,0,최근 4개 분기 실제 점포당 제과매출환경,20253~20262,0,NO_QUALIFIED_FORECAST_MODEL
3110362,우이천 계성교,A,골목상권,4,0,4,0.0,0.0,1.0,0,,,4.0,0.0,4.0,0.0,0.0,2.75,0.0,,,,,0,최근 4개 분기 실제 점포당 제과매출환경,20253~20262,0,NO_QUALIFIED_FORECAST_MODEL
3110364,미아역 8번,A,골목상권,4,0,0,0.0,0.0,0.0,0,,,4.0,0.0,0.0,0.0,0.0,0.0,0.0,,,,,0,최근 4개 분기 실제 점포당 제과매출환경,20253~20262,0,NO_QUALIFIED_FORECAST_MODEL
3110365,미아역 5번,A,골목상권,4,0,4,0.0,0.0,2.0,0,,,3.0,0.0,3.0,0.0,0.0,1.0,0.0,,,,,0,최근 4개 분기 실제 점포당 제과매출환경,20253~20262,0,NO_QUALIFIED_FORECAST_MODEL
3110370,도봉세무서,A,골목상권,4,0,4,0.0,0.0,2.0,0,,,4.0,0.0,4.0,0.0,0.0,1.5,0.0,,,,,0,최근 4개 분기 실제 점포당 제과매출환경,20253~20262,0,NO_QUALIFIED_FORECAST_MODEL
3110371,삼양입구사거리,A,골목상권,4,0,4,0.0,0.0,1.0,0,,,1.0,0.0,0.0,0.0,0.0,0.0,0.0,,,,,0,최근 4개 분기 실제 점포당 제과매출환경,20253~20262,0,NO_QUALIFIED_FORECAST_MODEL
3110372,강북중학교,A,골목상권,4,0,4,0.0,0.0,1.0,0,,,4.0,0.0,4.0,0.0,0.0,1.0,0.0,,,,,0,최근 4개 분기 실제 점포당 제과매출환경,20253~20262,0,NO_QUALIFIED_FORECAST_MODEL
3110373,수유역 2번,A,골목상권,4,0,4,0.0,0.0,1.0,0,,,4.0,0.0,4.0,0.0,0.0,1.0,0.0,,,,,0,최근 4개 분기 실제 점포당 제과매출환경,20253~20262,0,NO_QUALIFIED_FORECAST_MODEL
3110375,서울북부고용노동지청,A,골목상권,4,0,4,0.0,0.0,1.0,0,,,4.0,0.0,4.0,0.0,0.0,1.0,0.0,,,,,0,최근 4개 분기 실제 점포당 제과매출환경,20253~20262,0,NO_QUALIFIED_FORECAST_MODEL
3110376,수송초등학교,A,골목상권,4,0,4,0.0,0.0,1.0,0,,,4.0,0.0,4.0,0.0,0.0,1.0,0.0,,,,,0,최근 4개 분기 실제 점포당 제과매출환경,20253~20262,0,NO_QUALIFIED_FORECAST_MODEL
3110381,번동주공2단지,A,골목상권,4,0,0,0.0,0.0,0.0,0,,,4.0,0.0,0.0,0.0,0.0,0.0,0.0,,,,,0,최근 4개 분기 실제 점포당 제과매출환경,20253~20262,0,NO_QUALIFIED_FORECAST_MODEL
3110382,솔밭공원역 1번,A,골목상권,4,0,4,0.0,0.0,1.0,0,,,4.0,0.0,4.0,0.0,0.0,1.0,0.0,,,,,0,최근 4개 분기 실제 점포당 제과매출환경,20253~20262,0,NO_QUALIFIED_FORECAST_MODEL
3110383,덕성여대시반거리,A,골목상권,4,0,4,0.0,0.0,2.5,0,,,4.0,0.0,4.0,0.0,0.0,2.0,0.0,,,,,0,최근 4개 분기 실제 점포당 제과매출환경,20253~20262,0,NO_QUALIFIED_FORECAST_MODEL
3110387,쌍문초등학교,A,골목상권,4,3,4,574902246.0,48905.0,1.75,0,,,4.0,2.0,4.0,368491498.0,33262.0,1.5,0.0,,,,,0,최근 4개 분기 실제 점포당 제과매출환경,20253~20262,0,NO_QUALIFIED_FORECAST_MODEL
3110389,한일병원,A,골목상권,4,0,4,0.0,0.0,1.0,0,,,4.0,0.0,4.0,0.0,0.0,1.0,0.0,,,,,0,최근 4개 분기 실제 점포당 제과매출환경,20253~20262,0,NO_QUALIFIED_FORECAST_MODEL
3110390,방학초등학교,A,골목상권,4,0,4,0.0,0.0,1.0,0,,,4.0,1.0,4.0,155743746.0,12460.0,1.0,0.0,,,,,0,최근 4개 분기 실제 점포당 제과매출환경,20253~20262,0,NO_QUALIFIED_FORECAST_MODEL
3110391,샘말어린이공원,A,골목상권,4,0,4,0.0,0.0,2.0,0,,,4.0,0.0,4.0,0.0,0.0,2.0,0.0,,,,,0,최근 4개 분기 실제 점포당 제과매출환경,20253~20262,0,NO_QUALIFIED_FORECAST_MODEL
3110393,국민은행방학지점,A,골목상권,4,0,4,0.0,0.0,2.0,0,,,4.0,0.0,4.0,0.0,0.0,2.0,0.0,,,,,0,최근 4개 분기 실제 점포당 제과매출환경,20253~20262,0,NO_QUALIFIED_FORECAST_MODEL
3110394,방학중학교,A,골목상권,4,0,4,0.0,0.0,1.0,0,,,4.0,0.0,4.0,0.0,0.0,1.0,0.0,,,,,0,최근 4개 분기 실제 점포당 제과매출환경,20253~20262,0,NO_QUALIFIED_FORECAST_MODEL
3110400,도봉구보건소,A,골목상권,4,0,4,0.0,0.0,2.75,0,,,4.0,0.0,4.0,0.0,0.0,2.25,0.0,,,,,0,최근 4개 분기 실제 점포당 제과매출환경,20253~20262,0,NO_QUALIFIED_FORECAST_MODEL
3110401,도봉구민회관,A,골목상권,4,0,0,0.0,0.0,0.0,0,,,4.0,0.0,0.0,0.0,0.0,0.0,0.0,,,,,0,최근 4개 분기 실제 점포당 제과매출환경,20253~20262,0,NO_QUALIFIED_FORECAST_MODEL
3110402,도봉구 정병원,A,골목상권,4,0,4,0.0,0.0,4.0,0,,,4.0,0.0,4.0,0.0,0.0,3.75,0.0,,,,,0,최근 4개 분기 실제 점포당 제과매출환경,20253~20262,0,NO_QUALIFIED_FORECAST_MODEL
3110406,도봉산역 1번,A,골목상권,4,0,4,0.0,0.0,1.0,0,,,4.0,0.0,4.0,0.0,0.0,1.0,0.0,,,,,0,최근 4개 분기 실제 점포당 제과매출환경,20253~20262,0,NO_QUALIFIED_FORECAST_MODEL
3110408,가인초등학교,A,골목상권,4,0,0,0.0,0.0,0.0,0,,,4.0,0.0,0.0,0.0,0.0,0.0,0.0,,,,,0,최근 4개 분기 실제 점포당 제과매출환경,20253~20262,0,NO_QUALIFIED_FORECAST_MODEL
3110413,누원고등학교,A,골목상권,4,2,2,53939840.0,4654.0,0.5,0,,,4.0,0.0,0.0,0.0,0.0,0.0,0.0,,,,,0,최근 4개 분기 실제 점포당 제과매출환경,20253~20262,0,NO_QUALIFIED_FORECAST_MODEL
3110416,노원초등학교,A,골목상권,4,0,3,0.0,0.0,0.75,0,,,4.0,0.0,0.0,0.0,0.0,0.0,0.0,,,,,0,최근 4개 분기 실제 점포당 제과매출환경,20253~20262,0,NO_QUALIFIED_FORECAST_MODEL
3110417,월계역 3번,A,골목상권,4,0,4,0.0,0.0,2.0,0,,,4.0,0.0,4.0,0.0,0.0,2.0,0.0,,,,,0,최근 4개 분기 실제 점포당 제과매출환경,20253~20262,0,NO_QUALIFIED_FORECAST_MODEL
3110420,광운대역 1번,A,골목상권,4,0,0,0.0,0.0,0.0,0,,,4.0,0.0,0.0,0.0,0.0,0.0,0.0,,,,,0,최근 4개 분기 실제 점포당 제과매출환경,20253~20262,0,NO_QUALIFIED_FORECAST_MODEL
3110421,석계역 1번,A,골목상권,4,0,4,0.0,0.0,2.0,0,,,4.0,0.0,4.0,0.0,0.0,2.0,0.0,,,,,0,최근 4개 분기 실제 점포당 제과매출환경,20253~20262,0,NO_QUALIFIED_FORECAST_MODEL
3110422,노원역 9번,A,골목상권,4,0,4,0.0,0.0,2.0,0,,,4.0,0.0,4.0,0.0,0.0,2.0,0.0,,,,,0,최근 4개 분기 실제 점포당 제과매출환경,20253~20262,0,NO_QUALIFIED_FORECAST_MODEL
3110423,석계역 2번,A,골목상권,4,0,4,0.0,0.0,1.0,0,,,4.0,0.0,4.0,0.0,0.0,1.0,0.0,,,,,0,최근 4개 분기 실제 점포당 제과매출환경,20253~20262,0,NO_QUALIFIED_FORECAST_MODEL
3110425,계상초등학교,A,골목상권,4,0,4,0.0,0.0,3.0,0,,,4.0,0.0,4.0,0.0,0.0,4.75,0.0,,,,,0,최근 4개 분기 실제 점포당 제과매출환경,20253~20262,0,NO_QUALIFIED_FORECAST_MODEL
3110426,상계2동주민센터,A,골목상권,4,0,4,0.0,0.0,3.75,0,,,4.0,3.0,4.0,56003132.0,5306.0,4.5,0.0,,,,,0,최근 4개 분기 실제 점포당 제과매출환경,20253~20262,0,NO_QUALIFIED_FORECAST_MODEL
3110427,노원 을지대학교병원,A,골목상권,4,0,4,0.0,0.0,1.0,0,,,4.0,0.0,4.0,0.0,0.0,1.0,0.0,,,,,0,최근 4개 분기 실제 점포당 제과매출환경,20253~20262,0,NO_QUALIFIED_FORECAST_MODEL
3110429,공릉동 국수거리,A,골목상권,4,0,4,0.0,0.0,7.75,0,,,4.0,0.0,4.0,0.0,0.0,7.75,0.0,,,,,0,최근 4개 분기 실제 점포당 제과매출환경,20253~20262,0,NO_QUALIFIED_FORECAST_MODEL
3110430,중계초등학교,A,골목상권,4,0,0,0.0,0.0,0.0,0,,,4.0,0.0,0.0,0.0,0.0,0.0,0.0,,,,,0,최근 4개 분기 실제 점포당 제과매출환경,20253~20262,0,NO_QUALIFIED_FORECAST_MODEL
3110432,대진고등학교,A,골목상권,4,0,4,0.0,0.0,1.0,0,,,4.0,0.0,4.0,0.0,0.0,1.0,0.0,,,,,0,최근 4개 분기 실제 점포당 제과매출환경,20253~20262,0,NO_QUALIFIED_FORECAST_MODEL
3110433,공릉역 2번,A,골목상권,4,0,4,0.0,0.0,3.0,0,,,4.0,0.0,4.0,0.0,0.0,2.25,0.0,,,,,0,최근 4개 분기 실제 점포당 제과매출환경,20253~20262,0,NO_QUALIFIED_FORECAST_MODEL
3110434,태릉입구역 4번,A,골목상권,4,0,4,0.0,0.0,2.25,0,,,4.0,0.0,4.0,0.0,0.0,3.0,0.0,,,,,0,최근 4개 분기 실제 점포당 제과매출환경,20253~20262,0,NO_QUALIFIED_FORECAST_MODEL
3110438,경춘선숲길 우측,A,골목상권,4,0,4,0.0,0.0,4.25,0,,,4.0,0.0,4.0,0.0,0.0,5.0,0.0,,,,,0,최근 4개 분기 실제 점포당 제과매출환경,20253~20262,0,NO_QUALIFIED_FORECAST_MODEL
3110441,영신여고,A,골목상권,4,2,4,346057310.0,33285.0,1.5,0,,,4.0,1.0,4.0,176923932.0,19662.0,1.25,0.0,,,,,0,최근 4개 분기 실제 점포당 제과매출환경,20253~20262,0,NO_QUALIFIED_FORECAST_MODEL
3110447,구산초등학교,A,골목상권,4,0,4,0.0,0.0,1.0,0,,,4.0,0.0,4.0,0.0,0.0,1.0,0.0,,,,,0,최근 4개 분기 실제 점포당 제과매출환경,20253~20262,0,NO_QUALIFIED_FORECAST_MODEL
3110451,증산역 4번,A,골목상권,4,0,4,0.0,0.0,2.0,0,,,4.0,0.0,4.0,0.0,0.0,2.0,0.0,,,,,0,최근 4개 분기 실제 점포당 제과매출환경,20253~20262,0,NO_QUALIFIED_FORECAST_MODEL
3110452,새절역 3번,A,골목상권,4,0,4,0.0,0.0,2.0,0,,,4.0,0.0,4.0,0.0,0.0,1.75,0.0,,,,,0,최근 4개 분기 실제 점포당 제과매출환경,20253~20262,0,NO_QUALIFIED_FORECAST_MODEL
3110453,신사1동주민센터,A,골목상권,4,0,4,0.0,0.0,3.0,0,,,4.0,0.0,4.0,0.0,0.0,2.0,0.0,,,,,0,최근 4개 분기 실제 점포당 제과매출환경,20253~20262,0,NO_QUALIFIED_FORECAST_MODEL
3110454,선정중학교,A,골목상권,4,0,4,0.0,0.0,1.0,0,,,4.0,0.0,4.0,0.0,0.0,1.5,0.0,,,,,0,최근 4개 분기 실제 점포당 제과매출환경,20253~20262,0,NO_QUALIFIED_FORECAST_MODEL
3110456,구산보건지소,A,골목상권,4,0,4,0.0,0.0,5.75,0,,,4.0,0.0,4.0,0.0,0.0,6.0,0.0,,,,,0,최근 4개 분기 실제 점포당 제과매출환경,20253~20262,0,NO_QUALIFIED_FORECAST_MODEL
3110457,예일여고,A,골목상권,4,0,4,0.0,0.0,2.0,0,,,4.0,0.0,4.0,0.0,0.0,2.0,0.0,,,,,0,최근 4개 분기 실제 점포당 제과매출환경,20253~20262,0,NO_QUALIFIED_FORECAST_MODEL
3110459,응암역 2번,A,골목상권,4,0,4,0.0,0.0,4.75,0,,,4.0,0.0,4.0,0.0,0.0,5.75,0.0,,,,,0,최근 4개 분기 실제 점포당 제과매출환경,20253~20262,0,NO_QUALIFIED_FORECAST_MODEL
3110460,구산역 4번,A,골목상권,4,0,4,0.0,0.0,3.0,0,,,4.0,1.0,4.0,296584.0,30.0,3.75,0.0,,,,,0,최근 4개 분기 실제 점포당 제과매출환경,20253~20262,0,NO_QUALIFIED_FORECAST_MODEL
3110461,새절역 2번,A,골목상권,4,0,4,0.0,0.0,1.0,0,,,4.0,0.0,4.0,0.0,0.0,1.0,0.0,,,,,0,최근 4개 분기 실제 점포당 제과매출환경,20253~20262,0,NO_QUALIFIED_FORECAST_MODEL
3110462,갈현건영아파트,A,골목상권,4,0,4,0.0,0.0,2.0,0,,,4.0,0.0,4.0,0.0,0.0,2.0,0.0,,,,,0,최근 4개 분기 실제 점포당 제과매출환경,20253~20262,0,NO_QUALIFIED_FORECAST_MODEL
3110466,구산역 2번,A,골목상권,4,0,4,0.0,0.0,2.0,0,,,4.0,0.0,4.0,0.0,0.0,2.0,0.0,,,,,0,최근 4개 분기 실제 점포당 제과매출환경,20253~20262,0,NO_QUALIFIED_FORECAST_MODEL
3110467,은평요양병원,A,골목상권,4,0,4,0.0,0.0,1.75,0,,,4.0,0.0,4.0,0.0,0.0,1.5,0.0,,,,,0,최근 4개 분기 실제 점포당 제과매출환경,20253~20262,0,NO_QUALIFIED_FORECAST_MODEL
3110468,응암역 3번,A,골목상권,4,0,4,0.0,0.0,4.5,0,,,4.0,0.0,4.0,0.0,0.0,4.5,0.0,,,,,0,최근 4개 분기 실제 점포당 제과매출환경,20253~20262,0,NO_QUALIFIED_FORECAST_MODEL
3110470,신진과학기술고등학교,A,골목상권,4,0,4,0.0,0.0,3.0,0,,,4.0,0.0,4.0,0.0,0.0,2.25,0.0,,,,,0,최근 4개 분기 실제 점포당 제과매출환경,20253~20262,0,NO_QUALIFIED_FORECAST_MODEL
3110472,연신내역 4번,A,골목상권,4,3,4,42312752.0,594.0,3.0,0,,,4.0,2.0,4.0,16624494.0,138.0,3.0,0.0,,,,,0,최근 4개 분기 실제 점포당 제과매출환경,20253~20262,0,NO_QUALIFIED_FORECAST_MODEL
3110473,구산역 1번,A,골목상권,4,0,4,0.0,0.0,6.75,0,,,4.0,0.0,4.0,0.0,0.0,6.75,0.0,,,,,0,최근 4개 분기 실제 점포당 제과매출환경,20253~20262,0,NO_QUALIFIED_FORECAST_MODEL
3110474,세명컴퓨터고등학교,A,골목상권,4,0,4,0.0,0.0,1.0,0,,,4.0,0.0,4.0,0.0,0.0,1.0,0.0,,,,,0,최근 4개 분기 실제 점포당 제과매출환경,20253~20262,0,NO_QUALIFIED_FORECAST_MODEL
3110476,역촌역 2번,A,골목상권,4,0,0,0.0,0.0,0.0,0,,,4.0,0.0,0.0,0.0,0.0,0.0,0.0,,,,,0,최근 4개 분기 실제 점포당 제과매출환경,20253~20262,0,NO_QUALIFIED_FORECAST_MODEL
3110478,응암1동주민센터,A,골목상권,4,0,4,0.0,0.0,1.0,0,,,4.0,0.0,4.0,0.0,0.0,1.0,0.0,,,,,0,최근 4개 분기 실제 점포당 제과매출환경,20253~20262,0,NO_QUALIFIED_FORECAST_MODEL
3110479,연신내역 2번,A,골목상권,4,0,4,0.0,0.0,1.0,0,,,4.0,0.0,4.0,0.0,0.0,1.0,0.0,,,,,0,최근 4개 분기 실제 점포당 제과매출환경,20253~20262,0,NO_QUALIFIED_FORECAST_MODEL
3110482,연신초등학교,A,골목상권,4,0,4,0.0,0.0,1.0,0,,,4.0,0.0,4.0,0.0,0.0,1.0,0.0,,,,,0,최근 4개 분기 실제 점포당 제과매출환경,20253~20262,0,NO_QUALIFIED_FORECAST_MODEL
3110483,연천초등학교,A,골목상권,4,0,0,0.0,0.0,0.0,0,,,4.0,0.0,0.0,0.0,0.0,0.0,0.0,,,,,0,최근 4개 분기 실제 점포당 제과매출환경,20253~20262,0,NO_QUALIFIED_FORECAST_MODEL
3110484,역촌역 3번,A,골목상권,4,0,4,0.0,0.0,1.75,0,,,4.0,0.0,4.0,0.0,0.0,1.25,0.0,,,,,0,최근 4개 분기 실제 점포당 제과매출환경,20253~20262,0,NO_QUALIFIED_FORECAST_MODEL
3110485,연신내우체국,A,골목상권,4,0,4,0.0,0.0,2.0,0,,,4.0,0.0,4.0,0.0,0.0,2.0,0.0,,,,,0,최근 4개 분기 실제 점포당 제과매출환경,20253~20262,0,NO_QUALIFIED_FORECAST_MODEL
3110486,은평구청,A,골목상권,4,0,4,0.0,0.0,1.0,0,,,4.0,0.0,4.0,0.0,0.0,1.0,0.0,,,,,0,최근 4개 분기 실제 점포당 제과매출환경,20253~20262,0,NO_QUALIFIED_FORECAST_MODEL
3110490,녹번동근린공원,A,골목상권,4,0,4,0.0,0.0,2.75,0,,,4.0,0.0,4.0,0.0,0.0,2.25,0.0,,,,,0,최근 4개 분기 실제 점포당 제과매출환경,20253~20262,0,NO_QUALIFIED_FORECAST_MODEL
3110491,불광중학교,A,골목상권,4,0,0,0.0,0.0,0.0,0,,,4.0,0.0,0.0,0.0,0.0,0.0,0.0,,,,,0,최근 4개 분기 실제 점포당 제과매출환경,20253~20262,0,NO_QUALIFIED_FORECAST_MODEL
3110493,북가좌초등학교,A,골목상권,4,0,4,0.0,0.0,2.0,0,,,4.0,0.0,4.0,0.0,0.0,2.0,0.0,,,,,0,최근 4개 분기 실제 점포당 제과매출환경,20253~20262,0,NO_QUALIFIED_FORECAST_MODEL
3110498,증산역 1번,A,골목상권,4,0,4,0.0,0.0,1.0,0,,,2.0,0.0,2.0,0.0,0.0,1.0,0.0,,,,,0,최근 4개 분기 실제 점포당 제과매출환경,20253~20262,0,NO_QUALIFIED_FORECAST_MODEL
3110499,연가초등학교,A,골목상권,4,0,4,0.0,0.0,1.0,0,,,4.0,0.0,4.0,0.0,0.0,1.0,0.0,,,,,0,최근 4개 분기 실제 점포당 제과매출환경,20253~20262,0,NO_QUALIFIED_FORECAST_MODEL
3110501,연희어린이공원,A,골목상권,4,0,4,0.0,0.0,1.0,0,,,4.0,0.0,4.0,0.0,0.0,1.0,0.0,,,,,0,최근 4개 분기 실제 점포당 제과매출환경,20253~20262,0,NO_QUALIFIED_FORECAST_MODEL
3110505,홍남교남측,A,골목상권,4,0,4,0.0,0.0,1.0,0,,,,,,,,,,,,,,0,최근 4개 분기 실제 점포당 제과매출환경,20253~20262,0,NO_QUALIFIED_FORECAST_MODEL
3110508,서연중학교,A,골목상권,4,0,4,0.0,0.0,6.0,0,,,4.0,0.0,4.0,0.0,0.0,4.5,0.0,,,,,0,최근 4개 분기 실제 점포당 제과매출환경,20253~20262,0,NO_QUALIFIED_FORECAST_MODEL
3110510,홍연시장,A,골목상권,4,0,4,0.0,0.0,3.0,0,,,4.0,0.0,4.0,0.0,0.0,3.0,0.0,,,,,0,최근 4개 분기 실제 점포당 제과매출환경,20253~20262,0,NO_QUALIFIED_FORECAST_MODEL
3110511,연희초등학교,A,골목상권,4,0,4,0.0,0.0,1.0,0,,,4.0,0.0,4.0,0.0,0.0,1.0,0.0,,,,,0,최근 4개 분기 실제 점포당 제과매출환경,20253~20262,0,NO_QUALIFIED_FORECAST_MODEL
3110513,연희파출소,A,골목상권,4,0,4,0.0,0.0,2.0,0,,,4.0,0.0,4.0,0.0,0.0,2.5,0.0,,,,,0,최근 4개 분기 실제 점포당 제과매출환경,20253~20262,0,NO_QUALIFIED_FORECAST_MODEL
3110514,서대문우체국,A,골목상권,4,0,4,0.0,0.0,2.0,0,,,3.0,0.0,3.0,0.0,0.0,2.0,0.0,,,,,0,최근 4개 분기 실제 점포당 제과매출환경,20253~20262,0,NO_QUALIFIED_FORECAST_MODEL
3110521,홍제역 4번,A,골목상권,4,0,4,0.0,0.0,3.0,0,,,4.0,0.0,4.0,0.0,0.0,3.0,0.0,,,,,0,최근 4개 분기 실제 점포당 제과매출환경,20253~20262,0,NO_QUALIFIED_FORECAST_MODEL
3110525,홍은종합사회복지관,A,골목상권,4,0,4,0.0,0.0,1.0,0,,,4.0,2.0,4.0,457591036.0,37247.0,1.5,0.0,,,,,0,최근 4개 분기 실제 점포당 제과매출환경,20253~20262,0,NO_QUALIFIED_FORECAST_MODEL
3110527,홍제역 2번,A,골목상권,4,0,0,0.0,0.0,0.0,0,,,4.0,0.0,0.0,0.0,0.0,0.0,0.0,,,,,0,최근 4개 분기 실제 점포당 제과매출환경,20253~20262,0,NO_QUALIFIED_FORECAST_MODEL
3110528,서울여자간호대학교,A,골목상권,4,0,4,0.0,0.0,2.0,0,,,4.0,1.0,4.0,28008950.0,1283.0,2.25,0.0,,,,,0,최근 4개 분기 실제 점포당 제과매출환경,20253~20262,0,NO_QUALIFIED_FORECAST_MODEL
3110530,아현역 1번,A,골목상권,4,0,4,0.0,0.0,2.5,0,,,4.0,0.0,4.0,0.0,0.0,3.0,0.0,,,,,0,최근 4개 분기 실제 점포당 제과매출환경,20253~20262,0,NO_QUALIFIED_FORECAST_MODEL
3110531,홍지문,A,골목상권,4,0,4,0.0,0.0,1.0,0,,,4.0,0.0,4.0,0.0,0.0,1.0,0.0,,,,,0,최근 4개 분기 실제 점포당 제과매출환경,20253~20262,0,NO_QUALIFIED_FORECAST_MODEL
3110533,충정로역 7번,A,골목상권,4,0,4,0.0,0.0,1.0,0,,,3.0,0.0,3.0,0.0,0.0,1.0,0.0,,,,,0,최근 4개 분기 실제 점포당 제과매출환경,20253~20262,0,NO_QUALIFIED_FORECAST_MODEL
3110534,경기대학교,A,골목상권,4,0,4,0.0,0.0,1.0,0,,,4.0,0.0,4.0,0.0,0.0,1.0,0.0,,,,,0,최근 4개 분기 실제 점포당 제과매출환경,20253~20262,0,NO_QUALIFIED_FORECAST_MODEL
3110537,충정로현대아파트,A,골목상권,4,0,1,0.0,0.0,0.25,0,,,4.0,0.0,4.0,0.0,0.0,1.0,0.0,,,,,0,최근 4개 분기 실제 점포당 제과매출환경,20253~20262,0,NO_QUALIFIED_FORECAST_MODEL
3110539,미근동,A,골목상권,4,0,4,0.0,0.0,2.0,0,,,4.0,0.0,4.0,0.0,0.0,2.0,0.0,,,,,0,최근 4개 분기 실제 점포당 제과매출환경,20253~20262,0,NO_QUALIFIED_FORECAST_MODEL
3110542,마포구청역 7번,A,골목상권,4,0,3,0.0,0.0,0.75,0,,,4.0,4.0,4.0,815793610.0,84484.0,2.5,1.0,326317444.0,9656.190639647744,,,0,최근 4개 분기 실제 점포당 제과매출환경,20253~20262,0,NO_QUALIFIED_FORECAST_MODEL
3110543,중암중학교,A,골목상권,4,0,4,0.0,0.0,1.0,0,,,4.0,0.0,4.0,0.0,0.0,1.0,0.0,,,,,0,최근 4개 분기 실제 점포당 제과매출환경,20253~20262,0,NO_QUALIFIED_FORECAST_MODEL
3110546,양화대교북단,A,골목상권,4,0,4,0.0,0.0,2.0,0,,,4.0,0.0,4.0,0.0,0.0,2.0,0.0,,,,,0,최근 4개 분기 실제 점포당 제과매출환경,20253~20262,0,NO_QUALIFIED_FORECAST_MODEL
3110547,KB국민은행 망원동지점,A,골목상권,4,2,4,120000000.0,14505.0,3.5,0,,,4.0,0.0,4.0,0.0,0.0,3.25,0.0,,,,,0,최근 4개 분기 실제 점포당 제과매출환경,20253~20262,0,NO_QUALIFIED_FORECAST_MODEL
3110549,새터산,A,골목상권,4,0,4,0.0,0.0,2.0,0,,,4.0,0.0,4.0,0.0,0.0,2.0,0.0,,,,,0,최근 4개 분기 실제 점포당 제과매출환경,20253~20262,0,NO_QUALIFIED_FORECAST_MODEL
3110551,성서초등학교,A,골목상권,4,0,4,0.0,0.0,3.0,0,,,4.0,0.0,4.0,0.0,0.0,3.0,0.0,,,,,0,최근 4개 분기 실제 점포당 제과매출환경,20253~20262,0,NO_QUALIFIED_FORECAST_MODEL
3110552,성미산체육관,A,골목상권,4,0,4,0.0,0.0,1.0,0,,,4.0,0.0,3.0,0.0,0.0,0.75,0.0,,,,,0,최근 4개 분기 실제 점포당 제과매출환경,20253~20262,0,NO_QUALIFIED_FORECAST_MODEL
3110553,가좌역 2번,A,골목상권,4,0,4,0.0,0.0,2.0,0,,,4.0,0.0,4.0,0.0,0.0,2.5,0.0,,,,,0,최근 4개 분기 실제 점포당 제과매출환경,20253~20262,0,NO_QUALIFIED_FORECAST_MODEL
3110555,홍익지구대,A,골목상권,4,2,4,77980856.0,5245.0,2.5,0,,,4.0,0.0,4.0,0.0,0.0,2.0,0.0,,,,,0,최근 4개 분기 실제 점포당 제과매출환경,20253~20262,0,NO_QUALIFIED_FORECAST_MODEL
3110556,절두산순교성지,A,골목상권,4,0,4,0.0,0.0,1.0,0,,,4.0,0.0,4.0,0.0,0.0,1.25,0.0,,,,,0,최근 4개 분기 실제 점포당 제과매출환경,20253~20262,0,NO_QUALIFIED_FORECAST_MODEL
3110557,홍대부속여중고앞,A,골목상권,4,0,4,0.0,0.0,5.25,0,,,4.0,0.0,4.0,0.0,0.0,5.5,0.0,,,,,0,최근 4개 분기 실제 점포당 제과매출환경,20253~20262,0,NO_QUALIFIED_FORECAST_MODEL
3110558,경성고등학교,A,골목상권,4,0,4,0.0,0.0,16.75,0,,,4.0,0.0,4.0,0.0,0.0,17.25,0.0,,,,,0,최근 4개 분기 실제 점포당 제과매출환경,20253~20262,0,NO_QUALIFIED_FORECAST_MODEL
3110559,성산중학교,A,골목상권,4,0,4,0.0,0.0,5.0,0,,,4.0,0.0,4.0,0.0,0.0,5.75,0.0,,,,,0,최근 4개 분기 실제 점포당 제과매출환경,20253~20262,0,NO_QUALIFIED_FORECAST_MODEL
3110560,마포FM,A,골목상권,4,0,4,0.0,0.0,2.0,0,,,4.0,0.0,4.0,0.0,0.0,1.0,0.0,,,,,0,최근 4개 분기 실제 점포당 제과매출환경,20253~20262,0,NO_QUALIFIED_FORECAST_MODEL
3110561,상수역 4번,A,골목상권,4,0,4,0.0,0.0,1.0,0,,,4.0,0.0,4.0,0.0,0.0,1.0,0.0,,,,,0,최근 4개 분기 실제 점포당 제과매출환경,20253~20262,0,NO_QUALIFIED_FORECAST_MODEL
3110565,홍익대,A,골목상권,4,0,4,0.0,0.0,1.0,0,,,4.0,0.0,4.0,0.0,0.0,1.0,0.0,,,,,0,최근 4개 분기 실제 점포당 제과매출환경,20253~20262,0,NO_QUALIFIED_FORECAST_MODEL
3110567,광흥창역 6번,A,골목상권,4,0,4,0.0,0.0,1.0,0,,,4.0,0.0,4.0,0.0,0.0,1.0,0.0,,,,,0,최근 4개 분기 실제 점포당 제과매출환경,20253~20262,0,NO_QUALIFIED_FORECAST_MODEL
3110568,광흥창역 1번,A,골목상권,4,0,4,0.0,0.0,1.0,0,,,4.0,0.0,1.0,0.0,0.0,0.25,0.0,,,,,0,최근 4개 분기 실제 점포당 제과매출환경,20253~20262,0,NO_QUALIFIED_FORECAST_MODEL
3110570,KB국민은행 서강지점,A,골목상권,4,0,4,0.0,0.0,1.25,0,,,4.0,0.0,4.0,0.0,0.0,1.75,0.0,,,,,0,최근 4개 분기 실제 점포당 제과매출환경,20253~20262,0,NO_QUALIFIED_FORECAST_MODEL
3110571,신수동주민센터,A,골목상권,3,0,2,0.0,0.0,0.6666666666666666,0,,,4.0,0.0,4.0,0.0,0.0,1.0,0.0,,,,,0,최근 4개 분기 실제 점포당 제과매출환경,20253~20262,0,NO_QUALIFIED_FORECAST_MODEL
3110573,신촌역 6번,A,골목상권,4,0,4,0.0,0.0,1.0,0,,,3.0,0.0,3.0,0.0,0.0,1.0,0.0,,,,,0,최근 4개 분기 실제 점포당 제과매출환경,20253~20262,0,NO_QUALIFIED_FORECAST_MODEL
3110574,서강대학교,A,골목상권,4,0,4,0.0,0.0,1.0,0,,,4.0,0.0,4.0,0.0,0.0,1.0,0.0,,,,,0,최근 4개 분기 실제 점포당 제과매출환경,20253~20262,0,NO_QUALIFIED_FORECAST_MODEL
3110577,용강동주민센터,A,골목상권,4,0,4,0.0,0.0,2.0,0,,,4.0,0.0,4.0,0.0,0.0,2.0,0.0,,,,,0,최근 4개 분기 실제 점포당 제과매출환경,20253~20262,0,NO_QUALIFIED_FORECAST_MODEL
3110582,이대역 5번,A,골목상권,4,2,4,2734919.0,153.0,2.5,0,,,4.0,2.0,4.0,360546957.0,47945.0,2.0,0.0,,,,,0,최근 4개 분기 실제 점포당 제과매출환경,20253~20262,0,NO_QUALIFIED_FORECAST_MODEL
3110583,공덕래미안3차아파트,A,골목상권,4,0,4,0.0,0.0,1.0,0,,,4.0,0.0,4.0,0.0,0.0,1.0,0.0,,,,,0,최근 4개 분기 실제 점포당 제과매출환경,20253~20262,0,NO_QUALIFIED_FORECAST_MODEL
3110585,마포경찰서,A,골목상권,4,0,4,0.0,0.0,1.0,0,,,4.0,0.0,4.0,0.0,0.0,1.0,0.0,,,,,0,최근 4개 분기 실제 점포당 제과매출환경,20253~20262,0,NO_QUALIFIED_FORECAST_MODEL
3110586,서울서부지방법원,A,골목상권,4,0,4,0.0,0.0,3.0,0,,,4.0,0.0,4.0,0.0,0.0,3.0,0.0,,,,,0,최근 4개 분기 실제 점포당 제과매출환경,20253~20262,0,NO_QUALIFIED_FORECAST_MODEL
3110587,공덕동주민센터,A,골목상권,4,0,4,0.0,0.0,2.0,0,,,4.0,0.0,4.0,0.0,0.0,2.0,0.0,,,,,0,최근 4개 분기 실제 점포당 제과매출환경,20253~20262,0,NO_QUALIFIED_FORECAST_MODEL
3110590,만리재,A,골목상권,4,0,4,0.0,0.0,1.0,0,,,4.0,0.0,4.0,0.0,0.0,1.0,0.0,,,,,0,최근 4개 분기 실제 점포당 제과매출환경,20253~20262,0,NO_QUALIFIED_FORECAST_MODEL
3110591,충정로역 6번,A,골목상권,4,0,4,0.0,0.0,1.0,0,,,4.0,0.0,4.0,0.0,0.0,1.0,0.0,,,,,0,최근 4개 분기 실제 점포당 제과매출환경,20253~20262,0,NO_QUALIFIED_FORECAST_MODEL
3110595,메디힐병원,A,골목상권,4,0,4,0.0,0.0,1.0,0,,,4.0,0.0,4.0,0.0,0.0,1.0,0.0,,,,,0,최근 4개 분기 실제 점포당 제과매출환경,20253~20262,0,NO_QUALIFIED_FORECAST_MODEL
3110596,서서울호수공원,A,골목상권,4,0,4,0.0,0.0,1.0,0,,,4.0,0.0,4.0,0.0,0.0,1.0,0.0,,,,,0,최근 4개 분기 실제 점포당 제과매출환경,20253~20262,0,NO_QUALIFIED_FORECAST_MODEL
3110597,신월1동주민센터,A,골목상권,4,0,4,0.0,0.0,1.0,0,,,1.0,0.0,1.0,0.0,0.0,1.0,0.0,,,,,0,최근 4개 분기 실제 점포당 제과매출환경,20253~20262,0,NO_QUALIFIED_FORECAST_MODEL
3110599,신월1파출소,A,골목상권,4,0,4,0.0,0.0,1.0,0,,,4.0,0.0,4.0,0.0,0.0,1.0,0.0,,,,,0,최근 4개 분기 실제 점포당 제과매출환경,20253~20262,0,NO_QUALIFIED_FORECAST_MODEL
3110602,신월시영아파트중문,A,골목상권,4,0,4,0.0,0.0,1.0,0,,,4.0,0.0,4.0,0.0,0.0,1.0,0.0,,,,,0,최근 4개 분기 실제 점포당 제과매출환경,20253~20262,0,NO_QUALIFIED_FORECAST_MODEL
3110603,지향초등학교,A,골목상권,4,0,4,0.0,0.0,1.0,0,,,4.0,0.0,4.0,0.0,0.0,1.0,0.0,,,,,0,최근 4개 분기 실제 점포당 제과매출환경,20253~20262,0,NO_QUALIFIED_FORECAST_MODEL
3110604,신월4동주민센터,A,골목상권,4,0,0,0.0,0.0,0.0,0,,,4.0,0.0,0.0,0.0,0.0,0.0,0.0,,,,,0,최근 4개 분기 실제 점포당 제과매출환경,20253~20262,0,NO_QUALIFIED_FORECAST_MODEL
3110605,목동센트럴아이파크앞,A,골목상권,4,0,0,0.0,0.0,0.0,0,,,4.0,0.0,0.0,0.0,0.0,0.0,0.0,,,,,0,최근 4개 분기 실제 점포당 제과매출환경,20253~20262,0,NO_QUALIFIED_FORECAST_MODEL
3110606,신한은행 신월동지점,A,골목상권,4,0,0,0.0,0.0,0.0,0,,,4.0,0.0,1.0,0.0,0.0,0.25,0.0,,,,,0,최근 4개 분기 실제 점포당 제과매출환경,20253~20262,0,NO_QUALIFIED_FORECAST_MODEL
3110608,신월2동주민센터,A,골목상권,4,3,4,458896703.0,48527.0,2.75,0,,,4.0,0.0,4.0,0.0,0.0,1.25,0.0,,,,,0,최근 4개 분기 실제 점포당 제과매출환경,20253~20262,0,NO_QUALIFIED_FORECAST_MODEL
3110609,신정네거리역 2번,A,골목상권,4,0,4,0.0,0.0,1.0,0,,,4.0,0.0,4.0,0.0,0.0,1.0,0.0,,,,,0,최근 4개 분기 실제 점포당 제과매출환경,20253~20262,0,NO_QUALIFIED_FORECAST_MODEL
3110610,계남근린공원,A,골목상권,4,0,4,0.0,0.0,3.5,0,,,4.0,0.0,4.0,0.0,0.0,3.0,0.0,,,,,0,최근 4개 분기 실제 점포당 제과매출환경,20253~20262,0,NO_QUALIFIED_FORECAST_MODEL
3110611,신정역 1번,A,골목상권,4,0,4,0.0,0.0,1.0,0,,,4.0,0.0,4.0,0.0,0.0,1.0,0.0,,,,,0,최근 4개 분기 실제 점포당 제과매출환경,20253~20262,0,NO_QUALIFIED_FORECAST_MODEL
3110613,신정네거리역 4번,A,골목상권,4,0,4,0.0,0.0,2.0,0,,,4.0,0.0,4.0,0.0,0.0,2.0,0.0,,,,,0,최근 4개 분기 실제 점포당 제과매출환경,20253~20262,0,NO_QUALIFIED_FORECAST_MODEL
3110614,목동로데오거리,A,골목상권,4,0,4,0.0,0.0,3.0,0,,,4.0,0.0,4.0,0.0,0.0,3.0,0.0,,,,,0,최근 4개 분기 실제 점포당 제과매출환경,20253~20262,0,NO_QUALIFIED_FORECAST_MODEL
3110615,신서초등학교,A,골목상권,4,0,4,0.0,0.0,3.0,0,,,4.0,0.0,4.0,0.0,0.0,2.0,0.0,,,,,0,최근 4개 분기 실제 점포당 제과매출환경,20253~20262,0,NO_QUALIFIED_FORECAST_MODEL
3110616,양목초등학교,A,골목상권,4,0,4,0.0,0.0,1.0,0,,,4.0,0.0,4.0,0.0,0.0,1.0,0.0,,,,,0,최근 4개 분기 실제 점포당 제과매출환경,20253~20262,0,NO_QUALIFIED_FORECAST_MODEL
3110617,등촌역 4번,A,골목상권,4,0,4,0.0,0.0,1.0,0,,,4.0,0.0,4.0,0.0,0.0,1.0,0.0,,,,,0,최근 4개 분기 실제 점포당 제과매출환경,20253~20262,0,NO_QUALIFIED_FORECAST_MODEL
3110618,강서고등학교,A,골목상권,4,0,4,0.0,0.0,1.0,0,,,2.0,0.0,2.0,0.0,0.0,1.0,0.0,,,,,0,최근 4개 분기 실제 점포당 제과매출환경,20253~20262,0,NO_QUALIFIED_FORECAST_MODEL
3110621,목동역 5번,A,골목상권,4,0,4,0.0,0.0,1.0,0,,,4.0,0.0,4.0,0.0,0.0,1.75,0.0,,,,,0,최근 4개 분기 실제 점포당 제과매출환경,20253~20262,0,NO_QUALIFIED_FORECAST_MODEL
3110622,달마을공원,A,골목상권,4,2,4,216901079.0,21107.0,3.5,0,,,4.0,0.0,4.0,0.0,0.0,3.5,0.0,,,,,0,최근 4개 분기 실제 점포당 제과매출환경,20253~20262,0,NO_QUALIFIED_FORECAST_MODEL
3110624,목동문화체육센터,A,골목상권,4,0,4,0.0,0.0,1.0,0,,,4.0,0.0,4.0,0.0,0.0,1.0,0.0,,,,,0,최근 4개 분기 실제 점포당 제과매출환경,20253~20262,0,NO_QUALIFIED_FORECAST_MODEL
3110629,송정역 4번,A,골목상권,4,0,0,0.0,0.0,0.0,0,,,4.0,0.0,0.0,0.0,0.0,0.0,0.0,,,,,0,최근 4개 분기 실제 점포당 제과매출환경,20253~20262,0,NO_QUALIFIED_FORECAST_MODEL
3110630,공항시장역 1번,A,골목상권,4,0,4,0.0,0.0,2.0,0,,,4.0,0.0,4.0,0.0,0.0,1.0,0.0,,,,,0,최근 4개 분기 실제 점포당 제과매출환경,20253~20262,0,NO_QUALIFIED_FORECAST_MODEL
3110631,방화초등학교,A,골목상권,4,0,4,0.0,0.0,2.0,0,,,4.0,0.0,4.0,0.0,0.0,2.0,0.0,,,,,0,최근 4개 분기 실제 점포당 제과매출환경,20253~20262,0,NO_QUALIFIED_FORECAST_MODEL
3110633,개화산역 1번,A,골목상권,4,0,4,0.0,0.0,1.0,0,,,4.0,0.0,4.0,0.0,0.0,1.0,0.0,,,,,0,최근 4개 분기 실제 점포당 제과매출환경,20253~20262,0,NO_QUALIFIED_FORECAST_MODEL
3110634,송정역 3번,A,골목상권,4,0,4,0.0,0.0,1.0,0,,,4.0,0.0,4.0,0.0,0.0,1.0,0.0,,,,,0,최근 4개 분기 실제 점포당 제과매출환경,20253~20262,0,NO_QUALIFIED_FORECAST_MODEL
3110635,공항시장역 3번,A,골목상권,4,0,4,0.0,0.0,1.0,0,,,4.0,0.0,4.0,0.0,0.0,1.5,0.0,,,,,0,최근 4개 분기 실제 점포당 제과매출환경,20253~20262,0,NO_QUALIFIED_FORECAST_MODEL
3110640,방화역 1번,A,골목상권,4,4,0,2855873829.0,251262.0,0.0,0,,,4.0,4.0,0.0,3374821540.0,317467.0,0.0,0.0,,,,,0,최근 4개 분기 실제 점포당 제과매출환경,20253~20262,0,NO_QUALIFIED_FORECAST_MODEL
3110641,공항고등학교,A,골목상권,4,0,4,0.0,0.0,2.25,0,,,4.0,0.0,4.0,0.0,0.0,2.0,0.0,,,,,0,최근 4개 분기 실제 점포당 제과매출환경,20253~20262,0,NO_QUALIFIED_FORECAST_MODEL
3110644,신광명마을,A,골목상권,4,0,4,0.0,0.0,1.0,0,,,4.0,0.0,4.0,0.0,0.0,1.0,0.0,,,,,0,최근 4개 분기 실제 점포당 제과매출환경,20253~20262,0,NO_QUALIFIED_FORECAST_MODEL
3110646,푸른들청소년도서관,A,골목상권,4,0,4,0.0,0.0,3.25,0,,,4.0,0.0,4.0,0.0,0.0,3.0,0.0,,,,,0,최근 4개 분기 실제 점포당 제과매출환경,20253~20262,0,NO_QUALIFIED_FORECAST_MODEL
3110647,화곡역 5번,A,골목상권,4,0,4,0.0,0.0,4.25,0,,,4.0,0.0,4.0,0.0,0.0,3.25,0.0,,,,,0,최근 4개 분기 실제 점포당 제과매출환경,20253~20262,0,NO_QUALIFIED_FORECAST_MODEL
3110649,우장산역 1번,A,골목상권,4,0,4,0.0,0.0,2.5,0,,,4.0,0.0,4.0,0.0,0.0,3.5,0.0,,,,,0,최근 4개 분기 실제 점포당 제과매출환경,20253~20262,0,NO_QUALIFIED_FORECAST_MODEL
3110651,화원중학교,A,골목상권,4,0,4,0.0,0.0,2.0,0,,,4.0,0.0,4.0,0.0,0.0,2.0,0.0,,,,,0,최근 4개 분기 실제 점포당 제과매출환경,20253~20262,0,NO_QUALIFIED_FORECAST_MODEL
3110652,양천향교역 2번,A,골목상권,4,0,4,0.0,0.0,2.75,0,,,4.0,0.0,4.0,0.0,0.0,2.0,0.0,,,,,0,최근 4개 분기 실제 점포당 제과매출환경,20253~20262,0,NO_QUALIFIED_FORECAST_MODEL
3110653,화곡역 2번,A,골목상권,4,0,4,0.0,0.0,1.0,0,,,4.0,0.0,4.0,0.0,0.0,1.0,0.0,,,,,0,최근 4개 분기 실제 점포당 제과매출환경,20253~20262,0,NO_QUALIFIED_FORECAST_MODEL
3110654,까치산역 4번,A,골목상권,4,0,4,0.0,0.0,2.0,0,,,4.0,0.0,4.0,0.0,0.0,2.0,0.0,,,,,0,최근 4개 분기 실제 점포당 제과매출환경,20253~20262,0,NO_QUALIFIED_FORECAST_MODEL
3110655,발산역 5번,A,골목상권,4,0,4,0.0,0.0,1.0,0,,,4.0,0.0,4.0,0.0,0.0,1.0,0.0,,,,,0,최근 4개 분기 실제 점포당 제과매출환경,20253~20262,0,NO_QUALIFIED_FORECAST_MODEL
3110657,양천향교역 5번,A,골목상권,4,0,4,0.0,0.0,1.0,0,,,4.0,0.0,0.0,0.0,0.0,0.0,0.0,,,,,0,최근 4개 분기 실제 점포당 제과매출환경,20253~20262,0,NO_QUALIFIED_FORECAST_MODEL
3110663,우장산롯데캐슬아파트앞,A,골목상권,4,0,4,0.0,0.0,1.0,0,,,4.0,0.0,4.0,0.0,0.0,1.0,0.0,,,,,0,최근 4개 분기 실제 점포당 제과매출환경,20253~20262,0,NO_QUALIFIED_FORECAST_MODEL
3110665,곰달래도서관,A,골목상권,4,0,0,0.0,0.0,0.0,0,,,4.0,0.0,0.0,0.0,0.0,0.0,0.0,,,,,0,최근 4개 분기 실제 점포당 제과매출환경,20253~20262,0,NO_QUALIFIED_FORECAST_MODEL
3110667,가양역 10번,A,골목상권,4,0,4,0.0,0.0,4.0,0,,,4.0,0.0,4.0,0.0,0.0,4.0,0.0,,,,,0,최근 4개 분기 실제 점포당 제과매출환경,20253~20262,0,NO_QUALIFIED_FORECAST_MODEL
3110668,화곡2동주민센터,A,골목상권,4,0,0,0.0,0.0,0.0,0,,,4.0,0.0,0.0,0.0,0.0,0.0,0.0,,,,,0,최근 4개 분기 실제 점포당 제과매출환경,20253~20262,0,NO_QUALIFIED_FORECAST_MODEL
3110670,신곡초등학교,A,골목상권,4,0,4,0.0,0.0,3.25,0,,,4.0,0.0,4.0,0.0,0.0,3.0,0.0,,,,,0,최근 4개 분기 실제 점포당 제과매출환경,20253~20262,0,NO_QUALIFIED_FORECAST_MODEL
3110673,뜸부기어린이공원,A,골목상권,2,0,2,0.0,0.0,1.0,0,,,,,,,,,,,,,,0,최근 4개 분기 실제 점포당 제과매출환경,20253~20262,0,NO_QUALIFIED_FORECAST_MODEL
3110674,강서구청가양동별관,A,골목상권,4,0,0,0.0,0.0,0.0,0,,,4.0,0.0,0.0,0.0,0.0,0.0,0.0,,,,,0,최근 4개 분기 실제 점포당 제과매출환경,20253~20262,0,NO_QUALIFIED_FORECAST_MODEL
3110675,화곡4동주민센터,A,골목상권,4,0,4,0.0,0.0,1.0,0,,,4.0,0.0,4.0,0.0,0.0,1.5,0.0,,,,,0,최근 4개 분기 실제 점포당 제과매출환경,20253~20262,0,NO_QUALIFIED_FORECAST_MODEL
3110676,등촌역 7번,A,골목상권,4,0,4,0.0,0.0,1.0,0,,,4.0,0.0,4.0,0.0,0.0,1.0,0.0,,,,,0,최근 4개 분기 실제 점포당 제과매출환경,20253~20262,0,NO_QUALIFIED_FORECAST_MODEL
3110677,등촌역 1번,A,골목상권,4,0,4,0.0,0.0,2.0,0,,,4.0,0.0,4.0,0.0,0.0,2.0,0.0,,,,,0,최근 4개 분기 실제 점포당 제과매출환경,20253~20262,0,NO_QUALIFIED_FORECAST_MODEL
3110678,염창무학아파트,A,골목상권,4,0,0,0.0,0.0,0.0,0,,,4.0,0.0,0.0,0.0,0.0,0.0,0.0,,,,,0,최근 4개 분기 실제 점포당 제과매출환경,20253~20262,0,NO_QUALIFIED_FORECAST_MODEL
3110679,염창역 2번,A,골목상권,4,0,4,0.0,0.0,1.0,0,,,3.0,0.0,3.0,0.0,0.0,1.0,0.0,,,,,0,최근 4개 분기 실제 점포당 제과매출환경,20253~20262,0,NO_QUALIFIED_FORECAST_MODEL
3110680,온수역 5번(온수산업단지),A,골목상권,4,0,0,0.0,0.0,0.0,0,,,4.0,0.0,0.0,0.0,0.0,0.0,0.0,,,,,0,최근 4개 분기 실제 점포당 제과매출환경,20253~20262,0,NO_QUALIFIED_FORECAST_MODEL
3110681,온수역 1번,A,골목상권,4,0,0,0.0,0.0,0.0,0,,,4.0,0.0,0.0,0.0,0.0,0.0,0.0,,,,,0,최근 4개 분기 실제 점포당 제과매출환경,20253~20262,0,NO_QUALIFIED_FORECAST_MODEL
3110686,수궁동주민센터,A,골목상권,4,0,4,0.0,0.0,1.0,0,,,4.0,0.0,4.0,0.0,0.0,1.0,0.0,,,,,0,최근 4개 분기 실제 점포당 제과매출환경,20253~20262,0,NO_QUALIFIED_FORECAST_MODEL
3110688,오류지구대,A,골목상권,4,0,4,0.0,0.0,1.0,0,,,4.0,0.0,4.0,0.0,0.0,1.0,0.0,,,,,0,최근 4개 분기 실제 점포당 제과매출환경,20253~20262,0,NO_QUALIFIED_FORECAST_MODEL
3110689,오류동역 3번,A,골목상권,4,0,4,0.0,0.0,2.75,0,,,4.0,0.0,4.0,0.0,0.0,2.75,0.0,,,,,0,최근 4개 분기 실제 점포당 제과매출환경,20253~20262,0,NO_QUALIFIED_FORECAST_MODEL
3110691,개봉중학교,A,골목상권,4,0,0,0.0,0.0,0.0,0,,,4.0,0.0,2.0,0.0,0.0,0.5,0.0,,,,,0,최근 4개 분기 실제 점포당 제과매출환경,20253~20262,0,NO_QUALIFIED_FORECAST_MODEL
3110695,개봉1동주민센터,A,골목상권,4,0,4,0.0,0.0,2.25,0,,,4.0,0.0,4.0,0.0,0.0,2.0,0.0,,,,,0,최근 4개 분기 실제 점포당 제과매출환경,20253~20262,0,NO_QUALIFIED_FORECAST_MODEL
3110696,오류동역 1번,A,골목상권,4,0,4,0.0,0.0,1.0,0,,,4.0,0.0,4.0,0.0,0.0,1.0,0.0,,,,,0,최근 4개 분기 실제 점포당 제과매출환경,20253~20262,0,NO_QUALIFIED_FORECAST_MODEL
3110697,개봉3동주민센터,A,골목상권,4,0,4,0.0,0.0,1.0,0,,,4.0,0.0,4.0,0.0,0.0,1.0,0.0,,,,,0,최근 4개 분기 실제 점포당 제과매출환경,20253~20262,0,NO_QUALIFIED_FORECAST_MODEL
3110699,덕의초등학교,A,골목상권,4,0,4,0.0,0.0,1.0,0,,,4.0,0.0,4.0,0.0,0.0,1.0,0.0,,,,,0,최근 4개 분기 실제 점포당 제과매출환경,20253~20262,0,NO_QUALIFIED_FORECAST_MODEL
3110704,고척중학교,A,골목상권,4,0,4,0.0,0.0,2.0,0,,,4.0,0.0,4.0,0.0,0.0,2.0,0.0,,,,,0,최근 4개 분기 실제 점포당 제과매출환경,20253~20262,0,NO_QUALIFIED_FORECAST_MODEL
3110706,그라운드 고척,A,골목상권,4,0,0,0.0,0.0,0.0,0,,,4.0,0.0,2.0,0.0,0.0,0.5,0.0,,,,,0,최근 4개 분기 실제 점포당 제과매출환경,20253~20262,0,NO_QUALIFIED_FORECAST_MODEL
3110707,구로창업지원센터,A,골목상권,4,0,4,0.0,0.0,1.0,0,,,3.0,0.0,3.0,0.0,0.0,1.0,0.0,,,,,0,최근 4개 분기 실제 점포당 제과매출환경,20253~20262,0,NO_QUALIFIED_FORECAST_MODEL
3110708,화원어린이공원,A,골목상권,4,0,4,0.0,0.0,2.0,0,,,4.0,0.0,4.0,0.0,0.0,2.0,0.0,,,,,0,최근 4개 분기 실제 점포당 제과매출환경,20253~20262,0,NO_QUALIFIED_FORECAST_MODEL
3110710,남구로역 3번,A,골목상권,4,0,4,0.0,0.0,1.0,0,,,4.0,0.0,4.0,0.0,0.0,1.0,0.0,,,,,0,최근 4개 분기 실제 점포당 제과매출환경,20253~20262,0,NO_QUALIFIED_FORECAST_MODEL
3110712,남구로역 5번,A,골목상권,4,3,4,161444706.0,17249.0,2.75,0,,,4.0,0.0,4.0,0.0,0.0,2.0,0.0,,,,,0,최근 4개 분기 실제 점포당 제과매출환경,20253~20262,0,NO_QUALIFIED_FORECAST_MODEL
3110713,구로보건소,A,골목상권,4,0,4,0.0,0.0,4.0,0,,,4.0,0.0,4.0,0.0,0.0,2.0,0.0,,,,,0,최근 4개 분기 실제 점포당 제과매출환경,20253~20262,0,NO_QUALIFIED_FORECAST_MODEL
3110716,구로나눔길,A,골목상권,4,0,4,0.0,0.0,1.0,0,,,3.0,0.0,3.0,0.0,0.0,1.0,0.0,,,,,0,최근 4개 분기 실제 점포당 제과매출환경,20253~20262,0,NO_QUALIFIED_FORECAST_MODEL
3110720,대림역 2번,A,골목상권,4,0,4,0.0,0.0,1.0,0,,,4.0,4.0,4.0,726577265.0,149207.0,2.0,1.0,363288632.5,4869.592344863177,,,0,최근 4개 분기 실제 점포당 제과매출환경,20253~20262,0,NO_QUALIFIED_FORECAST_MODEL
3110721,가리봉파출소,A,골목상권,4,0,4,0.0,0.0,1.0,0,,,4.0,0.0,4.0,0.0,0.0,1.0,0.0,,,,,0,최근 4개 분기 실제 점포당 제과매출환경,20253~20262,0,NO_QUALIFIED_FORECAST_MODEL
3110722,G타워,A,골목상권,4,0,4,0.0,0.0,1.0,0,,,4.0,0.0,4.0,0.0,0.0,1.0,0.0,,,,,0,최근 4개 분기 실제 점포당 제과매출환경,20253~20262,0,NO_QUALIFIED_FORECAST_MODEL
3110724,금천구립가산도서관,A,골목상권,4,0,4,0.0,0.0,1.0,0,,,4.0,0.0,4.0,0.0,0.0,2.0,0.0,,,,,0,최근 4개 분기 실제 점포당 제과매출환경,20253~20262,0,NO_QUALIFIED_FORECAST_MODEL
3110726,금천철쭉어린이공원(금하마을),A,골목상권,4,1,4,41091234.0,3980.0,2.25,0,,,4.0,0.0,4.0,0.0,0.0,2.0,0.0,,,,,0,최근 4개 분기 실제 점포당 제과매출환경,20253~20262,0,NO_QUALIFIED_FORECAST_MODEL
3110727,독산역 1번 출입구,A,골목상권,4,0,0,0.0,0.0,0.0,0,,,4.0,0.0,0.0,0.0,0.0,0.0,0.0,,,,,0,최근 4개 분기 실제 점포당 제과매출환경,20253~20262,0,NO_QUALIFIED_FORECAST_MODEL
3110729,가산동우체국,A,골목상권,4,0,4,0.0,0.0,1.0,0,,,4.0,0.0,4.0,0.0,0.0,1.0,0.0,,,,,0,최근 4개 분기 실제 점포당 제과매출환경,20253~20262,0,NO_QUALIFIED_FORECAST_MODEL
3110730,서울축산농협 독산역지점(독산파출소),A,골목상권,4,0,4,0.0,0.0,2.0,0,,,4.0,0.0,4.0,0.0,0.0,2.0,0.0,,,,,0,최근 4개 분기 실제 점포당 제과매출환경,20253~20262,0,NO_QUALIFIED_FORECAST_MODEL
3110732,가산초등학교(세일중학교),A,골목상권,4,0,4,0.0,0.0,1.0,0,,,4.0,0.0,4.0,0.0,0.0,1.0,0.0,,,,,0,최근 4개 분기 실제 점포당 제과매출환경,20253~20262,0,NO_QUALIFIED_FORECAST_MODEL
3110733,금천어울림복지센터,A,골목상권,4,0,4,0.0,0.0,1.0,0,,,4.0,0.0,4.0,0.0,0.0,1.0,0.0,,,,,0,최근 4개 분기 실제 점포당 제과매출환경,20253~20262,0,NO_QUALIFIED_FORECAST_MODEL
3110735,말미고개,A,골목상권,4,0,4,0.0,0.0,1.0,0,,,4.0,0.0,4.0,0.0,0.0,1.0,0.0,,,,,0,최근 4개 분기 실제 점포당 제과매출환경,20253~20262,0,NO_QUALIFIED_FORECAST_MODEL
3110736,독산119안전센터,A,골목상권,4,0,4,0.0,0.0,1.0,0,,,4.0,1.0,4.0,138674721.0,12706.0,1.25,0.0,,,,,0,최근 4개 분기 실제 점포당 제과매출환경,20253~20262,0,NO_QUALIFIED_FORECAST_MODEL
3110738,문성초등학교,A,골목상권,4,0,4,0.0,0.0,2.0,0,,,4.0,0.0,4.0,0.0,0.0,2.0,0.0,,,,,0,최근 4개 분기 실제 점포당 제과매출환경,20253~20262,0,NO_QUALIFIED_FORECAST_MODEL
3110742,KT금천빌딩(금천구시설관리공단),A,골목상권,4,0,4,0.0,0.0,1.25,0,,,4.0,0.0,4.0,0.0,0.0,1.0,0.0,,,,,0,최근 4개 분기 실제 점포당 제과매출환경,20253~20262,0,NO_QUALIFIED_FORECAST_MODEL
3110744,독산동성당,A,골목상권,4,0,4,0.0,0.0,1.0,0,,,4.0,0.0,4.0,0.0,0.0,1.0,0.0,,,,,0,최근 4개 분기 실제 점포당 제과매출환경,20253~20262,0,NO_QUALIFIED_FORECAST_MODEL
3110745,독산동정훈단지,A,골목상권,4,0,4,0.0,0.0,1.0,0,,,2.0,0.0,2.0,0.0,0.0,1.0,0.0,,,,,0,최근 4개 분기 실제 점포당 제과매출환경,20253~20262,0,NO_QUALIFIED_FORECAST_MODEL
3110746,금천금빛공원(은행나무사거리서측),A,골목상권,4,0,4,0.0,0.0,1.0,0,,,4.0,0.0,4.0,0.0,0.0,2.0,0.0,,,,,0,최근 4개 분기 실제 점포당 제과매출환경,20253~20262,0,NO_QUALIFIED_FORECAST_MODEL
3110747,석수역 1번 출입구,A,골목상권,4,0,0,0.0,0.0,0.0,0,,,4.0,0.0,0.0,0.0,0.0,0.0,0.0,,,,,0,최근 4개 분기 실제 점포당 제과매출환경,20253~20262,0,NO_QUALIFIED_FORECAST_MODEL
3110748,백산초등학교,A,골목상권,4,2,4,3618298.0,1304.0,2.0,0,,,4.0,4.0,4.0,163630096.0,16566.0,2.75,1.0,59501853.09090909,9877.46565254135,,,0,최근 4개 분기 실제 점포당 제과매출환경,20253~20262,0,NO_QUALIFIED_FORECAST_MODEL
3110749,금산초등학교(금천고등학교),A,골목상권,4,0,4,0.0,0.0,2.0,0,,,4.0,1.0,4.0,30676028.0,1508.0,2.25,0.0,,,,,0,최근 4개 분기 실제 점포당 제과매출환경,20253~20262,0,NO_QUALIFIED_FORECAST_MODEL
3110750,시흥4동주민센터(서울신흥초등학교),A,골목상권,4,0,4,0.0,0.0,1.5,0,,,4.0,2.0,4.0,104781013.0,10362.0,2.5,0.0,,,,,0,최근 4개 분기 실제 점포당 제과매출환경,20253~20262,0,NO_QUALIFIED_FORECAST_MODEL
3110752,한울중학교,A,골목상권,4,0,4,0.0,0.0,2.0,0,,,4.0,0.0,4.0,0.0,0.0,2.0,0.0,,,,,0,최근 4개 분기 실제 점포당 제과매출환경,20253~20262,0,NO_QUALIFIED_FORECAST_MODEL
3110753,시흥동 은행나무사거리,A,골목상권,4,0,4,0.0,0.0,2.0,0,,,4.0,0.0,4.0,0.0,0.0,2.0,0.0,,,,,0,최근 4개 분기 실제 점포당 제과매출환경,20253~20262,0,NO_QUALIFIED_FORECAST_MODEL
3110754,삼성산자연공원(서울금천초등학교),A,골목상권,4,0,4,0.0,0.0,1.25,0,,,4.0,0.0,4.0,0.0,0.0,2.0,0.0,,,,,0,최근 4개 분기 실제 점포당 제과매출환경,20253~20262,0,NO_QUALIFIED_FORECAST_MODEL
3110755,동일여자고등학교,A,골목상권,4,0,4,0.0,0.0,1.75,0,,,4.0,0.0,4.0,0.0,0.0,1.0,0.0,,,,,0,최근 4개 분기 실제 점포당 제과매출환경,20253~20262,0,NO_QUALIFIED_FORECAST_MODEL
3110756,문래중학교,A,골목상권,4,0,4,0.0,0.0,1.0,0,,,4.0,0.0,4.0,0.0,0.0,1.75,0.0,,,,,0,최근 4개 분기 실제 점포당 제과매출환경,20253~20262,0,NO_QUALIFIED_FORECAST_MODEL
3110758,문래소공원,A,골목상권,1,0,1,0.0,0.0,1.0,0,,,,,,,,,,,,,,0,최근 4개 분기 실제 점포당 제과매출환경,20253~20262,0,NO_QUALIFIED_FORECAST_MODEL
3110759,문래예술촌(문래창작촌),A,골목상권,4,0,4,0.0,0.0,9.75,0,,,4.0,0.0,4.0,0.0,0.0,6.0,0.0,,,,,0,최근 4개 분기 실제 점포당 제과매출환경,20253~20262,0,NO_QUALIFIED_FORECAST_MODEL
3110760,선유도역 6번,A,골목상권,4,0,4,0.0,0.0,3.0,0,,,4.0,0.0,4.0,0.0,0.0,3.0,0.0,,,,,0,최근 4개 분기 실제 점포당 제과매출환경,20253~20262,0,NO_QUALIFIED_FORECAST_MODEL
3110761,문래동남성맨션,A,골목상권,2,0,2,0.0,0.0,1.0,0,,,,,,,,,,,,,,0,최근 4개 분기 실제 점포당 제과매출환경,20253~20262,0,NO_QUALIFIED_FORECAST_MODEL
3110763,영등포구청역 2번,A,골목상권,4,0,4,0.0,0.0,2.0,0,,,4.0,0.0,4.0,0.0,0.0,3.0,0.0,,,,,0,최근 4개 분기 실제 점포당 제과매출환경,20253~20262,0,NO_QUALIFIED_FORECAST_MODEL
3110765,문래동사거리,A,골목상권,4,0,4,0.0,0.0,2.0,0,,,4.0,0.0,4.0,0.0,0.0,2.0,0.0,,,,,0,최근 4개 분기 실제 점포당 제과매출환경,20253~20262,0,NO_QUALIFIED_FORECAST_MODEL
3110766,대림역 5번,A,골목상권,4,0,4,0.0,0.0,1.75,0,,,4.0,0.0,4.0,0.0,0.0,1.0,0.0,,,,,0,최근 4개 분기 실제 점포당 제과매출환경,20253~20262,0,NO_QUALIFIED_FORECAST_MODEL
3110767,도림동주민센터,A,골목상권,4,0,4,0.0,0.0,2.0,0,,,4.0,0.0,4.0,0.0,0.0,1.25,0.0,,,,,0,최근 4개 분기 실제 점포당 제과매출환경,20253~20262,0,NO_QUALIFIED_FORECAST_MODEL
3110770,영등포구청역 6번,A,골목상권,4,0,4,0.0,0.0,1.75,0,,,4.0,0.0,4.0,0.0,0.0,2.75,0.0,,,,,0,최근 4개 분기 실제 점포당 제과매출환경,20253~20262,0,NO_QUALIFIED_FORECAST_MODEL
3110774,당산반도유보라팰리스아파트,A,골목상권,4,0,4,0.0,0.0,5.0,0,,,4.0,0.0,4.0,0.0,0.0,5.5,0.0,,,,,0,최근 4개 분기 실제 점포당 제과매출환경,20253~20262,0,NO_QUALIFIED_FORECAST_MODEL
3110779,대림갑을명가아파트,A,골목상권,4,0,4,0.0,0.0,1.0,0,,,4.0,0.0,4.0,0.0,0.0,1.0,0.0,,,,,0,최근 4개 분기 실제 점포당 제과매출환경,20253~20262,0,NO_QUALIFIED_FORECAST_MODEL
3110781,대림한신아파트,A,골목상권,4,0,4,0.0,0.0,1.75,0,,,4.0,0.0,4.0,0.0,0.0,1.25,0.0,,,,,0,최근 4개 분기 실제 점포당 제과매출환경,20253~20262,0,NO_QUALIFIED_FORECAST_MODEL
3110783,영등포시장역 1번,A,골목상권,4,0,4,0.0,0.0,1.0,0,,,4.0,0.0,4.0,0.0,0.0,1.0,0.0,,,,,0,최근 4개 분기 실제 점포당 제과매출환경,20253~20262,0,NO_QUALIFIED_FORECAST_MODEL
3110786,당산역 8번,A,골목상권,4,0,4,0.0,0.0,1.5,0,,,4.0,0.0,4.0,0.0,0.0,1.75,0.0,,,,,0,최근 4개 분기 실제 점포당 제과매출환경,20253~20262,0,NO_QUALIFIED_FORECAST_MODEL
3110787,신길3동주민센터,A,골목상권,4,0,4,0.0,0.0,1.25,0,,,4.0,0.0,4.0,0.0,0.0,1.0,0.0,,,,,0,최근 4개 분기 실제 점포당 제과매출환경,20253~20262,0,NO_QUALIFIED_FORECAST_MODEL
3110788,영등포시장역 3번,A,골목상권,4,0,4,0.0,0.0,2.0,0,,,4.0,0.0,4.0,0.0,0.0,2.0,0.0,,,,,0,최근 4개 분기 실제 점포당 제과매출환경,20253~20262,0,NO_QUALIFIED_FORECAST_MODEL
3110789,대림성모병원,A,골목상권,4,0,4,0.0,0.0,1.0,0,,,4.0,0.0,4.0,0.0,0.0,1.0,0.0,,,,,0,최근 4개 분기 실제 점포당 제과매출환경,20253~20262,0,NO_QUALIFIED_FORECAST_MODEL
3110790,대림1동주민센터,A,골목상권,4,0,4,0.0,0.0,1.0,0,,,4.0,0.0,4.0,0.0,0.0,1.0,0.0,,,,,0,최근 4개 분기 실제 점포당 제과매출환경,20253~20262,0,NO_QUALIFIED_FORECAST_MODEL
3110794,영동초등학교,A,골목상권,4,0,4,0.0,0.0,1.0,0,,,4.0,0.0,4.0,0.0,0.0,1.0,0.0,,,,,0,최근 4개 분기 실제 점포당 제과매출환경,20253~20262,0,NO_QUALIFIED_FORECAST_MODEL
3110796,한림대학교한강성심병원,A,골목상권,4,0,0,0.0,0.0,0.0,0,,,2.0,0.0,0.0,0.0,0.0,0.0,0.0,,,,,0,최근 4개 분기 실제 점포당 제과매출환경,20253~20262,0,NO_QUALIFIED_FORECAST_MODEL
3110804,신풍역 1번,A,골목상권,4,0,4,0.0,0.0,2.25,0,,,4.0,0.0,4.0,0.0,0.0,3.0,0.0,,,,,0,최근 4개 분기 실제 점포당 제과매출환경,20253~20262,0,NO_QUALIFIED_FORECAST_MODEL
3110805,신길새마을금고신길4동지점,A,골목상권,4,0,4,0.0,0.0,1.0,0,,,4.0,0.0,4.0,0.0,0.0,1.0,0.0,,,,,0,최근 4개 분기 실제 점포당 제과매출환경,20253~20262,0,NO_QUALIFIED_FORECAST_MODEL
3110807,신길역 3번,A,골목상권,4,0,4,0.0,0.0,1.0,0,,,4.0,0.0,4.0,0.0,0.0,1.0,0.0,,,,,0,최근 4개 분기 실제 점포당 제과매출환경,20253~20262,0,NO_QUALIFIED_FORECAST_MODEL
3110809,장훈고등학교,A,골목상권,4,0,4,0.0,0.0,1.0,0,,,4.0,0.0,4.0,0.0,0.0,1.0,0.0,,,,,0,최근 4개 분기 실제 점포당 제과매출환경,20253~20262,0,NO_QUALIFIED_FORECAST_MODEL
3110811,보라매역 4번,A,골목상권,4,0,3,0.0,0.0,0.75,0,,,4.0,0.0,4.0,0.0,0.0,1.0,0.0,,,,,0,최근 4개 분기 실제 점포당 제과매출환경,20253~20262,0,NO_QUALIFIED_FORECAST_MODEL
3110813,보라매역 6번,A,골목상권,4,0,4,0.0,0.0,4.5,0,,,4.0,3.0,4.0,28919361.0,1631.0,4.0,0.0,,,,,0,최근 4개 분기 실제 점포당 제과매출환경,20253~20262,0,NO_QUALIFIED_FORECAST_MODEL
3110814,서울지방병무청,A,골목상권,4,0,4,0.0,0.0,1.0,0,,,4.0,0.0,4.0,0.0,0.0,1.25,0.0,,,,,0,최근 4개 분기 실제 점포당 제과매출환경,20253~20262,0,NO_QUALIFIED_FORECAST_MODEL
3110820,성남고등학교,A,골목상권,4,0,4,0.0,0.0,1.0,0,,,4.0,0.0,4.0,0.0,0.0,1.0,0.0,,,,,0,최근 4개 분기 실제 점포당 제과매출환경,20253~20262,0,NO_QUALIFIED_FORECAST_MODEL
3110821,보라매역 2번,A,골목상권,4,0,4,0.0,0.0,4.0,0,,,4.0,0.0,4.0,0.0,0.0,4.0,0.0,,,,,0,최근 4개 분기 실제 점포당 제과매출환경,20253~20262,0,NO_QUALIFIED_FORECAST_MODEL
3110824,대방역 3번,A,골목상권,4,0,4,0.0,0.0,1.0,0,,,4.0,0.0,4.0,0.0,0.0,1.0,0.0,,,,,0,최근 4개 분기 실제 점포당 제과매출환경,20253~20262,0,NO_QUALIFIED_FORECAST_MODEL
3110825,신대방삼거리역 1번,A,골목상권,4,0,4,0.0,0.0,3.0,0,,,4.0,0.0,4.0,0.0,0.0,2.5,0.0,,,,,0,최근 4개 분기 실제 점포당 제과매출환경,20253~20262,0,NO_QUALIFIED_FORECAST_MODEL
3110826,장승배기역 4번,A,골목상권,4,0,4,0.0,0.0,3.25,0,,,4.0,0.0,4.0,0.0,0.0,1.25,0.0,,,,,0,최근 4개 분기 실제 점포당 제과매출환경,20253~20262,0,NO_QUALIFIED_FORECAST_MODEL
3110827,NH농협은행 상도동지점,A,골목상권,4,0,4,0.0,0.0,1.0,0,,,4.0,0.0,4.0,0.0,0.0,1.0,0.0,,,,,0,최근 4개 분기 실제 점포당 제과매출환경,20253~20262,0,NO_QUALIFIED_FORECAST_MODEL
3110833,상도역 2번,A,골목상권,4,0,4,0.0,0.0,3.0,0,,,4.0,0.0,4.0,0.0,0.0,3.0,0.0,,,,,0,최근 4개 분기 실제 점포당 제과매출환경,20253~20262,0,NO_QUALIFIED_FORECAST_MODEL
3110834,동작구자원봉사센터,A,골목상권,4,0,4,0.0,0.0,1.0,0,,,4.0,0.0,4.0,0.0,0.0,1.0,0.0,,,,,0,최근 4개 분기 실제 점포당 제과매출환경,20253~20262,0,NO_QUALIFIED_FORECAST_MODEL
3110838,상도1동주민센터앞,A,골목상권,4,0,4,0.0,0.0,1.0,0,,,4.0,0.0,4.0,0.0,0.0,1.0,0.0,,,,,0,최근 4개 분기 실제 점포당 제과매출환경,20253~20262,0,NO_QUALIFIED_FORECAST_MODEL
3110839,숭실대입구역 4번,A,골목상권,4,0,4,0.0,0.0,1.0,0,,,4.0,0.0,4.0,0.0,0.0,1.0,0.0,,,,,0,최근 4개 분기 실제 점포당 제과매출환경,20253~20262,0,NO_QUALIFIED_FORECAST_MODEL
3110840,중앙대학교,A,골목상권,4,0,4,0.0,0.0,1.0,0,,,4.0,0.0,4.0,0.0,0.0,1.0,0.0,,,,,0,최근 4개 분기 실제 점포당 제과매출환경,20253~20262,0,NO_QUALIFIED_FORECAST_MODEL
3110845,사당종합체육관,A,골목상권,4,0,0,0.0,0.0,0.0,0,,,4.0,0.0,0.0,0.0,0.0,0.0,0.0,,,,,0,최근 4개 분기 실제 점포당 제과매출환경,20253~20262,0,NO_QUALIFIED_FORECAST_MODEL
3110848,양지어린이공원,A,골목상권,4,0,4,0.0,0.0,1.0,0,,,4.0,0.0,4.0,0.0,0.0,1.0,0.0,,,,,0,최근 4개 분기 실제 점포당 제과매출환경,20253~20262,0,NO_QUALIFIED_FORECAST_MODEL
3110849,이수역 10번,A,골목상권,4,0,4,0.0,0.0,2.0,0,,,4.0,0.0,4.0,0.0,0.0,1.25,0.0,,,,,0,최근 4개 분기 실제 점포당 제과매출환경,20253~20262,0,NO_QUALIFIED_FORECAST_MODEL
3110850,사당역 10번,A,골목상권,4,0,4,0.0,0.0,7.0,0,,,4.0,1.0,4.0,27124757.0,2413.0,7.0,0.0,,,,,0,최근 4개 분기 실제 점포당 제과매출환경,20253~20262,0,NO_QUALIFIED_FORECAST_MODEL
3110851,경문고등학교(동작동성당),A,골목상권,4,0,4,0.0,0.0,2.0,0,,,4.0,0.0,4.0,0.0,0.0,1.25,0.0,,,,,0,최근 4개 분기 실제 점포당 제과매출환경,20253~20262,0,NO_QUALIFIED_FORECAST_MODEL
3110852,이수역 9번,A,골목상권,4,0,3,0.0,0.0,0.75,0,,,4.0,0.0,4.0,0.0,0.0,1.0,0.0,,,,,0,최근 4개 분기 실제 점포당 제과매출환경,20253~20262,0,NO_QUALIFIED_FORECAST_MODEL
3110853,KT구로지사,A,골목상권,4,0,4,0.0,0.0,2.0,0,,,4.0,0.0,4.0,0.0,0.0,2.0,0.0,,,,,0,최근 4개 분기 실제 점포당 제과매출환경,20253~20262,0,NO_QUALIFIED_FORECAST_MODEL
3110856,미성초등학교,A,골목상권,4,0,4,0.0,0.0,1.0,0,,,4.0,0.0,4.0,0.0,0.0,1.0,0.0,,,,,0,최근 4개 분기 실제 점포당 제과매출환경,20253~20262,0,NO_QUALIFIED_FORECAST_MODEL
3110857,미성동주민센터,A,골목상권,4,0,4,0.0,0.0,1.0,0,,,4.0,2.0,4.0,632296090.0,53454.0,1.5,0.0,,,,,0,최근 4개 분기 실제 점포당 제과매출환경,20253~20262,0,NO_QUALIFIED_FORECAST_MODEL
3110858,신대방역 1번,A,골목상권,4,0,4,0.0,0.0,1.75,0,,,4.0,0.0,4.0,0.0,0.0,1.0,0.0,,,,,0,최근 4개 분기 실제 점포당 제과매출환경,20253~20262,0,NO_QUALIFIED_FORECAST_MODEL
3110859,난향초등학교,A,골목상권,4,0,4,0.0,0.0,2.25,0,,,4.0,0.0,4.0,0.0,0.0,2.0,0.0,,,,,0,최근 4개 분기 실제 점포당 제과매출환경,20253~20262,0,NO_QUALIFIED_FORECAST_MODEL
3110860,호림박물관(성보고등학교),A,골목상권,4,0,4,0.0,0.0,1.75,0,,,,,,,,,,,,,,0,최근 4개 분기 실제 점포당 제과매출환경,20253~20262,0,NO_QUALIFIED_FORECAST_MODEL
3110862,난곡초등학교(난곡동벽화마을),A,골목상권,4,0,4,0.0,0.0,1.25,0,,,4.0,0.0,4.0,0.0,0.0,1.75,0.0,,,,,0,최근 4개 분기 실제 점포당 제과매출환경,20253~20262,0,NO_QUALIFIED_FORECAST_MODEL
3110863,난우초등학교,A,골목상권,4,0,4,0.0,0.0,3.0,0,,,4.0,0.0,4.0,0.0,0.0,3.25,0.0,,,,,0,최근 4개 분기 실제 점포당 제과매출환경,20253~20262,0,NO_QUALIFIED_FORECAST_MODEL
3110864,신림우방아파트,A,골목상권,4,0,4,0.0,0.0,2.75,0,,,4.0,0.0,4.0,0.0,0.0,4.0,0.0,,,,,0,최근 4개 분기 실제 점포당 제과매출환경,20253~20262,0,NO_QUALIFIED_FORECAST_MODEL
3110866,난우중학교,A,골목상권,4,0,4,0.0,0.0,1.0,0,,,4.0,3.0,4.0,556814747.0,52990.0,1.75,0.0,,,,,0,최근 4개 분기 실제 점포당 제과매출환경,20253~20262,0,NO_QUALIFIED_FORECAST_MODEL
3110868,남부초등학교,A,골목상권,4,0,4,0.0,0.0,1.0,0,,,4.0,0.0,4.0,0.0,0.0,1.0,0.0,,,,,0,최근 4개 분기 실제 점포당 제과매출환경,20253~20262,0,NO_QUALIFIED_FORECAST_MODEL
3110869,"신림역 5번(신림동주민센터, 신림동별빛거리)",A,골목상권,4,0,4,0.0,0.0,5.5,0,,,4.0,0.0,4.0,0.0,0.0,5.75,0.0,,,,,0,최근 4개 분기 실제 점포당 제과매출환경,20253~20262,0,NO_QUALIFIED_FORECAST_MODEL
3110872,신림초등학교,A,골목상권,4,0,4,0.0,0.0,1.0,0,,,4.0,0.0,4.0,0.0,0.0,1.75,0.0,,,,,0,최근 4개 분기 실제 점포당 제과매출환경,20253~20262,0,NO_QUALIFIED_FORECAST_MODEL
3110875,보라매동주민센터(당곡고등학교),A,골목상권,4,0,4,0.0,0.0,2.5,0,,,4.0,0.0,4.0,0.0,0.0,3.0,0.0,,,,,0,최근 4개 분기 실제 점포당 제과매출환경,20253~20262,0,NO_QUALIFIED_FORECAST_MODEL
3110876,서원동주민센터(신관중학교),A,골목상권,4,0,4,0.0,0.0,1.0,0,,,4.0,0.0,4.0,0.0,0.0,1.0,0.0,,,,,0,최근 4개 분기 실제 점포당 제과매출환경,20253~20262,0,NO_QUALIFIED_FORECAST_MODEL
3110877,신림역 8번,A,골목상권,4,0,4,0.0,0.0,1.25,0,,,4.0,0.0,4.0,0.0,0.0,1.25,0.0,,,,,0,최근 4개 분기 실제 점포당 제과매출환경,20253~20262,0,NO_QUALIFIED_FORECAST_MODEL
3110878,미림여고,A,골목상권,4,0,4,0.0,0.0,1.0,0,,,4.0,0.0,4.0,0.0,0.0,1.0,0.0,,,,,0,최근 4개 분기 실제 점포당 제과매출환경,20253~20262,0,NO_QUALIFIED_FORECAST_MODEL
3110879,신림현대아파트,A,골목상권,4,0,0,0.0,0.0,0.0,0,,,4.0,0.0,0.0,0.0,0.0,0.0,0.0,,,,,0,최근 4개 분기 실제 점포당 제과매출환경,20253~20262,0,NO_QUALIFIED_FORECAST_MODEL
3110880,신림역 1번,A,골목상권,4,3,4,418712175.0,45767.0,1.75,0,,,4.0,2.0,4.0,342237135.0,38045.0,1.0,0.0,,,,,0,최근 4개 분기 실제 점포당 제과매출환경,20253~20262,0,NO_QUALIFIED_FORECAST_MODEL
3110884,봉천역 4번(봉천110안전센터),A,골목상권,4,0,4,0.0,0.0,1.5,0,,,4.0,0.0,4.0,0.0,0.0,1.0,0.0,,,,,0,최근 4개 분기 실제 점포당 제과매출환경,20253~20262,0,NO_QUALIFIED_FORECAST_MODEL
3110885,영락고등학교,A,골목상권,4,0,4,0.0,0.0,1.0,0,,,4.0,0.0,4.0,0.0,0.0,1.0,0.0,,,,,0,최근 4개 분기 실제 점포당 제과매출환경,20253~20262,0,NO_QUALIFIED_FORECAST_MODEL
3110886,관악해태어린이공원,A,골목상권,4,0,4,0.0,0.0,1.0,0,,,,,,,,,,,,,,0,최근 4개 분기 실제 점포당 제과매출환경,20253~20262,0,NO_QUALIFIED_FORECAST_MODEL
3110888,청룡동주민센터,A,골목상권,4,0,4,0.0,0.0,2.0,0,,,4.0,0.0,4.0,0.0,0.0,2.0,0.0,,,,,0,최근 4개 분기 실제 점포당 제과매출환경,20253~20262,0,NO_QUALIFIED_FORECAST_MODEL
3110889,봉천역 6번,A,골목상권,4,0,4,0.0,0.0,1.0,0,,,4.0,0.0,4.0,0.0,0.0,1.0,0.0,,,,,0,최근 4개 분기 실제 점포당 제과매출환경,20253~20262,0,NO_QUALIFIED_FORECAST_MODEL
3110890,봉천역 1번(관악초등학교),A,골목상권,4,0,4,0.0,0.0,2.0,0,,,4.0,0.0,4.0,0.0,0.0,2.25,0.0,,,,,0,최근 4개 분기 실제 점포당 제과매출환경,20253~20262,0,NO_QUALIFIED_FORECAST_MODEL
3110891,구암초등학교,A,골목상권,2,0,2,0.0,0.0,1.0,0,,,,,,,,,,,,,,0,최근 4개 분기 실제 점포당 제과매출환경,20253~20262,0,NO_QUALIFIED_FORECAST_MODEL
3110895,샤로수길,A,골목상권,4,0,4,0.0,0.0,11.75,0,,,4.0,4.0,4.0,160784346.0,9507.0,11.75,1.0,13683774.127659574,16912.206374250552,,,0,최근 4개 분기 실제 점포당 제과매출환경,20253~20262,0,NO_QUALIFIED_FORECAST_MODEL
3110896,관악우성아파트,A,골목상권,4,0,4,0.0,0.0,2.0,0,,,4.0,0.0,4.0,0.0,0.0,2.0,0.0,,,,,0,최근 4개 분기 실제 점포당 제과매출환경,20253~20262,0,NO_QUALIFIED_FORECAST_MODEL
3110897,서울대입구역 8번,A,골목상권,4,0,4,0.0,0.0,3.75,0,,,4.0,0.0,4.0,0.0,0.0,5.5,0.0,,,,,0,최근 4개 분기 실제 점포당 제과매출환경,20253~20262,0,NO_QUALIFIED_FORECAST_MODEL
3110900,낙성대역 1번(관악구민 종합체육센터),A,골목상권,4,0,4,0.0,0.0,1.0,0,,,4.0,0.0,4.0,0.0,0.0,1.0,0.0,,,,,0,최근 4개 분기 실제 점포당 제과매출환경,20253~20262,0,NO_QUALIFIED_FORECAST_MODEL
3110901,인헌고등학교(인헌중학교),A,골목상권,4,0,4,0.0,0.0,2.0,0,,,4.0,0.0,4.0,0.0,0.0,2.0,0.0,,,,,0,최근 4개 분기 실제 점포당 제과매출환경,20253~20262,0,NO_QUALIFIED_FORECAST_MODEL
3110902,사당역 4번,A,골목상권,4,0,4,0.0,0.0,1.0,0,,,4.0,1.0,4.0,36158307.0,3293.0,1.25,0.0,,,,,0,최근 4개 분기 실제 점포당 제과매출환경,20253~20262,0,NO_QUALIFIED_FORECAST_MODEL
3110903,방배아이파크아파트,A,골목상권,4,0,4,0.0,0.0,1.0,0,,,4.0,0.0,4.0,0.0,0.0,1.0,0.0,,,,,0,최근 4개 분기 실제 점포당 제과매출환경,20253~20262,0,NO_QUALIFIED_FORECAST_MODEL
3110906,서문여고,A,골목상권,4,0,4,0.0,0.0,1.25,0,,,2.0,0.0,2.0,0.0,0.0,1.0,0.0,,,,,0,최근 4개 분기 실제 점포당 제과매출환경,20253~20262,0,NO_QUALIFIED_FORECAST_MODEL
3110907,방배초등학교,A,골목상권,4,0,4,0.0,0.0,2.0,0,,,4.0,0.0,4.0,0.0,0.0,2.0,0.0,,,,,0,최근 4개 분기 실제 점포당 제과매출환경,20253~20262,0,NO_QUALIFIED_FORECAST_MODEL
3110910,내방역 5번,A,골목상권,4,0,4,0.0,0.0,2.0,0,,,4.0,0.0,4.0,0.0,0.0,2.0,0.0,,,,,0,최근 4개 분기 실제 점포당 제과매출환경,20253~20262,0,NO_QUALIFIED_FORECAST_MODEL
3110915,서래초등학교,A,골목상권,4,0,4,0.0,0.0,1.25,0,,,,,,,,,,,,,,0,최근 4개 분기 실제 점포당 제과매출환경,20253~20262,0,NO_QUALIFIED_FORECAST_MODEL
3110918,방배역 3번,A,골목상권,4,0,4,0.0,0.0,3.0,0,,,4.0,0.0,4.0,0.0,0.0,3.0,0.0,,,,,0,최근 4개 분기 실제 점포당 제과매출환경,20253~20262,0,NO_QUALIFIED_FORECAST_MODEL
3110919,내방역 8번,A,골목상권,4,0,4,0.0,0.0,6.0,0,,,4.0,0.0,4.0,0.0,0.0,5.25,0.0,,,,,0,최근 4개 분기 실제 점포당 제과매출환경,20253~20262,0,NO_QUALIFIED_FORECAST_MODEL
3110921,서울프랑스학교,A,골목상권,4,0,4,0.0,0.0,1.0,0,,,4.0,0.0,4.0,0.0,0.0,1.0,0.0,,,,,0,최근 4개 분기 실제 점포당 제과매출환경,20253~20262,0,NO_QUALIFIED_FORECAST_MODEL
3110922,내방역 1번,A,골목상권,4,0,4,0.0,0.0,1.0,0,,,4.0,0.0,4.0,0.0,0.0,1.0,0.0,,,,,0,최근 4개 분기 실제 점포당 제과매출환경,20253~20262,0,NO_QUALIFIED_FORECAST_MODEL
3110924,반포4동주민센터(몽마르뜨공원),A,골목상권,4,0,4,0.0,0.0,1.0,0,,,4.0,0.0,4.0,0.0,0.0,1.0,0.0,,,,,0,최근 4개 분기 실제 점포당 제과매출환경,20253~20262,0,NO_QUALIFIED_FORECAST_MODEL
3110925,서초중학교,A,골목상권,4,0,4,0.0,0.0,3.0,0,,,4.0,0.0,4.0,0.0,0.0,3.0,0.0,,,,,0,최근 4개 분기 실제 점포당 제과매출환경,20253~20262,0,NO_QUALIFIED_FORECAST_MODEL
3110926,신중초등학교,A,골목상권,4,0,4,0.0,0.0,1.0,0,,,4.0,0.0,4.0,0.0,0.0,1.0,0.0,,,,,0,최근 4개 분기 실제 점포당 제과매출환경,20253~20262,0,NO_QUALIFIED_FORECAST_MODEL
3110927,잠원역,A,골목상권,4,0,3,0.0,0.0,1.25,0,,,,,,,,,,,,,,0,최근 4개 분기 실제 점포당 제과매출환경,20253~20262,0,NO_QUALIFIED_FORECAST_MODEL
3110931,삼성전자서울R&D(서울우면초등학교),A,골목상권,4,0,3,0.0,0.0,0.75,0,,,4.0,0.0,4.0,0.0,0.0,1.75,0.0,,,,,0,최근 4개 분기 실제 점포당 제과매출환경,20253~20262,0,NO_QUALIFIED_FORECAST_MODEL
3110934,우면주공아파트,A,골목상권,4,1,4,155209413.0,15922.0,1.5,0,,,4.0,4.0,4.0,647748972.0,66883.0,3.0,1.0,215916324.0,9684.807380051732,,,0,최근 4개 분기 실제 점포당 제과매출환경,20253~20262,0,NO_QUALIFIED_FORECAST_MODEL
3110936,더케이호텔(양재리본타워2단지아파트),A,골목상권,4,0,4,0.0,0.0,2.0,0,,,4.0,0.0,4.0,0.0,0.0,2.0,0.0,,,,,0,최근 4개 분기 실제 점포당 제과매출환경,20253~20262,0,NO_QUALIFIED_FORECAST_MODEL
3110938,바우뫼공원,A,골목상권,4,0,4,0.0,0.0,2.5,0,,,4.0,0.0,4.0,0.0,0.0,1.0,0.0,,,,,0,최근 4개 분기 실제 점포당 제과매출환경,20253~20262,0,NO_QUALIFIED_FORECAST_MODEL
3110939,양재역 8번(양재동우체국),A,골목상권,4,3,4,21500539.0,2225.0,3.25,0,,,4.0,0.0,4.0,0.0,0.0,5.0,0.0,,,,,0,최근 4개 분기 실제 점포당 제과매출환경,20253~20262,0,NO_QUALIFIED_FORECAST_MODEL
3110940,양재근린공원(양재2동주민센터),A,골목상권,4,0,4,0.0,0.0,1.0,0,,,4.0,0.0,4.0,0.0,0.0,1.0,0.0,,,,,0,최근 4개 분기 실제 점포당 제과매출환경,20253~20262,0,NO_QUALIFIED_FORECAST_MODEL
3110941,언남고등학교,A,골목상권,4,0,4,0.0,0.0,2.25,0,,,4.0,0.0,4.0,0.0,0.0,2.75,0.0,,,,,0,최근 4개 분기 실제 점포당 제과매출환경,20253~20262,0,NO_QUALIFIED_FORECAST_MODEL
3110942,염곡동 구룡사(포이동성당),A,골목상권,4,0,4,0.0,0.0,4.75,0,,,4.0,0.0,4.0,0.0,0.0,4.5,0.0,,,,,0,최근 4개 분기 실제 점포당 제과매출환경,20253~20262,0,NO_QUALIFIED_FORECAST_MODEL
3110943,법제교육센터(버들어린이공원),A,골목상권,4,3,4,2483760175.0,284433.0,1.5,0,,,4.0,0.0,4.0,0.0,0.0,1.0,0.0,,,,,0,최근 4개 분기 실제 점포당 제과매출환경,20253~20262,0,NO_QUALIFIED_FORECAST_MODEL
3110946,청계산원터골,A,골목상권,4,0,4,0.0,0.0,1.0,0,,,2.0,0.0,1.0,0.0,0.0,0.5,0.0,,,,,0,최근 4개 분기 실제 점포당 제과매출환경,20253~20262,0,NO_QUALIFIED_FORECAST_MODEL
3110947,청계산입구역 2번(내곡동주민센터),A,골목상권,4,0,4,0.0,0.0,1.0,0,,,4.0,0.0,4.0,0.0,0.0,1.0,0.0,,,,,0,최근 4개 분기 실제 점포당 제과매출환경,20253~20262,0,NO_QUALIFIED_FORECAST_MODEL
3110949,한남IC,A,골목상권,4,0,4,0.0,0.0,1.0,0,,,4.0,0.0,4.0,0.0,0.0,1.0,0.0,,,,,0,최근 4개 분기 실제 점포당 제과매출환경,20253~20262,0,NO_QUALIFIED_FORECAST_MODEL
3110951,신사은행나무공원,A,골목상권,4,0,4,0.0,0.0,3.0,0,,,4.0,0.0,4.0,0.0,0.0,3.0,0.0,,,,,0,최근 4개 분기 실제 점포당 제과매출환경,20253~20262,0,NO_QUALIFIED_FORECAST_MODEL
3110953,학동근린공원,A,골목상권,4,0,0,0.0,0.0,0.0,0,,,4.0,0.0,4.0,0.0,0.0,1.0,0.0,,,,,0,최근 4개 분기 실제 점포당 제과매출환경,20253~20262,0,NO_QUALIFIED_FORECAST_MODEL
3110954,국기원,A,골목상권,4,0,4,0.0,0.0,1.0,0,,,4.0,0.0,4.0,0.0,0.0,1.0,0.0,,,,,0,최근 4개 분기 실제 점포당 제과매출환경,20253~20262,0,NO_QUALIFIED_FORECAST_MODEL
3110955,논현초등학교,A,골목상권,4,0,4,0.0,0.0,1.25,0,,,4.0,0.0,4.0,0.0,0.0,1.75,0.0,,,,,0,최근 4개 분기 실제 점포당 제과매출환경,20253~20262,0,NO_QUALIFIED_FORECAST_MODEL
3110956,언주역 8번,A,골목상권,4,0,4,0.0,0.0,1.25,0,,,4.0,0.0,4.0,0.0,0.0,1.25,0.0,,,,,0,최근 4개 분기 실제 점포당 제과매출환경,20253~20262,0,NO_QUALIFIED_FORECAST_MODEL
3110957,언북중학교,A,골목상권,4,0,4,0.0,0.0,1.75,0,,,4.0,0.0,4.0,0.0,0.0,1.0,0.0,,,,,0,최근 4개 분기 실제 점포당 제과매출환경,20253~20262,0,NO_QUALIFIED_FORECAST_MODEL
3110961,언주역 3번,A,골목상권,4,0,4,0.0,0.0,1.0,0,,,4.0,0.0,4.0,0.0,0.0,1.0,0.0,,,,,0,최근 4개 분기 실제 점포당 제과매출환경,20253~20262,0,NO_QUALIFIED_FORECAST_MODEL
3110962,도산공원북측,A,골목상권,4,0,4,0.0,0.0,1.0,0,,,,,,,,,,,,,,0,최근 4개 분기 실제 점포당 제과매출환경,20253~20262,0,NO_QUALIFIED_FORECAST_MODEL
3110963,역삼월드메르디앙아파트,A,골목상권,4,0,3,0.0,0.0,0.75,0,,,3.0,0.0,3.0,0.0,0.0,1.0,0.0,,,,,0,최근 4개 분기 실제 점포당 제과매출환경,20253~20262,0,NO_QUALIFIED_FORECAST_MODEL
3110964,싸리고개근린공원,A,골목상권,4,0,4,0.0,0.0,1.0,0,,,4.0,0.0,4.0,0.0,0.0,1.0,0.0,,,,,0,최근 4개 분기 실제 점포당 제과매출환경,20253~20262,0,NO_QUALIFIED_FORECAST_MODEL
3110965,언주역 6번,A,골목상권,4,0,4,0.0,0.0,1.0,0,,,4.0,0.0,4.0,0.0,0.0,1.0,0.0,,,,,0,최근 4개 분기 실제 점포당 제과매출환경,20253~20262,0,NO_QUALIFIED_FORECAST_MODEL
3110966,논현2동주민센터,A,골목상권,4,2,4,9120258.0,40.0,5.75,0,,,4.0,4.0,4.0,203954802.0,1352.0,3.75,1.0,54387947.2,150854.14349112427,,,0,최근 4개 분기 실제 점포당 제과매출환경,20253~20262,0,NO_QUALIFIED_FORECAST_MODEL
3110967,역삼역 8번,A,골목상권,4,0,4,0.0,0.0,2.0,0,,,4.0,0.0,4.0,0.0,0.0,1.25,0.0,,,,,0,최근 4개 분기 실제 점포당 제과매출환경,20253~20262,0,NO_QUALIFIED_FORECAST_MODEL
3110968,강남구청역 2번,A,골목상권,4,0,4,0.0,0.0,1.75,0,,,4.0,0.0,4.0,0.0,0.0,1.0,0.0,,,,,0,최근 4개 분기 실제 점포당 제과매출환경,20253~20262,0,NO_QUALIFIED_FORECAST_MODEL
3110970,학동초등학교,A,골목상권,4,0,4,0.0,0.0,1.0,0,,,4.0,0.0,4.0,0.0,0.0,1.0,0.0,,,,,0,최근 4개 분기 실제 점포당 제과매출환경,20253~20262,0,NO_QUALIFIED_FORECAST_MODEL
3110971,선정릉역 4번,A,골목상권,4,0,4,0.0,0.0,1.0,0,,,4.0,0.0,4.0,0.0,0.0,1.0,0.0,,,,,0,최근 4개 분기 실제 점포당 제과매출환경,20253~20262,0,NO_QUALIFIED_FORECAST_MODEL
3110973,강남구청역 4번,A,골목상권,4,0,4,0.0,0.0,1.0,0,,,4.0,0.0,4.0,0.0,0.0,1.0,0.0,,,,,0,최근 4개 분기 실제 점포당 제과매출환경,20253~20262,0,NO_QUALIFIED_FORECAST_MODEL
3110975,매봉역 1번,A,골목상권,4,0,0,0.0,0.0,0.0,0,,,4.0,0.0,1.0,0.0,0.0,0.25,0.0,,,,,0,최근 4개 분기 실제 점포당 제과매출환경,20253~20262,0,NO_QUALIFIED_FORECAST_MODEL
3110976,언북초등학교,A,골목상권,4,0,4,0.0,0.0,1.0,0,,,4.0,0.0,4.0,0.0,0.0,1.0,0.0,,,,,0,최근 4개 분기 실제 점포당 제과매출환경,20253~20262,0,NO_QUALIFIED_FORECAST_MODEL
3110977,논현로18길,A,골목상권,4,0,4,0.0,0.0,1.0,0,,,4.0,0.0,4.0,0.0,0.0,1.0,0.0,,,,,0,최근 4개 분기 실제 점포당 제과매출환경,20253~20262,0,NO_QUALIFIED_FORECAST_MODEL
3110978,도곡2동주민센터(대치중학교),A,골목상권,4,0,4,0.0,0.0,1.0,0,,,4.0,0.0,4.0,0.0,0.0,1.0,0.0,,,,,0,최근 4개 분기 실제 점포당 제과매출환경,20253~20262,0,NO_QUALIFIED_FORECAST_MODEL
3110980,개포지구대옆,A,골목상권,4,0,4,0.0,0.0,1.0,0,,,4.0,0.0,4.0,0.0,0.0,1.0,0.0,,,,,0,최근 4개 분기 실제 점포당 제과매출환경,20253~20262,0,NO_QUALIFIED_FORECAST_MODEL
3110982,강남구보훈회관,A,골목상권,4,0,4,0.0,0.0,1.0,0,,,4.0,0.0,4.0,0.0,0.0,1.0,0.0,,,,,0,최근 4개 분기 실제 점포당 제과매출환경,20253~20262,0,NO_QUALIFIED_FORECAST_MODEL
3110983,국립국악고등학교,A,골목상권,4,0,4,0.0,0.0,2.0,0,,,4.0,0.0,4.0,0.0,0.0,1.25,0.0,,,,,0,최근 4개 분기 실제 점포당 제과매출환경,20253~20262,0,NO_QUALIFIED_FORECAST_MODEL
3110984,포이초등학교(개포목련어린이공원),A,골목상권,4,0,4,0.0,0.0,4.5,0,,,4.0,0.0,4.0,0.0,0.0,2.75,0.0,,,,,0,최근 4개 분기 실제 점포당 제과매출환경,20253~20262,0,NO_QUALIFIED_FORECAST_MODEL
3110986,삼성중앙역 7번,A,골목상권,4,0,4,0.0,0.0,2.0,0,,,4.0,0.0,4.0,0.0,0.0,1.5,0.0,,,,,0,최근 4개 분기 실제 점포당 제과매출환경,20253~20262,0,NO_QUALIFIED_FORECAST_MODEL
3110989,대치동아우편취급국,A,골목상권,4,0,4,0.0,0.0,1.0,0,,,4.0,0.0,4.0,0.0,0.0,1.0,0.0,,,,,0,최근 4개 분기 실제 점포당 제과매출환경,20253~20262,0,NO_QUALIFIED_FORECAST_MODEL
3110991,삼성중앙역 5번,A,골목상권,4,0,4,0.0,0.0,1.0,0,,,4.0,0.0,4.0,0.0,0.0,1.0,0.0,,,,,0,최근 4개 분기 실제 점포당 제과매출환경,20253~20262,0,NO_QUALIFIED_FORECAST_MODEL
3110992,도곡초등학교,A,골목상권,4,0,4,0.0,0.0,5.0,0,,,4.0,0.0,4.0,0.0,0.0,4.75,0.0,,,,,0,최근 4개 분기 실제 점포당 제과매출환경,20253~20262,0,NO_QUALIFIED_FORECAST_MODEL
3110995,봉은사역 4번,A,골목상권,4,0,4,0.0,0.0,1.0,0,,,4.0,0.0,4.0,0.0,0.0,1.0,0.0,,,,,0,최근 4개 분기 실제 점포당 제과매출환경,20253~20262,0,NO_QUALIFIED_FORECAST_MODEL
3110996,대치2동주민센터,A,골목상권,4,0,3,0.0,0.0,0.75,0,,,4.0,0.0,4.0,0.0,0.0,1.0,0.0,,,,,0,최근 4개 분기 실제 점포당 제과매출환경,20253~20262,0,NO_QUALIFIED_FORECAST_MODEL
3110998,은곡마을(은곡마을공원),A,골목상권,4,0,0,0.0,0.0,0.0,0,,,4.0,0.0,0.0,0.0,0.0,0.0,0.0,,,,,0,최근 4개 분기 실제 점포당 제과매출환경,20253~20262,0,NO_QUALIFIED_FORECAST_MODEL
3110999,윗방죽마을공원,A,골목상권,4,0,0,0.0,0.0,0.0,0,,,4.0,0.0,0.0,0.0,0.0,0.0,0.0,,,,,0,최근 4개 분기 실제 점포당 제과매출환경,20253~20262,0,NO_QUALIFIED_FORECAST_MODEL
3111003,삼전역 4번,A,골목상권,4,3,4,513211474.0,51603.0,2.75,0,,,4.0,0.0,4.0,0.0,0.0,2.0,0.0,,,,,0,최근 4개 분기 실제 점포당 제과매출환경,20253~20262,0,NO_QUALIFIED_FORECAST_MODEL
3111005,삼전역 3번,A,골목상권,4,4,0,1021925671.0,106548.0,0.0,0,,,4.0,4.0,0.0,983352379.0,106567.0,0.0,0.0,,,,,0,최근 4개 분기 실제 점포당 제과매출환경,20253~20262,0,NO_QUALIFIED_FORECAST_MODEL
3111007,석촌고분역 4번,A,골목상권,4,0,4,0.0,0.0,1.25,0,,,4.0,0.0,4.0,0.0,0.0,1.0,0.0,,,,,0,최근 4개 분기 실제 점포당 제과매출환경,20253~20262,0,NO_QUALIFIED_FORECAST_MODEL
3111008,석촌고분역 3번,A,골목상권,4,0,4,0.0,0.0,1.0,0,,,4.0,0.0,4.0,0.0,0.0,1.0,0.0,,,,,0,최근 4개 분기 실제 점포당 제과매출환경,20253~20262,0,NO_QUALIFIED_FORECAST_MODEL
3111011,잠실나루역,A,골목상권,4,0,4,0.0,0.0,1.0,0,,,4.0,0.0,4.0,0.0,0.0,1.0,0.0,,,,,0,최근 4개 분기 실제 점포당 제과매출환경,20253~20262,0,NO_QUALIFIED_FORECAST_MODEL
3111014,송파나루역 2번,A,골목상권,4,0,4,0.0,0.0,2.75,0,,,4.0,0.0,4.0,0.0,0.0,3.25,0.0,,,,,0,최근 4개 분기 실제 점포당 제과매출환경,20253~20262,0,NO_QUALIFIED_FORECAST_MODEL
3111015,석촌역 3번,A,골목상권,4,0,4,0.0,0.0,10.75,0,,,4.0,0.0,4.0,0.0,0.0,11.0,0.0,,,,,0,최근 4개 분기 실제 점포당 제과매출환경,20253~20262,0,NO_QUALIFIED_FORECAST_MODEL
3111016,송파역 2번,A,골목상권,4,0,4,0.0,0.0,1.0,0,,,4.0,0.0,4.0,0.0,0.0,1.5,0.0,,,,,0,최근 4개 분기 실제 점포당 제과매출환경,20253~20262,0,NO_QUALIFIED_FORECAST_MODEL
3111019,한성백제역 3번,A,골목상권,4,0,4,0.0,0.0,6.0,0,,,4.0,0.0,4.0,0.0,0.0,5.5,0.0,,,,,0,최근 4개 분기 실제 점포당 제과매출환경,20253~20262,0,NO_QUALIFIED_FORECAST_MODEL
3111020,방이동고분군(방산고등학교),A,골목상권,4,0,4,0.0,0.0,2.0,0,,,4.0,3.0,4.0,129699191.0,6444.0,2.0,0.0,,,,,0,최근 4개 분기 실제 점포당 제과매출환경,20253~20262,0,NO_QUALIFIED_FORECAST_MODEL
3111022,석촌중학교(방이육교),A,골목상권,4,0,0,0.0,0.0,0.0,0,,,4.0,0.0,0.0,0.0,0.0,0.0,0.0,,,,,0,최근 4개 분기 실제 점포당 제과매출환경,20253~20262,0,NO_QUALIFIED_FORECAST_MODEL
3111023,문정역 1번,A,골목상권,4,0,4,0.0,0.0,2.0,0,,,4.0,0.0,4.0,0.0,0.0,2.0,0.0,,,,,0,최근 4개 분기 실제 점포당 제과매출환경,20253~20262,0,NO_QUALIFIED_FORECAST_MODEL
3111024,경찰병원역 4번(건너말공원),A,골목상권,4,0,4,0.0,0.0,1.0,0,,,3.0,0.0,3.0,0.0,0.0,1.0,0.0,,,,,0,최근 4개 분기 실제 점포당 제과매출환경,20253~20262,0,NO_QUALIFIED_FORECAST_MODEL
3111025,경찰병원역 3번,A,골목상권,4,0,4,0.0,0.0,1.75,0,,,4.0,0.0,4.0,0.0,0.0,1.0,0.0,,,,,0,최근 4개 분기 실제 점포당 제과매출환경,20253~20262,0,NO_QUALIFIED_FORECAST_MODEL
3111026,문정역 2번,A,골목상권,4,0,4,0.0,0.0,2.0,0,,,4.0,0.0,4.0,0.0,0.0,1.25,0.0,,,,,0,최근 4개 분기 실제 점포당 제과매출환경,20253~20262,0,NO_QUALIFIED_FORECAST_MODEL
3111027,문정초등학교,A,골목상권,4,0,4,0.0,0.0,4.0,0,,,4.0,0.0,4.0,0.0,0.0,2.25,0.0,,,,,0,최근 4개 분기 실제 점포당 제과매출환경,20253~20262,0,NO_QUALIFIED_FORECAST_MODEL
3111028,문현중학교(장지역 1번),A,골목상권,4,0,4,0.0,0.0,1.0,0,,,4.0,0.0,4.0,0.0,0.0,1.0,0.0,,,,,0,최근 4개 분기 실제 점포당 제과매출환경,20253~20262,0,NO_QUALIFIED_FORECAST_MODEL
3111029,오금역 4번,A,골목상권,4,0,4,0.0,0.0,2.0,0,,,4.0,0.0,4.0,0.0,0.0,3.0,0.0,,,,,0,최근 4개 분기 실제 점포당 제과매출환경,20253~20262,0,NO_QUALIFIED_FORECAST_MODEL
3111032,방이역 1번,A,골목상권,4,2,4,1551374.0,154.0,4.5,0,,,4.0,4.0,4.0,181271915.0,20436.0,5.0,1.0,36254383.0,8870.224848306909,,,0,최근 4개 분기 실제 점포당 제과매출환경,20253~20262,0,NO_QUALIFIED_FORECAST_MODEL
3111033,문정동성당,A,골목상권,4,0,4,0.0,0.0,1.0,0,,,4.0,0.0,4.0,0.0,0.0,1.0,0.0,,,,,0,최근 4개 분기 실제 점포당 제과매출환경,20253~20262,0,NO_QUALIFIED_FORECAST_MODEL
3111034,오동나무공원(송파레미니스1단지),A,골목상권,4,0,4,0.0,0.0,4.0,0,,,4.0,0.0,4.0,0.0,0.0,3.0,0.0,,,,,0,최근 4개 분기 실제 점포당 제과매출환경,20253~20262,0,NO_QUALIFIED_FORECAST_MODEL
3111042,거여역 1번(거여공원),A,골목상권,4,0,4,0.0,0.0,2.0,0,,,4.0,0.0,4.0,0.0,0.0,2.0,0.0,,,,,0,최근 4개 분기 실제 점포당 제과매출환경,20253~20262,0,NO_QUALIFIED_FORECAST_MODEL
3111047,마천1치안센터,A,골목상권,4,0,4,0.0,0.0,1.0,0,,,4.0,0.0,4.0,0.0,0.0,1.0,0.0,,,,,0,최근 4개 분기 실제 점포당 제과매출환경,20253~20262,0,NO_QUALIFIED_FORECAST_MODEL
3111048,천호역 1번(천호문구완구거리),A,골목상권,4,0,4,0.0,0.0,2.0,0,,,4.0,0.0,4.0,0.0,0.0,2.0,0.0,,,,,0,최근 4개 분기 실제 점포당 제과매출환경,20253~20262,0,NO_QUALIFIED_FORECAST_MODEL
3111049,천호지구대(천호동자전거거리),A,골목상권,4,0,4,0.0,0.0,4.25,0,,,4.0,0.0,4.0,0.0,0.0,2.25,0.0,,,,,0,최근 4개 분기 실제 점포당 제과매출환경,20253~20262,0,NO_QUALIFIED_FORECAST_MODEL
3111051,천호역 6번,A,골목상권,4,0,4,0.0,0.0,2.75,0,,,4.0,0.0,4.0,0.0,0.0,3.25,0.0,,,,,0,최근 4개 분기 실제 점포당 제과매출환경,20253~20262,0,NO_QUALIFIED_FORECAST_MODEL
3111052,암사역 3번(천호동자전거거리),A,골목상권,4,0,4,0.0,0.0,4.5,0,,,4.0,0.0,4.0,0.0,0.0,7.25,0.0,,,,,0,최근 4개 분기 실제 점포당 제과매출환경,20253~20262,0,NO_QUALIFIED_FORECAST_MODEL
3111056,천호태영아파트,A,골목상권,4,0,4,0.0,0.0,2.75,0,,,4.0,0.0,4.0,0.0,0.0,2.25,0.0,,,,,0,최근 4개 분기 실제 점포당 제과매출환경,20253~20262,0,NO_QUALIFIED_FORECAST_MODEL
3111057,천호공원(해공체육문화센터),A,골목상권,4,0,4,0.0,0.0,1.0,0,,,1.0,0.0,1.0,0.0,0.0,1.0,0.0,,,,,0,최근 4개 분기 실제 점포당 제과매출환경,20253~20262,0,NO_QUALIFIED_FORECAST_MODEL
3111058,성내중학교,A,골목상권,4,0,4,0.0,0.0,1.75,0,,,4.0,0.0,4.0,0.0,0.0,2.0,0.0,,,,,0,최근 4개 분기 실제 점포당 제과매출환경,20253~20262,0,NO_QUALIFIED_FORECAST_MODEL
3111059,강동역 4번(강풀만화거리),A,골목상권,4,3,4,63128385.0,5938.0,8.25,0,,,4.0,3.0,4.0,17213078.0,322.0,9.0,0.0,,,,,0,최근 4개 분기 실제 점포당 제과매출환경,20253~20262,0,NO_QUALIFIED_FORECAST_MODEL
3111060,암사역 2번(서울강동초등학교),A,골목상권,4,0,4,0.0,0.0,3.0,0,,,4.0,0.0,4.0,0.0,0.0,2.5,0.0,,,,,0,최근 4개 분기 실제 점포당 제과매출환경,20253~20262,0,NO_QUALIFIED_FORECAST_MODEL
3111062,둔촌동역 3번(성내3동주민센터),A,골목상권,4,0,4,0.0,0.0,4.0,0,,,4.0,0.0,4.0,0.0,0.0,2.75,0.0,,,,,0,최근 4개 분기 실제 점포당 제과매출환경,20253~20262,0,NO_QUALIFIED_FORECAST_MODEL
3111065,천일초등학교,A,골목상권,4,0,4,0.0,0.0,1.0,0,,,4.0,0.0,4.0,0.0,0.0,1.0,0.0,,,,,0,최근 4개 분기 실제 점포당 제과매출환경,20253~20262,0,NO_QUALIFIED_FORECAST_MODEL
3111066,암사동성당(효정하나플러스아파트),A,골목상권,1,0,1,0.0,0.0,1.0,0,,,,,,,,,,,,,,0,최근 4개 분기 실제 점포당 제과매출환경,20253~20262,0,NO_QUALIFIED_FORECAST_MODEL
3111068,강동성심병원,A,골목상권,4,0,0,0.0,0.0,0.0,0,,,4.0,0.0,0.0,0.0,0.0,0.0,0.0,,,,,0,최근 4개 분기 실제 점포당 제과매출환경,20253~20262,0,NO_QUALIFIED_FORECAST_MODEL
3111071,천동초등학교,A,골목상권,4,0,4,0.0,0.0,1.0,0,,,3.0,0.0,2.0,0.0,0.0,0.6666666666666666,0.0,,,,,0,최근 4개 분기 실제 점포당 제과매출환경,20253~20262,0,NO_QUALIFIED_FORECAST_MODEL
3111072,굽은다리역 1번(십자성마을),A,골목상권,4,0,4,0.0,0.0,1.0,0,,,4.0,0.0,4.0,0.0,0.0,1.5,0.0,,,,,0,최근 4개 분기 실제 점포당 제과매출환경,20253~20262,0,NO_QUALIFIED_FORECAST_MODEL
3111073,둔촌동역 1번(한산중학교),A,골목상권,4,0,4,0.0,0.0,3.25,0,,,4.0,0.0,4.0,0.0,0.0,2.0,0.0,,,,,0,최근 4개 분기 실제 점포당 제과매출환경,20253~20262,0,NO_QUALIFIED_FORECAST_MODEL
3111076,둔촌2동주민센터,A,골목상권,4,0,4,0.0,0.0,1.0,0,,,4.0,0.0,4.0,0.0,0.0,1.0,0.0,,,,,0,최근 4개 분기 실제 점포당 제과매출환경,20253~20262,0,NO_QUALIFIED_FORECAST_MODEL
3111079,둔촌고등학교(둔촌중학교),A,골목상권,4,0,4,0.0,0.0,1.0,0,,,4.0,0.0,4.0,0.0,0.0,1.0,0.0,,,,,0,최근 4개 분기 실제 점포당 제과매출환경,20253~20262,0,NO_QUALIFIED_FORECAST_MODEL
3111080,굽은다리역 3번,A,골목상권,4,0,4,0.0,0.0,3.0,0,,,4.0,0.0,4.0,0.0,0.0,3.0,0.0,,,,,0,최근 4개 분기 실제 점포당 제과매출환경,20253~20262,0,NO_QUALIFIED_FORECAST_MODEL
3111082,중앙보훈병원,A,골목상권,4,0,4,0.0,0.0,2.0,0,,,4.0,0.0,4.0,0.0,0.0,2.0,0.0,,,,,0,최근 4개 분기 실제 점포당 제과매출환경,20253~20262,0,NO_QUALIFIED_FORECAST_MODEL
3111083,GS강동자이아파트,A,골목상권,4,0,4,0.0,0.0,1.0,0,,,4.0,0.0,4.0,0.0,0.0,1.0,0.0,,,,,0,최근 4개 분기 실제 점포당 제과매출환경,20253~20262,0,NO_QUALIFIED_FORECAST_MODEL
3111085,묘곡초등학교(고덕아이파크아파트),A,골목상권,4,0,4,0.0,0.0,4.5,0,,,4.0,0.0,4.0,0.0,0.0,4.25,0.0,,,,,0,최근 4개 분기 실제 점포당 제과매출환경,20253~20262,0,NO_QUALIFIED_FORECAST_MODEL
3111087,고덕중학교(고덕2동주민센터),A,골목상권,4,0,4,0.0,0.0,2.0,0,,,4.0,0.0,4.0,0.0,0.0,2.0,0.0,,,,,0,최근 4개 분기 실제 점포당 제과매출환경,20253~20262,0,NO_QUALIFIED_FORECAST_MODEL
3120001,서대문역,D,발달상권,4,4,0,1119548936.0,120365.0,0.0,0,,,4.0,4.0,0.0,998551285.0,113514.0,0.0,0.0,,,,,0,최근 4개 분기 실제 점포당 제과매출환경,20253~20262,0,NO_QUALIFIED_FORECAST_MODEL
3120004,종로구청,D,발달상권,4,1,4,10586822.0,1197.0,2.0,0,,,4.0,4.0,4.0,99951483.0,12837.0,2.0,1.0,49975741.5,7786.20261743398,,,0,최근 4개 분기 실제 점포당 제과매출환경,20253~20262,0,NO_QUALIFIED_FORECAST_MODEL
3120010,원남동사거리,D,발달상권,4,0,4,0.0,0.0,1.0,0,,,4.0,0.0,4.0,0.0,0.0,1.0,0.0,,,,,0,최근 4개 분기 실제 점포당 제과매출환경,20253~20262,0,NO_QUALIFIED_FORECAST_MODEL
3120014,종로5가역,D,발달상권,4,0,4,0.0,0.0,2.0,0,,,4.0,0.0,4.0,0.0,0.0,2.0,0.0,,,,,0,최근 4개 분기 실제 점포당 제과매출환경,20253~20262,0,NO_QUALIFIED_FORECAST_MODEL
3120015,종로6가,D,발달상권,4,0,4,0.0,0.0,1.0,0,,,4.0,0.0,4.0,0.0,0.0,1.0,0.0,,,,,0,최근 4개 분기 실제 점포당 제과매출환경,20253~20262,0,NO_QUALIFIED_FORECAST_MODEL
3120016,동대문역,D,발달상권,4,0,4,0.0,0.0,1.0,0,,,4.0,0.0,4.0,0.0,0.0,1.0,0.0,,,,,0,최근 4개 분기 실제 점포당 제과매출환경,20253~20262,0,NO_QUALIFIED_FORECAST_MODEL
3120019,경찰청앞교차로,D,발달상권,4,2,4,331792156.0,22689.0,1.0,0,,,4.0,0.0,2.0,0.0,0.0,0.5,0.0,,,,,0,최근 4개 분기 실제 점포당 제과매출환경,20253~20262,0,NO_QUALIFIED_FORECAST_MODEL
3120024,회현역,D,발달상권,4,0,4,0.0,0.0,3.0,0,,,4.0,0.0,4.0,0.0,0.0,1.5,0.0,,,,,0,최근 4개 분기 실제 점포당 제과매출환경,20253~20262,0,NO_QUALIFIED_FORECAST_MODEL
3120033,을지로4가역,D,발달상권,4,0,4,0.0,0.0,1.5,0,,,4.0,0.0,4.0,0.0,0.0,3.0,0.0,,,,,0,최근 4개 분기 실제 점포당 제과매출환경,20253~20262,0,NO_QUALIFIED_FORECAST_MODEL
3120034,중구청(퇴계로4가),D,발달상권,4,0,4,0.0,0.0,1.0,0,,,4.0,0.0,4.0,0.0,0.0,1.0,0.0,,,,,0,최근 4개 분기 실제 점포당 제과매출환경,20253~20262,0,NO_QUALIFIED_FORECAST_MODEL
3120040,용산전자상가(용산역),D,발달상권,4,0,1,0.0,0.0,0.25,0,,,4.0,0.0,4.0,0.0,0.0,1.0,0.0,,,,,0,최근 4개 분기 실제 점포당 제과매출환경,20253~20262,0,NO_QUALIFIED_FORECAST_MODEL
3120044,삼각지역,D,발달상권,4,0,4,0.0,0.0,13.0,0,,,4.0,0.0,4.0,0.0,0.0,12.25,0.0,,,,,0,최근 4개 분기 실제 점포당 제과매출환경,20253~20262,0,NO_QUALIFIED_FORECAST_MODEL
3120045,남영동 먹자골목,D,발달상권,4,0,4,0.0,0.0,5.0,0,,,4.0,0.0,4.0,0.0,0.0,4.25,0.0,,,,,0,최근 4개 분기 실제 점포당 제과매출환경,20253~20262,0,NO_QUALIFIED_FORECAST_MODEL
3120050,서울숲역,D,발달상권,4,0,4,0.0,0.0,5.75,0,,,4.0,0.0,4.0,0.0,0.0,6.0,0.0,,,,,0,최근 4개 분기 실제 점포당 제과매출환경,20253~20262,0,NO_QUALIFIED_FORECAST_MODEL
3120059,구삼강변맛길,D,발달상권,4,0,4,0.0,0.0,2.0,0,,,4.0,2.0,4.0,42864059.0,5216.0,2.5,0.0,,,,,0,최근 4개 분기 실제 점포당 제과매출환경,20253~20262,0,NO_QUALIFIED_FORECAST_MODEL
3120070,한성대입구역,D,발달상권,4,0,4,0.0,0.0,4.5,0,,,4.0,4.0,4.0,33274258.0,3644.0,4.5,1.0,7394279.555555556,9131.245334796926,,,0,최근 4개 분기 실제 점포당 제과매출환경,20253~20262,0,NO_QUALIFIED_FORECAST_MODEL
3120071,성북구청,D,발달상권,4,0,4,0.0,0.0,1.0,0,,,4.0,0.0,4.0,0.0,0.0,1.0,0.0,,,,,0,최근 4개 분기 실제 점포당 제과매출환경,20253~20262,0,NO_QUALIFIED_FORECAST_MODEL
3120082,상계백병원,D,발달상권,4,0,0,0.0,0.0,0.0,0,,,4.0,0.0,0.0,0.0,0.0,0.0,0.0,,,,,0,최근 4개 분기 실제 점포당 제과매출환경,20253~20262,0,NO_QUALIFIED_FORECAST_MODEL
3120088,구산역,D,발달상권,4,0,0,0.0,0.0,0.0,0,,,4.0,0.0,4.0,0.0,0.0,1.0,0.0,,,,,0,최근 4개 분기 실제 점포당 제과매출환경,20253~20262,0,NO_QUALIFIED_FORECAST_MODEL
3120089,구파발역,D,발달상권,4,0,4,0.0,0.0,8.75,0,,,4.0,1.0,4.0,1127085.0,9.0,7.5,0.0,,,,,0,최근 4개 분기 실제 점포당 제과매출환경,20253~20262,0,NO_QUALIFIED_FORECAST_MODEL
3120092,불광역,D,발달상권,4,0,4,0.0,0.0,1.0,0,,,4.0,0.0,1.0,0.0,0.0,0.25,0.0,,,,,0,최근 4개 분기 실제 점포당 제과매출환경,20253~20262,0,NO_QUALIFIED_FORECAST_MODEL
3120097,충정로역,D,발달상권,4,0,0,0.0,0.0,0.0,0,,,4.0,0.0,2.0,0.0,0.0,0.5,0.0,,,,,0,최근 4개 분기 실제 점포당 제과매출환경,20253~20262,0,NO_QUALIFIED_FORECAST_MODEL
3120099,월드컵경기장역(월드컵경기장),D,발달상권,4,0,0,0.0,0.0,0.0,0,,,4.0,0.0,3.0,0.0,0.0,1.5,0.0,,,,,0,최근 4개 분기 실제 점포당 제과매출환경,20253~20262,0,NO_QUALIFIED_FORECAST_MODEL
3120102,서교동(홍대),D,발달상권,4,1,4,9851745.0,680.0,8.0,0,,,4.0,4.0,4.0,43578612.0,3259.0,6.25,1.0,6972577.92,13371.774163853943,,,0,최근 4개 분기 실제 점포당 제과매출환경,20253~20262,0,NO_QUALIFIED_FORECAST_MODEL
3120109,서울남부지방법원,D,발달상권,4,0,4,0.0,0.0,3.5,0,,,4.0,0.0,4.0,0.0,0.0,5.25,0.0,,,,,0,최근 4개 분기 실제 점포당 제과매출환경,20253~20262,0,NO_QUALIFIED_FORECAST_MODEL
3120111,목동사거리,D,발달상권,4,0,4,0.0,0.0,6.0,0,,,4.0,0.0,4.0,0.0,0.0,4.5,0.0,,,,,0,최근 4개 분기 실제 점포당 제과매출환경,20253~20262,0,NO_QUALIFIED_FORECAST_MODEL
3120115,김포공항역(김포공항),D,발달상권,4,0,4,0.0,0.0,7.75,0,,,4.0,0.0,4.0,0.0,0.0,9.25,0.0,,,,,0,최근 4개 분기 실제 점포당 제과매출환경,20253~20262,0,NO_QUALIFIED_FORECAST_MODEL
3120116,송정역,D,발달상권,4,0,0,0.0,0.0,0.0,0,,,4.0,0.0,0.0,0.0,0.0,0.0,0.0,,,,,0,최근 4개 분기 실제 점포당 제과매출환경,20253~20262,0,NO_QUALIFIED_FORECAST_MODEL
3120117,강서농산물도매시장,D,발달상권,4,0,4,0.0,0.0,2.0,0,,,4.0,0.0,4.0,0.0,0.0,2.0,0.0,,,,,0,최근 4개 분기 실제 점포당 제과매출환경,20253~20262,0,NO_QUALIFIED_FORECAST_MODEL
3120123,오류동역,D,발달상권,4,0,4,0.0,0.0,2.0,0,,,4.0,0.0,4.0,0.0,0.0,2.0,0.0,,,,,0,최근 4개 분기 실제 점포당 제과매출환경,20253~20262,0,NO_QUALIFIED_FORECAST_MODEL
3120137,문래역(문래로데오거리),D,발달상권,4,0,0,0.0,0.0,0.0,0,,,4.0,0.0,0.0,0.0,0.0,0.0,0.0,,,,,0,최근 4개 분기 실제 점포당 제과매출환경,20253~20262,0,NO_QUALIFIED_FORECAST_MODEL
3120141,영등포청과시장교차로,D,발달상권,4,0,4,0.0,0.0,1.0,0,,,4.0,0.0,0.0,0.0,0.0,0.0,0.0,,,,,0,최근 4개 분기 실제 점포당 제과매출환경,20253~20262,0,NO_QUALIFIED_FORECAST_MODEL
3120142,대림역,D,발달상권,4,2,4,113372050.0,10039.0,1.25,0,,,4.0,4.0,4.0,276816713.0,22354.0,1.75,1.0,158180978.85714287,12383.31900331037,,,0,최근 4개 분기 실제 점포당 제과매출환경,20253~20262,0,NO_QUALIFIED_FORECAST_MODEL
3120143,당산역,D,발달상권,4,0,4,0.0,0.0,4.25,0,,,4.0,0.0,4.0,0.0,0.0,4.5,0.0,,,,,0,최근 4개 분기 실제 점포당 제과매출환경,20253~20262,0,NO_QUALIFIED_FORECAST_MODEL
3120144,영중로,D,발달상권,4,0,4,0.0,0.0,1.0,0,,,4.0,0.0,4.0,0.0,0.0,1.0,0.0,,,,,0,최근 4개 분기 실제 점포당 제과매출환경,20253~20262,0,NO_QUALIFIED_FORECAST_MODEL
3120146,한강성심병원,D,발달상권,4,0,4,0.0,0.0,1.0,0,,,4.0,0.0,4.0,0.0,0.0,1.0,0.0,,,,,0,최근 4개 분기 실제 점포당 제과매출환경,20253~20262,0,NO_QUALIFIED_FORECAST_MODEL
3120147,보라매역,D,발달상권,4,0,0,0.0,0.0,0.0,0,,,4.0,0.0,0.0,0.0,0.0,0.0,0.0,,,,,0,최근 4개 분기 실제 점포당 제과매출환경,20253~20262,0,NO_QUALIFIED_FORECAST_MODEL
3120150,63빌딩,D,발달상권,4,0,4,0.0,0.0,3.25,0,,,4.0,0.0,4.0,0.0,0.0,2.5,0.0,,,,,0,최근 4개 분기 실제 점포당 제과매출환경,20253~20262,0,NO_QUALIFIED_FORECAST_MODEL
3120161,방배동가구거리(사당동가구거리),D,발달상권,4,0,4,0.0,0.0,1.0,0,,,4.0,0.0,4.0,0.0,0.0,1.0,0.0,,,,,0,최근 4개 분기 실제 점포당 제과매출환경,20253~20262,0,NO_QUALIFIED_FORECAST_MODEL
3120163,사당역 11번(사당역먹자골목),D,발달상권,4,1,4,1516604.0,249.0,3.25,0,,,4.0,4.0,4.0,10254799.0,1650.0,4.0,1.0,2563699.75,6215.029696969697,,,0,최근 4개 분기 실제 점포당 제과매출환경,20253~20262,0,NO_QUALIFIED_FORECAST_MODEL
3120172,교대입구교차로,D,발달상권,4,0,4,0.0,0.0,2.25,0,,,4.0,0.0,4.0,0.0,0.0,1.75,0.0,,,,,0,최근 4개 분기 실제 점포당 제과매출환경,20253~20262,0,NO_QUALIFIED_FORECAST_MODEL
3120176,논현역 4번,D,발달상권,4,0,4,0.0,0.0,2.25,0,,,4.0,0.0,4.0,0.0,0.0,1.75,0.0,,,,,0,최근 4개 분기 실제 점포당 제과매출환경,20253~20262,0,NO_QUALIFIED_FORECAST_MODEL
3120177,신논현역 1번,D,발달상권,4,0,4,0.0,0.0,3.0,0,,,4.0,0.0,4.0,0.0,0.0,4.25,0.0,,,,,0,최근 4개 분기 실제 점포당 제과매출환경,20253~20262,0,NO_QUALIFIED_FORECAST_MODEL
3120180,양재화물트럭터미널앞,D,발달상권,4,0,4,0.0,0.0,1.0,0,,,4.0,0.0,4.0,0.0,0.0,1.0,0.0,,,,,0,최근 4개 분기 실제 점포당 제과매출환경,20253~20262,0,NO_QUALIFIED_FORECAST_MODEL
3120181,교육개발원입구사거리,D,발달상권,4,0,4,0.0,0.0,5.25,0,,,4.0,0.0,4.0,0.0,0.0,5.5,0.0,,,,,0,최근 4개 분기 실제 점포당 제과매출환경,20253~20262,0,NO_QUALIFIED_FORECAST_MODEL
3120183,양재천카페거리,D,발달상권,4,0,4,0.0,0.0,8.25,0,,,4.0,0.0,4.0,0.0,0.0,7.25,0.0,,,,,0,최근 4개 분기 실제 점포당 제과매출환경,20253~20262,0,NO_QUALIFIED_FORECAST_MODEL
3120191,학동역,D,발달상권,4,0,4,0.0,0.0,3.75,0,,,4.0,0.0,4.0,0.0,0.0,2.5,0.0,,,,,0,최근 4개 분기 실제 점포당 제과매출환경,20253~20262,0,NO_QUALIFIED_FORECAST_MODEL
3120195,성수대교남단,D,발달상권,4,0,4,0.0,0.0,9.75,0,,,4.0,0.0,4.0,0.0,0.0,10.75,0.0,,,,,0,최근 4개 분기 실제 점포당 제과매출환경,20253~20262,0,NO_QUALIFIED_FORECAST_MODEL
3120196,서울세관,D,발달상권,4,0,4,0.0,0.0,1.5,0,,,4.0,0.0,4.0,0.0,0.0,1.0,0.0,,,,,0,최근 4개 분기 실제 점포당 제과매출환경,20253~20262,0,NO_QUALIFIED_FORECAST_MODEL
3120198,구역삼세무서,D,발달상권,4,0,4,0.0,0.0,4.0,0,,,4.0,0.0,4.0,0.0,0.0,5.0,0.0,,,,,0,최근 4개 분기 실제 점포당 제과매출환경,20253~20262,0,NO_QUALIFIED_FORECAST_MODEL
3120199,경복아파트교차로,D,발달상권,4,0,4,0.0,0.0,2.0,0,,,4.0,0.0,4.0,0.0,0.0,2.0,0.0,,,,,0,최근 4개 분기 실제 점포당 제과매출환경,20253~20262,0,NO_QUALIFIED_FORECAST_MODEL
3120204,르네상스호텔사거리,D,발달상권,4,0,4,0.0,0.0,1.0,0,,,4.0,0.0,4.0,0.0,0.0,1.0,0.0,,,,,0,최근 4개 분기 실제 점포당 제과매출환경,20253~20262,0,NO_QUALIFIED_FORECAST_MODEL
3120207,선정릉역,D,발달상권,4,0,4,0.0,0.0,7.25,0,,,4.0,0.0,4.0,0.0,0.0,9.5,0.0,,,,,0,최근 4개 분기 실제 점포당 제과매출환경,20253~20262,0,NO_QUALIFIED_FORECAST_MODEL
3120214,영동대교남단교차로,D,발달상권,4,0,4,0.0,0.0,3.0,0,,,4.0,1.0,4.0,40358440.0,6100.0,3.0,0.0,,,,,0,최근 4개 분기 실제 점포당 제과매출환경,20253~20262,0,NO_QUALIFIED_FORECAST_MODEL
3120215,포스코사거리,D,발달상권,4,3,4,106198074.0,17255.0,2.0,0,,,4.0,4.0,4.0,615085601.0,37251.0,2.5,1.0,246034240.4,16511.92185444686,,,0,최근 4개 분기 실제 점포당 제과매출환경,20253~20262,0,NO_QUALIFIED_FORECAST_MODEL
3120216,경기고교사거리(경기고교앞사거리),D,발달상권,4,0,4,0.0,0.0,1.25,0,,,4.0,0.0,4.0,0.0,0.0,1.75,0.0,,,,,0,최근 4개 분기 실제 점포당 제과매출환경,20253~20262,0,NO_QUALIFIED_FORECAST_MODEL
3120217,대치사거리,D,발달상권,4,0,4,0.0,0.0,1.0,0,,,4.0,0.0,4.0,0.0,0.0,1.0,0.0,,,,,0,최근 4개 분기 실제 점포당 제과매출환경,20253~20262,0,NO_QUALIFIED_FORECAST_MODEL
3120221,봉은사역,D,발달상권,4,0,4,0.0,0.0,1.0,0,,,4.0,0.0,4.0,0.0,0.0,1.0,0.0,,,,,0,최근 4개 분기 실제 점포당 제과매출환경,20253~20262,0,NO_QUALIFIED_FORECAST_MODEL
3120223,휘문고교사거리,D,발달상권,4,0,0,0.0,0.0,0.0,0,,,4.0,0.0,3.0,0.0,0.0,0.75,0.0,,,,,0,최근 4개 분기 실제 점포당 제과매출환경,20253~20262,0,NO_QUALIFIED_FORECAST_MODEL
3120229,방이동먹자골목,D,발달상권,4,0,4,0.0,0.0,2.0,0,,,4.0,0.0,4.0,0.0,0.0,2.0,0.0,,,,,0,최근 4개 분기 실제 점포당 제과매출환경,20253~20262,0,NO_QUALIFIED_FORECAST_MODEL
3120231,가락시장,D,발달상권,4,0,0,0.0,0.0,0.0,0,,,4.0,0.0,0.0,0.0,0.0,0.0,0.0,,,,,0,최근 4개 분기 실제 점포당 제과매출환경,20253~20262,0,NO_QUALIFIED_FORECAST_MODEL
3120238,방이역,D,발달상권,4,0,0,0.0,0.0,0.0,0,,,4.0,0.0,0.0,0.0,0.0,0.0,0.0,,,,,0,최근 4개 분기 실제 점포당 제과매출환경,20253~20262,0,NO_QUALIFIED_FORECAST_MODEL
3120239,오금역,D,발달상권,4,0,4,0.0,0.0,2.75,0,,,4.0,0.0,4.0,0.0,0.0,3.25,0.0,,,,,0,최근 4개 분기 실제 점포당 제과매출환경,20253~20262,0,NO_QUALIFIED_FORECAST_MODEL
3120240,개롱역,D,발달상권,4,0,4,0.0,0.0,1.0,0,,,4.0,2.0,4.0,651780165.0,65335.0,1.5,0.0,,,,,0,최근 4개 분기 실제 점포당 제과매출환경,20253~20262,0,NO_QUALIFIED_FORECAST_MODEL
3130001,통인시장,R,전통시장,4,0,4,0.0,0.0,4.0,0,,,4.0,0.0,4.0,0.0,0.0,3.0,0.0,,,,,0,최근 4개 분기 실제 점포당 제과매출환경,20253~20262,0,NO_QUALIFIED_FORECAST_MODEL
3130007,광장시장(광장전통시장),R,전통시장,4,0,4,0.0,0.0,3.75,0,,,4.0,0.0,4.0,0.0,0.0,2.25,0.0,,,,,0,최근 4개 분기 실제 점포당 제과매출환경,20253~20262,0,NO_QUALIFIED_FORECAST_MODEL
3130010,종로신진시장,R,전통시장,4,0,4,0.0,0.0,2.0,0,,,4.0,0.0,4.0,0.0,0.0,2.5,0.0,,,,,0,최근 4개 분기 실제 점포당 제과매출환경,20253~20262,0,NO_QUALIFIED_FORECAST_MODEL
3130012,"동대문종합시장(동대문종합시장 신관, 동대문종합시장D동상가)",R,전통시장,4,0,2,0.0,0.0,0.5,0,,,4.0,0.0,4.0,0.0,0.0,1.0,0.0,,,,,0,최근 4개 분기 실제 점포당 제과매출환경,20253~20262,0,NO_QUALIFIED_FORECAST_MODEL
3130015,창신골목시장,R,전통시장,4,0,2,0.0,0.0,0.5,0,,,4.0,1.0,4.0,642475.0,97.0,1.25,0.0,,,,,0,최근 4개 분기 실제 점포당 제과매출환경,20253~20262,0,NO_QUALIFIED_FORECAST_MODEL
3130018,동대문문구완구거리(동대문문구완구시장),R,전통시장,4,0,4,0.0,0.0,1.5,0,,,4.0,0.0,4.0,0.0,0.0,1.0,0.0,,,,,0,최근 4개 분기 실제 점포당 제과매출환경,20253~20262,0,NO_QUALIFIED_FORECAST_MODEL
3130020,동묘시장(동묘벼룩시장),R,전통시장,4,0,0,0.0,0.0,0.0,0,,,4.0,0.0,0.0,0.0,0.0,0.0,0.0,,,,,0,최근 4개 분기 실제 점포당 제과매출환경,20253~20262,0,NO_QUALIFIED_FORECAST_MODEL
3130036,중부시장(신중부시장),R,전통시장,1,0,1,0.0,0.0,1.0,0,,,,,,,,,,,,,,0,최근 4개 분기 실제 점포당 제과매출환경,20253~20262,0,NO_QUALIFIED_FORECAST_MODEL
3130038,"평화시장(통일상가, 동화상가)",R,전통시장,4,0,4,0.0,0.0,5.0,0,,,4.0,0.0,4.0,0.0,0.0,6.25,0.0,,,,,0,최근 4개 분기 실제 점포당 제과매출환경,20253~20262,0,NO_QUALIFIED_FORECAST_MODEL
3130042,약수시장,R,전통시장,4,0,4,0.0,0.0,1.25,0,,,4.0,0.0,4.0,0.0,0.0,1.0,0.0,,,,,0,최근 4개 분기 실제 점포당 제과매출환경,20253~20262,0,NO_QUALIFIED_FORECAST_MODEL
3130048,동평화시장,R,전통시장,4,0,0,0.0,0.0,0.0,0,,,4.0,0.0,2.0,0.0,0.0,0.5,0.0,,,,,0,최근 4개 분기 실제 점포당 제과매출환경,20253~20262,0,NO_QUALIFIED_FORECAST_MODEL
3130049,신당 미래유산 먹거리 골목형상점가,R,전통시장,4,0,4,0.0,0.0,1.0,0,,,4.0,0.0,4.0,0.0,0.0,1.0,0.0,,,,,0,최근 4개 분기 실제 점포당 제과매출환경,20253~20262,0,NO_QUALIFIED_FORECAST_MODEL
3130051,동화동 골목형상점가,R,전통시장,4,0,4,0.0,0.0,3.0,0,,,4.0,0.0,4.0,0.0,0.0,3.0,0.0,,,,,0,최근 4개 분기 실제 점포당 제과매출환경,20253~20262,0,NO_QUALIFIED_FORECAST_MODEL
3130052,서울중앙시장(신중앙시장),R,전통시장,4,0,0,0.0,0.0,0.0,0,,,4.0,0.0,2.0,0.0,0.0,0.5,0.0,,,,,0,최근 4개 분기 실제 점포당 제과매출환경,20253~20262,0,NO_QUALIFIED_FORECAST_MODEL
3130054,황학동주방가구거리상점가,R,전통시장,4,0,4,0.0,0.0,1.0,0,,,4.0,0.0,1.0,0.0,0.0,0.25,0.0,,,,,0,최근 4개 분기 실제 점포당 제과매출환경,20253~20262,0,NO_QUALIFIED_FORECAST_MODEL
3130055,"황학시장(서울중앙시장, 신중앙시장)",R,전통시장,4,0,4,0.0,0.0,3.5,0,,,4.0,0.0,4.0,0.0,0.0,1.75,0.0,,,,,0,최근 4개 분기 실제 점포당 제과매출환경,20253~20262,0,NO_QUALIFIED_FORECAST_MODEL
3130058,이촌종합시장,R,전통시장,4,0,4,0.0,0.0,1.0,0,,,4.0,0.0,4.0,0.0,0.0,2.0,0.0,,,,,0,최근 4개 분기 실제 점포당 제과매출환경,20253~20262,0,NO_QUALIFIED_FORECAST_MODEL
3130061,이태원시장,R,전통시장,4,0,4,0.0,0.0,2.0,0,,,4.0,0.0,4.0,0.0,0.0,2.0,0.0,,,,,0,최근 4개 분기 실제 점포당 제과매출환경,20253~20262,0,NO_QUALIFIED_FORECAST_MODEL
3130062,보광시장,R,전통시장,4,0,4,0.0,0.0,1.0,0,,,4.0,0.0,4.0,0.0,0.0,1.0,0.0,,,,,0,최근 4개 분기 실제 점포당 제과매출환경,20253~20262,0,NO_QUALIFIED_FORECAST_MODEL
3130066,행당시장상점가,R,전통시장,4,0,4,0.0,0.0,3.75,0,,,4.0,0.0,4.0,0.0,0.0,4.0,0.0,,,,,0,최근 4개 분기 실제 점포당 제과매출환경,20253~20262,0,NO_QUALIFIED_FORECAST_MODEL
3130067,왕십리도선동상점가,R,전통시장,4,0,1,0.0,0.0,0.25,0,,,4.0,0.0,4.0,0.0,0.0,1.0,0.0,,,,,0,최근 4개 분기 실제 점포당 제과매출환경,20253~20262,0,NO_QUALIFIED_FORECAST_MODEL
3130068,마장축산물시장,R,전통시장,4,0,0,0.0,0.0,0.0,0,,,4.0,0.0,0.0,0.0,0.0,0.0,0.0,,,,,0,최근 4개 분기 실제 점포당 제과매출환경,20253~20262,0,NO_QUALIFIED_FORECAST_MODEL
3130069,"한양대앞상점가(한양시장, 왕십리맛골목)",R,전통시장,4,0,4,0.0,0.0,2.0,0,,,4.0,0.0,4.0,0.0,0.0,1.5,0.0,,,,,0,최근 4개 분기 실제 점포당 제과매출환경,20253~20262,0,NO_QUALIFIED_FORECAST_MODEL
3130073,뚝도시장,R,전통시장,4,0,4,0.0,0.0,1.5,0,,,4.0,0.0,4.0,0.0,0.0,1.0,0.0,,,,,0,최근 4개 분기 실제 점포당 제과매출환경,20253~20262,0,NO_QUALIFIED_FORECAST_MODEL
3130076,능동로골목시장,R,전통시장,4,0,4,0.0,0.0,2.0,0,,,4.0,0.0,4.0,0.0,0.0,2.0,0.0,,,,,0,최근 4개 분기 실제 점포당 제과매출환경,20253~20262,0,NO_QUALIFIED_FORECAST_MODEL
3130078,화양제일골목시장,R,전통시장,4,0,4,0.0,0.0,1.0,0,,,4.0,3.0,4.0,25036555.0,3547.0,2.25,0.0,,,,,0,최근 4개 분기 실제 점포당 제과매출환경,20253~20262,0,NO_QUALIFIED_FORECAST_MODEL
3130081,자양골목전통시장(자양골목시장),R,전통시장,4,0,4,0.0,0.0,2.0,0,,,4.0,0.0,4.0,0.0,0.0,2.0,0.0,,,,,0,최근 4개 분기 실제 점포당 제과매출환경,20253~20262,0,NO_QUALIFIED_FORECAST_MODEL
3130086,서울약령시장,R,전통시장,4,0,4,0.0,0.0,2.0,0,,,4.0,0.0,4.0,0.0,0.0,1.75,0.0,,,,,0,최근 4개 분기 실제 점포당 제과매출환경,20253~20262,0,NO_QUALIFIED_FORECAST_MODEL
3130088,경동시장,R,전통시장,4,0,4,0.0,0.0,6.0,0,,,4.0,0.0,4.0,0.0,0.0,5.5,0.0,,,,,0,최근 4개 분기 실제 점포당 제과매출환경,20253~20262,0,NO_QUALIFIED_FORECAST_MODEL
3130090,청량리종합시장,R,전통시장,4,0,4,0.0,0.0,1.0,0,,,4.0,0.0,4.0,0.0,0.0,1.0,0.0,,,,,0,최근 4개 분기 실제 점포당 제과매출환경,20253~20262,0,NO_QUALIFIED_FORECAST_MODEL
3130091,청량종합도매시장,R,전통시장,4,0,4,0.0,0.0,1.0,0,,,4.0,0.0,4.0,0.0,0.0,1.0,0.0,,,,,0,최근 4개 분기 실제 점포당 제과매출환경,20253~20262,0,NO_QUALIFIED_FORECAST_MODEL
3130094,청량리청과물시장,R,전통시장,4,0,4,0.0,0.0,1.25,0,,,4.0,0.0,4.0,0.0,0.0,1.0,0.0,,,,,0,최근 4개 분기 실제 점포당 제과매출환경,20253~20262,0,NO_QUALIFIED_FORECAST_MODEL
3130095,청량리전통시장,R,전통시장,4,0,4,0.0,0.0,1.0,0,,,4.0,0.0,4.0,0.0,0.0,1.0,0.0,,,,,0,최근 4개 분기 실제 점포당 제과매출환경,20253~20262,0,NO_QUALIFIED_FORECAST_MODEL
3130096,동부시장,R,전통시장,4,0,0,0.0,0.0,0.0,0,,,4.0,0.0,0.0,0.0,0.0,0.0,0.0,,,,,0,최근 4개 분기 실제 점포당 제과매출환경,20253~20262,0,NO_QUALIFIED_FORECAST_MODEL
3130097,답십리 건축자재시장,R,전통시장,4,0,4,0.0,0.0,2.75,0,,,4.0,0.0,4.0,0.0,0.0,2.0,0.0,,,,,0,최근 4개 분기 실제 점포당 제과매출환경,20253~20262,0,NO_QUALIFIED_FORECAST_MODEL
3130098,회기시장,R,전통시장,4,0,4,0.0,0.0,4.25,0,,,4.0,0.0,4.0,0.0,0.0,3.0,0.0,,,,,0,최근 4개 분기 실제 점포당 제과매출환경,20253~20262,0,NO_QUALIFIED_FORECAST_MODEL
3130099,전농로터리시장,R,전통시장,4,0,4,0.0,0.0,1.0,0,,,4.0,0.0,3.0,0.0,0.0,0.75,0.0,,,,,0,최근 4개 분기 실제 점포당 제과매출환경,20253~20262,0,NO_QUALIFIED_FORECAST_MODEL
3130102,이문제일시장,R,전통시장,4,0,0,0.0,0.0,0.0,0,,,4.0,0.0,3.0,0.0,0.0,0.75,0.0,,,,,0,최근 4개 분기 실제 점포당 제과매출환경,20253~20262,0,NO_QUALIFIED_FORECAST_MODEL
3130104,전곡시장,R,전통시장,4,0,4,0.0,0.0,1.0,0,,,2.0,0.0,2.0,0.0,0.0,1.0,0.0,,,,,0,최근 4개 분기 실제 점포당 제과매출환경,20253~20262,0,NO_QUALIFIED_FORECAST_MODEL
3130105,장미제일시장(중화동제일시장),R,전통시장,4,0,4,0.0,0.0,1.0,0,,,4.0,0.0,4.0,0.0,0.0,1.0,0.0,,,,,0,최근 4개 분기 실제 점포당 제과매출환경,20253~20262,0,NO_QUALIFIED_FORECAST_MODEL
3130106,중랑동부시장,R,전통시장,4,2,4,389056595.0,62195.0,2.0,0,,,4.0,0.0,4.0,0.0,0.0,1.0,0.0,,,,,0,최근 4개 분기 실제 점포당 제과매출환경,20253~20262,0,NO_QUALIFIED_FORECAST_MODEL
3130113,신아타운,R,전통시장,4,0,4,0.0,0.0,1.0,0,,,4.0,0.0,4.0,0.0,0.0,1.0,0.0,,,,,0,최근 4개 분기 실제 점포당 제과매출환경,20253~20262,0,NO_QUALIFIED_FORECAST_MODEL
3130116,동성타워프라자,R,전통시장,4,0,4,0.0,0.0,1.75,0,,,4.0,0.0,4.0,0.0,0.0,1.0,0.0,,,,,0,최근 4개 분기 실제 점포당 제과매출환경,20253~20262,0,NO_QUALIFIED_FORECAST_MODEL
3130118,정릉골 골목형상점가,R,전통시장,4,0,4,0.0,0.0,1.0,0,,,4.0,0.0,4.0,0.0,0.0,1.0,0.0,,,,,0,최근 4개 분기 실제 점포당 제과매출환경,20253~20262,0,NO_QUALIFIED_FORECAST_MODEL
3130120,돈암시장(돈암제일시장),R,전통시장,4,0,4,0.0,0.0,2.0,0,,,4.0,0.0,4.0,0.0,0.0,1.75,0.0,,,,,0,최근 4개 분기 실제 점포당 제과매출환경,20253~20262,0,NO_QUALIFIED_FORECAST_MODEL
3130125,장위전통시장,R,전통시장,4,0,4,0.0,0.0,2.0,0,,,4.0,0.0,4.0,0.0,0.0,1.0,0.0,,,,,0,최근 4개 분기 실제 점포당 제과매출환경,20253~20262,0,NO_QUALIFIED_FORECAST_MODEL
3130128,돌곶이시장(석관황금시장),R,전통시장,4,0,4,0.0,0.0,2.0,0,,,4.0,0.0,4.0,0.0,0.0,2.0,0.0,,,,,0,최근 4개 분기 실제 점포당 제과매출환경,20253~20262,0,NO_QUALIFIED_FORECAST_MODEL
3130129,장미원골목시장,R,전통시장,4,0,4,0.0,0.0,1.0,0,,,4.0,0.0,4.0,0.0,0.0,1.0,0.0,,,,,0,최근 4개 분기 실제 점포당 제과매출환경,20253~20262,0,NO_QUALIFIED_FORECAST_MODEL
3130131,동북프라자,R,전통시장,4,0,4,0.0,0.0,1.0,0,,,4.0,0.0,4.0,0.0,0.0,1.0,0.0,,,,,0,최근 4개 분기 실제 점포당 제과매출환경,20253~20262,0,NO_QUALIFIED_FORECAST_MODEL
3130132,삼양골목시장(삼양시장),R,전통시장,4,0,4,0.0,0.0,1.75,0,,,4.0,0.0,4.0,0.0,0.0,3.0,0.0,,,,,0,최근 4개 분기 실제 점포당 제과매출환경,20253~20262,0,NO_QUALIFIED_FORECAST_MODEL
3130133,우이골목시장(우이시장),R,전통시장,4,0,4,0.0,0.0,1.0,0,,,,,,,,,,,,,,0,최근 4개 분기 실제 점포당 제과매출환경,20253~20262,0,NO_QUALIFIED_FORECAST_MODEL
3130134,"솔샘시장(미아6,7동골목시장)",R,전통시장,4,0,4,0.0,0.0,1.0,0,,,4.0,0.0,4.0,0.0,0.0,1.0,0.0,,,,,0,최근 4개 분기 실제 점포당 제과매출환경,20253~20262,0,NO_QUALIFIED_FORECAST_MODEL
3130135,수유중앙골목시장(수유중앙시장),R,전통시장,4,0,4,0.0,0.0,2.0,0,,,4.0,0.0,4.0,0.0,0.0,1.75,0.0,,,,,0,최근 4개 분기 실제 점포당 제과매출환경,20253~20262,0,NO_QUALIFIED_FORECAST_MODEL
3130136,수유재래시장,R,전통시장,4,0,4,0.0,0.0,1.0,0,,,4.0,0.0,4.0,0.0,0.0,1.0,0.0,,,,,0,최근 4개 분기 실제 점포당 제과매출환경,20253~20262,0,NO_QUALIFIED_FORECAST_MODEL
3130137,"수유전통시장(수유시장, 수유골목시장)",R,전통시장,4,0,4,0.0,0.0,2.0,0,,,4.0,0.0,4.0,0.0,0.0,2.0,0.0,,,,,0,최근 4개 분기 실제 점포당 제과매출환경,20253~20262,0,NO_QUALIFIED_FORECAST_MODEL
3130140,숭인시장,R,전통시장,4,0,4,0.0,0.0,1.0,0,,,4.0,0.0,4.0,0.0,0.0,1.0,0.0,,,,,0,최근 4개 분기 실제 점포당 제과매출환경,20253~20262,0,NO_QUALIFIED_FORECAST_MODEL
3130141,강북북부골목시장,R,전통시장,4,0,4,0.0,0.0,1.0,0,,,4.0,0.0,4.0,0.0,0.0,2.0,0.0,,,,,0,최근 4개 분기 실제 점포당 제과매출환경,20253~20262,0,NO_QUALIFIED_FORECAST_MODEL
3130142,강북북부시장,R,전통시장,4,0,0,0.0,0.0,0.0,0,,,4.0,0.0,0.0,0.0,0.0,0.0,0.0,,,,,0,최근 4개 분기 실제 점포당 제과매출환경,20253~20262,0,NO_QUALIFIED_FORECAST_MODEL
3130143,방천골목시장,R,전통시장,4,0,4,0.0,0.0,1.0,0,,,4.0,0.0,4.0,0.0,0.0,1.0,0.0,,,,,0,최근 4개 분기 실제 점포당 제과매출환경,20253~20262,0,NO_QUALIFIED_FORECAST_MODEL
3130145,쌍문역둘리상점가,R,전통시장,4,0,4,0.0,0.0,3.0,0,,,4.0,0.0,4.0,0.0,0.0,3.0,0.0,,,,,0,최근 4개 분기 실제 점포당 제과매출환경,20253~20262,0,NO_QUALIFIED_FORECAST_MODEL
3130149,창동신창시장,R,전통시장,4,0,4,0.0,0.0,1.25,0,,,4.0,0.0,4.0,0.0,0.0,1.0,0.0,,,,,0,최근 4개 분기 실제 점포당 제과매출환경,20253~20262,0,NO_QUALIFIED_FORECAST_MODEL
3130153,창동역상점가,R,전통시장,4,4,0,436674935.0,60977.0,0.0,0,,,4.0,4.0,0.0,409012150.0,62161.0,0.0,0.0,,,,,0,최근 4개 분기 실제 점포당 제과매출환경,20253~20262,0,NO_QUALIFIED_FORECAST_MODEL
3130155,시영B상가(중계 그린아파트 B 상가),R,전통시장,4,0,4,0.0,0.0,1.0,0,,,4.0,0.0,4.0,0.0,0.0,1.0,0.0,,,,,0,최근 4개 분기 실제 점포당 제과매출환경,20253~20262,0,NO_QUALIFIED_FORECAST_MODEL
3130156,시영2단지 무지개종합상가(중계 무지개2단지아파트상가),R,전통시장,4,0,0,0.0,0.0,0.0,0,,,4.0,0.0,0.0,0.0,0.0,0.0,0.0,,,,,0,최근 4개 분기 실제 점포당 제과매출환경,20253~20262,0,NO_QUALIFIED_FORECAST_MODEL
3130157,상계중앙시장,R,전통시장,4,0,4,0.0,0.0,1.5,0,,,4.0,0.0,4.0,0.0,0.0,2.5,0.0,,,,,0,최근 4개 분기 실제 점포당 제과매출환경,20253~20262,0,NO_QUALIFIED_FORECAST_MODEL
3130161,증산종합시장,R,전통시장,4,0,4,0.0,0.0,1.0,0,,,4.0,0.0,4.0,0.0,0.0,1.0,0.0,,,,,0,최근 4개 분기 실제 점포당 제과매출환경,20253~20262,0,NO_QUALIFIED_FORECAST_MODEL
3130163,응암오거리상점가,R,전통시장,4,0,0,0.0,0.0,0.0,0,,,4.0,0.0,0.0,0.0,0.0,0.0,0.0,,,,,0,최근 4개 분기 실제 점포당 제과매출환경,20253~20262,0,NO_QUALIFIED_FORECAST_MODEL
3130169,대조시장,R,전통시장,4,0,4,0.0,0.0,4.0,0,,,4.0,0.0,4.0,0.0,0.0,4.0,0.0,,,,,0,최근 4개 분기 실제 점포당 제과매출환경,20253~20262,0,NO_QUALIFIED_FORECAST_MODEL
3130172,모래내시장(서중시장),R,전통시장,4,0,4,0.0,0.0,1.5,0,,,4.0,0.0,4.0,0.0,0.0,1.0,0.0,,,,,0,최근 4개 분기 실제 점포당 제과매출환경,20253~20262,0,NO_QUALIFIED_FORECAST_MODEL
3130174,연희사러가,R,전통시장,4,0,4,0.0,0.0,2.0,0,,,4.0,0.0,4.0,0.0,0.0,1.75,0.0,,,,,0,최근 4개 분기 실제 점포당 제과매출환경,20253~20262,0,NO_QUALIFIED_FORECAST_MODEL
3130176,유진상가,R,전통시장,4,0,4,0.0,0.0,1.0,0,,,4.0,0.0,4.0,0.0,0.0,1.0,0.0,,,,,0,최근 4개 분기 실제 점포당 제과매출환경,20253~20262,0,NO_QUALIFIED_FORECAST_MODEL
3130178,이대 앞 스타트업 상점가,R,전통시장,4,0,3,0.0,0.0,0.75,0,,,4.0,0.0,4.0,0.0,0.0,1.0,0.0,,,,,0,최근 4개 분기 실제 점포당 제과매출환경,20253~20262,0,NO_QUALIFIED_FORECAST_MODEL
3130180,포방터시장,R,전통시장,4,0,0,0.0,0.0,0.0,0,,,4.0,0.0,0.0,0.0,0.0,0.0,0.0,,,,,0,최근 4개 분기 실제 점포당 제과매출환경,20253~20262,0,NO_QUALIFIED_FORECAST_MODEL
3130185,망원월드컵시장,R,전통시장,4,0,2,0.0,0.0,0.5,0,,,4.0,0.0,0.0,0.0,0.0,0.0,0.0,,,,,0,최근 4개 분기 실제 점포당 제과매출환경,20253~20262,0,NO_QUALIFIED_FORECAST_MODEL
3130186,망원시장,R,전통시장,4,1,4,5271624.0,802.0,4.25,0,,,4.0,0.0,4.0,0.0,0.0,4.0,0.0,,,,,0,최근 4개 분기 실제 점포당 제과매출환경,20253~20262,0,NO_QUALIFIED_FORECAST_MODEL
3130192,동진시장,R,전통시장,4,0,4,0.0,0.0,1.0,0,,,4.0,0.0,4.0,0.0,0.0,1.0,0.0,,,,,0,최근 4개 분기 실제 점포당 제과매출환경,20253~20262,0,NO_QUALIFIED_FORECAST_MODEL
3130193,신수시장,R,전통시장,4,0,4,0.0,0.0,1.0,0,,,4.0,0.0,4.0,0.0,0.0,1.0,0.0,,,,,0,최근 4개 분기 실제 점포당 제과매출환경,20253~20262,0,NO_QUALIFIED_FORECAST_MODEL
3130194,용강동 상점가,R,전통시장,4,0,0,0.0,0.0,0.0,0,,,4.0,0.0,0.0,0.0,0.0,0.0,0.0,,,,,0,최근 4개 분기 실제 점포당 제과매출환경,20253~20262,0,NO_QUALIFIED_FORECAST_MODEL
3130196,공덕시장,R,전통시장,4,0,4,0.0,0.0,1.5,0,,,4.0,0.0,4.0,0.0,0.0,1.0,0.0,,,,,0,최근 4개 분기 실제 점포당 제과매출환경,20253~20262,0,NO_QUALIFIED_FORECAST_MODEL
3130198,아현시장,R,전통시장,4,0,4,0.0,0.0,1.0,0,,,4.0,0.0,4.0,0.0,0.0,1.0,0.0,,,,,0,최근 4개 분기 실제 점포당 제과매출환경,20253~20262,0,NO_QUALIFIED_FORECAST_MODEL
3130200,"신월7동 골목시장(약수시장, 우성상가)",R,전통시장,4,0,4,0.0,0.0,1.0,0,,,4.0,0.0,4.0,0.0,0.0,1.0,0.0,,,,,0,최근 4개 분기 실제 점포당 제과매출환경,20253~20262,0,NO_QUALIFIED_FORECAST_MODEL
3130202,신영시장,R,전통시장,4,0,4,0.0,0.0,1.0,0,,,4.0,0.0,4.0,0.0,0.0,1.0,0.0,,,,,0,최근 4개 분기 실제 점포당 제과매출환경,20253~20262,0,NO_QUALIFIED_FORECAST_MODEL
3130203,서서울 골목형상점가,R,전통시장,4,0,4,0.0,0.0,1.0,0,,,4.0,0.0,4.0,0.0,0.0,1.0,0.0,,,,,0,최근 4개 분기 실제 점포당 제과매출환경,20253~20262,0,NO_QUALIFIED_FORECAST_MODEL
3130204,경창시장,R,전통시장,4,0,4,0.0,0.0,2.0,0,,,4.0,0.0,4.0,0.0,0.0,3.0,0.0,,,,,0,최근 4개 분기 실제 점포당 제과매출환경,20253~20262,0,NO_QUALIFIED_FORECAST_MODEL
3130206,신정3동 골목시장,R,전통시장,4,1,4,448082789.0,43288.0,1.25,0,,,4.0,1.0,4.0,418626455.0,42903.0,1.0,0.0,,,,,0,최근 4개 분기 실제 점포당 제과매출환경,20253~20262,0,NO_QUALIFIED_FORECAST_MODEL
3130207,신정1동 골목시장(신정제일시장),R,전통시장,4,0,4,0.0,0.0,2.0,0,,,4.0,0.0,4.0,0.0,0.0,2.0,0.0,,,,,0,최근 4개 분기 실제 점포당 제과매출환경,20253~20262,0,NO_QUALIFIED_FORECAST_MODEL
3130209,목사랑시장(목4동시장),R,전통시장,4,1,4,158191041.0,21456.0,2.25,0,,,4.0,0.0,4.0,0.0,0.0,2.0,0.0,,,,,0,최근 4개 분기 실제 점포당 제과매출환경,20253~20262,0,NO_QUALIFIED_FORECAST_MODEL
3130210,목2동시장,R,전통시장,4,1,1,37452489.0,4552.0,0.25,0,,,4.0,4.0,4.0,171312528.0,20829.0,1.0,1.0,171312528.0,8224.712084113495,,,0,최근 4개 분기 실제 점포당 제과매출환경,20253~20262,0,NO_QUALIFIED_FORECAST_MODEL
3130213,방신전통시장,R,전통시장,4,0,4,0.0,0.0,1.0,0,,,,,,,,,,,,,,0,최근 4개 분기 실제 점포당 제과매출환경,20253~20262,0,NO_QUALIFIED_FORECAST_MODEL
3130216,화곡중앙시장,R,전통시장,4,0,4,0.0,0.0,2.0,0,,,4.0,0.0,4.0,0.0,0.0,2.0,0.0,,,,,0,최근 4개 분기 실제 점포당 제과매출환경,20253~20262,0,NO_QUALIFIED_FORECAST_MODEL
3130217,화곡본동시장,R,전통시장,4,0,0,0.0,0.0,0.0,0,,,4.0,0.0,0.0,0.0,0.0,0.0,0.0,,,,,0,최근 4개 분기 실제 점포당 제과매출환경,20253~20262,0,NO_QUALIFIED_FORECAST_MODEL
3130223,고척근린시장,R,전통시장,4,0,4,0.0,0.0,2.0,0,,,4.0,0.0,4.0,0.0,0.0,2.0,0.0,,,,,0,최근 4개 분기 실제 점포당 제과매출환경,20253~20262,0,NO_QUALIFIED_FORECAST_MODEL
3130226,고척프라자,R,전통시장,4,0,4,0.0,0.0,1.0,0,,,4.0,0.0,4.0,0.0,0.0,1.0,0.0,,,,,0,최근 4개 분기 실제 점포당 제과매출환경,20253~20262,0,NO_QUALIFIED_FORECAST_MODEL
3130227,고척골목시장상점가(그라운드 고척),R,전통시장,4,0,1,0.0,0.0,0.25,0,,,4.0,0.0,0.0,0.0,0.0,0.0,0.0,,,,,0,최근 4개 분기 실제 점포당 제과매출환경,20253~20262,0,NO_QUALIFIED_FORECAST_MODEL
3130228,구로시장,R,전통시장,4,0,4,0.0,0.0,1.0,0,,,4.0,0.0,4.0,0.0,0.0,1.0,0.0,,,,,0,최근 4개 분기 실제 점포당 제과매출환경,20253~20262,0,NO_QUALIFIED_FORECAST_MODEL
3130231,독산동 우시장,R,전통시장,4,0,4,0.0,0.0,2.0,0,,,4.0,0.0,4.0,0.0,0.0,1.75,0.0,,,,,0,최근 4개 분기 실제 점포당 제과매출환경,20253~20262,0,NO_QUALIFIED_FORECAST_MODEL
3130233,남문시장,R,전통시장,4,0,4,0.0,0.0,1.0,0,,,,,,,,,,,,,,0,최근 4개 분기 실제 점포당 제과매출환경,20253~20262,0,NO_QUALIFIED_FORECAST_MODEL
3130235,대명여울빛거리시장(대명시장),R,전통시장,4,0,4,0.0,0.0,2.25,0,,,4.0,0.0,4.0,0.0,0.0,1.0,0.0,,,,,0,최근 4개 분기 실제 점포당 제과매출환경,20253~20262,0,NO_QUALIFIED_FORECAST_MODEL
3130241,선유도역 골목형상점가,R,전통시장,4,0,4,0.0,0.0,1.25,0,,,4.0,0.0,4.0,0.0,0.0,2.0,0.0,,,,,0,최근 4개 분기 실제 점포당 제과매출환경,20253~20262,0,NO_QUALIFIED_FORECAST_MODEL
3130244,대림중앙시장,R,전통시장,4,0,4,0.0,0.0,2.0,0,,,4.0,0.0,4.0,0.0,0.0,2.0,0.0,,,,,0,최근 4개 분기 실제 점포당 제과매출환경,20253~20262,0,NO_QUALIFIED_FORECAST_MODEL
3130247,우리시장,R,전통시장,4,0,4,0.0,0.0,1.25,0,,,4.0,0.0,4.0,0.0,0.0,1.0,0.0,,,,,0,최근 4개 분기 실제 점포당 제과매출환경,20253~20262,0,NO_QUALIFIED_FORECAST_MODEL
3130248,영등포역지하도상점가,R,전통시장,4,0,4,0.0,0.0,4.0,0,,,4.0,0.0,4.0,0.0,0.0,4.0,0.0,,,,,0,최근 4개 분기 실제 점포당 제과매출환경,20253~20262,0,NO_QUALIFIED_FORECAST_MODEL
3130253,영신상가(제일상가),R,전통시장,4,0,4,0.0,0.0,1.0,0,,,4.0,0.0,4.0,0.0,0.0,1.0,0.0,,,,,0,최근 4개 분기 실제 점포당 제과매출환경,20253~20262,0,NO_QUALIFIED_FORECAST_MODEL
3130262,상도도깨비 골목형상점가,R,전통시장,4,0,4,0.0,0.0,1.0,0,,,4.0,0.0,4.0,0.0,0.0,1.0,0.0,,,,,0,최근 4개 분기 실제 점포당 제과매출환경,20253~20262,0,NO_QUALIFIED_FORECAST_MODEL
3130264,상도약수골목형상점가,R,전통시장,4,0,1,0.0,0.0,0.25,0,,,4.0,0.0,4.0,0.0,0.0,1.0,0.0,,,,,0,최근 4개 분기 실제 점포당 제과매출환경,20253~20262,0,NO_QUALIFIED_FORECAST_MODEL
3130265,노량진중앙시장,R,전통시장,4,0,0,0.0,0.0,0.0,0,,,4.0,0.0,0.0,0.0,0.0,0.0,0.0,,,,,0,최근 4개 분기 실제 점포당 제과매출환경,20253~20262,0,NO_QUALIFIED_FORECAST_MODEL
3130268,상도전통시장,R,전통시장,4,0,0,0.0,0.0,0.0,0,,,4.0,0.0,0.0,0.0,0.0,0.0,0.0,,,,,0,최근 4개 분기 실제 점포당 제과매출환경,20253~20262,0,NO_QUALIFIED_FORECAST_MODEL
3130269,강남시장(동작구 강남시장),R,전통시장,4,0,4,0.0,0.0,1.0,0,,,4.0,0.0,4.0,0.0,0.0,1.0,0.0,,,,,0,최근 4개 분기 실제 점포당 제과매출환경,20253~20262,0,NO_QUALIFIED_FORECAST_MODEL
3130274,사당1동먹자골목상점가(사당1동먹자골목),R,전통시장,4,0,0,0.0,0.0,0.0,0,,,4.0,0.0,0.0,0.0,0.0,0.0,0.0,,,,,0,최근 4개 분기 실제 점포당 제과매출환경,20253~20262,0,NO_QUALIFIED_FORECAST_MODEL
3130276,신림중앙시장(조원동 펭귄시장),R,전통시장,4,0,4,0.0,0.0,1.0,0,,,4.0,0.0,4.0,0.0,0.0,1.0,0.0,,,,,0,최근 4개 분기 실제 점포당 제과매출환경,20253~20262,0,NO_QUALIFIED_FORECAST_MODEL
3130277,조원동 펭귄시장(신림중앙시장),R,전통시장,4,0,4,0.0,0.0,2.0,0,,,4.0,0.0,4.0,0.0,0.0,2.0,0.0,,,,,0,최근 4개 분기 실제 점포당 제과매출환경,20253~20262,0,NO_QUALIFIED_FORECAST_MODEL
3130283,신원시장,R,전통시장,4,0,3,0.0,0.0,1.0,0,,,4.0,0.0,4.0,0.0,0.0,1.75,0.0,,,,,0,최근 4개 분기 실제 점포당 제과매출환경,20253~20262,0,NO_QUALIFIED_FORECAST_MODEL
3130286,신신림시장(삼성동시장),R,전통시장,4,0,4,0.0,0.0,1.0,0,,,4.0,0.0,4.0,0.0,0.0,1.0,0.0,,,,,0,최근 4개 분기 실제 점포당 제과매출환경,20253~20262,0,NO_QUALIFIED_FORECAST_MODEL
3130288,신림현대종합상가,R,전통시장,4,0,4,0.0,0.0,1.75,0,,,4.0,0.0,4.0,0.0,0.0,2.0,0.0,,,,,0,최근 4개 분기 실제 점포당 제과매출환경,20253~20262,0,NO_QUALIFIED_FORECAST_MODEL
3130289,봉일시장,R,전통시장,4,0,4,0.0,0.0,1.0,0,,,4.0,0.0,4.0,0.0,0.0,1.0,0.0,,,,,0,최근 4개 분기 실제 점포당 제과매출환경,20253~20262,0,NO_QUALIFIED_FORECAST_MODEL
3130293,봉천중앙시장,R,전통시장,4,0,1,0.0,0.0,0.25,0,,,4.0,0.0,0.0,0.0,0.0,0.0,0.0,,,,,0,최근 4개 분기 실제 점포당 제과매출환경,20253~20262,0,NO_QUALIFIED_FORECAST_MODEL
3130294,관악중부시장,R,전통시장,4,0,4,0.0,0.0,2.0,0,,,4.0,0.0,4.0,0.0,0.0,2.0,0.0,,,,,0,최근 4개 분기 실제 점포당 제과매출환경,20253~20262,0,NO_QUALIFIED_FORECAST_MODEL
3130295,인헌시장(원당종합시장),R,전통시장,4,0,4,0.0,0.0,1.75,0,,,4.0,4.0,4.0,559407978.0,80333.0,3.0,1.0,186469326.0,6963.613683044328,,,0,최근 4개 분기 실제 점포당 제과매출환경,20253~20262,0,NO_QUALIFIED_FORECAST_MODEL
3130301,양재시장,R,전통시장,4,0,0,0.0,0.0,0.0,0,,,4.0,0.0,0.0,0.0,0.0,0.0,0.0,,,,,0,최근 4개 분기 실제 점포당 제과매출환경,20253~20262,0,NO_QUALIFIED_FORECAST_MODEL
3130302,강남시장(강남구 강남시장),R,전통시장,4,0,4,0.0,0.0,2.0,0,,,4.0,0.0,4.0,0.0,0.0,2.0,0.0,,,,,0,최근 4개 분기 실제 점포당 제과매출환경,20253~20262,0,NO_QUALIFIED_FORECAST_MODEL
3130303,영동전통시장,R,전통시장,4,0,3,0.0,0.0,0.75,0,,,4.0,0.0,4.0,0.0,0.0,1.75,0.0,,,,,0,최근 4개 분기 실제 점포당 제과매출환경,20253~20262,0,NO_QUALIFIED_FORECAST_MODEL
3130307,도곡시장,R,전통시장,4,0,4,0.0,0.0,1.0,0,,,4.0,0.0,4.0,0.0,0.0,1.0,0.0,,,,,0,최근 4개 분기 실제 점포당 제과매출환경,20253~20262,0,NO_QUALIFIED_FORECAST_MODEL
3130308,청담삼익시장,R,전통시장,4,0,4,0.0,0.0,1.0,0,,,4.0,0.0,4.0,0.0,0.0,1.75,0.0,,,,,0,최근 4개 분기 실제 점포당 제과매출환경,20253~20262,0,NO_QUALIFIED_FORECAST_MODEL
3130310,강남개포시장,R,전통시장,4,0,0,0.0,0.0,0.0,0,,,4.0,0.0,0.0,0.0,0.0,0.0,0.0,,,,,0,최근 4개 분기 실제 점포당 제과매출환경,20253~20262,0,NO_QUALIFIED_FORECAST_MODEL
3130312,석촌시장,R,전통시장,4,0,4,0.0,0.0,1.0,0,,,4.0,0.0,4.0,0.0,0.0,1.5,0.0,,,,,0,최근 4개 분기 실제 점포당 제과매출환경,20253~20262,0,NO_QUALIFIED_FORECAST_MODEL
3130315,문정동 로데오거리 상점가(문정동 로데오거리),R,전통시장,4,0,4,0.0,0.0,1.0,0,,,4.0,0.0,4.0,0.0,0.0,1.0,0.0,,,,,0,최근 4개 분기 실제 점포당 제과매출환경,20253~20262,0,NO_QUALIFIED_FORECAST_MODEL
3130316,마천시장,R,전통시장,4,0,4,0.0,0.0,1.0,0,,,4.0,0.0,4.0,0.0,0.0,1.0,0.0,,,,,0,최근 4개 분기 실제 점포당 제과매출환경,20253~20262,0,NO_QUALIFIED_FORECAST_MODEL
3130319,성내전통시장,R,전통시장,4,0,4,0.0,0.0,2.0,0,,,4.0,0.0,4.0,0.0,0.0,2.0,0.0,,,,,0,최근 4개 분기 실제 점포당 제과매출환경,20253~20262,0,NO_QUALIFIED_FORECAST_MODEL
3130320,암사종합시장,R,전통시장,4,0,4,0.0,0.0,1.0,0,,,4.0,0.0,4.0,0.0,0.0,3.25,0.0,,,,,0,최근 4개 분기 실제 점포당 제과매출환경,20253~20262,0,NO_QUALIFIED_FORECAST_MODEL
3130321,장신구 특화거리 상점가,R,전통시장,4,0,4,0.0,0.0,3.5,0,,,4.0,0.0,4.0,0.0,0.0,4.0,0.0,,,,,0,최근 4개 분기 실제 점포당 제과매출환경,20253~20262,0,NO_QUALIFIED_FORECAST_MODEL
3130322,고분다리전통시장,R,전통시장,4,0,0,0.0,0.0,0.0,0,,,4.0,0.0,0.0,0.0,0.0,0.0,0.0,,,,,0,최근 4개 분기 실제 점포당 제과매출환경,20253~20262,0,NO_QUALIFIED_FORECAST_MODEL
3130323,둔촌역전통시장,R,전통시장,4,0,4,0.0,0.0,2.0,0,,,4.0,0.0,4.0,0.0,0.0,2.0,0.0,,,,,0,최근 4개 분기 실제 점포당 제과매출환경,20253~20262,0,NO_QUALIFIED_FORECAST_MODEL
3130324,길동복조리시장,R,전통시장,4,0,4,0.0,0.0,1.25,0,,,4.0,0.0,4.0,0.0,0.0,1.0,0.0,,,,,0,최근 4개 분기 실제 점포당 제과매출환경,20253~20262,0,NO_QUALIFIED_FORECAST_MODEL
3130325,명일전통시장,R,전통시장,4,0,4,0.0,0.0,1.0,0,,,4.0,0.0,4.0,0.0,0.0,1.0,0.0,,,,,0,최근 4개 분기 실제 점포당 제과매출환경,20253~20262,0,NO_QUALIFIED_FORECAST_MODEL
3130326,고덕 골목형상점가,R,전통시장,4,0,4,0.0,0.0,1.0,0,,,4.0,0.0,4.0,0.0,0.0,1.0,0.0,,,,,0,최근 4개 분기 실제 점포당 제과매출환경,20253~20262,0,NO_QUALIFIED_FORECAST_MODEL
