TRDAR_CD,TRDAR_CD_NM,TRDAR_SE_CD_NM,display_as_of,display_window,recent_4q_sales_per_store_won,seoul_observed_percentile,actual_market_level,recent_4q_vs_prior_year_pct,year_over_year_trend,recent_4q_avg_store_count,recent_4q_quarterly_variation_pct,quarterly_variation_flag,observation_scope,metric_interpretation,permitted_decision_use,prohibited_interpretation,forecast_status
3120068,사가정역,발달상권,2026Q2,2025Q3~2026Q2 실제 관측,3723924576.0,100.0,관측 상권 상위 10%,-3.4098301351359606,전년동기 수준 유지,1.0,3.5788917547684043,분기별 변동 보통,"서울 최신 점포 관측 상권 1,186개 중 최근 4분기 매출·점포가 모두 관측된 399개 상권",기존 제과점의 최근 4분기 총매출을 평균 점포 수로 나눈 실제 과거 매출환경,현재 시장규모 확인 및 후보 상권 1차 선별,신규 브랜드 점포의 미래 매출예측 또는 출점 확정 근거로 단독 사용 금지,통과한 미래 매출예측모델 없음
3130170,제일시장,전통시장,2026Q2,2025Q3~2026Q2 실제 관측,3680833661.0,99.74937343358395,관측 상권 상위 10%,-6.676359867703418,전년동기 수준 유지,3.0,9.400666499505668,분기별 변동 보통,"서울 최신 점포 관측 상권 1,186개 중 최근 4분기 매출·점포가 모두 관측된 399개 상권",기존 제과점의 최근 4분기 총매출을 평균 점포 수로 나눈 실제 과거 매출환경,현재 시장규모 확인 및 후보 상권 1차 선별,신규 브랜드 점포의 미래 매출예측 또는 출점 확정 근거로 단독 사용 금지,통과한 미래 매출예측모델 없음
3130147,쌍문역동측상점가,전통시장,2026Q2,2025Q3~2026Q2 실제 관측,3322771180.923077,99.49874686716792,관측 상권 상위 10%,245.4016008200119,전년동기 대비 증가,3.25,4.453326232778359,분기별 변동 보통,"서울 최신 점포 관측 상권 1,186개 중 최근 4분기 매출·점포가 모두 관측된 399개 상권",기존 제과점의 최근 4분기 총매출을 평균 점포 수로 나눈 실제 과거 매출환경,현재 시장규모 확인 및 후보 상권 1차 선별,신규 브랜드 점포의 미래 매출예측 또는 출점 확정 근거로 단독 사용 금지,통과한 미래 매출예측모델 없음
3111044,남천초등학교,골목상권,2026Q2,2025Q3~2026Q2 실제 관측,2881292394.0,99.24812030075188,관측 상권 상위 10%,29.87268973517199,전년동기 대비 증가,1.0,4.320885598700294,분기별 변동 보통,"서울 최신 점포 관측 상권 1,186개 중 최근 4분기 매출·점포가 모두 관측된 399개 상권",기존 제과점의 최근 4분기 총매출을 평균 점포 수로 나눈 실제 과거 매출환경,현재 시장규모 확인 및 후보 상권 1차 선별,신규 브랜드 점포의 미래 매출예측 또는 출점 확정 근거로 단독 사용 금지,통과한 미래 매출예측모델 없음
3120061,올림픽대교북단,발달상권,2026Q2,2025Q3~2026Q2 실제 관측,2785222949.3333335,98.99749373433583,관측 상권 상위 10%,-38.47292074939978,전년동기 대비 감소,1.5,36.91962879612346,분기별 변동 주의,"서울 최신 점포 관측 상권 1,186개 중 최근 4분기 매출·점포가 모두 관측된 399개 상권",기존 제과점의 최근 4분기 총매출을 평균 점포 수로 나눈 실제 과거 매출환경,현재 시장규모 확인 및 후보 상권 1차 선별,신규 브랜드 점포의 미래 매출예측 또는 출점 확정 근거로 단독 사용 금지,통과한 미래 매출예측모델 없음
3120069,상봉역,발달상권,2026Q2,2025Q3~2026Q2 실제 관측,2400956320.0,98.74686716791979,관측 상권 상위 10%,319.81428889449444,전년동기 대비 증가,2.75,15.539790770035419,분기별 변동 보통,"서울 최신 점포 관측 상권 1,186개 중 최근 4분기 매출·점포가 모두 관측된 399개 상권",기존 제과점의 최근 4분기 총매출을 평균 점포 수로 나눈 실제 과거 매출환경,현재 시장규모 확인 및 후보 상권 1차 선별,신규 브랜드 점포의 미래 매출예측 또는 출점 확정 근거로 단독 사용 금지,통과한 미래 매출예측모델 없음
3120120,화곡역,발달상권,2026Q2,2025Q3~2026Q2 실제 관측,1974932929.4117646,98.49624060150376,관측 상권 상위 10%,16.52794591352109,전년동기 대비 증가,4.25,12.778134735615923,분기별 변동 보통,"서울 최신 점포 관측 상권 1,186개 중 최근 4분기 매출·점포가 모두 관측된 399개 상권",기존 제과점의 최근 4분기 총매출을 평균 점포 수로 나눈 실제 과거 매출환경,현재 시장규모 확인 및 후보 상권 1차 선별,신규 브랜드 점포의 미래 매출예측 또는 출점 확정 근거로 단독 사용 금지,통과한 미래 매출예측모델 없음
3120129,구로디지털단지,발달상권,2026Q2,2025Q3~2026Q2 실제 관측,1907394374.6666667,98.24561403508771,관측 상권 상위 10%,1.4251635589542344,전년동기 수준 유지,1.5,36.9987000551179,분기별 변동 주의,"서울 최신 점포 관측 상권 1,186개 중 최근 4분기 매출·점포가 모두 관측된 399개 상권",기존 제과점의 최근 4분기 총매출을 평균 점포 수로 나눈 실제 과거 매출환경,현재 시장규모 확인 및 후보 상권 1차 선별,신규 브랜드 점포의 미래 매출예측 또는 출점 확정 근거로 단독 사용 금지,통과한 미래 매출예측모델 없음
3120241,거여역,발달상권,2026Q2,2025Q3~2026Q2 실제 관측,1798321406.0,97.99498746867168,관측 상권 상위 10%,4.033730560874682,전년동기 수준 유지,1.0,9.991590822306955,분기별 변동 보통,"서울 최신 점포 관측 상권 1,186개 중 최근 4분기 매출·점포가 모두 관측된 399개 상권",기존 제과점의 최근 4분기 총매출을 평균 점포 수로 나눈 실제 과거 매출환경,현재 시장규모 확인 및 후보 상권 1차 선별,신규 브랜드 점포의 미래 매출예측 또는 출점 확정 근거로 단독 사용 금지,통과한 미래 매출예측모델 없음
3120133,서울시흥동우체국(홈플러스시흥점),발달상권,2026Q2,2025Q3~2026Q2 실제 관측,1689246651.3333333,97.74436090225564,관측 상권 상위 10%,-32.21562737119793,전년동기 대비 감소,1.5,33.858376056702184,분기별 변동 주의,"서울 최신 점포 관측 상권 1,186개 중 최근 4분기 매출·점포가 모두 관측된 399개 상권",기존 제과점의 최근 4분기 총매출을 평균 점포 수로 나눈 실제 과거 매출환경,현재 시장규모 확인 및 후보 상권 1차 선별,신규 브랜드 점포의 미래 매출예측 또는 출점 확정 근거로 단독 사용 금지,통과한 미래 매출예측모델 없음
3110601,신월1동우편취급국,골목상권,2026Q2,2025Q3~2026Q2 실제 관측,1669376504.0,97.4937343358396,관측 상권 상위 10%,-4.004547766615452,전년동기 수준 유지,1.0,4.562093796410948,분기별 변동 보통,"서울 최신 점포 관측 상권 1,186개 중 최근 4분기 매출·점포가 모두 관측된 399개 상권",기존 제과점의 최근 4분기 총매출을 평균 점포 수로 나눈 실제 과거 매출환경,현재 시장규모 확인 및 후보 상권 1차 선별,신규 브랜드 점포의 미래 매출예측 또는 출점 확정 근거로 단독 사용 금지,통과한 미래 매출예측모델 없음
3110431,상계역,골목상권,2026Q2,2025Q3~2026Q2 실제 관측,1640765264.0,97.24310776942356,관측 상권 상위 10%,10.433110700211712,전년동기 대비 증가,2.0,5.090263531243926,분기별 변동 보통,"서울 최신 점포 관측 상권 1,186개 중 최근 4분기 매출·점포가 모두 관측된 399개 상권",기존 제과점의 최근 4분기 총매출을 평균 점포 수로 나눈 실제 과거 매출환경,현재 시장규모 확인 및 후보 상권 1차 선별,신규 브랜드 점포의 미래 매출예측 또는 출점 확정 근거로 단독 사용 금지,통과한 미래 매출예측모델 없음
3120083,등나무근린공원,발달상권,2026Q2,2025Q3~2026Q2 실제 관측,1627905210.5,96.99248120300751,관측 상권 상위 10%,2.710313169916234,전년동기 수준 유지,2.0,5.483945061875555,분기별 변동 보통,"서울 최신 점포 관측 상권 1,186개 중 최근 4분기 매출·점포가 모두 관측된 399개 상권",기존 제과점의 최근 4분기 총매출을 평균 점포 수로 나눈 실제 과거 매출환경,현재 시장규모 확인 및 후보 상권 1차 선별,신규 브랜드 점포의 미래 매출예측 또는 출점 확정 근거로 단독 사용 금지,통과한 미래 매출예측모델 없음
3120249,고덕역,발달상권,2026Q2,2025Q3~2026Q2 실제 관측,1592782805.4545455,96.74185463659147,관측 상권 상위 10%,14.559885996666356,전년동기 대비 증가,5.5,11.308224021056462,분기별 변동 보통,"서울 최신 점포 관측 상권 1,186개 중 최근 4분기 매출·점포가 모두 관측된 399개 상권",기존 제과점의 최근 4분기 총매출을 평균 점포 수로 나눈 실제 과거 매출환경,현재 시장규모 확인 및 후보 상권 1차 선별,신규 브랜드 점포의 미래 매출예측 또는 출점 확정 근거로 단독 사용 금지,통과한 미래 매출예측모델 없음
3110002,독립문역 1번,골목상권,2026Q2,2025Q3~2026Q2 실제 관측,1473703791.0,96.49122807017544,관측 상권 상위 10%,,전년동기 수준 유지,1.0,7.1020361743874085,분기별 변동 보통,"서울 최신 점포 관측 상권 1,186개 중 최근 4분기 매출·점포가 모두 관측된 399개 상권",기존 제과점의 최근 4분기 총매출을 평균 점포 수로 나눈 실제 과거 매출환경,현재 시장규모 확인 및 후보 상권 1차 선별,신규 브랜드 점포의 미래 매출예측 또는 출점 확정 근거로 단독 사용 금지,통과한 미래 매출예측모델 없음
3120127,구로구청,발달상권,2026Q2,2025Q3~2026Q2 실제 관측,1459770222.0,96.2406015037594,관측 상권 상위 10%,69.43634541055647,전년동기 대비 증가,1.0,15.983927553891288,분기별 변동 보통,"서울 최신 점포 관측 상권 1,186개 중 최근 4분기 매출·점포가 모두 관측된 399개 상권",기존 제과점의 최근 4분기 총매출을 평균 점포 수로 나눈 실제 과거 매출환경,현재 시장규모 확인 및 후보 상권 1차 선별,신규 브랜드 점포의 미래 매출예측 또는 출점 확정 근거로 단독 사용 금지,통과한 미래 매출예측모델 없음
3120121,까치산역,발달상권,2026Q2,2025Q3~2026Q2 실제 관측,1416514249.0,95.98997493734336,관측 상권 상위 10%,,전년동기 수준 유지,1.0,5.761589304464054,분기별 변동 보통,"서울 최신 점포 관측 상권 1,186개 중 최근 4분기 매출·점포가 모두 관측된 399개 상권",기존 제과점의 최근 4분기 총매출을 평균 점포 수로 나눈 실제 과거 매출환경,현재 시장규모 확인 및 후보 상권 1차 선별,신규 브랜드 점포의 미래 매출예측 또는 출점 확정 근거로 단독 사용 금지,통과한 미래 매출예측모델 없음
3130222,오류시장,전통시장,2026Q2,2025Q3~2026Q2 실제 관측,1374615192.0,95.73934837092732,관측 상권 상위 10%,-2.6844655435066644,전년동기 수준 유지,2.0,2.0636806551740055,분기별 변동 보통,"서울 최신 점포 관측 상권 1,186개 중 최근 4분기 매출·점포가 모두 관측된 399개 상권",기존 제과점의 최근 4분기 총매출을 평균 점포 수로 나눈 실제 과거 매출환경,현재 시장규모 확인 및 후보 상권 1차 선별,신규 브랜드 점포의 미래 매출예측 또는 출점 확정 근거로 단독 사용 금지,통과한 미래 매출예측모델 없음
3120023,서울시청,발달상권,2026Q2,2025Q3~2026Q2 실제 관측,1359800546.25,95.48872180451127,관측 상권 상위 10%,23.53040465370806,전년동기 대비 증가,4.0,17.27704094850179,분기별 변동 보통,"서울 최신 점포 관측 상권 1,186개 중 최근 4분기 매출·점포가 모두 관측된 399개 상권",기존 제과점의 최근 4분기 총매출을 평균 점포 수로 나눈 실제 과거 매출환경,현재 시장규모 확인 및 후보 상권 1차 선별,신규 브랜드 점포의 미래 매출예측 또는 출점 확정 근거로 단독 사용 금지,통과한 미래 매출예측모델 없음
3120152,신대방삼거리역,발달상권,2026Q2,2025Q3~2026Q2 실제 관측,1358518925.0666666,95.23809523809523,관측 상권 상위 10%,9.393374018004863,전년동기 수준 유지,3.75,25.84362670384566,분기별 변동 주의,"서울 최신 점포 관측 상권 1,186개 중 최근 4분기 매출·점포가 모두 관측된 399개 상권",기존 제과점의 최근 4분기 총매출을 평균 점포 수로 나눈 실제 과거 매출환경,현재 시장규모 확인 및 후보 상권 1차 선별,신규 브랜드 점포의 미래 매출예측 또는 출점 확정 근거로 단독 사용 금지,통과한 미래 매출예측모델 없음
3110892,관악구 중앙길,골목상권,2026Q2,2025Q3~2026Q2 실제 관측,1322461033.8181818,94.9874686716792,관측 상권 상위 10%,-18.028555288900595,전년동기 대비 감소,2.75,26.984792484655546,분기별 변동 주의,"서울 최신 점포 관측 상권 1,186개 중 최근 4분기 매출·점포가 모두 관측된 399개 상권",기존 제과점의 최근 4분기 총매출을 평균 점포 수로 나눈 실제 과거 매출환경,현재 시장규모 확인 및 후보 상권 1차 선별,신규 브랜드 점포의 미래 매출예측 또는 출점 확정 근거로 단독 사용 금지,통과한 미래 매출예측모델 없음
3120079,창동역,발달상권,2026Q2,2025Q3~2026Q2 실제 관측,1314590036.5,94.73684210526315,관측 상권 상위 10%,16.40799564959852,전년동기 대비 증가,2.0,12.153528513868855,분기별 변동 보통,"서울 최신 점포 관측 상권 1,186개 중 최근 4분기 매출·점포가 모두 관측된 399개 상권",기존 제과점의 최근 4분기 총매출을 평균 점포 수로 나눈 실제 과거 매출환경,현재 시장규모 확인 및 후보 상권 1차 선별,신규 브랜드 점포의 미래 매출예측 또는 출점 확정 근거로 단독 사용 금지,통과한 미래 매출예측모델 없음
3120247,굽은다리역,발달상권,2026Q2,2025Q3~2026Q2 실제 관측,1212854832.0,94.48621553884712,관측 상권 상위 10%,-6.488023262763464,전년동기 수준 유지,2.0,4.302790542678121,분기별 변동 보통,"서울 최신 점포 관측 상권 1,186개 중 최근 4분기 매출·점포가 모두 관측된 399개 상권",기존 제과점의 최근 4분기 총매출을 평균 점포 수로 나눈 실제 과거 매출환경,현재 시장규모 확인 및 후보 상권 1차 선별,신규 브랜드 점포의 미래 매출예측 또는 출점 확정 근거로 단독 사용 금지,통과한 미래 매출예측모델 없음
3120220,대치역,발달상권,2026Q2,2025Q3~2026Q2 실제 관측,1184872504.0,94.23558897243107,관측 상권 상위 10%,-12.740961890473512,전년동기 대비 감소,4.5,11.22023932862357,분기별 변동 보통,"서울 최신 점포 관측 상권 1,186개 중 최근 4분기 매출·점포가 모두 관측된 399개 상권",기존 제과점의 최근 4분기 총매출을 평균 점포 수로 나눈 실제 과거 매출환경,현재 시장규모 확인 및 후보 상권 1차 선별,신규 브랜드 점포의 미래 매출예측 또는 출점 확정 근거로 단독 사용 금지,통과한 미래 매출예측모델 없음
3130002,세종마을음식문화거리(금천교시장),전통시장,2026Q2,2025Q3~2026Q2 실제 관측,1160527578.3529413,93.98496240601504,관측 상권 상위 10%,30.08872627048809,전년동기 대비 증가,4.25,27.758920900755545,분기별 변동 주의,"서울 최신 점포 관측 상권 1,186개 중 최근 4분기 매출·점포가 모두 관측된 399개 상권",기존 제과점의 최근 4분기 총매출을 평균 점포 수로 나눈 실제 과거 매출환경,현재 시장규모 확인 및 후보 상권 1차 선별,신규 브랜드 점포의 미래 매출예측 또는 출점 확정 근거로 단독 사용 금지,통과한 미래 매출예측모델 없음
3110703,개봉역,골목상권,2026Q2,2025Q3~2026Q2 실제 관측,1158509557.0,93.734335839599,관측 상권 상위 10%,23.078063426823082,전년동기 대비 증가,2.0,5.906350198667354,분기별 변동 보통,"서울 최신 점포 관측 상권 1,186개 중 최근 4분기 매출·점포가 모두 관측된 399개 상권",기존 제과점의 최근 4분기 총매출을 평균 점포 수로 나눈 실제 과거 매출환경,현재 시장규모 확인 및 후보 상권 1차 선별,신규 브랜드 점포의 미래 매출예측 또는 출점 확정 근거로 단독 사용 금지,통과한 미래 매출예측모델 없음
3120020,시청역_1번,발달상권,2026Q2,2025Q3~2026Q2 실제 관측,1140119626.5454545,93.48370927318295,관측 상권 상위 10%,-9.481192103101643,전년동기 수준 유지,2.75,4.291907903721117,분기별 변동 보통,"서울 최신 점포 관측 상권 1,186개 중 최근 4분기 매출·점포가 모두 관측된 399개 상권",기존 제과점의 최근 4분기 총매출을 평균 점포 수로 나눈 실제 과거 매출환경,현재 시장규모 확인 및 후보 상권 1차 선별,신규 브랜드 점포의 미래 매출예측 또는 출점 확정 근거로 단독 사용 금지,통과한 미래 매출예측모델 없음
3110632,방화역 3번,골목상권,2026Q2,2025Q3~2026Q2 실제 관측,1124672887.2,93.23308270676691,관측 상권 상위 10%,-19.72261605825645,전년동기 대비 감소,1.25,31.421594988479608,분기별 변동 주의,"서울 최신 점포 관측 상권 1,186개 중 최근 4분기 매출·점포가 모두 관측된 399개 상권",기존 제과점의 최근 4분기 총매출을 평균 점포 수로 나눈 실제 과거 매출환경,현재 시장규모 확인 및 후보 상권 1차 선별,신규 브랜드 점포의 미래 매출예측 또는 출점 확정 근거로 단독 사용 금지,통과한 미래 매출예측모델 없음
3120087,응암역,발달상권,2026Q2,2025Q3~2026Q2 실제 관측,1071546316.0,92.98245614035088,관측 상권 상위 10%,-11.08458788870843,전년동기 대비 감소,3.0,5.436736098799646,분기별 변동 보통,"서울 최신 점포 관측 상권 1,186개 중 최근 4분기 매출·점포가 모두 관측된 399개 상권",기존 제과점의 최근 4분기 총매출을 평균 점포 수로 나눈 실제 과거 매출환경,현재 시장규모 확인 및 후보 상권 1차 선별,신규 브랜드 점포의 미래 매출예측 또는 출점 확정 근거로 단독 사용 금지,통과한 미래 매출예측모델 없음
3120110,목동역 8번출구,발달상권,2026Q2,2025Q3~2026Q2 실제 관측,1063700306.7692307,92.73182957393483,관측 상권 상위 10%,63.483048295070056,전년동기 대비 증가,3.25,12.946495408388294,분기별 변동 보통,"서울 최신 점포 관측 상권 1,186개 중 최근 4분기 매출·점포가 모두 관측된 399개 상권",기존 제과점의 최근 4분기 총매출을 평균 점포 수로 나눈 실제 과거 매출환경,현재 시장규모 확인 및 후보 상권 1차 선별,신규 브랜드 점포의 미래 매출예측 또는 출점 확정 근거로 단독 사용 금지,통과한 미래 매출예측모델 없음
3120107,공덕역(공덕오거리),발달상권,2026Q2,2025Q3~2026Q2 실제 관측,1054968361.4736842,92.4812030075188,관측 상권 상위 10%,-10.233050979498293,전년동기 대비 감소,4.75,10.750997119216594,분기별 변동 보통,"서울 최신 점포 관측 상권 1,186개 중 최근 4분기 매출·점포가 모두 관측된 399개 상권",기존 제과점의 최근 4분기 총매출을 평균 점포 수로 나눈 실제 과거 매출환경,현재 시장규모 확인 및 후보 상권 1차 선별,신규 브랜드 점포의 미래 매출예측 또는 출점 확정 근거로 단독 사용 금지,통과한 미래 매출예측모델 없음
3120170,삼호가든사거리,발달상권,2026Q2,2025Q3~2026Q2 실제 관측,1044000000.0,92.23057644110276,관측 상권 상위 10%,,전년동기 수준 유지,1.0,0.0,분기별 변동 보통,"서울 최신 점포 관측 상권 1,186개 중 최근 4분기 매출·점포가 모두 관측된 399개 상권",기존 제과점의 최근 4분기 총매출을 평균 점포 수로 나눈 실제 과거 매출환경,현재 시장규모 확인 및 후보 상권 1차 선별,신규 브랜드 점포의 미래 매출예측 또는 출점 확정 근거로 단독 사용 금지,통과한 미래 매출예측모델 없음
3120080,마들역,발달상권,2026Q2,2025Q3~2026Q2 실제 관측,1025923725.5,91.97994987468672,관측 상권 상위 10%,8.937675868816687,전년동기 수준 유지,4.0,5.255802246394533,분기별 변동 보통,"서울 최신 점포 관측 상권 1,186개 중 최근 4분기 매출·점포가 모두 관측된 399개 상권",기존 제과점의 최근 4분기 총매출을 평균 점포 수로 나눈 실제 과거 매출환경,현재 시장규모 확인 및 후보 상권 1차 선별,신규 브랜드 점포의 미래 매출예측 또는 출점 확정 근거로 단독 사용 금지,통과한 미래 매출예측모델 없음
3120227,잠실역,발달상권,2026Q2,2025Q3~2026Q2 실제 관측,1004869835.4086957,91.72932330827066,관측 상권 상위 10%,3.8647606790384703,전년동기 수준 유지,28.75,9.942678042454299,분기별 변동 보통,"서울 최신 점포 관측 상권 1,186개 중 최근 4분기 매출·점포가 모두 관측된 399개 상권",기존 제과점의 최근 4분기 총매출을 평균 점포 수로 나눈 실제 과거 매출환경,현재 시장규모 확인 및 후보 상권 1차 선별,신규 브랜드 점포의 미래 매출예측 또는 출점 확정 근거로 단독 사용 금지,통과한 미래 매출예측모델 없음
3001495,잠실 관광특구,관광특구,2026Q2,2025Q3~2026Q2 실제 관측,947959922.7741935,91.47869674185463,관측 상권 상위 10%,5.379135848268102,전년동기 수준 유지,31.0,3.0725786744584496,분기별 변동 보통,"서울 최신 점포 관측 상권 1,186개 중 최근 4분기 매출·점포가 모두 관측된 399개 상권",기존 제과점의 최근 4분기 총매출을 평균 점포 수로 나눈 실제 과거 매출환경,현재 시장규모 확인 및 후보 상권 1차 선별,신규 브랜드 점포의 미래 매출예측 또는 출점 확정 근거로 단독 사용 금지,통과한 미래 매출예측모델 없음
3120210,선릉역,발달상권,2026Q2,2025Q3~2026Q2 실제 관측,940453640.6428572,91.22807017543859,관측 상권 상위 10%,-24.55637942988598,전년동기 대비 감소,14.0,6.252805783021915,분기별 변동 보통,"서울 최신 점포 관측 상권 1,186개 중 최근 4분기 매출·점포가 모두 관측된 399개 상권",기존 제과점의 최근 4분기 총매출을 평균 점포 수로 나눈 실제 과거 매출환경,현재 시장규모 확인 및 후보 상권 1차 선별,신규 브랜드 점포의 미래 매출예측 또는 출점 확정 근거로 단독 사용 금지,통과한 미래 매출예측모델 없음
3110538,충정로역 3번,골목상권,2026Q2,2025Q3~2026Q2 실제 관측,923887367.0,90.97744360902256,관측 상권 상위 10%,12.237692058564708,전년동기 대비 증가,1.0,8.148542312329393,분기별 변동 보통,"서울 최신 점포 관측 상권 1,186개 중 최근 4분기 매출·점포가 모두 관측된 399개 상권",기존 제과점의 최근 4분기 총매출을 평균 점포 수로 나눈 실제 과거 매출환경,현재 시장규모 확인 및 후보 상권 1차 선별,신규 브랜드 점포의 미래 매출예측 또는 출점 확정 근거로 단독 사용 금지,통과한 미래 매출예측모델 없음
3110455,역촌노인복지관,골목상권,2026Q2,2025Q3~2026Q2 실제 관측,914832070.0,90.72681704260651,관측 상권 상위 10%,-5.556353289168547,전년동기 수준 유지,1.0,8.064969275282246,분기별 변동 보통,"서울 최신 점포 관측 상권 1,186개 중 최근 4분기 매출·점포가 모두 관측된 399개 상권",기존 제과점의 최근 4분기 총매출을 평균 점포 수로 나눈 실제 과거 매출환경,현재 시장규모 확인 및 후보 상권 1차 선별,신규 브랜드 점포의 미래 매출예측 또는 출점 확정 근거로 단독 사용 금지,통과한 미래 매출예측모델 없음
3130072,성동용답상가시장,전통시장,2026Q2,2025Q3~2026Q2 실제 관측,882255331.5,90.47619047619048,관측 상권 상위 10%,7.199285932283472,전년동기 수준 유지,2.0,8.338836696024465,분기별 변동 보통,"서울 최신 점포 관측 상권 1,186개 중 최근 4분기 매출·점포가 모두 관측된 399개 상권",기존 제과점의 최근 4분기 총매출을 평균 점포 수로 나눈 실제 과거 매출환경,현재 시장규모 확인 및 후보 상권 1차 선별,신규 브랜드 점포의 미래 매출예측 또는 출점 확정 근거로 단독 사용 금지,통과한 미래 매출예측모델 없음
3111004,삼전역 1번,골목상권,2026Q2,2025Q3~2026Q2 실제 관측,873770284.7272727,90.22556390977444,관측 상권 상위 10%,99.28968549373064,전년동기 대비 증가,5.5,12.97928219292832,분기별 변동 보통,"서울 최신 점포 관측 상권 1,186개 중 최근 4분기 매출·점포가 모두 관측된 399개 상권",기존 제과점의 최근 4분기 총매출을 평균 점포 수로 나눈 실제 과거 매출환경,현재 시장규모 확인 및 후보 상권 1차 선별,신규 브랜드 점포의 미래 매출예측 또는 출점 확정 근거로 단독 사용 금지,통과한 미래 매출예측모델 없음
3111090,강일동주민센터,골목상권,2026Q2,2025Q3~2026Q2 실제 관측,871625391.5,89.97493734335839,관측 상권 75~90%,6.346734970516077,전년동기 수준 유지,2.0,9.225109902721474,분기별 변동 보통,"서울 최신 점포 관측 상권 1,186개 중 최근 4분기 매출·점포가 모두 관측된 399개 상권",기존 제과점의 최근 4분기 총매출을 평균 점포 수로 나눈 실제 과거 매출환경,현재 시장규모 확인 및 후보 상권 1차 선별,신규 브랜드 점포의 미래 매출예측 또는 출점 확정 근거로 단독 사용 금지,통과한 미래 매출예측모델 없음
3120125,구로역,발달상권,2026Q2,2025Q3~2026Q2 실제 관측,844333446.0,89.72431077694235,관측 상권 75~90%,-3.622125997822312,전년동기 수준 유지,9.0,5.1871249271234605,분기별 변동 보통,"서울 최신 점포 관측 상권 1,186개 중 최근 4분기 매출·점포가 모두 관측된 399개 상권",기존 제과점의 최근 4분기 총매출을 평균 점포 수로 나눈 실제 과거 매출환경,현재 시장규모 확인 및 후보 상권 1차 선별,신규 브랜드 점포의 미래 매출예측 또는 출점 확정 근거로 단독 사용 금지,통과한 미래 매출예측모델 없음
3110883,은천초등학교(은천교앞),골목상권,2026Q2,2025Q3~2026Q2 실제 관측,835691359.5,89.47368421052632,관측 상권 75~90%,-34.83865000741028,전년동기 대비 감소,2.0,5.372653868768181,분기별 변동 보통,"서울 최신 점포 관측 상권 1,186개 중 최근 4분기 매출·점포가 모두 관측된 399개 상권",기존 제과점의 최근 4분기 총매출을 평균 점포 수로 나눈 실제 과거 매출환경,현재 시장규모 확인 및 후보 상권 1차 선별,신규 브랜드 점포의 미래 매출예측 또는 출점 확정 근거로 단독 사용 금지,통과한 미래 매출예측모델 없음
3110247,먹골역 1번,골목상권,2026Q2,2025Q3~2026Q2 실제 관측,830476090.8571428,89.22305764411027,관측 상권 75~90%,-41.16801783034969,전년동기 대비 감소,1.75,41.44019872596101,분기별 변동 주의,"서울 최신 점포 관측 상권 1,186개 중 최근 4분기 매출·점포가 모두 관측된 399개 상권",기존 제과점의 최근 4분기 총매출을 평균 점포 수로 나눈 실제 과거 매출환경,현재 시장규모 확인 및 후보 상권 1차 선별,신규 브랜드 점포의 미래 매출예측 또는 출점 확정 근거로 단독 사용 금지,통과한 미래 매출예측모델 없음
3120038,약수역,발달상권,2026Q2,2025Q3~2026Q2 실제 관측,829096961.2,88.97243107769424,관측 상권 75~90%,13.111031356316838,전년동기 대비 증가,7.5,12.941185503572228,분기별 변동 보통,"서울 최신 점포 관측 상권 1,186개 중 최근 4분기 매출·점포가 모두 관측된 399개 상권",기존 제과점의 최근 4분기 총매출을 평균 점포 수로 나눈 실제 과거 매출환경,현재 시장규모 확인 및 후보 상권 1차 선별,신규 브랜드 점포의 미래 매출예측 또는 출점 확정 근거로 단독 사용 금지,통과한 미래 매출예측모델 없음
3130219,까치산시장,전통시장,2026Q2,2025Q3~2026Q2 실제 관측,804998897.8181819,88.7218045112782,관측 상권 75~90%,-17.217023228336902,전년동기 대비 감소,2.75,10.054128698288674,분기별 변동 보통,"서울 최신 점포 관측 상권 1,186개 중 최근 4분기 매출·점포가 모두 관측된 399개 상권",기존 제과점의 최근 4분기 총매출을 평균 점포 수로 나눈 실제 과거 매출환경,현재 시장규모 확인 및 후보 상권 1차 선별,신규 브랜드 점포의 미래 매출예측 또는 출점 확정 근거로 단독 사용 금지,통과한 미래 매출예측모델 없음
3110319,종암동주민센터,골목상권,2026Q2,2025Q3~2026Q2 실제 관측,804291328.3333334,88.47117794486216,관측 상권 75~90%,-2.3839220254897597,전년동기 수준 유지,3.0,5.307943351627919,분기별 변동 보통,"서울 최신 점포 관측 상권 1,186개 중 최근 4분기 매출·점포가 모두 관측된 399개 상권",기존 제과점의 최근 4분기 총매출을 평균 점포 수로 나눈 실제 과거 매출환경,현재 시장규모 확인 및 후보 상권 1차 선별,신규 브랜드 점포의 미래 매출예측 또는 출점 확정 근거로 단독 사용 금지,통과한 미래 매출예측모델 없음
3110517,서대문소방서,골목상권,2026Q2,2025Q3~2026Q2 실제 관측,783918988.3636364,88.22055137844612,관측 상권 75~90%,-24.23917466124238,전년동기 대비 감소,2.75,23.66968829101737,분기별 변동 보통,"서울 최신 점포 관측 상권 1,186개 중 최근 4분기 매출·점포가 모두 관측된 399개 상권",기존 제과점의 최근 4분기 총매출을 평균 점포 수로 나눈 실제 과거 매출환경,현재 시장규모 확인 및 후보 상권 1차 선별,신규 브랜드 점포의 미래 매출예측 또는 출점 확정 근거로 단독 사용 금지,통과한 미래 매출예측모델 없음
3110488,우리은행응암동지점,골목상권,2026Q2,2025Q3~2026Q2 실제 관측,781441640.6666666,87.96992481203007,관측 상권 75~90%,,전년동기 수준 유지,3.0,11.03140960044398,분기별 변동 보통,"서울 최신 점포 관측 상권 1,186개 중 최근 4분기 매출·점포가 모두 관측된 399개 상권",기존 제과점의 최근 4분기 총매출을 평균 점포 수로 나눈 실제 과거 매출환경,현재 시장규모 확인 및 후보 상권 1차 선별,신규 브랜드 점포의 미래 매출예측 또는 출점 확정 근거로 단독 사용 금지,통과한 미래 매출예측모델 없음
3120165,서래마을카페거리(서래마을),발달상권,2026Q2,2025Q3~2026Q2 실제 관측,774008431.0545454,87.71929824561403,관측 상권 75~90%,11.364040238060857,전년동기 대비 증가,13.75,16.244983251117226,분기별 변동 보통,"서울 최신 점포 관측 상권 1,186개 중 최근 4분기 매출·점포가 모두 관측된 399개 상권",기존 제과점의 최근 4분기 총매출을 평균 점포 수로 나눈 실제 과거 매출환경,현재 시장규모 확인 및 후보 상권 1차 선별,신규 브랜드 점포의 미래 매출예측 또는 출점 확정 근거로 단독 사용 금지,통과한 미래 매출예측모델 없음
3110167,용마초등학교,골목상권,2026Q2,2025Q3~2026Q2 실제 관측,772808499.0,87.468671679198,관측 상권 75~90%,,전년동기 수준 유지,2.0,13.268423352004408,분기별 변동 보통,"서울 최신 점포 관측 상권 1,186개 중 최근 4분기 매출·점포가 모두 관측된 399개 상권",기존 제과점의 최근 4분기 총매출을 평균 점포 수로 나눈 실제 과거 매출환경,현재 시장규모 확인 및 후보 상권 1차 선별,신규 브랜드 점포의 미래 매출예측 또는 출점 확정 근거로 단독 사용 금지,통과한 미래 매출예측모델 없음
3120175,남부터미널역,발달상권,2026Q2,2025Q3~2026Q2 실제 관측,763348315.5789474,87.21804511278195,관측 상권 75~90%,-26.33614517212446,전년동기 대비 감소,4.75,7.440281809738732,분기별 변동 보통,"서울 최신 점포 관측 상권 1,186개 중 최근 4분기 매출·점포가 모두 관측된 399개 상권",기존 제과점의 최근 4분기 총매출을 평균 점포 수로 나눈 실제 과거 매출환경,현재 시장규모 확인 및 후보 상권 1차 선별,신규 브랜드 점포의 미래 매출예측 또는 출점 확정 근거로 단독 사용 금지,통과한 미래 매출예측모델 없음
3110861,관악구신사동주민센터,골목상권,2026Q2,2025Q3~2026Q2 실제 관측,763083643.0,86.96741854636592,관측 상권 75~90%,50.13374521182905,전년동기 대비 증가,3.0,4.978884385131553,분기별 변동 보통,"서울 최신 점포 관측 상권 1,186개 중 최근 4분기 매출·점포가 모두 관측된 399개 상권",기존 제과점의 최근 4분기 총매출을 평균 점포 수로 나눈 실제 과거 매출환경,현재 시장규모 확인 및 후보 상권 1차 선별,신규 브랜드 점포의 미래 매출예측 또는 출점 확정 근거로 단독 사용 금지,통과한 미래 매출예측모델 없음
3120026,을지로입구역,발달상권,2026Q2,2025Q3~2026Q2 실제 관측,759113794.5,86.71679197994987,관측 상권 75~90%,-10.263256122974173,전년동기 대비 감소,8.0,18.792312409356473,분기별 변동 보통,"서울 최신 점포 관측 상권 1,186개 중 최근 4분기 매출·점포가 모두 관측된 399개 상권",기존 제과점의 최근 4분기 총매출을 평균 점포 수로 나눈 실제 과거 매출환경,현재 시장규모 확인 및 후보 상권 1차 선별,신규 브랜드 점포의 미래 매출예측 또는 출점 확정 근거로 단독 사용 금지,통과한 미래 매출예측모델 없음
3120077,미아역,발달상권,2026Q2,2025Q3~2026Q2 실제 관측,741107848.9523809,86.46616541353383,관측 상권 75~90%,101.04376978323826,전년동기 대비 증가,5.25,12.213224988224033,분기별 변동 보통,"서울 최신 점포 관측 상권 1,186개 중 최근 4분기 매출·점포가 모두 관측된 399개 상권",기존 제과점의 최근 4분기 총매출을 평균 점포 수로 나눈 실제 과거 매출환경,현재 시장규모 확인 및 후보 상권 1차 선별,신규 브랜드 점포의 미래 매출예측 또는 출점 확정 근거로 단독 사용 금지,통과한 미래 매출예측모델 없음
3110442,화랑대철도공원,골목상권,2026Q2,2025Q3~2026Q2 실제 관측,726044319.0,86.21553884711778,관측 상권 75~90%,16.208346304471565,전년동기 대비 증가,1.0,9.212072214998123,분기별 변동 보통,"서울 최신 점포 관측 상권 1,186개 중 최근 4분기 매출·점포가 모두 관측된 399개 상권",기존 제과점의 최근 4분기 총매출을 평균 점포 수로 나눈 실제 과거 매출환경,현재 시장규모 확인 및 후보 상권 1차 선별,신규 브랜드 점포의 미래 매출예측 또는 출점 확정 근거로 단독 사용 금지,통과한 미래 매출예측모델 없음
3120036,장충동족발거리(남소영길),발달상권,2026Q2,2025Q3~2026Q2 실제 관측,711687625.5,85.96491228070175,관측 상권 75~90%,-25.502651753415073,전년동기 대비 감소,4.0,0.7353687469175884,분기별 변동 보통,"서울 최신 점포 관측 상권 1,186개 중 최근 4분기 매출·점포가 모두 관측된 399개 상권",기존 제과점의 최근 4분기 총매출을 평균 점포 수로 나눈 실제 과거 매출환경,현재 시장규모 확인 및 후보 상권 1차 선별,신규 브랜드 점포의 미래 매출예측 또는 출점 확정 근거로 단독 사용 금지,통과한 미래 매출예측모델 없음
3120156,"총신대입구역(이수, 총신대)",발달상권,2026Q2,2025Q3~2026Q2 실제 관측,699388282.3529412,85.71428571428571,관측 상권 75~90%,22.4685290682741,전년동기 대비 증가,12.75,10.490539932901424,분기별 변동 보통,"서울 최신 점포 관측 상권 1,186개 중 최근 4분기 매출·점포가 모두 관측된 399개 상권",기존 제과점의 최근 4분기 총매출을 평균 점포 수로 나눈 실제 과거 매출환경,현재 시장규모 확인 및 후보 상권 1차 선별,신규 브랜드 점포의 미래 매출예측 또는 출점 확정 근거로 단독 사용 금지,통과한 미래 매출예측모델 없음
3120027,명동역(명동재미로),발달상권,2026Q2,2025Q3~2026Q2 실제 관측,692407628.0,85.46365914786968,관측 상권 75~90%,45.517454269718385,전년동기 대비 증가,2.25,19.78633899406311,분기별 변동 보통,"서울 최신 점포 관측 상권 1,186개 중 최근 4분기 매출·점포가 모두 관측된 399개 상권",기존 제과점의 최근 4분기 총매출을 평균 점포 수로 나눈 실제 과거 매출환경,현재 시장규모 확인 및 후보 상권 1차 선별,신규 브랜드 점포의 미래 매출예측 또는 출점 확정 근거로 단독 사용 금지,통과한 미래 매출예측모델 없음
3120244,암사역,발달상권,2026Q2,2025Q3~2026Q2 실제 관측,677403593.6666666,85.21303258145363,관측 상권 75~90%,-23.324006245085226,전년동기 대비 감소,3.0,14.532553058023316,분기별 변동 보통,"서울 최신 점포 관측 상권 1,186개 중 최근 4분기 매출·점포가 모두 관측된 399개 상권",기존 제과점의 최근 4분기 총매출을 평균 점포 수로 나눈 실제 과거 매출환경,현재 시장규모 확인 및 후보 상권 1차 선별,신규 브랜드 점포의 미래 매출예측 또는 출점 확정 근거로 단독 사용 금지,통과한 미래 매출예측모델 없음
3120139,대림3동사거리,발달상권,2026Q2,2025Q3~2026Q2 실제 관측,662376584.0,84.9624060150376,관측 상권 75~90%,4.515265472241947,전년동기 수준 유지,1.75,36.44770581690117,분기별 변동 주의,"서울 최신 점포 관측 상권 1,186개 중 최근 4분기 매출·점포가 모두 관측된 399개 상권",기존 제과점의 최근 4분기 총매출을 평균 점포 수로 나눈 실제 과거 매출환경,현재 시장규모 확인 및 후보 상권 1차 선별,신규 브랜드 점포의 미래 매출예측 또는 출점 확정 근거로 단독 사용 금지,통과한 미래 매출예측모델 없음
3120245,둔촌역,발달상권,2026Q2,2025Q3~2026Q2 실제 관측,659739581.7777778,84.71177944862156,관측 상권 75~90%,-6.929241117893614,전년동기 수준 유지,11.25,8.428074106346257,분기별 변동 보통,"서울 최신 점포 관측 상권 1,186개 중 최근 4분기 매출·점포가 모두 관측된 399개 상권",기존 제과점의 최근 4분기 총매출을 평균 점포 수로 나눈 실제 과거 매출환경,현재 시장규모 확인 및 후보 상권 1차 선별,신규 브랜드 점포의 미래 매출예측 또는 출점 확정 근거로 단독 사용 금지,통과한 미래 매출예측모델 없음
3120073,미아사거리,발달상권,2026Q2,2025Q3~2026Q2 실제 관측,656530442.5,84.46115288220551,관측 상권 75~90%,1237.106240343916,전년동기 대비 증가,2.0,20.063246599686607,분기별 변동 보통,"서울 최신 점포 관측 상권 1,186개 중 최근 4분기 매출·점포가 모두 관측된 399개 상권",기존 제과점의 최근 4분기 총매출을 평균 점포 수로 나눈 실제 과거 매출환경,현재 시장규모 확인 및 후보 상권 1차 선별,신규 브랜드 점포의 미래 매출예측 또는 출점 확정 근거로 단독 사용 금지,통과한 미래 매출예측모델 없음
3120060,강변역(테크노마트),발달상권,2026Q2,2025Q3~2026Q2 실제 관측,643926097.0,84.21052631578947,관측 상권 75~90%,9.722419441122266,전년동기 수준 유지,4.0,3.325269605589764,분기별 변동 보통,"서울 최신 점포 관측 상권 1,186개 중 최근 4분기 매출·점포가 모두 관측된 399개 상권",기존 제과점의 최근 4분기 총매출을 평균 점포 수로 나눈 실제 과거 매출환경,현재 시장규모 확인 및 후보 상권 1차 선별,신규 브랜드 점포의 미래 매출예측 또는 출점 확정 근거로 단독 사용 금지,통과한 미래 매출예측모델 없음
3110593,신월3동주민센터,골목상권,2026Q2,2025Q3~2026Q2 실제 관측,630616086.0,83.95989974937343,관측 상권 75~90%,9.431654916137976,전년동기 수준 유지,2.0,4.810462574346344,분기별 변동 보통,"서울 최신 점포 관측 상권 1,186개 중 최근 4분기 매출·점포가 모두 관측된 399개 상권",기존 제과점의 최근 4분기 총매출을 평균 점포 수로 나눈 실제 과거 매출환경,현재 시장규모 확인 및 후보 상권 1차 선별,신규 브랜드 점포의 미래 매출예측 또는 출점 확정 근거로 단독 사용 금지,통과한 미래 매출예측모델 없음
3110502,남가좌파출소,골목상권,2026Q2,2025Q3~2026Q2 실제 관측,628264669.3333334,83.70927318295739,관측 상권 75~90%,-11.078235904836475,전년동기 대비 감소,3.0,11.045800993374508,분기별 변동 보통,"서울 최신 점포 관측 상권 1,186개 중 최근 4분기 매출·점포가 모두 관측된 399개 상권",기존 제과점의 최근 4분기 총매출을 평균 점포 수로 나눈 실제 과거 매출환경,현재 시장규모 확인 및 후보 상권 1차 선별,신규 브랜드 점포의 미래 매출예측 또는 출점 확정 근거로 단독 사용 금지,통과한 미래 매출예측모델 없음
3130318,로데오거리상점가,전통시장,2026Q2,2025Q3~2026Q2 실제 관측,625715196.7272727,83.45864661654136,관측 상권 75~90%,-7.222125467141605,전년동기 수준 유지,2.75,28.357769695535662,분기별 변동 주의,"서울 최신 점포 관측 상권 1,186개 중 최근 4분기 매출·점포가 모두 관측된 399개 상권",기존 제과점의 최근 4분기 총매출을 평균 점포 수로 나눈 실제 과거 매출환경,현재 시장규모 확인 및 후보 상권 1차 선별,신규 브랜드 점포의 미래 매출예측 또는 출점 확정 근거로 단독 사용 금지,통과한 미래 매출예측모델 없음
3110714,구로4동주민센터,골목상권,2026Q2,2025Q3~2026Q2 실제 관측,613550008.8,83.20802005012531,관측 상권 75~90%,-27.37817582346206,전년동기 대비 감소,1.25,27.54515476814075,분기별 변동 주의,"서울 최신 점포 관측 상권 1,186개 중 최근 4분기 매출·점포가 모두 관측된 399개 상권",기존 제과점의 최근 4분기 총매출을 평균 점포 수로 나눈 실제 과거 매출환경,현재 시장규모 확인 및 후보 상권 1차 선별,신규 브랜드 점포의 미래 매출예측 또는 출점 확정 근거로 단독 사용 금지,통과한 미래 매출예측모델 없음
3110157,자양동우체국,골목상권,2026Q2,2025Q3~2026Q2 실제 관측,611047140.0,82.95739348370927,관측 상권 75~90%,,전년동기 수준 유지,2.0,17.301028759360015,분기별 변동 보통,"서울 최신 점포 관측 상권 1,186개 중 최근 4분기 매출·점포가 모두 관측된 399개 상권",기존 제과점의 최근 4분기 총매출을 평균 점포 수로 나눈 실제 과거 매출환경,현재 시장규모 확인 및 후보 상권 1차 선별,신규 브랜드 점포의 미래 매출예측 또는 출점 확정 근거로 단독 사용 금지,통과한 미래 매출예측모델 없음
3110842,흑리단길,골목상권,2026Q2,2025Q3~2026Q2 실제 관측,598228117.6666666,82.70676691729322,관측 상권 75~90%,51.10288292736862,전년동기 대비 증가,3.0,7.976935761517931,분기별 변동 보통,"서울 최신 점포 관측 상권 1,186개 중 최근 4분기 매출·점포가 모두 관측된 399개 상권",기존 제과점의 최근 4분기 총매출을 평균 점포 수로 나눈 실제 과거 매출환경,현재 시장규모 확인 및 후보 상권 1차 선별,신규 브랜드 점포의 미래 매출예측 또는 출점 확정 근거로 단독 사용 금지,통과한 미래 매출예측모델 없음
3130059,후암시장,전통시장,2026Q2,2025Q3~2026Q2 실제 관측,583655291.5,82.45614035087719,관측 상권 75~90%,,전년동기 수준 유지,2.0,5.775327402593471,분기별 변동 보통,"서울 최신 점포 관측 상권 1,186개 중 최근 4분기 매출·점포가 모두 관측된 399개 상권",기존 제과점의 최근 4분기 총매출을 평균 점포 수로 나눈 실제 과거 매출환경,현재 시장규모 확인 및 후보 상권 1차 선별,신규 브랜드 점포의 미래 매출예측 또는 출점 확정 근거로 단독 사용 금지,통과한 미래 매출예측모델 없음
3110232,동대부고,골목상권,2026Q2,2025Q3~2026Q2 실제 관측,581462352.5,82.20551378446115,관측 상권 75~90%,19.37256220187633,전년동기 대비 증가,2.0,6.973590444297163,분기별 변동 보통,"서울 최신 점포 관측 상권 1,186개 중 최근 4분기 매출·점포가 모두 관측된 399개 상권",기존 제과점의 최근 4분기 총매출을 평균 점포 수로 나눈 실제 과거 매출환경,현재 시장규모 확인 및 후보 상권 1차 선별,신규 브랜드 점포의 미래 매출예측 또는 출점 확정 근거로 단독 사용 금지,통과한 미래 매출예측모델 없음
3120054,어린이대공원역,발달상권,2026Q2,2025Q3~2026Q2 실제 관측,568997541.7777778,81.95488721804512,관측 상권 75~90%,12.756967536735209,전년동기 대비 증가,2.25,22.451719715882916,분기별 변동 보통,"서울 최신 점포 관측 상권 1,186개 중 최근 4분기 매출·점포가 모두 관측된 399개 상권",기존 제과점의 최근 4분기 총매출을 평균 점포 수로 나눈 실제 과거 매출환경,현재 시장규모 확인 및 후보 상권 1차 선별,신규 브랜드 점포의 미래 매출예측 또는 출점 확정 근거로 단독 사용 금지,통과한 미래 매출예측모델 없음
3110994,개포고등학교,골목상권,2026Q2,2025Q3~2026Q2 실제 관측,567812388.8888888,81.70426065162907,관측 상권 75~90%,,전년동기 수준 유지,2.25,46.21567087513504,분기별 변동 주의,"서울 최신 점포 관측 상권 1,186개 중 최근 4분기 매출·점포가 모두 관측된 399개 상권",기존 제과점의 최근 4분기 총매출을 평균 점포 수로 나눈 실제 과거 매출환경,현재 시장규모 확인 및 후보 상권 1차 선별,신규 브랜드 점포의 미래 매출예측 또는 출점 확정 근거로 단독 사용 금지,통과한 미래 매출예측모델 없음
3120246,길동역,발달상권,2026Q2,2025Q3~2026Q2 실제 관측,567716628.9230769,81.45363408521304,관측 상권 75~90%,12.109838333657708,전년동기 대비 증가,6.5,11.83569256829454,분기별 변동 보통,"서울 최신 점포 관측 상권 1,186개 중 최근 4분기 매출·점포가 모두 관측된 399개 상권",기존 제과점의 최근 4분기 총매출을 평균 점포 수로 나눈 실제 과거 매출환경,현재 시장규모 확인 및 후보 상권 1차 선별,신규 브랜드 점포의 미래 매출예측 또는 출점 확정 근거로 단독 사용 금지,통과한 미래 매출예측모델 없음
3120007,북촌(안국역),발달상권,2026Q2,2025Q3~2026Q2 실제 관측,552025340.6190476,81.203007518797,관측 상권 75~90%,-25.186816379581455,전년동기 대비 감소,21.0,7.47012536717301,분기별 변동 보통,"서울 최신 점포 관측 상권 1,186개 중 최근 4분기 매출·점포가 모두 관측된 399개 상권",기존 제과점의 최근 4분기 총매출을 평균 점포 수로 나눈 실제 과거 매출환경,현재 시장규모 확인 및 후보 상권 1차 선별,신규 브랜드 점포의 미래 매출예측 또는 출점 확정 근거로 단독 사용 금지,통과한 미래 매출예측모델 없음
3120218,코엑스,발달상권,2026Q2,2025Q3~2026Q2 실제 관측,541723152.0,80.95238095238095,관측 상권 75~90%,8.238373957260592,전년동기 수준 유지,6.0,7.039352067415649,분기별 변동 보통,"서울 최신 점포 관측 상권 1,186개 중 최근 4분기 매출·점포가 모두 관측된 399개 상권",기존 제과점의 최근 4분기 총매출을 평균 점포 수로 나눈 실제 과거 매출환경,현재 시장규모 확인 및 후보 상권 1차 선별,신규 브랜드 점포의 미래 매출예측 또는 출점 확정 근거로 단독 사용 금지,통과한 미래 매출예측모델 없음
3130313,방이시장,전통시장,2026Q2,2025Q3~2026Q2 실제 관측,537979629.3333334,80.7017543859649,관측 상권 75~90%,1.8042496617867387,전년동기 수준 유지,3.0,4.130341510086954,분기별 변동 보통,"서울 최신 점포 관측 상권 1,186개 중 최근 4분기 매출·점포가 모두 관측된 399개 상권",기존 제과점의 최근 4분기 총매출을 평균 점포 수로 나눈 실제 과거 매출환경,현재 시장규모 확인 및 후보 상권 1차 선별,신규 브랜드 점포의 미래 매출예측 또는 출점 확정 근거로 단독 사용 금지,통과한 미래 매출예측모델 없음
3110495,북가좌2동주민센터,골목상권,2026Q2,2025Q3~2026Q2 실제 관측,532271842.6666667,80.45112781954887,관측 상권 75~90%,60.8498560040319,전년동기 대비 증가,2.25,14.139180374386143,분기별 변동 보통,"서울 최신 점포 관측 상권 1,186개 중 최근 4분기 매출·점포가 모두 관측된 399개 상권",기존 제과점의 최근 4분기 총매출을 평균 점포 수로 나눈 실제 과거 매출환경,현재 시장규모 확인 및 후보 상권 1차 선별,신규 브랜드 점포의 미래 매출예측 또는 출점 확정 근거로 단독 사용 금지,통과한 미래 매출예측모델 없음
3120219,은마아파트,발달상권,2026Q2,2025Q3~2026Q2 실제 관측,530244533.73333335,80.20050125313283,관측 상권 75~90%,44.07227175834456,전년동기 대비 증가,7.5,5.756890002217103,분기별 변동 보통,"서울 최신 점포 관측 상권 1,186개 중 최근 4분기 매출·점포가 모두 관측된 399개 상권",기존 제과점의 최근 4분기 총매출을 평균 점포 수로 나눈 실제 과거 매출환경,현재 시장규모 확인 및 후보 상권 1차 선별,신규 브랜드 점포의 미래 매출예측 또는 출점 확정 근거로 단독 사용 금지,통과한 미래 매출예측모델 없음
3120006,종각역,발달상권,2026Q2,2025Q3~2026Q2 실제 관측,524597224.5479452,79.9498746867168,관측 상권 75~90%,36.41218790281473,전년동기 대비 증가,18.25,63.365490232033856,분기별 변동 큼,"서울 최신 점포 관측 상권 1,186개 중 최근 4분기 매출·점포가 모두 관측된 399개 상권",기존 제과점의 최근 4분기 총매출을 평균 점포 수로 나눈 실제 과거 매출환경,현재 시장규모 확인 및 후보 상권 1차 선별,신규 브랜드 점포의 미래 매출예측 또는 출점 확정 근거로 단독 사용 금지,통과한 미래 매출예측모델 없음
3130111,"동원전통종합시장(동원시장, 동원전통시장 상점가)",전통시장,2026Q2,2025Q3~2026Q2 실제 관측,516973101.6666667,79.69924812030075,관측 상권 75~90%,41.33443923745046,전년동기 대비 증가,3.0,4.411028151927727,분기별 변동 보통,"서울 최신 점포 관측 상권 1,186개 중 최근 4분기 매출·점포가 모두 관측된 399개 상권",기존 제과점의 최근 4분기 총매출을 평균 점포 수로 나눈 실제 과거 매출환경,현재 시장규모 확인 및 후보 상권 1차 선별,신규 브랜드 점포의 미래 매출예측 또는 출점 확정 근거로 단독 사용 금지,통과한 미래 매출예측모델 없음
3110161,중곡역 3번,골목상권,2026Q2,2025Q3~2026Q2 실제 관측,514986976.6666667,79.4486215538847,관측 상권 75~90%,-1.8695672704183819,전년동기 수준 유지,4.5,12.455909988592017,분기별 변동 보통,"서울 최신 점포 관측 상권 1,186개 중 최근 4분기 매출·점포가 모두 관측된 399개 상권",기존 제과점의 최근 4분기 총매출을 평균 점포 수로 나눈 실제 과거 매출환경,현재 시장규모 확인 및 후보 상권 1차 선별,신규 브랜드 점포의 미래 매출예측 또는 출점 확정 근거로 단독 사용 금지,통과한 미래 매출예측모델 없음
3120017,동묘앞역(동묘),발달상권,2026Q2,2025Q3~2026Q2 실제 관측,514932187.5,79.19799498746866,관측 상권 75~90%,,전년동기 수준 유지,2.0,2.342713867371114,분기별 변동 보통,"서울 최신 점포 관측 상권 1,186개 중 최근 4분기 매출·점포가 모두 관측된 399개 상권",기존 제과점의 최근 4분기 총매출을 평균 점포 수로 나눈 실제 과거 매출환경,현재 시장규모 확인 및 후보 상권 1차 선별,신규 브랜드 점포의 미래 매출예측 또는 출점 확정 근거로 단독 사용 금지,통과한 미래 매출예측모델 없음
3120201,도곡1동,발달상권,2026Q2,2025Q3~2026Q2 실제 관측,511706004.38095236,78.94736842105263,관측 상권 75~90%,-4.814735759277,전년동기 수준 유지,5.25,12.946377074519338,분기별 변동 보통,"서울 최신 점포 관측 상권 1,186개 중 최근 4분기 매출·점포가 모두 관측된 399개 상권",기존 제과점의 최근 4분기 총매출을 평균 점포 수로 나눈 실제 과거 매출환경,현재 시장규모 확인 및 후보 상권 1차 선별,신규 브랜드 점포의 미래 매출예측 또는 출점 확정 근거로 단독 사용 금지,통과한 미래 매출예측모델 없음
3120062,신설동역,발달상권,2026Q2,2025Q3~2026Q2 실제 관측,507082158.35294116,78.69674185463658,관측 상권 75~90%,53.609288331343286,전년동기 대비 증가,4.25,10.839057755310343,분기별 변동 보통,"서울 최신 점포 관측 상권 1,186개 중 최근 4분기 매출·점포가 모두 관측된 399개 상권",기존 제과점의 최근 4분기 총매출을 평균 점포 수로 나눈 실제 과거 매출환경,현재 시장규모 확인 및 후보 상권 1차 선별,신규 브랜드 점포의 미래 매출예측 또는 출점 확정 근거로 단독 사용 금지,통과한 미래 매출예측모델 없음
3120067,장안동사거리,발달상권,2026Q2,2025Q3~2026Q2 실제 관측,506017648.53333336,78.44611528822055,관측 상권 75~90%,-22.201628082839562,전년동기 대비 감소,3.75,18.687990126443108,분기별 변동 보통,"서울 최신 점포 관측 상권 1,186개 중 최근 4분기 매출·점포가 모두 관측된 399개 상권",기존 제과점의 최근 4분기 총매출을 평균 점포 수로 나눈 실제 과거 매출환경,현재 시장규모 확인 및 후보 상권 1차 선별,신규 브랜드 점포의 미래 매출예측 또는 출점 확정 근거로 단독 사용 금지,통과한 미래 매출예측모델 없음
3120008,인사동,발달상권,2026Q2,2025Q3~2026Q2 실제 관측,504636309.0,78.19548872180451,관측 상권 75~90%,40.93011776202549,전년동기 대비 증가,13.0,5.586918933863083,분기별 변동 보통,"서울 최신 점포 관측 상권 1,186개 중 최근 4분기 매출·점포가 모두 관측된 399개 상권",기존 제과점의 최근 4분기 총매출을 평균 점포 수로 나눈 실제 과거 매출환경,현재 시장규모 확인 및 후보 상권 1차 선별,신규 브랜드 점포의 미래 매출예측 또는 출점 확정 근거로 단독 사용 금지,통과한 미래 매출예측모델 없음
3130238,은행나무시장,전통시장,2026Q2,2025Q3~2026Q2 실제 관측,502174448.5,77.94486215538848,관측 상권 75~90%,1.184241371327155,전년동기 수준 유지,2.0,3.870343427589389,분기별 변동 보통,"서울 최신 점포 관측 상권 1,186개 중 최근 4분기 매출·점포가 모두 관측된 399개 상권",기존 제과점의 최근 4분기 총매출을 평균 점포 수로 나눈 실제 과거 매출환경,현재 시장규모 확인 및 후보 상권 1차 선별,신규 브랜드 점포의 미래 매출예측 또는 출점 확정 근거로 단독 사용 금지,통과한 미래 매출예측모델 없음
3130139,강북종합전통시장(강북종합골목시장),전통시장,2026Q2,2025Q3~2026Q2 실제 관측,494383793.5,77.69423558897243,관측 상권 75~90%,32.040972666066466,전년동기 대비 증가,4.0,12.811339132260638,분기별 변동 보통,"서울 최신 점포 관측 상권 1,186개 중 최근 4분기 매출·점포가 모두 관측된 399개 상권",기존 제과점의 최근 4분기 총매출을 평균 점포 수로 나눈 실제 과거 매출환경,현재 시장규모 확인 및 후보 상권 1차 선별,신규 브랜드 점포의 미래 매출예측 또는 출점 확정 근거로 단독 사용 금지,통과한 미래 매출예측모델 없음
3110645,우장산역 4번,골목상권,2026Q2,2025Q3~2026Q2 실제 관측,493259109.45454544,77.44360902255639,관측 상권 75~90%,-35.00702294228293,전년동기 대비 감소,2.75,23.108438394080277,분기별 변동 보통,"서울 최신 점포 관측 상권 1,186개 중 최근 4분기 매출·점포가 모두 관측된 399개 상권",기존 제과점의 최근 4분기 총매출을 평균 점포 수로 나눈 실제 과거 매출환경,현재 시장규모 확인 및 후보 상권 1차 선별,신규 브랜드 점포의 미래 매출예측 또는 출점 확정 근거로 단독 사용 금지,통과한 미래 매출예측모델 없음
3120021,시청역_8번,발달상권,2026Q2,2025Q3~2026Q2 실제 관측,493115818.75,77.19298245614034,관측 상권 75~90%,80.37583857031272,전년동기 대비 증가,4.0,9.965505838110388,분기별 변동 보통,"서울 최신 점포 관측 상권 1,186개 중 최근 4분기 매출·점포가 모두 관측된 399개 상권",기존 제과점의 최근 4분기 총매출을 평균 점포 수로 나눈 실제 과거 매출환경,현재 시장규모 확인 및 후보 상권 1차 선별,신규 브랜드 점포의 미래 매출예측 또는 출점 확정 근거로 단독 사용 금지,통과한 미래 매출예측모델 없음
3120166,방배역,발달상권,2026Q2,2025Q3~2026Q2 실제 관측,488282028.8372093,76.94235588972431,관측 상권 75~90%,25.830313477307755,전년동기 대비 증가,10.75,6.553534721698153,분기별 변동 보통,"서울 최신 점포 관측 상권 1,186개 중 최근 4분기 매출·점포가 모두 관측된 399개 상권",기존 제과점의 최근 4분기 총매출을 평균 점포 수로 나눈 실제 과거 매출환경,현재 시장규모 확인 및 후보 상권 1차 선별,신규 브랜드 점포의 미래 매출예측 또는 출점 확정 근거로 단독 사용 금지,통과한 미래 매출예측모델 없음
3110274,서일대학교,골목상권,2026Q2,2025Q3~2026Q2 실제 관측,488006374.0,76.69172932330827,관측 상권 75~90%,33.651246275098565,전년동기 대비 증가,4.0,2.6093974508645252,분기별 변동 보통,"서울 최신 점포 관측 상권 1,186개 중 최근 4분기 매출·점포가 모두 관측된 399개 상권",기존 제과점의 최근 4분기 총매출을 평균 점포 수로 나눈 실제 과거 매출환경,현재 시장규모 확인 및 후보 상권 1차 선별,신규 브랜드 점포의 미래 매출예측 또는 출점 확정 근거로 단독 사용 금지,통과한 미래 매출예측모델 없음
3120134,구로전화국,발달상권,2026Q2,2025Q3~2026Q2 실제 관측,484263653.6666667,76.44110275689223,관측 상권 75~90%,40.23417229267427,전년동기 대비 증가,6.0,15.671746098590583,분기별 변동 보통,"서울 최신 점포 관측 상권 1,186개 중 최근 4분기 매출·점포가 모두 관측된 399개 상권",기존 제과점의 최근 4분기 총매출을 평균 점포 수로 나눈 실제 과거 매출환경,현재 시장규모 확인 및 후보 상권 1차 선별,신규 브랜드 점포의 미래 매출예측 또는 출점 확정 근거로 단독 사용 금지,통과한 미래 매출예측모델 없음
3120065,회기역,발달상권,2026Q2,2025Q3~2026Q2 실제 관측,483686970.25,76.19047619047619,관측 상권 75~90%,27.618666063797125,전년동기 대비 증가,4.0,7.045480146223432,분기별 변동 보통,"서울 최신 점포 관측 상권 1,186개 중 최근 4분기 매출·점포가 모두 관측된 399개 상권",기존 제과점의 최근 4분기 총매출을 평균 점포 수로 나눈 실제 과거 매출환경,현재 시장규모 확인 및 후보 상권 1차 선별,신규 브랜드 점포의 미래 매출예측 또는 출점 확정 근거로 단독 사용 금지,통과한 미래 매출예측모델 없음
3110792,영등포역 2번,골목상권,2026Q2,2025Q3~2026Q2 실제 관측,482975991.5,75.93984962406014,관측 상권 75~90%,,전년동기 수준 유지,2.0,5.1357476540377,분기별 변동 보통,"서울 최신 점포 관측 상권 1,186개 중 최근 4분기 매출·점포가 모두 관측된 399개 상권",기존 제과점의 최근 4분기 총매출을 평균 점포 수로 나눈 실제 과거 매출환경,현재 시장규모 확인 및 후보 상권 1차 선별,신규 브랜드 점포의 미래 매출예측 또는 출점 확정 근거로 단독 사용 금지,통과한 미래 매출예측모델 없음
3110352,수유1동주민센터,골목상권,2026Q2,2025Q3~2026Q2 실제 관측,468199699.0,75.6892230576441,관측 상권 75~90%,-2.8139699623527137,전년동기 수준 유지,2.0,3.288362821374024,분기별 변동 보통,"서울 최신 점포 관측 상권 1,186개 중 최근 4분기 매출·점포가 모두 관측된 399개 상권",기존 제과점의 최근 4분기 총매출을 평균 점포 수로 나눈 실제 과거 매출환경,현재 시장규모 확인 및 후보 상권 1차 선별,신규 브랜드 점포의 미래 매출예측 또는 출점 확정 근거로 단독 사용 금지,통과한 미래 매출예측모델 없음
3120153,노량진역(노량진),발달상권,2026Q2,2025Q3~2026Q2 실제 관측,466876252.0,75.43859649122807,관측 상권 75~90%,37.76496957005602,전년동기 대비 증가,5.75,5.262285617696693,분기별 변동 보통,"서울 최신 점포 관측 상권 1,186개 중 최근 4분기 매출·점포가 모두 관측된 399개 상권",기존 제과점의 최근 4분기 총매출을 평균 점포 수로 나눈 실제 과거 매출환경,현재 시장규모 확인 및 후보 상권 1차 선별,신규 브랜드 점포의 미래 매출예측 또는 출점 확정 근거로 단독 사용 금지,통과한 미래 매출예측모델 없음
3120226,석촌고분역,발달상권,2026Q2,2025Q3~2026Q2 실제 관측,463837028.6,75.18796992481202,관측 상권 75~90%,-14.638643609214142,전년동기 대비 감소,5.0,14.931669274895954,분기별 변동 보통,"서울 최신 점포 관측 상권 1,186개 중 최근 4분기 매출·점포가 모두 관측된 399개 상권",기존 제과점의 최근 4분기 총매출을 평균 점포 수로 나눈 실제 과거 매출환경,현재 시장규모 확인 및 후보 상권 1차 선별,신규 브랜드 점포의 미래 매출예측 또는 출점 확정 근거로 단독 사용 금지,통과한 미래 매출예측모델 없음
3110905,방배노인종합복지관(이수중학교),골목상권,2026Q2,2025Q3~2026Q2 실제 관측,457313366.0,74.93734335839599,관측 상권 50~75%,24.255985527248125,전년동기 대비 증가,3.0,9.466395557942421,분기별 변동 보통,"서울 최신 점포 관측 상권 1,186개 중 최근 4분기 매출·점포가 모두 관측된 399개 상권",기존 제과점의 최근 4분기 총매출을 평균 점포 수로 나눈 실제 과거 매출환경,현재 시장규모 확인 및 후보 상권 1차 선별,신규 브랜드 점포의 미래 매출예측 또는 출점 확정 근거로 단독 사용 금지,통과한 미래 매출예측모델 없음
3130100,답십리시장,전통시장,2026Q2,2025Q3~2026Q2 실제 관측,454370740.5,74.68671679197995,관측 상권 50~75%,,전년동기 수준 유지,2.0,2.8082346282394663,분기별 변동 보통,"서울 최신 점포 관측 상권 1,186개 중 최근 4분기 매출·점포가 모두 관측된 399개 상권",기존 제과점의 최근 4분기 총매출을 평균 점포 수로 나눈 실제 과거 매출환경,현재 시장규모 확인 및 후보 상권 1차 선별,신규 브랜드 점포의 미래 매출예측 또는 출점 확정 근거로 단독 사용 금지,통과한 미래 매출예측모델 없음
3120037,동대문역사문화공원역,발달상권,2026Q2,2025Q3~2026Q2 실제 관측,451616670.8,74.43609022556392,관측 상권 50~75%,6.219437144905826,전년동기 수준 유지,7.5,8.517522801713051,분기별 변동 보통,"서울 최신 점포 관측 상권 1,186개 중 최근 4분기 매출·점포가 모두 관측된 399개 상권",기존 제과점의 최근 4분기 총매출을 평균 점포 수로 나눈 실제 과거 매출환경,현재 시장규모 확인 및 후보 상권 1차 선별,신규 브랜드 점포의 미래 매출예측 또는 출점 확정 근거로 단독 사용 금지,통과한 미래 매출예측모델 없음
3120132,독산동,발달상권,2026Q2,2025Q3~2026Q2 실제 관측,447300814.0,74.18546365914787,관측 상권 50~75%,-8.997729653124132,전년동기 수준 유지,2.0,4.805023638879622,분기별 변동 보통,"서울 최신 점포 관측 상권 1,186개 중 최근 4분기 매출·점포가 모두 관측된 399개 상권",기존 제과점의 최근 4분기 총매출을 평균 점포 수로 나눈 실제 과거 매출환경,현재 시장규모 확인 및 후보 상권 1차 선별,신규 브랜드 점포의 미래 매출예측 또는 출점 확정 근거로 단독 사용 금지,통과한 미래 매출예측모델 없음
3120208,청담사거리(청담동명품거리),발달상권,2026Q2,2025Q3~2026Q2 실제 관측,447006288.3333333,73.93483709273183,관측 상권 50~75%,9.254558300653382,전년동기 수준 유지,9.0,4.81411351129766,분기별 변동 보통,"서울 최신 점포 관측 상권 1,186개 중 최근 4분기 매출·점포가 모두 관측된 399개 상권",기존 제과점의 최근 4분기 총매출을 평균 점포 수로 나눈 실제 과거 매출환경,현재 시장규모 확인 및 후보 상권 1차 선별,신규 브랜드 점포의 미래 매출예측 또는 출점 확정 근거로 단독 사용 금지,통과한 미래 매출예측모델 없음
3130214,송화벽화시장(송화골목시장),전통시장,2026Q2,2025Q3~2026Q2 실제 관측,444371485.64705884,73.68421052631578,관측 상권 50~75%,0.41322028284473955,전년동기 수준 유지,4.25,7.1605668694786795,분기별 변동 보통,"서울 최신 점포 관측 상권 1,186개 중 최근 4분기 매출·점포가 모두 관측된 399개 상권",기존 제과점의 최근 4분기 총매출을 평균 점포 수로 나눈 실제 과거 매출환경,현재 시장규모 확인 및 후보 상권 1차 선별,신규 브랜드 점포의 미래 매출예측 또는 출점 확정 근거로 단독 사용 금지,통과한 미래 매출예측모델 없음
3110837,숭실대입구역 1번,골목상권,2026Q2,2025Q3~2026Q2 실제 관측,443971477.8,73.43358395989975,관측 상권 50~75%,37.37157432719434,전년동기 대비 증가,5.0,10.658804751815522,분기별 변동 보통,"서울 최신 점포 관측 상권 1,186개 중 최근 4분기 매출·점포가 모두 관측된 399개 상권",기존 제과점의 최근 4분기 총매출을 평균 점포 수로 나눈 실제 과거 매출환경,현재 시장규모 확인 및 후보 상권 1차 선별,신규 브랜드 점포의 미래 매출예측 또는 출점 확정 근거로 단독 사용 금지,통과한 미래 매출예측모델 없음
3120189,강남역,발달상권,2026Q2,2025Q3~2026Q2 실제 관측,427342310.63529414,73.1829573934837,관측 상권 50~75%,21.271299018395506,전년동기 대비 증가,21.25,4.731850055468242,분기별 변동 보통,"서울 최신 점포 관측 상권 1,186개 중 최근 4분기 매출·점포가 모두 관측된 399개 상권",기존 제과점의 최근 4분기 총매출을 평균 점포 수로 나눈 실제 과거 매출환경,현재 시장규모 확인 및 후보 상권 1차 선별,신규 브랜드 점포의 미래 매출예측 또는 출점 확정 근거로 단독 사용 금지,통과한 미래 매출예측모델 없음
3110815,공군호텔,골목상권,2026Q2,2025Q3~2026Q2 실제 관측,425751937.0,72.93233082706767,관측 상권 50~75%,,전년동기 수준 유지,3.0,8.150356281025099,분기별 변동 보통,"서울 최신 점포 관측 상권 1,186개 중 최근 4분기 매출·점포가 모두 관측된 399개 상권",기존 제과점의 최근 4분기 총매출을 평균 점포 수로 나눈 실제 과거 매출환경,현재 시장규모 확인 및 후보 상권 1차 선별,신규 브랜드 점포의 미래 매출예측 또는 출점 확정 근거로 단독 사용 금지,통과한 미래 매출예측모델 없음
3120149,여의도역(여의도),발달상권,2026Q2,2025Q3~2026Q2 실제 관측,424687141.04964536,72.68170426065163,관측 상권 50~75%,9.191442906441738,전년동기 수준 유지,35.25,9.001433523032995,분기별 변동 보통,"서울 최신 점포 관측 상권 1,186개 중 최근 4분기 매출·점포가 모두 관측된 399개 상권",기존 제과점의 최근 4분기 총매출을 평균 점포 수로 나눈 실제 과거 매출환경,현재 시장규모 확인 및 후보 상권 1차 선별,신규 브랜드 점포의 미래 매출예측 또는 출점 확정 근거로 단독 사용 금지,통과한 미래 매출예측모델 없음
3130229,남구로시장,전통시장,2026Q2,2025Q3~2026Q2 실제 관측,423777867.3333333,72.4310776942356,관측 상권 50~75%,11.860978245031184,전년동기 대비 증가,3.0,20.89093406856969,분기별 변동 보통,"서울 최신 점포 관측 상권 1,186개 중 최근 4분기 매출·점포가 모두 관측된 399개 상권",기존 제과점의 최근 4분기 총매출을 평균 점포 수로 나눈 실제 과거 매출환경,현재 시장규모 확인 및 후보 상권 1차 선별,신규 브랜드 점포의 미래 매출예측 또는 출점 확정 근거로 단독 사용 금지,통과한 미래 매출예측모델 없음
3130146,쌍문시장(쌍문역골목시장),전통시장,2026Q2,2025Q3~2026Q2 실제 관측,421362594.4,72.18045112781954,관측 상권 50~75%,7.220190883376332,전년동기 수준 유지,3.75,19.242340015639428,분기별 변동 보통,"서울 최신 점포 관측 상권 1,186개 중 최근 4분기 매출·점포가 모두 관측된 399개 상권",기존 제과점의 최근 4분기 총매출을 평균 점포 수로 나눈 실제 과거 매출환경,현재 시장규모 확인 및 후보 상권 1차 선별,신규 브랜드 점포의 미래 매출예측 또는 출점 확정 근거로 단독 사용 금지,통과한 미래 매출예측모델 없음
3130261,성대전통시장(성대시장),전통시장,2026Q2,2025Q3~2026Q2 실제 관측,419626337.0,71.9298245614035,관측 상권 50~75%,-22.316725983022167,전년동기 대비 감소,3.0,3.3992867319548536,분기별 변동 보통,"서울 최신 점포 관측 상권 1,186개 중 최근 4분기 매출·점포가 모두 관측된 399개 상권",기존 제과점의 최근 4분기 총매출을 평균 점포 수로 나눈 실제 과거 매출환경,현재 시장규모 확인 및 후보 상권 1차 선별,신규 브랜드 점포의 미래 매출예측 또는 출점 확정 근거로 단독 사용 금지,통과한 미래 매출예측모델 없음
3120106,마포역,발달상권,2026Q2,2025Q3~2026Q2 실제 관측,414422285.5,71.67919799498746,관측 상권 50~75%,30.29663778221945,전년동기 대비 증가,2.0,14.415384478159012,분기별 변동 보통,"서울 최신 점포 관측 상권 1,186개 중 최근 4분기 매출·점포가 모두 관측된 399개 상권",기존 제과점의 최근 4분기 총매출을 평균 점포 수로 나눈 실제 과거 매출환경,현재 시장규모 확인 및 후보 상권 1차 선별,신규 브랜드 점포의 미래 매출예측 또는 출점 확정 근거로 단독 사용 금지,통과한 미래 매출예측모델 없음
3120154,장승배기역,발달상권,2026Q2,2025Q3~2026Q2 실제 관측,404253091.2,71.42857142857143,관측 상권 50~75%,-55.15977287656355,전년동기 대비 감소,2.5,61.09795294860956,분기별 변동 큼,"서울 최신 점포 관측 상권 1,186개 중 최근 4분기 매출·점포가 모두 관측된 399개 상권",기존 제과점의 최근 4분기 총매출을 평균 점포 수로 나눈 실제 과거 매출환경,현재 시장규모 확인 및 후보 상권 1차 선별,신규 브랜드 점포의 미래 매출예측 또는 출점 확정 근거로 단독 사용 금지,통과한 미래 매출예측모델 없음
3120159,서울대입구역,발달상권,2026Q2,2025Q3~2026Q2 실제 관측,401922371.3333333,71.17794486215539,관측 상권 50~75%,-3.5421671811445843,전년동기 수준 유지,6.0,4.8605119339916225,분기별 변동 보통,"서울 최신 점포 관측 상권 1,186개 중 최근 4분기 매출·점포가 모두 관측된 399개 상권",기존 제과점의 최근 4분기 총매출을 평균 점포 수로 나눈 실제 과거 매출환경,현재 시장규모 확인 및 후보 상권 1차 선별,신규 브랜드 점포의 미래 매출예측 또는 출점 확정 근거로 단독 사용 금지,통과한 미래 매출예측모델 없음
3120056,구의역,발달상권,2026Q2,2025Q3~2026Q2 실제 관측,397633620.9230769,70.92731829573935,관측 상권 50~75%,-1.5224205410378722,전년동기 수준 유지,3.25,15.988256461502012,분기별 변동 보통,"서울 최신 점포 관측 상권 1,186개 중 최근 4분기 매출·점포가 모두 관측된 399개 상권",기존 제과점의 최근 4분기 총매출을 평균 점포 수로 나눈 실제 과거 매출환경,현재 시장규모 확인 및 후보 상권 1차 선별,신규 브랜드 점포의 미래 매출예측 또는 출점 확정 근거로 단독 사용 금지,통과한 미래 매출예측모델 없음
3001496,강남 마이스 관광특구,관광특구,2026Q2,2025Q3~2026Q2 실제 관측,396796578.1,70.67669172932331,관측 상권 50~75%,-17.888352537843343,전년동기 대비 감소,20.0,35.45746664109434,분기별 변동 주의,"서울 최신 점포 관측 상권 1,186개 중 최근 4분기 매출·점포가 모두 관측된 399개 상권",기존 제과점의 최근 4분기 총매출을 평균 점포 수로 나눈 실제 과거 매출환경,현재 시장규모 확인 및 후보 상권 1차 선별,신규 브랜드 점포의 미래 매출예측 또는 출점 확정 근거로 단독 사용 금지,통과한 미래 매출예측모델 없음
3120224,수서역,발달상권,2026Q2,2025Q3~2026Q2 실제 관측,395775940.0,70.42606516290726,관측 상권 50~75%,2.6190587757427553,전년동기 수준 유지,3.0,4.648539240425095,분기별 변동 보통,"서울 최신 점포 관측 상권 1,186개 중 최근 4분기 매출·점포가 모두 관측된 399개 상권",기존 제과점의 최근 4분기 총매출을 평균 점포 수로 나눈 실제 과거 매출환경,현재 시장규모 확인 및 후보 상권 1차 선별,신규 브랜드 점포의 미래 매출예측 또는 출점 확정 근거로 단독 사용 금지,통과한 미래 매출예측모델 없음
3120148,국회의사당역(국회의사당),발달상권,2026Q2,2025Q3~2026Q2 실제 관측,395466069.2307692,70.17543859649122,관측 상권 50~75%,-20.896500438803212,전년동기 대비 감소,6.5,21.005109449241758,분기별 변동 보통,"서울 최신 점포 관측 상권 1,186개 중 최근 4분기 매출·점포가 모두 관측된 399개 상권",기존 제과점의 최근 4분기 총매출을 평균 점포 수로 나눈 실제 과거 매출환경,현재 시장규모 확인 및 후보 상권 1차 선별,신규 브랜드 점포의 미래 매출예측 또는 출점 확정 근거로 단독 사용 금지,통과한 미래 매출예측모델 없음
3110930,서초동성당,골목상권,2026Q2,2025Q3~2026Q2 실제 관측,393464284.6,69.92481203007519,관측 상권 50~75%,1.9310510501237221,전년동기 수준 유지,5.0,9.435465728729982,분기별 변동 보통,"서울 최신 점포 관측 상권 1,186개 중 최근 4분기 매출·점포가 모두 관측된 399개 상권",기존 제과점의 최근 4분기 총매출을 평균 점포 수로 나눈 실제 과거 매출환경,현재 시장규모 확인 및 후보 상권 1차 선별,신규 브랜드 점포의 미래 매출예측 또는 출점 확정 근거로 단독 사용 금지,통과한 미래 매출예측모델 없음
3120179,양재역,발달상권,2026Q2,2025Q3~2026Q2 실제 관측,392340343.7948718,69.67418546365914,관측 상권 50~75%,-10.849481368218338,전년동기 대비 감소,9.75,8.400615821424665,분기별 변동 보통,"서울 최신 점포 관측 상권 1,186개 중 최근 4분기 매출·점포가 모두 관측된 399개 상권",기존 제과점의 최근 4분기 총매출을 평균 점포 수로 나눈 실제 과거 매출환경,현재 시장규모 확인 및 후보 상권 1차 선별,신규 브랜드 점포의 미래 매출예측 또는 출점 확정 근거로 단독 사용 금지,통과한 미래 매출예측모델 없음
3120158,녹두거리(대학동),발달상권,2026Q2,2025Q3~2026Q2 실제 관측,391477061.0,69.42355889724311,관측 상권 50~75%,12.465031457610731,전년동기 대비 증가,7.0,20.23993233022074,분기별 변동 보통,"서울 최신 점포 관측 상권 1,186개 중 최근 4분기 매출·점포가 모두 관측된 399개 상권",기존 제과점의 최근 4분기 총매출을 평균 점포 수로 나눈 실제 과거 매출환경,현재 시장규모 확인 및 후보 상권 1차 선별,신규 브랜드 점포의 미래 매출예측 또는 출점 확정 근거로 단독 사용 금지,통과한 미래 매출예측모델 없음
3110757,양평역 2번,골목상권,2026Q2,2025Q3~2026Q2 실제 관측,378760606.4,69.17293233082707,관측 상권 50~75%,4.066723664968053,전년동기 수준 유지,3.75,16.792268056385357,분기별 변동 보통,"서울 최신 점포 관측 상권 1,186개 중 최근 4분기 매출·점포가 모두 관측된 399개 상권",기존 제과점의 최근 4분기 총매출을 평균 점포 수로 나눈 실제 과거 매출환경,현재 시장규모 확인 및 후보 상권 1차 선별,신규 브랜드 점포의 미래 매출예측 또는 출점 확정 근거로 단독 사용 금지,통과한 미래 매출예측모델 없음
3110243,중랑노인종합복지관,골목상권,2026Q2,2025Q3~2026Q2 실제 관측,377341024.8,68.92230576441104,관측 상권 50~75%,59.33124819216778,전년동기 대비 증가,2.5,23.38522654101467,분기별 변동 보통,"서울 최신 점포 관측 상권 1,186개 중 최근 4분기 매출·점포가 모두 관측된 399개 상권",기존 제과점의 최근 4분기 총매출을 평균 점포 수로 나눈 실제 과거 매출환경,현재 시장규모 확인 및 후보 상권 1차 선별,신규 브랜드 점포의 미래 매출예측 또는 출점 확정 근거로 단독 사용 금지,통과한 미래 매출예측모델 없음
3120151,보라매공원,발달상권,2026Q2,2025Q3~2026Q2 실제 관측,376930373.8666667,68.67167919799499,관측 상권 50~75%,11.247058075634243,전년동기 대비 증가,7.5,4.71912113522222,분기별 변동 보통,"서울 최신 점포 관측 상권 1,186개 중 최근 4분기 매출·점포가 모두 관측된 399개 상권",기존 제과점의 최근 4분기 총매출을 평균 점포 수로 나눈 실제 과거 매출환경,현재 시장규모 확인 및 후보 상권 1차 선별,신규 브랜드 점포의 미래 매출예측 또는 출점 확정 근거로 단독 사용 금지,통과한 미래 매출예측모델 없음
3120203,강남구청역,발달상권,2026Q2,2025Q3~2026Q2 실제 관측,376570282.4,68.42105263157895,관측 상권 50~75%,18.85754969491662,전년동기 대비 증가,7.5,6.063162213067856,분기별 변동 보통,"서울 최신 점포 관측 상권 1,186개 중 최근 4분기 매출·점포가 모두 관측된 399개 상권",기존 제과점의 최근 4분기 총매출을 평균 점포 수로 나눈 실제 과거 매출환경,현재 시장규모 확인 및 후보 상권 1차 선별,신규 브랜드 점포의 미래 매출예측 또는 출점 확정 근거로 단독 사용 금지,통과한 미래 매출예측모델 없음
3120039,신당역,발달상권,2026Q2,2025Q3~2026Q2 실제 관측,370553632.61538464,68.1704260651629,관측 상권 50~75%,-23.0201010784723,전년동기 대비 감소,3.25,15.28447150568446,분기별 변동 보통,"서울 최신 점포 관측 상권 1,186개 중 최근 4분기 매출·점포가 모두 관측된 399개 상권",기존 제과점의 최근 4분기 총매출을 평균 점포 수로 나눈 실제 과거 매출환경,현재 시장규모 확인 및 후보 상권 1차 선별,신규 브랜드 점포의 미래 매출예측 또는 출점 확정 근거로 단독 사용 금지,통과한 미래 매출예측모델 없음
3130271,남성역골목시장,전통시장,2026Q2,2025Q3~2026Q2 실제 관측,367371761.53846157,67.91979949874687,관측 상권 50~75%,12.18476345832189,전년동기 대비 증가,3.25,13.740888488858786,분기별 변동 보통,"서울 최신 점포 관측 상권 1,186개 중 최근 4분기 매출·점포가 모두 관측된 399개 상권",기존 제과점의 최근 4분기 총매출을 평균 점포 수로 나눈 실제 과거 매출환경,현재 시장규모 확인 및 후보 상권 1차 선별,신규 브랜드 점포의 미래 매출예측 또는 출점 확정 근거로 단독 사용 금지,통과한 미래 매출예측모델 없음
3120112,등촌역,발달상권,2026Q2,2025Q3~2026Q2 실제 관측,364897032.0,67.66917293233082,관측 상권 50~75%,3.8739712403127236,전년동기 수준 유지,4.5,13.862533071189684,분기별 변동 보통,"서울 최신 점포 관측 상권 1,186개 중 최근 4분기 매출·점포가 모두 관측된 399개 상권",기존 제과점의 최근 4분기 총매출을 평균 점포 수로 나눈 실제 과거 매출환경,현재 시장규모 확인 및 후보 상권 1차 선별,신규 브랜드 점포의 미래 매출예측 또는 출점 확정 근거로 단독 사용 금지,통과한 미래 매출예측모델 없음
3120138,당산2동(영등포우체국),발달상권,2026Q2,2025Q3~2026Q2 실제 관측,361560745.8,67.41854636591479,관측 상권 50~75%,-20.984284905180374,전년동기 대비 감소,5.0,4.723487311843141,분기별 변동 보통,"서울 최신 점포 관측 상권 1,186개 중 최근 4분기 매출·점포가 모두 관측된 399개 상권",기존 제과점의 최근 4분기 총매출을 평균 점포 수로 나눈 실제 과거 매출환경,현재 시장규모 확인 및 후보 상권 1차 선별,신규 브랜드 점포의 미래 매출예측 또는 출점 확정 근거로 단독 사용 금지,통과한 미래 매출예측모델 없음
3120185,논현역,발달상권,2026Q2,2025Q3~2026Q2 실제 관측,360593743.1666667,67.16791979949875,관측 상권 50~75%,-7.835080287945351,전년동기 수준 유지,6.0,6.705941738257473,분기별 변동 보통,"서울 최신 점포 관측 상권 1,186개 중 최근 4분기 매출·점포가 모두 관측된 399개 상권",기존 제과점의 최근 4분기 총매출을 평균 점포 수로 나눈 실제 과거 매출환경,현재 시장규모 확인 및 후보 상권 1차 선별,신규 브랜드 점포의 미래 매출예측 또는 출점 확정 근거로 단독 사용 금지,통과한 미래 매출예측모델 없음
3120066,장한평역(장한평),발달상권,2026Q2,2025Q3~2026Q2 실제 관측,357542152.3333333,66.9172932330827,관측 상권 50~75%,41.410568947560435,전년동기 대비 증가,3.0,39.041482278166306,분기별 변동 주의,"서울 최신 점포 관측 상권 1,186개 중 최근 4분기 매출·점포가 모두 관측된 399개 상권",기존 제과점의 최근 4분기 총매출을 평균 점포 수로 나눈 실제 과거 매출환경,현재 시장규모 확인 및 후보 상권 1차 선별,신규 브랜드 점포의 미래 매출예측 또는 출점 확정 근거로 단독 사용 금지,통과한 미래 매출예측모델 없음
3110569,홍대땡땡거리,골목상권,2026Q2,2025Q3~2026Q2 실제 관측,356592602.8235294,66.66666666666666,관측 상권 50~75%,20.68895482223525,전년동기 대비 증가,4.25,14.943322603372104,분기별 변동 보통,"서울 최신 점포 관측 상권 1,186개 중 최근 4분기 매출·점포가 모두 관측된 399개 상권",기존 제과점의 최근 4분기 총매출을 평균 점포 수로 나눈 실제 과거 매출환경,현재 시장규모 확인 및 후보 상권 1차 선별,신규 브랜드 점포의 미래 매출예측 또는 출점 확정 근거로 단독 사용 금지,통과한 미래 매출예측모델 없음
3120078,미아사거리역,발달상권,2026Q2,2025Q3~2026Q2 실제 관측,348810715.6666667,66.41604010025063,관측 상권 50~75%,29.255984201389552,전년동기 대비 증가,6.0,7.089522421373392,분기별 변동 보통,"서울 최신 점포 관측 상권 1,186개 중 최근 4분기 매출·점포가 모두 관측된 399개 상권",기존 제과점의 최근 4분기 총매출을 평균 점포 수로 나눈 실제 과거 매출환경,현재 시장규모 확인 및 후보 상권 1차 선별,신규 브랜드 점포의 미래 매출예측 또는 출점 확정 근거로 단독 사용 금지,통과한 미래 매출예측모델 없음
3120118,마곡역(마곡),발달상권,2026Q2,2025Q3~2026Q2 실제 관측,347629927.2072072,66.16541353383458,관측 상권 50~75%,,전년동기 수준 유지,27.75,22.4653782909911,분기별 변동 보통,"서울 최신 점포 관측 상권 1,186개 중 최근 4분기 매출·점포가 모두 관측된 399개 상권",기존 제과점의 최근 4분기 총매출을 평균 점포 수로 나눈 실제 과거 매출환경,현재 시장규모 확인 및 후보 상권 1차 선별,신규 브랜드 점포의 미래 매출예측 또는 출점 확정 근거로 단독 사용 금지,통과한 미래 매출예측모델 없음
3120145,영등포역(영등포),발달상권,2026Q2,2025Q3~2026Q2 실제 관측,344538709.5319149,65.91478696741855,관측 상권 50~75%,24.790487565898324,전년동기 대비 증가,11.75,14.882661403276735,분기별 변동 보통,"서울 최신 점포 관측 상권 1,186개 중 최근 4분기 매출·점포가 모두 관측된 399개 상권",기존 제과점의 최근 4분기 총매출을 평균 점포 수로 나눈 실제 과거 매출환경,현재 시장규모 확인 및 후보 상권 1차 선별,신규 브랜드 점포의 미래 매출예측 또는 출점 확정 근거로 단독 사용 금지,통과한 미래 매출예측모델 없음
3120205,매봉역,발달상권,2026Q2,2025Q3~2026Q2 실제 관측,342399558.15384614,65.6641604010025,관측 상권 50~75%,20.597620672176433,전년동기 대비 증가,6.5,11.505360292131844,분기별 변동 보통,"서울 최신 점포 관측 상권 1,186개 중 최근 4분기 매출·점포가 모두 관측된 399개 상권",기존 제과점의 최근 4분기 총매출을 평균 점포 수로 나눈 실제 과거 매출환경,현재 시장규모 확인 및 후보 상권 1차 선별,신규 브랜드 점포의 미래 매출예측 또는 출점 확정 근거로 단독 사용 금지,통과한 미래 매출예측모델 없음
3120173,교대역(법원.검찰청),발달상권,2026Q2,2025Q3~2026Q2 실제 관측,341835852.8235294,65.41353383458647,관측 상권 50~75%,-24.232333595839272,전년동기 대비 감소,17.0,32.573534616289685,분기별 변동 주의,"서울 최신 점포 관측 상권 1,186개 중 최근 4분기 매출·점포가 모두 관측된 399개 상권",기존 제과점의 최근 4분기 총매출을 평균 점포 수로 나눈 실제 과거 매출환경,현재 시장규모 확인 및 후보 상권 1차 선별,신규 브랜드 점포의 미래 매출예측 또는 출점 확정 근거로 단독 사용 금지,통과한 미래 매출예측모델 없음
3120222,삼성역,발달상권,2026Q2,2025Q3~2026Q2 실제 관측,340052599.46666664,65.16290726817043,관측 상권 50~75%,-43.748315241751676,전년동기 대비 감소,18.75,48.71005317703015,분기별 변동 주의,"서울 최신 점포 관측 상권 1,186개 중 최근 4분기 매출·점포가 모두 관측된 399개 상권",기존 제과점의 최근 4분기 총매출을 평균 점포 수로 나눈 실제 과거 매출환경,현재 시장규모 확인 및 후보 상권 1차 선별,신규 브랜드 점포의 미래 매출예측 또는 출점 확정 근거로 단독 사용 금지,통과한 미래 매출예측모델 없음
3120022,북창동(시청역_6번),발달상권,2026Q2,2025Q3~2026Q2 실제 관측,335875071.75,64.91228070175438,관측 상권 50~75%,63.89795986267792,전년동기 대비 증가,4.0,18.943346362601716,분기별 변동 보통,"서울 최신 점포 관측 상권 1,186개 중 최근 4분기 매출·점포가 모두 관측된 399개 상권",기존 제과점의 최근 4분기 총매출을 평균 점포 수로 나눈 실제 과거 매출환경,현재 시장규모 확인 및 후보 상권 1차 선별,신규 브랜드 점포의 미래 매출예측 또는 출점 확정 근거로 단독 사용 금지,통과한 미래 매출예측모델 없음
3120100,망원역,발달상권,2026Q2,2025Q3~2026Q2 실제 관측,331837328.4705882,64.66165413533834,관측 상권 50~75%,75.87089974171906,전년동기 대비 증가,4.25,25.671640723892846,분기별 변동 주의,"서울 최신 점포 관측 상권 1,186개 중 최근 4분기 매출·점포가 모두 관측된 399개 상권",기존 제과점의 최근 4분기 총매출을 평균 점포 수로 나눈 실제 과거 매출환경,현재 시장규모 확인 및 후보 상권 1차 선별,신규 브랜드 점포의 미래 매출예측 또는 출점 확정 근거로 단독 사용 금지,통과한 미래 매출예측모델 없음
3130314,풍납시장,전통시장,2026Q2,2025Q3~2026Q2 실제 관측,327393199.6666667,64.41102756892231,관측 상권 50~75%,10.08873272273918,전년동기 대비 증가,3.0,11.588939678012636,분기별 변동 보통,"서울 최신 점포 관측 상권 1,186개 중 최근 4분기 매출·점포가 모두 관측된 399개 상권",기존 제과점의 최근 4분기 총매출을 평균 점포 수로 나눈 실제 과거 매출환경,현재 시장규모 확인 및 후보 상권 1차 선별,신규 브랜드 점포의 미래 매출예측 또는 출점 확정 근거로 단독 사용 금지,통과한 미래 매출예측모델 없음
3110397,도봉산입구,골목상권,2026Q2,2025Q3~2026Q2 실제 관측,325938136.0,64.16040100250626,관측 상권 50~75%,14.720944581209627,전년동기 대비 증가,1.75,49.368214956138196,분기별 변동 주의,"서울 최신 점포 관측 상권 1,186개 중 최근 4분기 매출·점포가 모두 관측된 399개 상권",기존 제과점의 최근 4분기 총매출을 평균 점포 수로 나눈 실제 과거 매출환경,현재 시장규모 확인 및 후보 상권 1차 선별,신규 브랜드 점포의 미래 매출예측 또는 출점 확정 근거로 단독 사용 금지,통과한 미래 매출예측모델 없음
3110285,홍대부중,골목상권,2026Q2,2025Q3~2026Q2 실제 관측,320915131.5,63.90977443609023,관측 상권 50~75%,-28.412909754976567,전년동기 대비 감소,4.0,6.737737196210814,분기별 변동 보통,"서울 최신 점포 관측 상권 1,186개 중 최근 4분기 매출·점포가 모두 관측된 399개 상권",기존 제과점의 최근 4분기 총매출을 평균 점포 수로 나눈 실제 과거 매출환경,현재 시장규모 확인 및 후보 상권 1차 선별,신규 브랜드 점포의 미래 매출예측 또는 출점 확정 근거로 단독 사용 금지,통과한 미래 매출예측모델 없음
3120119,발산역(마곡),발달상권,2026Q2,2025Q3~2026Q2 실제 관측,319263443.31707317,63.65914786967418,관측 상권 50~75%,8.953517075871243,전년동기 수준 유지,30.75,4.747012782869421,분기별 변동 보통,"서울 최신 점포 관측 상권 1,186개 중 최근 4분기 매출·점포가 모두 관측된 399개 상권",기존 제과점의 최근 4분기 총매출을 평균 점포 수로 나눈 실제 과거 매출환경,현재 시장규모 확인 및 후보 상권 1차 선별,신규 브랜드 점포의 미래 매출예측 또는 출점 확정 근거로 단독 사용 금지,통과한 미래 매출예측모델 없음
3120098,DMC(디지털미디어시티),발달상권,2026Q2,2025Q3~2026Q2 실제 관측,318289906.85714287,63.40852130325815,관측 상권 50~75%,-11.658297462157508,전년동기 대비 감소,8.75,17.15153835310146,분기별 변동 보통,"서울 최신 점포 관측 상권 1,186개 중 최근 4분기 매출·점포가 모두 관측된 399개 상권",기존 제과점의 최근 4분기 총매출을 평균 점포 수로 나눈 실제 과거 매출환경,현재 시장규모 확인 및 후보 상권 1차 선별,신규 브랜드 점포의 미래 매출예측 또는 출점 확정 근거로 단독 사용 금지,통과한 미래 매출예측모델 없음
3130168,연서시장,전통시장,2026Q2,2025Q3~2026Q2 실제 관측,318278981.5,63.1578947368421,관측 상권 50~75%,13.254747649730515,전년동기 대비 증가,2.0,13.1574916041305,분기별 변동 보통,"서울 최신 점포 관측 상권 1,186개 중 최근 4분기 매출·점포가 모두 관측된 399개 상권",기존 제과점의 최근 4분기 총매출을 평균 점포 수로 나눈 실제 과거 매출환경,현재 시장규모 확인 및 후보 상권 1차 선별,신규 브랜드 점포의 미래 매출예측 또는 출점 확정 근거로 단독 사용 금지,통과한 미래 매출예측모델 없음
3130053,백학시장,전통시장,2026Q2,2025Q3~2026Q2 실제 관측,317960732.3333333,62.907268170426065,관측 상권 50~75%,,전년동기 수준 유지,3.0,4.6216056935715155,분기별 변동 보통,"서울 최신 점포 관측 상권 1,186개 중 최근 4분기 매출·점포가 모두 관측된 399개 상권",기존 제과점의 최근 4분기 총매출을 평균 점포 수로 나눈 실제 과거 매출환경,현재 시장규모 확인 및 후보 상권 1차 선별,신규 브랜드 점포의 미래 매출예측 또는 출점 확정 근거로 단독 사용 금지,통과한 미래 매출예측모델 없음
3110214,경희대후문,골목상권,2026Q2,2025Q3~2026Q2 실제 관측,315823057.0,62.65664160401002,관측 상권 50~75%,16.937540754676085,전년동기 대비 증가,3.0,20.67921198662567,분기별 변동 보통,"서울 최신 점포 관측 상권 1,186개 중 최근 4분기 매출·점포가 모두 관측된 399개 상권",기존 제과점의 최근 4분기 총매출을 평균 점포 수로 나눈 실제 과거 매출환경,현재 시장규모 확인 및 후보 상권 1차 선별,신규 브랜드 점포의 미래 매출예측 또는 출점 확정 근거로 단독 사용 금지,통과한 미래 매출예측모델 없음
3110063,효창공원앞역 5번,골목상권,2026Q2,2025Q3~2026Q2 실제 관측,315497152.3333333,62.40601503759399,관측 상권 50~75%,13.908911110790445,전년동기 대비 증가,3.0,4.800482831906104,분기별 변동 보통,"서울 최신 점포 관측 상권 1,186개 중 최근 4분기 매출·점포가 모두 관측된 399개 상권",기존 제과점의 최근 4분기 총매출을 평균 점포 수로 나눈 실제 과거 매출환경,현재 시장규모 확인 및 후보 상권 1차 선별,신규 브랜드 점포의 미래 매출예측 또는 출점 확정 근거로 단독 사용 금지,통과한 미래 매출예측모델 없음
3001492,명동 남대문 북창동 다동 무교동 관광특구,관광특구,2026Q2,2025Q3~2026Q2 실제 관측,314836136.39183676,62.15538847117794,관측 상권 50~75%,7.3389002165673345,전년동기 수준 유지,61.25,8.247236416718886,분기별 변동 보통,"서울 최신 점포 관측 상권 1,186개 중 최근 4분기 매출·점포가 모두 관측된 399개 상권",기존 제과점의 최근 4분기 총매출을 평균 점포 수로 나눈 실제 과거 매출환경,현재 시장규모 확인 및 후보 상권 1차 선별,신규 브랜드 점포의 미래 매출예측 또는 출점 확정 근거로 단독 사용 금지,통과한 미래 매출예측모델 없음
3120032,충무로역,발달상권,2026Q2,2025Q3~2026Q2 실제 관측,314699386.4,61.904761904761905,관측 상권 50~75%,-24.208878425170088,전년동기 대비 감소,5.0,14.056088104858532,분기별 변동 보통,"서울 최신 점포 관측 상권 1,186개 중 최근 4분기 매출·점포가 모두 관측된 399개 상권",기존 제과점의 최근 4분기 총매출을 평균 점포 수로 나눈 실제 과거 매출환경,현재 시장규모 확인 및 후보 상권 1차 선별,신규 브랜드 점포의 미래 매출예측 또는 출점 확정 근거로 단독 사용 금지,통과한 미래 매출예측모델 없음
3120171,서초3동사거리,발달상권,2026Q2,2025Q3~2026Q2 실제 관측,313340088.3333333,61.65413533834586,관측 상권 50~75%,13.96778124724758,전년동기 대비 증가,6.0,4.494327753301613,분기별 변동 보통,"서울 최신 점포 관측 상권 1,186개 중 최근 4분기 매출·점포가 모두 관측된 399개 상권",기존 제과점의 최근 4분기 총매출을 평균 점포 수로 나눈 실제 과거 매출환경,현재 시장규모 확인 및 후보 상권 1차 선별,신규 브랜드 점포의 미래 매출예측 또는 출점 확정 근거로 단독 사용 금지,통과한 미래 매출예측모델 없음
3110627,신정롯데캐슬아파트,골목상권,2026Q2,2025Q3~2026Q2 실제 관측,312429116.5714286,61.40350877192983,관측 상권 50~75%,-9.849175758719419,전년동기 수준 유지,7.0,5.477971128328385,분기별 변동 보통,"서울 최신 점포 관측 상권 1,186개 중 최근 4분기 매출·점포가 모두 관측된 399개 상권",기존 제과점의 최근 4분기 총매출을 평균 점포 수로 나눈 실제 과거 매출환경,현재 시장규모 확인 및 후보 상권 1차 선별,신규 브랜드 점포의 미래 매출예측 또는 출점 확정 근거로 단독 사용 금지,통과한 미래 매출예측모델 없음
3120076,수유역,발달상권,2026Q2,2025Q3~2026Q2 실제 관측,310120722.26086956,61.152882205513784,관측 상권 50~75%,-18.654612432946692,전년동기 대비 감소,5.75,13.139113310226795,분기별 변동 보통,"서울 최신 점포 관측 상권 1,186개 중 최근 4분기 매출·점포가 모두 관측된 399개 상권",기존 제과점의 최근 4분기 총매출을 평균 점포 수로 나눈 실제 과거 매출환경,현재 시장규모 확인 및 후보 상권 1차 선별,신규 브랜드 점포의 미래 매출예측 또는 출점 확정 근거로 단독 사용 금지,통과한 미래 매출예측모델 없음
3120075,월곡역,발달상권,2026Q2,2025Q3~2026Q2 실제 관측,310099383.8,60.902255639097746,관측 상권 50~75%,90.42436600230002,전년동기 대비 증가,5.0,6.542501761324052,분기별 변동 보통,"서울 최신 점포 관측 상권 1,186개 중 최근 4분기 매출·점포가 모두 관측된 399개 상권",기존 제과점의 최근 4분기 총매출을 평균 점포 수로 나눈 실제 과거 매출환경,현재 시장규모 확인 및 후보 상권 1차 선별,신규 브랜드 점포의 미래 매출예측 또는 출점 확정 근거로 단독 사용 금지,통과한 미래 매출예측모델 없음
3110768,도림2동유수지내체육시설,골목상권,2026Q2,2025Q3~2026Q2 실제 관측,308905651.0,60.6516290726817,관측 상권 50~75%,-13.363496738101366,전년동기 대비 감소,1.0,15.605904596338044,분기별 변동 보통,"서울 최신 점포 관측 상권 1,186개 중 최근 4분기 매출·점포가 모두 관측된 399개 상권",기존 제과점의 최근 4분기 총매출을 평균 점포 수로 나눈 실제 과거 매출환경,현재 시장규모 확인 및 후보 상권 1차 선별,신규 브랜드 점포의 미래 매출예측 또는 출점 확정 근거로 단독 사용 금지,통과한 미래 매출예측모델 없음
3120225,잠실새내역(신천),발달상권,2026Q2,2025Q3~2026Q2 실제 관측,307285946.91764706,60.40100250626567,관측 상권 50~75%,-7.206507746404767,전년동기 수준 유지,21.25,2.134865180661861,분기별 변동 보통,"서울 최신 점포 관측 상권 1,186개 중 최근 4분기 매출·점포가 모두 관측된 399개 상권",기존 제과점의 최근 4분기 총매출을 평균 점포 수로 나눈 실제 과거 매출환경,현재 시장규모 확인 및 후보 상권 1차 선별,신규 브랜드 점포의 미래 매출예측 또는 출점 확정 근거로 단독 사용 금지,통과한 미래 매출예측모델 없음
3110545,마포구청역 1번,골목상권,2026Q2,2025Q3~2026Q2 실제 관측,306705860.28571427,60.150375939849624,관측 상권 50~75%,7.546701716101234,전년동기 수준 유지,3.5,22.48089491287198,분기별 변동 보통,"서울 최신 점포 관측 상권 1,186개 중 최근 4분기 매출·점포가 모두 관측된 399개 상권",기존 제과점의 최근 4분기 총매출을 평균 점포 수로 나눈 실제 과거 매출환경,현재 시장규모 확인 및 후보 상권 1차 선별,신규 브랜드 점포의 미래 매출예측 또는 출점 확정 근거로 단독 사용 금지,통과한 미래 매출예측모델 없음
3120248,명일역,발달상권,2026Q2,2025Q3~2026Q2 실제 관측,306205818.53061223,59.899749373433586,관측 상권 50~75%,3.9111032555318115,전년동기 수준 유지,12.25,8.198493316937652,분기별 변동 보통,"서울 최신 점포 관측 상권 1,186개 중 최근 4분기 매출·점포가 모두 관측된 399개 상권",기존 제과점의 최근 4분기 총매출을 평균 점포 수로 나눈 실제 과거 매출환경,현재 시장규모 확인 및 후보 상권 1차 선별,신규 브랜드 점포의 미래 매출예측 또는 출점 확정 근거로 단독 사용 금지,통과한 미래 매출예측모델 없음
3120237,경찰병원역,발달상권,2026Q2,2025Q3~2026Q2 실제 관측,304710600.5,59.64912280701754,관측 상권 50~75%,-8.03454004117109,전년동기 수준 유지,4.0,9.288411177140024,분기별 변동 보통,"서울 최신 점포 관측 상권 1,186개 중 최근 4분기 매출·점포가 모두 관측된 399개 상권",기존 제과점의 최근 4분기 총매출을 평균 점포 수로 나눈 실제 과거 매출환경,현재 시장규모 확인 및 후보 상권 1차 선별,신규 브랜드 점포의 미래 매출예측 또는 출점 확정 근거로 단독 사용 금지,통과한 미래 매출예측모델 없음
3120047,한남오거리,발달상권,2026Q2,2025Q3~2026Q2 실제 관측,302349804.6,59.3984962406015,관측 상권 50~75%,112.48170307171299,전년동기 대비 증가,5.0,5.6329651798313165,분기별 변동 보통,"서울 최신 점포 관측 상권 1,186개 중 최근 4분기 매출·점포가 모두 관측된 399개 상권",기존 제과점의 최근 4분기 총매출을 평균 점포 수로 나눈 실제 과거 매출환경,현재 시장규모 확인 및 후보 상권 1차 선별,신규 브랜드 점포의 미래 매출예측 또는 출점 확정 근거로 단독 사용 금지,통과한 미래 매출예측모델 없음
3110572,서강대역 1번,골목상권,2026Q2,2025Q3~2026Q2 실제 관측,301799134.85714287,59.14786967418546,관측 상권 50~75%,-23.094437904663344,전년동기 대비 감소,7.0,5.579804211838891,분기별 변동 보통,"서울 최신 점포 관측 상권 1,186개 중 최근 4분기 매출·점포가 모두 관측된 399개 상권",기존 제과점의 최근 4분기 총매출을 평균 점포 수로 나눈 실제 과거 매출환경,현재 시장규모 확인 및 후보 상권 1차 선별,신규 브랜드 점포의 미래 매출예측 또는 출점 확정 근거로 단독 사용 금지,통과한 미래 매출예측모델 없음
3130225,개봉중앙시장,전통시장,2026Q2,2025Q3~2026Q2 실제 관측,300577965.06666666,58.89724310776943,관측 상권 50~75%,-7.89821385958499,전년동기 수준 유지,3.75,18.484814189859346,분기별 변동 보통,"서울 최신 점포 관측 상권 1,186개 중 최근 4분기 매출·점포가 모두 관측된 399개 상권",기존 제과점의 최근 4분기 총매출을 평균 점포 수로 나눈 실제 과거 매출환경,현재 시장규모 확인 및 후보 상권 1차 선별,신규 브랜드 점포의 미래 매출예측 또는 출점 확정 근거로 단독 사용 금지,통과한 미래 매출예측모델 없음
3111053,성내천어린이공원(하니사랑길),골목상권,2026Q2,2025Q3~2026Q2 실제 관측,300039314.85714287,58.64661654135338,관측 상권 50~75%,-24.684559151827322,전년동기 대비 감소,3.5,19.140258074342537,분기별 변동 보통,"서울 최신 점포 관측 상권 1,186개 중 최근 4분기 매출·점포가 모두 관측된 399개 상권",기존 제과점의 최근 4분기 총매출을 평균 점포 수로 나눈 실제 과거 매출환경,현재 시장규모 확인 및 후보 상권 1차 선별,신규 브랜드 점포의 미래 매출예측 또는 출점 확정 근거로 단독 사용 금지,통과한 미래 매출예측모델 없음
3120005,삼청동,발달상권,2026Q2,2025Q3~2026Q2 실제 관측,299339004.8,58.39598997493734,관측 상권 50~75%,-22.747441245785826,전년동기 대비 감소,10.0,13.144485656840313,분기별 변동 보통,"서울 최신 점포 관측 상권 1,186개 중 최근 4분기 매출·점포가 모두 관측된 399개 상권",기존 제과점의 최근 4분기 총매출을 평균 점포 수로 나눈 실제 과거 매출환경,현재 시장규모 확인 및 후보 상권 1차 선별,신규 브랜드 점포의 미래 매출예측 또는 출점 확정 근거로 단독 사용 금지,통과한 미래 매출예측모델 없음
3110598,신월문화체육센터,골목상권,2026Q2,2025Q3~2026Q2 실제 관측,294831927.5555556,58.1453634085213,관측 상권 50~75%,-13.566297432278674,전년동기 대비 감소,2.25,18.53111482906251,분기별 변동 보통,"서울 최신 점포 관측 상권 1,186개 중 최근 4분기 매출·점포가 모두 관측된 399개 상권",기존 제과점의 최근 4분기 총매출을 평균 점포 수로 나눈 실제 과거 매출환경,현재 시장규모 확인 및 후보 상권 1차 선별,신규 브랜드 점포의 미래 매출예측 또는 출점 확정 근거로 단독 사용 금지,통과한 미래 매출예측모델 없음
3120197,역삼역,발달상권,2026Q2,2025Q3~2026Q2 실제 관측,279672450.1,57.89473684210527,관측 상권 50~75%,-19.21552783249315,전년동기 대비 감소,20.0,5.547756929591696,분기별 변동 보통,"서울 최신 점포 관측 상권 1,186개 중 최근 4분기 매출·점포가 모두 관측된 399개 상권",기존 제과점의 최근 4분기 총매출을 평균 점포 수로 나눈 실제 과거 매출환경,현재 시장규모 확인 및 후보 상권 1차 선별,신규 브랜드 점포의 미래 매출예측 또는 출점 확정 근거로 단독 사용 금지,통과한 미래 매출예측모델 없음
3110069,숙대입구,골목상권,2026Q2,2025Q3~2026Q2 실제 관측,278349631.4074074,57.64411027568922,관측 상권 50~75%,-12.493875425370593,전년동기 대비 감소,6.75,9.746219351788824,분기별 변동 보통,"서울 최신 점포 관측 상권 1,186개 중 최근 4분기 매출·점포가 모두 관측된 399개 상권",기존 제과점의 최근 4분기 총매출을 평균 점포 수로 나눈 실제 과거 매출환경,현재 시장규모 확인 및 후보 상권 1차 선별,신규 브랜드 점포의 미래 매출예측 또는 출점 확정 근거로 단독 사용 금지,통과한 미래 매출예측모델 없음
3120057,아차산역,발달상권,2026Q2,2025Q3~2026Q2 실제 관측,277568851.0,57.393483709273184,관측 상권 50~75%,8.759652683454334,전년동기 수준 유지,7.0,9.494731306295632,분기별 변동 보통,"서울 최신 점포 관측 상권 1,186개 중 최근 4분기 매출·점포가 모두 관측된 399개 상권",기존 제과점의 최근 4분기 총매출을 평균 점포 수로 나눈 실제 과거 매출환경,현재 시장규모 확인 및 후보 상권 1차 선별,신규 브랜드 점포의 미래 매출예측 또는 출점 확정 근거로 단독 사용 금지,통과한 미래 매출예측모델 없음
3120188,압구정역,발달상권,2026Q2,2025Q3~2026Q2 실제 관측,277392464.53061223,57.14285714285714,관측 상권 50~75%,-5.120739142460917,전년동기 수준 유지,24.5,4.753554398806041,분기별 변동 보통,"서울 최신 점포 관측 상권 1,186개 중 최근 4분기 매출·점포가 모두 관측된 399개 상권",기존 제과점의 최근 4분기 총매출을 평균 점포 수로 나눈 실제 과거 매출환경,현재 시장규모 확인 및 후보 상권 1차 선별,신규 브랜드 점포의 미래 매출예측 또는 출점 확정 근거로 단독 사용 금지,통과한 미래 매출예측모델 없음
3110810,영신초등학교,골목상권,2026Q2,2025Q3~2026Q2 실제 관측,275253271.6923077,56.89223057644111,관측 상권 50~75%,-34.6819281172739,전년동기 대비 감소,3.25,26.07153756878406,분기별 변동 주의,"서울 최신 점포 관측 상권 1,186개 중 최근 4분기 매출·점포가 모두 관측된 399개 상권",기존 제과점의 최근 4분기 총매출을 평균 점포 수로 나눈 실제 과거 매출환경,현재 시장규모 확인 및 후보 상권 1차 선별,신규 브랜드 점포의 미래 매출예측 또는 출점 확정 근거로 단독 사용 금지,통과한 미래 매출예측모델 없음
3120209,"강남구청(청담역_8번, 강남세무서)",발달상권,2026Q2,2025Q3~2026Q2 실제 관측,274207100.4444444,56.64160401002506,관측 상권 50~75%,-9.152167016628642,전년동기 수준 유지,6.75,13.539810107341259,분기별 변동 보통,"서울 최신 점포 관측 상권 1,186개 중 최근 4분기 매출·점포가 모두 관측된 399개 상권",기존 제과점의 최근 4분기 총매출을 평균 점포 수로 나눈 실제 과거 매출환경,현재 시장규모 확인 및 후보 상권 1차 선별,신규 브랜드 점포의 미래 매출예측 또는 출점 확정 근거로 단독 사용 금지,통과한 미래 매출예측모델 없음
3110450,시립서북병원,골목상권,2026Q2,2025Q3~2026Q2 실제 관측,272134892.0,56.390977443609025,관측 상권 50~75%,97.5467746391337,전년동기 대비 증가,3.0,8.546121712590548,분기별 변동 보통,"서울 최신 점포 관측 상권 1,186개 중 최근 4분기 매출·점포가 모두 관측된 399개 상권",기존 제과점의 최근 4분기 총매출을 평균 점포 수로 나눈 실제 과거 매출환경,현재 시장규모 확인 및 후보 상권 1차 선별,신규 브랜드 점포의 미래 매출예측 또는 출점 확정 근거로 단독 사용 금지,통과한 미래 매출예측모델 없음
3120101,합정역,발달상권,2026Q2,2025Q3~2026Q2 실제 관측,265749741.79104477,56.14035087719298,관측 상권 50~75%,8.936862146616043,전년동기 수준 유지,16.75,34.28501022097727,분기별 변동 주의,"서울 최신 점포 관측 상권 1,186개 중 최근 4분기 매출·점포가 모두 관측된 399개 상권",기존 제과점의 최근 4분기 총매출을 평균 점포 수로 나눈 실제 과거 매출환경,현재 시장규모 확인 및 후보 상권 1차 선별,신규 브랜드 점포의 미래 매출예측 또는 출점 확정 근거로 단독 사용 금지,통과한 미래 매출예측모델 없음
3110532,아현역 2번,골목상권,2026Q2,2025Q3~2026Q2 실제 관측,265534095.5,55.88972431077694,관측 상권 50~75%,9.861338742434466,전년동기 수준 유지,2.0,7.695312097720217,분기별 변동 보통,"서울 최신 점포 관측 상권 1,186개 중 최근 4분기 매출·점포가 모두 관측된 399개 상권",기존 제과점의 최근 4분기 총매출을 평균 점포 수로 나눈 실제 과거 매출환경,현재 시장규모 확인 및 후보 상권 1차 선별,신규 브랜드 점포의 미래 매출예측 또는 출점 확정 근거로 단독 사용 금지,통과한 미래 매출예측모델 없음
3120164,내방역,발달상권,2026Q2,2025Q3~2026Q2 실제 관측,264677553.5737705,55.639097744360896,관측 상권 50~75%,9.933469763440783,전년동기 수준 유지,15.25,9.466772957417797,분기별 변동 보통,"서울 최신 점포 관측 상권 1,186개 중 최근 4분기 매출·점포가 모두 관측된 399개 상권",기존 제과점의 최근 4분기 총매출을 평균 점포 수로 나눈 실제 과거 매출환경,현재 시장규모 확인 및 후보 상권 1차 선별,신규 브랜드 점포의 미래 매출예측 또는 출점 확정 근거로 단독 사용 금지,통과한 미래 매출예측모델 없음
3130150,창동골목시장,전통시장,2026Q2,2025Q3~2026Q2 실제 관측,262728810.54545453,55.388471177944865,관측 상권 50~75%,-6.885778779551199,전년동기 수준 유지,2.75,19.335334696853135,분기별 변동 보통,"서울 최신 점포 관측 상권 1,186개 중 최근 4분기 매출·점포가 모두 관측된 399개 상권",기존 제과점의 최근 4분기 총매출을 평균 점포 수로 나눈 실제 과거 매출환경,현재 시장규모 확인 및 후보 상권 1차 선별,신규 브랜드 점포의 미래 매출예측 또는 출점 확정 근거로 단독 사용 금지,통과한 미래 매출예측모델 없음
3110731,금천구청역 1번 출입구,골목상권,2026Q2,2025Q3~2026Q2 실제 관측,261421616.25,55.13784461152882,관측 상권 50~75%,-7.577527721359112,전년동기 수준 유지,4.0,6.513034360485833,분기별 변동 보통,"서울 최신 점포 관측 상권 1,186개 중 최근 4분기 매출·점포가 모두 관측된 399개 상권",기존 제과점의 최근 4분기 총매출을 평균 점포 수로 나눈 실제 과거 매출환경,현재 시장규모 확인 및 후보 상권 1차 선별,신규 브랜드 점포의 미래 매출예측 또는 출점 확정 근거로 단독 사용 금지,통과한 미래 매출예측모델 없음
3110308,길음역 8번,골목상권,2026Q2,2025Q3~2026Q2 실제 관측,260981590.5,54.88721804511278,관측 상권 50~75%,-0.38012948168163474,전년동기 수준 유지,4.0,4.8447879907915885,분기별 변동 보통,"서울 최신 점포 관측 상권 1,186개 중 최근 4분기 매출·점포가 모두 관측된 399개 상권",기존 제과점의 최근 4분기 총매출을 평균 점포 수로 나눈 실제 과거 매출환경,현재 시장규모 확인 및 후보 상권 1차 선별,신규 브랜드 점포의 미래 매출예측 또는 출점 확정 근거로 단독 사용 금지,통과한 미래 매출예측모델 없음
3110335,석계역 7번,골목상권,2026Q2,2025Q3~2026Q2 실제 관측,260537070.5,54.63659147869674,관측 상권 50~75%,,전년동기 수준 유지,2.0,4.821097611465877,분기별 변동 보통,"서울 최신 점포 관측 상권 1,186개 중 최근 4분기 매출·점포가 모두 관측된 399개 상권",기존 제과점의 최근 4분기 총매출을 평균 점포 수로 나눈 실제 과거 매출환경,현재 시장규모 확인 및 후보 상권 1차 선별,신규 브랜드 점포의 미래 매출예측 또는 출점 확정 근거로 단독 사용 금지,통과한 미래 매출예측모델 없음
3111078,굽은다리역 4번,골목상권,2026Q2,2025Q3~2026Q2 실제 관측,254805830.4,54.385964912280706,관측 상권 50~75%,24.23105833056285,전년동기 대비 증가,2.5,11.674679583029107,분기별 변동 보통,"서울 최신 점포 관측 상권 1,186개 중 최근 4분기 매출·점포가 모두 관측된 399개 상권",기존 제과점의 최근 4분기 총매출을 평균 점포 수로 나눈 실제 과거 매출환경,현재 시장규모 확인 및 후보 상권 1차 선별,신규 브랜드 점포의 미래 매출예측 또는 출점 확정 근거로 단독 사용 금지,통과한 미래 매출예측모델 없음
3130065,무학봉상점가,전통시장,2026Q2,2025Q3~2026Q2 실제 관측,253525371.15789473,54.13533834586466,관측 상권 50~75%,-10.129337103262737,전년동기 대비 감소,4.75,13.486016552052066,분기별 변동 보통,"서울 최신 점포 관측 상권 1,186개 중 최근 4분기 매출·점포가 모두 관측된 399개 상권",기존 제과점의 최근 4분기 총매출을 평균 점포 수로 나눈 실제 과거 매출환경,현재 시장규모 확인 및 후보 상권 1차 선별,신규 브랜드 점포의 미래 매출예측 또는 출점 확정 근거로 단독 사용 금지,통과한 미래 매출예측모델 없음
3120055,군자역,발달상권,2026Q2,2025Q3~2026Q2 실제 관측,253087014.14814815,53.88471177944862,관측 상권 50~75%,-4.811786261433704,전년동기 수준 유지,13.5,7.263464922275307,분기별 변동 보통,"서울 최신 점포 관측 상권 1,186개 중 최근 4분기 매출·점포가 모두 관측된 399개 상권",기존 제과점의 최근 4분기 총매출을 평균 점포 수로 나눈 실제 과거 매출환경,현재 시장규모 확인 및 후보 상권 1차 선별,신규 브랜드 점포의 미래 매출예측 또는 출점 확정 근거로 단독 사용 금지,통과한 미래 매출예측모델 없음
3110741,독산2동주민센터,골목상권,2026Q2,2025Q3~2026Q2 실제 관측,252367912.85714287,53.63408521303258,관측 상권 50~75%,18.899524730185725,전년동기 대비 증가,3.5,20.10679489758713,분기별 변동 보통,"서울 최신 점포 관측 상권 1,186개 중 최근 4분기 매출·점포가 모두 관측된 399개 상권",기존 제과점의 최근 4분기 총매출을 평균 점포 수로 나눈 실제 과거 매출환경,현재 시장규모 확인 및 후보 상권 1차 선별,신규 브랜드 점포의 미래 매출예측 또는 출점 확정 근거로 단독 사용 금지,통과한 미래 매출예측모델 없음
3120081,노원역,발달상권,2026Q2,2025Q3~2026Q2 실제 관측,251366095.14285713,53.383458646616546,관측 상권 50~75%,9.570057442906222,전년동기 수준 유지,24.5,4.943901054579581,분기별 변동 보통,"서울 최신 점포 관측 상권 1,186개 중 최근 4분기 매출·점포가 모두 관측된 399개 상권",기존 제과점의 최근 4분기 총매출을 평균 점포 수로 나눈 실제 과거 매출환경,현재 시장규모 확인 및 후보 상권 1차 선별,신규 브랜드 점포의 미래 매출예측 또는 출점 확정 근거로 단독 사용 금지,통과한 미래 매출예측모델 없음
3120194,언주역(차병원),발달상권,2026Q2,2025Q3~2026Q2 실제 관측,248737507.0,53.1328320802005,관측 상권 50~75%,-22.156814684392522,전년동기 대비 감소,4.0,22.131655734535112,분기별 변동 보통,"서울 최신 점포 관측 상권 1,186개 중 최근 4분기 매출·점포가 모두 관측된 399개 상권",기존 제과점의 최근 4분기 총매출을 평균 점포 수로 나눈 실제 과거 매출환경,현재 시장규모 확인 및 후보 상권 1차 선별,신규 브랜드 점포의 미래 매출예측 또는 출점 확정 근거로 단독 사용 금지,통과한 미래 매출예측모델 없음
3110010,평창동서측,골목상권,2026Q2,2025Q3~2026Q2 실제 관측,247121770.66666666,52.88220551378446,관측 상권 50~75%,-22.137869489571717,전년동기 대비 감소,3.0,13.613005424270193,분기별 변동 보통,"서울 최신 점포 관측 상권 1,186개 중 최근 4분기 매출·점포가 모두 관측된 399개 상권",기존 제과점의 최근 4분기 총매출을 평균 점포 수로 나눈 실제 과거 매출환경,현재 시장규모 확인 및 후보 상권 1차 선별,신규 브랜드 점포의 미래 매출예측 또는 출점 확정 근거로 단독 사용 금지,통과한 미래 매출예측모델 없음
3110064,효창공원앞역 2번,골목상권,2026Q2,2025Q3~2026Q2 실제 관측,244662147.4074074,52.63157894736842,관측 상권 50~75%,11.192962306035458,전년동기 대비 증가,6.75,26.23025284788945,분기별 변동 주의,"서울 최신 점포 관측 상권 1,186개 중 최근 4분기 매출·점포가 모두 관측된 399개 상권",기존 제과점의 최근 4분기 총매출을 평균 점포 수로 나눈 실제 과거 매출환경,현재 시장규모 확인 및 후보 상권 1차 선별,신규 브랜드 점포의 미래 매출예측 또는 출점 확정 근거로 단독 사용 금지,통과한 미래 매출예측모델 없음
3120211,도성초등학교,발달상권,2026Q2,2025Q3~2026Q2 실제 관측,243988123.8181818,52.38095238095239,관측 상권 50~75%,-9.956623828479827,전년동기 수준 유지,5.5,22.02572800698152,분기별 변동 보통,"서울 최신 점포 관측 상권 1,186개 중 최근 4분기 매출·점포가 모두 관측된 399개 상권",기존 제과점의 최근 4분기 총매출을 평균 점포 수로 나눈 실제 과거 매출환경,현재 시장규모 확인 및 후보 상권 1차 선별,신규 브랜드 점포의 미래 매출예측 또는 출점 확정 근거로 단독 사용 금지,통과한 미래 매출예측모델 없음
3120124,개봉동 현대아파트,발달상권,2026Q2,2025Q3~2026Q2 실제 관측,243892707.375,52.130325814536334,관측 상권 50~75%,-7.151833015102005,전년동기 수준 유지,8.0,10.433473602392324,분기별 변동 보통,"서울 최신 점포 관측 상권 1,186개 중 최근 4분기 매출·점포가 모두 관측된 399개 상권",기존 제과점의 최근 4분기 총매출을 평균 점포 수로 나눈 실제 과거 매출환경,현재 시장규모 확인 및 후보 상권 1차 선별,신규 브랜드 점포의 미래 매출예측 또는 출점 확정 근거로 단독 사용 금지,통과한 미래 매출예측모델 없음
3111021,방이역 4번,골목상권,2026Q2,2025Q3~2026Q2 실제 관측,241502833.4814815,51.8796992481203,관측 상권 50~75%,-0.1766354820695648,전년동기 수준 유지,6.75,9.156861035176311,분기별 변동 보통,"서울 최신 점포 관측 상권 1,186개 중 최근 4분기 매출·점포가 모두 관측된 399개 상권",기존 제과점의 최근 4분기 총매출을 평균 점포 수로 나눈 실제 과거 매출환경,현재 시장규모 확인 및 후보 상권 1차 선별,신규 브랜드 점포의 미래 매출예측 또는 출점 확정 근거로 단독 사용 금지,통과한 미래 매출예측모델 없음
3120162,방배동카페골목,발달상권,2026Q2,2025Q3~2026Q2 실제 관측,241452267.3846154,51.62907268170426,관측 상권 50~75%,-2.3969984293725877,전년동기 수준 유지,3.25,12.614351167250843,분기별 변동 보통,"서울 최신 점포 관측 상권 1,186개 중 최근 4분기 매출·점포가 모두 관측된 399개 상권",기존 제과점의 최근 4분기 총매출을 평균 점포 수로 나눈 실제 과거 매출환경,현재 시장규모 확인 및 후보 상권 1차 선별,신규 브랜드 점포의 미래 매출예측 또는 출점 확정 근거로 단독 사용 금지,통과한 미래 매출예측모델 없음
3120052,성수역,발달상권,2026Q2,2025Q3~2026Q2 실제 관측,238207758.47619048,51.37844611528822,관측 상권 50~75%,-45.14876685826009,전년동기 대비 감소,10.5,26.615632795157715,분기별 변동 주의,"서울 최신 점포 관측 상권 1,186개 중 최근 4분기 매출·점포가 모두 관측된 399개 상권",기존 제과점의 최근 4분기 총매출을 평균 점포 수로 나눈 실제 과거 매출환경,현재 시장규모 확인 및 후보 상권 1차 선별,신규 브랜드 점포의 미래 매출예측 또는 출점 확정 근거로 단독 사용 금지,통과한 미래 매출예측모델 없음
3111006,석촌고분역 1번,골목상권,2026Q2,2025Q3~2026Q2 실제 관측,237640133.0,51.127819548872175,관측 상권 50~75%,-16.85342428872254,전년동기 대비 감소,3.0,23.405123885521782,분기별 변동 보통,"서울 최신 점포 관측 상권 1,186개 중 최근 4분기 매출·점포가 모두 관측된 399개 상권",기존 제과점의 최근 4분기 총매출을 평균 점포 수로 나눈 실제 과거 매출환경,현재 시장규모 확인 및 후보 상권 1차 선별,신규 브랜드 점포의 미래 매출예측 또는 출점 확정 근거로 단독 사용 금지,통과한 미래 매출예측모델 없음
3120192,뱅뱅사거리,발달상권,2026Q2,2025Q3~2026Q2 실제 관측,234628892.83333334,50.877192982456144,관측 상권 50~75%,-10.875108832926127,전년동기 대비 감소,12.0,14.281169716617155,분기별 변동 보통,"서울 최신 점포 관측 상권 1,186개 중 최근 4분기 매출·점포가 모두 관측된 399개 상권",기존 제과점의 최근 4분기 총매출을 평균 점포 수로 나눈 실제 과거 매출환경,현재 시장규모 확인 및 후보 상권 1차 선별,신규 브랜드 점포의 미래 매출예측 또는 출점 확정 근거로 단독 사용 금지,통과한 미래 매출예측모델 없음
3120074,안암역,발달상권,2026Q2,2025Q3~2026Q2 실제 관측,233022830.33333334,50.6265664160401,관측 상권 50~75%,-37.706817408171176,전년동기 대비 감소,3.0,6.982503658167016,분기별 변동 보통,"서울 최신 점포 관측 상권 1,186개 중 최근 4분기 매출·점포가 모두 관측된 399개 상권",기존 제과점의 최근 4분기 총매출을 평균 점포 수로 나눈 실제 과거 매출환경,현재 시장규모 확인 및 후보 상권 1차 선별,신규 브랜드 점포의 미래 매출예측 또는 출점 확정 근거로 단독 사용 금지,통과한 미래 매출예측모델 없음
3120028,명동(명동거리),발달상권,2026Q2,2025Q3~2026Q2 실제 관측,227250125.5,50.37593984962406,관측 상권 50~75%,-5.615657045304889,전년동기 수준 유지,20.0,6.281226609364864,분기별 변동 보통,"서울 최신 점포 관측 상권 1,186개 중 최근 4분기 매출·점포가 모두 관측된 399개 상권",기존 제과점의 최근 4분기 총매출을 평균 점포 수로 나눈 실제 과거 매출환경,현재 시장규모 확인 및 후보 상권 1차 선별,신규 브랜드 점포의 미래 매출예측 또는 출점 확정 근거로 단독 사용 금지,통과한 미래 매출예측모델 없음
3120053,건대입구역(건대),발달상권,2026Q2,2025Q3~2026Q2 실제 관측,225633262.13793105,50.125313283208015,관측 상권 50~75%,-6.713433727591966,전년동기 수준 유지,14.5,12.68128150923163,분기별 변동 보통,"서울 최신 점포 관측 상권 1,186개 중 최근 4분기 매출·점포가 모두 관측된 399개 상권",기존 제과점의 최근 4분기 총매출을 평균 점포 수로 나눈 실제 과거 매출환경,현재 시장규모 확인 및 후보 상권 1차 선별,신규 브랜드 점포의 미래 매출예측 또는 출점 확정 근거로 단독 사용 금지,통과한 미래 매출예측모델 없음
3110278,망우본동주민센터,골목상권,2026Q2,2025Q3~2026Q2 실제 관측,224189615.57894737,49.87468671679198,관측 상권 25~50%,13.7882957827967,전년동기 대비 증가,4.75,7.2797227879138795,분기별 변동 보통,"서울 최신 점포 관측 상권 1,186개 중 최근 4분기 매출·점포가 모두 관측된 399개 상권",기존 제과점의 최근 4분기 총매출을 평균 점포 수로 나눈 실제 과거 매출환경,현재 시장규모 확인 및 후보 상권 1차 선별,신규 브랜드 점포의 미래 매출예측 또는 출점 확정 근거로 단독 사용 금지,통과한 미래 매출예측모델 없음
3110302,보문역 8번,골목상권,2026Q2,2025Q3~2026Q2 실제 관측,223153587.55555555,49.62406015037594,관측 상권 25~50%,33.51773451838953,전년동기 대비 증가,2.25,36.8656587136896,분기별 변동 주의,"서울 최신 점포 관측 상권 1,186개 중 최근 4분기 매출·점포가 모두 관측된 399개 상권",기존 제과점의 최근 4분기 총매출을 평균 점포 수로 나눈 실제 과거 매출환경,현재 시장규모 확인 및 후보 상권 1차 선별,신규 브랜드 점포의 미래 매출예측 또는 출점 확정 근거로 단독 사용 금지,통과한 미래 매출예측모델 없음
3120114,목동신시가지,발달상권,2026Q2,2025Q3~2026Q2 실제 관측,221767109.0909091,49.373433583959894,관측 상권 25~50%,47.57340885959702,전년동기 대비 증가,19.25,7.051907205734242,분기별 변동 보통,"서울 최신 점포 관측 상권 1,186개 중 최근 4분기 매출·점포가 모두 관측된 399개 상권",기존 제과점의 최근 4분기 총매출을 평균 점포 수로 나눈 실제 과거 매출환경,현재 시장규모 확인 및 후보 상권 1차 선별,신규 브랜드 점포의 미래 매출예측 또는 출점 확정 근거로 단독 사용 금지,통과한 미래 매출예측모델 없음
3110226,장안1동주민센터,골목상권,2026Q2,2025Q3~2026Q2 실제 관측,220707410.10526314,49.122807017543856,관측 상권 25~50%,-4.717627232256383,전년동기 수준 유지,4.75,12.51245753029912,분기별 변동 보통,"서울 최신 점포 관측 상권 1,186개 중 최근 4분기 매출·점포가 모두 관측된 399개 상권",기존 제과점의 최근 4분기 총매출을 평균 점포 수로 나눈 실제 과거 매출환경,현재 시장규모 확인 및 후보 상권 1차 선별,신규 브랜드 점포의 미래 매출예측 또는 출점 확정 근거로 단독 사용 금지,통과한 미래 매출예측모델 없음
3111031,장지동주민센터(한림연예예술고교),골목상권,2026Q2,2025Q3~2026Q2 실제 관측,220572064.0,48.87218045112782,관측 상권 25~50%,-0.6557630659226099,전년동기 수준 유지,4.75,13.734067642961223,분기별 변동 보통,"서울 최신 점포 관측 상권 1,186개 중 최근 4분기 매출·점포가 모두 관측된 399개 상권",기존 제과점의 최근 4분기 총매출을 평균 점포 수로 나눈 실제 과거 매출환경,현재 시장규모 확인 및 후보 상권 1차 선별,신규 브랜드 점포의 미래 매출예측 또는 출점 확정 근거로 단독 사용 금지,통과한 미래 매출예측모델 없음
3110378,송중동주민센터,골목상권,2026Q2,2025Q3~2026Q2 실제 관측,215140454.5,48.62155388471178,관측 상권 25~50%,40.05639761189048,전년동기 대비 증가,2.0,7.537784872768395,분기별 변동 보통,"서울 최신 점포 관측 상권 1,186개 중 최근 4분기 매출·점포가 모두 관측된 399개 상권",기존 제과점의 최근 4분기 총매출을 평균 점포 수로 나눈 실제 과거 매출환경,현재 시장규모 확인 및 후보 상권 1차 선별,신규 브랜드 점포의 미래 매출예측 또는 출점 확정 근거로 단독 사용 금지,통과한 미래 매출예측모델 없음
3120160,사당역(사당),발달상권,2026Q2,2025Q3~2026Q2 실제 관측,211301131.65,48.370927318295735,관측 상권 25~50%,23.204649653018183,전년동기 대비 증가,20.0,6.483383817341179,분기별 변동 보통,"서울 최신 점포 관측 상권 1,186개 중 최근 4분기 매출·점포가 모두 관측된 399개 상권",기존 제과점의 최근 4분기 총매출을 평균 점포 수로 나눈 실제 과거 매출환경,현재 시장규모 확인 및 후보 상권 1차 선별,신규 브랜드 점포의 미래 매출예측 또는 출점 확정 근거로 단독 사용 금지,통과한 미래 매출예측모델 없음
3130236,비단길현대시장(현대시장),전통시장,2026Q2,2025Q3~2026Q2 실제 관측,197525707.05882353,48.1203007518797,관측 상권 25~50%,-23.571563725524335,전년동기 대비 감소,4.25,11.114304675330246,분기별 변동 보통,"서울 최신 점포 관측 상권 1,186개 중 최근 4분기 매출·점포가 모두 관측된 399개 상권",기존 제과점의 최근 4분기 총매출을 평균 점포 수로 나눈 실제 과거 매출환경,현재 시장규모 확인 및 후보 상권 1차 선별,신규 브랜드 점포의 미래 매출예측 또는 출점 확정 근거로 단독 사용 금지,통과한 미래 매출예측모델 없음
3110407,도봉역 2번,골목상권,2026Q2,2025Q3~2026Q2 실제 관측,196665034.0,47.86967418546366,관측 상권 25~50%,2.349060811763981,전년동기 수준 유지,2.0,5.799418256295426,분기별 변동 보통,"서울 최신 점포 관측 상권 1,186개 중 최근 4분기 매출·점포가 모두 관측된 399개 상권",기존 제과점의 최근 4분기 총매출을 평균 점포 수로 나눈 실제 과거 매출환경,현재 시장규모 확인 및 후보 상권 1차 선별,신규 브랜드 점포의 미래 매출예측 또는 출점 확정 근거로 단독 사용 금지,통과한 미래 매출예측모델 없음
3120212,한티역,발달상권,2026Q2,2025Q3~2026Q2 실제 관측,196269896.57142857,47.61904761904761,관측 상권 25~50%,-9.497381666561855,전년동기 수준 유지,12.25,12.130579486476535,분기별 변동 보통,"서울 최신 점포 관측 상권 1,186개 중 최근 4분기 매출·점포가 모두 관측된 399개 상권",기존 제과점의 최근 4분기 총매출을 평균 점포 수로 나눈 실제 과거 매출환경,현재 시장규모 확인 및 후보 상권 1차 선별,신규 브랜드 점포의 미래 매출예측 또는 출점 확정 근거로 단독 사용 금지,통과한 미래 매출예측모델 없음
3110855,신대방역 2번,골목상권,2026Q2,2025Q3~2026Q2 실제 관측,194892826.0,47.368421052631575,관측 상권 25~50%,,전년동기 수준 유지,2.5,33.40457939915931,분기별 변동 주의,"서울 최신 점포 관측 상권 1,186개 중 최근 4분기 매출·점포가 모두 관측된 399개 상권",기존 제과점의 최근 4분기 총매출을 평균 점포 수로 나눈 실제 과거 매출환경,현재 시장규모 확인 및 후보 상권 1차 선별,신규 브랜드 점포의 미래 매출예측 또는 출점 확정 근거로 단독 사용 금지,통과한 미래 매출예측모델 없음
3110648,양천향교역 7번,골목상권,2026Q2,2025Q3~2026Q2 실제 관측,194531240.4,47.11779448621554,관측 상권 25~50%,-32.9480006495244,전년동기 대비 감소,5.0,32.03187288846968,분기별 변동 주의,"서울 최신 점포 관측 상권 1,186개 중 최근 4분기 매출·점포가 모두 관측된 399개 상권",기존 제과점의 최근 4분기 총매출을 평균 점포 수로 나눈 실제 과거 매출환경,현재 시장규모 확인 및 후보 상권 1차 선별,신규 브랜드 점포의 미래 매출예측 또는 출점 확정 근거로 단독 사용 금지,통과한 미래 매출예측모델 없음
3120122,강서구청,발달상권,2026Q2,2025Q3~2026Q2 실제 관측,192476400.33333334,46.8671679197995,관측 상권 25~50%,3.0148299556209457,전년동기 수준 유지,3.0,9.967975121257968,분기별 변동 보통,"서울 최신 점포 관측 상권 1,186개 중 최근 4분기 매출·점포가 모두 관측된 399개 상권",기존 제과점의 최근 4분기 총매출을 평균 점포 수로 나눈 실제 과거 매출환경,현재 시장규모 확인 및 후보 상권 1차 선별,신규 브랜드 점포의 미래 매출예측 또는 출점 확정 근거로 단독 사용 금지,통과한 미래 매출예측모델 없음
3130285,서원동상점가,전통시장,2026Q2,2025Q3~2026Q2 실제 관측,190017312.5,46.616541353383454,관측 상권 25~50%,1154.2767103990027,전년동기 대비 증가,4.0,38.6212825768134,분기별 변동 주의,"서울 최신 점포 관측 상권 1,186개 중 최근 4분기 매출·점포가 모두 관측된 399개 상권",기존 제과점의 최근 4분기 총매출을 평균 점포 수로 나눈 실제 과거 매출환경,현재 시장규모 확인 및 후보 상권 1차 선별,신규 브랜드 점포의 미래 매출예측 또는 출점 확정 근거로 단독 사용 금지,통과한 미래 매출예측모델 없음
3120046,이태원(이태원역),발달상권,2026Q2,2025Q3~2026Q2 실제 관측,189510014.82352942,46.365914786967416,관측 상권 25~50%,-9.414902588909547,전년동기 수준 유지,21.25,10.141318190507121,분기별 변동 보통,"서울 최신 점포 관측 상권 1,186개 중 최근 4분기 매출·점포가 모두 관측된 399개 상권",기존 제과점의 최근 4분기 총매출을 평균 점포 수로 나눈 실제 과거 매출환경,현재 시장규모 확인 및 후보 상권 1차 선별,신규 브랜드 점포의 미래 매출예측 또는 출점 확정 근거로 단독 사용 금지,통과한 미래 매출예측모델 없음
3120064,경희대학교(경희대),발달상권,2026Q2,2025Q3~2026Q2 실제 관측,185220437.1891892,46.11528822055138,관측 상권 25~50%,-9.641906741635143,전년동기 수준 유지,9.25,30.791352027708527,분기별 변동 주의,"서울 최신 점포 관측 상권 1,186개 중 최근 4분기 매출·점포가 모두 관측된 399개 상권",기존 제과점의 최근 4분기 총매출을 평균 점포 수로 나눈 실제 과거 매출환경,현재 시장규모 확인 및 후보 상권 1차 선별,신규 브랜드 점포의 미래 매출예측 또는 출점 확정 근거로 단독 사용 금지,통과한 미래 매출예측모델 없음
3110871,신원동주민센터,골목상권,2026Q2,2025Q3~2026Q2 실제 관측,184830160.8,45.86466165413533,관측 상권 25~50%,8.231706902410728,전년동기 수준 유지,3.75,15.8975909308048,분기별 변동 보통,"서울 최신 점포 관측 상권 1,186개 중 최근 4분기 매출·점포가 모두 관측된 399개 상권",기존 제과점의 최근 4분기 총매출을 평균 점포 수로 나눈 실제 과거 매출환경,현재 시장규모 확인 및 후보 상권 1차 선별,신규 브랜드 점포의 미래 매출예측 또는 출점 확정 근거로 단독 사용 금지,통과한 미래 매출예측모델 없음
3120086,태릉입구역,발달상권,2026Q2,2025Q3~2026Q2 실제 관측,184729010.66666666,45.614035087719294,관측 상권 25~50%,22.766108359431424,전년동기 대비 증가,3.0,4.565079251590848,분기별 변동 보통,"서울 최신 점포 관측 상권 1,186개 중 최근 4분기 매출·점포가 모두 관측된 399개 상권",기존 제과점의 최근 4분기 총매출을 평균 점포 수로 나눈 실제 과거 매출환경,현재 시장규모 확인 및 후보 상권 1차 선별,신규 브랜드 점포의 미래 매출예측 또는 출점 확정 근거로 단독 사용 금지,통과한 미래 매출예측모델 없음
3120103,홍대입구역(홍대),발달상권,2026Q2,2025Q3~2026Q2 실제 관측,184630402.272,45.363408521303256,관측 상권 25~50%,20.823761610022107,전년동기 대비 증가,31.25,4.0988190454648565,분기별 변동 보통,"서울 최신 점포 관측 상권 1,186개 중 최근 4분기 매출·점포가 모두 관측된 399개 상권",기존 제과점의 최근 4분기 총매출을 평균 점포 수로 나눈 실제 과거 매출환경,현재 시장규모 확인 및 후보 상권 1차 선별,신규 브랜드 점포의 미래 매출예측 또는 출점 확정 근거로 단독 사용 금지,통과한 미래 매출예측모델 없음
3120013,이화사거리,발달상권,2026Q2,2025Q3~2026Q2 실제 관측,179324568.2222222,45.11278195488722,관측 상권 25~50%,6.048104036249113,전년동기 수준 유지,4.5,8.71753574864799,분기별 변동 보통,"서울 최신 점포 관측 상권 1,186개 중 최근 4분기 매출·점포가 모두 관측된 399개 상권",기존 제과점의 최근 4분기 총매출을 평균 점포 수로 나눈 실제 과거 매출환경,현재 시장규모 확인 및 후보 상권 1차 선별,신규 브랜드 점포의 미래 매출예측 또는 출점 확정 근거로 단독 사용 금지,통과한 미래 매출예측모델 없음
3120131,가산디지털단지,발달상권,2026Q2,2025Q3~2026Q2 실제 관측,179233103.39534885,44.86215538847117,관측 상권 25~50%,-30.019910870648392,전년동기 대비 감소,21.5,28.68510290436254,분기별 변동 주의,"서울 최신 점포 관측 상권 1,186개 중 최근 4분기 매출·점포가 모두 관측된 399개 상권",기존 제과점의 최근 4분기 총매출을 평균 점포 수로 나눈 실제 과거 매출환경,현재 시장규모 확인 및 후보 상권 1차 선별,신규 브랜드 점포의 미래 매출예측 또는 출점 확정 근거로 단독 사용 금지,통과한 미래 매출예측모델 없음
3111030,방이역 2번,골목상권,2026Q2,2025Q3~2026Q2 실제 관측,177746430.0,44.611528822055135,관측 상권 25~50%,33.94392335472241,전년동기 대비 증가,3.5,14.379074810563695,분기별 변동 보통,"서울 최신 점포 관측 상권 1,186개 중 최근 4분기 매출·점포가 모두 관측된 399개 상권",기존 제과점의 최근 4분기 총매출을 평균 점포 수로 나눈 실제 과거 매출환경,현재 시장규모 확인 및 후보 상권 1차 선별,신규 브랜드 점포의 미래 매출예측 또는 출점 확정 근거로 단독 사용 금지,통과한 미래 매출예측모델 없음
3110524,연희세브란스병원,골목상권,2026Q2,2025Q3~2026Q2 실제 관측,176472816.0,44.3609022556391,관측 상권 25~50%,-2.5864300486287295,전년동기 수준 유지,3.0,4.6305522736217295,분기별 변동 보통,"서울 최신 점포 관측 상권 1,186개 중 최근 4분기 매출·점포가 모두 관측된 399개 상권",기존 제과점의 최근 4분기 총매출을 평균 점포 수로 나눈 실제 과거 매출환경,현재 시장규모 확인 및 후보 상권 1차 선별,신규 브랜드 점포의 미래 매출예측 또는 출점 확정 근거로 단독 사용 금지,통과한 미래 매출예측모델 없음
3110496,모래내우체국,골목상권,2026Q2,2025Q3~2026Q2 실제 관측,175763863.33333334,44.11027568922306,관측 상권 25~50%,-45.07159866200239,전년동기 대비 감소,3.0,26.371147649447,분기별 변동 주의,"서울 최신 점포 관측 상권 1,186개 중 최근 4분기 매출·점포가 모두 관측된 399개 상권",기존 제과점의 최근 4분기 총매출을 평균 점포 수로 나눈 실제 과거 매출환경,현재 시장규모 확인 및 후보 상권 1차 선별,신규 브랜드 점포의 미래 매출예측 또는 출점 확정 근거로 단독 사용 금지,통과한 미래 매출예측모델 없음
3110690,오류2동버들시장,골목상권,2026Q2,2025Q3~2026Q2 실제 관측,174845988.4,43.859649122807014,관측 상권 25~50%,1535.9279349585413,전년동기 대비 증가,5.0,7.085852118822405,분기별 변동 보통,"서울 최신 점포 관측 상권 1,186개 중 최근 4분기 매출·점포가 모두 관측된 399개 상권",기존 제과점의 최근 4분기 총매출을 평균 점포 수로 나눈 실제 과거 매출환경,현재 시장규모 확인 및 후보 상권 1차 선별,신규 브랜드 점포의 미래 매출예측 또는 출점 확정 근거로 단독 사용 금지,통과한 미래 매출예측모델 없음
3130260,신대방1동골목상권,전통시장,2026Q2,2025Q3~2026Q2 실제 관측,174483317.0,43.609022556390975,관측 상권 25~50%,,전년동기 수준 유지,2.0,42.34464587068765,분기별 변동 주의,"서울 최신 점포 관측 상권 1,186개 중 최근 4분기 매출·점포가 모두 관측된 399개 상권",기존 제과점의 최근 4분기 총매출을 평균 점포 수로 나눈 실제 과거 매출환경,현재 시장규모 확인 및 후보 상권 1차 선별,신규 브랜드 점포의 미래 매출예측 또는 출점 확정 근거로 단독 사용 금지,통과한 미래 매출예측모델 없음
3110003,세검정초등학교,골목상권,2026Q2,2025Q3~2026Q2 실제 관측,172570807.27272728,43.35839598997494,관측 상권 25~50%,8.124915599152494,전년동기 수준 유지,2.75,19.732565494180598,분기별 변동 보통,"서울 최신 점포 관측 상권 1,186개 중 최근 4분기 매출·점포가 모두 관측된 399개 상권",기존 제과점의 최근 4분기 총매출을 평균 점포 수로 나눈 실제 과거 매출환경,현재 시장규모 확인 및 후보 상권 1차 선별,신규 브랜드 점포의 미래 매출예측 또는 출점 확정 근거로 단독 사용 금지,통과한 미래 매출예측모델 없음
3120043,서울역,발달상권,2026Q2,2025Q3~2026Q2 실제 관측,170935205.18309858,43.10776942355889,관측 상권 25~50%,11.557030187332273,전년동기 대비 증가,17.75,10.53493023711386,분기별 변동 보통,"서울 최신 점포 관측 상권 1,186개 중 최근 4분기 매출·점포가 모두 관측된 399개 상권",기존 제과점의 최근 4분기 총매출을 평균 점포 수로 나눈 실제 과거 매출환경,현재 시장규모 확인 및 후보 상권 1차 선별,신규 브랜드 점포의 미래 매출예측 또는 출점 확정 근거로 단독 사용 금지,통과한 미래 매출예측모델 없음
3120136,영등포구청역,발달상권,2026Q2,2025Q3~2026Q2 실제 관측,169080171.7647059,42.857142857142854,관측 상권 25~50%,15.271228932315006,전년동기 대비 증가,8.5,6.615912544593086,분기별 변동 보통,"서울 최신 점포 관측 상권 1,186개 중 최근 4분기 매출·점포가 모두 관측된 399개 상권",기존 제과점의 최근 4분기 총매출을 평균 점포 수로 나눈 실제 과거 매출환경,현재 시장규모 확인 및 후보 상권 1차 선별,신규 브랜드 점포의 미래 매출예측 또는 출점 확정 근거로 단독 사용 금지,통과한 미래 매출예측모델 없음
3110272,신내1동주민센터,골목상권,2026Q2,2025Q3~2026Q2 실제 관측,168077622.33333334,42.606516290726816,관측 상권 25~50%,33.20356663345749,전년동기 대비 증가,3.0,7.456606646830473,분기별 변동 보통,"서울 최신 점포 관측 상권 1,186개 중 최근 4분기 매출·점포가 모두 관측된 399개 상권",기존 제과점의 최근 4분기 총매출을 평균 점포 수로 나눈 실제 과거 매출환경,현재 시장규모 확인 및 후보 상권 1차 선별,신규 브랜드 점포의 미래 매출예측 또는 출점 확정 근거로 단독 사용 금지,통과한 미래 매출예측모델 없음
3120091,본서부병원,발달상권,2026Q2,2025Q3~2026Q2 실제 관측,163784088.66666666,42.35588972431078,관측 상권 25~50%,-4.473254334734788,전년동기 수준 유지,3.0,5.819547628559858,분기별 변동 보통,"서울 최신 점포 관측 상권 1,186개 중 최근 4분기 매출·점포가 모두 관측된 399개 상권",기존 제과점의 최근 4분기 총매출을 평균 점포 수로 나눈 실제 과거 매출환경,현재 시장규모 확인 및 후보 상권 1차 선별,신규 브랜드 점포의 미래 매출예측 또는 출점 확정 근거로 단독 사용 금지,통과한 미래 매출예측모델 없음
3120094,"신촌역(신촌역, 신촌로터리)",발달상권,2026Q2,2025Q3~2026Q2 실제 관측,163285662.27586207,42.10526315789473,관측 상권 25~50%,12.027933048518769,전년동기 대비 증가,14.5,8.661903315295843,분기별 변동 보통,"서울 최신 점포 관측 상권 1,186개 중 최근 4분기 매출·점포가 모두 관측된 399개 상권",기존 제과점의 최근 4분기 총매출을 평균 점포 수로 나눈 실제 과거 매출환경,현재 시장규모 확인 및 후보 상권 1차 선별,신규 브랜드 점포의 미래 매출예측 또는 출점 확정 근거로 단독 사용 금지,통과한 미래 매출예측모델 없음
3120072,성신여대,발달상권,2026Q2,2025Q3~2026Q2 실제 관측,162454592.15384614,41.854636591478695,관측 상권 25~50%,1.355514543574543,전년동기 수준 유지,13.0,8.213724202125313,분기별 변동 보통,"서울 최신 점포 관측 상권 1,186개 중 최근 4분기 매출·점포가 모두 관측된 399개 상권",기존 제과점의 최근 4분기 총매출을 평균 점포 수로 나눈 실제 과거 매출환경,현재 시장규모 확인 및 후보 상권 1차 선별,신규 브랜드 점포의 미래 매출예측 또는 출점 확정 근거로 단독 사용 금지,통과한 미래 매출예측모델 없음
3110404,신창초등학교,골목상권,2026Q2,2025Q3~2026Q2 실제 관측,161680679.2,41.60401002506266,관측 상권 25~50%,-20.45225262832602,전년동기 대비 감소,2.5,20.825314807258586,분기별 변동 보통,"서울 최신 점포 관측 상권 1,186개 중 최근 4분기 매출·점포가 모두 관측된 399개 상권",기존 제과점의 최근 4분기 총매출을 평균 점포 수로 나눈 실제 과거 매출환경,현재 시장규모 확인 및 후보 상권 1차 선별,신규 브랜드 점포의 미래 매출예측 또는 출점 확정 근거로 단독 사용 금지,통과한 미래 매출예측모델 없음
3120178,신사역,발달상권,2026Q2,2025Q3~2026Q2 실제 관측,161465007.1111111,41.35338345864661,관측 상권 25~50%,35.909063638915306,전년동기 대비 증가,4.5,17.294487022249296,분기별 변동 보통,"서울 최신 점포 관측 상권 1,186개 중 최근 4분기 매출·점포가 모두 관측된 399개 상권",기존 제과점의 최근 4분기 총매출을 평균 점포 수로 나눈 실제 과거 매출환경,현재 시장규모 확인 및 후보 상권 1차 선별,신규 브랜드 점포의 미래 매출예측 또는 출점 확정 근거로 단독 사용 금지,통과한 미래 매출예측모델 없음
3120003,광화문역,발달상권,2026Q2,2025Q3~2026Q2 실제 관측,160010754.7222222,41.10275689223057,관측 상권 25~50%,-17.517878900130633,전년동기 대비 감소,18.0,4.072635913145179,분기별 변동 보통,"서울 최신 점포 관측 상권 1,186개 중 최근 4분기 매출·점포가 모두 관측된 399개 상권",기존 제과점의 최근 4분기 총매출을 평균 점포 수로 나눈 실제 과거 매출환경,현재 시장규모 확인 및 후보 상권 1차 선별,신규 브랜드 점포의 미래 매출예측 또는 출점 확정 근거로 단독 사용 금지,통과한 미래 매출예측모델 없음
3110836,상도역 5번,골목상권,2026Q2,2025Q3~2026Q2 실제 관측,159805359.68,40.852130325814535,관측 상권 25~50%,11.167941352316957,전년동기 대비 증가,6.25,9.910349279241819,분기별 변동 보통,"서울 최신 점포 관측 상권 1,186개 중 최근 4분기 매출·점포가 모두 관측된 399개 상권",기존 제과점의 최근 4분기 총매출을 평균 점포 수로 나눈 실제 과거 매출환경,현재 시장규모 확인 및 후보 상권 1차 선별,신규 브랜드 점포의 미래 매출예측 또는 출점 확정 근거로 단독 사용 금지,통과한 미래 매출예측모델 없음
3110481,불광역 7번,골목상권,2026Q2,2025Q3~2026Q2 실제 관측,158551534.8,40.6015037593985,관측 상권 25~50%,,전년동기 수준 유지,2.5,35.99709640325903,분기별 변동 주의,"서울 최신 점포 관측 상권 1,186개 중 최근 4분기 매출·점포가 모두 관측된 399개 상권",기존 제과점의 최근 4분기 총매출을 평균 점포 수로 나눈 실제 과거 매출환경,현재 시장규모 확인 및 후보 상권 1차 선별,신규 브랜드 점포의 미래 매출예측 또는 출점 확정 근거로 단독 사용 금지,통과한 미래 매출예측모델 없음
3001491,이태원 관광특구,관광특구,2026Q2,2025Q3~2026Q2 실제 관측,158498918.82142857,40.35087719298245,관측 상권 25~50%,-20.248169469721887,전년동기 대비 감소,28.0,14.135811417767506,분기별 변동 보통,"서울 최신 점포 관측 상권 1,186개 중 최근 4분기 매출·점포가 모두 관측된 399개 상권",기존 제과점의 최근 4분기 총매출을 평균 점포 수로 나눈 실제 과거 매출환경,현재 시장규모 확인 및 후보 상권 1차 선별,신규 브랜드 점포의 미래 매출예측 또는 출점 확정 근거로 단독 사용 금지,통과한 미래 매출예측모델 없음
3120009,종로3가역,발달상권,2026Q2,2025Q3~2026Q2 실제 관측,156996409.61038962,40.100250626566414,관측 상권 25~50%,-8.538620729107837,전년동기 수준 유지,19.25,6.925519787482643,분기별 변동 보통,"서울 최신 점포 관측 상권 1,186개 중 최근 4분기 매출·점포가 모두 관측된 399개 상권",기존 제과점의 최근 4분기 총매출을 평균 점포 수로 나눈 실제 과거 매출환경,현재 시장규모 확인 및 후보 상권 1차 선별,신규 브랜드 점포의 미래 매출예측 또는 출점 확정 근거로 단독 사용 금지,통과한 미래 매출예측모델 없음
3120105,상수역(홍대),발달상권,2026Q2,2025Q3~2026Q2 실제 관측,156797825.73333332,39.849624060150376,관측 상권 25~50%,23.223536678359725,전년동기 대비 증가,15.0,15.245563964407097,분기별 변동 보통,"서울 최신 점포 관측 상권 1,186개 중 최근 4분기 매출·점포가 모두 관측된 399개 상권",기존 제과점의 최근 4분기 총매출을 평균 점포 수로 나눈 실제 과거 매출환경,현재 시장규모 확인 및 후보 상권 1차 선별,신규 브랜드 점포의 미래 매출예측 또는 출점 확정 근거로 단독 사용 금지,통과한 미래 매출예측모델 없음
3130290,영림시장,전통시장,2026Q2,2025Q3~2026Q2 실제 관측,156111602.83333334,39.59899749373433,관측 상권 25~50%,65356.284796835746,전년동기 대비 증가,6.0,69.44683598787242,분기별 변동 큼,"서울 최신 점포 관측 상권 1,186개 중 최근 4분기 매출·점포가 모두 관측된 399개 상권",기존 제과점의 최근 4분기 총매출을 평균 점포 수로 나눈 실제 과거 매출환경,현재 시장규모 확인 및 후보 상권 1차 선별,신규 브랜드 점포의 미래 매출예측 또는 출점 확정 근거로 단독 사용 금지,통과한 미래 매출예측모델 없음
3110578,대흥역 2번,골목상권,2026Q2,2025Q3~2026Q2 실제 관측,155550938.21052632,39.34837092731829,관측 상권 25~50%,-20.571114117637347,전년동기 대비 감소,9.5,14.706117097208294,분기별 변동 보통,"서울 최신 점포 관측 상권 1,186개 중 최근 4분기 매출·점포가 모두 관측된 399개 상권",기존 제과점의 최근 4분기 총매출을 평균 점포 수로 나눈 실제 과거 매출환경,현재 시장규모 확인 및 후보 상권 1차 선별,신규 브랜드 점포의 미래 매출예측 또는 출점 확정 근거로 단독 사용 금지,통과한 미래 매출예측모델 없음
3120228,석촌역(석촌호수),발달상권,2026Q2,2025Q3~2026Q2 실제 관측,154884575.2,39.097744360902254,관측 상권 25~50%,5.258012233959053,전년동기 수준 유지,11.25,8.346259231748336,분기별 변동 보통,"서울 최신 점포 관측 상권 1,186개 중 최근 4분기 매출·점포가 모두 관측된 399개 상권",기존 제과점의 최근 4분기 총매출을 평균 점포 수로 나눈 실제 과거 매출환경,현재 시장규모 확인 및 후보 상권 1차 선별,신규 브랜드 점포의 미래 매출예측 또는 출점 확정 근거로 단독 사용 금지,통과한 미래 매출예측모델 없음
3120186,가로수길,발달상권,2026Q2,2025Q3~2026Q2 실제 관측,154817466.630137,38.847117794486216,관측 상권 25~50%,-21.558600039396115,전년동기 대비 감소,18.25,17.150596542741305,분기별 변동 보통,"서울 최신 점포 관측 상권 1,186개 중 최근 4분기 매출·점포가 모두 관측된 399개 상권",기존 제과점의 최근 4분기 총매출을 평균 점포 수로 나눈 실제 과거 매출환경,현재 시장규모 확인 및 후보 상권 1차 선별,신규 브랜드 점포의 미래 매출예측 또는 출점 확정 근거로 단독 사용 금지,통과한 미래 매출예측모델 없음
3110785,영등포푸르지오아파트,골목상권,2026Q2,2025Q3~2026Q2 실제 관측,154257217.0,38.59649122807017,관측 상권 25~50%,2.7325834074293454,전년동기 수준 유지,3.0,6.121600047155389,분기별 변동 보통,"서울 최신 점포 관측 상권 1,186개 중 최근 4분기 매출·점포가 모두 관측된 399개 상권",기존 제과점의 최근 4분기 총매출을 평균 점포 수로 나눈 실제 과거 매출환경,현재 시장규모 확인 및 후보 상권 1차 선별,신규 브랜드 점포의 미래 매출예측 또는 출점 확정 근거로 단독 사용 금지,통과한 미래 매출예측모델 없음
3120206,개나리아파트,발달상권,2026Q2,2025Q3~2026Q2 실제 관측,153929778.66666666,38.34586466165413,관측 상권 25~50%,-33.832798725201116,전년동기 대비 감소,3.0,5.181160159885301,분기별 변동 보통,"서울 최신 점포 관측 상권 1,186개 중 최근 4분기 매출·점포가 모두 관측된 399개 상권",기존 제과점의 최근 4분기 총매출을 평균 점포 수로 나눈 실제 과거 매출환경,현재 시장규모 확인 및 후보 상권 1차 선별,신규 브랜드 점포의 미래 매출예측 또는 출점 확정 근거로 단독 사용 금지,통과한 미래 매출예측모델 없음
3001493,동대문패션타운 관광특구,관광특구,2026Q2,2025Q3~2026Q2 실제 관측,149358616.09756097,38.095238095238095,관측 상권 25~50%,34.00258229675903,전년동기 대비 증가,10.25,10.41880621741861,분기별 변동 보통,"서울 최신 점포 관측 상권 1,186개 중 최근 4분기 매출·점포가 모두 관측된 399개 상권",기존 제과점의 최근 4분기 총매출을 평균 점포 수로 나눈 실제 과거 매출환경,현재 시장규모 확인 및 후보 상권 1차 선별,신규 브랜드 점포의 미래 매출예측 또는 출점 확정 근거로 단독 사용 금지,통과한 미래 매출예측모델 없음
3110458,선일여고,골목상권,2026Q2,2025Q3~2026Q2 실제 관측,149028433.33333334,37.84461152882205,관측 상권 25~50%,-3.394858478853835,전년동기 수준 유지,3.75,15.48009035972231,분기별 변동 보통,"서울 최신 점포 관측 상권 1,186개 중 최근 4분기 매출·점포가 모두 관측된 399개 상권",기존 제과점의 최근 4분기 총매출을 평균 점포 수로 나눈 실제 과거 매출환경,현재 시장규모 확인 및 후보 상권 1차 선별,신규 브랜드 점포의 미래 매출예측 또는 출점 확정 근거로 단독 사용 금지,통과한 미래 매출예측모델 없음
3110576,대흥역 3번,골목상권,2026Q2,2025Q3~2026Q2 실제 관측,147424074.5,37.59398496240601,관측 상권 25~50%,95.88637161268862,전년동기 대비 증가,4.0,36.51165303660203,분기별 변동 주의,"서울 최신 점포 관측 상권 1,186개 중 최근 4분기 매출·점포가 모두 관측된 399개 상권",기존 제과점의 최근 4분기 총매출을 평균 점포 수로 나눈 실제 과거 매출환경,현재 시장규모 확인 및 후보 상권 1차 선별,신규 브랜드 점포의 미래 매출예측 또는 출점 확정 근거로 단독 사용 금지,통과한 미래 매출예측모델 없음
3120184,포이사거리(삼호물산),발달상권,2026Q2,2025Q3~2026Q2 실제 관측,146176767.66666666,37.34335839598997,관측 상권 25~50%,-2.297684115751586,전년동기 수준 유지,9.0,13.903218552728392,분기별 변동 보통,"서울 최신 점포 관측 상권 1,186개 중 최근 4분기 매출·점포가 모두 관측된 399개 상권",기존 제과점의 최근 4분기 총매출을 평균 점포 수로 나눈 실제 과거 매출환경,현재 시장규모 확인 및 후보 상권 1차 선별,신규 브랜드 점포의 미래 매출예측 또는 출점 확정 근거로 단독 사용 금지,통과한 미래 매출예측모델 없음
3130311,새마을시장,전통시장,2026Q2,2025Q3~2026Q2 실제 관측,145927555.83333334,37.092731829573935,관측 상권 25~50%,-61.6193474649593,전년동기 대비 감소,12.0,83.21163707761899,분기별 변동 큼,"서울 최신 점포 관측 상권 1,186개 중 최근 4분기 매출·점포가 모두 관측된 399개 상권",기존 제과점의 최근 4분기 총매출을 평균 점포 수로 나눈 실제 과거 매출환경,현재 시장규모 확인 및 후보 상권 1차 선별,신규 브랜드 점포의 미래 매출예측 또는 출점 확정 근거로 단독 사용 금지,통과한 미래 매출예측모델 없음
3120182,"양재시민의숲역(양재동꽃시장, aT센터)",발달상권,2026Q2,2025Q3~2026Q2 실제 관측,145737848.6,36.84210526315789,관측 상권 25~50%,17.275833057165624,전년동기 대비 증가,5.0,7.863537241172505,분기별 변동 보통,"서울 최신 점포 관측 상권 1,186개 중 최근 4분기 매출·점포가 모두 관측된 399개 상권",기존 제과점의 최근 4분기 총매출을 평균 점포 수로 나눈 실제 과거 매출환경,현재 시장규모 확인 및 후보 상권 1차 선별,신규 브랜드 점포의 미래 매출예측 또는 출점 확정 근거로 단독 사용 금지,통과한 미래 매출예측모델 없음
3130060,신흥시장,전통시장,2026Q2,2025Q3~2026Q2 실제 관측,141031217.57142857,36.59147869674185,관측 상권 25~50%,47.542232961873985,전년동기 대비 증가,7.0,15.308778991383203,분기별 변동 보통,"서울 최신 점포 관측 상권 1,186개 중 최근 4분기 매출·점포가 모두 관측된 399개 상권",기존 제과점의 최근 4분기 총매출을 평균 점포 수로 나눈 실제 과거 매출환경,현재 시장규모 확인 및 후보 상권 1차 선별,신규 브랜드 점포의 미래 매출예측 또는 출점 확정 근거로 단독 사용 금지,통과한 미래 매출예측모델 없음
3120002,서촌(경복궁역),발달상권,2026Q2,2025Q3~2026Q2 실제 관측,139539527.65432099,36.340852130325814,관측 상권 25~50%,-16.26480267818282,전년동기 대비 감소,20.25,13.471425017186112,분기별 변동 보통,"서울 최신 점포 관측 상권 1,186개 중 최근 4분기 매출·점포가 모두 관측된 399개 상권",기존 제과점의 최근 4분기 총매출을 평균 점포 수로 나눈 실제 과거 매출환경,현재 시장규모 확인 및 후보 상권 1차 선별,신규 브랜드 점포의 미래 매출예측 또는 출점 확정 근거로 단독 사용 금지,통과한 미래 매출예측모델 없음
3120234,가락시장역,발달상권,2026Q2,2025Q3~2026Q2 실제 관측,138623504.75,36.09022556390977,관측 상권 25~50%,-7.470740919226193,전년동기 수준 유지,4.0,8.328471887170247,분기별 변동 보통,"서울 최신 점포 관측 상권 1,186개 중 최근 4분기 매출·점포가 모두 관측된 399개 상권",기존 제과점의 최근 4분기 총매출을 평균 점포 수로 나눈 실제 과거 매출환경,현재 시장규모 확인 및 후보 상권 1차 선별,신규 브랜드 점포의 미래 매출예측 또는 출점 확정 근거로 단독 사용 금지,통과한 미래 매출예측모델 없음
3110396,쌍문역1번(쌍리단길),골목상권,2026Q2,2025Q3~2026Q2 실제 관측,138155001.2,35.83959899749373,관측 상권 25~50%,-4.547499560009561,전년동기 수준 유지,5.0,19.41134092822695,분기별 변동 보통,"서울 최신 점포 관측 상권 1,186개 중 최근 4분기 매출·점포가 모두 관측된 399개 상권",기존 제과점의 최근 4분기 총매출을 평균 점포 수로 나눈 실제 과거 매출환경,현재 시장규모 확인 및 후보 상권 1차 선별,신규 브랜드 점포의 미래 매출예측 또는 출점 확정 근거로 단독 사용 금지,통과한 미래 매출예측모델 없음
3130190,홍대소상공인상점가,전통시장,2026Q2,2025Q3~2026Q2 실제 관측,137076419.63636363,35.58897243107769,관측 상권 25~50%,79.59800058910366,전년동기 대비 증가,2.75,28.706981090958728,분기별 변동 주의,"서울 최신 점포 관측 상권 1,186개 중 최근 4분기 매출·점포가 모두 관측된 399개 상권",기존 제과점의 최근 4분기 총매출을 평균 점포 수로 나눈 실제 과거 매출환경,현재 시장규모 확인 및 후보 상권 1차 선별,신규 브랜드 점포의 미래 매출예측 또는 출점 확정 근거로 단독 사용 금지,통과한 미래 매출예측모델 없음
3110102,옥수역 6번,골목상권,2026Q2,2025Q3~2026Q2 실제 관측,135461450.0,35.338345864661655,관측 상권 25~50%,-23.598977548006893,전년동기 대비 감소,1.0,4.585302250540951,분기별 변동 보통,"서울 최신 점포 관측 상권 1,186개 중 최근 4분기 매출·점포가 모두 관측된 399개 상권",기존 제과점의 최근 4분기 총매출을 평균 점포 수로 나눈 실제 과거 매출환경,현재 시장규모 확인 및 후보 상권 1차 선별,신규 브랜드 점포의 미래 매출예측 또는 출점 확정 근거로 단독 사용 금지,통과한 미래 매출예측모델 없음
3110873,당곡중학교,골목상권,2026Q2,2025Q3~2026Q2 실제 관측,134954318.0,35.08771929824561,관측 상권 25~50%,-9.436915779338007,전년동기 수준 유지,5.5,15.86427571904505,분기별 변동 보통,"서울 최신 점포 관측 상권 1,186개 중 최근 4분기 매출·점포가 모두 관측된 399개 상권",기존 제과점의 최근 4분기 총매출을 평균 점포 수로 나눈 실제 과거 매출환경,현재 시장규모 확인 및 후보 상권 1차 선별,신규 브랜드 점포의 미래 매출예측 또는 출점 확정 근거로 단독 사용 금지,통과한 미래 매출예측모델 없음
3110419,수락산디자인거리,골목상권,2026Q2,2025Q3~2026Q2 실제 관측,133270661.27272727,34.83709273182957,관측 상권 25~50%,27.48145129716637,전년동기 대비 증가,5.5,27.653833745838913,분기별 변동 주의,"서울 최신 점포 관측 상권 1,186개 중 최근 4분기 매출·점포가 모두 관측된 399개 상권",기존 제과점의 최근 4분기 총매출을 평균 점포 수로 나눈 실제 과거 매출환경,현재 시장규모 확인 및 후보 상권 1차 선별,신규 브랜드 점포의 미래 매출예측 또는 출점 확정 근거로 단독 사용 금지,통과한 미래 매출예측모델 없음
3110489,불광역 3번,골목상권,2026Q2,2025Q3~2026Q2 실제 관측,133257397.25,34.58646616541353,관측 상권 25~50%,32.457458839998885,전년동기 대비 증가,4.0,12.926391981579728,분기별 변동 보통,"서울 최신 점포 관측 상권 1,186개 중 최근 4분기 매출·점포가 모두 관측된 399개 상권",기존 제과점의 최근 4분기 총매출을 평균 점포 수로 나눈 실제 과거 매출환경,현재 시장규모 확인 및 후보 상권 1차 선별,신규 브랜드 점포의 미래 매출예측 또는 출점 확정 근거로 단독 사용 금지,통과한 미래 매출예측모델 없음
3130070,뚝섬역상점가,전통시장,2026Q2,2025Q3~2026Q2 실제 관측,133038863.52941176,34.335839598997495,관측 상권 25~50%,29.288710034599763,전년동기 대비 증가,4.25,14.262771992520575,분기별 변동 보통,"서울 최신 점포 관측 상권 1,186개 중 최근 4분기 매출·점포가 모두 관측된 399개 상권",기존 제과점의 최근 4분기 총매출을 평균 점포 수로 나눈 실제 과거 매출환경,현재 시장규모 확인 및 후보 상권 1차 선별,신규 브랜드 점포의 미래 매출예측 또는 출점 확정 근거로 단독 사용 금지,통과한 미래 매출예측모델 없음
3130119,정릉아리랑시장,전통시장,2026Q2,2025Q3~2026Q2 실제 관측,130561885.5,34.08521303258145,관측 상권 25~50%,-8.288032354433927,전년동기 수준 유지,2.0,14.642754583634765,분기별 변동 보통,"서울 최신 점포 관측 상권 1,186개 중 최근 4분기 매출·점포가 모두 관측된 399개 상권",기존 제과점의 최근 4분기 총매출을 평균 점포 수로 나눈 실제 과거 매출환경,현재 시장규모 확인 및 후보 상권 1차 선별,신규 브랜드 점포의 미래 매출예측 또는 출점 확정 근거로 단독 사용 금지,통과한 미래 매출예측모델 없음
3130221,"남부골목시장(남부화곡시장, 남부시장)",전통시장,2026Q2,2025Q3~2026Q2 실제 관측,130549946.54545455,33.83458646616541,관측 상권 25~50%,8.770847493623336,전년동기 수준 유지,2.75,20.899840995411285,분기별 변동 보통,"서울 최신 점포 관측 상권 1,186개 중 최근 4분기 매출·점포가 모두 관측된 399개 상권",기존 제과점의 최근 4분기 총매출을 평균 점포 수로 나눈 실제 과거 매출환경,현재 시장규모 확인 및 후보 상권 1차 선별,신규 브랜드 점포의 미래 매출예측 또는 출점 확정 근거로 단독 사용 금지,통과한 미래 매출예측모델 없음
3120012,대학로(혜화역),발달상권,2026Q2,2025Q3~2026Q2 실제 관측,130247213.88571429,33.583959899749374,관측 상권 25~50%,-19.778021640646905,전년동기 대비 감소,17.5,3.9613851684996697,분기별 변동 보통,"서울 최신 점포 관측 상권 1,186개 중 최근 4분기 매출·점포가 모두 관측된 399개 상권",기존 제과점의 최근 4분기 총매출을 평균 점포 수로 나눈 실제 과거 매출환경,현재 시장규모 확인 및 후보 상권 1차 선별,신규 브랜드 점포의 미래 매출예측 또는 출점 확정 근거로 단독 사용 금지,통과한 미래 매출예측모델 없음
3130167,연신내상점가(연빛거리),전통시장,2026Q2,2025Q3~2026Q2 실제 관측,129935830.94736843,33.33333333333333,관측 상권 25~50%,37.25625997715707,전년동기 대비 증가,4.75,23.336197319684466,분기별 변동 보통,"서울 최신 점포 관측 상권 1,186개 중 최근 4분기 매출·점포가 모두 관측된 399개 상권",기존 제과점의 최근 4분기 총매출을 평균 점포 수로 나눈 실제 과거 매출환경,현재 시장규모 확인 및 후보 상권 1차 선별,신규 브랜드 점포의 미래 매출예측 또는 출점 확정 근거로 단독 사용 금지,통과한 미래 매출예측모델 없음
3120031,을지로3가역,발달상권,2026Q2,2025Q3~2026Q2 실제 관측,129372599.18181819,33.08270676691729,관측 상권 25~50%,-23.59426031356514,전년동기 대비 감소,11.0,62.108249159907125,분기별 변동 큼,"서울 최신 점포 관측 상권 1,186개 중 최근 4분기 매출·점포가 모두 관측된 399개 상권",기존 제과점의 최근 4분기 총매출을 평균 점포 수로 나눈 실제 과거 매출환경,현재 시장규모 확인 및 후보 상권 1차 선별,신규 브랜드 점포의 미래 매출예측 또는 출점 확정 근거로 단독 사용 금지,통과한 미래 매출예측모델 없음
3110053,청구역 1번,골목상권,2026Q2,2025Q3~2026Q2 실제 관측,128607134.57142857,32.83208020050125,관측 상권 25~50%,-19.92133869999292,전년동기 대비 감소,3.5,20.832118948717284,분기별 변동 보통,"서울 최신 점포 관측 상권 1,186개 중 최근 4분기 매출·점포가 모두 관측된 399개 상권",기존 제과점의 최근 4분기 총매출을 평균 점포 수로 나눈 실제 과거 매출환경,현재 시장규모 확인 및 후보 상권 1차 선별,신규 브랜드 점포의 미래 매출예측 또는 출점 확정 근거로 단독 사용 금지,통과한 미래 매출예측모델 없음
3130171,불광먹자골목 골목형상점가,전통시장,2026Q2,2025Q3~2026Q2 실제 관측,128411807.0,32.581453634085214,관측 상권 25~50%,-3.8636236956822056,전년동기 수준 유지,3.0,8.377749363478845,분기별 변동 보통,"서울 최신 점포 관측 상권 1,186개 중 최근 4분기 매출·점포가 모두 관측된 399개 상권",기존 제과점의 최근 4분기 총매출을 평균 점포 수로 나눈 실제 과거 매출환경,현재 시장규모 확인 및 후보 상권 1차 선별,신규 브랜드 점포의 미래 매출예측 또는 출점 확정 근거로 단독 사용 금지,통과한 미래 매출예측모델 없음
3120190,강남을지병원,발달상권,2026Q2,2025Q3~2026Q2 실제 관측,128257686.83333333,32.33082706766917,관측 상권 25~50%,-29.712611554738157,전년동기 대비 감소,6.0,9.634446701569116,분기별 변동 보통,"서울 최신 점포 관측 상권 1,186개 중 최근 4분기 매출·점포가 모두 관측된 399개 상권",기존 제과점의 최근 4분기 총매출을 평균 점포 수로 나눈 실제 과거 매출환경,현재 시장규모 확인 및 후보 상권 1차 선별,신규 브랜드 점포의 미래 매출예측 또는 출점 확정 근거로 단독 사용 금지,통과한 미래 매출예측모델 없음
3110912,방배동사이길,골목상권,2026Q2,2025Q3~2026Q2 실제 관측,127856706.44444445,32.08020050125313,관측 상권 25~50%,24.22649774486001,전년동기 대비 증가,4.5,17.789287249587744,분기별 변동 보통,"서울 최신 점포 관측 상권 1,186개 중 최근 4분기 매출·점포가 모두 관측된 399개 상권",기존 제과점의 최근 4분기 총매출을 평균 점포 수로 나눈 실제 과거 매출환경,현재 시장규모 확인 및 후보 상권 1차 선별,신규 브랜드 점포의 미래 매출예측 또는 출점 확정 근거로 단독 사용 금지,통과한 미래 매출예측모델 없음
3111067,강동구립성내도서관,골목상권,2026Q2,2025Q3~2026Q2 실제 관측,126730068.71428572,31.82957393483709,관측 상권 25~50%,7.507485844871531,전년동기 수준 유지,7.0,5.278588769709905,분기별 변동 보통,"서울 최신 점포 관측 상권 1,186개 중 최근 4분기 매출·점포가 모두 관측된 399개 상권",기존 제과점의 최근 4분기 총매출을 평균 점포 수로 나눈 실제 과거 매출환경,현재 시장규모 확인 및 후보 상권 1차 선별,신규 브랜드 점포의 미래 매출예측 또는 출점 확정 근거로 단독 사용 금지,통과한 미래 매출예측모델 없음
3130024,남대문시장(자유상가),전통시장,2026Q2,2025Q3~2026Q2 실제 관측,124921266.66666667,31.57894736842105,관측 상권 25~50%,-39.00166080200954,전년동기 대비 감소,3.75,59.55190754767843,분기별 변동 큼,"서울 최신 점포 관측 상권 1,186개 중 최근 4분기 매출·점포가 모두 관측된 399개 상권",기존 제과점의 최근 4분기 총매출을 평균 점포 수로 나눈 실제 과거 매출환경,현재 시장규모 확인 및 후보 상권 1차 선별,신규 브랜드 점포의 미래 매출예측 또는 출점 확정 근거로 단독 사용 금지,통과한 미래 매출예측모델 없음
3120029,을지로2가,발달상권,2026Q2,2025Q3~2026Q2 실제 관측,123310807.0,31.32832080200501,관측 상권 25~50%,-4.335749281413981,전년동기 수준 유지,2.0,11.704134479454922,분기별 변동 보통,"서울 최신 점포 관측 상권 1,186개 중 최근 4분기 매출·점포가 모두 관측된 399개 상권",기존 제과점의 최근 4분기 총매출을 평균 점포 수로 나눈 실제 과거 매출환경,현재 시장규모 확인 및 후보 상권 1차 선별,신규 브랜드 점포의 미래 매출예측 또는 출점 확정 근거로 단독 사용 금지,통과한 미래 매출예측모델 없음
3130195,도화동 상점가,전통시장,2026Q2,2025Q3~2026Q2 실제 관측,118924741.6,31.07769423558897,관측 상권 25~50%,31.934798283419653,전년동기 대비 증가,5.0,5.434719468133647,분기별 변동 보통,"서울 최신 점포 관측 상권 1,186개 중 최근 4분기 매출·점포가 모두 관측된 399개 상권",기존 제과점의 최근 4분기 총매출을 평균 점포 수로 나눈 실제 과거 매출환경,현재 시장규모 확인 및 후보 상권 1차 선별,신규 브랜드 점포의 미래 매출예측 또는 출점 확정 근거로 단독 사용 금지,통과한 미래 매출예측모델 없음
3110625,신정2동주민센터,골목상권,2026Q2,2025Q3~2026Q2 실제 관측,117359911.66666667,30.82706766917293,관측 상권 25~50%,24.868252796987033,전년동기 대비 증가,6.0,7.627123920314851,분기별 변동 보통,"서울 최신 점포 관측 상권 1,186개 중 최근 4분기 매출·점포가 모두 관측된 399개 상권",기존 제과점의 최근 4분기 총매출을 평균 점포 수로 나눈 실제 과거 매출환경,현재 시장규모 확인 및 후보 상권 1차 선별,신규 브랜드 점포의 미래 매출예측 또는 출점 확정 근거로 단독 사용 금지,통과한 미래 매출예측모델 없음
3110659,화곡역 4번,골목상권,2026Q2,2025Q3~2026Q2 실제 관측,114808670.13333334,30.576441102756892,관측 상권 25~50%,-16.003292061360707,전년동기 대비 감소,3.75,24.329367074867807,분기별 변동 보통,"서울 최신 점포 관측 상권 1,186개 중 최근 4분기 매출·점포가 모두 관측된 399개 상권",기존 제과점의 최근 4분기 총매출을 평균 점포 수로 나눈 실제 과거 매출환경,현재 시장규모 확인 및 후보 상권 1차 선별,신규 브랜드 점포의 미래 매출예측 또는 출점 확정 근거로 단독 사용 금지,통과한 미래 매출예측모델 없음
3130159,공릉동 도깨비시장,전통시장,2026Q2,2025Q3~2026Q2 실제 관측,114376731.33333333,30.32581453634085,관측 상권 25~50%,20.497573753184838,전년동기 대비 증가,6.0,4.012581477186008,분기별 변동 보통,"서울 최신 점포 관측 상권 1,186개 중 최근 4분기 매출·점포가 모두 관측된 399개 상권",기존 제과점의 최근 4분기 총매출을 평균 점포 수로 나눈 실제 과거 매출환경,현재 시장규모 확인 및 후보 상권 1차 선별,신규 브랜드 점포의 미래 매출예측 또는 출점 확정 근거로 단독 사용 금지,통과한 미래 매출예측모델 없음
3120063,청량리역(청량리),발달상권,2026Q2,2025Q3~2026Q2 실제 관측,113434170.15384616,30.075187969924812,관측 상권 25~50%,-5.95353541718916,전년동기 수준 유지,9.75,4.416051299010816,분기별 변동 보통,"서울 최신 점포 관측 상권 1,186개 중 최근 4분기 매출·점포가 모두 관측된 399개 상권",기존 제과점의 최근 4분기 총매출을 평균 점포 수로 나눈 실제 과거 매출환경,현재 시장규모 확인 및 후보 상권 1차 선별,신규 브랜드 점포의 미래 매출예측 또는 출점 확정 근거로 단독 사용 금지,통과한 미래 매출예측모델 없음
3110762,선유도역 1번,골목상권,2026Q2,2025Q3~2026Q2 실제 관측,112448847.86206897,29.82456140350877,관측 상권 25~50%,15.69223320278268,전년동기 대비 증가,7.25,15.798236367524272,분기별 변동 보통,"서울 최신 점포 관측 상권 1,186개 중 최근 4분기 매출·점포가 모두 관측된 399개 상권",기존 제과점의 최근 4분기 총매출을 평균 점포 수로 나눈 실제 과거 매출환경,현재 시장규모 확인 및 후보 상권 1차 선별,신규 브랜드 점포의 미래 매출예측 또는 출점 확정 근거로 단독 사용 금지,통과한 미래 매출예측모델 없음
3130279,관악신사시장,전통시장,2026Q2,2025Q3~2026Q2 실제 관측,112040420.72727273,29.57393483709273,관측 상권 25~50%,51.99641135140263,전년동기 대비 증가,2.75,32.03532588822534,분기별 변동 주의,"서울 최신 점포 관측 상권 1,186개 중 최근 4분기 매출·점포가 모두 관측된 399개 상권",기존 제과점의 최근 4분기 총매출을 평균 점포 수로 나눈 실제 과거 매출환경,현재 시장규모 확인 및 후보 상권 1차 선별,신규 브랜드 점포의 미래 매출예측 또는 출점 확정 근거로 단독 사용 금지,통과한 미래 매출예측모델 없음
3120213,삼성중앙역,발달상권,2026Q2,2025Q3~2026Q2 실제 관측,110178508.0,29.32330827067669,관측 상권 25~50%,0.43120315783191643,전년동기 수준 유지,6.75,20.956363792419335,분기별 변동 보통,"서울 최신 점포 관측 상권 1,186개 중 최근 4분기 매출·점포가 모두 관측된 399개 상권",기존 제과점의 최근 4분기 총매출을 평균 점포 수로 나눈 실제 과거 매출환경,현재 시장규모 확인 및 후보 상권 1차 선별,신규 브랜드 점포의 미래 매출예측 또는 출점 확정 근거로 단독 사용 금지,통과한 미래 매출예측모델 없음
3130083,"중곡제일시장(중곡제일골목시장, 광성시장)",전통시장,2026Q2,2025Q3~2026Q2 실제 관측,108811597.66666667,29.07268170426065,관측 상권 25~50%,45.88841203320262,전년동기 대비 증가,3.0,19.848033242487087,분기별 변동 보통,"서울 최신 점포 관측 상권 1,186개 중 최근 4분기 매출·점포가 모두 관측된 399개 상권",기존 제과점의 최근 4분기 총매출을 평균 점포 수로 나눈 실제 과거 매출환경,현재 시장규모 확인 및 후보 상권 1차 선별,신규 브랜드 점포의 미래 매출예측 또는 출점 확정 근거로 단독 사용 금지,통과한 미래 매출예측모델 없음
3120084,공릉역,발달상권,2026Q2,2025Q3~2026Q2 실제 관측,108546105.88235295,28.82205513784461,관측 상권 25~50%,11.073014746372634,전년동기 대비 증가,4.25,30.724644281741703,분기별 변동 주의,"서울 최신 점포 관측 상권 1,186개 중 최근 4분기 매출·점포가 모두 관측된 399개 상권",기존 제과점의 최근 4분기 총매출을 평균 점포 수로 나눈 실제 과거 매출환경,현재 시장규모 확인 및 후보 상권 1차 선별,신규 브랜드 점포의 미래 매출예측 또는 출점 확정 근거로 단독 사용 금지,통과한 미래 매출예측모델 없음
3120096,"이화여대(이대역, 이대)",발달상권,2026Q2,2025Q3~2026Q2 실제 관측,107934047.05263157,28.57142857142857,관측 상권 25~50%,-4.36636804996442,전년동기 수준 유지,9.5,21.229141278193932,분기별 변동 보통,"서울 최신 점포 관측 상권 1,186개 중 최근 4분기 매출·점포가 모두 관측된 399개 상권",기존 제과점의 최근 4분기 총매출을 평균 점포 수로 나눈 실제 과거 매출환경,현재 시장규모 확인 및 후보 상권 1차 선별,신규 브랜드 점포의 미래 매출예측 또는 출점 확정 근거로 단독 사용 금지,통과한 미래 매출예측모델 없음
3110881,구립대학경로당(관악산샘말공원),골목상권,2026Q2,2025Q3~2026Q2 실제 관측,103937886.85714285,28.32080200501253,관측 상권 25~50%,-14.44254714980181,전년동기 대비 감소,3.5,23.554932735095733,분기별 변동 보통,"서울 최신 점포 관측 상권 1,186개 중 최근 4분기 매출·점포가 모두 관측된 399개 상권",기존 제과점의 최근 4분기 총매출을 평균 점포 수로 나눈 실제 과거 매출환경,현재 시장규모 확인 및 후보 상권 1차 선별,신규 브랜드 점포의 미래 매출예측 또는 출점 확정 근거로 단독 사용 금지,통과한 미래 매출예측모델 없음
3111046,마천역(마천초등학교),골목상권,2026Q2,2025Q3~2026Q2 실제 관측,100822772.66666667,28.07017543859649,관측 상권 25~50%,35.00311131524272,전년동기 대비 증가,3.0,6.225349496038561,분기별 변동 보통,"서울 최신 점포 관측 상권 1,186개 중 최근 4분기 매출·점포가 모두 관측된 399개 상권",기존 제과점의 최근 4분기 총매출을 평균 점포 수로 나눈 실제 과거 매출환경,현재 시장규모 확인 및 후보 상권 1차 선별,신규 브랜드 점포의 미래 매출예측 또는 출점 확정 근거로 단독 사용 금지,통과한 미래 매출예측모델 없음
3110529,홍제3동주민센터,골목상권,2026Q2,2025Q3~2026Q2 실제 관측,100517096.0,27.819548872180448,관측 상권 25~50%,-16.632378761263354,전년동기 대비 감소,4.0,8.642199200510234,분기별 변동 보통,"서울 최신 점포 관측 상권 1,186개 중 최근 4분기 매출·점포가 모두 관측된 399개 상권",기존 제과점의 최근 4분기 총매출을 평균 점포 수로 나눈 실제 과거 매출환경,현재 시장규모 확인 및 후보 상권 1차 선별,신규 브랜드 점포의 미래 매출예측 또는 출점 확정 근거로 단독 사용 금지,통과한 미래 매출예측모델 없음
3110660,등촌3동주민센터,골목상권,2026Q2,2025Q3~2026Q2 실제 관측,97273731.8974359,27.56892230576441,관측 상권 25~50%,9.385498507110768,전년동기 수준 유지,9.75,6.724003258676813,분기별 변동 보통,"서울 최신 점포 관측 상권 1,186개 중 최근 4분기 매출·점포가 모두 관측된 399개 상권",기존 제과점의 최근 4분기 총매출을 평균 점포 수로 나눈 실제 과거 매출환경,현재 시장규모 확인 및 후보 상권 1차 선별,신규 브랜드 점포의 미래 매출예측 또는 출점 확정 근거로 단독 사용 금지,통과한 미래 매출예측모델 없음
3120090,연신내역,발달상권,2026Q2,2025Q3~2026Q2 실제 관측,95382034.78787878,27.31829573934837,관측 상권 25~50%,-42.765148804138086,전년동기 대비 감소,8.25,61.49785540188649,분기별 변동 큼,"서울 최신 점포 관측 상권 1,186개 중 최근 4분기 매출·점포가 모두 관측된 399개 상권",기존 제과점의 최근 4분기 총매출을 평균 점포 수로 나눈 실제 과거 매출환경,현재 시장규모 확인 및 후보 상권 1차 선별,신규 브랜드 점포의 미래 매출예측 또는 출점 확정 근거로 단독 사용 금지,통과한 미래 매출예측모델 없음
3110507,명지대학교,골목상권,2026Q2,2025Q3~2026Q2 실제 관측,93912045.2972973,27.06766917293233,관측 상권 25~50%,-12.757848686372753,전년동기 대비 감소,9.25,4.182651537879697,분기별 변동 보통,"서울 최신 점포 관측 상권 1,186개 중 최근 4분기 매출·점포가 모두 관측된 399개 상권",기존 제과점의 최근 4분기 총매출을 평균 점포 수로 나눈 실제 과거 매출환경,현재 시장규모 확인 및 후보 상권 1차 선별,신규 브랜드 점포의 미래 매출예측 또는 출점 확정 근거로 단독 사용 금지,통과한 미래 매출예측모델 없음
3110638,신방화역 2번,골목상권,2026Q2,2025Q3~2026Q2 실제 관측,92731255.15789473,26.81704260651629,관측 상권 25~50%,-12.007817261000387,전년동기 대비 감소,4.75,12.870041204282801,분기별 변동 보통,"서울 최신 점포 관측 상권 1,186개 중 최근 4분기 매출·점포가 모두 관측된 399개 상권",기존 제과점의 최근 4분기 총매출을 평균 점포 수로 나눈 실제 과거 매출환경,현재 시장규모 확인 및 후보 상권 1차 선별,신규 브랜드 점포의 미래 매출예측 또는 출점 확정 근거로 단독 사용 금지,통과한 미래 매출예측모델 없음
3110410,방학역 2번,골목상권,2026Q2,2025Q3~2026Q2 실제 관측,92031032.33333333,26.56641604010025,관측 상권 25~50%,1.4809215397895148,전년동기 수준 유지,3.0,8.871340190332425,분기별 변동 보통,"서울 최신 점포 관측 상권 1,186개 중 최근 4분기 매출·점포가 모두 관측된 399개 상권",기존 제과점의 최근 4분기 총매출을 평균 점포 수로 나눈 실제 과거 매출환경,현재 시장규모 확인 및 후보 상권 1차 선별,신규 브랜드 점포의 미래 매출예측 또는 출점 확정 근거로 단독 사용 금지,통과한 미래 매출예측모델 없음
3110195,동대문구청,골목상권,2026Q2,2025Q3~2026Q2 실제 관측,91795107.66666667,26.31578947368421,관측 상권 25~50%,,전년동기 수준 유지,3.0,10.116759952278342,분기별 변동 보통,"서울 최신 점포 관측 상권 1,186개 중 최근 4분기 매출·점포가 모두 관측된 399개 상권",기존 제과점의 최근 4분기 총매출을 평균 점포 수로 나눈 실제 과거 매출환경,현재 시장규모 확인 및 후보 상권 1차 선별,신규 브랜드 점포의 미래 매출예측 또는 출점 확정 근거로 단독 사용 금지,통과한 미래 매출예측모델 없음
3130208,목동깨비시장(목3동시장),전통시장,2026Q2,2025Q3~2026Q2 실제 관측,91777758.66666667,26.065162907268167,관측 상권 25~50%,8.396264937101595,전년동기 수준 유지,3.0,9.13287945575505,분기별 변동 보통,"서울 최신 점포 관측 상권 1,186개 중 최근 4분기 매출·점포가 모두 관측된 399개 상권",기존 제과점의 최근 4분기 총매출을 평균 점포 수로 나눈 실제 과거 매출환경,현재 시장규모 확인 및 후보 상권 1차 선별,신규 브랜드 점포의 미래 매출예측 또는 출점 확정 근거로 단독 사용 금지,통과한 미래 매출예측모델 없음
3120030,중부경찰서(영화인의거리),발달상권,2026Q2,2025Q3~2026Q2 실제 관측,89879427.81818181,25.81453634085213,관측 상권 25~50%,-32.750609702557476,전년동기 대비 감소,5.5,14.467028528127736,분기별 변동 보통,"서울 최신 점포 관측 상권 1,186개 중 최근 4분기 매출·점포가 모두 관측된 399개 상권",기존 제과점의 최근 4분기 총매출을 평균 점포 수로 나눈 실제 과거 매출환경,현재 시장규모 확인 및 후보 상권 1차 선별,신규 브랜드 점포의 미래 매출예측 또는 출점 확정 근거로 단독 사용 금지,통과한 미래 매출예측모델 없음
3130182,영천시장,전통시장,2026Q2,2025Q3~2026Q2 실제 관측,89613731.75,25.563909774436087,관측 상권 25~50%,-10.985842689678282,전년동기 대비 감소,4.0,19.050778161449664,분기별 변동 보통,"서울 최신 점포 관측 상권 1,186개 중 최근 4분기 매출·점포가 모두 관측된 399개 상권",기존 제과점의 최근 4분기 총매출을 평균 점포 수로 나눈 실제 과거 매출환경,현재 시장규모 확인 및 후보 상권 1차 선별,신규 브랜드 점포의 미래 매출예측 또는 출점 확정 근거로 단독 사용 금지,통과한 미래 매출예측모델 없음
3110997,대청초등학교,골목상권,2026Q2,2025Q3~2026Q2 실제 관측,89424764.48484848,25.31328320802005,관측 상권 25~50%,17.987055609056956,전년동기 대비 증가,8.25,0.962431602964925,분기별 변동 보통,"서울 최신 점포 관측 상권 1,186개 중 최근 4분기 매출·점포가 모두 관측된 399개 상권",기존 제과점의 최근 4분기 총매출을 평균 점포 수로 나눈 실제 과거 매출환경,현재 시장규모 확인 및 후보 상권 1차 선별,신규 브랜드 점포의 미래 매출예측 또는 출점 확정 근거로 단독 사용 금지,통과한 미래 매출예측모델 없음
3120048,금호역,발달상권,2026Q2,2025Q3~2026Q2 실제 관측,89280484.66666667,25.062656641604008,관측 상권 25~50%,2.4132317360639366,전년동기 수준 유지,3.0,6.627818953939695,분기별 변동 보통,"서울 최신 점포 관측 상권 1,186개 중 최근 4분기 매출·점포가 모두 관측된 399개 상권",기존 제과점의 최근 4분기 총매출을 평균 점포 수로 나눈 실제 과거 매출환경,현재 시장규모 확인 및 후보 상권 1차 선별,신규 브랜드 점포의 미래 매출예측 또는 출점 확정 근거로 단독 사용 금지,통과한 미래 매출예측모델 없음
3130148,방학동도깨비시장,전통시장,2026Q2,2025Q3~2026Q2 실제 관측,88790776.0,24.81203007518797,관측 상권 하위 25%,13.219775023217784,전년동기 대비 증가,4.0,6.48311765027469,분기별 변동 보통,"서울 최신 점포 관측 상권 1,186개 중 최근 4분기 매출·점포가 모두 관측된 399개 상권",기존 제과점의 최근 4분기 총매출을 평균 점포 수로 나눈 실제 과거 매출환경,현재 시장규모 확인 및 후보 상권 1차 선별,신규 브랜드 점포의 미래 매출예측 또는 출점 확정 근거로 단독 사용 금지,통과한 미래 매출예측모델 없음
3110819,신대방역 4번,골목상권,2026Q2,2025Q3~2026Q2 실제 관측,86539179.6,24.561403508771928,관측 상권 하위 25%,15.418102677746703,전년동기 대비 증가,5.0,7.921733617962796,분기별 변동 보통,"서울 최신 점포 관측 상권 1,186개 중 최근 4분기 매출·점포가 모두 관측된 399개 상권",기존 제과점의 최근 4분기 총매출을 평균 점포 수로 나눈 실제 과거 매출환경,현재 시장규모 확인 및 후보 상권 1차 선별,신규 브랜드 점포의 미래 매출예측 또는 출점 확정 근거로 단독 사용 금지,통과한 미래 매출예측모델 없음
3110218,답십리사거리,골목상권,2026Q2,2025Q3~2026Q2 실제 관측,84778263.38461539,24.31077694235589,관측 상권 하위 25%,23.451459146303712,전년동기 대비 증가,6.5,16.492287191253595,분기별 변동 보통,"서울 최신 점포 관측 상권 1,186개 중 최근 4분기 매출·점포가 모두 관측된 399개 상권",기존 제과점의 최근 4분기 총매출을 평균 점포 수로 나눈 실제 과거 매출환경,현재 시장규모 확인 및 후보 상권 1차 선별,신규 브랜드 점포의 미래 매출예측 또는 출점 확정 근거로 단독 사용 금지,통과한 미래 매출예측모델 없음
3110399,창2동주민센터,골목상권,2026Q2,2025Q3~2026Q2 실제 관측,84138611.8,24.06015037593985,관측 상권 하위 25%,-12.551416516795133,전년동기 대비 감소,5.0,9.761362812337271,분기별 변동 보통,"서울 최신 점포 관측 상권 1,186개 중 최근 4분기 매출·점포가 모두 관측된 399개 상권",기존 제과점의 최근 4분기 총매출을 평균 점포 수로 나눈 실제 과거 매출환경,현재 시장규모 확인 및 후보 상권 1차 선별,신규 브랜드 점포의 미래 매출예측 또는 출점 확정 근거로 단독 사용 금지,통과한 미래 매출예측모델 없음
3120113,오목교역,발달상권,2026Q2,2025Q3~2026Q2 실제 관측,84134933.04615384,23.809523809523807,관측 상권 하위 25%,-11.533326455533155,전년동기 대비 감소,16.25,6.738541506688163,분기별 변동 보통,"서울 최신 점포 관측 상권 1,186개 중 최근 4분기 매출·점포가 모두 관측된 399개 상권",기존 제과점의 최근 4분기 총매출을 평균 점포 수로 나눈 실제 과거 매출환경,현재 시장규모 확인 및 후보 상권 1차 선별,신규 브랜드 점포의 미래 매출예측 또는 출점 확정 근거로 단독 사용 금지,통과한 미래 매출예측모델 없음
3111064,둔촌동역 4번,골목상권,2026Q2,2025Q3~2026Q2 실제 관측,83202193.0,23.55889724310777,관측 상권 하위 25%,15.741523230629406,전년동기 대비 증가,4.0,13.212986807968575,분기별 변동 보통,"서울 최신 점포 관측 상권 1,186개 중 최근 4분기 매출·점포가 모두 관측된 399개 상권",기존 제과점의 최근 4분기 총매출을 평균 점포 수로 나눈 실제 과거 매출환경,현재 시장규모 확인 및 후보 상권 1차 선별,신규 브랜드 점포의 미래 매출예측 또는 출점 확정 근거로 단독 사용 금지,통과한 미래 매출예측모델 없음
3120042,"숙대입구역(남영역, 남영동)",발달상권,2026Q2,2025Q3~2026Q2 실제 관측,82955753.41176471,23.308270676691727,관측 상권 하위 25%,18.789308263419446,전년동기 대비 증가,4.25,12.213558794754109,분기별 변동 보통,"서울 최신 점포 관측 상권 1,186개 중 최근 4분기 매출·점포가 모두 관측된 399개 상권",기존 제과점의 최근 4분기 총매출을 평균 점포 수로 나눈 실제 과거 매출환경,현재 시장규모 확인 및 후보 상권 1차 선별,신규 브랜드 점포의 미래 매출예측 또는 출점 확정 근거로 단독 사용 금지,통과한 미래 매출예측모델 없음
3120104,연남동(홍대),발달상권,2026Q2,2025Q3~2026Q2 실제 관측,81220862.9589041,23.05764411027569,관측 상권 하위 25%,-6.9046682235740064,전년동기 수준 유지,73.0,1.4923191730889598,분기별 변동 보통,"서울 최신 점포 관측 상권 1,186개 중 최근 4분기 매출·점포가 모두 관측된 399개 상권",기존 제과점의 최근 4분기 총매출을 평균 점포 수로 나눈 실제 과거 매출환경,현재 시장규모 확인 및 후보 상권 1차 선별,신규 브랜드 점포의 미래 매출예측 또는 출점 확정 근거로 단독 사용 금지,통과한 미래 매출예측모델 없음
3130183,상암동상점가,전통시장,2026Q2,2025Q3~2026Q2 실제 관측,81192433.75,22.807017543859647,관측 상권 하위 25%,27.372283257912944,전년동기 대비 증가,4.0,6.48855510308792,분기별 변동 보통,"서울 최신 점포 관측 상권 1,186개 중 최근 4분기 매출·점포가 모두 관측된 399개 상권",기존 제과점의 최근 4분기 총매출을 평균 점포 수로 나눈 실제 과거 매출환경,현재 시장규모 확인 및 후보 상권 1차 선별,신규 브랜드 점포의 미래 매출예측 또는 출점 확정 근거로 단독 사용 금지,통과한 미래 매출예측모델 없음
3120233,몽촌토성역,발달상권,2026Q2,2025Q3~2026Q2 실제 관측,80405136.33333333,22.55639097744361,관측 상권 하위 25%,20.600367776626307,전년동기 대비 증가,3.0,21.143696064108298,분기별 변동 보통,"서울 최신 점포 관측 상권 1,186개 중 최근 4분기 매출·점포가 모두 관측된 399개 상권",기존 제과점의 최근 4분기 총매출을 평균 점포 수로 나눈 실제 과거 매출환경,현재 시장규모 확인 및 후보 상권 1차 선별,신규 브랜드 점포의 미래 매출예측 또는 출점 확정 근거로 단독 사용 금지,통과한 미래 매출예측모델 없음
3130179,"이화여대 3,5,7길 상점가",전통시장,2026Q2,2025Q3~2026Q2 실제 관측,79815151.0,22.305764411027567,관측 상권 하위 25%,39.273092457516825,전년동기 대비 증가,5.0,23.28933621498774,분기별 변동 보통,"서울 최신 점포 관측 상권 1,186개 중 최근 4분기 매출·점포가 모두 관측된 399개 상권",기존 제과점의 최근 4분기 총매출을 평균 점포 수로 나눈 실제 과거 매출환경,현재 시장규모 확인 및 후보 상권 1차 선별,신규 브랜드 점포의 미래 매출예측 또는 출점 확정 근거로 단독 사용 금지,통과한 미래 매출예측모델 없음
3120085,은행사거리,발달상권,2026Q2,2025Q3~2026Q2 실제 관측,79605360.25806452,22.05513784461153,관측 상권 하위 25%,9.206267384641787,전년동기 수준 유지,7.75,2.8427728694831473,분기별 변동 보통,"서울 최신 점포 관측 상권 1,186개 중 최근 4분기 매출·점포가 모두 관측된 399개 상권",기존 제과점의 최근 4분기 총매출을 평균 점포 수로 나눈 실제 과거 매출환경,현재 시장규모 확인 및 후보 상권 1차 선별,신규 브랜드 점포의 미래 매출예측 또는 출점 확정 근거로 단독 사용 금지,통과한 미래 매출예측모델 없음
3110865,남강고등학교(남강중학교),골목상권,2026Q2,2025Q3~2026Q2 실제 관측,76206567.25,21.804511278195488,관측 상권 하위 25%,-19.51054731958326,전년동기 대비 감소,4.0,6.631839962815847,분기별 변동 보통,"서울 최신 점포 관측 상권 1,186개 중 최근 4분기 매출·점포가 모두 관측된 399개 상권",기존 제과점의 최근 4분기 총매출을 평균 점포 수로 나눈 실제 과거 매출환경,현재 시장규모 확인 및 후보 상권 1차 선별,신규 브랜드 점포의 미래 매출예측 또는 출점 확정 근거로 단독 사용 금지,통과한 미래 매출예측모델 없음
3120243,천호역,발달상권,2026Q2,2025Q3~2026Q2 실제 관측,74850958.0,21.553884711779446,관측 상권 하위 25%,3.949053608383646,전년동기 수준 유지,24.0,9.720247029821126,분기별 변동 보통,"서울 최신 점포 관측 상권 1,186개 중 최근 4분기 매출·점포가 모두 관측된 399개 상권",기존 제과점의 최근 4분기 총매출을 평균 점포 수로 나눈 실제 과거 매출환경,현재 시장규모 확인 및 후보 상권 1차 선별,신규 브랜드 점포의 미래 매출예측 또는 출점 확정 근거로 단독 사용 금지,통과한 미래 매출예측모델 없음
3110550,합정역 8번,골목상권,2026Q2,2025Q3~2026Q2 실제 관측,74747975.91836734,21.303258145363408,관측 상권 하위 25%,-10.891786978716667,전년동기 대비 감소,12.25,7.825354940780695,분기별 변동 보통,"서울 최신 점포 관측 상권 1,186개 중 최근 4분기 매출·점포가 모두 관측된 399개 상권",기존 제과점의 최근 4분기 총매출을 평균 점포 수로 나눈 실제 과거 매출환경,현재 시장규모 확인 및 후보 상권 1차 선별,신규 브랜드 점포의 미래 매출예측 또는 출점 확정 근거로 단독 사용 금지,통과한 미래 매출예측모델 없음
3120051,뚝섬역,발달상권,2026Q2,2025Q3~2026Q2 실제 관측,73611144.26373626,21.052631578947366,관측 상권 하위 25%,-7.554613128613241,전년동기 수준 유지,22.75,6.355447962620094,분기별 변동 보통,"서울 최신 점포 관측 상권 1,186개 중 최근 4분기 매출·점포가 모두 관측된 399개 상권",기존 제과점의 최근 4분기 총매출을 평균 점포 수로 나눈 실제 과거 매출환경,현재 시장규모 확인 및 후보 상권 1차 선별,신규 브랜드 점포의 미래 매출예측 또는 출점 확정 근거로 단독 사용 금지,통과한 미래 매출예측모델 없음
3120230,송파사거리(송파역),발달상권,2026Q2,2025Q3~2026Q2 실제 관측,72526738.4,20.80200501253133,관측 상권 하위 25%,-13.640345214322814,전년동기 대비 감소,6.25,8.64625897902063,분기별 변동 보통,"서울 최신 점포 관측 상권 1,186개 중 최근 4분기 매출·점포가 모두 관측된 399개 상권",기존 제과점의 최근 4분기 총매출을 평균 점포 수로 나눈 실제 과거 매출환경,현재 시장규모 확인 및 후보 상권 1차 선별,신규 브랜드 점포의 미래 매출예측 또는 출점 확정 근거로 단독 사용 금지,통과한 미래 매출예측모델 없음
3110662,까치산역 1번,골목상권,2026Q2,2025Q3~2026Q2 실제 관측,72196817.42857143,20.551378446115287,관측 상권 하위 25%,-29.292675764595966,전년동기 대비 감소,7.0,9.562760383840494,분기별 변동 보통,"서울 최신 점포 관측 상권 1,186개 중 최근 4분기 매출·점포가 모두 관측된 399개 상권",기존 제과점의 최근 4분기 총매출을 평균 점포 수로 나눈 실제 과거 매출환경,현재 시장규모 확인 및 후보 상권 1차 선별,신규 브랜드 점포의 미래 매출예측 또는 출점 확정 근거로 단독 사용 금지,통과한 미래 매출예측모델 없음
3130112,사가정시장,전통시장,2026Q2,2025Q3~2026Q2 실제 관측,72094380.70588236,20.30075187969925,관측 상권 하위 25%,61.132900585191585,전년동기 대비 증가,4.25,6.421643488136729,분기별 변동 보통,"서울 최신 점포 관측 상권 1,186개 중 최근 4분기 매출·점포가 모두 관측된 399개 상권",기존 제과점의 최근 4분기 총매출을 평균 점포 수로 나눈 실제 과거 매출환경,현재 시장규모 확인 및 후보 상권 1차 선별,신규 브랜드 점포의 미래 매출예측 또는 출점 확정 근거로 단독 사용 금지,통과한 미래 매출예측모델 없음
3110717,남구로역 2번,골목상권,2026Q2,2025Q3~2026Q2 실제 관측,71670896.66666667,20.050125313283207,관측 상권 하위 25%,-23.747734275488074,전년동기 대비 감소,3.0,4.490885949853448,분기별 변동 보통,"서울 최신 점포 관측 상권 1,186개 중 최근 4분기 매출·점포가 모두 관측된 399개 상권",기존 제과점의 최근 4분기 총매출을 평균 점포 수로 나눈 실제 과거 매출환경,현재 시장규모 확인 및 후보 상권 1차 선별,신규 브랜드 점포의 미래 매출예측 또는 출점 확정 근거로 단독 사용 금지,통과한 미래 매출예측모델 없음
3110503,명지대학교교회,골목상권,2026Q2,2025Q3~2026Q2 실제 관측,71346247.6923077,19.799498746867165,관측 상권 하위 25%,-20.313667901268595,전년동기 대비 감소,3.25,10.807061254826754,분기별 변동 보통,"서울 최신 점포 관측 상권 1,186개 중 최근 4분기 매출·점포가 모두 관측된 399개 상권",기존 제과점의 최근 4분기 총매출을 평균 점포 수로 나눈 실제 과거 매출환경,현재 시장규모 확인 및 후보 상권 1차 선별,신규 브랜드 점포의 미래 매출예측 또는 출점 확정 근거로 단독 사용 금지,통과한 미래 매출예측모델 없음
3120095,홍제역,발달상권,2026Q2,2025Q3~2026Q2 실제 관측,70846354.57142857,19.548872180451127,관측 상권 하위 25%,-67.51601437473505,전년동기 대비 감소,7.0,10.407756928512327,분기별 변동 보통,"서울 최신 점포 관측 상권 1,186개 중 최근 4분기 매출·점포가 모두 관측된 399개 상권",기존 제과점의 최근 4분기 총매출을 평균 점포 수로 나눈 실제 과거 매출환경,현재 시장규모 확인 및 후보 상권 1차 선별,신규 브랜드 점포의 미래 매출예측 또는 출점 확정 근거로 단독 사용 금지,통과한 미래 매출예측모델 없음
3120193,도산공원교차로,발달상권,2026Q2,2025Q3~2026Q2 실제 관측,70622840.6,19.298245614035086,관측 상권 하위 25%,,전년동기 수준 유지,5.0,49.28962593864293,분기별 변동 주의,"서울 최신 점포 관측 상권 1,186개 중 최근 4분기 매출·점포가 모두 관측된 399개 상권",기존 제과점의 최근 4분기 총매출을 평균 점포 수로 나눈 실제 과거 매출환경,현재 시장규모 확인 및 후보 상권 1차 선별,신규 브랜드 점포의 미래 매출예측 또는 출점 확정 근거로 단독 사용 금지,통과한 미래 매출예측모델 없음
3130273,남성사계시장(남성시장),전통시장,2026Q2,2025Q3~2026Q2 실제 관측,69727254.46153846,19.047619047619047,관측 상권 하위 25%,-29.87053576245805,전년동기 대비 감소,3.25,26.567446465231903,분기별 변동 주의,"서울 최신 점포 관측 상권 1,186개 중 최근 4분기 매출·점포가 모두 관측된 399개 상권",기존 제과점의 최근 4분기 총매출을 평균 점포 수로 나눈 실제 과거 매출환경,현재 시장규모 확인 및 후보 상권 1차 선별,신규 브랜드 점포의 미래 매출예측 또는 출점 확정 근거로 단독 사용 금지,통과한 미래 매출예측모델 없음
3110626,양화초등학교,골목상권,2026Q2,2025Q3~2026Q2 실제 관측,68613555.33333333,18.796992481203006,관측 상권 하위 25%,-19.303338377237335,전년동기 대비 감소,3.0,10.120711824289542,분기별 변동 보통,"서울 최신 점포 관측 상권 1,186개 중 최근 4분기 매출·점포가 모두 관측된 399개 상권",기존 제과점의 최근 4분기 총매출을 평균 점포 수로 나눈 실제 과거 매출환경,현재 시장규모 확인 및 후보 상권 1차 선별,신규 브랜드 점포의 미래 매출예측 또는 출점 확정 근거로 단독 사용 금지,통과한 미래 매출예측모델 없음
3120093,연희동,발달상권,2026Q2,2025Q3~2026Q2 실제 관측,68177352.64705883,18.546365914786968,관측 상권 하위 25%,29.495947267268875,전년동기 대비 증가,17.0,12.246972312125449,분기별 변동 보통,"서울 최신 점포 관측 상권 1,186개 중 최근 4분기 매출·점포가 모두 관측된 399개 상권",기존 제과점의 최근 4분기 총매출을 평균 점포 수로 나눈 실제 과거 매출환경,현재 시장규모 확인 및 후보 상권 1차 선별,신규 브랜드 점포의 미래 매출예측 또는 출점 확정 근거로 단독 사용 금지,통과한 미래 매출예측모델 없음
3110740,금천해태공원,골목상권,2026Q2,2025Q3~2026Q2 실제 관측,66943464.666666664,18.295739348370926,관측 상권 하위 25%,,전년동기 수준 유지,3.0,29.43335610143803,분기별 변동 주의,"서울 최신 점포 관측 상권 1,186개 중 최근 4분기 매출·점포가 모두 관측된 399개 상권",기존 제과점의 최근 4분기 총매출을 평균 점포 수로 나눈 실제 과거 매출환경,현재 시장규모 확인 및 후보 상권 1차 선별,신규 브랜드 점포의 미래 매출예측 또는 출점 확정 근거로 단독 사용 금지,통과한 미래 매출예측모델 없음
3110283,성북초등학교앞,골목상권,2026Q2,2025Q3~2026Q2 실제 관측,66753523.333333336,18.045112781954884,관측 상권 하위 25%,-14.561618730947812,전년동기 대비 감소,3.0,24.611459469859827,분기별 변동 보통,"서울 최신 점포 관측 상권 1,186개 중 최근 4분기 매출·점포가 모두 관측된 399개 상권",기존 제과점의 최근 4분기 총매출을 평균 점포 수로 나눈 실제 과거 매출환경,현재 시장규모 확인 및 후보 상권 1차 선별,신규 브랜드 점포의 미래 매출예측 또는 출점 확정 근거로 단독 사용 금지,통과한 미래 매출예측모델 없음
3120025,롯데백화점(시청광장 지하쇼핑센터),발달상권,2026Q2,2025Q3~2026Q2 실제 관측,65870983.86666667,17.794486215538846,관측 상권 하위 25%,6.2313581565561105,전년동기 수준 유지,15.0,2.4315922604757527,분기별 변동 보통,"서울 최신 점포 관측 상권 1,186개 중 최근 4분기 매출·점포가 모두 관측된 399개 상권",기존 제과점의 최근 4분기 총매출을 평균 점포 수로 나눈 실제 과거 매출환경,현재 시장규모 확인 및 후보 상권 1차 선별,신규 브랜드 점포의 미래 매출예측 또는 출점 확정 근거로 단독 사용 금지,통과한 미래 매출예측모델 없음
3110620,목동보건지소,골목상권,2026Q2,2025Q3~2026Q2 실제 관측,64504253.0,17.543859649122805,관측 상권 하위 25%,-2.2683302688604856,전년동기 수준 유지,3.0,0.7967509478144924,분기별 변동 보통,"서울 최신 점포 관측 상권 1,186개 중 최근 4분기 매출·점포가 모두 관측된 399개 상권",기존 제과점의 최근 4분기 총매출을 평균 점포 수로 나눈 실제 과거 매출환경,현재 시장규모 확인 및 후보 상권 1차 선별,신규 브랜드 점포의 미래 매출예측 또는 출점 확정 근거로 단독 사용 금지,통과한 미래 매출예측모델 없음
3110469,응암정보도서관,골목상권,2026Q2,2025Q3~2026Q2 실제 관측,62707668.5,17.293233082706767,관측 상권 하위 25%,41.266524343807596,전년동기 대비 증가,2.0,4.5197864401997645,분기별 변동 보통,"서울 최신 점포 관측 상권 1,186개 중 최근 4분기 매출·점포가 모두 관측된 399개 상권",기존 제과점의 최근 4분기 총매출을 평균 점포 수로 나눈 실제 과거 매출환경,현재 시장규모 확인 및 후보 상권 1차 선별,신규 브랜드 점포의 미래 매출예측 또는 출점 확정 근거로 단독 사용 금지,통과한 미래 매출예측모델 없음
3110162,군자역 4번,골목상권,2026Q2,2025Q3~2026Q2 실제 관측,62611765.333333336,17.042606516290725,관측 상권 하위 25%,,전년동기 수준 유지,3.0,9.120532098048605,분기별 변동 보통,"서울 최신 점포 관측 상권 1,186개 중 최근 4분기 매출·점포가 모두 관측된 399개 상권",기존 제과점의 최근 4분기 총매출을 평균 점포 수로 나눈 실제 과거 매출환경,현재 시장규모 확인 및 후보 상권 1차 선별,신규 브랜드 점포의 미래 매출예측 또는 출점 확정 근거로 단독 사용 금지,통과한 미래 매출예측모델 없음
3110564,홍대입구역 3번,골목상권,2026Q2,2025Q3~2026Q2 실제 관측,62295215.78947368,16.791979949874687,관측 상권 하위 25%,149.7875787813541,전년동기 대비 증가,4.75,60.34662381676041,분기별 변동 큼,"서울 최신 점포 관측 상권 1,186개 중 최근 4분기 매출·점포가 모두 관측된 399개 상권",기존 제과점의 최근 4분기 총매출을 평균 점포 수로 나눈 실제 과거 매출환경,현재 시장규모 확인 및 후보 상권 1차 선별,신규 브랜드 점포의 미래 매출예측 또는 출점 확정 근거로 단독 사용 금지,통과한 미래 매출예측모델 없음
3120242,강동구청역,발달상권,2026Q2,2025Q3~2026Q2 실제 관측,62210581.14285714,16.541353383458645,관측 상권 하위 25%,0.1554078453533725,전년동기 수준 유지,7.0,10.880545866086694,분기별 변동 보통,"서울 최신 점포 관측 상권 1,186개 중 최근 4분기 매출·점포가 모두 관측된 399개 상권",기존 제과점의 최근 4분기 총매출을 평균 점포 수로 나눈 실제 과거 매출환경,현재 시장규모 확인 및 후보 상권 1차 선별,신규 브랜드 점포의 미래 매출예측 또는 출점 확정 근거로 단독 사용 금지,통과한 미래 매출예측모델 없음
3110085,경리단길남측,골목상권,2026Q2,2025Q3~2026Q2 실제 관측,61773975.6,16.290726817042607,관측 상권 하위 25%,-4.845393523677122,전년동기 수준 유지,7.5,21.036693938328508,분기별 변동 보통,"서울 최신 점포 관측 상권 1,186개 중 최근 4분기 매출·점포가 모두 관측된 399개 상권",기존 제과점의 최근 4분기 총매출을 평균 점포 수로 나눈 실제 과거 매출환경,현재 시장규모 확인 및 후보 상권 1차 선별,신규 브랜드 점포의 미래 매출예측 또는 출점 확정 근거로 단독 사용 금지,통과한 미래 매출예측모델 없음
3120169,서초역,발달상권,2026Q2,2025Q3~2026Q2 실제 관측,60000000.0,16.040100250626566,관측 상권 하위 25%,-9.185179827783497,전년동기 수준 유지,6.0,0.0,분기별 변동 보통,"서울 최신 점포 관측 상권 1,186개 중 최근 4분기 매출·점포가 모두 관측된 399개 상권",기존 제과점의 최근 4분기 총매출을 평균 점포 수로 나눈 실제 과거 매출환경,현재 시장규모 확인 및 후보 상권 1차 선별,신규 브랜드 점포의 미래 매출예측 또는 출점 확정 근거로 단독 사용 금지,통과한 미래 매출예측모델 없음
3111089,상일여고(상일초등학교),골목상권,2026Q2,2025Q3~2026Q2 실제 관측,59595405.39130435,15.789473684210526,관측 상권 하위 25%,96.22298780098066,전년동기 대비 증가,11.5,4.68567964682368,분기별 변동 보통,"서울 최신 점포 관측 상권 1,186개 중 최근 4분기 매출·점포가 모두 관측된 399개 상권",기존 제과점의 최근 4분기 총매출을 평균 점포 수로 나눈 실제 과거 매출환경,현재 시장규모 확인 및 후보 상권 1차 선별,신규 브랜드 점포의 미래 매출예측 또는 출점 확정 근거로 단독 사용 금지,통과한 미래 매출예측모델 없음
3130278,미성동 도깨비시장 골목형상점가,전통시장,2026Q2,2025Q3~2026Q2 실제 관측,57124994.571428575,15.538847117794486,관측 상권 하위 25%,7.747407255603722,전년동기 수준 유지,3.5,14.880550768035862,분기별 변동 보통,"서울 최신 점포 관측 상권 1,186개 중 최근 4분기 매출·점포가 모두 관측된 399개 상권",기존 제과점의 최근 4분기 총매출을 평균 점포 수로 나눈 실제 과거 매출환경,현재 시장규모 확인 및 후보 상권 1차 선별,신규 브랜드 점포의 미래 매출예측 또는 출점 확정 근거로 단독 사용 금지,통과한 미래 매출예측모델 없음
3130056,용산용문시장,전통시장,2026Q2,2025Q3~2026Q2 실제 관측,53445890.76923077,15.288220551378446,관측 상권 하위 25%,25.971892529984842,전년동기 대비 증가,3.25,17.893253757704034,분기별 변동 보통,"서울 최신 점포 관측 상권 1,186개 중 최근 4분기 매출·점포가 모두 관측된 399개 상권",기존 제과점의 최근 4분기 총매출을 평균 점포 수로 나눈 실제 과거 매출환경,현재 시장규모 확인 및 후보 상권 1차 선별,신규 브랜드 점포의 미래 매출예측 또는 출점 확정 근거로 단독 사용 금지,통과한 미래 매출예측모델 없음
3120157,신림역(신림),발달상권,2026Q2,2025Q3~2026Q2 실제 관측,50520487.5,15.037593984962406,관측 상권 하위 25%,-13.212907058516954,전년동기 대비 감소,8.0,5.913049432709311,분기별 변동 보통,"서울 최신 점포 관측 상권 1,186개 중 최근 4분기 매출·점포가 모두 관측된 399개 상권",기존 제과점의 최근 4분기 총매출을 평균 점포 수로 나눈 실제 과거 매출환경,현재 시장규모 확인 및 후보 상권 1차 선별,신규 브랜드 점포의 미래 매출예측 또는 출점 확정 근거로 단독 사용 금지,통과한 미래 매출예측모델 없음
3110166,구의1동주민센터,골목상권,2026Q2,2025Q3~2026Q2 실제 관측,49232434.333333336,14.786967418546364,관측 상권 하위 25%,-24.51138588959302,전년동기 대비 감소,6.0,27.195680727632126,분기별 변동 주의,"서울 최신 점포 관측 상권 1,186개 중 최근 4분기 매출·점포가 모두 관측된 399개 상권",기존 제과점의 최근 4분기 총매출을 평균 점포 수로 나눈 실제 과거 매출환경,현재 시장규모 확인 및 후보 상권 1차 선별,신규 브랜드 점포의 미래 매출예측 또는 출점 확정 근거로 단독 사용 금지,통과한 미래 매출예측모델 없음
3110471,응암동우체국,골목상권,2026Q2,2025Q3~2026Q2 실제 관측,47184501.777777776,14.536340852130325,관측 상권 하위 25%,50.602207014394416,전년동기 대비 증가,2.25,36.49604289187246,분기별 변동 주의,"서울 최신 점포 관측 상권 1,186개 중 최근 4분기 매출·점포가 모두 관측된 399개 상권",기존 제과점의 최근 4분기 총매출을 평균 점포 수로 나눈 실제 과거 매출환경,현재 시장규모 확인 및 후보 상권 1차 선별,신규 브랜드 점포의 미래 매출예측 또는 출점 확정 근거로 단독 사용 금지,통과한 미래 매출예측모델 없음
3110449,증산역 3번,골목상권,2026Q2,2025Q3~2026Q2 실제 관측,46000692.72727273,14.285714285714285,관측 상권 하위 25%,101.5681844278729,전년동기 대비 증가,2.75,81.33032870133394,분기별 변동 큼,"서울 최신 점포 관측 상권 1,186개 중 최근 4분기 매출·점포가 모두 관측된 399개 상권",기존 제과점의 최근 4분기 총매출을 평균 점포 수로 나눈 실제 과거 매출환경,현재 시장규모 확인 및 후보 상권 1차 선별,신규 브랜드 점포의 미래 매출예측 또는 출점 확정 근거로 단독 사용 금지,통과한 미래 매출예측모델 없음
3120128,신도림역,발달상권,2026Q2,2025Q3~2026Q2 실제 관측,42394002.27272727,14.035087719298245,관측 상권 하위 25%,30.224541948409446,전년동기 대비 증가,11.0,5.400904438218236,분기별 변동 보통,"서울 최신 점포 관측 상권 1,186개 중 최근 4분기 매출·점포가 모두 관측된 399개 상권",기존 제과점의 최근 4분기 총매출을 평균 점포 수로 나눈 실제 과거 매출환경,현재 시장규모 확인 및 후보 상권 1차 선별,신규 브랜드 점포의 미래 매출예측 또는 출점 확정 근거로 단독 사용 금지,통과한 미래 매출예측모델 없음
3120236,장지역(가든파이브),발달상권,2026Q2,2025Q3~2026Q2 실제 관측,41919892.0,13.784461152882205,관측 상권 하위 25%,-69.19344974189991,전년동기 대비 감소,6.0,10.335431147749082,분기별 변동 보통,"서울 최신 점포 관측 상권 1,186개 중 최근 4분기 매출·점포가 모두 관측된 399개 상권",기존 제과점의 최근 4분기 총매출을 평균 점포 수로 나눈 실제 과거 매출환경,현재 시장규모 확인 및 후보 상권 1차 선별,신규 브랜드 점포의 미래 매출예측 또는 출점 확정 근거로 단독 사용 금지,통과한 미래 매출예측모델 없음
3120235,문정역,발달상권,2026Q2,2025Q3~2026Q2 실제 관측,41862894.86486486,13.533834586466165,관측 상권 하위 25%,88.63652524543315,전년동기 대비 증가,18.5,44.477275735501095,분기별 변동 주의,"서울 최신 점포 관측 상권 1,186개 중 최근 4분기 매출·점포가 모두 관측된 399개 상권",기존 제과점의 최근 4분기 총매출을 평균 점포 수로 나눈 실제 과거 매출환경,현재 시장규모 확인 및 후보 상권 1차 선별,신규 브랜드 점포의 미래 매출예측 또는 출점 확정 근거로 단독 사용 금지,통과한 미래 매출예측모델 없음
3001494,종로·청계 관광특구,관광특구,2026Q2,2025Q3~2026Q2 실제 관측,41826708.39344262,13.283208020050125,관측 상권 하위 25%,73.1824577532056,전년동기 대비 증가,15.25,32.677746872039855,분기별 변동 주의,"서울 최신 점포 관측 상권 1,186개 중 최근 4분기 매출·점포가 모두 관측된 399개 상권",기존 제과점의 최근 4분기 총매출을 평균 점포 수로 나눈 실제 과거 매출환경,현재 시장규모 확인 및 후보 상권 1차 선별,신규 브랜드 점포의 미래 매출예측 또는 출점 확정 근거로 단독 사용 금지,통과한 미래 매출예측모델 없음
3111086,한영중고,골목상권,2026Q2,2025Q3~2026Q2 실제 관측,40631045.058823526,13.032581453634084,관측 상권 하위 25%,-23.911060415507713,전년동기 대비 감소,8.5,7.571381184494678,분기별 변동 보통,"서울 최신 점포 관측 상권 1,186개 중 최근 4분기 매출·점포가 모두 관측된 399개 상권",기존 제과점의 최근 4분기 총매출을 평균 점포 수로 나눈 실제 과거 매출환경,현재 시장규모 확인 및 후보 상권 1차 선별,신규 브랜드 점포의 미래 매출예측 또는 출점 확정 근거로 단독 사용 금지,통과한 미래 매출예측모델 없음
3110541,동교초등학교,골목상권,2026Q2,2025Q3~2026Q2 실제 관측,40336786.461538464,12.781954887218044,관측 상권 하위 25%,18.3281497146764,전년동기 대비 증가,9.75,32.28911409919566,분기별 변동 주의,"서울 최신 점포 관측 상권 1,186개 중 최근 4분기 매출·점포가 모두 관측된 399개 상권",기존 제과점의 최근 4분기 총매출을 평균 점포 수로 나눈 실제 과거 매출환경,현재 시장규모 확인 및 후보 상권 1차 선별,신규 브랜드 점포의 미래 매출예측 또는 출점 확정 근거로 단독 사용 금지,통과한 미래 매출예측모델 없음
3110694,세곡초등학교,골목상권,2026Q2,2025Q3~2026Q2 실제 관측,40125609.2,12.531328320802004,관측 상권 하위 25%,39.721864090523425,전년동기 대비 증가,5.0,6.433862293715484,분기별 변동 보통,"서울 최신 점포 관측 상권 1,186개 중 최근 4분기 매출·점포가 모두 관측된 399개 상권",기존 제과점의 최근 4분기 총매출을 평균 점포 수로 나눈 실제 과거 매출환경,현재 시장규모 확인 및 후보 상권 1차 선별,신규 브랜드 점포의 미래 매출예측 또는 출점 확정 근거로 단독 사용 금지,통과한 미래 매출예측모델 없음
3110405,방학역 1번,골목상권,2026Q2,2025Q3~2026Q2 실제 관측,39281235.2,12.280701754385964,관측 상권 하위 25%,-15.835431961347679,전년동기 대비 감소,5.0,9.48230702546005,분기별 변동 보통,"서울 최신 점포 관측 상권 1,186개 중 최근 4분기 매출·점포가 모두 관측된 399개 상권",기존 제과점의 최근 4분기 총매출을 평균 점포 수로 나눈 실제 과거 매출환경,현재 시장규모 확인 및 후보 상권 1차 선별,신규 브랜드 점포의 미래 매출예측 또는 출점 확정 근거로 단독 사용 금지,통과한 미래 매출예측모델 없음
3110128,성원중학교,골목상권,2026Q2,2025Q3~2026Q2 실제 관측,37495818.38297872,12.030075187969924,관측 상권 하위 25%,4.479711223720195,전년동기 수준 유지,11.75,9.842906774915114,분기별 변동 보통,"서울 최신 점포 관측 상권 1,186개 중 최근 4분기 매출·점포가 모두 관측된 399개 상권",기존 제과점의 최근 4분기 총매출을 평균 점포 수로 나눈 실제 과거 매출환경,현재 시장규모 확인 및 후보 상권 1차 선별,신규 브랜드 점포의 미래 매출예측 또는 출점 확정 근거로 단독 사용 금지,통과한 미래 매출예측모델 없음
3110409,창동역 2번,골목상권,2026Q2,2025Q3~2026Q2 실제 관측,36885662.2,11.779448621553884,관측 상권 하위 25%,15.21584724374032,전년동기 대비 증가,5.0,2.8800494494477316,분기별 변동 보통,"서울 최신 점포 관측 상권 1,186개 중 최근 4분기 매출·점포가 모두 관측된 399개 상권",기존 제과점의 최근 4분기 총매출을 평균 점포 수로 나눈 실제 과거 매출환경,현재 시장규모 확인 및 후보 상권 1차 선별,신규 브랜드 점포의 미래 매출예측 또는 출점 확정 근거로 단독 사용 금지,통과한 미래 매출예측모델 없음
3120187,신논현역,발달상권,2026Q2,2025Q3~2026Q2 실제 관측,35790619.1627907,11.528822055137844,관측 상권 하위 25%,-2.024981148892069,전년동기 수준 유지,10.75,13.029402934889918,분기별 변동 보통,"서울 최신 점포 관측 상권 1,186개 중 최근 4분기 매출·점포가 모두 관측된 399개 상권",기존 제과점의 최근 4분기 총매출을 평균 점포 수로 나눈 실제 과거 매출환경,현재 시장규모 확인 및 후보 상권 1차 선별,신규 브랜드 점포의 미래 매출예측 또는 출점 확정 근거로 단독 사용 금지,통과한 미래 매출예측모델 없음
3120049,왕십리역(왕십리),발달상권,2026Q2,2025Q3~2026Q2 실제 관측,34565182.47058824,11.278195488721805,관측 상권 하위 25%,2.066019396134555,전년동기 수준 유지,8.5,12.74581259097543,분기별 변동 보통,"서울 최신 점포 관측 상권 1,186개 중 최근 4분기 매출·점포가 모두 관측된 399개 상권",기존 제과점의 최근 4분기 총매출을 평균 점포 수로 나눈 실제 과거 매출환경,현재 시장규모 확인 및 후보 상권 1차 선별,신규 브랜드 점포의 미래 매출예측 또는 출점 확정 근거로 단독 사용 금지,통과한 미래 매출예측모델 없음
3130117,정릉시장,전통시장,2026Q2,2025Q3~2026Q2 실제 관측,33952212.0,11.027568922305765,관측 상권 하위 25%,-68.55002921671512,전년동기 대비 감소,5.0,8.305129434896505,분기별 변동 보통,"서울 최신 점포 관측 상권 1,186개 중 최근 4분기 매출·점포가 모두 관측된 399개 상권",기존 제과점의 최근 4분기 총매출을 평균 점포 수로 나눈 실제 과거 매출환경,현재 시장규모 확인 및 후보 상권 1차 선별,신규 브랜드 점포의 미래 매출예측 또는 출점 확정 근거로 단독 사용 금지,통과한 미래 매출예측모델 없음
3110428,상계5동주민센터,골목상권,2026Q2,2025Q3~2026Q2 실제 관측,33717483.0,10.776942355889723,관측 상권 하위 25%,25.4683164911218,전년동기 대비 증가,8.0,9.729837543503425,분기별 변동 보통,"서울 최신 점포 관측 상권 1,186개 중 최근 4분기 매출·점포가 모두 관측된 399개 상권",기존 제과점의 최근 4분기 총매출을 평균 점포 수로 나눈 실제 과거 매출환경,현재 시장규모 확인 및 후보 상권 1차 선별,신규 브랜드 점포의 미래 매출예측 또는 출점 확정 근거로 단독 사용 금지,통과한 미래 매출예측모델 없음
3110131,성수동카페거리,골목상권,2026Q2,2025Q3~2026Q2 실제 관측,32808475.719298247,10.526315789473683,관측 상권 하위 25%,-23.72903365025474,전년동기 대비 감소,14.25,21.57679077913731,분기별 변동 보통,"서울 최신 점포 관측 상권 1,186개 중 최근 4분기 매출·점포가 모두 관측된 399개 상권",기존 제과점의 최근 4분기 총매출을 평균 점포 수로 나눈 실제 과거 매출환경,현재 시장규모 확인 및 후보 상권 1차 선별,신규 브랜드 점포의 미래 매출예측 또는 출점 확정 근거로 단독 사용 금지,통과한 미래 매출예측모델 없음
3110082,용산구청,골목상권,2026Q2,2025Q3~2026Q2 실제 관측,32152725.263157893,10.275689223057643,관측 상권 하위 25%,-2.2634468834521804,전년동기 수준 유지,4.75,15.990388488792947,분기별 변동 보통,"서울 최신 점포 관측 상권 1,186개 중 최근 4분기 매출·점포가 모두 관측된 399개 상권",기존 제과점의 최근 4분기 총매출을 평균 점포 수로 나눈 실제 과거 매출환경,현재 시장규모 확인 및 후보 상권 1차 선별,신규 브랜드 점포의 미래 매출예측 또는 출점 확정 근거로 단독 사용 금지,통과한 미래 매출예측모델 없음
3130317,마천중앙시장,전통시장,2026Q2,2025Q3~2026Q2 실제 관측,31504869.0,10.025062656641603,관측 상권 하위 25%,,전년동기 수준 유지,3.0,4.837238526306142,분기별 변동 보통,"서울 최신 점포 관측 상권 1,186개 중 최근 4분기 매출·점포가 모두 관측된 399개 상권",기존 제과점의 최근 4분기 총매출을 평균 점포 수로 나눈 실제 과거 매출환경,현재 시장규모 확인 및 후보 상권 1차 선별,신규 브랜드 점포의 미래 매출예측 또는 출점 확정 근거로 단독 사용 금지,통과한 미래 매출예측모델 없음
3130110,면목골목시장(면목시장),전통시장,2026Q2,2025Q3~2026Q2 실제 관측,30523309.0,9.774436090225564,관측 상권 하위 25%,-4.694089843328076,전년동기 수준 유지,4.0,7.0224666187200935,분기별 변동 보통,"서울 최신 점포 관측 상권 1,186개 중 최근 4분기 매출·점포가 모두 관측된 399개 상권",기존 제과점의 최근 4분기 총매출을 평균 점포 수로 나눈 실제 과거 매출환경,현재 시장규모 확인 및 후보 상권 1차 선별,신규 브랜드 점포의 미래 매출예측 또는 출점 확정 근거로 단독 사용 금지,통과한 미래 매출예측모델 없음
3110081,해방촌 남동측,골목상권,2026Q2,2025Q3~2026Q2 실제 관측,28878104.9,9.523809523809524,관측 상권 하위 25%,-48.80176249493733,전년동기 대비 감소,10.0,99.99833304108641,분기별 변동 큼,"서울 최신 점포 관측 상권 1,186개 중 최근 4분기 매출·점포가 모두 관측된 399개 상권",기존 제과점의 최근 4분기 총매출을 평균 점포 수로 나눈 실제 과거 매출환경,현재 시장규모 확인 및 후보 상권 1차 선별,신규 브랜드 점포의 미래 매출예측 또는 출점 확정 근거로 단독 사용 금지,통과한 미래 매출예측모델 없음
3120041,신용산역(용산역),발달상권,2026Q2,2025Q3~2026Q2 실제 관측,28179796.691729322,9.273182957393484,관측 상권 하위 25%,-19.217772777099885,전년동기 대비 감소,33.25,6.332096365884925,분기별 변동 보통,"서울 최신 점포 관측 상권 1,186개 중 최근 4분기 매출·점포가 모두 관측된 399개 상권",기존 제과점의 최근 4분기 총매출을 평균 점포 수로 나눈 실제 과거 매출환경,현재 시장규모 확인 및 후보 상권 1차 선별,신규 브랜드 점포의 미래 매출예측 또는 출점 확정 근거로 단독 사용 금지,통과한 미래 매출예측모델 없음
3120232,송파나루역,발달상권,2026Q2,2025Q3~2026Q2 실제 관측,26213552.0,9.022556390977442,관측 상권 하위 25%,-28.650729963901234,전년동기 대비 감소,2.0,54.177339536410734,분기별 변동 큼,"서울 최신 점포 관측 상권 1,186개 중 최근 4분기 매출·점포가 모두 관측된 399개 상권",기존 제과점의 최근 4분기 총매출을 평균 점포 수로 나눈 실제 과거 매출환경,현재 시장규모 확인 및 후보 상권 1차 선별,신규 브랜드 점포의 미래 매출예측 또는 출점 확정 근거로 단독 사용 금지,통과한 미래 매출예측모델 없음
3110008,배화여자대학교(박노수미술관),골목상권,2026Q2,2025Q3~2026Q2 실제 관측,26141402.82352941,8.771929824561402,관측 상권 하위 25%,-9.681317274581824,전년동기 수준 유지,8.5,16.732095122467154,분기별 변동 보통,"서울 최신 점포 관측 상권 1,186개 중 최근 4분기 매출·점포가 모두 관측된 399개 상권",기존 제과점의 최근 4분기 총매출을 평균 점포 수로 나눈 실제 과거 매출환경,현재 시장규모 확인 및 후보 상권 1차 선별,신규 브랜드 점포의 미래 매출예측 또는 출점 확정 근거로 단독 사용 금지,통과한 미래 매출예측모델 없음
3130115,우림골목시장,전통시장,2026Q2,2025Q3~2026Q2 실제 관측,23836978.666666668,8.521303258145362,관측 상권 하위 25%,-45.65706679344779,전년동기 대비 감소,4.5,41.86650690589738,분기별 변동 주의,"서울 최신 점포 관측 상권 1,186개 중 최근 4분기 매출·점포가 모두 관측된 399개 상권",기존 제과점의 최근 4분기 총매출을 평균 점포 수로 나눈 실제 과거 매출환경,현재 시장규모 확인 및 후보 상권 1차 선별,신규 브랜드 점포의 미래 매출예측 또는 출점 확정 근거로 단독 사용 금지,통과한 미래 매출예측모델 없음
3110554,망원역 1번,골목상권,2026Q2,2025Q3~2026Q2 실제 관측,23392234.0,8.270676691729323,관측 상권 하위 25%,6.86775296594031,전년동기 수준 유지,6.0,22.840627601597898,분기별 변동 보통,"서울 최신 점포 관측 상권 1,186개 중 최근 4분기 매출·점포가 모두 관측된 399개 상권",기존 제과점의 최근 4분기 총매출을 평균 점포 수로 나눈 실제 과거 매출환경,현재 시장규모 확인 및 후보 상권 1차 선별,신규 브랜드 점포의 미래 매출예측 또는 출점 확정 근거로 단독 사용 금지,통과한 미래 매출예측모델 없음
3110465,연신내역 7번,골목상권,2026Q2,2025Q3~2026Q2 실제 관측,22841039.61904762,8.020050125313283,관측 상권 하위 25%,3.227912281319889,전년동기 수준 유지,5.25,16.00853326696779,분기별 변동 보통,"서울 최신 점포 관측 상권 1,186개 중 최근 4분기 매출·점포가 모두 관측된 399개 상권",기존 제과점의 최근 4분기 총매출을 평균 점포 수로 나눈 실제 과거 매출환경,현재 시장규모 확인 및 후보 상권 1차 선별,신규 브랜드 점포의 미래 매출예측 또는 출점 확정 근거로 단독 사용 금지,통과한 미래 매출예측모델 없음
3111013,송파나루역 1번(송리단길),골목상권,2026Q2,2025Q3~2026Q2 실제 관측,22716381.066666666,7.769423558897243,관측 상권 하위 25%,15.344758942106473,전년동기 대비 증가,22.5,17.73910326204333,분기별 변동 보통,"서울 최신 점포 관측 상권 1,186개 중 최근 4분기 매출·점포가 모두 관측된 399개 상권",기존 제과점의 최근 4분기 총매출을 평균 점포 수로 나눈 실제 과거 매출환경,현재 시장규모 확인 및 후보 상권 1차 선별,신규 브랜드 점포의 미래 매출예측 또는 출점 확정 근거로 단독 사용 금지,통과한 미래 매출예측모델 없음
3110562,연트럴파크(연남동주민센터),골목상권,2026Q2,2025Q3~2026Q2 실제 관측,22200658.376811594,7.518796992481203,관측 상권 하위 25%,-17.24203771131313,전년동기 대비 감소,17.25,14.4959258581234,분기별 변동 보통,"서울 최신 점포 관측 상권 1,186개 중 최근 4분기 매출·점포가 모두 관측된 399개 상권",기존 제과점의 최근 4분기 총매출을 평균 점포 수로 나눈 실제 과거 매출환경,현재 시장규모 확인 및 후보 상권 1차 선별,신규 브랜드 점포의 미래 매출예측 또는 출점 확정 근거로 단독 사용 금지,통과한 미래 매출예측모델 없음
3120200,학동사거리,발달상권,2026Q2,2025Q3~2026Q2 실제 관측,22169643.53846154,7.268170426065162,관측 상권 하위 25%,-14.186503614699097,전년동기 대비 감소,13.0,41.663466464791995,분기별 변동 주의,"서울 최신 점포 관측 상권 1,186개 중 최근 4분기 매출·점포가 모두 관측된 399개 상권",기존 제과점의 최근 4분기 총매출을 평균 점포 수로 나눈 실제 과거 매출환경,현재 시장규모 확인 및 후보 상권 1차 선별,신규 브랜드 점포의 미래 매출예측 또는 출점 확정 근거로 단독 사용 금지,통과한 미래 매출예측모델 없음
3120167,고속터미널(고속터미널역),발달상권,2026Q2,2025Q3~2026Q2 실제 관측,21464602.86956522,7.017543859649122,관측 상권 하위 25%,3.4451334842372727,전년동기 수준 유지,23.0,7.9038882458020305,분기별 변동 보통,"서울 최신 점포 관측 상권 1,186개 중 최근 4분기 매출·점포가 모두 관측된 399개 상권",기존 제과점의 최근 4분기 총매출을 평균 점포 수로 나눈 실제 과거 매출환경,현재 시장규모 확인 및 후보 상권 1차 선별,신규 브랜드 점포의 미래 매출예측 또는 출점 확정 근거로 단독 사용 금지,통과한 미래 매출예측모델 없음
3120202,압구정로데오역(압구정로데오),발달상권,2026Q2,2025Q3~2026Q2 실제 관측,20370502.979591835,6.7669172932330826,관측 상권 하위 25%,-49.919834149070695,전년동기 대비 감소,24.5,7.970018932444293,분기별 변동 보통,"서울 최신 점포 관측 상권 1,186개 중 최근 4분기 매출·점포가 모두 관측된 399개 상권",기존 제과점의 최근 4분기 총매출을 평균 점포 수로 나눈 실제 과거 매출환경,현재 시장규모 확인 및 후보 상권 1차 선별,신규 브랜드 점포의 미래 매출예측 또는 출점 확정 근거로 단독 사용 금지,통과한 미래 매출예측모델 없음
3110174,아차산역 1번,골목상권,2026Q2,2025Q3~2026Q2 실제 관측,19011715.166666668,6.516290726817042,관측 상권 하위 25%,-14.565954609755149,전년동기 대비 감소,6.0,10.095047772617306,분기별 변동 보통,"서울 최신 점포 관측 상권 1,186개 중 최근 4분기 매출·점포가 모두 관측된 399개 상권",기존 제과점의 최근 4분기 총매출을 평균 점포 수로 나눈 실제 과거 매출환경,현재 시장규모 확인 및 후보 상권 1차 선별,신규 브랜드 점포의 미래 매출예측 또는 출점 확정 근거로 단독 사용 금지,통과한 미래 매출예측모델 없음
3120108,신정네거리역,발달상권,2026Q2,2025Q3~2026Q2 실제 관측,17578834.133333333,6.265664160401002,관측 상권 하위 25%,12.145190708767117,전년동기 대비 증가,7.5,7.635111671469283,분기별 변동 보통,"서울 최신 점포 관측 상권 1,186개 중 최근 4분기 매출·점포가 모두 관측된 399개 상권",기존 제과점의 최근 4분기 총매출을 평균 점포 수로 나눈 실제 과거 매출환경,현재 시장규모 확인 및 후보 상권 1차 선별,신규 브랜드 점포의 미래 매출예측 또는 출점 확정 근거로 단독 사용 금지,통과한 미래 매출예측모델 없음
3120130,구로디지털단지역,발달상권,2026Q2,2025Q3~2026Q2 실제 관측,16930650.0,6.015037593984962,관측 상권 하위 25%,39.703780639497445,전년동기 대비 증가,4.0,29.82385185667839,분기별 변동 주의,"서울 최신 점포 관측 상권 1,186개 중 최근 4분기 매출·점포가 모두 관측된 399개 상권",기존 제과점의 최근 4분기 총매출을 평균 점포 수로 나눈 실제 과거 매출환경,현재 시장규모 확인 및 후보 상권 1차 선별,신규 브랜드 점포의 미래 매출예측 또는 출점 확정 근거로 단독 사용 금지,통과한 미래 매출예측모델 없음
3110095,한강진역 3번,골목상권,2026Q2,2025Q3~2026Q2 실제 관측,15714800.59574468,5.764411027568922,관측 상권 하위 25%,-70.56180505483897,전년동기 대비 감소,11.75,10.284296229674203,분기별 변동 보통,"서울 최신 점포 관측 상권 1,186개 중 최근 4분기 매출·점포가 모두 관측된 399개 상권",기존 제과점의 최근 4분기 총매출을 평균 점포 수로 나눈 실제 과거 매출환경,현재 시장규모 확인 및 후보 상권 1차 선별,신규 브랜드 점포의 미래 매출예측 또는 출점 확정 근거로 단독 사용 금지,통과한 미래 매출예측모델 없음
3110403,방학1동주민센터,골목상권,2026Q2,2025Q3~2026Q2 실제 관측,14330054.25,5.513784461152882,관측 상권 하위 25%,18.114178282717553,전년동기 대비 증가,4.0,27.23284651833977,분기별 변동 주의,"서울 최신 점포 관측 상권 1,186개 중 최근 4분기 매출·점포가 모두 관측된 399개 상권",기존 제과점의 최근 4분기 총매출을 평균 점포 수로 나눈 실제 과거 매출환경,현재 시장규모 확인 및 후보 상권 1차 선별,신규 브랜드 점포의 미래 매출예측 또는 출점 확정 근거로 단독 사용 금지,통과한 미래 매출예측모델 없음
3110241,먹골역 5번,골목상권,2026Q2,2025Q3~2026Q2 실제 관측,14275118.333333334,5.263157894736842,관측 상권 하위 25%,33.10184940572889,전년동기 대비 증가,3.0,12.263382470879433,분기별 변동 보통,"서울 최신 점포 관측 상권 1,186개 중 최근 4분기 매출·점포가 모두 관측된 399개 상권",기존 제과점의 최근 4분기 총매출을 평균 점포 수로 나눈 실제 과거 매출환경,현재 시장규모 확인 및 후보 상권 1차 선별,신규 브랜드 점포의 미래 매출예측 또는 출점 확정 근거로 단독 사용 금지,통과한 미래 매출예측모델 없음
3110415,수락산역 4번,골목상권,2026Q2,2025Q3~2026Q2 실제 관측,14019611.777777778,5.012531328320802,관측 상권 하위 25%,,전년동기 수준 유지,4.5,14.142111355459553,분기별 변동 보통,"서울 최신 점포 관측 상권 1,186개 중 최근 4분기 매출·점포가 모두 관측된 399개 상권",기존 제과점의 최근 4분기 총매출을 평균 점포 수로 나눈 실제 과거 매출환경,현재 시장규모 확인 및 후보 상권 1차 선별,신규 브랜드 점포의 미래 매출예측 또는 출점 확정 근거로 단독 사용 금지,통과한 미래 매출예측모델 없음
3110028,이화달팽이길,골목상권,2026Q2,2025Q3~2026Q2 실제 관측,13014411.789473685,4.761904761904762,관측 상권 하위 25%,-23.419030258766504,전년동기 대비 감소,4.75,34.49537642187326,분기별 변동 주의,"서울 최신 점포 관측 상권 1,186개 중 최근 4분기 매출·점포가 모두 관측된 399개 상권",기존 제과점의 최근 4분기 총매출을 평균 점포 수로 나눈 실제 과거 매출환경,현재 시장규모 확인 및 후보 상권 1차 선별,신규 브랜드 점포의 미래 매출예측 또는 출점 확정 근거로 단독 사용 금지,통과한 미래 매출예측모델 없음
3110315,종암아이파크2차,골목상권,2026Q2,2025Q3~2026Q2 실제 관측,12129340.615384616,4.511278195488721,관측 상권 하위 25%,-31.292958521968682,전년동기 대비 감소,6.5,12.437515472226128,분기별 변동 보통,"서울 최신 점포 관측 상권 1,186개 중 최근 4분기 매출·점포가 모두 관측된 399개 상권",기존 제과점의 최근 4분기 총매출을 평균 점포 수로 나눈 실제 과거 매출환경,현재 시장규모 확인 및 후보 상권 1차 선별,신규 브랜드 점포의 미래 매출예측 또는 출점 확정 근거로 단독 사용 금지,통과한 미래 매출예측모델 없음
3110612,신정역 5번,골목상권,2026Q2,2025Q3~2026Q2 실제 관측,11578598.333333334,4.260651629072681,관측 상권 하위 25%,,전년동기 수준 유지,3.0,11.064617393243324,분기별 변동 보통,"서울 최신 점포 관측 상권 1,186개 중 최근 4분기 매출·점포가 모두 관측된 399개 상권",기존 제과점의 최근 4분기 총매출을 평균 점포 수로 나눈 실제 과거 매출환경,현재 시장규모 확인 및 후보 상권 1차 선별,신규 브랜드 점포의 미래 매출예측 또는 출점 확정 근거로 단독 사용 금지,통과한 미래 매출예측모델 없음
3110424,상계초등학교,골목상권,2026Q2,2025Q3~2026Q2 실제 관측,11486362.52631579,4.010025062656641,관측 상권 하위 25%,11.133088577578398,전년동기 대비 증가,4.75,11.390241798020886,분기별 변동 보통,"서울 최신 점포 관측 상권 1,186개 중 최근 4분기 매출·점포가 모두 관측된 399개 상권",기존 제과점의 최근 4분기 총매출을 평균 점포 수로 나눈 실제 과거 매출환경,현재 시장규모 확인 및 후보 상권 1차 선별,신규 브랜드 점포의 미래 매출예측 또는 출점 확정 근거로 단독 사용 금지,통과한 미래 매출예측모델 없음
3110351,수유북부시장옆,골목상권,2026Q2,2025Q3~2026Q2 실제 관측,10278544.333333334,3.7593984962406015,관측 상권 하위 25%,52.83406580824936,전년동기 대비 증가,3.0,21.41412516483371,분기별 변동 보통,"서울 최신 점포 관측 상권 1,186개 중 최근 4분기 매출·점포가 모두 관측된 399개 상권",기존 제과점의 최근 4분기 총매출을 평균 점포 수로 나눈 실제 과거 매출환경,현재 시장규모 확인 및 후보 상권 1차 선별,신규 브랜드 점포의 미래 매출예측 또는 출점 확정 근거로 단독 사용 금지,통과한 미래 매출예측모델 없음
3120018,중림동,발달상권,2026Q2,2025Q3~2026Q2 실제 관측,10254823.2,3.508771929824561,관측 상권 하위 25%,26.41433576842811,전년동기 대비 증가,5.0,25.202689205875718,분기별 변동 주의,"서울 최신 점포 관측 상권 1,186개 중 최근 4분기 매출·점포가 모두 관측된 399개 상권",기존 제과점의 최근 4분기 총매출을 평균 점포 수로 나눈 실제 과거 매출환경,현재 시장규모 확인 및 후보 상권 1차 선별,신규 브랜드 점포의 미래 매출예측 또는 출점 확정 근거로 단독 사용 금지,통과한 미래 매출예측모델 없음
3111010,석촌역 7번,골목상권,2026Q2,2025Q3~2026Q2 실제 관측,8631692.1,3.258145363408521,관측 상권 하위 25%,-25.831302398422494,전년동기 대비 감소,10.0,6.450355263351607,분기별 변동 보통,"서울 최신 점포 관측 상권 1,186개 중 최근 4분기 매출·점포가 모두 관측된 399개 상권",기존 제과점의 최근 4분기 총매출을 평균 점포 수로 나눈 실제 과거 매출환경,현재 시장규모 확인 및 후보 상권 1차 선별,신규 브랜드 점포의 미래 매출예측 또는 출점 확정 근거로 단독 사용 금지,통과한 미래 매출예측모델 없음
3110656,까치산역 3번,골목상권,2026Q2,2025Q3~2026Q2 실제 관측,8055862.6,3.007518796992481,관측 상권 하위 25%,-0.8939966695583057,전년동기 수준 유지,5.0,22.710980556337784,분기별 변동 보통,"서울 최신 점포 관측 상권 1,186개 중 최근 4분기 매출·점포가 모두 관측된 399개 상권",기존 제과점의 최근 4분기 총매출을 평균 점포 수로 나눈 실제 과거 매출환경,현재 시장규모 확인 및 후보 상권 1차 선별,신규 브랜드 점포의 미래 매출예측 또는 출점 확정 근거로 단독 사용 금지,통과한 미래 매출예측모델 없음
3110291,한성대입구역 3번,골목상권,2026Q2,2025Q3~2026Q2 실제 관측,6857142.857142857,2.756892230576441,관측 상권 하위 25%,-14.28571428571428,전년동기 대비 감소,3.5,16.49572197684645,분기별 변동 보통,"서울 최신 점포 관측 상권 1,186개 중 최근 4분기 매출·점포가 모두 관측된 399개 상권",기존 제과점의 최근 4분기 총매출을 평균 점포 수로 나눈 실제 과거 매출환경,현재 시장규모 확인 및 후보 상권 1차 선별,신규 브랜드 점포의 미래 매출예측 또는 출점 확정 근거로 단독 사용 금지,통과한 미래 매출예측모델 없음
3130191,홍대 걷고싶은 거리,전통시장,2026Q2,2025Q3~2026Q2 실제 관측,5932188.8,2.506265664160401,관측 상권 하위 25%,-85.73197591707785,전년동기 대비 감소,3.75,13.460902796388487,분기별 변동 보통,"서울 최신 점포 관측 상권 1,186개 중 최근 4분기 매출·점포가 모두 관측된 399개 상권",기존 제과점의 최근 4분기 총매출을 평균 점포 수로 나눈 실제 과거 매출환경,현재 시장규모 확인 및 후보 상권 1차 선별,신규 브랜드 점포의 미래 매출예측 또는 출점 확정 근거로 단독 사용 금지,통과한 미래 매출예측모델 없음
3111077,길동주민센터(강동도서관),골목상권,2026Q2,2025Q3~2026Q2 실제 관측,5845565.866666666,2.2556390977443606,관측 상권 하위 25%,134.31494598918633,전년동기 대비 증가,3.75,63.28506157204799,분기별 변동 큼,"서울 최신 점포 관측 상권 1,186개 중 최근 4분기 매출·점포가 모두 관측된 399개 상권",기존 제과점의 최근 4분기 총매출을 평균 점포 수로 나눈 실제 과거 매출환경,현재 시장규모 확인 및 후보 상권 1차 선별,신규 브랜드 점포의 미래 매출예측 또는 출점 확정 근거로 단독 사용 금지,통과한 미래 매출예측모델 없음
3111061,암사역 1번,골목상권,2026Q2,2025Q3~2026Q2 실제 관측,5072229.142857143,2.0050125313283207,관측 상권 하위 25%,-5.879854901837178,전년동기 수준 유지,7.0,26.073520815671127,분기별 변동 주의,"서울 최신 점포 관측 상권 1,186개 중 최근 4분기 매출·점포가 모두 관측된 399개 상권",기존 제과점의 최근 4분기 총매출을 평균 점포 수로 나눈 실제 과거 매출환경,현재 시장규모 확인 및 후보 상권 1차 선별,신규 브랜드 점포의 미래 매출예측 또는 출점 확정 근거로 단독 사용 금지,통과한 미래 매출예측모델 없음
3110205,경희대삼거리,골목상권,2026Q2,2025Q3~2026Q2 실제 관측,4922829.285714285,1.7543859649122806,관측 상권 하위 25%,-7.039373984603092,전년동기 수준 유지,7.0,29.021744908753618,분기별 변동 주의,"서울 최신 점포 관측 상권 1,186개 중 최근 4분기 매출·점포가 모두 관측된 399개 상권",기존 제과점의 최근 4분기 총매출을 평균 점포 수로 나눈 실제 과거 매출환경,현재 시장규모 확인 및 후보 상권 1차 선별,신규 브랜드 점포의 미래 매출예측 또는 출점 확정 근거로 단독 사용 금지,통과한 미래 매출예측모델 없음
3110671,등촌1동주민센터,골목상권,2026Q2,2025Q3~2026Q2 실제 관측,4464885.285714285,1.5037593984962405,관측 상권 하위 25%,,전년동기 수준 유지,7.0,50.49782050001812,분기별 변동 큼,"서울 최신 점포 관측 상권 1,186개 중 최근 4분기 매출·점포가 모두 관측된 399개 상권",기존 제과점의 최근 4분기 총매출을 평균 점포 수로 나눈 실제 과거 매출환경,현재 시장규모 확인 및 후보 상권 1차 선별,신규 브랜드 점포의 미래 매출예측 또는 출점 확정 근거로 단독 사용 금지,통과한 미래 매출예측모델 없음
3110544,망리단길,골목상권,2026Q2,2025Q3~2026Q2 실제 관측,3027611.407407407,1.2531328320802004,관측 상권 하위 25%,0.3054045337626654,전년동기 수준 유지,47.25,36.89306651423473,분기별 변동 주의,"서울 최신 점포 관측 상권 1,186개 중 최근 4분기 매출·점포가 모두 관측된 399개 상권",기존 제과점의 최근 4분기 총매출을 평균 점포 수로 나눈 실제 과거 매출환경,현재 시장규모 확인 및 후보 상권 1차 선별,신규 브랜드 점포의 미래 매출예측 또는 출점 확정 근거로 단독 사용 금지,통과한 미래 매출예측모델 없음
3110566,경의선책거리,골목상권,2026Q2,2025Q3~2026Q2 실제 관측,2611175.111111111,1.0025062656641603,관측 상권 하위 25%,119.45398042410345,전년동기 대비 증가,13.5,132.59874648543132,분기별 변동 큼,"서울 최신 점포 관측 상권 1,186개 중 최근 4분기 매출·점포가 모두 관측된 399개 상권",기존 제과점의 최근 4분기 총매출을 평균 점포 수로 나눈 실제 과거 매출환경,현재 시장규모 확인 및 후보 상권 1차 선별,신규 브랜드 점포의 미래 매출예측 또는 출점 확정 근거로 단독 사용 금지,통과한 미래 매출예측모델 없음
3110846,남성역 1번,골목상권,2026Q2,2025Q3~2026Q2 실제 관측,2047660.0,0.7518796992481203,관측 상권 하위 25%,-87.9883752815294,전년동기 대비 감소,3.0,82.02030402097252,분기별 변동 큼,"서울 최신 점포 관측 상권 1,186개 중 최근 4분기 매출·점포가 모두 관측된 399개 상권",기존 제과점의 최근 4분기 총매출을 평균 점포 수로 나눈 실제 과거 매출환경,현재 시장규모 확인 및 후보 상권 1차 선별,신규 브랜드 점포의 미래 매출예측 또는 출점 확정 근거로 단독 사용 금지,통과한 미래 매출예측모델 없음
3111012,석촌역 6번,골목상권,2026Q2,2025Q3~2026Q2 실제 관측,821893.3333333334,0.5012531328320802,관측 상권 하위 25%,,전년동기 수준 유지,6.0,82.04958326407106,분기별 변동 큼,"서울 최신 점포 관측 상권 1,186개 중 최근 4분기 매출·점포가 모두 관측된 399개 상권",기존 제과점의 최근 4분기 총매출을 평균 점포 수로 나눈 실제 과거 매출환경,현재 시장규모 확인 및 후보 상권 1차 선별,신규 브랜드 점포의 미래 매출예측 또는 출점 확정 근거로 단독 사용 금지,통과한 미래 매출예측모델 없음
3110509,연희대우아파트앞,골목상권,2026Q2,2025Q3~2026Q2 실제 관측,638651.2,0.2506265664160401,관측 상권 하위 25%,-40.05764912329203,전년동기 대비 감소,5.0,68.18383719176886,분기별 변동 큼,"서울 최신 점포 관측 상권 1,186개 중 최근 4분기 매출·점포가 모두 관측된 399개 상권",기존 제과점의 최근 4분기 총매출을 평균 점포 수로 나눈 실제 과거 매출환경,현재 시장규모 확인 및 후보 상권 1차 선별,신규 브랜드 점포의 미래 매출예측 또는 출점 확정 근거로 단독 사용 금지,통과한 미래 매출예측모델 없음
