area_id,area_name,ccg_id_model,bakery_thsmon_selng_amt,bakery_thsmon_selng_co,bakery_avg_ticket,market_opportunity_score,bc_female_share_amt,bc_foreign_share_amt,bc_corporate_share_amt,bc_age_cd_1_share_amt,bc_age_cd_2_share_amt,bc_age_cd_3_share_amt,bc_age_cd_4_share_amt,bc_age_cd_5_share_amt,bc_age_cd_6_share_amt,brand_id,brand_name,brand_dna_affinity_score,brand_already_present_in_area,same_brand_nearest_distance_m,bakery_competitor_nearest_m_excl_brand,bakery_competitor_count_500m_excl_brand,bakery_competitor_count_1000m_excl_brand,competition_risk_score,eligible_new_opening,score_brand_fit_first,score_balanced,score_market_first,rank_brand_fit_first,rank_balanced,rank_market_first,robust_rank,pareto_front_da,store_size_recommendation,store_size_note,area_dna_distance,area_dna_fit_score,profile_status,eligible_new_opening_fit_first,scenario,scenario_eligible,fit_first_score,fit_first_rank,area_fit_mean,area_fit_std,relative_brand_advantage_raw,relative_brand_advantage_score,absolute_fit_pass,contrastive_eligible,contrastive_score,contrastive_rank,relative_effect_score,relative_effect_z,risk_pass,same_brand_distance_pass,final_suitability_score,final_rank,profile_area_count,top20_jaccard_mean,top50_jaccard_mean,profile_stability,selected_scenario,model_use_note,absolute_fit_percentile,brand_specificity_percentile,market_opportunity_percentile,low_competition_risk_percentile,structured_evidence,risk_review_flag,store_size_status,context_quality,use_menu_presence_experiment,use_text_embedding_experiment,direct_price_observed,price_tier_status,eligible_candidate_pool_count,available_recommendation_count,recommendation_availability_status,positive_drivers,caution_flags,llm_allowed_facts
3110943,법제교육센터(버들어린이공원),11650,849985150.0,98576.0,8622.637863171563,0.812471131639723,0.7619047619047619,0.2857142857142857,0.7023809523809523,0.6785714285714286,0.8293650793650794,0.7777777777777778,0.42857142857142855,0.08333333333333333,0.5198412698412699,BRD_20220253,곤트란쉐리에(Gontran Cherrier),0.9780600461893765,False,2292.031413415874,67.35725648954265,25,54,0.6466512702078522,True,0.9283833718244804,0.8952655889145498,0.862147806004619,7.0,15.0,21.0,14.333333333333334,False,direct_size_estimation_deferred,매장 면적·좌석·점포별 매출이 없어 규모별 적합도와 argmax 규모는 산출하지 않음,0.49447806412681716,0.9653579676674365,usable_area_profile,True,conservative_fit,True,0.6700461893764436,14.0,0.8574865280985374,0.06302143766630533,1.7116626272487119,0.9515011547344111,True,True,0.8169515011547345,2.0,0.8558313136243559,1.7116626272487119,True,True,0.7385536713622092,1.0,11,0.4653759401850119,0.6132688584014039,moderate_profile_stability,conservative_fit,상권 환경 프로필이 보통 안정성이므로 절대 적합도를 더 엄격히 보는 보수 시나리오를 사용,0.9676674364896074,0.9515011547344111,0.8545034642032333,0.2840646651270208,brand_environment_fit=0.968 | brand_specific_advantage=0.952 | market_opportunity=0.855 | low_competition_risk=0.284,profile_stability_moderate__confirm_local_site_conditions,not_recommended__no_store_area_seat_or_store_outcome_data,rich,True,True,False,not_observable_from_current_official_html,70,20,top20_available,brand_environment_fit=0.968 | brand_specific_advantage=0.952 | market_opportunity=0.855,profile_stability_moderate | competition_risk_elevated_but_below_exclusion,positive_drivers=brand_environment_fit=0.968 | brand_specific_advantage=0.952 | market_opportunity=0.855 || caution_flags=profile_stability_moderate | competition_risk_elevated_but_below_exclusion || profile_stability=moderate_profile_stability || available_recommendation_count=20
3130147,쌍문역동측상점가,11320,2520521582.0,295704.0,8523.799414279145,0.8990762124711316,0.7182539682539683,0.11904761904761904,0.6071428571428571,0.25793650793650796,0.3611111111111111,0.24603174603174602,0.19047619047619047,0.4246031746031746,0.9126984126984127,BRD_20220253,곤트란쉐리에(Gontran Cherrier),0.03579676674364896,False,7608.334508922631,76.05918750239688,27,48,0.6385681293302541,True,0.29478060046189375,0.46743648960739026,0.6400923787528868,335.0,222.0,119.0,225.33333333333334,False,direct_size_estimation_deferred,매장 면적·좌석·점포별 매출이 없어 규모별 적합도와 argmax 규모는 산출하지 않음,0.6968078858662622,0.8083140877598153,usable_area_profile,True,conservative_fit,True,0.6230484988452656,33.0,0.6961123941493456,0.054715264551979156,2.050647009188429,0.9884526558891455,True,True,0.8118129330254041,3.0,1.0,2.050647009188429,True,True,0.7342378752886837,2.0,11,0.4653759401850119,0.6132688584014039,moderate_profile_stability,conservative_fit,상권 환경 프로필이 보통 안정성이므로 절대 적합도를 더 엄격히 보는 보수 시나리오를 사용,0.8106235565819861,0.9930715935334873,0.9399538106235565,0.302540415704388,brand_specific_advantage=0.993 | market_opportunity=0.940 | brand_environment_fit=0.811 | low_competition_risk=0.303,profile_stability_moderate__confirm_local_site_conditions,not_recommended__no_store_area_seat_or_store_outcome_data,rich,True,True,False,not_observable_from_current_official_html,70,20,top20_available,brand_specific_advantage=0.993 | market_opportunity=0.940 | brand_environment_fit=0.811,profile_stability_moderate | competition_risk_elevated_but_below_exclusion,positive_drivers=brand_specific_advantage=0.993 | market_opportunity=0.940 | brand_environment_fit=0.811 || caution_flags=profile_stability_moderate | competition_risk_elevated_but_below_exclusion || profile_stability=moderate_profile_stability || available_recommendation_count=20
3120151,보라매공원,11590,648870341.0,67412.0,9625.442665994186,0.7726327944572748,0.8611111111111112,0.5158730158730159,0.42857142857142855,0.753968253968254,0.9563492063492064,0.6626984126984127,0.11507936507936507,0.09523809523809523,0.5674603174603174,BRD_20220253,곤트란쉐리에(Gontran Cherrier),0.4792147806004619,False,5082.831494373608,16.492422502230646,17,70,0.7118937644341802,True,0.5672401847575058,0.6259237875288683,0.684607390300231,160.0,112.0,93.0,121.66666666666667,False,direct_size_estimation_deferred,매장 면적·좌석·점포별 매출이 없어 규모별 적합도와 argmax 규모는 산출하지 않음,0.36217878850681606,0.9884526558891455,usable_area_profile,True,conservative_fit,True,0.6578637413394919,19.0,0.9259045419553503,0.04022615119855289,1.5549117196189863,0.9422632794457275,True,True,0.7984468822170901,5.0,0.7774558598094932,1.5549117196189863,True,True,0.7117138494789322,3.0,11,0.4653759401850119,0.6132688584014039,moderate_profile_stability,conservative_fit,상권 환경 프로필이 보통 안정성이므로 절대 적합도를 더 엄격히 보는 보수 시나리오를 사용,0.9907621247113164,0.9422632794457275,0.8048498845265589,0.19399538106235567,brand_environment_fit=0.991 | brand_specific_advantage=0.942 | market_opportunity=0.805 | low_competition_risk=0.194,profile_stability_moderate__confirm_local_site_conditions,not_recommended__no_store_area_seat_or_store_outcome_data,rich,True,True,False,not_observable_from_current_official_html,70,20,top20_available,brand_environment_fit=0.991 | brand_specific_advantage=0.942 | market_opportunity=0.805,profile_stability_moderate | competition_risk_elevated_but_below_exclusion,positive_drivers=brand_environment_fit=0.991 | brand_specific_advantage=0.942 | market_opportunity=0.805 || caution_flags=profile_stability_moderate | competition_risk_elevated_but_below_exclusion || profile_stability=moderate_profile_stability || available_recommendation_count=20
3130225,개봉중앙시장,11530,344218588.0,30618.0,11242.360310928212,0.6080831408775981,0.8412698412698413,0.8373015873015873,0.5753968253968254,0.5238095238095238,0.7579365079365079,0.7380952380952381,0.18253968253968253,0.12698412698412698,0.7658730158730159,BRD_20220253,곤트란쉐리에(Gontran Cherrier),0.41570438799076215,False,10665.247582699703,10.630145801632635,11,31,0.5877598152424942,True,0.4734180138568129,0.5118937644341801,0.5503695150115473,219.0,193.0,180.0,197.33333333333334,False,direct_size_estimation_deferred,매장 면적·좌석·점포별 매출이 없어 규모별 적합도와 argmax 규모는 산출하지 않음,0.5082992941895126,0.9561200923787528,usable_area_profile,True,conservative_fit,True,0.6027251732101617,46.0,0.8553695150115473,0.05916228831081867,1.7029526788736773,0.9491916859122402,True,True,0.7607736720554272,14.0,0.8514763394368386,1.7029526788736773,True,True,0.6885619255058609,4.0,11,0.4653759401850119,0.6132688584014039,moderate_profile_stability,conservative_fit,상권 환경 프로필이 보통 안정성이므로 절대 적합도를 더 엄격히 보는 보수 시나리오를 사용,0.9584295612009238,0.9491916859122402,0.6166281755196305,0.3856812933025404,brand_environment_fit=0.958 | brand_specific_advantage=0.949 | market_opportunity=0.617 | low_competition_risk=0.386,profile_stability_moderate__confirm_local_site_conditions,not_recommended__no_store_area_seat_or_store_outcome_data,rich,True,True,False,not_observable_from_current_official_html,70,20,top20_available,brand_environment_fit=0.958 | brand_specific_advantage=0.949,profile_stability_moderate | competition_risk_moderate,positive_drivers=brand_environment_fit=0.958 | brand_specific_advantage=0.949 || caution_flags=profile_stability_moderate | competition_risk_moderate || profile_stability=moderate_profile_stability || available_recommendation_count=20
3120209,"강남구청(청담역_8번, 강남세무서)",11680,483776692.0,36343.0,13311.413257023361,0.7004618937644341,0.7817460317460317,0.18253968253968253,0.75,0.6468253968253969,0.8531746031746031,0.9206349206349206,0.4365079365079365,0.027777777777777776,0.4880952380952381,BRD_20220253,곤트란쉐리에(Gontran Cherrier),0.9214780600461894,False,1737.8567259423007,63.65532180510046,17,57,0.5213625866050808,True,0.8551732101616627,0.8109699769053118,0.7667667436489607,30.0,37.0,52.0,39.666666666666664,False,direct_size_estimation_deferred,매장 면적·좌석·점포별 매출이 없어 규모별 적합도와 argmax 규모는 산출하지 않음,0.746851899060157,0.7782909930715936,usable_area_profile,True,conservative_fit,True,0.5561027713625866,73.0,0.618841416474211,0.08037678346957473,1.9837765299197312,0.9838337182448037,True,True,0.7589549653579677,15.0,0.9918882649598656,1.9837765299197312,True,True,0.6822676782492043,5.0,11,0.4653759401850119,0.6132688584014039,moderate_profile_stability,conservative_fit,상권 환경 프로필이 보통 안정성이므로 절대 적합도를 더 엄격히 보는 보수 시나리오를 사용,0.7806004618937644,0.9838337182448037,0.7228637413394919,0.47113163972286376,brand_specific_advantage=0.984 | brand_environment_fit=0.781 | market_opportunity=0.723 | low_competition_risk=0.471,profile_stability_moderate__confirm_local_site_conditions,not_recommended__no_store_area_seat_or_store_outcome_data,rich,True,True,False,not_observable_from_current_official_html,70,20,top20_available,brand_specific_advantage=0.984 | brand_environment_fit=0.781 | market_opportunity=0.723,profile_stability_moderate | competition_risk_moderate,positive_drivers=brand_specific_advantage=0.984 | brand_environment_fit=0.781 | market_opportunity=0.723 || caution_flags=profile_stability_moderate | competition_risk_moderate || profile_stability=moderate_profile_stability || available_recommendation_count=20
3111090,강일동주민센터,11740,428404856.0,36116.0,11861.913168678702,0.6680138568129331,0.8452380952380952,0.06746031746031746,0.7063492063492064,0.38492063492063494,0.6626984126984127,0.7182539682539683,0.5833333333333334,0.06746031746031746,0.6507936507936508,BRD_20220253,곤트란쉐리에(Gontran Cherrier),0.7575057736720554,False,9922.732335395305,59.13543778863246,4,13,0.31177829099307164,True,0.7306581986143187,0.7127598152424943,0.6948614318706697,79.0,74.0,82.0,78.33333333333333,False,direct_size_estimation_deferred,매장 면적·좌석·점포별 매출이 없어 규모별 적합도와 argmax 규모는 산출하지 않음,0.7324799223876617,0.7829099307159353,usable_area_profile,True,conservative_fit,True,0.5784930715935335,61.0,0.6291377983063895,0.08289762773977448,1.854964208291398,0.9699769053117783,True,True,0.7765011547344112,10.0,0.927482104145699,1.854964208291398,True,True,0.680860133426725,6.0,11,0.4653759401850119,0.6132688584014039,moderate_profile_stability,conservative_fit,상권 환경 프로필이 보통 안정성이므로 절대 적합도를 더 엄격히 보는 보수 시나리오를 사용,0.7852193995381063,0.9699769053117783,0.6859122401847575,0.792147806004619,brand_specific_advantage=0.970 | low_competition_risk=0.792 | brand_environment_fit=0.785 | market_opportunity=0.686,profile_stability_moderate__confirm_local_site_conditions,not_recommended__no_store_area_seat_or_store_outcome_data,rich,True,True,False,not_observable_from_current_official_html,70,20,top20_available,brand_specific_advantage=0.970 | low_competition_risk=0.792 | brand_environment_fit=0.785,profile_stability_moderate,positive_drivers=brand_specific_advantage=0.970 | low_competition_risk=0.792 | brand_environment_fit=0.785 || caution_flags=profile_stability_moderate || profile_stability=moderate_profile_stability || available_recommendation_count=20
3120188,압구정역,11680,1784647410.0,134975.0,13222.058973884052,0.9404157043879908,0.7817460317460317,0.18253968253968253,0.75,0.6468253968253969,0.8531746031746031,0.9206349206349206,0.4365079365079365,0.027777777777777776,0.4880952380952381,BRD_20220253,곤트란쉐리에(Gontran Cherrier),0.9214780600461894,False,791.0935469567722,98.31073190628577,25,97,0.5323325635103926,True,0.9271593533487297,0.9309468822170901,0.9347344110854503,9.0,4.0,7.0,6.666666666666667,False,direct_size_estimation_deferred,매장 면적·좌석·점포별 매출이 없어 규모별 적합도와 argmax 규모는 산출하지 않음,0.4268908830610167,0.9815242494226328,usable_area_profile,True,conservative_fit,True,0.7400577367205543,1.0,0.9592956120092379,0.027451419670695573,0.8097445480068952,0.76905311778291,True,True,0.804353348729792,4.0,0.4048722740034476,0.8097445480068952,True,True,0.6756984380158735,7.0,11,0.4653759401850119,0.6132688584014039,moderate_profile_stability,conservative_fit,상권 환경 프로필이 보통 안정성이므로 절대 적합도를 더 엄격히 보는 보수 시나리오를 사용,0.9838337182448037,0.76905311778291,0.9745958429561201,0.45958429561200925,brand_environment_fit=0.984 | market_opportunity=0.975 | brand_specific_advantage=0.769 | low_competition_risk=0.460,profile_stability_moderate__confirm_local_site_conditions,not_recommended__no_store_area_seat_or_store_outcome_data,rich,True,True,False,not_observable_from_current_official_html,70,20,top20_available,brand_environment_fit=0.984 | market_opportunity=0.975 | brand_specific_advantage=0.769,profile_stability_moderate | competition_risk_moderate | same_brand_distance_750m_to_1000m_review,positive_drivers=brand_environment_fit=0.984 | market_opportunity=0.975 | brand_specific_advantage=0.769 || caution_flags=profile_stability_moderate | competition_risk_moderate | same_brand_distance_750m_to_1000m_review || profile_stability=moderate_profile_stability || available_recommendation_count=20
3110690,오류2동버들시장,11530,236340399.0,20521.0,11517.002046683885,0.5033487297921478,0.8412698412698413,0.8373015873015873,0.5753968253968254,0.5238095238095238,0.7579365079365079,0.7380952380952381,0.18253968253968253,0.12698412698412698,0.7658730158730159,BRD_20220253,곤트란쉐리에(Gontran Cherrier),0.41570438799076215,False,11626.899887772835,56.612719422528826,14,25,0.47921478060046185,True,0.4419976905311779,0.459526558891455,0.4770554272517321,239.0,225.0,223.0,229.0,False,direct_size_estimation_deferred,매장 면적·좌석·점포별 매출이 없어 규모별 적합도와 argmax 규모는 산출하지 않음,0.5607224690887508,0.9284064665127021,usable_area_profile,True,conservative_fit,True,0.5684930715935335,68.0,0.8571016166281754,0.039805398718689856,1.7913361548881273,0.9630484988452656,True,True,0.7428637413394921,19.0,0.8956680774440636,1.7913361548881273,True,True,0.6731953103540875,8.0,11,0.4653759401850119,0.6132688584014039,moderate_profile_stability,conservative_fit,상권 환경 프로필이 보통 안정성이므로 절대 적합도를 더 엄격히 보는 보수 시나리오를 사용,0.930715935334873,0.9630484988452656,0.49191685912240185,0.5300230946882217,brand_specific_advantage=0.963 | brand_environment_fit=0.931 | low_competition_risk=0.530 | market_opportunity=0.492,profile_stability_moderate__confirm_local_site_conditions,not_recommended__no_store_area_seat_or_store_outcome_data,rich,True,True,False,not_observable_from_current_official_html,70,20,top20_available,brand_specific_advantage=0.963 | brand_environment_fit=0.931,profile_stability_moderate | competition_risk_moderate,positive_drivers=brand_specific_advantage=0.963 | brand_environment_fit=0.931 || caution_flags=profile_stability_moderate | competition_risk_moderate || profile_stability=moderate_profile_stability || available_recommendation_count=20
3120234,가락시장역,11710,130218275.0,11603.0,11222.8109109713,0.3446882217090069,0.8531746031746031,0.13095238095238096,0.6746031746031746,0.9325396825396826,0.8928571428571429,0.7063492063492064,0.4087301587301587,0.03968253968253968,0.5436507936507936,BRD_20220253,곤트란쉐리에(Gontran Cherrier),0.812933025404157,False,2901.622304866944,41.10960960294269,15,44,0.5715935334872979,True,0.672459584295612,0.578810623556582,0.4851616628175519,107.0,152.0,215.0,158.0,False,direct_size_estimation_deferred,매장 면적·좌석·점포별 매출이 없어 규모별 적합도와 argmax 규모는 산출하지 않음,0.4973116870970327,0.9630484988452656,usable_area_profile,True,conservative_fit,True,0.5164260969976905,102.0,0.8201501154734411,0.06797065669118905,2.102354020515859,0.9930715935334873,True,True,0.703810623556582,37.0,1.0,2.102354020515859,True,True,0.6642321016166282,9.0,11,0.4653759401850119,0.6132688584014039,moderate_profile_stability,conservative_fit,상권 환경 프로필이 보통 안정성이므로 절대 적합도를 더 엄격히 보는 보수 시나리오를 사용,0.9653579676674365,0.9930715935334873,0.325635103926097,0.41570438799076215,brand_specific_advantage=0.993 | brand_environment_fit=0.965 | low_competition_risk=0.416 | market_opportunity=0.326,profile_stability_moderate__confirm_local_site_conditions,not_recommended__no_store_area_seat_or_store_outcome_data,rich,True,True,False,not_observable_from_current_official_html,70,20,top20_available,brand_specific_advantage=0.993 | brand_environment_fit=0.965,profile_stability_moderate | competition_risk_moderate,positive_drivers=brand_specific_advantage=0.993 | brand_environment_fit=0.965 || caution_flags=profile_stability_moderate | competition_risk_moderate || profile_stability=moderate_profile_stability || available_recommendation_count=20
3120066,장한평역(장한평),11230,274354373.0,24121.0,11374.087848762489,0.5446882217090069,0.6904761904761905,0.5396825396825397,0.5714285714285714,0.9603174603174603,0.9126984126984127,0.4087301587301587,0.1865079365079365,0.09126984126984126,0.6825396825396826,BRD_20220253,곤트란쉐리에(Gontran Cherrier),0.31524249422632794,False,2050.1963320255477,70.34912932850425,9,28,0.3146651270207852,True,0.38407621247113155,0.42996535796766744,0.4758545034642032,277.0,249.0,227.0,251.0,False,direct_size_estimation_deferred,매장 면적·좌석·점포별 매출이 없어 규모별 적합도와 argmax 규모는 산출하지 않음,0.5701159170652009,0.9145496535796767,usable_area_profile,True,conservative_fit,True,0.600715935334873,48.0,0.8251539645881447,0.05832407008066144,1.5327409227082207,0.9399538106235565,True,True,0.7665531177829099,13.0,0.7663704613541104,1.5327409227082207,True,True,0.6621180194955715,10.0,11,0.4653759401850119,0.6132688584014039,moderate_profile_stability,conservative_fit,상권 환경 프로필이 보통 안정성이므로 절대 적합도를 더 엄격히 보는 보수 시나리오를 사용,0.9168591224018475,0.9399538106235565,0.5473441108545035,0.7875288683602771,brand_specific_advantage=0.940 | brand_environment_fit=0.917 | low_competition_risk=0.788 | market_opportunity=0.547,profile_stability_moderate__confirm_local_site_conditions,not_recommended__no_store_area_seat_or_store_outcome_data,rich,True,True,False,not_observable_from_current_official_html,70,20,top20_available,brand_specific_advantage=0.940 | brand_environment_fit=0.917 | low_competition_risk=0.788,profile_stability_moderate,positive_drivers=brand_specific_advantage=0.940 | brand_environment_fit=0.917 | low_competition_risk=0.788 || caution_flags=profile_stability_moderate || profile_stability=moderate_profile_stability || available_recommendation_count=20
3120107,공덕역(공덕오거리),11440,1051109080.0,111230.0,9449.870358716174,0.8578521939953809,0.9404761904761905,0.4246031746031746,0.5833333333333334,0.9642857142857143,0.9880952380952381,0.9841269841269841,0.1111111111111111,0.011904761904761904,0.051587301587301584,BRD_20220253,곤트란쉐리에(Gontran Cherrier),0.10969976905311778,False,3001.075973698278,80.05623025110103,24,77,0.5762124711316398,True,0.3341454965357967,0.48377598152424933,0.6334064665127019,310.0,211.0,122.0,214.33333333333334,False,direct_size_estimation_deferred,매장 면적·좌석·점포별 매출이 없어 규모별 적합도와 argmax 규모는 산출하지 않음,0.4311497730043973,0.976905311778291,usable_area_profile,True,conservative_fit,True,0.7022690531177829,6.0,0.9156081601231717,0.06710078505723298,0.9135087108569067,0.7944572748267898,True,True,0.7817782909930715,8.0,0.45675435542845333,0.9135087108569067,True,True,0.6617925149541111,11.0,11,0.4653759401850119,0.6132688584014039,moderate_profile_stability,conservative_fit,상권 환경 프로필이 보통 안정성이므로 절대 적합도를 더 엄격히 보는 보수 시나리오를 사용,0.9792147806004619,0.7944572748267898,0.8983833718244804,0.40300230946882215,brand_environment_fit=0.979 | market_opportunity=0.898 | brand_specific_advantage=0.794 | low_competition_risk=0.403,profile_stability_moderate__confirm_local_site_conditions,not_recommended__no_store_area_seat_or_store_outcome_data,rich,True,True,False,not_observable_from_current_official_html,70,20,top20_available,brand_environment_fit=0.979 | market_opportunity=0.898 | brand_specific_advantage=0.794,profile_stability_moderate | competition_risk_moderate,positive_drivers=brand_environment_fit=0.979 | market_opportunity=0.898 | brand_specific_advantage=0.794 || caution_flags=profile_stability_moderate | competition_risk_moderate || profile_stability=moderate_profile_stability || available_recommendation_count=20
3120205,매봉역,11680,580733796.0,60594.0,9584.014852955737,0.7444572748267898,0.7817460317460317,0.18253968253968253,0.75,0.6468253968253969,0.8531746031746031,0.9206349206349206,0.4365079365079365,0.027777777777777776,0.4880952380952381,BRD_20220253,곤트란쉐리에(Gontran Cherrier),0.9214780600461894,False,1178.9016074449341,70.4911341990284,16,64,0.4676674364896074,True,0.8683718244803694,0.8329676674364896,0.7975635103926095,25.0,29.0,37.0,30.333333333333332,False,direct_size_estimation_deferred,매장 면적·좌석·점포별 매출이 없어 규모별 적합도와 argmax 규모는 산출하지 않음,0.5325718699211961,0.9445727482678984,usable_area_profile,True,conservative_fit,True,0.6626963048498845,18.0,0.855080831408776,0.08079051653086988,1.1077032392153072,0.8637413394919169,True,True,0.7820554272517322,7.0,0.5538516196076536,1.1077032392153072,True,True,0.6556395792668095,12.0,11,0.4653759401850119,0.6132688584014039,moderate_profile_stability,conservative_fit,상권 환경 프로필이 보통 안정성이므로 절대 적합도를 더 엄격히 보는 보수 시나리오를 사용,0.9468822170900693,0.8637413394919169,0.7713625866050808,0.5542725173210161,brand_environment_fit=0.947 | brand_specific_advantage=0.864 | market_opportunity=0.771 | low_competition_risk=0.554,profile_stability_moderate__confirm_local_site_conditions,not_recommended__no_store_area_seat_or_store_outcome_data,rich,True,True,False,not_observable_from_current_official_html,70,20,top20_available,brand_environment_fit=0.947 | brand_specific_advantage=0.864 | market_opportunity=0.771,profile_stability_moderate | competition_risk_moderate,positive_drivers=brand_environment_fit=0.947 | brand_specific_advantage=0.864 | market_opportunity=0.771 || caution_flags=profile_stability_moderate | competition_risk_moderate || profile_stability=moderate_profile_stability || available_recommendation_count=20
3130229,남구로시장,11530,274660347.0,20732.0,13248.135587497589,0.545150115473441,0.8412698412698413,0.8373015873015873,0.5753968253968254,0.5238095238095238,0.7579365079365079,0.7380952380952381,0.18253968253968253,0.12698412698412698,0.7658730158730159,BRD_20220253,곤트란쉐리에(Gontran Cherrier),0.41570438799076215,False,8077.91309684929,90.4709898159868,22,42,0.5086605080831409,True,0.4545381062355658,0.4804272517321016,0.5063163972286373,231.0,215.0,204.0,216.66666666666666,False,direct_size_estimation_deferred,매장 면적·좌석·점포별 매출이 없어 규모별 적합도와 argmax 규모는 산출하지 않음,0.6694326163657771,0.8429561200923787,usable_area_profile,True,conservative_fit,True,0.5359815242494226,92.0,0.7316204772902233,0.060215796852162294,1.8489441080635223,0.9676674364896074,True,True,0.7271997690531178,23.0,0.9244720540317611,1.8489441080635223,True,True,0.653721939604938,13.0,11,0.4653759401850119,0.6132688584014039,moderate_profile_stability,conservative_fit,상권 환경 프로필이 보통 안정성이므로 절대 적합도를 더 엄격히 보는 보수 시나리오를 사용,0.8452655889145496,0.9676674364896074,0.5496535796766744,0.4896073903002309,brand_specific_advantage=0.968 | brand_environment_fit=0.845 | market_opportunity=0.550 | low_competition_risk=0.490,profile_stability_moderate__confirm_local_site_conditions,not_recommended__no_store_area_seat_or_store_outcome_data,rich,True,True,False,not_observable_from_current_official_html,70,20,top20_available,brand_specific_advantage=0.968 | brand_environment_fit=0.845,profile_stability_moderate | competition_risk_moderate,positive_drivers=brand_specific_advantage=0.968 | brand_environment_fit=0.845 || caution_flags=profile_stability_moderate | competition_risk_moderate || profile_stability=moderate_profile_stability || available_recommendation_count=20
3120009,종로3가역,11110,773341001.0,64864.0,11922.499398741984,0.8273672055427251,0.876984126984127,0.42857142857142855,0.503968253968254,0.75,0.9444444444444444,0.8531746031746031,0.2619047619047619,0.05952380952380952,0.3611111111111111,BRD_20220253,곤트란쉐리에(Gontran Cherrier),0.7136258660508084,False,1694.8687265053368,125.80143085865113,24,103,0.45381062355658197,True,0.7477482678983833,0.7704965357967668,0.79324480369515,70.0,48.0,40.0,52.666666666666664,False,direct_size_estimation_deferred,매장 면적·좌석·점포별 매출이 없어 규모별 적합도와 argmax 규모는 산출하지 않음,0.3581728422365785,0.9907621247113164,usable_area_profile,True,conservative_fit,True,0.7168879907621246,3.0,0.9535219399538106,0.05047087142510804,0.7378549984571833,0.74364896073903,True,True,0.774826789838337,11.0,0.36892749922859164,0.7378549984571833,True,True,0.6499974637216975,14.0,11,0.4653759401850119,0.6132688584014039,moderate_profile_stability,conservative_fit,상권 환경 프로필이 보통 안정성이므로 절대 적합도를 더 엄격히 보는 보수 시나리오를 사용,0.9930715935334873,0.74364896073903,0.8637413394919169,0.5796766743648961,brand_environment_fit=0.993 | market_opportunity=0.864 | brand_specific_advantage=0.744 | low_competition_risk=0.580,profile_stability_moderate__confirm_local_site_conditions,not_recommended__no_store_area_seat_or_store_outcome_data,rich,True,True,False,not_observable_from_current_official_html,70,20,top20_available,brand_environment_fit=0.993 | market_opportunity=0.864 | brand_specific_advantage=0.744,profile_stability_moderate | competition_risk_moderate,positive_drivers=brand_environment_fit=0.993 | market_opportunity=0.864 | brand_specific_advantage=0.744 || caution_flags=profile_stability_moderate | competition_risk_moderate || profile_stability=moderate_profile_stability || available_recommendation_count=20
3120175,남부터미널역,11650,960650667.0,103198.0,9308.810897498013,0.8390300230946882,0.7619047619047619,0.2857142857142857,0.7023809523809523,0.6785714285714286,0.8293650793650794,0.7777777777777778,0.42857142857142855,0.08333333333333333,0.5198412698412699,BRD_20220253,곤트란쉐리에(Gontran Cherrier),0.9780600461893765,False,842.0077197141321,49.929950906089985,13,45,0.4826789838337182,True,0.93635103926097,0.9085450346420323,0.8807390300230946,6.0,11.0,18.0,11.666666666666666,False,direct_size_estimation_deferred,매장 면적·좌석·점포별 매출이 없어 규모별 적합도와 argmax 규모는 산출하지 않음,0.5585627675959842,0.930715935334873,usable_area_profile,True,conservative_fit,True,0.6866166281755196,8.0,0.8356428021555042,0.10952373119230398,0.868059662909378,0.7782909930715936,True,True,0.7698383371824481,12.0,0.434029831454689,0.868059662909378,True,True,0.6422834393879217,15.0,11,0.4653759401850119,0.6132688584014039,moderate_profile_stability,conservative_fit,상권 환경 프로필이 보통 안정성이므로 절대 적합도를 더 엄격히 보는 보수 시나리오를 사용,0.9330254041570438,0.7782909930715936,0.8822170900692841,0.5207852193995381,brand_environment_fit=0.933 | market_opportunity=0.882 | brand_specific_advantage=0.778 | low_competition_risk=0.521,profile_stability_moderate__confirm_local_site_conditions,not_recommended__no_store_area_seat_or_store_outcome_data,rich,True,True,False,not_observable_from_current_official_html,70,20,top20_available,brand_environment_fit=0.933 | market_opportunity=0.882 | brand_specific_advantage=0.778,profile_stability_moderate | competition_risk_moderate | same_brand_distance_750m_to_1000m_review,positive_drivers=brand_environment_fit=0.933 | market_opportunity=0.882 | brand_specific_advantage=0.778 || caution_flags=profile_stability_moderate | competition_risk_moderate | same_brand_distance_750m_to_1000m_review || profile_stability=moderate_profile_stability || available_recommendation_count=20
3120062,신설동역,11230,583819931.0,56521.0,10329.256931052176,0.748498845265589,0.6904761904761905,0.5396825396825397,0.5714285714285714,0.9603174603174603,0.9126984126984127,0.4087301587301587,0.1865079365079365,0.09126984126984126,0.6825396825396826,BRD_20220253,곤트란쉐리에(Gontran Cherrier),0.31524249422632794,False,773.3104163069894,109.76793705062819,8,36,0.16743648960739027,True,0.4452193995381062,0.5318706697459584,0.6185219399538107,238.0,178.0,129.0,181.66666666666666,False,direct_size_estimation_deferred,매장 면적·좌석·점포별 매출이 없어 규모별 적합도와 argmax 규모는 산출하지 않음,0.6400866601208315,0.8614318706697459,usable_area_profile,True,conservative_fit,True,0.6675750577367205,15.0,0.7826212471131639,0.07792402283278821,1.0113777586367205,0.8244803695150116,True,True,0.7876558891454966,6.0,0.5056888793183603,1.0113777586367205,True,True,0.6413760304531467,16.0,11,0.4653759401850119,0.6132688584014039,moderate_profile_stability,conservative_fit,상권 환경 프로필이 보통 안정성이므로 절대 적합도를 더 엄격히 보는 보수 시나리오를 사용,0.8637413394919169,0.8244803695150116,0.7782909930715936,0.9053117782909931,low_competition_risk=0.905 | brand_environment_fit=0.864 | brand_specific_advantage=0.824 | market_opportunity=0.778,profile_stability_moderate__confirm_local_site_conditions,not_recommended__no_store_area_seat_or_store_outcome_data,rich,True,True,False,not_observable_from_current_official_html,70,20,top20_available,low_competition_risk=0.905 | brand_environment_fit=0.864 | brand_specific_advantage=0.824 | market_opportunity=0.778,profile_stability_moderate | same_brand_distance_750m_to_1000m_review,positive_drivers=low_competition_risk=0.905 | brand_environment_fit=0.864 | brand_specific_advantage=0.824 | market_opportunity=0.778 || caution_flags=profile_stability_moderate | same_brand_distance_750m_to_1000m_review || profile_stability=moderate_profile_stability || available_recommendation_count=20
3130139,강북종합전통시장(강북종합골목시장),11305,556143075.0,53488.0,10397.529819772659,0.7376443418013857,0.8253968253968254,0.373015873015873,0.31746031746031744,0.42857142857142855,0.5396825396825397,0.1626984126984127,0.051587301587301584,0.5515873015873016,0.9365079365079365,BRD_20220253,곤트란쉐리에(Gontran Cherrier),0.009237875288683603,False,6857.1272410325355,27.730849249436897,16,47,0.6443418013856813,True,0.22775981524249422,0.37344110854503465,0.519122401847575,365.0,304.0,194.0,287.6666666666667,False,direct_size_estimation_deferred,매장 면적·좌석·점포별 매출이 없어 규모별 적합도와 argmax 규모는 산출하지 않음,0.6068219781816886,0.8845265588914549,usable_area_profile,True,conservative_fit,True,0.6037875288683603,45.0,0.7953233256351039,0.06734513734613744,1.3245682876533218,0.9030023094688222,True,True,0.7512009237875288,17.0,0.6622841438266609,1.3245682876533218,True,True,0.6393585648250255,17.0,11,0.4653759401850119,0.6132688584014039,moderate_profile_stability,conservative_fit,상권 환경 프로필이 보통 안정성이므로 절대 적합도를 더 엄격히 보는 보수 시나리오를 사용,0.8868360277136259,0.9030023094688222,0.7598152424942263,0.2863741339491917,brand_specific_advantage=0.903 | brand_environment_fit=0.887 | market_opportunity=0.760 | low_competition_risk=0.286,profile_stability_moderate__confirm_local_site_conditions,not_recommended__no_store_area_seat_or_store_outcome_data,rich,True,True,False,not_observable_from_current_official_html,70,20,top20_available,brand_specific_advantage=0.903 | brand_environment_fit=0.887 | market_opportunity=0.760,profile_stability_moderate | competition_risk_elevated_but_below_exclusion,positive_drivers=brand_specific_advantage=0.903 | brand_environment_fit=0.887 | market_opportunity=0.760 || caution_flags=profile_stability_moderate | competition_risk_elevated_but_below_exclusion || profile_stability=moderate_profile_stability || available_recommendation_count=20
3120154,장승배기역,11590,255112545.0,21214.0,12025.669133591025,0.528175519630485,0.8611111111111112,0.5158730158730159,0.42857142857142855,0.753968253968254,0.9563492063492064,0.6626984126984127,0.11507936507936507,0.09523809523809523,0.5674603174603174,BRD_20220253,곤트란쉐리에(Gontran Cherrier),0.4792147806004619,False,3111.093216236401,28.319604491142503,18,52,0.6899538106235565,True,0.4939030023094688,0.5036951501154735,0.5134872979214781,204.0,197.0,201.0,200.66666666666666,False,direct_size_estimation_deferred,매장 면적·좌석·점포별 매출이 없어 규모별 적합도와 argmax 규모는 산출하지 않음,0.5662588470217073,0.9214780600461894,usable_area_profile,True,conservative_fit,True,0.5421073903002309,89.0,0.8024441878367976,0.07185051219826497,1.6566878727451324,0.9468822170900693,True,True,0.7101558891454965,35.0,0.8283439363725662,1.6566878727451324,True,True,0.6387257069568828,18.0,11,0.4653759401850119,0.6132688584014039,moderate_profile_stability,conservative_fit,상권 환경 프로필이 보통 안정성이므로 절대 적합도를 더 엄격히 보는 보수 시나리오를 사용,0.9237875288683602,0.9468822170900693,0.5288683602771362,0.23441108545034642,brand_specific_advantage=0.947 | brand_environment_fit=0.924 | market_opportunity=0.529 | low_competition_risk=0.234,profile_stability_moderate__confirm_local_site_conditions,not_recommended__no_store_area_seat_or_store_outcome_data,rich,True,True,False,not_observable_from_current_official_html,70,20,top20_available,brand_specific_advantage=0.947 | brand_environment_fit=0.924,profile_stability_moderate | competition_risk_elevated_but_below_exclusion,positive_drivers=brand_specific_advantage=0.947 | brand_environment_fit=0.924 || caution_flags=profile_stability_moderate | competition_risk_elevated_but_below_exclusion || profile_stability=moderate_profile_stability || available_recommendation_count=20
3120184,포이사거리(삼호물산),11650,264669169.0,25357.0,10437.716173048862,0.5330254041570439,0.7619047619047619,0.2857142857142857,0.7023809523809523,0.6785714285714286,0.8293650793650794,0.7777777777777778,0.42857142857142855,0.08333333333333333,0.5198412698412699,BRD_20220253,곤트란쉐리에(Gontran Cherrier),0.9780600461893765,False,1896.6502049849084,74.43117624317661,24,68,0.6085450346420324,True,0.8445496535796766,0.7555427251732102,0.6665357967667436,32.0,54.0,104.0,63.333333333333336,False,direct_size_estimation_deferred,매장 면적·좌석·점포별 매출이 없어 규모별 적합도와 argmax 규모는 산출하지 않음,0.7231572271281624,0.789838337182448,usable_area_profile,True,conservative_fit,True,0.4901963048498844,125.0,0.6540608160123171,0.060927892799937586,2.2284952741754753,0.9953810623556582,True,True,0.703729792147806,38.0,1.0,2.2284952741754753,True,True,0.638337182448037,19.0,11,0.4653759401850119,0.6132688584014039,moderate_profile_stability,conservative_fit,상권 환경 프로필이 보통 안정성이므로 절대 적합도를 더 엄격히 보는 보수 시나리오를 사용,0.792147806004619,0.9930715935334873,0.535796766743649,0.34757505773672054,brand_specific_advantage=0.993 | brand_environment_fit=0.792 | market_opportunity=0.536 | low_competition_risk=0.348,profile_stability_moderate__confirm_local_site_conditions,not_recommended__no_store_area_seat_or_store_outcome_data,rich,True,True,False,not_observable_from_current_official_html,70,20,top20_available,brand_specific_advantage=0.993 | brand_environment_fit=0.792,profile_stability_moderate | competition_risk_elevated_but_below_exclusion,positive_drivers=brand_specific_advantage=0.993 | brand_environment_fit=0.792 || caution_flags=profile_stability_moderate | competition_risk_elevated_but_below_exclusion || profile_stability=moderate_profile_stability || available_recommendation_count=20
3111078,굽은다리역 4번,11740,137663895.0,12358.0,11139.658116200033,0.3608545034642032,0.8452380952380952,0.06746031746031746,0.7063492063492064,0.38492063492063494,0.6626984126984127,0.7182539682539683,0.5833333333333334,0.06746031746031746,0.6507936507936508,BRD_20220253,곤트란쉐리에(Gontran Cherrier),0.7575057736720554,False,6368.943789981407,162.1172415408193,11,51,0.14087759815242495,True,0.6385103926096998,0.5591801385681293,0.47984988452655886,122.0,161.0,221.0,168.0,False,direct_size_estimation_deferred,매장 면적·좌석·점포별 매출이 없어 규모별 적합도와 argmax 규모는 산출하지 않음,0.7503117183559224,0.7713625866050808,usable_area_profile,True,conservative_fit,True,0.49084872979214783,123.0,0.6513664357197845,0.05816082480878284,2.06317828675593,0.9907621247113164,True,True,0.7148383371824482,30.0,1.0,2.06317828675593,True,True,0.6346709006928408,20.0,11,0.4653759401850119,0.6132688584014039,moderate_profile_stability,conservative_fit,상권 환경 프로필이 보통 안정성이므로 절대 적합도를 더 엄격히 보는 보수 시나리오를 사용,0.7736720554272517,0.9930715935334873,0.3510392609699769,0.9226327944572749,brand_specific_advantage=0.993 | low_competition_risk=0.923 | brand_environment_fit=0.774 | market_opportunity=0.351,profile_stability_moderate__confirm_local_site_conditions,not_recommended__no_store_area_seat_or_store_outcome_data,rich,True,True,False,not_observable_from_current_official_html,70,20,top20_available,brand_specific_advantage=0.993 | low_competition_risk=0.923 | brand_environment_fit=0.774,profile_stability_moderate,positive_drivers=brand_specific_advantage=0.993 | low_competition_risk=0.923 | brand_environment_fit=0.774 || caution_flags=profile_stability_moderate || profile_stability=moderate_profile_stability || available_recommendation_count=20
3120038,약수역,11140,1550178516.0,134777.0,11501.803096967584,0.9235565819861433,0.873015873015873,0.5793650793650794,0.6428571428571429,0.34523809523809523,0.8571428571428571,0.8214285714285714,0.0873015873015873,0.023809523809523808,0.8293650793650794,BRD_20120100621,더베이크,0.23094688221709006,False,2476.095717048477,62.64183906448842,18,44,0.5513856812933025,True,0.43872979214780605,0.5772517321016167,0.7157736720554273,248.0,147.0,77.0,157.33333333333334,False,direct_size_estimation_deferred,매장 면적·좌석·점포별 매출이 없어 규모별 적합도와 argmax 규모는 산출하지 않음,0.39286514167556136,0.9838337182448037,usable_area_profile,True,balanced_default,True,0.7324538106235566,2.0,0.9359122401847575,0.04410525527649033,1.0865253530363324,0.9653579676674365,True,True,0.8756524249422634,2.0,0.5432626765181662,1.0865253530363324,True,True,0.710234315534245,1.0,7,0.5091886697640917,0.6620314923035232,high_profile_stability,balanced_default,상권 환경 프로필이 재표본에도 비교적 안정적이므로 균형 시나리오를 사용,0.9861431870669746,0.9653579676674365,0.9699769053117783,0.4387990762124711,brand_environment_fit=0.986 | market_opportunity=0.970 | brand_specific_advantage=0.965 | low_competition_risk=0.439,no_model_level_high_risk_flag,not_recommended__no_store_area_seat_or_store_outcome_data,insufficient,False,False,False,not_observable_from_current_official_html,104,20,top20_available,brand_environment_fit=0.986 | market_opportunity=0.970 | brand_specific_advantage=0.965,competition_risk_moderate,positive_drivers=brand_environment_fit=0.986 | market_opportunity=0.970 | brand_specific_advantage=0.965 || caution_flags=competition_risk_moderate || profile_stability=high_profile_stability || available_recommendation_count=20
3110640,방화역 1번,11500,671414576.0,62982.0,10660.420056524086,0.7871824480369516,0.8373015873015873,0.23809523809523808,0.623015873015873,0.32142857142857145,0.8333333333333334,0.9246031746031746,0.46825396825396826,0.05555555555555555,0.42063492063492064,BRD_20120100621,더베이크,0.7170900692840647,False,2125.892048039374,241.56986569432095,5,25,0.02482678983833718,True,0.7381177829099308,0.7521362586605082,0.7661547344110855,80.0,60.0,54.0,64.66666666666667,False,direct_size_estimation_deferred,매장 면적·좌석·점포별 매출이 없어 규모별 적합도와 argmax 규모는 산출하지 않음,0.5875355859589195,0.8706697459584296,usable_area_profile,True,balanced_default,True,0.7071247113163973,6.0,0.8122594303310239,0.05032439479240749,1.160675967755864,0.9792147806004619,True,True,0.8853175519630485,1.0,0.580337983877932,1.160675967755864,True,True,0.7021656384681307,2.0,7,0.5091886697640917,0.6620314923035232,high_profile_stability,balanced_default,상권 환경 프로필이 재표본에도 비교적 안정적이므로 균형 시나리오를 사용,0.8729792147806005,0.9792147806004619,0.8198614318706697,0.9907621247113164,low_competition_risk=0.991 | brand_specific_advantage=0.979 | brand_environment_fit=0.873 | market_opportunity=0.820,no_model_level_high_risk_flag,not_recommended__no_store_area_seat_or_store_outcome_data,insufficient,False,False,False,not_observable_from_current_official_html,104,20,top20_available,low_competition_risk=0.991 | brand_specific_advantage=0.979 | brand_environment_fit=0.873 | market_opportunity=0.820,no_model_level_caution_flag,positive_drivers=low_competition_risk=0.991 | brand_specific_advantage=0.979 | brand_environment_fit=0.873 | market_opportunity=0.820 || caution_flags=no_model_level_caution_flag || profile_stability=high_profile_stability || available_recommendation_count=20
3120246,길동역,11740,916043297.0,88020.0,10407.217643717337,0.8409930715935335,0.8452380952380952,0.06746031746031746,0.7063492063492064,0.38492063492063494,0.6626984126984127,0.7182539682539683,0.5833333333333334,0.06746031746031746,0.6507936507936508,BRD_20120100621,더베이크,0.43187066974595845,False,7648.116696281863,87.92041856413586,26,72,0.5762124711316396,True,0.554607390300231,0.636431870669746,0.718256351039261,178.0,119.0,75.0,124.0,False,direct_size_estimation_deferred,매장 면적·좌석·점포별 매출이 없어 규모별 적합도와 argmax 규모는 산출하지 않음,0.3924936608668946,0.9861431870669746,usable_area_profile,True,balanced_default,True,0.700987297921478,8.0,0.9336989992301771,0.045263740311288866,1.1586357529476594,0.976905311778291,True,True,0.8524711316397229,4.0,0.5793178764738297,1.1586357529476594,True,True,0.7005383930245008,3.0,7,0.5091886697640917,0.6620314923035232,high_profile_stability,balanced_default,상권 환경 프로필이 재표본에도 비교적 안정적이므로 균형 시나리오를 사용,0.9884526558891455,0.976905311778291,0.8868360277136259,0.407621247113164,brand_environment_fit=0.988 | brand_specific_advantage=0.977 | market_opportunity=0.887 | low_competition_risk=0.408,no_model_level_high_risk_flag,not_recommended__no_store_area_seat_or_store_outcome_data,insufficient,False,False,False,not_observable_from_current_official_html,104,20,top20_available,brand_environment_fit=0.988 | brand_specific_advantage=0.977 | market_opportunity=0.887,competition_risk_moderate,positive_drivers=brand_environment_fit=0.988 | brand_specific_advantage=0.977 | market_opportunity=0.887 || caution_flags=competition_risk_moderate || profile_stability=high_profile_stability || available_recommendation_count=20
3130313,방이시장,11710,403436506.0,44467.0,9072.716981132075,0.6439953810623558,0.8531746031746031,0.13095238095238096,0.6746031746031746,0.9325396825396826,0.8928571428571429,0.7063492063492064,0.4087301587301587,0.03968253968253968,0.5436507936507936,BRD_20120100621,더베이크,0.5912240184757506,False,4489.421009440242,38.0788655057163,26,74,0.7875288683602771,True,0.6070554272517321,0.6176096997690532,0.6281639722863741,143.0,130.0,131.0,134.66666666666666,False,direct_size_estimation_deferred,매장 면적·좌석·점포별 매출이 없어 규모별 적합도와 argmax 규모는 산출하지 않음,0.6130987094360496,0.8521939953810623,usable_area_profile,True,balanced_default,True,0.533366050808314,92.0,0.783679753656659,0.03915549446621151,1.74979891477367,1.0,True,True,0.7307274826789838,31.0,0.874899457386835,1.74979891477367,True,True,0.6867286668983252,4.0,7,0.5091886697640917,0.6620314923035232,high_profile_stability,balanced_default,상권 환경 프로필이 재표본에도 비교적 안정적이므로 균형 시나리오를 사용,0.8545034642032333,1.0,0.6651270207852193,0.10046189376443418,brand_specific_advantage=1.000 | brand_environment_fit=0.855 | market_opportunity=0.665 | low_competition_risk=0.100,no_model_level_high_risk_flag,not_recommended__no_store_area_seat_or_store_outcome_data,insufficient,False,False,False,not_observable_from_current_official_html,104,20,top20_available,brand_specific_advantage=1.000 | brand_environment_fit=0.855,competition_risk_elevated_but_below_exclusion,positive_drivers=brand_specific_advantage=1.000 | brand_environment_fit=0.855 || caution_flags=competition_risk_elevated_but_below_exclusion || profile_stability=high_profile_stability || available_recommendation_count=20
3130222,오류시장,11530,677800421.0,66656.0,10168.633296327413,0.7894919168591223,0.8412698412698413,0.8373015873015873,0.5753968253968254,0.5238095238095238,0.7579365079365079,0.7380952380952381,0.18253968253968253,0.12698412698412698,0.7658730158730159,BRD_20120100621,더베이크,0.6420323325635104,False,1424.2067967573487,48.414873764798386,14,33,0.5161662817551963,True,0.686270207852194,0.7157621247113164,0.7452540415704387,107.0,75.0,67.0,83.0,False,direct_size_estimation_deferred,매장 면적·좌석·점포별 매출이 없어 규모별 적합도와 argmax 규모는 산출하지 않음,0.4535814706177749,0.953810623556582,usable_area_profile,True,balanced_default,True,0.6758025404157043,12.0,0.9045419553502695,0.04485297674145903,1.0984481250889173,0.9699769053117783,True,True,0.8335565819861431,7.0,0.5492240625444587,1.0984481250889173,True,True,0.6718184911746252,5.0,7,0.5091886697640917,0.6620314923035232,high_profile_stability,balanced_default,상권 환경 프로필이 재표본에도 비교적 안정적이므로 균형 시나리오를 사용,0.9561200923787528,0.9699769053117783,0.8221709006928406,0.48036951501154734,brand_specific_advantage=0.970 | brand_environment_fit=0.956 | market_opportunity=0.822 | low_competition_risk=0.480,no_model_level_high_risk_flag,not_recommended__no_store_area_seat_or_store_outcome_data,insufficient,False,False,False,not_observable_from_current_official_html,104,20,top20_available,brand_specific_advantage=0.970 | brand_environment_fit=0.956 | market_opportunity=0.822,competition_risk_moderate,positive_drivers=brand_specific_advantage=0.970 | brand_environment_fit=0.956 | market_opportunity=0.822 || caution_flags=competition_risk_moderate || profile_stability=high_profile_stability || available_recommendation_count=20
3130072,성동용답상가시장,11200,441220675.0,42751.0,10320.710041870365,0.6748267898383372,0.9206349206349206,0.38492063492063494,0.5555555555555556,0.9920634920634921,0.9841269841269841,0.9563492063492064,0.10317460317460317,0.015873015873015872,0.07936507936507936,BRD_20120100621,더베이크,0.16397228637413394,False,1255.4238328076387,135.0925608781212,10,28,0.15011547344110854,True,0.3172286374133949,0.4193995381062356,0.5215704387990762,324.0,275.0,207.0,268.6666666666667,False,direct_size_estimation_deferred,매장 면적·좌석·점포별 매출이 없어 규모별 적합도와 argmax 규모는 산출하지 않음,0.30676186207579903,0.9976905311778291,usable_area_profile,True,balanced_default,True,0.7125173210161663,5.0,0.9837374903772133,0.015581629901107024,0.8954801833423448,0.9330254041570438,True,True,0.8524480369515012,5.0,0.4477400916711724,0.8954801833423448,True,True,0.659595868112624,6.0,7,0.5091886697640917,0.6620314923035232,high_profile_stability,balanced_default,상권 환경 프로필이 재표본에도 비교적 안정적이므로 균형 시나리오를 사용,1.0,0.9330254041570438,0.6951501154734411,0.9122401847575058,brand_environment_fit=1.000 | brand_specific_advantage=0.933 | low_competition_risk=0.912 | market_opportunity=0.695,no_model_level_high_risk_flag,not_recommended__no_store_area_seat_or_store_outcome_data,insufficient,False,False,False,not_observable_from_current_official_html,104,20,top20_available,brand_environment_fit=1.000 | brand_specific_advantage=0.933 | low_competition_risk=0.912,no_model_level_caution_flag,positive_drivers=brand_environment_fit=1.000 | brand_specific_advantage=0.933 | low_competition_risk=0.912 || caution_flags=no_model_level_caution_flag || profile_stability=high_profile_stability || available_recommendation_count=20
3120068,사가정역,11260,944293896.0,91431.0,10327.940151589723,0.8467667436489608,0.8492063492063492,0.40476190476190477,0.5,0.39285714285714285,0.623015873015873,0.5714285714285714,0.16666666666666666,0.32936507936507936,0.8134920634920635,BRD_20120100621,더베이크,0.5427251732101617,False,4849.438936616375,42.201895677975386,26,50,0.7713625866050808,True,0.6339376443418013,0.6947459584295612,0.755554272517321,127.0,86.0,61.0,91.33333333333333,False,direct_size_estimation_deferred,매장 면적·좌석·점포별 매출이 없어 규모별 적합도와 argmax 규모는 산출하지 않음,0.3878899304186891,0.9907621247113164,usable_area_profile,True,balanced_default,True,0.6760450346420324,11.0,0.9523672055427251,0.03852949356737861,0.9965072367600163,0.9491916859122402,True,True,0.8152309468822171,10.0,0.49825361838000815,0.9965072367600163,True,True,0.6557109373336957,7.0,7,0.5091886697640917,0.6620314923035232,high_profile_stability,balanced_default,상권 환경 프로필이 재표본에도 비교적 안정적이므로 균형 시나리오를 사용,0.9930715935334873,0.9491916859122402,0.8891454965357968,0.12009237875288684,brand_environment_fit=0.993 | brand_specific_advantage=0.949 | market_opportunity=0.889 | low_competition_risk=0.120,no_model_level_high_risk_flag,not_recommended__no_store_area_seat_or_store_outcome_data,insufficient,False,False,False,not_observable_from_current_official_html,104,20,top20_available,brand_environment_fit=0.993 | brand_specific_advantage=0.949 | market_opportunity=0.889,competition_risk_elevated_but_below_exclusion,positive_drivers=brand_environment_fit=0.993 | brand_specific_advantage=0.949 | market_opportunity=0.889 || caution_flags=competition_risk_elevated_but_below_exclusion || profile_stability=high_profile_stability || available_recommendation_count=20
3110883,은천초등학교(은천교앞),11620,384324031.0,36658.0,10484.042528233946,0.6409930715935335,0.6944444444444444,0.5833333333333334,0.49603174603174605,0.8611111111111112,0.9801587301587301,0.8690476190476191,0.027777777777777776,0.051587301587301584,0.3412698412698413,BRD_20120100621,더베이크,0.6778290993071594,False,6938.38770899471,165.06059494972328,13,69,0.17898383371824483,True,0.6667782909930716,0.6594110854503464,0.6520438799076212,116.0,105.0,106.0,109.0,False,direct_size_estimation_deferred,매장 면적·좌석·점포별 매출이 없어 규모별 적합도와 argmax 규모는 산출하지 않음,0.35374096935792476,0.9953810623556582,usable_area_profile,True,balanced_default,True,0.695190531177829,9.0,0.9701693610469592,0.026750654894371177,0.9424704332754106,0.9376443418013857,True,True,0.839122401847575,6.0,0.4712352166377053,0.9424704332754106,True,True,0.6556655821742361,8.0,7,0.5091886697640917,0.6620314923035232,high_profile_stability,balanced_default,상권 환경 프로필이 재표본에도 비교적 안정적이므로 균형 시나리오를 사용,0.9976905311778291,0.9376443418013857,0.6558891454965358,0.8960739030023095,brand_environment_fit=0.998 | brand_specific_advantage=0.938 | low_competition_risk=0.896 | market_opportunity=0.656,no_model_level_high_risk_flag,not_recommended__no_store_area_seat_or_store_outcome_data,insufficient,False,False,False,not_observable_from_current_official_html,104,20,top20_available,brand_environment_fit=0.998 | brand_specific_advantage=0.938 | low_competition_risk=0.896,no_model_level_caution_flag,positive_drivers=brand_environment_fit=0.998 | brand_specific_advantage=0.938 | low_competition_risk=0.896 || caution_flags=no_model_level_caution_flag || profile_stability=high_profile_stability || available_recommendation_count=20
3120166,방배역,11650,1455145059.0,122673.0,11861.983150326478,0.9176674364896074,0.7619047619047619,0.2857142857142857,0.7023809523809523,0.6785714285714286,0.8293650793650794,0.7777777777777778,0.42857142857142855,0.08333333333333333,0.5198412698412699,BRD_20120100621,더베이크,0.9780600461893765,False,1848.7211796374902,99.2975326976693,12,28,0.26963048498845266,True,0.9599422632794457,0.9478637413394919,0.935785219399538,3.0,5.0,5.0,4.333333333333333,False,direct_size_estimation_deferred,매장 면적·좌석·점포별 매출이 없어 규모별 적합도와 argmax 규모는 산출하지 않음,0.5201640403123772,0.9191685912240185,usable_area_profile,True,balanced_default,True,0.740323325635104,1.0,0.8795227097767513,0.05651551828195008,0.7015043416832526,0.8660508083140878,True,True,0.857026558891455,3.0,0.3507521708416263,0.7015043416832526,True,True,0.6469260773465323,9.0,7,0.5091886697640917,0.6620314923035232,high_profile_stability,balanced_default,상권 환경 프로필이 재표본에도 비교적 안정적이므로 균형 시나리오를 사용,0.9214780600461894,0.8660508083140878,0.9653579676674365,0.836027713625866,market_opportunity=0.965 | brand_environment_fit=0.921 | brand_specific_advantage=0.866 | low_competition_risk=0.836,no_model_level_high_risk_flag,not_recommended__no_store_area_seat_or_store_outcome_data,insufficient,False,False,False,not_observable_from_current_official_html,104,20,top20_available,market_opportunity=0.965 | brand_environment_fit=0.921 | brand_specific_advantage=0.866 | low_competition_risk=0.836,no_model_level_caution_flag,positive_drivers=market_opportunity=0.965 | brand_environment_fit=0.921 | brand_specific_advantage=0.866 | low_competition_risk=0.836 || caution_flags=no_model_level_caution_flag || profile_stability=high_profile_stability || available_recommendation_count=20
3120165,서래마을카페거리(서래마을),11650,2971488955.0,159582.0,18620.45189933702,0.9718244803695151,0.7619047619047619,0.2857142857142857,0.7023809523809523,0.6785714285714286,0.8293650793650794,0.7777777777777778,0.42857142857142855,0.08333333333333333,0.5198412698412699,BRD_20120100621,더베이크,0.9780600461893765,False,2288.752061701909,18.110770263065373,12,56,0.5825635103926097,True,0.976189376443418,0.9749422632794458,0.9736951501154734,1.0,1.0,1.0,1.0,True,direct_size_estimation_deferred,매장 면적·좌석·점포별 매출이 없어 규모별 적합도와 argmax 규모는 산출하지 않음,0.6511878512601736,0.8290993071593533,usable_area_profile,True,balanced_default,True,0.6673036951501155,15.0,0.7512509622786759,0.08110629650978349,0.9598310887156201,0.9422632794457275,True,True,0.82979792147806,8.0,0.47991554435781003,0.9598310887156201,True,True,0.6428549670841249,10.0,7,0.5091886697640917,0.6620314923035232,high_profile_stability,balanced_default,상권 환경 프로필이 재표본에도 비교적 안정적이므로 균형 시나리오를 사용,0.8314087759815243,0.9422632794457275,0.9884526558891455,0.394919168591224,market_opportunity=0.988 | brand_specific_advantage=0.942 | brand_environment_fit=0.831 | low_competition_risk=0.395,no_model_level_high_risk_flag,not_recommended__no_store_area_seat_or_store_outcome_data,insufficient,False,False,False,not_observable_from_current_official_html,104,20,top20_available,market_opportunity=0.988 | brand_specific_advantage=0.942 | brand_environment_fit=0.831,competition_risk_moderate,positive_drivers=market_opportunity=0.988 | brand_specific_advantage=0.942 | brand_environment_fit=0.831 || caution_flags=competition_risk_moderate || profile_stability=high_profile_stability || available_recommendation_count=20
3111021,방이역 4번,11710,394829518.0,38606.0,10227.154276537325,0.6466512702078522,0.8531746031746031,0.13095238095238096,0.6746031746031746,0.9325396825396826,0.8928571428571429,0.7063492063492064,0.4087301587301587,0.03968253968253968,0.5436507936507936,BRD_20120100621,더베이크,0.5912240184757506,False,5095.9218989316705,115.2085066609535,15,51,0.2996535796766744,True,0.607852193995381,0.6189376443418013,0.6300230946882217,142.0,129.0,127.0,132.66666666666666,False,direct_size_estimation_deferred,매장 면적·좌석·점포별 매출이 없어 규모별 적합도와 argmax 규모는 산출하지 않음,0.39972535241414797,0.9815242494226328,usable_area_profile,True,balanced_default,True,0.6721420323325635,13.0,0.9355273287143957,0.04949472960279674,0.9293296695904778,0.9353348729792148,True,True,0.8176385681293303,9.0,0.4646648347952389,0.9293296695904778,True,True,0.6378636390605507,11.0,7,0.5091886697640917,0.6620314923035232,high_profile_stability,balanced_default,상권 환경 프로필이 재표본에도 비교적 안정적이므로 균형 시나리오를 사용,0.9838337182448037,0.9353348729792148,0.6674364896073903,0.8036951501154734,brand_environment_fit=0.984 | brand_specific_advantage=0.935 | low_competition_risk=0.804 | market_opportunity=0.667,no_model_level_high_risk_flag,not_recommended__no_store_area_seat_or_store_outcome_data,insufficient,False,False,False,not_observable_from_current_official_html,104,20,top20_available,brand_environment_fit=0.984 | brand_specific_advantage=0.935 | low_competition_risk=0.804,no_model_level_caution_flag,positive_drivers=brand_environment_fit=0.984 | brand_specific_advantage=0.935 | low_competition_risk=0.804 || caution_flags=no_model_level_caution_flag || profile_stability=high_profile_stability || available_recommendation_count=20
3120226,석촌고분역,11710,497422151.0,44126.0,11272.767778633912,0.7166281755196304,0.8531746031746031,0.13095238095238096,0.6746031746031746,0.9325396825396826,0.8928571428571429,0.7063492063492064,0.4087301587301587,0.03968253968253968,0.5436507936507936,BRD_20120100621,더베이크,0.5912240184757506,False,2657.277742353577,58.872744129090485,22,78,0.6356812933025404,True,0.6288452655889145,0.6539260969976906,0.6790069284064664,133.0,109.0,91.0,111.0,False,direct_size_estimation_deferred,매장 면적·좌석·점포별 매출이 없어 규모별 적합도와 argmax 규모는 산출하지 않음,0.40423434677412157,0.976905311778291,usable_area_profile,True,balanced_default,True,0.6439203233256351,23.0,0.9515973826020016,0.02519313875296893,1.0045564161117866,0.9515011547344111,True,True,0.7933083140877598,11.0,0.5022782080558933,1.0045564161117866,True,True,0.6333031464916181,12.0,7,0.5091886697640917,0.6620314923035232,high_profile_stability,balanced_default,상권 환경 프로필이 재표본에도 비교적 안정적이므로 균형 시나리오를 사용,0.9792147806004619,0.9515011547344111,0.745958429561201,0.30484988452655887,brand_environment_fit=0.979 | brand_specific_advantage=0.952 | market_opportunity=0.746 | low_competition_risk=0.305,no_model_level_high_risk_flag,not_recommended__no_store_area_seat_or_store_outcome_data,insufficient,False,False,False,not_observable_from_current_official_html,104,20,top20_available,brand_environment_fit=0.979 | brand_specific_advantage=0.952 | market_opportunity=0.746,competition_risk_elevated_but_below_exclusion,positive_drivers=brand_environment_fit=0.979 | brand_specific_advantage=0.952 | market_opportunity=0.746 || caution_flags=competition_risk_elevated_but_below_exclusion || profile_stability=high_profile_stability || available_recommendation_count=20
3120075,월곡역,11290,394403544.0,39935.0,9876.137323150118,0.6412240184757506,0.8690476190476191,0.3888888888888889,0.5912698412698413,0.8333333333333334,0.8055555555555556,0.3333333333333333,0.2222222222222222,0.31746031746031744,0.7420634920634921,BRD_20120100621,더베이크,0.3903002309468822,False,4642.250531784976,48.91829924522232,13,36,0.4907621247113164,True,0.4655773672055427,0.5157621247113164,0.56594688221709,231.0,194.0,177.0,200.66666666666666,False,direct_size_estimation_deferred,매장 면적·좌석·점포별 매출이 없어 규모별 적합도와 argmax 규모는 산출하지 않음,0.48503924610121085,0.9422632794457275,usable_area_profile,True,balanced_default,True,0.6219457274826791,34.0,0.8904926866820632,0.04782192069840956,1.0825703361050096,0.9630484988452656,True,True,0.7866512702078522,12.0,0.5412851680525048,1.0825703361050096,True,True,0.6304717487721874,13.0,7,0.5091886697640917,0.6620314923035232,high_profile_stability,balanced_default,상권 환경 프로필이 재표본에도 비교적 안정적이므로 균형 시나리오를 사용,0.9445727482678984,0.9630484988452656,0.6581986143187067,0.5034642032332564,brand_specific_advantage=0.963 | brand_environment_fit=0.945 | market_opportunity=0.658 | low_competition_risk=0.503,no_model_level_high_risk_flag,not_recommended__no_store_area_seat_or_store_outcome_data,insufficient,False,False,False,not_observable_from_current_official_html,104,20,top20_available,brand_specific_advantage=0.963 | brand_environment_fit=0.945,competition_risk_moderate,positive_drivers=brand_specific_advantage=0.963 | brand_environment_fit=0.945 || caution_flags=competition_risk_moderate || profile_stability=high_profile_stability || available_recommendation_count=20
3120169,서초역,11650,90000000.0,7802.0,11535.503716995641,0.2762124711316397,0.7619047619047619,0.2857142857142857,0.7023809523809523,0.6785714285714286,0.8293650793650794,0.7777777777777778,0.42857142857142855,0.08333333333333333,0.5198412698412699,BRD_20120100621,더베이크,0.9780600461893765,False,1105.5469234597506,171.74690684028027,13,47,0.16743648960739033,True,0.7675057736720554,0.627136258660508,0.4867667436489607,67.0,126.0,227.0,140.0,False,direct_size_estimation_deferred,매장 면적·좌석·점포별 매출이 없어 규모별 적합도와 argmax 규모는 산출하지 않음,0.4974336155200269,0.9330254041570438,usable_area_profile,True,balanced_default,True,0.5380715935334872,89.0,0.8815434949961509,0.037890219938181875,1.3587123338129456,0.9884526558891455,True,True,0.7330369515011548,30.0,0.6793561669064728,1.3587123338129456,True,True,0.6166430186944017,14.0,7,0.5091886697640917,0.6620314923035232,high_profile_stability,balanced_default,상권 환경 프로필이 재표본에도 비교적 안정적이므로 균형 시나리오를 사용,0.9353348729792148,0.9884526558891455,0.2517321016166282,0.9076212471131639,brand_specific_advantage=0.988 | brand_environment_fit=0.935 | low_competition_risk=0.908 | market_opportunity=0.252,no_model_level_high_risk_flag,not_recommended__no_store_area_seat_or_store_outcome_data,insufficient,False,False,False,not_observable_from_current_official_html,104,20,top20_available,brand_specific_advantage=0.988 | brand_environment_fit=0.935 | low_competition_risk=0.908,no_model_level_caution_flag,positive_drivers=brand_specific_advantage=0.988 | brand_environment_fit=0.935 | low_competition_risk=0.908 || caution_flags=no_model_level_caution_flag || profile_stability=high_profile_stability || available_recommendation_count=20
3120243,천호역,11740,500229381.0,50380.0,9929.126260420802,0.7084295612009238,0.8452380952380952,0.06746031746031746,0.7063492063492064,0.38492063492063494,0.6626984126984127,0.7182539682539683,0.5833333333333334,0.06746031746031746,0.6507936507936508,BRD_20120100621,더베이크,0.43187066974595845,False,6933.334334929999,60.999999982421286,30,63,0.7274826789838338,True,0.5148383371824481,0.5701501154734412,0.6254618937644342,206.0,153.0,136.0,165.0,False,direct_size_estimation_deferred,매장 면적·좌석·점포별 매출이 없어 규모별 적합도와 argmax 규모는 산출하지 않음,0.3919382174515108,0.9884526558891455,usable_area_profile,True,balanced_default,True,0.633054272517321,30.0,0.9577559661277907,0.035298392016199207,0.8696342243371167,0.9145496535796767,True,True,0.7657621247113164,16.0,0.43481711216855834,0.8696342243371167,True,True,0.6025035412220439,15.0,7,0.5091886697640917,0.6620314923035232,high_profile_stability,balanced_default,상권 환경 프로필이 재표본에도 비교적 안정적이므로 균형 시나리오를 사용,0.9907621247113164,0.9145496535796767,0.7274826789838337,0.17551963048498845,brand_environment_fit=0.991 | brand_specific_advantage=0.915 | market_opportunity=0.727 | low_competition_risk=0.176,no_model_level_high_risk_flag,not_recommended__no_store_area_seat_or_store_outcome_data,insufficient,False,False,False,not_observable_from_current_official_html,104,20,top20_available,brand_environment_fit=0.991 | brand_specific_advantage=0.915 | market_opportunity=0.727,competition_risk_elevated_but_below_exclusion,positive_drivers=brand_environment_fit=0.991 | brand_specific_advantage=0.915 | market_opportunity=0.727 || caution_flags=competition_risk_elevated_but_below_exclusion || profile_stability=high_profile_stability || available_recommendation_count=20
3110690,오류2동버들시장,11530,236340399.0,20521.0,11517.002046683885,0.5033487297921478,0.8412698412698413,0.8373015873015873,0.5753968253968254,0.5238095238095238,0.7579365079365079,0.7380952380952381,0.18253968253968253,0.12698412698412698,0.7658730158730159,BRD_20120100621,더베이크,0.6420323325635104,False,1442.4787693250196,56.612719422528826,14,25,0.4792147806004619,True,0.6004272517321017,0.5726905311778292,0.5449538106235565,148.0,151.0,192.0,163.66666666666666,False,direct_size_estimation_deferred,매장 면적·좌석·점포별 매출이 없어 규모별 적합도와 argmax 규모는 산출하지 않음,0.5508758472951011,0.9006928406466512,usable_area_profile,True,balanced_default,True,0.554636258660508,77.0,0.8571016166281754,0.039805398718689856,1.0951083376036728,0.9676674364896074,True,True,0.7363972286374134,26.0,0.5475541688018364,1.0951083376036728,True,True,0.5848021576949614,16.0,7,0.5091886697640917,0.6620314923035232,high_profile_stability,balanced_default,상권 환경 프로필이 재표본에도 비교적 안정적이므로 균형 시나리오를 사용,0.9030023094688222,0.9676674364896074,0.49191685912240185,0.5277136258660509,brand_specific_advantage=0.968 | brand_environment_fit=0.903 | low_competition_risk=0.528 | market_opportunity=0.492,no_model_level_high_risk_flag,not_recommended__no_store_area_seat_or_store_outcome_data,insufficient,False,False,False,not_observable_from_current_official_html,104,20,top20_available,brand_specific_advantage=0.968 | brand_environment_fit=0.903,competition_risk_moderate,positive_drivers=brand_specific_advantage=0.968 | brand_environment_fit=0.903 || caution_flags=competition_risk_moderate || profile_stability=high_profile_stability || available_recommendation_count=20
3111044,남천초등학교,11710,694053735.0,54045.0,12842.145156813765,0.7971131639722864,0.8531746031746031,0.13095238095238096,0.6746031746031746,0.9325396825396826,0.8928571428571429,0.7063492063492064,0.4087301587301587,0.03968253968253968,0.5436507936507936,BRD_20120100621,더베이크,0.5912240184757506,False,7118.416818372006,165.07574017001778,11,20,0.1374133949191686,True,0.6529907621247113,0.6941685912240185,0.7353464203233255,117.0,87.0,70.0,91.33333333333333,False,direct_size_estimation_deferred,매장 면적·좌석·점포별 매출이 없어 규모별 적합도와 argmax 규모는 산출하지 않음,0.9146367155717908,0.6027713625866051,usable_area_profile,True,balanced_default,True,0.5597632794457275,71.0,0.5185719784449576,0.07843322976869689,1.0735167274120327,0.9607390300230947,True,True,0.7836489607390301,14.0,0.5367583637060164,1.0735167274120327,True,True,0.5843723557035723,17.0,7,0.5091886697640917,0.6620314923035232,high_profile_stability,balanced_default,상권 환경 프로필이 재표본에도 비교적 안정적이므로 균형 시나리오를 사용,0.605080831408776,0.9607390300230947,0.8290993071593533,0.9284064665127021,brand_specific_advantage=0.961 | low_competition_risk=0.928 | market_opportunity=0.829 | brand_environment_fit=0.605,no_model_level_high_risk_flag,not_recommended__no_store_area_seat_or_store_outcome_data,insufficient,False,False,False,not_observable_from_current_official_html,104,20,top20_available,brand_specific_advantage=0.961 | low_competition_risk=0.928 | market_opportunity=0.829,no_model_level_caution_flag,positive_drivers=brand_specific_advantage=0.961 | low_competition_risk=0.928 | market_opportunity=0.829 || caution_flags=no_model_level_caution_flag || profile_stability=high_profile_stability || available_recommendation_count=20
3110397,도봉산입구,11320,129020866.0,12363.0,10436.048370136697,0.3394919168591224,0.7182539682539683,0.11904761904761904,0.6071428571428571,0.25793650793650796,0.3611111111111111,0.24603174603174602,0.19047619047619047,0.4246031746031746,0.9126984126984127,BRD_20120100621,더베이크,0.03579676674364896,False,13658.13179024175,531.791312410397,0,7,0.0011547344110854503,True,0.12690531177829098,0.18764434180138567,0.24838337182448034,406.0,394.0,364.0,388.0,False,direct_size_estimation_deferred,매장 면적·좌석·점포별 매출이 없어 규모별 적합도와 argmax 규모는 산출하지 않음,0.9119084409825184,0.6073903002309469,usable_area_profile,True,balanced_default,True,0.4223441108545034,172.0,0.5080831408775982,0.062219768402093416,1.5960708614596422,0.9976905311778291,True,True,0.6829676674364895,53.0,0.7980354307298211,1.5960708614596422,True,True,0.5766565116099408,18.0,7,0.5091886697640917,0.6620314923035232,high_profile_stability,balanced_default,상권 환경 프로필이 재표본에도 비교적 안정적이므로 균형 시나리오를 사용,0.6096997690531177,0.9976905311778291,0.3210161662817552,1.0,low_competition_risk=1.000 | brand_specific_advantage=0.998 | brand_environment_fit=0.610 | market_opportunity=0.321,no_model_level_high_risk_flag,not_recommended__no_store_area_seat_or_store_outcome_data,insufficient,False,False,False,not_observable_from_current_official_html,104,20,top20_available,low_competition_risk=1.000 | brand_specific_advantage=0.998,no_model_level_caution_flag,positive_drivers=low_competition_risk=1.000 | brand_specific_advantage=0.998 || caution_flags=no_model_level_caution_flag || profile_stability=high_profile_stability || available_recommendation_count=20
3120069,상봉역,11260,1511381851.0,142985.0,10570.212616708046,0.9086605080831409,0.8492063492063492,0.40476190476190477,0.5,0.39285714285714285,0.623015873015873,0.5714285714285714,0.16666666666666666,0.32936507936507936,0.8134920634920635,BRD_20120100621,더베이크,0.5427251732101617,False,5834.943358744293,89.18520055817115,16,56,0.3931870669745958,True,0.6525057736720554,0.7256928406466513,0.798879907621247,119.0,69.0,42.0,76.66666666666667,False,direct_size_estimation_deferred,매장 면적·좌석·점포별 매출이 없어 규모별 적합도와 argmax 규모는 산출하지 않음,0.5382790543446163,0.9076212471131639,usable_area_profile,True,balanced_default,True,0.7128637413394919,4.0,0.8804849884526559,0.07129084880344481,0.38064154258178534,0.674364896073903,True,True,0.7556524249422634,18.0,0.19032077129089267,0.38064154258178534,True,True,0.5721261267647455,19.0,7,0.5091886697640917,0.6620314923035232,high_profile_stability,balanced_default,상권 환경 프로필이 재표본에도 비교적 안정적이므로 균형 시나리오를 사용,0.9099307159353349,0.674364896073903,0.9607390300230947,0.6720554272517321,market_opportunity=0.961 | brand_environment_fit=0.910 | brand_specific_advantage=0.674 | low_competition_risk=0.672,no_model_level_high_risk_flag,not_recommended__no_store_area_seat_or_store_outcome_data,insufficient,False,False,False,not_observable_from_current_official_html,104,20,top20_available,market_opportunity=0.961 | brand_environment_fit=0.910,no_model_level_caution_flag,positive_drivers=market_opportunity=0.961 | brand_environment_fit=0.910 || caution_flags=no_model_level_caution_flag || profile_stability=high_profile_stability || available_recommendation_count=20
3110274,서일대학교,11260,492656087.0,41512.0,11867.79935922143,0.7133949191685912,0.8492063492063492,0.40476190476190477,0.5,0.39285714285714285,0.623015873015873,0.5714285714285714,0.16666666666666666,0.32936507936507936,0.8134920634920635,BRD_20120100621,더베이크,0.5427251732101617,False,6163.1823760095,101.51354588565466,6,29,0.16916859122401848,True,0.5939260969976905,0.6280600461893764,0.6621939953810623,154.0,125.0,98.0,125.66666666666667,False,direct_size_estimation_deferred,매장 면적·좌석·점포별 매출이 없어 규모별 적합도와 argmax 규모는 산출하지 않음,0.5834627925891247,0.8752886836027713,usable_area_profile,True,balanced_default,True,0.6619572748267899,17.0,0.829003079291763,0.07882695102483951,0.587179939211693,0.8036951501154734,True,True,0.7727078521939954,15.0,0.2935899696058465,0.587179939211693,True,True,0.5705393992927622,20.0,7,0.5091886697640917,0.6620314923035232,high_profile_stability,balanced_default,상권 환경 프로필이 재표본에도 비교적 안정적이므로 균형 시나리오를 사용,0.8775981524249422,0.8036951501154734,0.7367205542725174,0.9030023094688222,low_competition_risk=0.903 | brand_environment_fit=0.878 | brand_specific_advantage=0.804 | market_opportunity=0.737,no_model_level_high_risk_flag,not_recommended__no_store_area_seat_or_store_outcome_data,insufficient,False,False,False,not_observable_from_current_official_html,104,20,top20_available,low_competition_risk=0.903 | brand_environment_fit=0.878 | brand_specific_advantage=0.804 | market_opportunity=0.737,no_model_level_caution_flag,positive_drivers=low_competition_risk=0.903 | brand_environment_fit=0.878 | brand_specific_advantage=0.804 | market_opportunity=0.737 || caution_flags=no_model_level_caution_flag || profile_stability=high_profile_stability || available_recommendation_count=20
3120188,압구정역,11680,1784647410.0,134975.0,13222.058973884052,0.9404157043879908,0.7817460317460317,0.18253968253968253,0.75,0.6468253968253969,0.8531746031746031,0.9206349206349206,0.4365079365079365,0.027777777777777776,0.4880952380952381,BRD_20080500016,던킨/던킨도너츠,0.6466512702078522,False,1368.6215692755018,98.31073190628577,25,98,0.5369515011547344,True,0.7347806004618938,0.7935334872979215,0.8522863741339493,61.0,33.0,20.0,38.0,False,direct_size_estimation_deferred,매장 면적·좌석·점포별 매출이 없어 규모별 적합도와 argmax 규모는 산출하지 않음,0.31474045462599526,0.9976905311778291,usable_area_profile,True,balanced_default,True,0.7474480369515012,1.0,0.9592956120092379,0.027451419670695573,1.39864967383009,0.9953810623556582,True,True,0.899041570438799,1.0,0.699324836915045,1.39864967383009,True,True,0.7753641548140302,1.0,63,0.6394491732377788,0.7611666428230746,high_profile_stability,balanced_default,상권 환경 프로필이 재표본에도 비교적 안정적이므로 균형 시나리오를 사용,1.0,0.9953810623556582,0.9745958429561201,0.44803695150115475,brand_environment_fit=1.000 | brand_specific_advantage=0.995 | market_opportunity=0.975 | low_competition_risk=0.448,no_model_level_high_risk_flag,not_recommended__no_store_area_seat_or_store_outcome_data,rich,True,True,False,not_observable_from_current_official_html,70,20,top20_available,brand_environment_fit=1.000 | brand_specific_advantage=0.995 | market_opportunity=0.975,competition_risk_moderate,positive_drivers=brand_environment_fit=1.000 | brand_specific_advantage=0.995 | market_opportunity=0.975 || caution_flags=competition_risk_moderate || profile_stability=high_profile_stability || available_recommendation_count=20
3120121,까치산역,11500,345571768.0,36578.0,9447.530428126196,0.6019630484988453,0.8373015873015873,0.23809523809523808,0.623015873015873,0.32142857142857145,0.8333333333333334,0.9246031746031746,0.46825396825396826,0.05555555555555555,0.42063492063492064,BRD_20080500016,던킨/던킨도너츠,0.7378752886836027,False,1080.916740516929,63.411355440434505,20,42,0.5912240184757507,True,0.6971016166281754,0.669919168591224,0.6427367205542726,85.0,87.0,95.0,89.0,False,direct_size_estimation_deferred,매장 면적·좌석·점포별 매출이 없어 규모별 적합도와 argmax 규모는 산출하지 않음,0.38550357768904786,0.9884526558891455,usable_area_profile,True,balanced_default,True,0.616229792147806,39.0,0.9436104695919938,0.03722609007523732,1.2045902808090134,0.9884526558891455,True,True,0.7838221709006928,11.0,0.6022951404045067,1.2045902808090134,True,True,0.6481300889799145,2.0,63,0.6394491732377788,0.7611666428230746,high_profile_stability,balanced_default,상권 환경 프로필이 재표본에도 비교적 안정적이므로 균형 시나리오를 사용,0.9907621247113164,0.9884526558891455,0.6143187066974596,0.3810623556581986,brand_environment_fit=0.991 | brand_specific_advantage=0.988 | market_opportunity=0.614 | low_competition_risk=0.381,no_model_level_high_risk_flag,not_recommended__no_store_area_seat_or_store_outcome_data,rich,True,True,False,not_observable_from_current_official_html,70,20,top20_available,brand_environment_fit=0.991 | brand_specific_advantage=0.988,competition_risk_moderate,positive_drivers=brand_environment_fit=0.991 | brand_specific_advantage=0.988 || caution_flags=competition_risk_moderate || profile_stability=high_profile_stability || available_recommendation_count=20
3120107,공덕역(공덕오거리),11440,1051109080.0,111230.0,9449.870358716174,0.8578521939953809,0.9404761904761905,0.4246031746031746,0.5833333333333334,0.9642857142857143,0.9880952380952381,0.9841269841269841,0.1111111111111111,0.011904761904761904,0.051587301587301584,BRD_20080500016,던킨/던킨도너츠,0.03348729792147806,False,1834.104140985888,80.05623025110103,24,77,0.5802540415704388,True,0.2807967667436489,0.4456697459584295,0.6105427251732101,289.0,208.0,118.0,205.0,False,direct_size_estimation_deferred,매장 면적·좌석·점포별 매출이 없어 규모별 적합도와 argmax 규모는 산출하지 않음,0.42821713672314654,0.9699769053117783,usable_area_profile,True,balanced_default,True,0.6981986143187067,6.0,0.9156081601231717,0.06710078505723298,0.8102549790175072,0.9422632794457275,True,True,0.8382159353348729,4.0,0.4051274895087536,0.8102549790175072,True,True,0.6377241825289874,3.0,63,0.6394491732377788,0.7611666428230746,high_profile_stability,balanced_default,상권 환경 프로필이 재표본에도 비교적 안정적이므로 균형 시나리오를 사용,0.9722863741339491,0.9422632794457275,0.8983833718244804,0.3960739030023095,brand_environment_fit=0.972 | brand_specific_advantage=0.942 | market_opportunity=0.898 | low_competition_risk=0.396,no_model_level_high_risk_flag,not_recommended__no_store_area_seat_or_store_outcome_data,rich,True,True,False,not_observable_from_current_official_html,70,20,top20_available,brand_environment_fit=0.972 | brand_specific_advantage=0.942 | market_opportunity=0.898,competition_risk_moderate,positive_drivers=brand_environment_fit=0.972 | brand_specific_advantage=0.942 | market_opportunity=0.898 || caution_flags=competition_risk_moderate || profile_stability=high_profile_stability || available_recommendation_count=20
3120139,대림3동사거리,11560,275372027.0,24903.0,11057.785286913224,0.5479214780600462,0.8571428571428571,0.7698412698412699,0.5277777777777778,0.23809523809523808,0.9007936507936508,0.9761904761904762,0.3373015873015873,0.047619047619047616,0.25,BRD_20080500016,던킨/던킨도너츠,0.24480369515011546,False,929.529988793903,43.9089968249315,5,36,0.3879907621247113,True,0.3357390300230947,0.39636258660508084,0.456986143187067,265.0,244.0,204.0,237.66666666666666,False,direct_size_estimation_deferred,매장 면적·좌석·점포별 매출이 없어 규모별 적합도와 argmax 규모는 산출하지 않음,0.5459312110620557,0.9191685912240185,usable_area_profile,True,balanced_default,True,0.5931581986143187,45.0,0.84959584295612,0.05619721795416074,1.2380105421703969,0.9907621247113164,True,True,0.7782332563510392,12.0,0.6190052710851984,1.2380105421703969,True,True,0.6365421451107663,4.0,63,0.6394491732377788,0.7611666428230746,high_profile_stability,balanced_default,상권 환경 프로필이 재표본에도 비교적 안정적이므로 균형 시나리오를 사용,0.9214780600461894,0.9907621247113164,0.5542725173210161,0.674364896073903,brand_specific_advantage=0.991 | brand_environment_fit=0.921 | low_competition_risk=0.674 | market_opportunity=0.554,no_model_level_high_risk_flag,not_recommended__no_store_area_seat_or_store_outcome_data,rich,True,True,False,not_observable_from_current_official_html,70,20,top20_available,brand_specific_advantage=0.991 | brand_environment_fit=0.921,same_brand_distance_750m_to_1000m_review,positive_drivers=brand_specific_advantage=0.991 | brand_environment_fit=0.921 || caution_flags=same_brand_distance_750m_to_1000m_review || profile_stability=high_profile_stability || available_recommendation_count=20
3120166,방배역,11650,1455145059.0,122673.0,11861.983150326478,0.9176674364896074,0.7619047619047619,0.2857142857142857,0.7023809523809523,0.6785714285714286,0.8293650793650794,0.7777777777777778,0.42857142857142855,0.08333333333333333,0.5198412698412699,BRD_20080500016,던킨/던킨도너츠,0.9780600461893765,False,2084.6997385898185,99.2975326976693,12,28,0.2736720554272517,True,0.9599422632794457,0.9478637413394919,0.935785219399538,3.0,3.0,3.0,3.0,False,direct_size_estimation_deferred,매장 면적·좌석·점포별 매출이 없어 규모별 적합도와 argmax 규모는 산출하지 않음,0.54798657762646,0.9145496535796767,usable_area_profile,True,balanced_default,True,0.7374076212471131,2.0,0.8795227097767513,0.05651551828195008,0.6197756805162711,0.9006928406466512,True,True,0.8688914549653578,2.0,0.30988784025813554,0.6197756805162711,True,True,0.630602776422911,5.0,63,0.6394491732377788,0.7611666428230746,high_profile_stability,balanced_default,상권 환경 프로필이 재표본에도 비교적 안정적이므로 균형 시나리오를 사용,0.9168591224018475,0.9006928406466512,0.9653579676674365,0.8337182448036952,market_opportunity=0.965 | brand_environment_fit=0.917 | brand_specific_advantage=0.901 | low_competition_risk=0.834,no_model_level_high_risk_flag,not_recommended__no_store_area_seat_or_store_outcome_data,rich,True,True,False,not_observable_from_current_official_html,70,20,top20_available,market_opportunity=0.965 | brand_environment_fit=0.917 | brand_specific_advantage=0.901 | low_competition_risk=0.834,no_model_level_caution_flag,positive_drivers=market_opportunity=0.965 | brand_environment_fit=0.917 | brand_specific_advantage=0.901 | low_competition_risk=0.834 || caution_flags=no_model_level_caution_flag || profile_stability=high_profile_stability || available_recommendation_count=20
3120047,한남오거리,11170,369976875.0,17557.0,21072.89827419263,0.5722863741339492,0.8849206349206349,0.6428571428571429,0.5873015873015873,0.5912698412698413,0.9365079365079365,0.9484126984126984,0.2857142857142857,0.04365079365079365,0.32936507936507936,BRD_20080500016,던킨/던킨도너츠,0.7771362586605081,False,1584.201060461288,74.1484996152458,11,35,0.3493071593533487,True,0.7156812933025403,0.6747113163972287,0.6337413394919168,72.0,82.0,100.0,84.66666666666667,False,direct_size_estimation_deferred,매장 면적·좌석·점포별 매출이 없어 규모별 적합도와 argmax 규모는 산출하지 않음,0.4953700516322027,0.9422632794457275,usable_area_profile,True,balanced_default,True,0.6190357967667437,37.0,0.8883756735950731,0.04941853482670609,1.0904330943768337,0.9838337182448037,True,True,0.7955023094688223,10.0,0.5452165471884168,1.0904330943768337,True,True,0.6287588169201029,6.0,63,0.6394491732377788,0.7611666428230746,high_profile_stability,balanced_default,상권 환경 프로필이 재표본에도 비교적 안정적이므로 균형 시나리오를 사용,0.9445727482678984,0.9838337182448037,0.5866050808314087,0.7413394919168591,brand_specific_advantage=0.984 | brand_environment_fit=0.945 | low_competition_risk=0.741 | market_opportunity=0.587,no_model_level_high_risk_flag,not_recommended__no_store_area_seat_or_store_outcome_data,rich,True,True,False,not_observable_from_current_official_html,70,20,top20_available,brand_specific_advantage=0.984 | brand_environment_fit=0.945 | low_competition_risk=0.741,no_model_level_caution_flag,positive_drivers=brand_specific_advantage=0.984 | brand_environment_fit=0.945 | low_competition_risk=0.741 || caution_flags=no_model_level_caution_flag || profile_stability=high_profile_stability || available_recommendation_count=20
3120201,도곡1동,11680,649721874.0,58337.0,11137.38920410717,0.7846420323325634,0.7817460317460317,0.18253968253968253,0.75,0.6468253968253969,0.8531746031746031,0.9206349206349206,0.4365079365079365,0.027777777777777776,0.4880952380952381,BRD_20080500016,던킨/던킨도너츠,0.6466512702078522,False,1070.7740191423636,87.09190547353441,10,65,0.2690531177829099,True,0.6880484988452655,0.7156466512702078,0.74324480369515,91.0,62.0,53.0,68.66666666666667,False,direct_size_estimation_deferred,매장 면적·좌석·점포별 매출이 없어 규모별 적합도와 argmax 규모는 산출하지 않음,0.585416358417823,0.8845265588914549,usable_area_profile,True,balanced_default,True,0.6765300230946881,9.0,0.8283294842186297,0.06578741047462766,0.8542223241101551,0.9515011547344111,True,True,0.8409930715935333,3.0,0.42711116205507754,0.8542223241101551,True,True,0.6283283986361362,7.0,63,0.6394491732377788,0.7611666428230746,high_profile_stability,balanced_default,상권 환경 프로필이 재표본에도 비교적 안정적이므로 균형 시나리오를 사용,0.8868360277136259,0.9515011547344111,0.815242494226328,0.8383371824480369,brand_specific_advantage=0.952 | brand_environment_fit=0.887 | low_competition_risk=0.838 | market_opportunity=0.815,no_model_level_high_risk_flag,not_recommended__no_store_area_seat_or_store_outcome_data,rich,True,True,False,not_observable_from_current_official_html,70,20,top20_available,brand_specific_advantage=0.952 | brand_environment_fit=0.887 | low_competition_risk=0.838 | market_opportunity=0.815,no_model_level_caution_flag,positive_drivers=brand_specific_advantage=0.952 | brand_environment_fit=0.887 | low_competition_risk=0.838 | market_opportunity=0.815 || caution_flags=no_model_level_caution_flag || profile_stability=high_profile_stability || available_recommendation_count=20
3111005,삼전역 3번,11710,233054769.0,25337.0,9198.19903698149,0.48152424942263283,0.8531746031746031,0.13095238095238096,0.6746031746031746,0.9325396825396826,0.8928571428571429,0.7063492063492064,0.4087301587301587,0.03968253968253968,0.5436507936507936,BRD_20080500016,던킨/던킨도너츠,0.3625866050808314,False,1905.839709921362,198.59506540938497,7,54,0.054849884526558895,True,0.39826789838337184,0.4220554272517321,0.4458429561200924,232.0,221.0,209.0,220.66666666666666,False,direct_size_estimation_deferred,매장 면적·좌석·점포별 매출이 없어 규모별 적합도와 argmax 규모는 산출하지 않음,0.38890724080010486,0.9861431870669746,usable_area_profile,True,balanced_default,True,0.6533775981524249,17.0,0.9562163202463433,0.03310846702684648,0.9039037294105055,0.9630484988452656,True,True,0.8172921478060046,6.0,0.4519518647052527,0.9039037294105055,True,True,0.618229342023282,8.0,63,0.6394491732377788,0.7611666428230746,high_profile_stability,balanced_default,상권 환경 프로필이 재표본에도 비교적 안정적이므로 균형 시나리오를 사용,0.9884526558891455,0.9630484988452656,0.46882217090069284,0.9745958429561201,brand_environment_fit=0.988 | low_competition_risk=0.975 | brand_specific_advantage=0.963 | market_opportunity=0.469,no_model_level_high_risk_flag,not_recommended__no_store_area_seat_or_store_outcome_data,rich,True,True,False,not_observable_from_current_official_html,70,20,top20_available,brand_environment_fit=0.988 | low_competition_risk=0.975 | brand_specific_advantage=0.963,no_model_level_caution_flag,positive_drivers=brand_environment_fit=0.988 | low_competition_risk=0.975 | brand_specific_advantage=0.963 || caution_flags=no_model_level_caution_flag || profile_stability=high_profile_stability || available_recommendation_count=20
3120009,종로3가역,11110,773341001.0,64864.0,11922.499398741984,0.8273672055427251,0.876984126984127,0.42857142857142855,0.503968253968254,0.75,0.9444444444444444,0.8531746031746031,0.2619047619047619,0.05952380952380952,0.3611111111111111,BRD_20080500016,던킨/던킨도너츠,0.8175519630484989,False,1443.8130072811518,125.80143085865113,24,103,0.4590069284064665,True,0.8204965357967666,0.822459584295612,0.8244226327944572,33.0,25.0,27.0,28.333333333333332,False,direct_size_estimation_deferred,매장 면적·좌석·점포별 매출이 없어 규모별 적합도와 argmax 규모는 산출하지 않음,0.4089152208800643,0.9838337182448037,usable_area_profile,True,balanced_default,True,0.7126443418013857,3.0,0.9535219399538106,0.05047087142510804,0.6005796499070095,0.8937644341801386,True,True,0.8320150115473441,5.0,0.30028982495350476,0.6005796499070095,True,True,0.6103843486644426,9.0,63,0.6394491732377788,0.7611666428230746,high_profile_stability,balanced_default,상권 환경 프로필이 재표본에도 비교적 안정적이므로 균형 시나리오를 사용,0.9861431870669746,0.8937644341801386,0.8637413394919169,0.5750577367205543,brand_environment_fit=0.986 | brand_specific_advantage=0.894 | market_opportunity=0.864 | low_competition_risk=0.575,no_model_level_high_risk_flag,not_recommended__no_store_area_seat_or_store_outcome_data,rich,True,True,False,not_observable_from_current_official_html,70,20,top20_available,brand_environment_fit=0.986 | brand_specific_advantage=0.894 | market_opportunity=0.864,competition_risk_moderate,positive_drivers=brand_environment_fit=0.986 | brand_specific_advantage=0.894 | market_opportunity=0.864 || caution_flags=competition_risk_moderate || profile_stability=high_profile_stability || available_recommendation_count=20
3130072,성동용답상가시장,11200,441220675.0,42751.0,10320.710041870365,0.6748267898383372,0.9206349206349206,0.38492063492063494,0.5555555555555556,0.9920634920634921,0.9841269841269841,0.9563492063492064,0.10317460317460317,0.015873015873015872,0.07936507936507936,BRD_20080500016,던킨/던킨도너츠,0.08083140877598152,False,2377.912529940723,135.0925608781212,10,28,0.15473441108545033,True,0.2590300230946882,0.37782909930715936,0.49662817551963045,296.0,252.0,179.0,242.33333333333334,False,direct_size_estimation_deferred,매장 면적·좌석·점포별 매출이 없어 규모별 적합도와 argmax 규모는 산출하지 않음,0.37950658578660634,0.9907621247113164,usable_area_profile,True,balanced_default,True,0.7083602771362587,4.0,0.9837374903772133,0.015581629901107024,0.4508279543723527,0.836027713625866,True,True,0.810877598152425,8.0,0.22541397718617634,0.4508279543723527,True,True,0.5788948920151618,10.0,63,0.6394491732377788,0.7611666428230746,high_profile_stability,balanced_default,상권 환경 프로필이 재표본에도 비교적 안정적이므로 균형 시나리오를 사용,0.9930715935334873,0.836027713625866,0.6951501154734411,0.9122401847575058,brand_environment_fit=0.993 | low_competition_risk=0.912 | brand_specific_advantage=0.836 | market_opportunity=0.695,no_model_level_high_risk_flag,not_recommended__no_store_area_seat_or_store_outcome_data,rich,True,True,False,not_observable_from_current_official_html,70,20,top20_available,brand_environment_fit=0.993 | low_competition_risk=0.912 | brand_specific_advantage=0.836,no_model_level_caution_flag,positive_drivers=brand_environment_fit=0.993 | low_competition_risk=0.912 | brand_specific_advantage=0.836 || caution_flags=no_model_level_caution_flag || profile_stability=high_profile_stability || available_recommendation_count=20
3110274,서일대학교,11260,492656087.0,41512.0,11867.79935922143,0.7133949191685912,0.8492063492063492,0.40476190476190477,0.5,0.39285714285714285,0.623015873015873,0.5714285714285714,0.16666666666666666,0.32936507936507936,0.8134920634920635,BRD_20080500016,던킨/던킨도너츠,0.8983833718244804,False,2594.2307144644305,101.51354588565466,6,29,0.17032332563510394,True,0.8428868360277135,0.8058891454965358,0.7688914549653578,27.0,29.0,42.0,32.666666666666664,False,direct_size_estimation_deferred,매장 면적·좌석·점포별 매출이 없어 규모별 적합도와 argmax 규모는 산출하지 않음,0.6104212397108937,0.8729792147806005,usable_area_profile,True,balanced_default,True,0.6606293302540416,14.0,0.829003079291763,0.07882695102483951,0.5578819796668272,0.8822170900692841,True,True,0.8032505773672055,9.0,0.2789409898334136,0.5578819796668272,True,True,0.5644884688435422,11.0,63,0.6394491732377788,0.7611666428230746,high_profile_stability,balanced_default,상권 환경 프로필이 재표본에도 비교적 안정적이므로 균형 시나리오를 사용,0.8752886836027713,0.8822170900692841,0.7367205542725174,0.9030023094688222,low_competition_risk=0.903 | brand_specific_advantage=0.882 | brand_environment_fit=0.875 | market_opportunity=0.737,no_model_level_high_risk_flag,not_recommended__no_store_area_seat_or_store_outcome_data,rich,True,True,False,not_observable_from_current_official_html,70,20,top20_available,low_competition_risk=0.903 | brand_specific_advantage=0.882 | brand_environment_fit=0.875 | market_opportunity=0.737,no_model_level_caution_flag,positive_drivers=low_competition_risk=0.903 | brand_specific_advantage=0.882 | brand_environment_fit=0.875 | market_opportunity=0.737 || caution_flags=no_model_level_caution_flag || profile_stability=high_profile_stability || available_recommendation_count=20
3120056,구의역,11215,311680026.0,30426.0,10243.871228554526,0.5764434180138568,0.8650793650793651,0.5238095238095238,0.6309523809523809,0.7698412698412699,0.9087301587301587,0.7023809523809523,0.1388888888888889,0.0992063492063492,0.6031746031746031,BRD_20080500016,던킨/던킨도너츠,0.6986143187066974,False,974.1729825881337,109.93179701028201,24,61,0.48903002309468824,True,0.6619630484988452,0.6375288683602771,0.613094688221709,102.0,100.0,117.0,106.33333333333333,False,direct_size_estimation_deferred,매장 면적·좌석·점포별 매출이 없어 규모별 적합도와 argmax 규모는 산출하지 않음,0.3213301317475469,0.9953810623556582,usable_area_profile,True,balanced_default,True,0.6260912240184757,28.0,0.9880677444187836,0.010739200973532492,0.6809927437710394,0.9099307159353349,True,True,0.7621651270207851,22.0,0.3404963718855197,0.6809927437710394,True,True,0.5627649541784076,12.0,63,0.6394491732377788,0.7611666428230746,high_profile_stability,balanced_default,상권 환경 프로필이 재표본에도 비교적 안정적이므로 균형 시나리오를 사용,0.9976905311778291,0.9099307159353349,0.5935334872979214,0.5115473441108545,brand_environment_fit=0.998 | brand_specific_advantage=0.910 | market_opportunity=0.594 | low_competition_risk=0.512,no_model_level_high_risk_flag,not_recommended__no_store_area_seat_or_store_outcome_data,rich,True,True,False,not_observable_from_current_official_html,70,20,top20_available,brand_environment_fit=0.998 | brand_specific_advantage=0.910,competition_risk_moderate | same_brand_distance_750m_to_1000m_review,positive_drivers=brand_environment_fit=0.998 | brand_specific_advantage=0.910 || caution_flags=competition_risk_moderate | same_brand_distance_750m_to_1000m_review || profile_stability=high_profile_stability || available_recommendation_count=20
3110243,중랑노인종합복지관,11260,245308379.0,21354.0,11487.701554743842,0.5138568129330254,0.8492063492063492,0.40476190476190477,0.5,0.39285714285714285,0.623015873015873,0.5714285714285714,0.16666666666666666,0.32936507936507936,0.8134920634920635,BRD_20080500016,던킨/던킨도너츠,0.8983833718244804,False,952.2000839912295,105.41821475311895,13,36,0.2754041570438799,True,0.7830254041570438,0.706120092378753,0.6292147806004619,47.0,64.0,106.0,72.33333333333333,False,direct_size_estimation_deferred,매장 면적·좌석·점포별 매출이 없어 규모별 적합도와 argmax 규모는 산출하지 않음,0.4420824256082542,0.9607390300230947,usable_area_profile,True,balanced_default,True,0.6189087759815243,38.0,0.9249422632794456,0.051058726221187505,0.701090085729454,0.9145496535796767,True,True,0.7668879907621247,17.0,0.350545042864727,0.701090085729454,True,True,0.5598732130396059,13.0,63,0.6394491732377788,0.7611666428230746,high_profile_stability,balanced_default,상권 환경 프로필이 재표본에도 비교적 안정적이므로 균형 시나리오를 사용,0.9630484988452656,0.9145496535796767,0.5103926096997691,0.8314087759815243,brand_environment_fit=0.963 | brand_specific_advantage=0.915 | low_competition_risk=0.831 | market_opportunity=0.510,no_model_level_high_risk_flag,not_recommended__no_store_area_seat_or_store_outcome_data,rich,True,True,False,not_observable_from_current_official_html,70,20,top20_available,brand_environment_fit=0.963 | brand_specific_advantage=0.915 | low_competition_risk=0.831,same_brand_distance_750m_to_1000m_review,positive_drivers=brand_environment_fit=0.963 | brand_specific_advantage=0.915 | low_competition_risk=0.831 || caution_flags=same_brand_distance_750m_to_1000m_review || profile_stability=high_profile_stability || available_recommendation_count=20
3120151,보라매공원,11590,648870341.0,67412.0,9625.442665994186,0.7726327944572748,0.8611111111111112,0.5158730158730159,0.42857142857142855,0.753968253968254,0.9563492063492064,0.6626984126984127,0.11507936507936507,0.09523809523809523,0.5674603174603174,BRD_20080500016,던킨/던킨도너츠,0.5969976905311778,False,1690.0807672704204,16.492422502230646,17,70,0.7153579676674365,True,0.6496882217090069,0.6848152424942263,0.7199422632794457,108.0,74.0,61.0,81.0,False,direct_size_estimation_deferred,매장 면적·좌석·점포별 매출이 없어 규모별 적합도와 argmax 규모는 산출하지 않음,0.47412099532365654,0.9491916859122402,usable_area_profile,True,balanced_default,True,0.6377136258660508,24.0,0.9259045419553503,0.04022615119855289,0.5789055940735303,0.8891454965357968,True,True,0.7649018475750577,20.0,0.28945279703676513,0.5789055940735303,True,True,0.5551479708797269,14.0,63,0.6394491732377788,0.7611666428230746,high_profile_stability,balanced_default,상권 환경 프로필이 재표본에도 비교적 안정적이므로 균형 시나리오를 사용,0.9515011547344111,0.8891454965357968,0.8048498845265589,0.19168591224018475,brand_environment_fit=0.952 | brand_specific_advantage=0.889 | market_opportunity=0.805 | low_competition_risk=0.192,no_model_level_high_risk_flag,not_recommended__no_store_area_seat_or_store_outcome_data,rich,True,True,False,not_observable_from_current_official_html,70,20,top20_available,brand_environment_fit=0.952 | brand_specific_advantage=0.889 | market_opportunity=0.805,competition_risk_elevated_but_below_exclusion,positive_drivers=brand_environment_fit=0.952 | brand_specific_advantage=0.889 | market_opportunity=0.805 || caution_flags=competition_risk_elevated_but_below_exclusion || profile_stability=high_profile_stability || available_recommendation_count=20
3110757,양평역 2번,11560,354537095.0,35555.0,9971.511601743778,0.6085450346420324,0.8571428571428571,0.7698412698412699,0.5277777777777778,0.23809523809523808,0.9007936507936508,0.9761904761904762,0.3373015873015873,0.047619047619047616,0.25,BRD_20080500016,던킨/던킨도너츠,0.24480369515011546,False,1128.9061076858475,46.38965399869973,10,60,0.4422632794457275,True,0.3539260969976905,0.4266743648960739,0.4994226327944573,255.0,220.0,175.0,216.66666666666666,False,direct_size_estimation_deferred,매장 면적·좌석·점포별 매출이 없어 규모별 적합도와 argmax 규모는 산출하지 않음,0.6515301334406733,0.8429561200923787,usable_area_profile,True,balanced_default,True,0.5681293302540416,54.0,0.765877598152425,0.08967530419906314,0.8595289709734718,0.953810623556582,True,True,0.750635103926097,26.0,0.4297644854867359,0.8595289709734718,True,True,0.5533621426686255,15.0,63,0.6394491732377788,0.7611666428230746,high_profile_stability,balanced_default,상권 환경 프로필이 재표본에도 비교적 안정적이므로 균형 시나리오를 사용,0.8452655889145496,0.953810623556582,0.6189376443418014,0.5958429561200924,brand_specific_advantage=0.954 | brand_environment_fit=0.845 | market_opportunity=0.619 | low_competition_risk=0.596,no_model_level_high_risk_flag,not_recommended__no_store_area_seat_or_store_outcome_data,rich,True,True,False,not_observable_from_current_official_html,70,20,top20_available,brand_specific_advantage=0.954 | brand_environment_fit=0.845,competition_risk_moderate,positive_drivers=brand_specific_advantage=0.954 | brand_environment_fit=0.845 || caution_flags=competition_risk_moderate || profile_stability=high_profile_stability || available_recommendation_count=20
3120133,서울시흥동우체국(홈플러스시흥점),11545,637795918.0,60754.0,10498.00701188399,0.7765588914549653,0.753968253968254,0.7420634920634921,0.3531746031746032,0.24206349206349206,0.8690476190476191,0.873015873015873,0.04365079365079365,0.13095238095238096,0.6785714285714286,BRD_20080500016,던킨/던킨도너츠,0.1235565819861432,False,1389.725872274901,60.20797286767192,15,45,0.49018475750577367,True,0.31945727482678976,0.4500577367205542,0.5806581986143186,275.0,203.0,135.0,204.33333333333334,False,direct_size_estimation_deferred,매장 면적·좌석·점포별 매출이 없어 규모별 적합도와 argmax 규모는 산출하지 않음,0.5143281028956312,0.9353348729792148,usable_area_profile,True,balanced_default,True,0.6659353348729791,12.0,0.9093533487297921,0.05669816000773116,0.45824281151063695,0.8383371824480369,True,True,0.7753752886836027,15.0,0.22912140575531847,0.45824281151063695,True,True,0.5526809446702505,16.0,63,0.6394491732377788,0.7611666428230746,high_profile_stability,balanced_default,상권 환경 프로필이 재표본에도 비교적 안정적이므로 균형 시나리오를 사용,0.9376443418013857,0.8383371824480369,0.8106235565819861,0.5080831408775982,brand_environment_fit=0.938 | brand_specific_advantage=0.838 | market_opportunity=0.811 | low_competition_risk=0.508,no_model_level_high_risk_flag,not_recommended__no_store_area_seat_or_store_outcome_data,rich,True,True,False,not_observable_from_current_official_html,70,20,top20_available,brand_environment_fit=0.938 | brand_specific_advantage=0.838 | market_opportunity=0.811,competition_risk_moderate,positive_drivers=brand_environment_fit=0.938 | brand_specific_advantage=0.838 | market_opportunity=0.811 || caution_flags=competition_risk_moderate || profile_stability=high_profile_stability || available_recommendation_count=20
3111090,강일동주민센터,11740,428404856.0,36116.0,11861.913168678702,0.6680138568129331,0.8452380952380952,0.06746031746031746,0.7063492063492064,0.38492063492063494,0.6626984126984127,0.7182539682539683,0.5833333333333334,0.06746031746031746,0.6507936507936508,BRD_20080500016,던킨/던킨도너츠,0.8614318706697459,False,1810.498826273891,59.13543778863246,4,13,0.3140877598152425,True,0.803406466512702,0.7647228637413395,0.7260392609699768,39.0,43.0,59.0,47.0,False,direct_size_estimation_deferred,매장 면적·좌석·점포별 매출이 없어 규모별 적합도와 argmax 규모는 산출하지 않음,0.7917062421085245,0.7090069284064665,usable_area_profile,True,balanced_default,True,0.5411951501154735,71.0,0.6291377983063895,0.08289762773977448,0.9634670168221908,0.9699769053117783,True,True,0.7539838337182448,25.0,0.4817335084110954,0.9634670168221908,True,True,0.5523538411078557,17.0,63,0.6394491732377788,0.7611666428230746,high_profile_stability,balanced_default,상권 환경 프로필이 재표본에도 비교적 안정적이므로 균형 시나리오를 사용,0.7113163972286374,0.9699769053117783,0.6859122401847575,0.7875288683602771,brand_specific_advantage=0.970 | low_competition_risk=0.788 | brand_environment_fit=0.711 | market_opportunity=0.686,no_model_level_high_risk_flag,not_recommended__no_store_area_seat_or_store_outcome_data,rich,True,True,False,not_observable_from_current_official_html,70,20,top20_available,brand_specific_advantage=0.970 | low_competition_risk=0.788 | brand_environment_fit=0.711,no_model_level_caution_flag,positive_drivers=brand_specific_advantage=0.970 | low_competition_risk=0.788 | brand_environment_fit=0.711 || caution_flags=no_model_level_caution_flag || profile_stability=high_profile_stability || available_recommendation_count=20
3120051,뚝섬역,11200,416387011.0,44887.0,9276.338605832423,0.6515011547344112,0.9206349206349206,0.38492063492063494,0.5555555555555556,0.9920634920634921,0.9841269841269841,0.9563492063492064,0.10317460317460317,0.015873015873015872,0.07936507936507936,BRD_20080500016,던킨/던킨도너츠,0.08083140877598152,False,2378.3628823005697,83.67197859938392,40,88,0.6737875288683604,True,0.25203233256351043,0.36616628175519633,0.48030023094688223,300.0,260.0,187.0,249.0,False,direct_size_estimation_deferred,매장 면적·좌석·점포별 매출이 없어 규모별 적합도와 argmax 규모는 산출하지 않음,0.41722870666214973,0.976905311778291,usable_area_profile,True,balanced_default,True,0.6154099307159353,40.0,0.9377405696689761,0.05978097704494511,0.6551372032589841,0.9030023094688222,True,True,0.7486547344110854,28.0,0.32756860162949203,0.6551372032589841,True,True,0.5520624054894908,18.0,63,0.6394491732377788,0.7611666428230746,high_profile_stability,balanced_default,상권 환경 프로필이 재표본에도 비교적 안정적이므로 균형 시나리오를 사용,0.9792147806004619,0.9030023094688222,0.6720554272517321,0.2586605080831409,brand_environment_fit=0.979 | brand_specific_advantage=0.903 | market_opportunity=0.672 | low_competition_risk=0.259,no_model_level_high_risk_flag,not_recommended__no_store_area_seat_or_store_outcome_data,rich,True,True,False,not_observable_from_current_official_html,70,20,top20_available,brand_environment_fit=0.979 | brand_specific_advantage=0.903,competition_risk_elevated_but_below_exclusion,positive_drivers=brand_environment_fit=0.979 | brand_specific_advantage=0.903 || caution_flags=competition_risk_elevated_but_below_exclusion || profile_stability=high_profile_stability || available_recommendation_count=20
3110815,공군호텔,11560,311003172.0,32124.0,9681.333955920807,0.5698614318706697,0.8571428571428571,0.7698412698412699,0.5277777777777778,0.23809523809523808,0.9007936507936508,0.9761904761904762,0.3373015873015873,0.047619047619047616,0.25,BRD_20080500016,던킨/던킨도너츠,0.24480369515011546,False,1356.0921797606877,44.72135959188009,10,26,0.4457274826789839,True,0.34232101616628174,0.4073325635103926,0.47234411085450345,262.0,237.0,195.0,231.33333333333334,False,direct_size_estimation_deferred,매장 면적·좌석·점포별 매출이 없어 규모별 적합도와 argmax 규모는 산출하지 않음,0.41220135117622075,0.9815242494226328,usable_area_profile,True,balanced_default,True,0.6233545034642033,32.0,0.9554464973056197,0.04323023942524379,0.6032294168092286,0.8960739030023095,True,True,0.756986143187067,24.0,0.3016147084046143,0.6032294168092286,True,True,0.5469912449393055,19.0,63,0.6394491732377788,0.7611666428230746,high_profile_stability,balanced_default,상권 환경 프로필이 재표본에도 비교적 안정적이므로 균형 시나리오를 사용,0.9838337182448037,0.8960739030023095,0.5842956120092379,0.5912240184757506,brand_environment_fit=0.984 | brand_specific_advantage=0.896 | low_competition_risk=0.591 | market_opportunity=0.584,no_model_level_high_risk_flag,not_recommended__no_store_area_seat_or_store_outcome_data,rich,True,True,False,not_observable_from_current_official_html,70,20,top20_available,brand_environment_fit=0.984 | brand_specific_advantage=0.896,competition_risk_moderate,positive_drivers=brand_environment_fit=0.984 | brand_specific_advantage=0.896 || caution_flags=competition_risk_moderate || profile_stability=high_profile_stability || available_recommendation_count=20
3111031,장지동주민센터(한림연예예술고교),11710,261108662.0,24245.0,10769.58803877088,0.5293302540415705,0.8531746031746031,0.13095238095238096,0.6746031746031746,0.9325396825396826,0.8928571428571429,0.7063492063492064,0.4087301587301587,0.03968253968253968,0.5436507936507936,BRD_20080500016,던킨/던킨도너츠,0.3625866050808314,False,1060.6498008228575,94.53041835901287,9,34,0.2292147806004619,True,0.41260969976905315,0.44595842956120096,0.4793071593533488,222.0,207.0,189.0,206.0,False,direct_size_estimation_deferred,매장 면적·좌석·점포별 매출이 없어 규모별 적합도와 argmax 규모는 산출하지 않음,0.7403445226364298,0.76905311778291,usable_area_profile,True,balanced_default,True,0.5354099307159353,74.0,0.6972671285604312,0.07497130716020473,0.9575128397999081,0.9676674364896074,True,True,0.7421997690531178,31.0,0.47875641989995404,0.9575128397999081,True,True,0.5461444236393489,20.0,63,0.6394491732377788,0.7611666428230746,high_profile_stability,balanced_default,상권 환경 프로필이 재표본에도 비교적 안정적이므로 균형 시나리오를 사용,0.7713625866050808,0.9676674364896074,0.5311778290993071,0.8752886836027713,brand_specific_advantage=0.968 | low_competition_risk=0.875 | brand_environment_fit=0.771 | market_opportunity=0.531,no_model_level_high_risk_flag,not_recommended__no_store_area_seat_or_store_outcome_data,rich,True,True,False,not_observable_from_current_official_html,70,20,top20_available,brand_specific_advantage=0.968 | low_competition_risk=0.875 | brand_environment_fit=0.771,no_model_level_caution_flag,positive_drivers=brand_specific_advantage=0.968 | low_competition_risk=0.875 | brand_environment_fit=0.771 || caution_flags=no_model_level_caution_flag || profile_stability=high_profile_stability || available_recommendation_count=20
3120153,노량진역(노량진),11590,595426544.0,103117.0,5774.2810981700395,0.7636258660508083,0.8611111111111112,0.5158730158730159,0.42857142857142855,0.753968253968254,0.9563492063492064,0.6626984126984127,0.11507936507936507,0.09523809523809523,0.5674603174603174,BRD_20250749,디에그,0.6755196304849884,False,4632.705473067621,132.0075755359234,5,24,0.09526558891454966,True,0.7019515011547344,0.7195727482678984,0.7371939953810622,94.0,74.0,62.0,76.66666666666667,False,direct_size_estimation_deferred,매장 면적·좌석·점포별 매출이 없어 규모별 적합도와 argmax 규모는 산출하지 않음,0.7133671236253444,0.8221709006928406,usable_area_profile,True,balanced_default,True,0.6640646651270207,15.0,0.6104695919938414,0.14073458980335543,1.5042592513667292,0.9515011547344111,True,True,0.8420496535796768,2.0,0.7521296256833646,1.5042592513667292,True,True,0.7323850918529189,1.0,5,0.5097542226759714,0.6630930075134128,high_profile_stability,balanced_default,상권 환경 프로필이 재표본에도 비교적 안정적이므로 균형 시나리오를 사용,0.8244803695150116,0.9515011547344111,0.7967667436489607,0.9561200923787528,low_competition_risk=0.956 | brand_specific_advantage=0.952 | brand_environment_fit=0.824 | market_opportunity=0.797,no_model_level_high_risk_flag,not_recommended__no_store_area_seat_or_store_outcome_data,insufficient,False,False,False,not_observable_from_current_official_html,91,20,top20_available,low_competition_risk=0.956 | brand_specific_advantage=0.952 | brand_environment_fit=0.824 | market_opportunity=0.797,no_model_level_caution_flag,positive_drivers=low_competition_risk=0.956 | brand_specific_advantage=0.952 | brand_environment_fit=0.824 | market_opportunity=0.797 || caution_flags=no_model_level_caution_flag || profile_stability=high_profile_stability || available_recommendation_count=20
3120037,동대문역사문화공원역,11140,991150857.0,75063.0,13204.253187322649,0.8695150115473441,0.873015873015873,0.5793650793650794,0.6428571428571429,0.34523809523809523,0.8571428571428571,0.8214285714285714,0.0873015873015873,0.023809523809523808,0.8293650793650794,BRD_20250749,디에그,0.17782909930715934,False,4232.970115647196,125.25573836405046,15,74,0.2806004618937644,True,0.38533487297921476,0.5236720554272517,0.6620092378752886,278.0,199.0,109.0,195.33333333333334,False,direct_size_estimation_deferred,매장 면적·좌석·점포별 매출이 없어 규모별 적합도와 argmax 규모는 산출하지 않음,0.5569274183471772,0.9168591224018476,usable_area_profile,True,balanced_default,True,0.7206697459584296,3.0,0.7372016936104696,0.1468679111485937,1.2232585551626012,0.8891454965357968,True,True,0.8494803695150116,1.0,0.6116292775813006,1.2232585551626012,True,True,0.7242896466915615,2.0,5,0.5097542226759714,0.6630930075134128,high_profile_stability,balanced_default,상권 환경 프로필이 재표본에도 비교적 안정적이므로 균형 시나리오를 사용,0.9191685912240185,0.8891454965357968,0.9053117782909931,0.8314087759815243,brand_environment_fit=0.919 | market_opportunity=0.905 | brand_specific_advantage=0.889 | low_competition_risk=0.831,no_model_level_high_risk_flag,not_recommended__no_store_area_seat_or_store_outcome_data,insufficient,False,False,False,not_observable_from_current_official_html,91,20,top20_available,brand_environment_fit=0.919 | market_opportunity=0.905 | brand_specific_advantage=0.889 | low_competition_risk=0.831,no_model_level_caution_flag,positive_drivers=brand_environment_fit=0.919 | market_opportunity=0.905 | brand_specific_advantage=0.889 | low_competition_risk=0.831 || caution_flags=no_model_level_caution_flag || profile_stability=high_profile_stability || available_recommendation_count=20
3120159,서울대입구역,11620,577357524.0,63766.0,9054.316155945175,0.7378752886836027,0.6944444444444444,0.5833333333333334,0.49603174603174605,0.8611111111111112,0.9801587301587301,0.8690476190476191,0.027777777777777776,0.051587301587301584,0.3412698412698413,BRD_20250749,디에그,0.27829099307159355,False,6374.986274455025,112.61438631512817,37,77,0.5750577367205543,True,0.4161662817551963,0.5080831408775981,0.5999999999999999,261.0,211.0,144.0,205.33333333333334,False,direct_size_estimation_deferred,매장 면적·좌석·점포별 매출이 없어 규모별 적합도와 argmax 규모는 산출하지 않음,0.4128570063706937,0.9745958429561201,usable_area_profile,True,balanced_default,True,0.6592956120092378,18.0,0.829003079291763,0.0995776204483711,1.4621032618453051,0.9445727482678984,True,True,0.805311778290993,6.0,0.7310516309226526,1.4621032618453051,True,True,0.7239396643564157,3.0,5,0.5097542226759714,0.6630930075134128,high_profile_stability,balanced_default,상권 환경 프로필이 재표본에도 비교적 안정적이므로 균형 시나리오를 사용,0.976905311778291,0.9445727482678984,0.7621247113163973,0.40993071593533487,brand_environment_fit=0.977 | brand_specific_advantage=0.945 | market_opportunity=0.762 | low_competition_risk=0.410,no_model_level_high_risk_flag,not_recommended__no_store_area_seat_or_store_outcome_data,insufficient,False,False,False,not_observable_from_current_official_html,91,20,top20_available,brand_environment_fit=0.977 | brand_specific_advantage=0.945 | market_opportunity=0.762,competition_risk_moderate,positive_drivers=brand_environment_fit=0.977 | brand_specific_advantage=0.945 | market_opportunity=0.762 || caution_flags=competition_risk_moderate || profile_stability=high_profile_stability || available_recommendation_count=20
3110892,관악구 중앙길,11620,913081619.0,87290.0,10460.323278726086,0.8403002309468822,0.6944444444444444,0.5833333333333334,0.49603174603174605,0.8611111111111112,0.9801587301587301,0.8690476190476191,0.027777777777777776,0.051587301587301584,0.3412698412698413,BRD_20250749,디에그,0.27829099307159355,False,6346.990625444161,165.92166821826325,24,76,0.3978060046189376,True,0.4468937644341801,0.5592956120092378,0.6716974595842955,237.0,167.0,103.0,169.0,False,direct_size_estimation_deferred,매장 면적·좌석·점포별 매출이 없어 규모별 적합도와 argmax 규모는 산출하지 않음,0.35117186539846795,0.9884526558891455,usable_area_profile,True,balanced_default,True,0.7286605080831409,1.0,0.8969399538106235,0.08337710218528369,1.0975759492715291,0.8545034642032333,True,True,0.830756351039261,3.0,0.5487879746357646,1.0975759492715291,True,True,0.7083286779585453,4.0,5,0.5097542226759714,0.6630930075134128,high_profile_stability,balanced_default,상권 환경 프로필이 재표본에도 비교적 안정적이므로 균형 시나리오를 사용,0.9907621247113164,0.8545034642032333,0.8845265588914549,0.6651270207852193,brand_environment_fit=0.991 | market_opportunity=0.885 | brand_specific_advantage=0.855 | low_competition_risk=0.665,no_model_level_high_risk_flag,not_recommended__no_store_area_seat_or_store_outcome_data,insufficient,False,False,False,not_observable_from_current_official_html,91,20,top20_available,brand_environment_fit=0.991 | market_opportunity=0.885 | brand_specific_advantage=0.855,no_model_level_caution_flag,positive_drivers=brand_environment_fit=0.991 | market_opportunity=0.885 | brand_specific_advantage=0.855 || caution_flags=no_model_level_caution_flag || profile_stability=high_profile_stability || available_recommendation_count=20
3120057,아차산역,11215,481472585.0,48285.0,9971.473231852542,0.7008083140877599,0.8650793650793651,0.5238095238095238,0.6309523809523809,0.7698412698412699,0.9087301587301587,0.7023809523809523,0.1388888888888889,0.0992063492063492,0.6031746031746031,BRD_20250749,디에그,0.640877598152425,False,5308.457403035703,182.38695125909172,27,57,0.4284064665127021,True,0.6588568129330254,0.6708429561200924,0.6828290993071594,123.0,92.0,96.0,103.66666666666667,False,direct_size_estimation_deferred,매장 면적·좌석·점포별 매출이 없어 규모별 적합도와 argmax 규모는 산출하지 않음,0.6614066595869045,0.8545034642032332,usable_area_profile,True,balanced_default,True,0.6082736720554273,45.0,0.7135296381832178,0.09059293855413542,1.556123780395687,0.9607390300230947,True,True,0.7866281755196304,12.0,0.7780618901978436,1.556123780395687,True,True,0.7037593059110466,5.0,5,0.5097542226759714,0.6630930075134128,high_profile_stability,balanced_default,상권 환경 프로필이 재표본에도 비교적 안정적이므로 균형 시나리오를 사용,0.8568129330254042,0.9607390300230947,0.7251732101616628,0.6143187066974596,brand_specific_advantage=0.961 | brand_environment_fit=0.857 | market_opportunity=0.725 | low_competition_risk=0.614,no_model_level_high_risk_flag,not_recommended__no_store_area_seat_or_store_outcome_data,insufficient,False,False,False,not_observable_from_current_official_html,91,20,top20_available,brand_specific_advantage=0.961 | brand_environment_fit=0.857 | market_opportunity=0.725,competition_risk_moderate,positive_drivers=brand_specific_advantage=0.961 | brand_environment_fit=0.857 | market_opportunity=0.725 || caution_flags=competition_risk_moderate || profile_stability=high_profile_stability || available_recommendation_count=20
3120158,녹두거리(대학동),11620,695809095.0,79236.0,8781.476790852643,0.7778290993071594,0.6944444444444444,0.5833333333333334,0.49603174603174605,0.8611111111111112,0.9801587301587301,0.8690476190476191,0.027777777777777776,0.051587301587301584,0.3412698412698413,BRD_20250749,디에그,0.27829099307159355,False,5075.9193255657065,107.28000742995447,15,20,0.3140877598152425,True,0.42815242494226324,0.5280600461893765,0.6279676674364896,252.0,196.0,127.0,191.66666666666666,False,direct_size_estimation_deferred,매장 면적·좌석·점포별 매출이 없어 규모별 적합도와 argmax 규모는 산출하지 않음,0.5717581046775098,0.9122401847575058,usable_area_profile,True,balanced_default,True,0.6812471131639724,10.0,0.7973441108545035,0.09329858848587673,1.2314878045598183,0.8914549653579676,True,True,0.8164896073903002,4.0,0.6157439022799092,1.2314878045598183,True,True,0.6978429293083608,6.0,5,0.5097542226759714,0.6630930075134128,high_profile_stability,balanced_default,상권 환경 프로필이 재표본에도 비교적 안정적이므로 균형 시나리오를 사용,0.9145496535796767,0.8914549653579676,0.812933025404157,0.789838337182448,brand_environment_fit=0.915 | brand_specific_advantage=0.891 | market_opportunity=0.813 | low_competition_risk=0.790,no_model_level_high_risk_flag,not_recommended__no_store_area_seat_or_store_outcome_data,insufficient,False,False,False,not_observable_from_current_official_html,91,20,top20_available,brand_environment_fit=0.915 | brand_specific_advantage=0.891 | market_opportunity=0.813 | low_competition_risk=0.790,no_model_level_caution_flag,positive_drivers=brand_environment_fit=0.915 | brand_specific_advantage=0.891 | market_opportunity=0.813 | low_competition_risk=0.790 || caution_flags=no_model_level_caution_flag || profile_stability=high_profile_stability || available_recommendation_count=20
3001496,강남 마이스 관광특구,11680,1293218183.0,103941.0,12441.848577558423,0.9066974595842956,0.7817460317460317,0.18253968253968253,0.75,0.6468253968253969,0.8531746031746031,0.9206349206349206,0.4365079365079365,0.027777777777777776,0.4880952380952381,BRD_20250749,디에그,0.76905311778291,False,4497.803241600017,97.94386148455335,20,41,0.45669745958429564,True,0.8103464203233257,0.8378752886836027,0.8654041570438799,35.0,20.0,17.0,24.0,False,direct_size_estimation_deferred,매장 면적·좌석·점포별 매출이 없어 규모별 적합도와 argmax 규모는 산출하지 않음,0.7963433095996942,0.7782909930715936,usable_area_profile,True,balanced_default,True,0.6379849884526558,30.0,0.6463625866050808,0.09680938525641579,1.3627646339978128,0.930715935334873,True,True,0.8092782909930716,5.0,0.6813823169989064,1.3627646339978128,True,True,0.6918902774623193,7.0,5,0.5097542226759714,0.6630930075134128,high_profile_stability,balanced_default,상권 환경 프로필이 재표본에도 비교적 안정적이므로 균형 시나리오를 사용,0.7806004618937644,0.930715935334873,0.9561200923787528,0.5727482678983834,market_opportunity=0.956 | brand_specific_advantage=0.931 | brand_environment_fit=0.781 | low_competition_risk=0.573,no_model_level_high_risk_flag,not_recommended__no_store_area_seat_or_store_outcome_data,insufficient,False,False,False,not_observable_from_current_official_html,91,20,top20_available,market_opportunity=0.956 | brand_specific_advantage=0.931 | brand_environment_fit=0.781,competition_risk_moderate,positive_drivers=market_opportunity=0.956 | brand_specific_advantage=0.931 | brand_environment_fit=0.781 || caution_flags=competition_risk_moderate || profile_stability=high_profile_stability || available_recommendation_count=20
3120148,국회의사당역(국회의사당),11560,658683908.0,52751.0,12486.662015885955,0.7863741339491918,0.8571428571428571,0.7698412698412699,0.5277777777777778,0.23809523809523808,0.9007936507936508,0.9761904761904762,0.3373015873015873,0.047619047619047616,0.25,BRD_20250749,디에그,0.13394919168591224,False,3199.3132075822023,117.8346298709127,7,35,0.13741339491916857,True,0.32967667436489606,0.460161662817552,0.5906466512702079,312.0,247.0,149.0,236.0,False,direct_size_estimation_deferred,매장 면적·좌석·점포별 매출이 없어 규모별 적합도와 argmax 규모는 산출하지 않음,0.8271438853987331,0.7528868360277137,usable_area_profile,True,balanced_default,True,0.6310623556581986,31.0,0.6668591224018475,0.06752546032082155,1.2740041047797108,0.8960739030023095,True,True,0.7995958429561202,8.0,0.6370020523898554,1.2740041047797108,True,True,0.6693133049415303,8.0,5,0.5097542226759714,0.6630930075134128,high_profile_stability,balanced_default,상권 환경 프로필이 재표본에도 비교적 안정적이므로 균형 시나리오를 사용,0.7551963048498845,0.8960739030023095,0.8175519630484989,0.9284064665127021,low_competition_risk=0.928 | brand_specific_advantage=0.896 | market_opportunity=0.818 | brand_environment_fit=0.755,no_model_level_high_risk_flag,not_recommended__no_store_area_seat_or_store_outcome_data,insufficient,False,False,False,not_observable_from_current_official_html,91,20,top20_available,low_competition_risk=0.928 | brand_specific_advantage=0.896 | market_opportunity=0.818 | brand_environment_fit=0.755,no_model_level_caution_flag,positive_drivers=low_competition_risk=0.928 | brand_specific_advantage=0.896 | market_opportunity=0.818 | brand_environment_fit=0.755 || caution_flags=no_model_level_caution_flag || profile_stability=high_profile_stability || available_recommendation_count=20
3130290,영림시장,11620,319462649.0,43059.0,7419.184119463991,0.5936489607390301,0.6944444444444444,0.5833333333333334,0.49603174603174605,0.8611111111111112,0.9801587301587301,0.8690476190476191,0.027777777777777776,0.051587301587301584,0.3412698412698413,BRD_20250749,디에그,0.27829099307159355,False,5605.2907149892835,33.13608303266665,23,63,0.7592378752886836,True,0.37289838337182446,0.4359699769053118,0.4990415704387991,281.0,264.0,220.0,255.0,False,direct_size_estimation_deferred,매장 면적·좌석·점포별 매출이 없어 규모별 적합도와 argmax 규모는 산출하지 않음,0.4882613116553416,0.953810623556582,usable_area_profile,True,balanced_default,True,0.570796766743649,69.0,0.8158198614318707,0.0932762159155782,1.4793777896136246,0.9491916859122402,True,True,0.7300288683602771,25.0,0.7396888948068123,1.4793777896136246,True,True,0.6652132840830771,9.0,5,0.5097542226759714,0.6630930075134128,high_profile_stability,balanced_default,상권 환경 프로필이 재표본에도 비교적 안정적이므로 균형 시나리오를 사용,0.9561200923787528,0.9491916859122402,0.6096997690531177,0.1374133949191686,brand_environment_fit=0.956 | brand_specific_advantage=0.949 | market_opportunity=0.610 | low_competition_risk=0.137,no_model_level_high_risk_flag,not_recommended__no_store_area_seat_or_store_outcome_data,insufficient,False,False,False,not_observable_from_current_official_html,91,20,top20_available,brand_environment_fit=0.956 | brand_specific_advantage=0.949,competition_risk_elevated_but_below_exclusion,positive_drivers=brand_environment_fit=0.956 | brand_specific_advantage=0.949 || caution_flags=competition_risk_elevated_but_below_exclusion || profile_stability=high_profile_stability || available_recommendation_count=20
3120136,영등포구청역,11560,364236315.0,38948.0,9351.861841429598,0.6144341801385681,0.8571428571428571,0.7698412698412699,0.5277777777777778,0.23809523809523808,0.9007936507936508,0.9761904761904762,0.3373015873015873,0.047619047619047616,0.25,BRD_20250749,디에그,0.13394919168591224,False,4924.559269657167,95.12623193815189,26,64,0.5548498845265589,True,0.27809468822170896,0.37419168591224017,0.4702886836027713,343.0,299.0,236.0,292.6666666666667,False,direct_size_estimation_deferred,매장 면적·좌석·점포별 매출이 없어 규모별 적합도와 argmax 규모는 산출하지 않음,0.3618225188840636,0.9861431870669746,usable_area_profile,True,balanced_default,True,0.6248960739030023,38.0,0.9475558121632024,0.03168399152789142,1.2178823766507987,0.8868360277136259,True,True,0.7516801385681294,17.0,0.6089411883253993,1.2178823766507987,True,True,0.656403087969317,10.0,5,0.5097542226759714,0.6630930075134128,high_profile_stability,balanced_default,상권 환경 프로필이 재표본에도 비교적 안정적이므로 균형 시나리오를 사용,0.9884526558891455,0.8868360277136259,0.628175519630485,0.4284064665127021,brand_environment_fit=0.988 | brand_specific_advantage=0.887 | market_opportunity=0.628 | low_competition_risk=0.428,no_model_level_high_risk_flag,not_recommended__no_store_area_seat_or_store_outcome_data,insufficient,False,False,False,not_observable_from_current_official_html,91,20,top20_available,brand_environment_fit=0.988 | brand_specific_advantage=0.887,competition_risk_moderate,positive_drivers=brand_environment_fit=0.988 | brand_specific_advantage=0.887 || caution_flags=competition_risk_moderate || profile_stability=high_profile_stability || available_recommendation_count=20
3120134,구로전화국,11545,721762263.0,64838.0,11131.77863290046,0.8124711316397228,0.753968253968254,0.7420634920634921,0.3531746031746032,0.24206349206349206,0.8690476190476191,0.873015873015873,0.04365079365079365,0.13095238095238096,0.6785714285714286,BRD_20250749,디에그,0.10739030023094688,False,2278.850806834026,6.999999976891559,12,45,0.6079676674364896,True,0.3189145496535797,0.45993071593533486,0.60094688221709,319.0,248.0,143.0,236.66666666666666,False,direct_size_estimation_deferred,매장 면적·좌석·점포별 매출이 없어 규모별 적합도와 argmax 규모는 산출하지 않음,0.7684744622075566,0.789838337182448,usable_area_profile,True,balanced_default,True,0.5880889145496536,58.0,0.6861046959199384,0.0772473430305845,1.342876495071661,0.9191685912240185,True,True,0.7571651270207852,14.0,0.6714382475358305,1.342876495071661,True,True,0.6537678208176793,11.0,5,0.5097542226759714,0.6630930075134128,high_profile_stability,balanced_default,상권 환경 프로필이 재표본에도 비교적 안정적이므로 균형 시나리오를 사용,0.792147806004619,0.9191685912240185,0.8521939953810623,0.34757505773672054,brand_specific_advantage=0.919 | market_opportunity=0.852 | brand_environment_fit=0.792 | low_competition_risk=0.348,no_model_level_high_risk_flag,not_recommended__no_store_area_seat_or_store_outcome_data,insufficient,False,False,False,not_observable_from_current_official_html,91,20,top20_available,brand_specific_advantage=0.919 | market_opportunity=0.852 | brand_environment_fit=0.792,competition_risk_elevated_but_below_exclusion,positive_drivers=brand_specific_advantage=0.919 | market_opportunity=0.852 | brand_environment_fit=0.792 || caution_flags=competition_risk_elevated_but_below_exclusion || profile_stability=high_profile_stability || available_recommendation_count=20
3120069,상봉역,11260,1511381851.0,142985.0,10570.212616708046,0.9086605080831409,0.8492063492063492,0.40476190476190477,0.5,0.39285714285714285,0.623015873015873,0.5714285714285714,0.16666666666666666,0.32936507936507936,0.8134920634920635,BRD_20250749,디에그,0.9861431870669746,False,4907.488257794786,89.18520055817115,16,56,0.39376443418013857,True,0.9628983833718245,0.9474018475750577,0.931905311778291,1.0,2.0,2.0,1.6666666666666667,True,direct_size_estimation_deferred,매장 면적·좌석·점포별 매출이 없어 규모별 적합도와 argmax 규모는 산출하지 않음,0.521597630491071,0.9353348729792148,usable_area_profile,True,balanced_default,True,0.7266339491916859,2.0,0.8804849884526559,0.07129084880344481,0.7693818413887161,0.76905311778291,True,True,0.8017551963048499,7.0,0.38469092069435806,0.7693818413887161,True,True,0.6497977113885219,12.0,5,0.5097542226759714,0.6630930075134128,high_profile_stability,balanced_default,상권 환경 프로필이 재표본에도 비교적 안정적이므로 균형 시나리오를 사용,0.9376443418013857,0.76905311778291,0.9607390300230947,0.6720554272517321,market_opportunity=0.961 | brand_environment_fit=0.938 | brand_specific_advantage=0.769 | low_competition_risk=0.672,no_model_level_high_risk_flag,not_recommended__no_store_area_seat_or_store_outcome_data,insufficient,False,False,False,not_observable_from_current_official_html,91,20,top20_available,market_opportunity=0.961 | brand_environment_fit=0.938 | brand_specific_advantage=0.769,no_model_level_caution_flag,positive_drivers=market_opportunity=0.961 | brand_environment_fit=0.938 | brand_specific_advantage=0.769 || caution_flags=no_model_level_caution_flag || profile_stability=high_profile_stability || available_recommendation_count=20
3130065,무학봉상점가,11200,317290806.0,29717.0,10677.080660901167,0.5839491916859122,0.9206349206349206,0.38492063492063494,0.5555555555555556,0.9920634920634921,0.9841269841269841,0.9563492063492064,0.10317460317460317,0.015873015873015872,0.07936507936507936,BRD_20250749,디에그,0.08083140877598152,False,4028.4334424363283,58.18075286774034,23,73,0.6518475750577367,True,0.23176674364896072,0.33239030023094684,0.433013856812933,376.0,328.0,256.0,320.0,False,direct_size_estimation_deferred,매장 면적·좌석·점포별 매출이 없어 규모별 적합도와 argmax 규모는 산출하지 않음,0.496257651849382,0.9468822170900693,usable_area_profile,True,balanced_default,True,0.5800461893764434,62.0,0.8650885296381832,0.061125252480024796,1.338132508796026,0.9168591224018475,True,True,0.728215935334873,27.0,0.669066254398013,1.338132508796026,True,True,0.6463845054365331,13.0,5,0.5097542226759714,0.6630930075134128,high_profile_stability,balanced_default,상권 환경 프로필이 재표본에도 비교적 안정적이므로 균형 시나리오를 사용,0.9491916859122402,0.9168591224018475,0.5958429561200924,0.27713625866050806,brand_environment_fit=0.949 | brand_specific_advantage=0.917 | market_opportunity=0.596 | low_competition_risk=0.277,no_model_level_high_risk_flag,not_recommended__no_store_area_seat_or_store_outcome_data,insufficient,False,False,False,not_observable_from_current_official_html,91,20,top20_available,brand_environment_fit=0.949 | brand_specific_advantage=0.917,competition_risk_elevated_but_below_exclusion,positive_drivers=brand_environment_fit=0.949 | brand_specific_advantage=0.917 || caution_flags=competition_risk_elevated_but_below_exclusion || profile_stability=high_profile_stability || available_recommendation_count=20
3130318,로데오거리상점가,11740,442156636.0,47820.0,9246.27009619406,0.6744803695150116,0.8452380952380952,0.06746031746031746,0.7063492063492064,0.38492063492063494,0.6626984126984127,0.7182539682539683,0.5833333333333334,0.06746031746031746,0.6507936507936508,BRD_20250749,디에그,0.45958429561200925,False,3520.977421086719,65.25335242330819,32,73,0.7199769053117784,True,0.52405311778291,0.5670323325635104,0.6100115473441108,202.0,162.0,139.0,167.66666666666666,False,direct_size_estimation_deferred,매장 면적·좌석·점포별 매출이 없어 규모별 적합도와 argmax 규모는 산출하지 않음,0.6041806815653491,0.8937644341801385,usable_area_profile,True,balanced_default,True,0.5749538106235565,65.0,0.7155504234026174,0.13427542095016168,1.327227347465683,0.9122401847575058,True,True,0.7273729792147806,28.0,0.6636136737328415,1.327227347465683,True,True,0.6417047396171179,14.0,5,0.5097542226759714,0.6630930075134128,high_profile_stability,balanced_default,상권 환경 프로필이 재표본에도 비교적 안정적이므로 균형 시나리오를 사용,0.8960739030023095,0.9122401847575058,0.6905311778290993,0.18244803695150116,brand_specific_advantage=0.912 | brand_environment_fit=0.896 | market_opportunity=0.691 | low_competition_risk=0.182,no_model_level_high_risk_flag,not_recommended__no_store_area_seat_or_store_outcome_data,insufficient,False,False,False,not_observable_from_current_official_html,91,20,top20_available,brand_specific_advantage=0.912 | brand_environment_fit=0.896,competition_risk_elevated_but_below_exclusion,positive_drivers=brand_specific_advantage=0.912 | brand_environment_fit=0.896 || caution_flags=competition_risk_elevated_but_below_exclusion || profile_stability=high_profile_stability || available_recommendation_count=20
3120185,논현역,11680,513050241.0,50635.0,10132.324301372568,0.7160508083140878,0.7817460317460317,0.18253968253968253,0.75,0.6468253968253969,0.8531746031746031,0.9206349206349206,0.4365079365079365,0.027777777777777776,0.4880952380952381,BRD_20250749,디에그,0.76905311778291,False,7843.397860637994,65.29931086754209,16,62,0.4896073903002309,True,0.7531524249422633,0.7425519630484989,0.7319515011547345,65.0,59.0,67.0,63.666666666666664,False,direct_size_estimation_deferred,매장 면적·좌석·점포별 매출이 없어 규모별 적합도와 argmax 규모는 산출하지 않음,0.8103415886231273,0.7644341801385681,usable_area_profile,True,balanced_default,True,0.5593937644341802,82.0,0.5752501924557352,0.13848596262992668,1.366087826449137,0.9353348729792148,True,True,0.7448383371824482,20.0,0.6830439132245685,1.366087826449137,True,True,0.6366692957255966,15.0,5,0.5097542226759714,0.6630930075134128,high_profile_stability,balanced_default,상권 환경 프로필이 재표본에도 비교적 안정적이므로 균형 시나리오를 사용,0.766743648960739,0.9353348729792148,0.7390300230946882,0.5080831408775982,brand_specific_advantage=0.935 | brand_environment_fit=0.767 | market_opportunity=0.739 | low_competition_risk=0.508,no_model_level_high_risk_flag,not_recommended__no_store_area_seat_or_store_outcome_data,insufficient,False,False,False,not_observable_from_current_official_html,91,20,top20_available,brand_specific_advantage=0.935 | brand_environment_fit=0.767 | market_opportunity=0.739,competition_risk_moderate,positive_drivers=brand_specific_advantage=0.935 | brand_environment_fit=0.767 | market_opportunity=0.739 || caution_flags=competition_risk_moderate || profile_stability=high_profile_stability || available_recommendation_count=20
3120218,코엑스,11680,817082884.0,73448.0,11124.64442871147,0.8325635103926097,0.7817460317460317,0.18253968253968253,0.75,0.6468253968253969,0.8531746031746031,0.9206349206349206,0.4365079365079365,0.027777777777777776,0.4880952380952381,BRD_20250749,디에그,0.76905311778291,False,4557.6127523237365,37.215588113896615,20,42,0.7015011547344111,True,0.7881062355658198,0.8008083140877598,0.8135103926096997,48.0,31.0,31.0,36.666666666666664,False,direct_size_estimation_deferred,매장 면적·좌석·점포별 매출이 없어 규모별 적합도와 argmax 규모는 산출하지 않음,0.8096710754555694,0.7667436489607391,usable_area_profile,True,balanced_default,True,0.5695438799076212,74.0,0.6758083140877598,0.06973715522685474,1.3039725319618642,0.9099307159353349,True,True,0.7385392609699769,22.0,0.6519862659809321,1.3039725319618642,True,True,0.6345462323542962,16.0,5,0.5097542226759714,0.6630930075134128,high_profile_stability,balanced_default,상권 환경 프로필이 재표본에도 비교적 안정적이므로 균형 시나리오를 사용,0.76905311778291,0.9099307159353349,0.8706697459584296,0.22401847575057737,brand_specific_advantage=0.910 | market_opportunity=0.871 | brand_environment_fit=0.769 | low_competition_risk=0.224,no_model_level_high_risk_flag,not_recommended__no_store_area_seat_or_store_outcome_data,insufficient,False,False,False,not_observable_from_current_official_html,91,20,top20_available,brand_specific_advantage=0.910 | market_opportunity=0.871 | brand_environment_fit=0.769,competition_risk_elevated_but_below_exclusion,positive_drivers=brand_specific_advantage=0.910 | market_opportunity=0.871 | brand_environment_fit=0.769 || caution_flags=competition_risk_elevated_but_below_exclusion || profile_stability=high_profile_stability || available_recommendation_count=20
3001493,동대문패션타운 관광특구,11140,440248985.0,46018.0,9566.886544395671,0.673094688221709,0.873015873015873,0.5793650793650794,0.6428571428571429,0.34523809523809523,0.8571428571428571,0.8214285714285714,0.0873015873015873,0.023809523809523808,0.8293650793650794,BRD_20250749,디에그,0.17782909930715934,False,3882.1474727245522,83.38465086597759,13,73,0.3383371824480369,True,0.32640877598152424,0.4254618937644342,0.5245150115473441,315.0,273.0,200.0,262.6666666666667,False,direct_size_estimation_deferred,매장 면적·좌석·점포별 매출이 없어 규모별 적합도와 argmax 규모는 산출하지 않음,0.6347111729917061,0.8706697459584296,usable_area_profile,True,balanced_default,True,0.6201674364896074,41.0,0.7444187836797537,0.11483237387414628,1.0994370143130905,0.8568129330254042,True,True,0.7551039260969976,15.0,0.5497185071565452,1.0994370143130905,True,True,0.6315758424008648,17.0,5,0.5097542226759714,0.6630930075134128,high_profile_stability,balanced_default,상권 환경 프로필이 재표본에도 비교적 안정적이므로 균형 시나리오를 사용,0.8729792147806005,0.8568129330254042,0.6882217090069284,0.7551963048498845,brand_environment_fit=0.873 | brand_specific_advantage=0.857 | low_competition_risk=0.755 | market_opportunity=0.688,no_model_level_high_risk_flag,not_recommended__no_store_area_seat_or_store_outcome_data,insufficient,False,False,False,not_observable_from_current_official_html,91,20,top20_available,brand_environment_fit=0.873 | brand_specific_advantage=0.857 | low_competition_risk=0.755,no_model_level_caution_flag,positive_drivers=brand_environment_fit=0.873 | brand_specific_advantage=0.857 | low_competition_risk=0.755 || caution_flags=no_model_level_caution_flag || profile_stability=high_profile_stability || available_recommendation_count=20
3110810,영신초등학교,11560,325709619.0,29453.0,11058.62285675483,0.5928406466512702,0.8571428571428571,0.7698412698412699,0.5277777777777778,0.23809523809523808,0.9007936507936508,0.9761904761904762,0.3373015873015873,0.047619047619047616,0.25,BRD_20250749,디에그,0.13394919168591224,False,5037.511786542407,74.63243262412867,11,41,0.34295612009237875,True,0.2716166281755196,0.36339491916859123,0.4551732101616628,350.0,310.0,244.0,301.3333333333333,False,direct_size_estimation_deferred,매장 면적·좌석·점포별 매출이 없어 규모별 적합도와 argmax 규모는 산출하지 않음,0.337674910310107,0.9953810623556582,usable_area_profile,True,balanced_default,True,0.6537413394919169,20.0,0.941108545034642,0.05647173325249758,0.9610563408484688,0.812933025404157,True,True,0.7501963048498846,18.0,0.4805281704242344,0.9610563408484688,True,True,0.630482781126542,18.0,5,0.5097542226759714,0.6630930075134128,high_profile_stability,balanced_default,상권 환경 프로필이 재표본에도 비교적 안정적이므로 균형 시나리오를 사용,0.9976905311778291,0.812933025404157,0.6073903002309469,0.7505773672055427,brand_environment_fit=0.998 | brand_specific_advantage=0.813 | low_competition_risk=0.751 | market_opportunity=0.607,no_model_level_high_risk_flag,not_recommended__no_store_area_seat_or_store_outcome_data,insufficient,False,False,False,not_observable_from_current_official_html,91,20,top20_available,brand_environment_fit=0.998 | brand_specific_advantage=0.813 | low_competition_risk=0.751,no_model_level_caution_flag,positive_drivers=brand_environment_fit=0.998 | brand_specific_advantage=0.813 | low_competition_risk=0.751 || caution_flags=no_model_level_caution_flag || profile_stability=high_profile_stability || available_recommendation_count=20
3110064,효창공원앞역 2번,11170,435220620.0,25093.0,17344.303989160322,0.6389145496535797,0.8849206349206349,0.6428571428571429,0.5873015873015873,0.5912698412698413,0.9365079365079365,0.9484126984126984,0.2857142857142857,0.04365079365079365,0.32936507936507936,BRD_20250749,디에그,0.384526558891455,False,3034.5665258682257,123.76186807759362,25,73,0.47517321016166286,True,0.4608429561200924,0.5117205542725174,0.5625981524249423,231.0,210.0,171.0,204.0,False,direct_size_estimation_deferred,매장 면적·좌석·점포별 매출이 없어 규모별 적합도와 argmax 규모는 산출하지 않음,0.8789324980620441,0.7043879907621247,usable_area_profile,True,balanced_default,True,0.5045381062355658,115.0,0.5346420323325635,0.11039542455220415,1.5376176967306392,0.9561200923787528,True,True,0.7141628175519631,31.0,0.7688088483653196,1.5376176967306392,True,True,0.627830210091834,19.0,5,0.5097542226759714,0.6630930075134128,high_profile_stability,balanced_default,상권 환경 프로필이 재표본에도 비교적 안정적이므로 균형 시나리오를 사용,0.7066974595842956,0.9561200923787528,0.651270207852194,0.5450346420323325,brand_specific_advantage=0.956 | brand_environment_fit=0.707 | market_opportunity=0.651 | low_competition_risk=0.545,no_model_level_high_risk_flag,not_recommended__no_store_area_seat_or_store_outcome_data,insufficient,False,False,False,not_observable_from_current_official_html,91,20,top20_available,brand_specific_advantage=0.956 | brand_environment_fit=0.707,competition_risk_moderate,positive_drivers=brand_specific_advantage=0.956 | brand_environment_fit=0.707 || caution_flags=competition_risk_moderate || profile_stability=high_profile_stability || available_recommendation_count=20
3120012,대학로(혜화역),11110,529590648.0,61110.0,8666.186352479135,0.7162817551963049,0.876984126984127,0.42857142857142855,0.503968253968254,0.75,0.9444444444444444,0.8531746031746031,0.2619047619047619,0.05952380952380952,0.3611111111111111,BRD_20250749,디에그,0.7136258660508084,False,3215.7179602459423,76.48529269796715,29,59,0.6576212471131639,True,0.7144226327944573,0.7149538106235567,0.715484988452656,86.0,76.0,80.0,80.66666666666667,False,direct_size_estimation_deferred,매장 면적·좌석·점포별 매출이 없어 규모별 적합도와 argmax 규모는 산출하지 않음,0.7107123297565944,0.8267898383371824,usable_area_profile,True,balanced_default,True,0.5654503464203233,77.0,0.6812933025404156,0.11320802190271019,1.2852140100266483,0.8983833718244804,True,True,0.7236316397228637,30.0,0.6426070050133241,1.2852140100266483,True,True,0.6275972092604372,20.0,5,0.5097542226759714,0.6630930075134128,high_profile_stability,balanced_default,상권 환경 프로필이 재표본에도 비교적 안정적이므로 균형 시나리오를 사용,0.8290993071593533,0.8983833718244804,0.7413394919168591,0.27251732101616627,brand_specific_advantage=0.898 | brand_environment_fit=0.829 | market_opportunity=0.741 | low_competition_risk=0.273,no_model_level_high_risk_flag,not_recommended__no_store_area_seat_or_store_outcome_data,insufficient,False,False,False,not_observable_from_current_official_html,91,20,top20_available,brand_specific_advantage=0.898 | brand_environment_fit=0.829 | market_opportunity=0.741,competition_risk_elevated_but_below_exclusion,positive_drivers=brand_specific_advantage=0.898 | brand_environment_fit=0.829 | market_opportunity=0.741 || caution_flags=competition_risk_elevated_but_below_exclusion || profile_stability=high_profile_stability || available_recommendation_count=20
3120121,까치산역,11500,345571768.0,36578.0,9447.530428126196,0.6019630484988453,0.8373015873015873,0.23809523809523808,0.623015873015873,0.32142857142857145,0.8333333333333334,0.9246031746031746,0.46825396825396826,0.05555555555555555,0.42063492063492064,BRD_20080100039,뚜레쥬르,0.8187066974595842,False,992.0750979564732,63.411355440434505,20,41,0.6027713625866051,True,0.7536836027713625,0.7103348729792147,0.666986143187067,40.0,41.0,49.0,43.333333333333336,False,direct_size_estimation_deferred,매장 면적·좌석·점포별 매출이 없어 규모별 적합도와 argmax 규모는 산출하지 않음,0.39793853524262757,0.9861431870669746,usable_area_profile,True,balanced_default,True,0.6133429561200924,21.0,0.9436104695919938,0.03722609007523732,1.1425512963896631,1.0,True,True,0.7860161662817553,11.0,0.5712756481948316,1.1425512963896631,True,True,0.635310218207683,1.0,179,0.7243191591017677,0.8694179809022968,high_profile_stability,balanced_default,상권 환경 프로필이 재표본에도 비교적 안정적이므로 균형 시나리오를 사용,0.9884526558891455,1.0,0.6143187066974596,0.3648960739030023,brand_specific_advantage=1.000 | brand_environment_fit=0.988 | market_opportunity=0.614 | low_competition_risk=0.365,no_model_level_high_risk_flag,not_recommended__no_store_area_seat_or_store_outcome_data,rich,True,True,False,not_observable_from_current_official_html,31,20,top20_available,brand_specific_advantage=1.000 | brand_environment_fit=0.988,competition_risk_elevated_but_below_exclusion | same_brand_distance_750m_to_1000m_review,positive_drivers=brand_specific_advantage=1.000 | brand_environment_fit=0.988 || caution_flags=competition_risk_elevated_but_below_exclusion | same_brand_distance_750m_to_1000m_review || profile_stability=high_profile_stability || available_recommendation_count=20
3120166,방배역,11650,1455145059.0,122673.0,11861.983150326478,0.9176674364896074,0.7619047619047619,0.2857142857142857,0.7023809523809523,0.6785714285714286,0.8293650793650794,0.7777777777777778,0.42857142857142855,0.08333333333333333,0.5198412698412699,BRD_20080100039,뚜레쥬르,0.9364896073903002,False,1324.494243056971,99.2975326976693,12,28,0.28290993071593534,True,0.9308429561200924,0.9270785219399538,0.9233140877598152,4.0,3.0,2.0,3.0,False,direct_size_estimation_deferred,매장 면적·좌석·점포별 매출이 없어 규모별 적합도와 argmax 규모는 산출하지 않음,0.5380314320648767,0.9076212471131639,usable_area_profile,True,balanced_default,True,0.7325577367205542,1.0,0.8795227097767513,0.05651551828195008,0.4971826887657998,0.9353348729792148,True,True,0.879284064665127,1.0,0.2485913443828999,0.4971826887657998,True,True,0.6058002730744306,2.0,179,0.7243191591017677,0.8694179809022968,high_profile_stability,balanced_default,상권 환경 프로필이 재표본에도 비교적 안정적이므로 균형 시나리오를 사용,0.9099307159353349,0.9353348729792148,0.9653579676674365,0.8290993071593533,market_opportunity=0.965 | brand_specific_advantage=0.935 | brand_environment_fit=0.910 | low_competition_risk=0.829,no_model_level_high_risk_flag,not_recommended__no_store_area_seat_or_store_outcome_data,rich,True,True,False,not_observable_from_current_official_html,31,20,top20_available,market_opportunity=0.965 | brand_specific_advantage=0.935 | brand_environment_fit=0.910 | low_competition_risk=0.829,no_model_level_caution_flag,positive_drivers=market_opportunity=0.965 | brand_specific_advantage=0.935 | brand_environment_fit=0.910 | low_competition_risk=0.829 || caution_flags=no_model_level_caution_flag || profile_stability=high_profile_stability || available_recommendation_count=20
3120136,영등포구청역,11560,364236315.0,38948.0,9351.861841429598,0.6144341801385681,0.8571428571428571,0.7698412698412699,0.5277777777777778,0.23809523809523808,0.9007936507936508,0.9761904761904762,0.3373015873015873,0.047619047619047616,0.25,BRD_20080100039,뚜레쥬르,0.24480369515011546,False,916.2996234811043,95.12623193815189,26,62,0.5704387990762125,True,0.3556928406466512,0.4296189376443418,0.5035450346420323,158.0,141.0,114.0,137.66666666666666,False,direct_size_estimation_deferred,매장 면적·좌석·점포별 매출이 없어 규모별 적합도와 argmax 규모는 산출하지 않음,0.40810037699696344,0.976905311778291,usable_area_profile,True,balanced_default,True,0.6179387990762125,19.0,0.9475558121632024,0.03168399152789142,0.9263195134127032,0.9930715935334873,True,True,0.7890646651270208,9.0,0.4631597567063516,0.9263195134127032,True,True,0.6005874390966457,3.0,179,0.7243191591017677,0.8694179809022968,high_profile_stability,balanced_default,상권 환경 프로필이 재표본에도 비교적 안정적이므로 균형 시나리오를 사용,0.9792147806004619,0.9930715935334873,0.628175519630485,0.4064665127020785,brand_specific_advantage=0.993 | brand_environment_fit=0.979 | market_opportunity=0.628 | low_competition_risk=0.406,no_model_level_high_risk_flag,not_recommended__no_store_area_seat_or_store_outcome_data,rich,True,True,False,not_observable_from_current_official_html,31,20,top20_available,brand_specific_advantage=0.993 | brand_environment_fit=0.979,competition_risk_moderate | same_brand_distance_750m_to_1000m_review,positive_drivers=brand_specific_advantage=0.993 | brand_environment_fit=0.979 || caution_flags=competition_risk_moderate | same_brand_distance_750m_to_1000m_review || profile_stability=high_profile_stability || available_recommendation_count=20
3120051,뚝섬역,11200,416387011.0,44887.0,9276.338605832423,0.6515011547344112,0.9206349206349206,0.38492063492063494,0.5555555555555556,0.9920634920634921,0.9841269841269841,0.9563492063492064,0.10317460317460317,0.015873015873015872,0.07936507936507936,BRD_20080100039,뚜레쥬르,0.016166281755196306,False,788.5429601422138,83.67197859938392,40,87,0.6795612009237875,True,0.20676674364896078,0.33383371824480373,0.46090069284064666,200.0,174.0,133.0,169.0,False,direct_size_estimation_deferred,매장 면적·좌석·점포별 매출이 없어 규모별 적합도와 argmax 규모는 산출하지 않음,0.4112345359279314,0.9745958429561201,usable_area_profile,True,balanced_default,True,0.6133891454965358,20.0,0.9377405696689761,0.05978097704494511,0.6165050340250396,0.9699769053117783,True,True,0.7738856812933026,13.0,0.3082525170125198,0.6165050340250396,True,True,0.543916094580248,4.0,179,0.7243191591017677,0.8694179809022968,high_profile_stability,balanced_default,상권 환경 프로필이 재표본에도 비교적 안정적이므로 균형 시나리오를 사용,0.976905311778291,0.9699769053117783,0.6720554272517321,0.25635103926096997,brand_environment_fit=0.977 | brand_specific_advantage=0.970 | market_opportunity=0.672 | low_competition_risk=0.256,no_model_level_high_risk_flag,not_recommended__no_store_area_seat_or_store_outcome_data,rich,True,True,False,not_observable_from_current_official_html,31,20,top20_available,brand_environment_fit=0.977 | brand_specific_advantage=0.970,competition_risk_elevated_but_below_exclusion | same_brand_distance_750m_to_1000m_review,positive_drivers=brand_environment_fit=0.977 | brand_specific_advantage=0.970 || caution_flags=competition_risk_elevated_but_below_exclusion | same_brand_distance_750m_to_1000m_review || profile_stability=high_profile_stability || available_recommendation_count=20
3120188,압구정역,11680,1784647410.0,134975.0,13222.058973884052,0.9404157043879908,0.7817460317460317,0.18253968253968253,0.75,0.6468253968253969,0.8531746031746031,0.9206349206349206,0.4365079365079365,0.027777777777777776,0.4880952380952381,BRD_20080100039,뚜레쥬르,0.6466512702078522,False,1884.2998699554646,98.31073190628577,25,98,0.5473441108545034,True,0.7347806004618938,0.7935334872979215,0.8522863741339493,45.0,20.0,14.0,26.333333333333332,False,direct_size_estimation_deferred,매장 면적·좌석·점포별 매출이 없어 규모별 적합도와 argmax 규모는 산출하지 않음,0.42618377080814673,0.9630484988452656,usable_area_profile,True,balanced_default,True,0.728568129330254,2.0,0.9592956120092379,0.027451419670695573,0.13671011849466985,0.7182448036951501,True,True,0.7762355658198613,12.0,0.06835505924733493,0.13671011849466985,True,True,0.5413607603439575,5.0,179,0.7243191591017677,0.8694179809022968,high_profile_stability,balanced_default,상권 환경 프로필이 재표본에도 비교적 안정적이므로 균형 시나리오를 사용,0.9653579676674365,0.7182448036951501,0.9745958429561201,0.44226327944572746,market_opportunity=0.975 | brand_environment_fit=0.965 | brand_specific_advantage=0.718 | low_competition_risk=0.442,no_model_level_high_risk_flag,not_recommended__no_store_area_seat_or_store_outcome_data,rich,True,True,False,not_observable_from_current_official_html,31,20,top20_available,market_opportunity=0.975 | brand_environment_fit=0.965 | brand_specific_advantage=0.718,competition_risk_moderate,positive_drivers=market_opportunity=0.975 | brand_environment_fit=0.965 | brand_specific_advantage=0.718 || caution_flags=competition_risk_moderate || profile_stability=high_profile_stability || available_recommendation_count=20
3120205,매봉역,11680,580733796.0,60594.0,9584.014852955737,0.7444572748267898,0.7817460317460317,0.18253968253968253,0.75,0.6468253968253969,0.8531746031746031,0.9206349206349206,0.4365079365079365,0.027777777777777776,0.4880952380952381,BRD_20080100039,뚜레쥬르,0.6466512702078522,False,1141.15204949491,70.4911341990284,16,64,0.48787528868360275,True,0.6759930715935334,0.6955542725173209,0.7151154734411085,67.0,46.0,37.0,50.0,False,direct_size_estimation_deferred,매장 면적·좌석·점포별 매출이 없어 규모별 적합도와 argmax 규모는 산출하지 않음,0.5756508458200909,0.8960739030023095,usable_area_profile,True,balanced_default,True,0.6354157043879907,13.0,0.855080831408776,0.08079051653086988,0.5073995482857214,0.9376443418013857,True,True,0.7940357967667436,7.0,0.2536997741428607,0.5073995482857214,True,True,0.5397475768391468,6.0,179,0.7243191591017677,0.8694179809022968,high_profile_stability,balanced_default,상권 환경 프로필이 재표본에도 비교적 안정적이므로 균형 시나리오를 사용,0.8983833718244804,0.9376443418013857,0.7713625866050808,0.5173210161662818,brand_specific_advantage=0.938 | brand_environment_fit=0.898 | market_opportunity=0.771 | low_competition_risk=0.517,no_model_level_high_risk_flag,not_recommended__no_store_area_seat_or_store_outcome_data,rich,True,True,False,not_observable_from_current_official_html,31,20,top20_available,brand_specific_advantage=0.938 | brand_environment_fit=0.898 | market_opportunity=0.771,competition_risk_moderate,positive_drivers=brand_specific_advantage=0.938 | brand_environment_fit=0.898 | market_opportunity=0.771 || caution_flags=competition_risk_moderate || profile_stability=high_profile_stability || available_recommendation_count=20
3130222,오류시장,11530,677800421.0,66656.0,10168.633296327413,0.7894919168591223,0.8412698412698413,0.8373015873015873,0.5753968253968254,0.5238095238095238,0.7579365079365079,0.7380952380952381,0.18253968253968253,0.12698412698412698,0.7658730158730159,BRD_20080100039,뚜레쥬르,0.5242494226327945,False,936.739024480396,48.414873764798386,14,32,0.5323325635103926,True,0.6038221709006928,0.6568706697459584,0.7099191685912238,90.0,63.0,39.0,64.0,False,direct_size_estimation_deferred,매장 면적·좌석·점포별 매출이 없어 규모별 적합도와 argmax 규모는 산출하지 않음,0.5058140777424818,0.9214780600461894,usable_area_profile,True,balanced_default,True,0.6572113163972286,6.0,0.9045419553502695,0.04485297674145903,0.3775915429993146,0.8891454965357968,True,True,0.7890993071593533,8.0,0.1887957714996573,0.3775915429993146,True,True,0.5327355639047876,7.0,179,0.7243191591017677,0.8694179809022968,high_profile_stability,balanced_default,상권 환경 프로필이 재표본에도 비교적 안정적이므로 균형 시나리오를 사용,0.9237875288683602,0.8891454965357968,0.8221709006928406,0.46420323325635104,brand_environment_fit=0.924 | brand_specific_advantage=0.889 | market_opportunity=0.822 | low_competition_risk=0.464,no_model_level_high_risk_flag,not_recommended__no_store_area_seat_or_store_outcome_data,rich,True,True,False,not_observable_from_current_official_html,31,20,top20_available,brand_environment_fit=0.924 | brand_specific_advantage=0.889 | market_opportunity=0.822,competition_risk_moderate | same_brand_distance_750m_to_1000m_review,positive_drivers=brand_environment_fit=0.924 | brand_specific_advantage=0.889 | market_opportunity=0.822 || caution_flags=competition_risk_moderate | same_brand_distance_750m_to_1000m_review || profile_stability=high_profile_stability || available_recommendation_count=20
3120158,녹두거리(대학동),11620,695809095.0,79236.0,8781.476790852643,0.7778290993071594,0.6944444444444444,0.5833333333333334,0.49603174603174605,0.8611111111111112,0.9801587301587301,0.8690476190476191,0.027777777777777776,0.051587301587301584,0.3412698412698413,BRD_20080100039,뚜레쥬르,0.31755196304849886,False,1450.6412375205114,107.28000742995447,15,20,0.33371824480369516,True,0.45563510392609696,0.5476905311778291,0.6397459584295612,130.0,99.0,60.0,96.33333333333333,False,direct_size_estimation_deferred,매장 면적·좌석·점포별 매출이 없어 규모별 적합도와 argmax 규모는 산출하지 않음,0.6432014468353613,0.838337182448037,usable_area_profile,True,balanced_default,True,0.64135103926097,11.0,0.7973441108545035,0.09329858848587673,0.43937504584797554,0.9168591224018475,True,True,0.8015357967667437,6.0,0.21968752292398777,0.43937504584797554,True,True,0.5313940972266289,8.0,179,0.7243191591017677,0.8694179809022968,high_profile_stability,balanced_default,상권 환경 프로필이 재표본에도 비교적 안정적이므로 균형 시나리오를 사용,0.8406466512702079,0.9168591224018475,0.812933025404157,0.7575057736720554,brand_specific_advantage=0.917 | brand_environment_fit=0.841 | market_opportunity=0.813 | low_competition_risk=0.758,no_model_level_high_risk_flag,not_recommended__no_store_area_seat_or_store_outcome_data,rich,True,True,False,not_observable_from_current_official_html,31,20,top20_available,brand_specific_advantage=0.917 | brand_environment_fit=0.841 | market_opportunity=0.813 | low_competition_risk=0.758,no_model_level_caution_flag,positive_drivers=brand_specific_advantage=0.917 | brand_environment_fit=0.841 | market_opportunity=0.813 | low_competition_risk=0.758 || caution_flags=no_model_level_caution_flag || profile_stability=high_profile_stability || available_recommendation_count=20
3130271,남성역골목시장,11590,293272038.0,34100.0,8600.353020527858,0.5513856812933026,0.8611111111111112,0.5158730158730159,0.42857142857142855,0.753968253968254,0.9563492063492064,0.6626984126984127,0.11507936507936507,0.09523809523809523,0.5674603174603174,BRD_20080100039,뚜레쥬르,0.5577367205542725,False,878.7923532172528,56.51548457919703,16,46,0.5502309468822171,True,0.5558314087759815,0.5545612009237875,0.5532909930715935,105.0,95.0,92.0,97.33333333333333,False,direct_size_estimation_deferred,매장 면적·좌석·점포별 매출이 없어 규모별 적합도와 argmax 규모는 산출하지 않음,0.5997404409330409,0.8822170900692841,usable_area_profile,True,balanced_default,True,0.5515588914549654,41.0,0.8367975365665896,0.0583327669757567,0.7786284768828293,0.9884526558891455,True,True,0.7429272517321017,20.0,0.38931423844141466,0.7786284768828293,True,True,0.5278592906138484,9.0,179,0.7243191591017677,0.8694179809022968,high_profile_stability,balanced_default,상권 환경 프로필이 재표본에도 비교적 안정적이므로 균형 시나리오를 사용,0.8845265588914549,0.9884526558891455,0.558891454965358,0.43648960739030024,brand_specific_advantage=0.988 | brand_environment_fit=0.885 | market_opportunity=0.559 | low_competition_risk=0.436,no_model_level_high_risk_flag,not_recommended__no_store_area_seat_or_store_outcome_data,rich,True,True,False,not_observable_from_current_official_html,31,20,top20_available,brand_specific_advantage=0.988 | brand_environment_fit=0.885,competition_risk_moderate | same_brand_distance_750m_to_1000m_review,positive_drivers=brand_specific_advantage=0.988 | brand_environment_fit=0.885 || caution_flags=competition_risk_moderate | same_brand_distance_750m_to_1000m_review || profile_stability=high_profile_stability || available_recommendation_count=20
3120175,남부터미널역,11650,960650667.0,103198.0,9308.810897498013,0.8390300230946882,0.7619047619047619,0.2857142857142857,0.7023809523809523,0.6785714285714286,0.8293650793650794,0.7777777777777778,0.42857142857142855,0.08333333333333333,0.5198412698412699,BRD_20080100039,뚜레쥬르,0.9364896073903002,False,1396.5059971083842,49.929950906089985,13,46,0.49653579676674364,True,0.9072517321016166,0.8877598152424941,0.8682678983833718,8.0,10.0,12.0,10.0,False,direct_size_estimation_deferred,매장 면적·좌석·점포별 매출이 없어 규모별 적합도와 argmax 규모는 산출하지 않음,0.6081918372149606,0.8729792147806005,usable_area_profile,True,balanced_default,True,0.6556697459584295,7.0,0.8356428021555042,0.10952373119230398,0.3408979243004442,0.8729792147806005,True,True,0.7883140877598152,10.0,0.1704489621502221,0.3408979243004442,True,True,0.5253037880227855,10.0,179,0.7243191591017677,0.8694179809022968,high_profile_stability,balanced_default,상권 환경 프로필이 재표본에도 비교적 안정적이므로 균형 시나리오를 사용,0.8752886836027713,0.8729792147806005,0.8822170900692841,0.4953810623556582,market_opportunity=0.882 | brand_environment_fit=0.875 | brand_specific_advantage=0.873 | low_competition_risk=0.495,no_model_level_high_risk_flag,not_recommended__no_store_area_seat_or_store_outcome_data,rich,True,True,False,not_observable_from_current_official_html,31,20,top20_available,market_opportunity=0.882 | brand_environment_fit=0.875 | brand_specific_advantage=0.873,competition_risk_moderate,positive_drivers=market_opportunity=0.882 | brand_environment_fit=0.875 | brand_specific_advantage=0.873 || caution_flags=competition_risk_moderate || profile_stability=high_profile_stability || available_recommendation_count=20
3120151,보라매공원,11590,648870341.0,67412.0,9625.442665994186,0.7726327944572748,0.8611111111111112,0.5158730158730159,0.42857142857142855,0.753968253968254,0.9563492063492064,0.6626984126984127,0.11507936507936507,0.09523809523809523,0.5674603174603174,BRD_20080100039,뚜레쥬르,0.5577367205542725,False,878.1713955459284,16.492422502230646,17,69,0.7240184757505774,True,0.6222055427251731,0.6651847575057737,0.7081639722863741,85.0,59.0,40.0,61.333333333333336,False,direct_size_estimation_deferred,매장 면적·좌석·점포별 매출이 없어 규모별 적합도와 argmax 규모는 산출하지 않음,0.4611891153043844,0.9422632794457275,usable_area_profile,True,balanced_default,True,0.6329503464203234,15.0,0.9259045419553503,0.04022615119855289,0.40666921897727293,0.9030023094688222,True,True,0.7670669745958429,15.0,0.20333460948863646,0.40666921897727293,True,True,0.5217156121662884,11.0,179,0.7243191591017677,0.8694179809022968,high_profile_stability,balanced_default,상권 환경 프로필이 재표본에도 비교적 안정적이므로 균형 시나리오를 사용,0.9445727482678984,0.9030023094688222,0.8048498845265589,0.18475750577367206,brand_environment_fit=0.945 | brand_specific_advantage=0.903 | market_opportunity=0.805 | low_competition_risk=0.185,no_model_level_high_risk_flag,not_recommended__no_store_area_seat_or_store_outcome_data,rich,True,True,False,not_observable_from_current_official_html,31,20,top20_available,brand_environment_fit=0.945 | brand_specific_advantage=0.903 | market_opportunity=0.805,competition_risk_elevated_but_below_exclusion | same_brand_distance_750m_to_1000m_review,positive_drivers=brand_environment_fit=0.945 | brand_specific_advantage=0.903 | market_opportunity=0.805 || caution_flags=competition_risk_elevated_but_below_exclusion | same_brand_distance_750m_to_1000m_review || profile_stability=high_profile_stability || available_recommendation_count=20
3120080,마들역,11350,1045100686.0,106340.0,9827.916926838443,0.858891454965358,0.8928571428571429,0.08333333333333333,0.7222222222222222,0.9444444444444444,0.7777777777777778,0.30158730158730157,0.38095238095238093,0.4444444444444444,0.6071428571428571,BRD_20080100039,뚜레쥬르,0.3510392609699769,False,1038.783904426268,45.607017023633105,8,32,0.418013856812933,True,0.5033949191685911,0.6049653579676675,0.7065357967667436,118.0,79.0,42.0,79.66666666666667,False,direct_size_estimation_deferred,매장 면적·좌석·점포별 매출이 없어 규모별 적합도와 argmax 규모는 산출하지 않음,0.6530873746737795,0.8314087759815243,usable_area_profile,True,balanced_default,True,0.6536143187066975,8.0,0.8119707467282525,0.07687419193039746,0.252855070930321,0.8083140877598153,True,True,0.7677136258660507,14.0,0.1264275354651605,0.252855070930321,True,True,0.5081641870663859,12.0,179,0.7243191591017677,0.8694179809022968,high_profile_stability,balanced_default,상권 환경 프로필이 재표본에도 비교적 안정적이므로 균형 시나리오를 사용,0.8337182448036952,0.8083140877598153,0.9006928406466512,0.6362586605080831,market_opportunity=0.901 | brand_environment_fit=0.834 | brand_specific_advantage=0.808 | low_competition_risk=0.636,no_model_level_high_risk_flag,not_recommended__no_store_area_seat_or_store_outcome_data,rich,True,True,False,not_observable_from_current_official_html,31,20,top20_available,market_opportunity=0.901 | brand_environment_fit=0.834 | brand_specific_advantage=0.808,competition_risk_moderate,positive_drivers=market_opportunity=0.901 | brand_environment_fit=0.834 | brand_specific_advantage=0.808 || caution_flags=competition_risk_moderate || profile_stability=high_profile_stability || available_recommendation_count=20
3120152,신대방삼거리역,11590,953145793.0,102228.0,9323.72532965528,0.8353348729792147,0.8611111111111112,0.5158730158730159,0.42857142857142855,0.753968253968254,0.9563492063492064,0.6626984126984127,0.11507936507936507,0.09523809523809523,0.5674603174603174,BRD_20080100039,뚜레쥬르,0.5577367205542725,False,1175.3714306821973,79.30952023733208,18,47,0.49480369515011546,True,0.6410161662817551,0.6965357967667436,0.7520554272517319,80.0,45.0,29.0,51.333333333333336,False,direct_size_estimation_deferred,매장 면적·좌석·점포별 매출이 없어 규모별 적합도와 argmax 규모는 산출하지 않음,0.6180925782895919,0.8683602771362586,usable_area_profile,True,balanced_default,True,0.6523267898383371,9.0,0.8480561970746728,0.08187605247578715,0.24798557633918944,0.7990762124711316,True,True,0.7565184757505774,17.0,0.12399278816959472,0.24798557633918944,True,True,0.5066769215868409,13.0,179,0.7243191591017677,0.8694179809022968,high_profile_stability,balanced_default,상권 환경 프로필이 재표본에도 비교적 안정적이므로 균형 시나리오를 사용,0.8706697459584296,0.7990762124711316,0.8799076212471132,0.5057736720554272,market_opportunity=0.880 | brand_environment_fit=0.871 | brand_specific_advantage=0.799 | low_competition_risk=0.506,no_model_level_high_risk_flag,not_recommended__no_store_area_seat_or_store_outcome_data,rich,True,True,False,not_observable_from_current_official_html,31,20,top20_available,market_opportunity=0.880 | brand_environment_fit=0.871 | brand_specific_advantage=0.799,competition_risk_moderate,positive_drivers=market_opportunity=0.880 | brand_environment_fit=0.871 | brand_specific_advantage=0.799 || caution_flags=competition_risk_moderate || profile_stability=high_profile_stability || available_recommendation_count=20
3110943,법제교육센터(버들어린이공원),11650,849985150.0,98576.0,8622.637863171563,0.812471131639723,0.7619047619047619,0.2857142857142857,0.7023809523809523,0.6785714285714286,0.8293650793650794,0.7777777777777778,0.42857142857142855,0.08333333333333333,0.5198412698412699,BRD_20080100039,뚜레쥬르,0.9364896073903002,False,2159.448309203446,67.35725648954265,25,54,0.663972286374134,True,0.899284064665127,0.8744803695150116,0.849676674364896,9.0,11.0,15.0,11.666666666666666,False,direct_size_estimation_deferred,매장 면적·좌석·점포별 매출이 없어 규모별 적합도와 argmax 규모는 산출하지 않음,0.6036375692484439,0.8752886836027713,usable_area_profile,True,balanced_default,True,0.6224133949191686,17.0,0.8574865280985374,0.06302143766630533,0.282477775237297,0.8290993071593533,True,True,0.7383718244803695,21.0,0.1412388876186485,0.282477775237297,True,True,0.4925052042000143,14.0,179,0.7243191591017677,0.8694179809022968,high_profile_stability,balanced_default,상권 환경 프로필이 재표본에도 비교적 안정적이므로 균형 시나리오를 사용,0.8775981524249422,0.8290993071593533,0.8545034642032333,0.26674364896073904,brand_environment_fit=0.878 | market_opportunity=0.855 | brand_specific_advantage=0.829 | low_competition_risk=0.267,no_model_level_high_risk_flag,not_recommended__no_store_area_seat_or_store_outcome_data,rich,True,True,False,not_observable_from_current_official_html,31,20,top20_available,brand_environment_fit=0.878 | market_opportunity=0.855 | brand_specific_advantage=0.829,competition_risk_elevated_but_below_exclusion,positive_drivers=brand_environment_fit=0.878 | market_opportunity=0.855 | brand_specific_advantage=0.829 || caution_flags=competition_risk_elevated_but_below_exclusion || profile_stability=high_profile_stability || available_recommendation_count=20
3110274,서일대학교,11260,492656087.0,41512.0,11867.79935922143,0.7133949191685912,0.8492063492063492,0.40476190476190477,0.5,0.39285714285714285,0.623015873015873,0.5714285714285714,0.16666666666666666,0.32936507936507936,0.8134920634920635,BRD_20080100039,뚜레쥬르,0.8983833718244804,False,1016.919367535483,101.51354588565466,6,29,0.17898383371824483,True,0.8428868360277135,0.8058891454965358,0.7688914549653578,16.0,16.0,25.0,19.0,False,direct_size_estimation_deferred,매장 면적·좌석·점포별 매출이 없어 규모별 적합도와 argmax 규모는 산출하지 않음,0.6391773295525175,0.8452655889145496,usable_area_profile,True,balanced_default,True,0.645473441108545,10.0,0.829003079291763,0.07882695102483951,0.20630646512843157,0.7759815242494227,True,True,0.7511431870669746,18.0,0.10315323256421578,0.20630646512843157,True,True,0.4923969339378912,15.0,179,0.7243191591017677,0.8694179809022968,high_profile_stability,balanced_default,상권 환경 프로필이 재표본에도 비교적 안정적이므로 균형 시나리오를 사용,0.8475750577367206,0.7759815242494227,0.7367205542725174,0.8960739030023095,low_competition_risk=0.896 | brand_environment_fit=0.848 | brand_specific_advantage=0.776 | market_opportunity=0.737,no_model_level_high_risk_flag,not_recommended__no_store_area_seat_or_store_outcome_data,rich,True,True,False,not_observable_from_current_official_html,31,20,top20_available,low_competition_risk=0.896 | brand_environment_fit=0.848 | brand_specific_advantage=0.776 | market_opportunity=0.737,no_model_level_caution_flag,positive_drivers=low_competition_risk=0.896 | brand_environment_fit=0.848 | brand_specific_advantage=0.776 | market_opportunity=0.737 || caution_flags=no_model_level_caution_flag || profile_stability=high_profile_stability || available_recommendation_count=20
3110792,영등포역 2번,11560,248320575.0,31295.0,7934.832241572136,0.5072748267898384,0.8571428571428571,0.7698412698412699,0.5277777777777778,0.23809523809523808,0.9007936507936508,0.9761904761904762,0.3373015873015873,0.047619047619047616,0.25,BRD_20080100039,뚜레쥬르,0.24480369515011546,False,1042.5511977449808,211.72859988097136,18,55,0.28579676674364896,True,0.3235450346420323,0.3760392609699769,0.4285334872979215,169.0,159.0,139.0,155.66666666666666,False,direct_size_estimation_deferred,매장 면적·좌석·점포별 매출이 없어 규모별 적합도와 argmax 규모는 산출하지 않음,0.5348580456991462,0.9099307159353349,usable_area_profile,True,balanced_default,True,0.5896420323325635,28.0,0.8840454195535027,0.0630710935565503,0.4104145801534766,0.9076212471131639,True,True,0.7453406466512702,19.0,0.2052072900767383,0.4104145801534766,True,True,0.4885373321273203,16.0,179,0.7243191591017677,0.8694179809022968,high_profile_stability,balanced_default,상권 환경 프로필이 재표본에도 비교적 안정적이므로 균형 시나리오를 사용,0.9122401847575058,0.9076212471131639,0.49884526558891457,0.8198614318706697,brand_environment_fit=0.912 | brand_specific_advantage=0.908 | low_competition_risk=0.820 | market_opportunity=0.499,no_model_level_high_risk_flag,not_recommended__no_store_area_seat_or_store_outcome_data,rich,True,True,False,not_observable_from_current_official_html,31,20,top20_available,brand_environment_fit=0.912 | brand_specific_advantage=0.908 | low_competition_risk=0.820,no_model_level_caution_flag,positive_drivers=brand_environment_fit=0.912 | brand_specific_advantage=0.908 | low_competition_risk=0.820 || caution_flags=no_model_level_caution_flag || profile_stability=high_profile_stability || available_recommendation_count=20
3130219,까치산시장,11500,563777030.0,111248.0,5067.749802243636,0.7635103926096998,0.8373015873015873,0.23809523809523808,0.623015873015873,0.32142857142857145,0.8333333333333334,0.9246031746031746,0.46825396825396826,0.05555555555555555,0.42063492063492064,BRD_20080100039,뚜레쥬르,0.8187066974595842,False,1153.3342967519477,11.313708525203063,19,41,0.7794457274826789,True,0.8021478060046189,0.791108545034642,0.7800692840646651,25.0,21.0,21.0,22.333333333333332,False,direct_size_estimation_deferred,매장 면적·좌석·점포별 매출이 없어 규모별 적합도와 argmax 규모는 산출하지 않음,0.6621078905051587,0.8152424942263279,usable_area_profile,True,balanced_default,True,0.5579330254041571,37.0,0.7853156274056966,0.06778674297152726,0.4414855399263184,0.9191685912240185,True,True,0.7243764434180139,25.0,0.2207427699631592,0.4414855399263184,True,True,0.47552786787047757,17.0,179,0.7243191591017677,0.8694179809022968,high_profile_stability,balanced_default,상권 환경 프로필이 재표본에도 비교적 안정적이므로 균형 시나리오를 사용,0.8175519630484989,0.9191685912240185,0.7944572748267898,0.11085450346420324,brand_specific_advantage=0.919 | brand_environment_fit=0.818 | market_opportunity=0.794 | low_competition_risk=0.111,no_model_level_high_risk_flag,not_recommended__no_store_area_seat_or_store_outcome_data,rich,True,True,False,not_observable_from_current_official_html,31,20,top20_available,brand_specific_advantage=0.919 | brand_environment_fit=0.818 | market_opportunity=0.794,competition_risk_elevated_but_below_exclusion,positive_drivers=brand_specific_advantage=0.919 | brand_environment_fit=0.818 | market_opportunity=0.794 || caution_flags=competition_risk_elevated_but_below_exclusion || profile_stability=high_profile_stability || available_recommendation_count=20
3120138,당산2동(영등포우체국),11560,424229969.0,43104.0,9842.00930308092,0.6618937644341802,0.8571428571428571,0.7698412698412699,0.5277777777777778,0.23809523809523808,0.9007936507936508,0.9761904761904762,0.3373015873015873,0.047619047619047616,0.25,BRD_20080100039,뚜레쥬르,0.24480369515011546,False,976.7548310425643,36.769552608453594,24,71,0.7811778290993072,True,0.3699307159353349,0.45334872979214785,0.5367667436489608,155.0,134.0,101.0,130.0,False,direct_size_estimation_deferred,매장 면적·좌석·점포별 매출이 없어 규모별 적합도와 argmax 규모는 산출하지 않음,0.4527646686918776,0.9491916859122402,usable_area_profile,True,balanced_default,True,0.5890819861431871,29.0,0.9318706697459583,0.057670410762324535,0.30034494183969873,0.8475750577367206,True,True,0.7051789838337182,29.0,0.15017247091984937,0.30034494183969873,True,True,0.4721331130898457,18.0,179,0.7243191591017677,0.8694179809022968,high_profile_stability,balanced_default,상권 환경 프로필이 재표본에도 비교적 안정적이므로 균형 시나리오를 사용,0.9515011547344111,0.8475750577367206,0.6812933025404158,0.10623556581986143,brand_environment_fit=0.952 | brand_specific_advantage=0.848 | market_opportunity=0.681 | low_competition_risk=0.106,no_model_level_high_risk_flag,not_recommended__no_store_area_seat_or_store_outcome_data,rich,True,True,False,not_observable_from_current_official_html,31,20,top20_available,brand_environment_fit=0.952 | brand_specific_advantage=0.848,competition_risk_elevated_but_below_exclusion | same_brand_distance_750m_to_1000m_review,positive_drivers=brand_environment_fit=0.952 | brand_specific_advantage=0.848 || caution_flags=competition_risk_elevated_but_below_exclusion | same_brand_distance_750m_to_1000m_review || profile_stability=high_profile_stability || available_recommendation_count=20
3120122,강서구청,11500,146437442.0,15511.0,9440.876926052479,0.36374133949191684,0.8373015873015873,0.23809523809523808,0.623015873015873,0.32142857142857145,0.8333333333333334,0.9246031746031746,0.46825396825396826,0.05555555555555555,0.42063492063492064,BRD_20080100039,뚜레쥬르,0.8187066974595842,False,1091.2291235537468,39.84971771890175,6,33,0.4214780600461894,True,0.682217090069284,0.5912240184757506,0.500230946882217,63.0,85.0,115.0,87.66666666666667,False,direct_size_estimation_deferred,매장 면적·좌석·점포별 매출이 없어 규모별 적합도와 argmax 규모는 산출하지 않음,0.4299168581363201,0.9584295612009238,usable_area_profile,True,balanced_default,True,0.5433025404157045,43.0,0.9385103926096998,0.05795445439278821,0.343703841230584,0.8752886836027713,True,True,0.6835450346420324,33.0,0.171851920615292,0.343703841230584,True,True,0.4443860475040358,19.0,179,0.7243191591017677,0.8694179809022968,high_profile_stability,balanced_default,상권 환경 프로필이 재표본에도 비교적 안정적이므로 균형 시나리오를 사용,0.9607390300230947,0.8752886836027713,0.3533487297921478,0.6247113163972287,brand_environment_fit=0.961 | brand_specific_advantage=0.875 | low_competition_risk=0.625 | market_opportunity=0.353,no_model_level_high_risk_flag,not_recommended__no_store_area_seat_or_store_outcome_data,rich,True,True,False,not_observable_from_current_official_html,31,20,top20_available,brand_environment_fit=0.961 | brand_specific_advantage=0.875,competition_risk_moderate,positive_drivers=brand_environment_fit=0.961 | brand_specific_advantage=0.875 || caution_flags=competition_risk_moderate || profile_stability=high_profile_stability || available_recommendation_count=20
3120169,서초역,11650,90000000.0,7802.0,11535.503716995641,0.2762124711316397,0.7619047619047619,0.2857142857142857,0.7023809523809523,0.6785714285714286,0.8293650793650794,0.7777777777777778,0.42857142857142855,0.08333333333333333,0.5198412698412699,BRD_20080100039,뚜레쥬르,0.9364896073903002,False,1668.3096235667726,171.74690684028027,13,47,0.18013856812933027,True,0.738406466512702,0.6063510392609699,0.4742956120092378,43.0,78.0,129.0,83.33333333333333,False,direct_size_estimation_deferred,매장 면적·좌석·점포별 매출이 없어 규모별 적합도와 argmax 규모는 산출하지 않음,0.5664736612729961,0.8983833718244804,usable_area_profile,True,balanced_default,True,0.5188452655889145,52.0,0.8815434949961509,0.037890219938181875,0.4444386138640472,0.9214780600461894,True,True,0.6939491916859122,31.0,0.2222193069320236,0.4444386138640472,True,True,0.4432501985347533,20.0,179,0.7243191591017677,0.8694179809022968,high_profile_stability,balanced_default,상권 환경 프로필이 재표본에도 비교적 안정적이므로 균형 시나리오를 사용,0.9006928406466512,0.9214780600461894,0.2517321016166282,0.8937644341801386,brand_specific_advantage=0.921 | brand_environment_fit=0.901 | low_competition_risk=0.894 | market_opportunity=0.252,no_model_level_high_risk_flag,not_recommended__no_store_area_seat_or_store_outcome_data,rich,True,True,False,not_observable_from_current_official_html,31,20,top20_available,brand_specific_advantage=0.921 | brand_environment_fit=0.901 | low_competition_risk=0.894,no_model_level_caution_flag,positive_drivers=brand_specific_advantage=0.921 | brand_environment_fit=0.901 | low_competition_risk=0.894 || caution_flags=no_model_level_caution_flag || profile_stability=high_profile_stability || available_recommendation_count=20
3120037,동대문역사문화공원역,11140,991150857.0,75063.0,13204.253187322649,0.8695150115473441,0.873015873015873,0.5793650793650794,0.6428571428571429,0.34523809523809523,0.8571428571428571,0.8214285714285714,0.0873015873015873,0.023809523809523808,0.8293650793650794,BRD_20140306,롤링핀,0.19399538106235567,False,2938.3890144040042,125.25573836405046,15,74,0.2806004618937644,True,0.3966512702078522,0.5317551963048499,0.6668591224018475,276.0,176.0,107.0,186.33333333333334,False,direct_size_estimation_deferred,매장 면적·좌석·점포별 매출이 없어 규모별 적합도와 argmax 규모는 산출하지 않음,0.5362404457610732,0.976905311778291,usable_area_profile,True,conservative_fit,True,0.7506928406466513,1.0,0.7372016936104696,0.1468679111485937,1.6321034070219809,0.8845265588914549,True,True,0.8656466512702078,1.0,0.8160517035109904,1.6321034070219809,True,True,0.7840937572865238,1.0,9,0.387234726570316,0.4819784180680689,moderate_profile_stability,conservative_fit,상권 환경 프로필이 보통 안정성이므로 절대 적합도를 더 엄격히 보는 보수 시나리오를 사용,0.9792147806004619,0.8845265588914549,0.9053117782909931,0.8314087759815243,brand_environment_fit=0.979 | market_opportunity=0.905 | brand_specific_advantage=0.885 | low_competition_risk=0.831,profile_stability_moderate__confirm_local_site_conditions,not_recommended__no_store_area_seat_or_store_outcome_data,limited,True,False,False,not_observable_from_current_official_html,73,20,top20_available,brand_environment_fit=0.979 | market_opportunity=0.905 | brand_specific_advantage=0.885 | low_competition_risk=0.831,profile_stability_moderate,positive_drivers=brand_environment_fit=0.979 | market_opportunity=0.905 | brand_specific_advantage=0.885 | low_competition_risk=0.831 || caution_flags=profile_stability_moderate || profile_stability=moderate_profile_stability || available_recommendation_count=20
3120148,국회의사당역(국회의사당),11560,658683908.0,52751.0,12486.662015885955,0.7863741339491918,0.8571428571428571,0.7698412698412699,0.5277777777777778,0.23809523809523808,0.9007936507936508,0.9761904761904762,0.3373015873015873,0.047619047619047616,0.25,BRD_20140306,롤링핀,0.15011547344110854,False,1214.5192464158806,117.8346298709127,7,35,0.13741339491916857,True,0.3409930715935335,0.46824480369515015,0.5954965357967668,306.0,234.0,149.0,229.66666666666666,False,direct_size_estimation_deferred,매장 면적·좌석·점포별 매출이 없어 규모별 적합도와 argmax 규모는 산출하지 않음,0.8333661059693377,0.7944572748267898,usable_area_profile,True,conservative_fit,True,0.6518475750577367,21.0,0.6668591224018475,0.06752546032082155,1.889630249371248,0.9168591224018475,True,True,0.8203810623556582,4.0,0.944815124685624,1.889630249371248,True,True,0.7368388850975031,2.0,9,0.387234726570316,0.4819784180680689,moderate_profile_stability,conservative_fit,상권 환경 프로필이 보통 안정성이므로 절대 적합도를 더 엄격히 보는 보수 시나리오를 사용,0.7967667436489607,0.9168591224018475,0.8175519630484989,0.9284064665127021,low_competition_risk=0.928 | brand_specific_advantage=0.917 | market_opportunity=0.818 | brand_environment_fit=0.797,profile_stability_moderate__confirm_local_site_conditions,not_recommended__no_store_area_seat_or_store_outcome_data,limited,True,False,False,not_observable_from_current_official_html,73,20,top20_available,low_competition_risk=0.928 | brand_specific_advantage=0.917 | market_opportunity=0.818 | brand_environment_fit=0.797,profile_stability_moderate,positive_drivers=low_competition_risk=0.928 | brand_specific_advantage=0.917 | market_opportunity=0.818 | brand_environment_fit=0.797 || caution_flags=profile_stability_moderate || profile_stability=moderate_profile_stability || available_recommendation_count=20
3120153,노량진역(노량진),11590,595426544.0,103117.0,5774.2810981700395,0.7636258660508083,0.8611111111111112,0.5158730158730159,0.42857142857142855,0.753968253968254,0.9563492063492064,0.6626984126984127,0.11507936507936507,0.09523809523809523,0.5674603174603174,BRD_20140306,롤링핀,0.5277136258660509,False,1211.9612205420656,132.0075755359234,5,24,0.09526558891454966,True,0.5984872979214781,0.6456697459584295,0.692852193995381,150.0,118.0,89.0,119.0,False,direct_size_estimation_deferred,매장 면적·좌석·점포별 매출이 없어 규모별 적합도와 argmax 규모는 산출하지 않음,0.7627550306920086,0.8475750577367206,usable_area_profile,True,conservative_fit,True,0.6767667436489607,12.0,0.6104695919938414,0.14073458980335543,1.6847703615307374,0.8960739030023095,True,True,0.8275,2.0,0.8423851807653687,1.6847703615307374,True,True,0.7310062259072776,3.0,9,0.387234726570316,0.4819784180680689,moderate_profile_stability,conservative_fit,상권 환경 프로필이 보통 안정성이므로 절대 적합도를 더 엄격히 보는 보수 시나리오를 사용,0.8498845265588915,0.8960739030023095,0.7967667436489607,0.9561200923787528,low_competition_risk=0.956 | brand_specific_advantage=0.896 | brand_environment_fit=0.850 | market_opportunity=0.797,profile_stability_moderate__confirm_local_site_conditions,not_recommended__no_store_area_seat_or_store_outcome_data,limited,True,False,False,not_observable_from_current_official_html,73,20,top20_available,low_competition_risk=0.956 | brand_specific_advantage=0.896 | brand_environment_fit=0.850 | market_opportunity=0.797,profile_stability_moderate,positive_drivers=low_competition_risk=0.956 | brand_specific_advantage=0.896 | brand_environment_fit=0.850 | market_opportunity=0.797 || caution_flags=profile_stability_moderate || profile_stability=moderate_profile_stability || available_recommendation_count=20
3110892,관악구 중앙길,11620,913081619.0,87290.0,10460.323278726086,0.8403002309468822,0.6944444444444444,0.5833333333333334,0.49603174603174605,0.8611111111111112,0.9801587301587301,0.8690476190476191,0.027777777777777776,0.051587301587301584,0.3412698412698413,BRD_20140306,롤링핀,0.31755196304849886,False,4391.455908953944,165.92166821826325,24,76,0.3978060046189376,True,0.4743764434180138,0.5789260969976906,0.6834757505773671,214.0,144.0,96.0,151.33333333333334,False,direct_size_estimation_deferred,매장 면적·좌석·점포별 매출이 없어 규모별 적합도와 argmax 규모는 산출하지 않음,0.4113163112835843,0.9976905311778291,usable_area_profile,True,conservative_fit,True,0.7332794457274827,3.0,0.8969399538106235,0.08337710218528369,1.2083722596080868,0.7644341801385681,True,True,0.7975,5.0,0.6041861298040434,1.2083722596080868,True,True,0.7204172021969693,4.0,9,0.387234726570316,0.4819784180680689,moderate_profile_stability,conservative_fit,상권 환경 프로필이 보통 안정성이므로 절대 적합도를 더 엄격히 보는 보수 시나리오를 사용,1.0,0.7644341801385681,0.8845265588914549,0.6651270207852193,brand_environment_fit=1.000 | market_opportunity=0.885 | brand_specific_advantage=0.764 | low_competition_risk=0.665,profile_stability_moderate__confirm_local_site_conditions,not_recommended__no_store_area_seat_or_store_outcome_data,limited,True,False,False,not_observable_from_current_official_html,73,20,top20_available,brand_environment_fit=1.000 | market_opportunity=0.885 | brand_specific_advantage=0.764,profile_stability_moderate,positive_drivers=brand_environment_fit=1.000 | market_opportunity=0.885 | brand_specific_advantage=0.764 || caution_flags=profile_stability_moderate || profile_stability=moderate_profile_stability || available_recommendation_count=20
3120054,어린이대공원역,11215,309937746.0,33647.0,9211.452610931137,0.5638568129330254,0.8650793650793651,0.5238095238095238,0.6309523809523809,0.7698412698412699,0.9087301587301587,0.7023809523809523,0.1388888888888889,0.0992063492063492,0.6031746031746031,BRD_20140306,롤링핀,0.7586605080831409,False,1596.408782224719,57.008771249534206,17,59,0.5473441108545034,True,0.7002193995381062,0.6612586605080831,0.62229792147806,98.0,104.0,139.0,113.66666666666667,False,direct_size_estimation_deferred,매장 면적·좌석·점포별 매출이 없어 규모별 적합도와 argmax 규모는 산출하지 않음,0.6474841699984418,0.9399538106235565,usable_area_profile,True,conservative_fit,True,0.5852251732101617,58.0,0.6238452655889145,0.16208444509115352,1.9502707052294128,0.9260969976905312,True,True,0.7394803695150116,22.0,0.9751353526147064,1.9502707052294128,True,True,0.7059951545509052,5.0,9,0.387234726570316,0.4819784180680689,moderate_profile_stability,conservative_fit,상권 환경 프로필이 보통 안정성이므로 절대 적합도를 더 엄격히 보는 보수 시나리오를 사용,0.9422632794457275,0.9260969976905312,0.5796766743648961,0.4457274826789838,brand_environment_fit=0.942 | brand_specific_advantage=0.926 | market_opportunity=0.580 | low_competition_risk=0.446,profile_stability_moderate__confirm_local_site_conditions,not_recommended__no_store_area_seat_or_store_outcome_data,limited,True,False,False,not_observable_from_current_official_html,73,20,top20_available,brand_environment_fit=0.942 | brand_specific_advantage=0.926,profile_stability_moderate | competition_risk_moderate,positive_drivers=brand_environment_fit=0.942 | brand_specific_advantage=0.926 || caution_flags=profile_stability_moderate | competition_risk_moderate || profile_stability=moderate_profile_stability || available_recommendation_count=20
3110943,법제교육센터(버들어린이공원),11650,849985150.0,98576.0,8622.637863171563,0.812471131639723,0.7619047619047619,0.2857142857142857,0.7023809523809523,0.6785714285714286,0.8293650793650794,0.7777777777777778,0.42857142857142855,0.08333333333333333,0.5198412698412699,BRD_20140306,롤링핀,0.9780600461893765,False,6744.343481745748,67.35725648954265,25,54,0.6466512702078522,True,0.9283833718244804,0.8952655889145498,0.862147806004619,8.0,11.0,22.0,13.666666666666666,False,direct_size_estimation_deferred,매장 면적·좌석·점포별 매출이 없어 규모별 적합도와 argmax 규모는 산출하지 않음,0.6047996529171644,0.9515011547344111,usable_area_profile,True,conservative_fit,True,0.6631177829099308,15.0,0.8574865280985374,0.06302143766630533,1.4917880346315708,0.8637413394919169,True,True,0.7776905311778292,8.0,0.7458940173157854,1.4917880346315708,True,True,0.7055266221118563,6.0,9,0.387234726570316,0.4819784180680689,moderate_profile_stability,conservative_fit,상권 환경 프로필이 보통 안정성이므로 절대 적합도를 더 엄격히 보는 보수 시나리오를 사용,0.953810623556582,0.8637413394919169,0.8545034642032333,0.2840646651270208,brand_environment_fit=0.954 | brand_specific_advantage=0.864 | market_opportunity=0.855 | low_competition_risk=0.284,profile_stability_moderate__confirm_local_site_conditions,not_recommended__no_store_area_seat_or_store_outcome_data,limited,True,False,False,not_observable_from_current_official_html,73,20,top20_available,brand_environment_fit=0.954 | brand_specific_advantage=0.864 | market_opportunity=0.855,profile_stability_moderate | competition_risk_elevated_but_below_exclusion,positive_drivers=brand_environment_fit=0.954 | brand_specific_advantage=0.864 | market_opportunity=0.855 || caution_flags=profile_stability_moderate | competition_risk_elevated_but_below_exclusion || profile_stability=moderate_profile_stability || available_recommendation_count=20
3120012,대학로(혜화역),11110,529590648.0,61110.0,8666.186352479135,0.7162817551963049,0.876984126984127,0.42857142857142855,0.503968253968254,0.75,0.9444444444444444,0.8531746031746031,0.2619047619047619,0.05952380952380952,0.3611111111111111,BRD_20140306,롤링핀,0.6327944572748267,False,2261.5127680029823,76.48529269796715,29,59,0.6576212471131639,True,0.6578406466512701,0.6745381062355658,0.6912355658198615,122.0,97.0,91.0,103.33333333333333,False,direct_size_estimation_deferred,매장 면적·좌석·점포별 매출이 없어 규모별 적합도와 argmax 규모는 산출하지 않음,0.7221351988530532,0.8937644341801385,usable_area_profile,True,conservative_fit,True,0.5989376443418013,48.0,0.6812933025404156,0.11320802190271019,1.8768204590865334,0.9145496535796767,True,True,0.7501905311778291,13.0,0.9384102295432667,1.8768204590865334,True,True,0.705416645145632,7.0,9,0.387234726570316,0.4819784180680689,moderate_profile_stability,conservative_fit,상권 환경 프로필이 보통 안정성이므로 절대 적합도를 더 엄격히 보는 보수 시나리오를 사용,0.8960739030023095,0.9145496535796767,0.7413394919168591,0.27251732101616627,brand_specific_advantage=0.915 | brand_environment_fit=0.896 | market_opportunity=0.741 | low_competition_risk=0.273,profile_stability_moderate__confirm_local_site_conditions,not_recommended__no_store_area_seat_or_store_outcome_data,limited,True,False,False,not_observable_from_current_official_html,73,20,top20_available,brand_specific_advantage=0.915 | brand_environment_fit=0.896 | market_opportunity=0.741,profile_stability_moderate | competition_risk_elevated_but_below_exclusion,positive_drivers=brand_specific_advantage=0.915 | brand_environment_fit=0.896 | market_opportunity=0.741 || caution_flags=profile_stability_moderate | competition_risk_elevated_but_below_exclusion || profile_stability=moderate_profile_stability || available_recommendation_count=20
3120175,남부터미널역,11650,960650667.0,103198.0,9308.810897498013,0.8390300230946882,0.7619047619047619,0.2857142857142857,0.7023809523809523,0.6785714285714286,0.8293650793650794,0.7777777777777778,0.42857142857142855,0.08333333333333333,0.5198412698412699,BRD_20140306,롤링핀,0.9780600461893765,False,8130.616520258622,49.929950906089985,13,46,0.4815242494226327,True,0.93635103926097,0.9085450346420323,0.8807390300230946,7.0,8.0,15.0,10.0,False,direct_size_estimation_deferred,매장 면적·좌석·점포별 매출이 없어 규모별 적합도와 argmax 규모는 산출하지 않음,0.5521868767583026,0.9699769053117783,usable_area_profile,True,conservative_fit,True,0.7064203233256351,6.0,0.8356428021555042,0.10952373119230398,1.2265296451634533,0.7736720554272517,True,True,0.7799422632794457,7.0,0.6132648225817267,1.2265296451634533,True,True,0.7029120486015518,8.0,9,0.387234726570316,0.4819784180680689,moderate_profile_stability,conservative_fit,상권 환경 프로필이 보통 안정성이므로 절대 적합도를 더 엄격히 보는 보수 시나리오를 사용,0.9722863741339491,0.7736720554272517,0.8822170900692841,0.5219399538106235,brand_environment_fit=0.972 | market_opportunity=0.882 | brand_specific_advantage=0.774 | low_competition_risk=0.522,profile_stability_moderate__confirm_local_site_conditions,not_recommended__no_store_area_seat_or_store_outcome_data,limited,True,False,False,not_observable_from_current_official_html,73,20,top20_available,brand_environment_fit=0.972 | market_opportunity=0.882 | brand_specific_advantage=0.774,profile_stability_moderate | competition_risk_moderate,positive_drivers=brand_environment_fit=0.972 | market_opportunity=0.882 | brand_specific_advantage=0.774 || caution_flags=profile_stability_moderate | competition_risk_moderate || profile_stability=moderate_profile_stability || available_recommendation_count=20
3130318,로데오거리상점가,11740,442156636.0,47820.0,9246.27009619406,0.6744803695150116,0.8452380952380952,0.06746031746031746,0.7063492063492064,0.38492063492063494,0.6626984126984127,0.7182539682539683,0.5833333333333334,0.06746031746031746,0.6507936507936508,BRD_20140306,롤링핀,0.6766743648960739,False,3475.1433064091048,65.25335242330819,32,73,0.7193995381062356,True,0.6760161662817552,0.6755773672055427,0.6751385681293303,114.0,96.0,100.0,103.33333333333333,False,direct_size_estimation_deferred,매장 면적·좌석·점포별 매출이 없어 규모별 적합도와 argmax 규모는 산출하지 않음,0.6197398505712725,0.9468822170900693,usable_area_profile,True,conservative_fit,True,0.6015993071593533,47.0,0.7155504234026174,0.13427542095016168,1.7228156281358005,0.9030023094688222,True,True,0.7396997690531177,21.0,0.8614078140679002,1.7228156281358005,True,True,0.690784978921132,9.0,9,0.387234726570316,0.4819784180680689,moderate_profile_stability,conservative_fit,상권 환경 프로필이 보통 안정성이므로 절대 적합도를 더 엄격히 보는 보수 시나리오를 사용,0.9491916859122402,0.9030023094688222,0.6905311778290993,0.18475750577367206,brand_environment_fit=0.949 | brand_specific_advantage=0.903 | market_opportunity=0.691 | low_competition_risk=0.185,profile_stability_moderate__confirm_local_site_conditions,not_recommended__no_store_area_seat_or_store_outcome_data,limited,True,False,False,not_observable_from_current_official_html,73,20,top20_available,brand_environment_fit=0.949 | brand_specific_advantage=0.903,profile_stability_moderate | competition_risk_elevated_but_below_exclusion,positive_drivers=brand_environment_fit=0.949 | brand_specific_advantage=0.903 || caution_flags=profile_stability_moderate | competition_risk_elevated_but_below_exclusion || profile_stability=moderate_profile_stability || available_recommendation_count=20
3120075,월곡역,11290,394403544.0,39935.0,9876.137323150118,0.6412240184757506,0.8690476190476191,0.3888888888888889,0.5912698412698413,0.8333333333333334,0.8055555555555556,0.3333333333333333,0.2222222222222222,0.31746031746031744,0.7420634920634921,BRD_20140306,롤링핀,0.7967667436489607,False,2251.00533096565,48.91829924522232,13,36,0.4896073903002309,True,0.7501039260969977,0.7189953810623557,0.6878868360277136,73.0,73.0,94.0,80.0,False,direct_size_estimation_deferred,매장 면적·좌석·점포별 매출이 없어 규모별 적합도와 argmax 규모는 산출하지 않음,0.5608412577606522,0.9607390300230947,usable_area_profile,True,conservative_fit,True,0.6313568129330254,31.0,0.8904926866820632,0.04782192069840956,1.4689151400681348,0.8521939953810623,True,True,0.748025404157044,15.0,0.7344575700340674,1.4689151400681348,True,True,0.6792552701066693,10.0,9,0.387234726570316,0.4819784180680689,moderate_profile_stability,conservative_fit,상권 환경 프로필이 보통 안정성이므로 절대 적합도를 더 엄격히 보는 보수 시나리오를 사용,0.9630484988452656,0.8521939953810623,0.6581986143187067,0.5046189376443418,brand_environment_fit=0.963 | brand_specific_advantage=0.852 | market_opportunity=0.658 | low_competition_risk=0.505,profile_stability_moderate__confirm_local_site_conditions,not_recommended__no_store_area_seat_or_store_outcome_data,limited,True,False,False,not_observable_from_current_official_html,73,20,top20_available,brand_environment_fit=0.963 | brand_specific_advantage=0.852,profile_stability_moderate | competition_risk_moderate,positive_drivers=brand_environment_fit=0.963 | brand_specific_advantage=0.852 || caution_flags=profile_stability_moderate | competition_risk_moderate || profile_stability=moderate_profile_stability || available_recommendation_count=20
3110842,흑리단길,11590,482286031.0,32223.0,14967.136238090805,0.6867205542725173,0.8611111111111112,0.5158730158730159,0.42857142857142855,0.753968253968254,0.9563492063492064,0.6626984126984127,0.11507936507936507,0.09523809523809523,0.5674603174603174,BRD_20140306,롤링핀,0.5277136258660509,False,3507.4641837491267,63.25345839859666,13,14,0.4260969976905311,True,0.5754157043879908,0.6072170900692841,0.6390184757505774,169.0,134.0,121.0,141.33333333333334,False,direct_size_estimation_deferred,매장 면적·좌석·점포별 매출이 없어 규모별 적합도와 argmax 규모는 산출하지 않음,0.8956893577217084,0.745958429561201,usable_area_profile,True,conservative_fit,True,0.5494168591224019,87.0,0.5921862971516552,0.05841718371943201,2.6323099235335907,0.9630484988452656,True,True,0.7511085450346421,12.0,1.0,2.6323099235335907,True,True,0.6774538106235566,11.0,9,0.387234726570316,0.4819784180680689,moderate_profile_stability,conservative_fit,상권 환경 프로필이 보통 안정성이므로 절대 적합도를 더 엄격히 보는 보수 시나리오를 사용,0.7482678983833718,0.964203233256351,0.7090069284064665,0.6166281755196305,brand_specific_advantage=0.964 | brand_environment_fit=0.748 | market_opportunity=0.709 | low_competition_risk=0.617,profile_stability_moderate__confirm_local_site_conditions,not_recommended__no_store_area_seat_or_store_outcome_data,limited,True,False,False,not_observable_from_current_official_html,73,20,top20_available,brand_specific_advantage=0.964 | brand_environment_fit=0.748 | market_opportunity=0.709,profile_stability_moderate | competition_risk_moderate,positive_drivers=brand_specific_advantage=0.964 | brand_environment_fit=0.748 | market_opportunity=0.709 || caution_flags=profile_stability_moderate | competition_risk_moderate || profile_stability=moderate_profile_stability || available_recommendation_count=20
3120003,광화문역,11110,756200869.0,75218.0,10053.456207290808,0.8042725173210161,0.876984126984127,0.42857142857142855,0.503968253968254,0.75,0.9444444444444444,0.8531746031746031,0.2619047619047619,0.05952380952380952,0.3611111111111111,BRD_20140306,롤링핀,0.6327944572748267,False,4871.049681505966,69.12307861572918,25,101,0.6397228637413395,True,0.6842378752886835,0.7185334872979214,0.7528290993071592,109.0,74.0,59.0,80.66666666666667,False,direct_size_estimation_deferred,매장 면적·좌석·점포별 매출이 없어 규모별 적합도와 argmax 규모는 산출하지 않음,0.6402644679476662,0.9445727482678984,usable_area_profile,True,conservative_fit,True,0.6578233256351039,16.0,0.7959006928406467,0.11836682820533301,1.2560280416515655,0.7829099307159353,True,True,0.7418591224018476,18.0,0.6280140208257827,1.2560280416515655,True,True,0.671928447469725,12.0,9,0.387234726570316,0.4819784180680689,moderate_profile_stability,conservative_fit,상권 환경 프로필이 보통 안정성이므로 절대 적합도를 더 엄격히 보는 보수 시나리오를 사용,0.9468822170900693,0.7829099307159353,0.836027713625866,0.3002309468822171,brand_environment_fit=0.947 | market_opportunity=0.836 | brand_specific_advantage=0.783 | low_competition_risk=0.300,profile_stability_moderate__confirm_local_site_conditions,not_recommended__no_store_area_seat_or_store_outcome_data,limited,True,False,False,not_observable_from_current_official_html,73,20,top20_available,brand_environment_fit=0.947 | market_opportunity=0.836 | brand_specific_advantage=0.783,profile_stability_moderate | competition_risk_elevated_but_below_exclusion,positive_drivers=brand_environment_fit=0.947 | market_opportunity=0.836 | brand_specific_advantage=0.783 || caution_flags=profile_stability_moderate | competition_risk_elevated_but_below_exclusion || profile_stability=moderate_profile_stability || available_recommendation_count=20
3120119,발산역(마곡),11500,2401733989.0,206918.0,11607.177669414938,0.9505773672055428,0.8373015873015873,0.23809523809523808,0.623015873015873,0.32142857142857145,0.8333333333333334,0.9246031746031746,0.46825396825396826,0.05555555555555555,0.42063492063492064,BRD_20140306,롤링핀,0.7193995381062356,False,9343.5723895759,55.470712991852245,37,103,0.7782909930715936,True,0.7887528868360276,0.8349884526558892,0.8812240184757506,52.0,24.0,14.0,30.0,False,direct_size_estimation_deferred,매장 면적·좌석·점포별 매출이 없어 규모별 적합도와 argmax 규모는 산출하지 않음,0.8847107800531128,0.7575057736720554,usable_area_profile,True,conservative_fit,True,0.5947113163972286,53.0,0.5261739799846036,0.13960795160237593,1.6570101561716122,0.8891454965357968,True,True,0.7513394919168592,11.0,0.8285050780858061,1.6570101561716122,True,True,0.6699438214844999,13.0,9,0.387234726570316,0.4819784180680689,moderate_profile_stability,conservative_fit,상권 환경 프로필이 보통 안정성이므로 절대 적합도를 더 엄격히 보는 보수 시나리오를 사용,0.7598152424942263,0.8891454965357968,0.9792147806004619,0.11316397228637413,market_opportunity=0.979 | brand_specific_advantage=0.889 | brand_environment_fit=0.760 | low_competition_risk=0.113,profile_stability_moderate__confirm_local_site_conditions,not_recommended__no_store_area_seat_or_store_outcome_data,limited,True,False,False,not_observable_from_current_official_html,73,20,top20_available,market_opportunity=0.979 | brand_specific_advantage=0.889 | brand_environment_fit=0.760,profile_stability_moderate | competition_risk_elevated_but_below_exclusion,positive_drivers=market_opportunity=0.979 | brand_specific_advantage=0.889 | brand_environment_fit=0.760 || caution_flags=profile_stability_moderate | competition_risk_elevated_but_below_exclusion || profile_stability=moderate_profile_stability || available_recommendation_count=20
3120159,서울대입구역,11620,577357524.0,63766.0,9054.316155945175,0.7378752886836027,0.6944444444444444,0.5833333333333334,0.49603174603174605,0.8611111111111112,0.9801587301587301,0.8690476190476191,0.027777777777777776,0.051587301587301584,0.3412698412698413,BRD_20140306,롤링핀,0.31755196304849886,False,4753.746417332856,112.61438631512817,37,77,0.5750577367205543,True,0.44364896073903004,0.5277136258660509,0.6117782909930715,240.0,182.0,143.0,188.33333333333334,False,direct_size_estimation_deferred,매장 면적·좌석·점포별 매출이 없어 규모별 적합도와 argmax 규모는 산출하지 않음,0.5834777387539923,0.953810623556582,usable_area_profile,True,conservative_fit,True,0.6489030023094687,24.0,0.829003079291763,0.0995776204483711,1.2533694187794846,0.7806004618937644,True,True,0.733487297921478,24.0,0.6266847093897423,1.2533694187794846,True,True,0.6651584752689136,14.0,9,0.387234726570316,0.4819784180680689,moderate_profile_stability,conservative_fit,상권 환경 프로필이 보통 안정성이므로 절대 적합도를 더 엄격히 보는 보수 시나리오를 사용,0.9561200923787528,0.7806004618937644,0.7621247113163973,0.40877598152424943,brand_environment_fit=0.956 | brand_specific_advantage=0.781 | market_opportunity=0.762 | low_competition_risk=0.409,profile_stability_moderate__confirm_local_site_conditions,not_recommended__no_store_area_seat_or_store_outcome_data,limited,True,False,False,not_observable_from_current_official_html,73,20,top20_available,brand_environment_fit=0.956 | brand_specific_advantage=0.781 | market_opportunity=0.762,profile_stability_moderate | competition_risk_moderate,positive_drivers=brand_environment_fit=0.956 | brand_specific_advantage=0.781 | market_opportunity=0.762 || caution_flags=profile_stability_moderate | competition_risk_moderate || profile_stability=moderate_profile_stability || available_recommendation_count=20
3110837,숭실대입구역 1번,11590,599844154.0,57757.0,10385.65289055872,0.7587759815242495,0.8611111111111112,0.5158730158730159,0.42857142857142855,0.753968253968254,0.9563492063492064,0.6626984126984127,0.11507936507936507,0.09523809523809523,0.5674603174603174,BRD_20140306,롤링핀,0.5277136258660509,False,3507.1635263070552,107.91200122156485,13,20,0.26327944572748263,True,0.5970323325635105,0.6432448036951501,0.6894572748267899,153.0,120.0,93.0,122.0,False,direct_size_estimation_deferred,매장 면적·좌석·점포별 매출이 없어 규모별 적합도와 argmax 규모는 산출하지 않음,0.8182538893906441,0.8106235565819861,usable_area_profile,True,conservative_fit,True,0.6313914549653581,29.5,0.7287336412625097,0.0576904289437942,1.4194714239212705,0.836027713625866,True,True,0.7657390300230948,9.0,0.7097357119606352,1.4194714239212705,True,True,0.6650494014312675,15.0,9,0.387234726570316,0.4819784180680689,moderate_profile_stability,conservative_fit,상권 환경 프로필이 보통 안정성이므로 절대 적합도를 더 엄격히 보는 보수 시나리오를 사용,0.812933025404157,0.836027713625866,0.789838337182448,0.8475750577367206,low_competition_risk=0.848 | brand_specific_advantage=0.836 | brand_environment_fit=0.813 | market_opportunity=0.790,profile_stability_moderate__confirm_local_site_conditions,not_recommended__no_store_area_seat_or_store_outcome_data,limited,True,False,False,not_observable_from_current_official_html,73,20,top20_available,low_competition_risk=0.848 | brand_specific_advantage=0.836 | brand_environment_fit=0.813 | market_opportunity=0.790,profile_stability_moderate,positive_drivers=low_competition_risk=0.848 | brand_specific_advantage=0.836 | brand_environment_fit=0.813 | market_opportunity=0.790 || caution_flags=profile_stability_moderate || profile_stability=moderate_profile_stability || available_recommendation_count=20
3120158,녹두거리(대학동),11620,695809095.0,79236.0,8781.476790852643,0.7778290993071594,0.6944444444444444,0.5833333333333334,0.49603174603174605,0.8611111111111112,0.9801587301587301,0.8690476190476191,0.027777777777777776,0.051587301587301584,0.3412698412698413,BRD_20140306,롤링핀,0.31755196304849886,False,5508.402672304588,107.28000742995447,15,20,0.3140877598152425,True,0.45563510392609696,0.5476905311778291,0.6397459584295612,233.0,167.0,120.0,173.33333333333334,False,direct_size_estimation_deferred,매장 면적·좌석·점포별 매출이 없어 규모별 적합도와 argmax 규모는 산출하지 않음,0.7165614327506296,0.8983833718244804,usable_area_profile,True,conservative_fit,True,0.6743187066974596,13.0,0.7973441108545035,0.09329858848587673,1.0829666623013474,0.7159353348729792,True,True,0.7421247113163972,17.0,0.5414833311506737,1.0829666623013474,True,True,0.6577726803627262,16.0,9,0.387234726570316,0.4819784180680689,moderate_profile_stability,conservative_fit,상권 환경 프로필이 보통 안정성이므로 절대 적합도를 더 엄격히 보는 보수 시나리오를 사용,0.9006928406466512,0.7159353348729792,0.812933025404157,0.789838337182448,brand_environment_fit=0.901 | market_opportunity=0.813 | low_competition_risk=0.790 | brand_specific_advantage=0.716,profile_stability_moderate__confirm_local_site_conditions,not_recommended__no_store_area_seat_or_store_outcome_data,limited,True,False,False,not_observable_from_current_official_html,73,20,top20_available,brand_environment_fit=0.901 | market_opportunity=0.813 | low_competition_risk=0.790 | brand_specific_advantage=0.716,profile_stability_moderate,positive_drivers=brand_environment_fit=0.901 | market_opportunity=0.813 | low_competition_risk=0.790 | brand_specific_advantage=0.716 || caution_flags=profile_stability_moderate || profile_stability=moderate_profile_stability || available_recommendation_count=20
3110836,상도역 5번,11590,245030296.0,22286.0,10994.80822040743,0.5116628175519631,0.8611111111111112,0.5158730158730159,0.42857142857142855,0.753968253968254,0.9563492063492064,0.6626984126984127,0.11507936507936507,0.09523809523809523,0.5674603174603174,BRD_20140306,롤링핀,0.5277136258660509,False,2753.5885677083784,143.40502085254877,17,44,0.30369515011547343,True,0.5228983833718245,0.519688221709007,0.5164780600461893,196.0,188.0,201.0,195.0,False,direct_size_estimation_deferred,매장 면적·좌석·점포별 매출이 없어 규모별 적합도와 argmax 규모는 산출하지 않음,0.49650980236735626,0.9907621247113164,usable_area_profile,True,conservative_fit,True,0.6289087759815243,32.0,0.9057929176289453,0.06490845147074367,1.309062304785833,0.8060046189376443,True,True,0.7275750577367205,25.0,0.6545311523929165,1.309062304785833,True,True,0.6574838273591991,17.0,9,0.387234726570316,0.4819784180680689,moderate_profile_stability,conservative_fit,상권 환경 프로필이 보통 안정성이므로 절대 적합도를 더 엄격히 보는 보수 시나리오를 사용,0.9930715935334873,0.8060046189376443,0.5057736720554272,0.7990762124711316,brand_environment_fit=0.993 | brand_specific_advantage=0.806 | low_competition_risk=0.799 | market_opportunity=0.506,profile_stability_moderate__confirm_local_site_conditions,not_recommended__no_store_area_seat_or_store_outcome_data,limited,True,False,False,not_observable_from_current_official_html,73,20,top20_available,brand_environment_fit=0.993 | brand_specific_advantage=0.806 | low_competition_risk=0.799,profile_stability_moderate,positive_drivers=brand_environment_fit=0.993 | brand_specific_advantage=0.806 | low_competition_risk=0.799 || caution_flags=profile_stability_moderate || profile_stability=moderate_profile_stability || available_recommendation_count=20
3110819,신대방역 4번,11590,115112565.0,19890.0,5787.459276018099,0.33695150115473443,0.8611111111111112,0.5158730158730159,0.42857142857142855,0.753968253968254,0.9563492063492064,0.6626984126984127,0.11507936507936507,0.09523809523809523,0.5674603174603174,BRD_20140306,롤링핀,0.5277136258660509,False,3735.4144348401605,156.34896866047944,15,43,0.23672055427251731,True,0.47048498845265596,0.4323325635103926,0.39418013856812933,217.0,264.0,283.0,254.66666666666666,False,direct_size_estimation_deferred,매장 면적·좌석·점포별 매출이 없어 규모별 적합도와 argmax 규모는 산출하지 않음,0.7176226496714868,0.8960739030023095,usable_area_profile,True,conservative_fit,True,0.5304618937644342,100.0,0.6202848344880677,0.1445521779139933,1.9078859446748202,0.9214780600461894,True,True,0.7029907621247113,34.0,0.9539429723374101,1.9078859446748202,True,True,0.6574811241467083,18.0,9,0.387234726570316,0.4819784180680689,moderate_profile_stability,conservative_fit,상권 환경 프로필이 보통 안정성이므로 절대 적합도를 더 엄격히 보는 보수 시나리오를 사용,0.8983833718244804,0.9214780600461894,0.3163972286374134,0.8637413394919169,brand_specific_advantage=0.921 | brand_environment_fit=0.898 | low_competition_risk=0.864 | market_opportunity=0.316,profile_stability_moderate__confirm_local_site_conditions,not_recommended__no_store_area_seat_or_store_outcome_data,limited,True,False,False,not_observable_from_current_official_html,73,20,top20_available,brand_specific_advantage=0.921 | brand_environment_fit=0.898 | low_competition_risk=0.864,profile_stability_moderate,positive_drivers=brand_specific_advantage=0.921 | brand_environment_fit=0.898 | low_competition_risk=0.864 || caution_flags=profile_stability_moderate || profile_stability=moderate_profile_stability || available_recommendation_count=20
3120009,종로3가역,11110,773341001.0,64864.0,11922.499398741984,0.8273672055427251,0.876984126984127,0.42857142857142855,0.503968253968254,0.75,0.9444444444444444,0.8531746031746031,0.2619047619047619,0.05952380952380952,0.3611111111111111,BRD_20140306,롤링핀,0.6327944572748267,False,3588.9366112844705,125.80143085865113,24,103,0.4532332563510392,True,0.6911662817551962,0.7300808314087759,0.7689953810623555,106.0,71.0,50.0,75.66666666666667,False,direct_size_estimation_deferred,매장 면적·좌석·점포별 매출이 없어 규모별 적합도와 argmax 규모는 산출하지 않음,0.45316169037425785,0.9930715935334873,usable_area_profile,True,conservative_fit,True,0.7181293302540416,4.0,0.9535219399538106,0.05047087142510804,0.7836134479739072,0.6581986143187067,True,True,0.7414260969976905,20.0,0.3918067239869536,0.7836134479739072,True,True,0.6566987941607108,19.0,9,0.387234726570316,0.4819784180680689,moderate_profile_stability,conservative_fit,상권 환경 프로필이 보통 안정성이므로 절대 적합도를 더 엄격히 보는 보수 시나리오를 사용,0.9953810623556582,0.6581986143187067,0.8637413394919169,0.581986143187067,brand_environment_fit=0.995 | market_opportunity=0.864 | brand_specific_advantage=0.658 | low_competition_risk=0.582,profile_stability_moderate__confirm_local_site_conditions,not_recommended__no_store_area_seat_or_store_outcome_data,limited,True,False,False,not_observable_from_current_official_html,73,20,top20_available,brand_environment_fit=0.995 | market_opportunity=0.864,profile_stability_moderate | competition_risk_moderate,positive_drivers=brand_environment_fit=0.995 | market_opportunity=0.864 || caution_flags=profile_stability_moderate | competition_risk_moderate || profile_stability=moderate_profile_stability || available_recommendation_count=20
3120062,신설동역,11230,583819931.0,56521.0,10329.256931052176,0.748498845265589,0.6904761904761905,0.5396825396825397,0.5714285714285714,0.9603174603174603,0.9126984126984127,0.4087301587301587,0.1865079365079365,0.09126984126984126,0.6825396825396826,BRD_20140306,롤링핀,0.4237875288683603,False,1372.2426899232062,109.76793705062819,8,37,0.16743648960739027,True,0.5212009237875289,0.5861431870669747,0.6510854503464203,198.0,140.0,116.0,151.33333333333334,False,direct_size_estimation_deferred,매장 면적·좌석·점포별 매출이 없어 규모별 적합도와 argmax 규모는 산출하지 않음,0.743177867678095,0.8683602771362586,usable_area_profile,True,conservative_fit,True,0.6710392609699769,14.0,0.7826212471131639,0.07792402283278821,1.1002900890663225,0.7205542725173211,True,True,0.7481639722863742,14.0,0.5501450445331613,1.1002900890663225,True,True,0.6552614343434521,20.0,9,0.387234726570316,0.4819784180680689,moderate_profile_stability,conservative_fit,상권 환경 프로필이 보통 안정성이므로 절대 적합도를 더 엄격히 보는 보수 시나리오를 사용,0.8706697459584296,0.7205542725173211,0.7782909930715936,0.9053117782909931,low_competition_risk=0.905 | brand_environment_fit=0.871 | market_opportunity=0.778 | brand_specific_advantage=0.721,profile_stability_moderate__confirm_local_site_conditions,not_recommended__no_store_area_seat_or_store_outcome_data,limited,True,False,False,not_observable_from_current_official_html,73,20,top20_available,low_competition_risk=0.905 | brand_environment_fit=0.871 | market_opportunity=0.778 | brand_specific_advantage=0.721,profile_stability_moderate,positive_drivers=low_competition_risk=0.905 | brand_environment_fit=0.871 | market_opportunity=0.778 | brand_specific_advantage=0.721 || caution_flags=profile_stability_moderate || profile_stability=moderate_profile_stability || available_recommendation_count=20
3120080,마들역,11350,1045100686.0,106340.0,9827.916926838443,0.858891454965358,0.8928571428571429,0.08333333333333333,0.7222222222222222,0.9444444444444444,0.7777777777777778,0.30158730158730157,0.38095238095238093,0.4444444444444444,0.6071428571428571,BRD_20161137,명랑시대쌀핫도그,0.5173210161662818,False,860.5300692339306,45.607017023633105,8,31,0.41050808314087756,True,0.6197921478060047,0.6881062355658198,0.7564203233256351,124.0,78.0,53.0,85.0,False,direct_size_estimation_deferred,매장 면적·좌석·점포별 매출이 없어 규모별 적합도와 argmax 규모는 산출하지 않음,0.5473928132515861,0.9076212471131639,usable_area_profile,True,balanced_default,True,0.6928464203233256,6.0,0.8119707467282525,0.07687419193039746,1.2442472302214789,0.976905311778291,True,True,0.8591397228637414,2.0,0.6221236151107394,1.2442472302214789,True,True,0.7090827572056179,1.0,32,0.5748525086709543,0.6709408501520557,high_profile_stability,balanced_default,상권 환경 프로필이 재표본에도 비교적 안정적이므로 균형 시나리오를 사용,0.9099307159353349,0.976905311778291,0.9006928406466512,0.6443418013856813,brand_specific_advantage=0.977 | brand_environment_fit=0.910 | market_opportunity=0.901 | low_competition_risk=0.644,no_model_level_high_risk_flag,not_recommended__no_store_area_seat_or_store_outcome_data,rich,True,True,False,not_observable_from_current_official_html,79,20,top20_available,brand_specific_advantage=0.977 | brand_environment_fit=0.910 | market_opportunity=0.901,competition_risk_moderate | same_brand_distance_750m_to_1000m_review,positive_drivers=brand_specific_advantage=0.977 | brand_environment_fit=0.910 | market_opportunity=0.901 || caution_flags=competition_risk_moderate | same_brand_distance_750m_to_1000m_review || profile_stability=high_profile_stability || available_recommendation_count=20
3120069,상봉역,11260,1511381851.0,142985.0,10570.212616708046,0.9086605080831409,0.8492063492063492,0.40476190476190477,0.5,0.39285714285714285,0.623015873015873,0.5714285714285714,0.16666666666666666,0.32936507936507936,0.8134920634920635,BRD_20161137,명랑시대쌀핫도그,0.8983833718244804,False,885.5873756853189,89.18520055817115,16,55,0.3943418013856813,True,0.9014665127020784,0.9035219399538106,0.9055773672055427,9.0,7.0,8.0,8.0,False,direct_size_estimation_deferred,매장 면적·좌석·점포별 매출이 없어 규모별 적합도와 argmax 규모는 산출하지 않음,0.4777080548283285,0.9468822170900693,usable_area_profile,True,balanced_default,True,0.7323210161662818,2.0,0.8804849884526559,0.07129084880344481,0.931356965891603,0.9214780600461894,True,True,0.8661027713625867,1.0,0.4656784829458015,0.931356965891603,True,True,0.6821271918947719,2.0,32,0.5748525086709543,0.6709408501520557,high_profile_stability,balanced_default,상권 환경 프로필이 재표본에도 비교적 안정적이므로 균형 시나리오를 사용,0.9491916859122402,0.9214780600461894,0.9607390300230947,0.674364896073903,market_opportunity=0.961 | brand_environment_fit=0.949 | brand_specific_advantage=0.921 | low_competition_risk=0.674,no_model_level_high_risk_flag,not_recommended__no_store_area_seat_or_store_outcome_data,rich,True,True,False,not_observable_from_current_official_html,79,20,top20_available,market_opportunity=0.961 | brand_environment_fit=0.949 | brand_specific_advantage=0.921,same_brand_distance_750m_to_1000m_review,positive_drivers=market_opportunity=0.961 | brand_environment_fit=0.949 | brand_specific_advantage=0.921 || caution_flags=same_brand_distance_750m_to_1000m_review || profile_stability=high_profile_stability || available_recommendation_count=20
3130146,쌍문시장(쌍문역골목시장),11320,408927388.0,35770.0,11432.132736930389,0.6565819861431871,0.7182539682539683,0.11904761904761904,0.6071428571428571,0.25793650793650796,0.3611111111111111,0.24603174603174602,0.19047619047619047,0.4246031746031746,0.9126984126984127,BRD_20161137,명랑시대쌀핫도그,0.2806004618937644,False,3522.977859745658,58.24946355251418,27,42,0.714203233256351,True,0.3933949191685912,0.46859122401847575,0.5437875288683602,239.0,208.0,161.0,202.66666666666666,False,direct_size_estimation_deferred,매장 면적·좌석·점포별 매출이 없어 규모별 적합도와 argmax 규모는 산출하지 않음,0.37508781127695207,0.9792147806004619,usable_area_profile,True,balanced_default,True,0.6122806004618937,38.0,0.9345650500384912,0.03205644775004926,1.3928471086414127,0.9953810623556582,True,True,0.7817609699769053,13.0,0.6964235543207064,1.3928471086414127,True,True,0.6791985904325706,3.0,32,0.5748525086709543,0.6709408501520557,high_profile_stability,balanced_default,상권 환경 프로필이 재표본에도 비교적 안정적이므로 균형 시나리오를 사용,0.9815242494226328,0.9953810623556582,0.6789838337182448,0.18706697459584296,brand_specific_advantage=0.995 | brand_environment_fit=0.982 | market_opportunity=0.679 | low_competition_risk=0.187,no_model_level_high_risk_flag,not_recommended__no_store_area_seat_or_store_outcome_data,rich,True,True,False,not_observable_from_current_official_html,79,20,top20_available,brand_specific_advantage=0.995 | brand_environment_fit=0.982,competition_risk_elevated_but_below_exclusion,positive_drivers=brand_specific_advantage=0.995 | brand_environment_fit=0.982 || caution_flags=competition_risk_elevated_but_below_exclusion || profile_stability=high_profile_stability || available_recommendation_count=20
3110792,영등포역 2번,11560,248320575.0,31295.0,7934.832241572136,0.5072748267898384,0.8571428571428571,0.7698412698412699,0.5277777777777778,0.23809523809523808,0.9007936507936508,0.9761904761904762,0.3373015873015873,0.047619047619047616,0.25,BRD_20161137,명랑시대쌀핫도그,0.19168591224018475,False,864.0468736892898,211.72859988097136,18,54,0.2759815242494227,True,0.28636258660508085,0.34948036951501155,0.41259815242494224,300.0,281.0,237.0,272.6666666666667,False,direct_size_estimation_deferred,매장 면적·좌석·점포별 매출이 없어 규모별 적합도와 argmax 규모는 산출하지 않음,0.4291634842769528,0.9676674364896074,usable_area_profile,True,balanced_default,True,0.6199826789838337,30.0,0.8840454195535027,0.0630710935565503,1.3258374355143883,0.9884526558891455,True,True,0.7964665127020786,8.0,0.6629187177571941,1.3258374355143883,True,True,0.6699257082588979,4.0,32,0.5748525086709543,0.6709408501520557,high_profile_stability,balanced_default,상권 환경 프로필이 재표본에도 비교적 안정적이므로 균형 시나리오를 사용,0.9699769053117783,0.9884526558891455,0.49884526558891457,0.8290993071593533,brand_specific_advantage=0.988 | brand_environment_fit=0.970 | low_competition_risk=0.829 | market_opportunity=0.499,no_model_level_high_risk_flag,not_recommended__no_store_area_seat_or_store_outcome_data,rich,True,True,False,not_observable_from_current_official_html,79,20,top20_available,brand_specific_advantage=0.988 | brand_environment_fit=0.970 | low_competition_risk=0.829,same_brand_distance_750m_to_1000m_review,positive_drivers=brand_specific_advantage=0.988 | brand_environment_fit=0.970 | low_competition_risk=0.829 || caution_flags=same_brand_distance_750m_to_1000m_review || profile_stability=high_profile_stability || available_recommendation_count=20
3120075,월곡역,11290,394403544.0,39935.0,9876.137323150118,0.6412240184757506,0.8690476190476191,0.3888888888888889,0.5912698412698413,0.8333333333333334,0.8055555555555556,0.3333333333333333,0.2222222222222222,0.31746031746031744,0.7420634920634921,BRD_20161137,명랑시대쌀핫도그,0.7782909930715936,False,1985.7807028882114,48.91829924522232,13,36,0.4901847575057737,True,0.7371709006928406,0.709757505773672,0.6823441108545034,70.0,62.0,80.0,70.66666666666667,False,direct_size_estimation_deferred,매장 면적·좌석·점포별 매출이 없어 규모별 적합도와 argmax 규모는 산출하지 않음,0.4826543042510991,0.9445727482678984,usable_area_profile,True,balanced_default,True,0.6231870669745958,28.0,0.8904926866820632,0.04782192069840956,1.1308634366003998,0.9584295612009238,True,True,0.7855831408775982,11.0,0.5654317183001999,1.1308634366003998,True,True,0.6397890921671946,5.0,32,0.5748525086709543,0.6709408501520557,high_profile_stability,balanced_default,상권 환경 프로필이 재표본에도 비교적 안정적이므로 균형 시나리오를 사용,0.9468822170900693,0.9584295612009238,0.6581986143187067,0.5069284064665127,brand_specific_advantage=0.958 | brand_environment_fit=0.947 | market_opportunity=0.658 | low_competition_risk=0.507,no_model_level_high_risk_flag,not_recommended__no_store_area_seat_or_store_outcome_data,rich,True,True,False,not_observable_from_current_official_html,79,20,top20_available,brand_specific_advantage=0.958 | brand_environment_fit=0.947,competition_risk_moderate,positive_drivers=brand_specific_advantage=0.958 | brand_environment_fit=0.947 || caution_flags=competition_risk_moderate || profile_stability=high_profile_stability || available_recommendation_count=20
3110601,신월1동우편취급국,11470,441016625.0,40173.0,10977.93605157693,0.6785219399538106,0.8055555555555556,0.2222222222222222,0.5158730158730159,0.5873015873015873,0.5079365079365079,0.2896825396825397,0.4801587301587302,0.30952380952380953,0.7738095238095238,BRD_20161137,명랑시대쌀핫도그,0.9803695150115473,False,1051.7880014321033,258.54980178856624,8,40,0.05023094688221708,True,0.8898152424942263,0.829445727482679,0.7690762124711316,14.0,23.0,44.0,27.0,False,direct_size_estimation_deferred,매장 면적·좌석·점포별 매출이 없어 규모별 적합도와 argmax 규모는 산출하지 않음,0.6133800355260814,0.8683602771362586,usable_area_profile,True,balanced_default,True,0.6641281755196304,16.0,0.7864703618167822,0.08887308212787294,0.921425400794034,0.9168591224018475,True,True,0.8232736720554272,5.0,0.460712700397017,0.921425400794034,True,True,0.6297829324368774,6.0,32,0.5748525086709543,0.6709408501520557,high_profile_stability,balanced_default,상권 환경 프로필이 재표본에도 비교적 안정적이므로 균형 시나리오를 사용,0.8706697459584296,0.9168591224018475,0.6997690531177829,0.9815242494226328,low_competition_risk=0.982 | brand_specific_advantage=0.917 | brand_environment_fit=0.871 | market_opportunity=0.700,no_model_level_high_risk_flag,not_recommended__no_store_area_seat_or_store_outcome_data,rich,True,True,False,not_observable_from_current_official_html,79,20,top20_available,low_competition_risk=0.982 | brand_specific_advantage=0.917 | brand_environment_fit=0.871,no_model_level_caution_flag,positive_drivers=low_competition_risk=0.982 | brand_specific_advantage=0.917 | brand_environment_fit=0.871 || caution_flags=no_model_level_caution_flag || profile_stability=high_profile_stability || available_recommendation_count=20
3120079,창동역,11320,765698620.0,76216.0,10046.428833840664,0.8071593533487298,0.7182539682539683,0.11904761904761904,0.6071428571428571,0.25793650793650796,0.3611111111111111,0.24603174603174602,0.19047619047619047,0.4246031746031746,0.9126984126984127,BRD_20161137,명랑시대쌀핫도그,0.2806004618937644,False,2137.8973315270637,91.21403398036323,16,24,0.3862586605080831,True,0.438568129330254,0.543879907621247,0.6491916859122402,222.0,155.0,100.0,159.0,False,direct_size_estimation_deferred,매장 면적·좌석·점포별 매출이 없어 규모별 적합도와 argmax 규모는 산출하지 않음,0.5781045856068885,0.8822170900692841,usable_area_profile,True,balanced_default,True,0.665675519630485,15.0,0.8044649730561971,0.0901443469973297,0.8625290392906184,0.8914549653579676,True,True,0.8054561200923788,6.0,0.4312645196453092,0.8625290392906184,True,True,0.6228825356864818,7.0,32,0.5748525086709543,0.6709408501520557,high_profile_stability,balanced_default,상권 환경 프로필이 재표본에도 비교적 안정적이므로 균형 시나리오를 사용,0.8845265588914549,0.8914549653579676,0.8406466512702079,0.6882217090069284,brand_specific_advantage=0.891 | brand_environment_fit=0.885 | market_opportunity=0.841 | low_competition_risk=0.688,no_model_level_high_risk_flag,not_recommended__no_store_area_seat_or_store_outcome_data,rich,True,True,False,not_observable_from_current_official_html,79,20,top20_available,brand_specific_advantage=0.891 | brand_environment_fit=0.885 | market_opportunity=0.841,no_model_level_caution_flag,positive_drivers=brand_specific_advantage=0.891 | brand_environment_fit=0.885 | market_opportunity=0.841 || caution_flags=no_model_level_caution_flag || profile_stability=high_profile_stability || available_recommendation_count=20
3111005,삼전역 3번,11710,233054769.0,25337.0,9198.19903698149,0.48152424942263283,0.8531746031746031,0.13095238095238096,0.6746031746031746,0.9325396825396826,0.8928571428571429,0.7063492063492064,0.4087301587301587,0.03968253968253968,0.5436507936507936,BRD_20161137,명랑시대쌀핫도그,0.40415704387990764,False,1086.3240768962885,198.59506540938497,7,54,0.054849884526558874,True,0.4273672055427252,0.4428406466512702,0.45831408775981525,225.0,226.0,214.0,221.66666666666666,False,direct_size_estimation_deferred,매장 면적·좌석·점포별 매출이 없어 규모별 적합도와 argmax 규모는 산출하지 않음,0.3439380260350813,0.9861431870669746,usable_area_profile,True,balanced_default,True,0.6533775981524249,19.0,0.9562163202463433,0.03310846702684648,0.9039037294105055,0.9099307159353349,True,True,0.7960450346420322,9.0,0.4519518647052527,0.9039037294105055,True,True,0.618229342023282,8.0,32,0.5748525086709543,0.6709408501520557,high_profile_stability,balanced_default,상권 환경 프로필이 재표본에도 비교적 안정적이므로 균형 시나리오를 사용,0.9884526558891455,0.9099307159353349,0.46882217090069284,0.9745958429561201,brand_environment_fit=0.988 | low_competition_risk=0.975 | brand_specific_advantage=0.910 | market_opportunity=0.469,no_model_level_high_risk_flag,not_recommended__no_store_area_seat_or_store_outcome_data,rich,True,True,False,not_observable_from_current_official_html,79,20,top20_available,brand_environment_fit=0.988 | low_competition_risk=0.975 | brand_specific_advantage=0.910,no_model_level_caution_flag,positive_drivers=brand_environment_fit=0.988 | low_competition_risk=0.975 | brand_specific_advantage=0.910 || caution_flags=no_model_level_caution_flag || profile_stability=high_profile_stability || available_recommendation_count=20
3120110,목동역 8번출구,11470,844175004.0,86430.0,9767.152655328011,0.8209006928406467,0.8055555555555556,0.2222222222222222,0.5158730158730159,0.5873015873015873,0.5079365079365079,0.2896825396825397,0.4801587301587302,0.30952380952380953,0.7738095238095238,BRD_20161137,명랑시대쌀핫도그,0.9803695150115473,False,845.723950273723,27.58622845698607,22,61,0.7673210161662818,True,0.9325288683602772,0.900635103926097,0.8687413394919169,2.0,8.0,16.0,8.666666666666666,True,direct_size_estimation_deferred,매장 면적·좌석·점포별 매출이 없어 규모별 적합도와 argmax 규모는 산출하지 않음,0.556185900291875,0.8914549653579676,usable_area_profile,True,balanced_default,True,0.6179445727482679,32.0,0.8049461123941494,0.08633449490195591,1.0020195642779908,0.9399538106235565,True,True,0.7745900692840647,14.0,0.5010097821389954,1.0020195642779908,True,True,0.6158557332174706,9.0,32,0.5748525086709543,0.6709408501520557,high_profile_stability,balanced_default,상권 환경 프로필이 재표본에도 비교적 안정적이므로 균형 시나리오를 사용,0.8937644341801386,0.9399538106235565,0.859122401847575,0.12702078521939955,brand_specific_advantage=0.940 | brand_environment_fit=0.894 | market_opportunity=0.859 | low_competition_risk=0.127,no_model_level_high_risk_flag,not_recommended__no_store_area_seat_or_store_outcome_data,rich,True,True,False,not_observable_from_current_official_html,79,20,top20_available,brand_specific_advantage=0.940 | brand_environment_fit=0.894 | market_opportunity=0.859,competition_risk_elevated_but_below_exclusion | same_brand_distance_750m_to_1000m_review,positive_drivers=brand_specific_advantage=0.940 | brand_environment_fit=0.894 | market_opportunity=0.859 || caution_flags=competition_risk_elevated_but_below_exclusion | same_brand_distance_750m_to_1000m_review || profile_stability=high_profile_stability || available_recommendation_count=20
3120152,신대방삼거리역,11590,953145793.0,102228.0,9323.72532965528,0.8353348729792147,0.8611111111111112,0.5158730158730159,0.42857142857142855,0.753968253968254,0.9563492063492064,0.6626984126984127,0.11507936507936507,0.09523809523809523,0.5674603174603174,BRD_20161137,명랑시대쌀핫도그,0.48614318706697457,False,1644.7005806917914,79.30952023733208,18,47,0.48152424942263283,True,0.5909006928406466,0.6607390300230946,0.7305773672055426,139.0,92.0,60.0,97.0,False,direct_size_estimation_deferred,매장 면적·좌석·점포별 매출이 없어 규모별 적합도와 argmax 규모는 산출하지 않음,0.5395024460586008,0.9099307159353349,usable_area_profile,True,balanced_default,True,0.6751039260969977,10.0,0.8480561970746728,0.08187605247578715,0.7557095999341196,0.8521939953810623,True,True,0.7922286374133949,10.0,0.3778547999670598,0.7557095999341196,True,True,0.6114062238683785,10.0,32,0.5748525086709543,0.6709408501520557,high_profile_stability,balanced_default,상권 환경 프로필이 재표본에도 비교적 안정적이므로 균형 시나리오를 사용,0.9122401847575058,0.8521939953810623,0.8799076212471132,0.5196304849884527,brand_environment_fit=0.912 | market_opportunity=0.880 | brand_specific_advantage=0.852 | low_competition_risk=0.520,no_model_level_high_risk_flag,not_recommended__no_store_area_seat_or_store_outcome_data,rich,True,True,False,not_observable_from_current_official_html,79,20,top20_available,brand_environment_fit=0.912 | market_opportunity=0.880 | brand_specific_advantage=0.852,competition_risk_moderate,positive_drivers=brand_environment_fit=0.912 | market_opportunity=0.880 | brand_specific_advantage=0.852 || caution_flags=competition_risk_moderate || profile_stability=high_profile_stability || available_recommendation_count=20
3110572,서강대역 1번,11440,530773968.0,57943.0,9160.277652175413,0.716281755196305,0.9404761904761905,0.4246031746031746,0.5833333333333334,0.9642857142857143,0.9880952380952381,0.9841269841269841,0.1111111111111111,0.011904761904761904,0.051587301587301584,BRD_20161137,명랑시대쌀핫도그,0.06351039260969978,False,2133.108764245006,76.57675885081211,17,80,0.47113163972286376,True,0.2593418013856813,0.3898960739030024,0.5204503464203234,317.0,258.0,171.0,248.66666666666666,False,direct_size_estimation_deferred,매장 면적·좌석·점포별 매출이 없어 규모별 적합도와 argmax 규모는 산출하지 않음,0.8000650936103938,0.697459584295612,usable_area_profile,True,balanced_default,True,0.5287586605080832,82.0,0.5908391070053888,0.08012303223115579,1.330709464197785,0.9930715935334873,True,True,0.7506812933025404,19.0,0.6653547320988925,1.330709464197785,True,True,0.6089422855648664,11.0,32,0.5748525086709543,0.6709408501520557,high_profile_stability,balanced_default,상권 환경 프로필이 재표본에도 비교적 안정적이므로 균형 시나리오를 사용,0.6997690531177829,0.9930715935334873,0.74364896073903,0.5450346420323325,brand_specific_advantage=0.993 | market_opportunity=0.744 | brand_environment_fit=0.700 | low_competition_risk=0.545,no_model_level_high_risk_flag,not_recommended__no_store_area_seat_or_store_outcome_data,rich,True,True,False,not_observable_from_current_official_html,79,20,top20_available,brand_specific_advantage=0.993 | market_opportunity=0.744,competition_risk_moderate,positive_drivers=brand_specific_advantage=0.993 | market_opportunity=0.744 || caution_flags=competition_risk_moderate || profile_stability=high_profile_stability || available_recommendation_count=20
3110274,서일대학교,11260,492656087.0,41512.0,11867.79935922143,0.7133949191685912,0.8492063492063492,0.40476190476190477,0.5,0.39285714285714285,0.623015873015873,0.5714285714285714,0.16666666666666666,0.32936507936507936,0.8134920634920635,BRD_20161137,명랑시대쌀핫도그,0.8983833718244804,False,928.0096982485973,101.51354588565466,6,28,0.1697459584295612,True,0.8428868360277135,0.8058891454965358,0.7688914549653578,25.0,31.0,45.0,33.666666666666664,False,direct_size_estimation_deferred,매장 면적·좌석·점포별 매출이 없어 규모별 적합도와 argmax 규모는 산출하지 않음,0.5605871973215263,0.8891454965357968,usable_area_profile,True,balanced_default,True,0.6687990762124711,13.0,0.829003079291763,0.07882695102483951,0.7629676964808908,0.8545034642032333,True,True,0.7971016166281757,7.0,0.3814838482404454,0.7629676964808908,True,True,0.6060944046208764,12.0,32,0.5748525086709543,0.6709408501520557,high_profile_stability,balanced_default,상권 환경 프로필이 재표본에도 비교적 안정적이므로 균형 시나리오를 사용,0.8914549653579676,0.8545034642032333,0.7367205542725174,0.9041570438799076,low_competition_risk=0.904 | brand_environment_fit=0.891 | brand_specific_advantage=0.855 | market_opportunity=0.737,no_model_level_high_risk_flag,not_recommended__no_store_area_seat_or_store_outcome_data,rich,True,True,False,not_observable_from_current_official_html,79,20,top20_available,low_competition_risk=0.904 | brand_environment_fit=0.891 | brand_specific_advantage=0.855 | market_opportunity=0.737,same_brand_distance_750m_to_1000m_review,positive_drivers=low_competition_risk=0.904 | brand_environment_fit=0.891 | brand_specific_advantage=0.855 | market_opportunity=0.737 || caution_flags=same_brand_distance_750m_to_1000m_review || profile_stability=high_profile_stability || available_recommendation_count=20
3120188,압구정역,11680,1784647410.0,134975.0,13222.058973884052,0.9404157043879908,0.7817460317460317,0.18253968253968253,0.75,0.6468253968253969,0.8531746031746031,0.9206349206349206,0.4365079365079365,0.027777777777777776,0.4880952380952381,BRD_20161137,명랑시대쌀핫도그,0.7251732101616628,False,3739.7713833584976,98.31073190628577,25,98,0.5352193995381063,True,0.7897459584295612,0.8327944572748268,0.8758429561200924,42.0,22.0,14.0,26.0,False,direct_size_estimation_deferred,매장 면적·좌석·점포별 매출이 없어 규모별 적합도와 argmax 규모는 산출하지 않음,0.4114472611382245,0.9722863741339491,usable_area_profile,True,balanced_default,True,0.7350057736720553,1.0,0.9592956120092379,0.027451419670695573,0.47322733325078054,0.7228637413394919,True,True,0.7826732101616628,12.0,0.23661366662539027,0.47322733325078054,True,True,0.6046970004089559,13.0,32,0.5748525086709543,0.6709408501520557,high_profile_stability,balanced_default,상권 환경 프로필이 재표본에도 비교적 안정적이므로 균형 시나리오를 사용,0.9745958429561201,0.7228637413394919,0.9745958429561201,0.4561200923787529,brand_environment_fit=0.975 | market_opportunity=0.975 | brand_specific_advantage=0.723 | low_competition_risk=0.456,no_model_level_high_risk_flag,not_recommended__no_store_area_seat_or_store_outcome_data,rich,True,True,False,not_observable_from_current_official_html,79,20,top20_available,brand_environment_fit=0.975 | market_opportunity=0.975 | brand_specific_advantage=0.723,competition_risk_moderate,positive_drivers=brand_environment_fit=0.975 | market_opportunity=0.975 | brand_specific_advantage=0.723 || caution_flags=competition_risk_moderate || profile_stability=high_profile_stability || available_recommendation_count=20
3120056,구의역,11215,311680026.0,30426.0,10243.871228554526,0.5764434180138568,0.8650793650793651,0.5238095238095238,0.6309523809523809,0.7698412698412699,0.9087301587301587,0.7023809523809523,0.1388888888888889,0.0992063492063492,0.6031746031746031,BRD_20161137,명랑시대쌀핫도그,0.6293302540415704,False,1373.8722648482633,109.93179701028201,24,62,0.4867205542725173,True,0.6134642032332562,0.6028868360277135,0.5923094688221708,125.0,110.0,133.0,122.66666666666667,False,direct_size_estimation_deferred,매장 면적·좌석·점포별 매출이 없어 규모별 적합도와 argmax 규모는 산출하지 않음,0.22100181452207732,0.9976905311778291,usable_area_profile,True,balanced_default,True,0.6275923787528869,27.0,0.9880677444187836,0.010739200973532492,0.8960430839092699,0.9006928406466512,True,True,0.7595092378752887,18.0,0.44802154195463495,0.8960430839092699,True,True,0.6014380246725749,14.0,32,0.5748525086709543,0.6709408501520557,high_profile_stability,balanced_default,상권 환경 프로필이 재표본에도 비교적 안정적이므로 균형 시나리오를 사용,1.0,0.9006928406466512,0.5935334872979214,0.5127020785219399,brand_environment_fit=1.000 | brand_specific_advantage=0.901 | market_opportunity=0.594 | low_competition_risk=0.513,no_model_level_high_risk_flag,not_recommended__no_store_area_seat_or_store_outcome_data,rich,True,True,False,not_observable_from_current_official_html,79,20,top20_available,brand_environment_fit=1.000 | brand_specific_advantage=0.901,competition_risk_moderate,positive_drivers=brand_environment_fit=1.000 | brand_specific_advantage=0.901 || caution_flags=competition_risk_moderate || profile_stability=high_profile_stability || available_recommendation_count=20
3110836,상도역 5번,11590,245030296.0,22286.0,10994.80822040743,0.5116628175519631,0.8611111111111112,0.5158730158730159,0.42857142857142855,0.753968253968254,0.9563492063492064,0.6626984126984127,0.11507936507936507,0.09523809523809523,0.5674603174603174,BRD_20161137,명랑시대쌀핫도그,0.48614318706697457,False,2896.024861755396,143.40502085254877,17,44,0.3060046189376443,True,0.4937990762124711,0.4989030023094688,0.5040069284064665,178.0,183.0,184.0,181.66666666666666,False,direct_size_estimation_deferred,매장 면적·좌석·점포별 매출이 없어 규모별 적합도와 argmax 규모는 산출하지 않음,0.43446579853122935,0.9653579676674365,usable_area_profile,True,balanced_default,True,0.6158602771362587,34.0,0.9057929176289453,0.06490845147074367,0.9176778784398993,0.9145496535796767,True,True,0.7630254041570438,17.0,0.45883893921994967,0.9176778784398993,True,True,0.5957841599048116,15.0,32,0.5748525086709543,0.6709408501520557,high_profile_stability,balanced_default,상권 환경 프로필이 재표본에도 비교적 안정적이므로 균형 시나리오를 사용,0.9676674364896074,0.9145496535796767,0.5057736720554272,0.7990762124711316,brand_environment_fit=0.968 | brand_specific_advantage=0.915 | low_competition_risk=0.799 | market_opportunity=0.506,no_model_level_high_risk_flag,not_recommended__no_store_area_seat_or_store_outcome_data,rich,True,True,False,not_observable_from_current_official_html,79,20,top20_available,brand_environment_fit=0.968 | brand_specific_advantage=0.915 | low_competition_risk=0.799,no_model_level_caution_flag,positive_drivers=brand_environment_fit=0.968 | brand_specific_advantage=0.915 | low_competition_risk=0.799 || caution_flags=no_model_level_caution_flag || profile_stability=high_profile_stability || available_recommendation_count=20
3110855,신대방역 2번,11620,141383537.0,13101.0,10791.812609724448,0.3674364896073903,0.6944444444444444,0.5833333333333334,0.49603174603174605,0.8611111111111112,0.9801587301587301,0.8690476190476191,0.027777777777777776,0.051587301587301584,0.3412698412698413,BRD_20161137,명랑시대쌀핫도그,0.31755196304849886,False,1587.1868194938388,155.3898323425595,18,50,0.31524249422632794,True,0.33251732101616627,0.3424942263279446,0.3524711316397229,268.0,289.0,269.0,275.3333333333333,False,direct_size_estimation_deferred,매장 면적·좌석·점포별 매출이 없어 규모별 적합도와 argmax 규모는 산출하지 않음,0.5381264959489648,0.9122401847575058,usable_area_profile,True,balanced_default,True,0.5374364896073903,76.0,0.8098537336412625,0.08348509777009551,1.2264039193940828,0.9722863741339491,True,True,0.7255311778290993,30.0,0.6132019596970414,1.2264039193940828,True,True,0.5942396235383063,16.0,32,0.5748525086709543,0.6709408501520557,high_profile_stability,balanced_default,상권 환경 프로필이 재표본에도 비교적 안정적이므로 균형 시나리오를 사용,0.9145496535796767,0.9722863741339491,0.3556581986143187,0.7875288683602771,brand_specific_advantage=0.972 | brand_environment_fit=0.915 | low_competition_risk=0.788 | market_opportunity=0.356,no_model_level_high_risk_flag,not_recommended__no_store_area_seat_or_store_outcome_data,rich,True,True,False,not_observable_from_current_official_html,79,20,top20_available,brand_specific_advantage=0.972 | brand_environment_fit=0.915 | low_competition_risk=0.788,no_model_level_caution_flag,positive_drivers=brand_specific_advantage=0.972 | brand_environment_fit=0.915 | low_competition_risk=0.788 || caution_flags=no_model_level_caution_flag || profile_stability=high_profile_stability || available_recommendation_count=20
3120068,사가정역,11260,944293896.0,91431.0,10327.940151589723,0.8467667436489608,0.8492063492063492,0.40476190476190477,0.5,0.39285714285714285,0.623015873015873,0.5714285714285714,0.16666666666666666,0.32936507936507936,0.8134920634920635,BRD_20161137,명랑시대쌀핫도그,0.8983833718244804,False,810.2228088748763,42.201895677975386,26,49,0.7759815242494226,True,0.8828983833718245,0.8725750577367206,0.8622517321016165,16.0,16.0,19.0,17.0,False,direct_size_estimation_deferred,매장 면적·좌석·점포별 매출이 없어 규모별 적합도와 argmax 규모는 산출하지 않음,0.3916070738072952,0.976905311778291,usable_area_profile,True,balanced_default,True,0.6684237875288683,14.0,0.9523672055427251,0.03852949356737861,0.6368655272526418,0.792147806004619,True,True,0.7475635103926096,22.0,0.3184327636263209,0.6368655272526418,True,True,0.5874618598789121,17.0,32,0.5748525086709543,0.6709408501520557,high_profile_stability,balanced_default,상권 환경 프로필이 재표본에도 비교적 안정적이므로 균형 시나리오를 사용,0.9792147806004619,0.792147806004619,0.8891454965357968,0.11316397228637413,brand_environment_fit=0.979 | market_opportunity=0.889 | brand_specific_advantage=0.792 | low_competition_risk=0.113,no_model_level_high_risk_flag,not_recommended__no_store_area_seat_or_store_outcome_data,rich,True,True,False,not_observable_from_current_official_html,79,20,top20_available,brand_environment_fit=0.979 | market_opportunity=0.889 | brand_specific_advantage=0.792,competition_risk_elevated_but_below_exclusion | same_brand_distance_750m_to_1000m_review,positive_drivers=brand_environment_fit=0.979 | market_opportunity=0.889 | brand_specific_advantage=0.792 || caution_flags=competition_risk_elevated_but_below_exclusion | same_brand_distance_750m_to_1000m_review || profile_stability=high_profile_stability || available_recommendation_count=20
3120166,방배역,11650,1455145059.0,122673.0,11861.983150326478,0.9176674364896074,0.7619047619047619,0.2857142857142857,0.7023809523809523,0.6785714285714286,0.8293650793650794,0.7777777777777778,0.42857142857142855,0.08333333333333333,0.5198412698412699,BRD_20161137,명랑시대쌀핫도그,0.9364896073903002,False,5150.519391275384,99.2975326976693,12,28,0.2684757505773672,True,0.9308429561200924,0.9270785219399538,0.9233140877598152,4.0,3.0,3.0,3.3333333333333335,False,direct_size_estimation_deferred,매장 면적·좌석·점포별 매출이 없어 규모별 적합도와 argmax 규모는 산출하지 않음,0.5543921685761353,0.8983833718244804,usable_area_profile,True,balanced_default,True,0.7301039260969976,3.0,0.8795227097767513,0.05651551828195008,0.3337253664318387,0.6628175519630485,True,True,0.7696709006928406,15.0,0.16686268321591935,0.3337253664318387,True,True,0.5754054033288051,18.0,32,0.5748525086709543,0.6709408501520557,high_profile_stability,balanced_default,상권 환경 프로필이 재표본에도 비교적 안정적이므로 균형 시나리오를 사용,0.9006928406466512,0.6628175519630485,0.9653579676674365,0.8418013856812933,market_opportunity=0.965 | brand_environment_fit=0.901 | low_competition_risk=0.842 | brand_specific_advantage=0.663,no_model_level_high_risk_flag,not_recommended__no_store_area_seat_or_store_outcome_data,rich,True,True,False,not_observable_from_current_official_html,79,20,top20_available,market_opportunity=0.965 | brand_environment_fit=0.901 | low_competition_risk=0.842,no_model_level_caution_flag,positive_drivers=market_opportunity=0.965 | brand_environment_fit=0.901 | low_competition_risk=0.842 || caution_flags=no_model_level_caution_flag || profile_stability=high_profile_stability || available_recommendation_count=20
3110837,숭실대입구역 1번,11590,599844154.0,57757.0,10385.65289055872,0.7587759815242495,0.8611111111111112,0.5158730158730159,0.42857142857142855,0.753968253968254,0.9563492063492064,0.6626984126984127,0.11507936507936507,0.09523809523809523,0.5674603174603174,BRD_20161137,명랑시대쌀핫도그,0.48614318706697457,False,2458.4649682174363,107.91200122156485,13,20,0.2650115473441109,True,0.567933025404157,0.622459584295612,0.676986143187067,149.0,104.0,83.0,112.0,False,direct_size_estimation_deferred,매장 면적·좌석·점포별 매출이 없어 규모별 적합도와 argmax 규모는 산출하지 않음,0.709324336134157,0.7736720554272517,usable_area_profile,True,balanced_default,True,0.6126558891454965,36.0,0.7287336412625097,0.0576904289437942,0.7789578789321178,0.8637413394919169,True,True,0.7654792147806005,16.0,0.3894789394660589,0.7789578789321178,True,True,0.57029568885931,19.0,32,0.5748525086709543,0.6709408501520557,high_profile_stability,balanced_default,상권 환경 프로필이 재표본에도 비교적 안정적이므로 균형 시나리오를 사용,0.7759815242494227,0.8637413394919169,0.789838337182448,0.8475750577367206,brand_specific_advantage=0.864 | low_competition_risk=0.848 | market_opportunity=0.790 | brand_environment_fit=0.776,no_model_level_high_risk_flag,not_recommended__no_store_area_seat_or_store_outcome_data,rich,True,True,False,not_observable_from_current_official_html,79,20,top20_available,brand_specific_advantage=0.864 | low_competition_risk=0.848 | market_opportunity=0.790 | brand_environment_fit=0.776,no_model_level_caution_flag,positive_drivers=brand_specific_advantage=0.864 | low_competition_risk=0.848 | market_opportunity=0.790 | brand_environment_fit=0.776 || caution_flags=no_model_level_caution_flag || profile_stability=high_profile_stability || available_recommendation_count=20
3130271,남성역골목시장,11590,293272038.0,34100.0,8600.353020527858,0.5513856812933026,0.8611111111111112,0.5158730158730159,0.42857142857142855,0.753968253968254,0.9563492063492064,0.6626984126984127,0.11507936507936507,0.09523809523809523,0.5674603174603174,BRD_20161137,명랑시대쌀핫도그,0.48614318706697457,False,3747.389091092178,56.51548457919703,16,47,0.5306004618937644,True,0.5057159353348729,0.5187644341801385,0.5318129330254041,173.0,171.0,165.0,169.66666666666666,False,direct_size_estimation_deferred,매장 면적·좌석·점포별 매출이 없어 규모별 적합도와 argmax 규모는 산출하지 않음,0.5560146546839924,0.8937644341801385,usable_area_profile,True,balanced_default,True,0.5602771362586605,60.0,0.8367975365665896,0.0583327669757567,0.9765848693106661,0.9330254041570438,True,True,0.7271651270207853,29.0,0.48829243465533306,0.9765848693106661,True,True,0.5685062782263642,20.0,32,0.5748525086709543,0.6709408501520557,high_profile_stability,balanced_default,상권 환경 프로필이 재표본에도 비교적 안정적이므로 균형 시나리오를 사용,0.8960739030023095,0.9330254041570438,0.558891454965358,0.4618937644341801,brand_specific_advantage=0.933 | brand_environment_fit=0.896 | market_opportunity=0.559 | low_competition_risk=0.462,no_model_level_high_risk_flag,not_recommended__no_store_area_seat_or_store_outcome_data,rich,True,True,False,not_observable_from_current_official_html,79,20,top20_available,brand_specific_advantage=0.933 | brand_environment_fit=0.896,competition_risk_moderate,positive_drivers=brand_specific_advantage=0.933 | brand_environment_fit=0.896 || caution_flags=competition_risk_moderate || profile_stability=high_profile_stability || available_recommendation_count=20
3110517,서대문소방서,11410,546942398.0,45380.0,12052.498854120759,0.7445727482678984,0.9444444444444444,0.5357142857142857,0.5357142857142857,0.9047619047619048,0.9325396825396826,0.44047619047619047,0.12301587301587301,0.1111111111111111,0.6746031746031746,BRD_20150085,못난이꽈배기,0.279445727482679,False,4525.921895007682,103.00485425230637,3,36,0.14376443418013857,True,0.41898383371824477,0.5120092378752887,0.6050346420323326,250.0,192.0,148.0,196.66666666666666,False,direct_size_estimation_deferred,매장 면적·좌석·점포별 매출이 없어 규모별 적합도와 argmax 규모는 산출하지 않음,0.6409573840833298,0.8152424942263279,usable_area_profile,True,conservative_fit,True,0.6466570438799076,22.0,0.6758083140877598,0.07936738086999894,1.7568197237975707,0.9745958429561201,True,True,0.8362182448036951,1.0,0.8784098618987853,1.7568197237975707,True,True,0.7174662068141884,1.0,10,0.3926440243387177,0.5464802764006582,moderate_profile_stability,conservative_fit,상권 환경 프로필이 보통 안정성이므로 절대 적합도를 더 엄격히 보는 보수 시나리오를 사용,0.8175519630484989,0.9745958429561201,0.7736720554272517,0.9168591224018475,brand_specific_advantage=0.975 | low_competition_risk=0.917 | brand_environment_fit=0.818 | market_opportunity=0.774,profile_stability_moderate__confirm_local_site_conditions,not_recommended__no_store_area_seat_or_store_outcome_data,insufficient,False,False,False,not_observable_from_current_official_html,81,20,top20_available,brand_specific_advantage=0.975 | low_competition_risk=0.917 | brand_environment_fit=0.818 | market_opportunity=0.774,profile_stability_moderate,positive_drivers=brand_specific_advantage=0.975 | low_competition_risk=0.917 | brand_environment_fit=0.818 | market_opportunity=0.774 || caution_flags=profile_stability_moderate || profile_stability=moderate_profile_stability || available_recommendation_count=20
3120246,길동역,11740,916043297.0,88020.0,10407.217643717337,0.8409930715935335,0.8452380952380952,0.06746031746031746,0.7063492063492064,0.38492063492063494,0.6626984126984127,0.7182539682539683,0.5833333333333334,0.06746031746031746,0.6507936507936508,BRD_20150085,못난이꽈배기,0.7482678983833718,False,1892.7213212797053,87.92041856413586,26,72,0.5750577367205543,True,0.7760854503464203,0.7946304849884527,0.8131755196304851,52.0,36.0,34.0,40.666666666666664,False,direct_size_estimation_deferred,매장 면적·좌석·점포별 매출이 없어 규모별 적합도와 argmax 규모는 산출하지 않음,0.3730917297765073,0.9884526558891455,usable_area_profile,True,conservative_fit,True,0.7023152424942264,5.0,0.9336989992301771,0.045263740311288866,1.2096582448205855,0.812933025404157,True,True,0.7877482678983834,4.0,0.6048291224102927,1.2096582448205855,True,True,0.6993308371845594,2.0,10,0.3926440243387177,0.5464802764006582,moderate_profile_stability,conservative_fit,상권 환경 프로필이 보통 안정성이므로 절대 적합도를 더 엄격히 보는 보수 시나리오를 사용,0.9907621247113164,0.812933025404157,0.8868360277136259,0.40877598152424943,brand_environment_fit=0.991 | market_opportunity=0.887 | brand_specific_advantage=0.813 | low_competition_risk=0.409,profile_stability_moderate__confirm_local_site_conditions,not_recommended__no_store_area_seat_or_store_outcome_data,insufficient,False,False,False,not_observable_from_current_official_html,81,20,top20_available,brand_environment_fit=0.991 | market_opportunity=0.887 | brand_specific_advantage=0.813,profile_stability_moderate | competition_risk_moderate,positive_drivers=brand_environment_fit=0.991 | market_opportunity=0.887 | brand_specific_advantage=0.813 || caution_flags=profile_stability_moderate | competition_risk_moderate || profile_stability=moderate_profile_stability || available_recommendation_count=20
3120038,약수역,11140,1550178516.0,134777.0,11501.803096967584,0.9235565819861433,0.873015873015873,0.5793650793650794,0.6428571428571429,0.34523809523809523,0.8571428571428571,0.8214285714285714,0.0873015873015873,0.023809523809523808,0.8293650793650794,BRD_20150085,못난이꽈배기,0.14780600461893764,False,1503.820800506147,62.64183906448842,18,44,0.5519630484988453,True,0.38053117782909934,0.5356812933025404,0.6908314087759816,278.0,175.0,92.0,181.66666666666666,False,direct_size_estimation_deferred,매장 면적·좌석·점포별 매출이 없어 규모별 적합도와 argmax 규모는 산출하지 않음,0.3871620414948372,0.9815242494226328,usable_area_profile,True,conservative_fit,True,0.7312124711316398,3.0,0.9359122401847575,0.04410525527649033,1.0341626854201242,0.7621247113163973,True,True,0.7935796766743649,3.0,0.5170813427100621,1.0341626854201242,True,True,0.69757287609322,3.0,10,0.3926440243387177,0.5464802764006582,moderate_profile_stability,conservative_fit,상권 환경 프로필이 보통 안정성이므로 절대 적합도를 더 엄격히 보는 보수 시나리오를 사용,0.9838337182448037,0.7621247113163973,0.9699769053117783,0.4330254041570439,brand_environment_fit=0.984 | market_opportunity=0.970 | brand_specific_advantage=0.762 | low_competition_risk=0.433,profile_stability_moderate__confirm_local_site_conditions,not_recommended__no_store_area_seat_or_store_outcome_data,insufficient,False,False,False,not_observable_from_current_official_html,81,20,top20_available,brand_environment_fit=0.984 | market_opportunity=0.970 | brand_specific_advantage=0.762,profile_stability_moderate | competition_risk_moderate,positive_drivers=brand_environment_fit=0.984 | market_opportunity=0.970 | brand_specific_advantage=0.762 || caution_flags=profile_stability_moderate | competition_risk_moderate || profile_stability=moderate_profile_stability || available_recommendation_count=20
3120110,목동역 8번출구,11470,844175004.0,86430.0,9767.152655328011,0.8209006928406467,0.8055555555555556,0.2222222222222222,0.5158730158730159,0.5873015873015873,0.5079365079365079,0.2896825396825397,0.4801587301587302,0.30952380952380953,0.7738095238095238,BRD_20150085,못난이꽈배기,0.9803695150115473,False,1513.174477717333,27.58622845698607,22,62,0.7655889145496535,True,0.9325288683602772,0.900635103926097,0.8687413394919169,2.0,8.0,14.0,8.0,True,direct_size_estimation_deferred,매장 면적·좌석·점포별 매출이 없어 규모별 적합도와 argmax 규모는 산출하지 않음,0.48151606044007134,0.9376443418013857,usable_area_profile,True,conservative_fit,True,0.6412990762124713,24.0,0.8049461123941494,0.08633449490195591,1.5370244484308673,0.9330254041570438,True,True,0.7859353348729792,5.0,0.7685122242154336,1.5370244484308673,True,True,0.6958520745296091,4.0,10,0.3926440243387177,0.5464802764006582,moderate_profile_stability,conservative_fit,상권 환경 프로필이 보통 안정성이므로 절대 적합도를 더 엄격히 보는 보수 시나리오를 사용,0.9399538106235565,0.9330254041570438,0.859122401847575,0.12933025404157045,brand_environment_fit=0.940 | brand_specific_advantage=0.933 | market_opportunity=0.859 | low_competition_risk=0.129,profile_stability_moderate__confirm_local_site_conditions,not_recommended__no_store_area_seat_or_store_outcome_data,insufficient,False,False,False,not_observable_from_current_official_html,81,20,top20_available,brand_environment_fit=0.940 | brand_specific_advantage=0.933 | market_opportunity=0.859,profile_stability_moderate | competition_risk_elevated_but_below_exclusion,positive_drivers=brand_environment_fit=0.940 | brand_specific_advantage=0.933 | market_opportunity=0.859 || caution_flags=profile_stability_moderate | competition_risk_elevated_but_below_exclusion || profile_stability=moderate_profile_stability || available_recommendation_count=20
3120152,신대방삼거리역,11590,953145793.0,102228.0,9323.72532965528,0.8353348729792147,0.8611111111111112,0.5158730158730159,0.42857142857142855,0.753968253968254,0.9563492063492064,0.6626984126984127,0.11507936507936507,0.09523809523809523,0.5674603174603174,BRD_20150085,못난이꽈배기,0.7863741339491916,False,2314.6094703200083,79.30952023733208,18,47,0.47921478060046185,True,0.8010623556581985,0.8108545034642032,0.8206466512702077,43.0,32.0,31.0,35.333333333333336,False,direct_size_estimation_deferred,매장 면적·좌석·점포별 매출이 없어 규모별 적합도와 argmax 규모는 산출하지 않음,0.4756097975641424,0.9422632794457275,usable_area_profile,True,conservative_fit,True,0.6916166281755196,9.0,0.8480561970746728,0.08187605247578715,1.1506060627301755,0.792147806004619,True,True,0.7782563510392609,7.0,0.5753030313650878,1.1506060627301755,True,True,0.6816433098043204,5.0,10,0.3926440243387177,0.5464802764006582,moderate_profile_stability,conservative_fit,상권 환경 프로필이 보통 안정성이므로 절대 적합도를 더 엄격히 보는 보수 시나리오를 사용,0.9445727482678984,0.792147806004619,0.8799076212471132,0.5323325635103926,brand_environment_fit=0.945 | market_opportunity=0.880 | brand_specific_advantage=0.792 | low_competition_risk=0.532,profile_stability_moderate__confirm_local_site_conditions,not_recommended__no_store_area_seat_or_store_outcome_data,insufficient,False,False,False,not_observable_from_current_official_html,81,20,top20_available,brand_environment_fit=0.945 | market_opportunity=0.880 | brand_specific_advantage=0.792,profile_stability_moderate | competition_risk_moderate,positive_drivers=brand_environment_fit=0.945 | market_opportunity=0.880 | brand_specific_advantage=0.792 || caution_flags=profile_stability_moderate | competition_risk_moderate || profile_stability=moderate_profile_stability || available_recommendation_count=20
3120124,개봉동 현대아파트,11530,436251391.0,40258.0,10836.390059118685,0.6745958429561202,0.8412698412698413,0.8373015873015873,0.5753968253968254,0.5238095238095238,0.7579365079365079,0.7380952380952381,0.18253968253968253,0.12698412698412698,0.7658730158730159,BRD_20150085,못난이꽈배기,0.48729792147806006,False,4105.606897869199,107.00467282129758,11,24,0.2263279445727483,True,0.543487297921478,0.5809468822170901,0.618406466512702,182.0,154.0,133.0,156.33333333333334,False,direct_size_estimation_deferred,매장 면적·좌석·점포별 매출이 없어 규모별 적합도와 argmax 규모는 산출하지 않음,0.5014777276043568,0.9330254041570438,usable_area_profile,True,conservative_fit,True,0.6686720554272517,19.0,0.8252501924557353,0.08720225659149386,1.2359222790092508,0.8221709006928406,True,True,0.7772055427251733,8.0,0.6179611395046254,1.2359222790092508,True,True,0.673716612820729,6.0,10,0.3926440243387177,0.5464802764006582,moderate_profile_stability,conservative_fit,상권 환경 프로필이 보통 안정성이므로 절대 적합도를 더 엄격히 보는 보수 시나리오를 사용,0.9353348729792148,0.8221709006928406,0.6928406466512702,0.8752886836027713,brand_environment_fit=0.935 | low_competition_risk=0.875 | brand_specific_advantage=0.822 | market_opportunity=0.693,profile_stability_moderate__confirm_local_site_conditions,not_recommended__no_store_area_seat_or_store_outcome_data,insufficient,False,False,False,not_observable_from_current_official_html,81,20,top20_available,brand_environment_fit=0.935 | low_competition_risk=0.875 | brand_specific_advantage=0.822,profile_stability_moderate,positive_drivers=brand_environment_fit=0.935 | low_competition_risk=0.875 | brand_specific_advantage=0.822 || caution_flags=profile_stability_moderate || profile_stability=moderate_profile_stability || available_recommendation_count=20
3110883,은천초등학교(은천교앞),11620,384324031.0,36658.0,10484.042528233946,0.6409930715935335,0.6944444444444444,0.5833333333333334,0.49603174603174605,0.8611111111111112,0.9801587301587301,0.8690476190476191,0.027777777777777776,0.051587301587301584,0.3412698412698413,BRD_20150085,못난이꽈배기,0.523094688221709,False,3271.4599187805106,165.06059494972328,13,69,0.17782909930715937,True,0.5584642032332563,0.5820438799076213,0.6056235565819861,172.0,153.0,147.0,157.33333333333334,False,direct_size_estimation_deferred,매장 면적·좌석·점포별 매출이 없어 규모별 적합도와 argmax 규모는 산출하지 않음,0.32903082650102916,0.9976905311778291,usable_area_profile,True,conservative_fit,True,0.6965184757505773,7.0,0.9701693610469592,0.026750654894371177,1.0288036027357566,0.7551963048498845,True,True,0.7670092378752886,12.0,0.5144018013678783,1.0288036027357566,True,True,0.6701420207807686,7.0,10,0.3926440243387177,0.5464802764006582,moderate_profile_stability,conservative_fit,상권 환경 프로필이 보통 안정성이므로 절대 적합도를 더 엄격히 보는 보수 시나리오를 사용,1.0,0.7551963048498845,0.6558891454965358,0.8972286374133949,brand_environment_fit=1.000 | low_competition_risk=0.897 | brand_specific_advantage=0.755 | market_opportunity=0.656,profile_stability_moderate__confirm_local_site_conditions,not_recommended__no_store_area_seat_or_store_outcome_data,insufficient,False,False,False,not_observable_from_current_official_html,81,20,top20_available,brand_environment_fit=1.000 | low_competition_risk=0.897 | brand_specific_advantage=0.755,profile_stability_moderate,positive_drivers=brand_environment_fit=1.000 | low_competition_risk=0.897 | brand_specific_advantage=0.755 || caution_flags=profile_stability_moderate || profile_stability=moderate_profile_stability || available_recommendation_count=20
3110601,신월1동우편취급국,11470,441016625.0,40173.0,10977.93605157693,0.6785219399538106,0.8055555555555556,0.2222222222222222,0.5158730158730159,0.5873015873015873,0.5079365079365079,0.2896825396825397,0.4801587301587302,0.30952380952380953,0.7738095238095238,BRD_20150085,못난이꽈배기,0.9803695150115473,False,2903.0759548884653,258.54980178856624,8,40,0.048498845265588904,True,0.8898152424942263,0.829445727482679,0.7690762124711316,13.0,26.0,47.0,28.666666666666668,False,direct_size_estimation_deferred,매장 면적·좌석·점포별 매출이 없어 규모별 적합도와 argmax 규모는 산출하지 않음,0.5603366587453068,0.8914549653579676,usable_area_profile,True,conservative_fit,True,0.6759353348729791,14.0,0.7864703618167822,0.08887308212787294,1.1812868534268994,0.8013856812933026,True,True,0.7842725173210161,6.0,0.5906434267134497,1.1812868534268994,True,True,0.6690234432834433,8.0,10,0.3926440243387177,0.5464802764006582,moderate_profile_stability,conservative_fit,상권 환경 프로필이 보통 안정성이므로 절대 적합도를 더 엄격히 보는 보수 시나리오를 사용,0.8937644341801386,0.8013856812933026,0.6997690531177829,0.9815242494226328,low_competition_risk=0.982 | brand_environment_fit=0.894 | brand_specific_advantage=0.801 | market_opportunity=0.700,profile_stability_moderate__confirm_local_site_conditions,not_recommended__no_store_area_seat_or_store_outcome_data,insufficient,False,False,False,not_observable_from_current_official_html,81,20,top20_available,low_competition_risk=0.982 | brand_environment_fit=0.894 | brand_specific_advantage=0.801,profile_stability_moderate,positive_drivers=low_competition_risk=0.982 | brand_environment_fit=0.894 | brand_specific_advantage=0.801 || caution_flags=profile_stability_moderate || profile_stability=moderate_profile_stability || available_recommendation_count=20
3120241,거여역,11710,442861720.0,38192.0,11595.66715542522,0.6863741339491918,0.8531746031746031,0.13095238095238096,0.6746031746031746,0.9325396825396826,0.8928571428571429,0.7063492063492064,0.4087301587301587,0.03968253968253968,0.5436507936507936,BRD_20150085,못난이꽈배기,0.3325635103926097,False,6714.107088822201,74.88658089693484,10,25,0.3181293302540416,True,0.4387066974595843,0.5094688221709007,0.5802309468822171,236.0,196.0,164.0,198.66666666666666,False,direct_size_estimation_deferred,매장 면적·좌석·점포별 매출이 없어 규모별 적합도와 argmax 규모는 산출하지 않음,0.5640663118035446,0.8845265588914549,usable_area_profile,True,conservative_fit,True,0.6347748267898383,26.0,0.7350846805234795,0.1071516472680839,1.39467644388224,0.8822170900692841,True,True,0.7764376443418014,9.0,0.69733822194112,1.39467644388224,True,True,0.6679257795037558,9.0,10,0.3926440243387177,0.5464802764006582,moderate_profile_stability,conservative_fit,상권 환경 프로필이 보통 안정성이므로 절대 적합도를 더 엄격히 보는 보수 시나리오를 사용,0.8868360277136259,0.8822170900692841,0.7066974595842956,0.7829099307159353,brand_environment_fit=0.887 | brand_specific_advantage=0.882 | low_competition_risk=0.783 | market_opportunity=0.707,profile_stability_moderate__confirm_local_site_conditions,not_recommended__no_store_area_seat_or_store_outcome_data,insufficient,False,False,False,not_observable_from_current_official_html,81,20,top20_available,brand_environment_fit=0.887 | brand_specific_advantage=0.882 | low_competition_risk=0.783 | market_opportunity=0.707,profile_stability_moderate,positive_drivers=brand_environment_fit=0.887 | brand_specific_advantage=0.882 | low_competition_risk=0.783 | market_opportunity=0.707 || caution_flags=profile_stability_moderate || profile_stability=moderate_profile_stability || available_recommendation_count=20
3120133,서울시흥동우체국(홈플러스시흥점),11545,637795918.0,60754.0,10498.00701188399,0.7765588914549653,0.753968253968254,0.7420634920634921,0.3531746031746032,0.24206349206349206,0.8690476190476191,0.873015873015873,0.04365079365079365,0.13095238095238096,0.6785714285714286,BRD_20150085,못난이꽈배기,0.10739030023094688,False,4784.076190883346,60.20797286767192,15,45,0.48325635103926096,True,0.30814087759815234,0.44197459584295606,0.5758083140877597,324.0,248.0,166.0,246.0,False,direct_size_estimation_deferred,매장 면적·좌석·점포별 매출이 없어 규모별 적합도와 argmax 규모는 산출하지 않음,0.4386109059252868,0.9676674364896074,usable_area_profile,True,conservative_fit,True,0.6831408775981525,10.0,0.9093533487297921,0.05669816000773116,1.0285005325016505,0.7528868360277137,True,True,0.7519341801385682,20.0,0.5142502662508253,1.0285005325016505,True,True,0.6614436289183645,10.0,10,0.3926440243387177,0.5464802764006582,moderate_profile_stability,conservative_fit,상권 환경 프로필이 보통 안정성이므로 절대 적합도를 더 엄격히 보는 보수 시나리오를 사용,0.9699769053117783,0.7528868360277137,0.8106235565819861,0.5196304849884527,brand_environment_fit=0.970 | market_opportunity=0.811 | brand_specific_advantage=0.753 | low_competition_risk=0.520,profile_stability_moderate__confirm_local_site_conditions,not_recommended__no_store_area_seat_or_store_outcome_data,insufficient,False,False,False,not_observable_from_current_official_html,81,20,top20_available,brand_environment_fit=0.970 | market_opportunity=0.811 | brand_specific_advantage=0.753,profile_stability_moderate | competition_risk_moderate,positive_drivers=brand_environment_fit=0.970 | market_opportunity=0.811 | brand_specific_advantage=0.753 || caution_flags=profile_stability_moderate | competition_risk_moderate || profile_stability=moderate_profile_stability || available_recommendation_count=20
3120079,창동역,11320,765698620.0,76216.0,10046.428833840664,0.8071593533487298,0.7182539682539683,0.11904761904761904,0.6071428571428571,0.25793650793650796,0.3611111111111111,0.24603174603174602,0.19047619047619047,0.4246031746031746,0.9126984126984127,BRD_20150085,못난이꽈배기,0.1951501154734411,False,2357.8244209390855,91.21403398036323,16,24,0.38394919168591224,True,0.3787528868360277,0.5011547344110855,0.6235565819861432,279.0,201.0,129.0,203.0,False,direct_size_estimation_deferred,매장 면적·좌석·점포별 매출이 없어 규모별 적합도와 argmax 규모는 산출하지 않음,0.5362268884726961,0.9030023094688222,usable_area_profile,True,conservative_fit,True,0.6764145496535797,12.0,0.8044649730561971,0.0901443469973297,1.0931061091999923,0.7759815242494227,True,True,0.7658487297921479,14.0,0.5465530545999961,1.0931061091999923,True,True,0.6612341066061191,11.0,10,0.3926440243387177,0.5464802764006582,moderate_profile_stability,conservative_fit,상권 환경 프로필이 보통 안정성이므로 절대 적합도를 더 엄격히 보는 보수 시나리오를 사용,0.9053117782909931,0.7759815242494227,0.8406466512702079,0.6882217090069284,brand_environment_fit=0.905 | market_opportunity=0.841 | brand_specific_advantage=0.776 | low_competition_risk=0.688,profile_stability_moderate__confirm_local_site_conditions,not_recommended__no_store_area_seat_or_store_outcome_data,insufficient,False,False,False,not_observable_from_current_official_html,81,20,top20_available,brand_environment_fit=0.905 | market_opportunity=0.841 | brand_specific_advantage=0.776,profile_stability_moderate,positive_drivers=brand_environment_fit=0.905 | market_opportunity=0.841 | brand_specific_advantage=0.776 || caution_flags=profile_stability_moderate || profile_stability=moderate_profile_stability || available_recommendation_count=20
3120087,응암역,11380,825315709.0,94500.0,8733.499566137567,0.807852193995381,0.8968253968253969,0.15873015873015872,0.5674603174603174,0.5277777777777778,0.6785714285714286,0.47619047619047616,0.17857142857142858,0.19047619047619047,0.8373015873015873,BRD_20150085,못난이꽈배기,0.4168591224018476,False,6926.824958055376,68.06614429575176,29,59,0.6899538106235565,True,0.5341570438799076,0.6123556581986143,0.6905542725173208,187.0,139.0,93.0,139.66666666666666,False,direct_size_estimation_deferred,매장 면적·좌석·점포별 매출이 없어 규모별 적합도와 argmax 규모는 산출하지 않음,0.5687879976976649,0.8752886836027713,usable_area_profile,True,conservative_fit,True,0.6168995381062355,41.0,0.7459584295612008,0.09115058670599425,1.4188636487741386,0.8891454965357968,True,True,0.7571073903002309,17.0,0.7094318243870693,1.4188636487741386,True,True,0.6604410969743655,12.0,10,0.3926440243387177,0.5464802764006582,moderate_profile_stability,conservative_fit,상권 환경 프로필이 보통 안정성이므로 절대 적합도를 더 엄격히 보는 보수 시나리오를 사용,0.8775981524249422,0.8891454965357968,0.8429561200923787,0.23556581986143188,brand_specific_advantage=0.889 | brand_environment_fit=0.878 | market_opportunity=0.843 | low_competition_risk=0.236,profile_stability_moderate__confirm_local_site_conditions,not_recommended__no_store_area_seat_or_store_outcome_data,insufficient,False,False,False,not_observable_from_current_official_html,81,20,top20_available,brand_specific_advantage=0.889 | brand_environment_fit=0.878 | market_opportunity=0.843,profile_stability_moderate | competition_risk_elevated_but_below_exclusion,positive_drivers=brand_specific_advantage=0.889 | brand_environment_fit=0.878 | market_opportunity=0.843 || caution_flags=profile_stability_moderate | competition_risk_elevated_but_below_exclusion || profile_stability=moderate_profile_stability || available_recommendation_count=20
3120247,굽은다리역,11740,575355283.0,63920.0,9001.177769086358,0.7361431870669747,0.8452380952380952,0.06746031746031746,0.7063492063492064,0.38492063492063494,0.6626984126984127,0.7182539682539683,0.5833333333333334,0.06746031746031746,0.6507936507936508,BRD_20150085,못난이꽈배기,0.7482678983833718,False,1366.370740309196,35.73513674416377,11,48,0.5069284064665127,True,0.7446304849884526,0.7422055427251733,0.7397806004618939,70.0,57.0,65.0,64.0,False,direct_size_estimation_deferred,매장 면적·좌석·점포별 매출이 없어 규모별 적합도와 argmax 규모는 산출하지 않음,0.6190204563942524,0.8267898383371824,usable_area_profile,True,conservative_fit,True,0.5950057736720554,53.0,0.6767705927636644,0.0970155697345485,1.546341952987514,0.9353348729792148,True,True,0.7669745958429561,13.0,0.773170976493757,1.546341952987514,True,True,0.6573516355784046,13.0,10,0.3926440243387177,0.5464802764006582,moderate_profile_stability,conservative_fit,상권 환경 프로필이 보통 안정성이므로 절대 적합도를 더 엄격히 보는 보수 시나리오를 사용,0.8290993071593533,0.9353348729792148,0.7575057736720554,0.49191685912240185,brand_specific_advantage=0.935 | brand_environment_fit=0.829 | market_opportunity=0.758 | low_competition_risk=0.492,profile_stability_moderate__confirm_local_site_conditions,not_recommended__no_store_area_seat_or_store_outcome_data,insufficient,False,False,False,not_observable_from_current_official_html,81,20,top20_available,brand_specific_advantage=0.935 | brand_environment_fit=0.829 | market_opportunity=0.758,profile_stability_moderate | competition_risk_moderate,positive_drivers=brand_specific_advantage=0.935 | brand_environment_fit=0.829 | market_opportunity=0.758 || caution_flags=profile_stability_moderate | competition_risk_moderate || profile_stability=moderate_profile_stability || available_recommendation_count=20
3110431,상계역,11350,794085684.0,88729.0,8949.561969592805,0.7986143187066975,0.8928571428571429,0.08333333333333333,0.7222222222222222,0.9444444444444444,0.7777777777777778,0.30158730158730157,0.38095238095238093,0.4444444444444444,0.6071428571428571,BRD_20150085,못난이꽈배기,0.3810623556581986,False,4740.248938610018,65.76473218893736,19,46,0.5519630484988453,True,0.5063279445727483,0.589838337182448,0.6733487297921478,203.0,148.0,104.0,151.66666666666666,False,direct_size_estimation_deferred,매장 면적·좌석·점포별 매출이 없어 규모별 적합도와 argmax 규모는 산출하지 않음,0.6081423344980486,0.8406466512702079,usable_area_profile,True,conservative_fit,True,0.6170438799076212,40.0,0.6998652809853733,0.10070766908677077,1.397921047736056,0.8868360277136259,True,True,0.7637182448036952,15.0,0.698960523868028,1.397921047736056,True,True,0.65545606630188,14.0,10,0.3926440243387177,0.5464802764006582,moderate_profile_stability,conservative_fit,상권 환경 프로필이 보통 안정성이므로 절대 적합도를 더 엄격히 보는 보수 시나리오를 사용,0.8429561200923787,0.8868360277136259,0.8337182448036952,0.4330254041570439,brand_specific_advantage=0.887 | brand_environment_fit=0.843 | market_opportunity=0.834 | low_competition_risk=0.433,profile_stability_moderate__confirm_local_site_conditions,not_recommended__no_store_area_seat_or_store_outcome_data,insufficient,False,False,False,not_observable_from_current_official_html,81,20,top20_available,brand_specific_advantage=0.887 | brand_environment_fit=0.843 | market_opportunity=0.834,profile_stability_moderate | competition_risk_moderate,positive_drivers=brand_specific_advantage=0.887 | brand_environment_fit=0.843 | market_opportunity=0.834 || caution_flags=profile_stability_moderate | competition_risk_moderate || profile_stability=moderate_profile_stability || available_recommendation_count=20
3120068,사가정역,11260,944293896.0,91431.0,10327.940151589723,0.8467667436489608,0.8492063492063492,0.40476190476190477,0.5,0.39285714285714285,0.623015873015873,0.5714285714285714,0.16666666666666666,0.32936507936507936,0.8134920634920635,BRD_20150085,못난이꽈배기,0.9445727482678984,False,2825.635680691528,42.201895677975386,26,50,0.7713625866050808,True,0.9152309468822171,0.8956697459584295,0.876108545034642,4.0,10.0,13.0,9.0,False,direct_size_estimation_deferred,매장 면적·좌석·점포별 매출이 없어 규모별 적합도와 argmax 규모는 산출하지 않음,0.3603219087556254,0.9907621247113164,usable_area_profile,True,conservative_fit,True,0.6760450346420324,13.0,0.9523672055427251,0.03852949356737861,0.9965072367600163,0.745958429561201,True,True,0.7339376443418014,24.0,0.49825361838000815,0.9965072367600163,True,True,0.6554236817312608,15.0,10,0.3926440243387177,0.5464802764006582,moderate_profile_stability,conservative_fit,상권 환경 프로필이 보통 안정성이므로 절대 적합도를 더 엄격히 보는 보수 시나리오를 사용,0.9930715935334873,0.745958429561201,0.8891454965357968,0.11778290993071594,brand_environment_fit=0.993 | market_opportunity=0.889 | brand_specific_advantage=0.746 | low_competition_risk=0.118,profile_stability_moderate__confirm_local_site_conditions,not_recommended__no_store_area_seat_or_store_outcome_data,insufficient,False,False,False,not_observable_from_current_official_html,81,20,top20_available,brand_environment_fit=0.993 | market_opportunity=0.889 | brand_specific_advantage=0.746,profile_stability_moderate | competition_risk_elevated_but_below_exclusion,positive_drivers=brand_environment_fit=0.993 | market_opportunity=0.889 | brand_specific_advantage=0.746 || caution_flags=profile_stability_moderate | competition_risk_elevated_but_below_exclusion || profile_stability=moderate_profile_stability || available_recommendation_count=20
3110247,먹골역 1번,11260,351716047.0,32316.0,10883.650420844164,0.6137413394919169,0.8492063492063492,0.40476190476190477,0.5,0.39285714285714285,0.623015873015873,0.5714285714285714,0.16666666666666666,0.32936507936507936,0.8134920634920635,BRD_20150085,못난이꽈배기,0.9445727482678984,False,2946.4147705133346,140.63072208521604,15,30,0.2557736720554273,True,0.8453233256351038,0.7791570438799076,0.7129907621247114,27.0,44.0,76.0,49.0,False,direct_size_estimation_deferred,매장 면적·좌석·점포별 매출이 없어 규모별 적합도와 argmax 규모는 산출하지 않음,0.6008571415641363,0.8498845265588915,usable_area_profile,True,conservative_fit,True,0.6013856812933025,49.0,0.6901462663587375,0.10750639472715688,1.485848917225413,0.9168591224018475,True,True,0.7674653579676673,11.0,0.7429244586127065,1.485848917225413,True,True,0.6535428929441698,16.0,10,0.3926440243387177,0.5464802764006582,moderate_profile_stability,conservative_fit,상권 환경 프로필이 보통 안정성이므로 절대 적합도를 더 엄격히 보는 보수 시나리오를 사용,0.8521939953810623,0.9168591224018475,0.625866050808314,0.8545034642032333,brand_specific_advantage=0.917 | low_competition_risk=0.855 | brand_environment_fit=0.852 | market_opportunity=0.626,profile_stability_moderate__confirm_local_site_conditions,not_recommended__no_store_area_seat_or_store_outcome_data,insufficient,False,False,False,not_observable_from_current_official_html,81,20,top20_available,brand_specific_advantage=0.917 | low_competition_risk=0.855 | brand_environment_fit=0.852,profile_stability_moderate,positive_drivers=brand_specific_advantage=0.917 | low_competition_risk=0.855 | brand_environment_fit=0.852 || caution_flags=profile_stability_moderate || profile_stability=moderate_profile_stability || available_recommendation_count=20
3110495,북가좌2동주민센터,11410,286230044.0,29244.0,9787.650253043359,0.548267898383372,0.9444444444444444,0.5357142857142857,0.5357142857142857,0.9047619047619048,0.9325396825396826,0.44047619047619047,0.12301587301587301,0.1111111111111111,0.6746031746031746,BRD_20150085,못난이꽈배기,0.279445727482679,False,5030.344421573354,19.924858823412997,16,27,0.670323325635104,True,0.36009237875288685,0.41385681293302545,0.46762124711316405,293.0,268.0,231.0,264.0,False,direct_size_estimation_deferred,매장 면적·좌석·점포별 매출이 없어 규모별 적합도와 argmax 규모는 산출하지 않음,0.5131211441955522,0.9214780600461894,usable_area_profile,True,conservative_fit,True,0.5520842956120092,73.0,0.8379522709776751,0.05038512689349965,1.6577469229176478,0.9584295612009238,True,True,0.7237471131639722,32.0,0.8288734614588239,1.6577469229176478,True,True,0.6458442314155143,17.0,10,0.3926440243387177,0.5464802764006582,moderate_profile_stability,conservative_fit,상권 환경 프로필이 보통 안정성이므로 절대 적합도를 더 엄격히 보는 보수 시나리오를 사용,0.9237875288683602,0.9584295612009238,0.5565819861431871,0.25981524249422633,brand_specific_advantage=0.958 | brand_environment_fit=0.924 | market_opportunity=0.557 | low_competition_risk=0.260,profile_stability_moderate__confirm_local_site_conditions,not_recommended__no_store_area_seat_or_store_outcome_data,insufficient,False,False,False,not_observable_from_current_official_html,81,20,top20_available,brand_specific_advantage=0.958 | brand_environment_fit=0.924,profile_stability_moderate | competition_risk_elevated_but_below_exclusion,positive_drivers=brand_specific_advantage=0.958 | brand_environment_fit=0.924 || caution_flags=profile_stability_moderate | competition_risk_elevated_but_below_exclusion || profile_stability=moderate_profile_stability || available_recommendation_count=20
3120165,서래마을카페거리(서래마을),11650,2971488955.0,159582.0,18620.45189933702,0.9718244803695151,0.7619047619047619,0.2857142857142857,0.7023809523809523,0.6785714285714286,0.8293650793650794,0.7777777777777778,0.42857142857142855,0.08333333333333333,0.5198412698412699,BRD_20150085,못난이꽈배기,0.9064665127020786,False,7102.502727931249,18.110770263065373,12,56,0.5814087759815242,True,0.9260739030023095,0.9391454965357968,0.9522170900692841,3.0,1.0,1.0,1.6666666666666667,True,direct_size_estimation_deferred,매장 면적·좌석·점포별 매출이 없어 규모별 적합도와 argmax 규모는 산출하지 않음,0.6106380953575945,0.8337182448036952,usable_area_profile,True,conservative_fit,True,0.6697863741339491,17.0,0.7512509622786759,0.08110629650978349,1.0167802756851507,0.7505773672055427,True,True,0.7546824480369516,18.0,0.5083901378425754,1.0167802756851507,True,True,0.6454000748763482,18.0,10,0.3926440243387177,0.5464802764006582,moderate_profile_stability,conservative_fit,상권 환경 프로필이 보통 안정성이므로 절대 적합도를 더 엄격히 보는 보수 시나리오를 사용,0.836027713625866,0.7505773672055427,0.9884526558891455,0.394919168591224,market_opportunity=0.988 | brand_environment_fit=0.836 | brand_specific_advantage=0.751 | low_competition_risk=0.395,profile_stability_moderate__confirm_local_site_conditions,not_recommended__no_store_area_seat_or_store_outcome_data,insufficient,False,False,False,not_observable_from_current_official_html,81,20,top20_available,market_opportunity=0.988 | brand_environment_fit=0.836 | brand_specific_advantage=0.751,profile_stability_moderate | competition_risk_moderate,positive_drivers=market_opportunity=0.988 | brand_environment_fit=0.836 | brand_specific_advantage=0.751 || caution_flags=profile_stability_moderate | competition_risk_moderate || profile_stability=moderate_profile_stability || available_recommendation_count=20
3130072,성동용답상가시장,11200,441220675.0,42751.0,10320.710041870365,0.6748267898383372,0.9206349206349206,0.38492063492063494,0.5555555555555556,0.9920634920634921,0.9841269841269841,0.9563492063492064,0.10317460317460317,0.015873015873015872,0.07936507936507936,BRD_20150085,못난이꽈배기,0.08083140877598152,False,2892.74195186878,135.0925608781212,10,28,0.14953810623556585,True,0.2590300230946882,0.37782909930715936,0.49662817551963045,351.0,295.0,210.0,285.3333333333333,False,direct_size_estimation_deferred,매장 면적·좌석·점포별 매출이 없어 규모별 적합도와 argmax 규모는 산출하지 않음,0.3306959500379603,0.9953810623556582,usable_area_profile,True,conservative_fit,True,0.7114491916859123,4.0,0.9837374903772133,0.015581629901107024,0.747262773685676,0.6882217090069284,True,True,0.7539203233256351,19.0,0.373631386842838,0.747262773685676,True,True,0.6453131584890005,19.0,10,0.3926440243387177,0.5464802764006582,moderate_profile_stability,conservative_fit,상권 환경 프로필이 보통 안정성이므로 절대 적합도를 더 엄격히 보는 보수 시나리오를 사용,0.9976905311778291,0.6882217090069284,0.6951501154734411,0.9122401847575058,brand_environment_fit=0.998 | low_competition_risk=0.912 | market_opportunity=0.695 | brand_specific_advantage=0.688,profile_stability_moderate__confirm_local_site_conditions,not_recommended__no_store_area_seat_or_store_outcome_data,insufficient,False,False,False,not_observable_from_current_official_html,81,20,top20_available,brand_environment_fit=0.998 | low_competition_risk=0.912,profile_stability_moderate,positive_drivers=brand_environment_fit=0.998 | low_competition_risk=0.912 || caution_flags=profile_stability_moderate || profile_stability=moderate_profile_stability || available_recommendation_count=20
3120063,청량리역(청량리),11230,266302005.0,25644.0,10384.573584464202,0.5361431870669746,0.6904761904761905,0.5396825396825397,0.5714285714285714,0.9603174603174603,0.9126984126984127,0.4087301587301587,0.1865079365079365,0.09126984126984126,0.6825396825396826,BRD_20150085,못난이꽈배기,0.45381062355658197,False,1324.5769136008628,116.2970334886382,20,53,0.4110854503464203,True,0.47851039260969974,0.4949769053117783,0.5114434180138567,219.0,207.0,202.0,209.33333333333334,False,direct_size_estimation_deferred,매장 면적·좌석·점포별 매출이 없어 규모별 적합도와 argmax 규모는 산출하지 않음,0.7013645059717817,0.7551963048498845,usable_area_profile,True,conservative_fit,True,0.5035854503464203,109.0,0.6030600461893765,0.07613274667257558,1.9983025085749382,0.9930715935334873,True,True,0.7229676674364897,34.0,0.9991512542874691,1.9983025085749382,True,True,0.6447935872439228,20.0,10,0.3926440243387177,0.5464802764006582,moderate_profile_stability,conservative_fit,상권 환경 프로필이 보통 안정성이므로 절대 적합도를 더 엄격히 보는 보수 시나리오를 사용,0.7575057736720554,0.9930715935334873,0.5404157043879908,0.6420323325635104,brand_specific_advantage=0.993 | brand_environment_fit=0.758 | low_competition_risk=0.642 | market_opportunity=0.540,profile_stability_moderate__confirm_local_site_conditions,not_recommended__no_store_area_seat_or_store_outcome_data,insufficient,False,False,False,not_observable_from_current_official_html,81,20,top20_available,brand_specific_advantage=0.993 | brand_environment_fit=0.758,profile_stability_moderate | competition_risk_moderate,positive_drivers=brand_specific_advantage=0.993 | brand_environment_fit=0.758 || caution_flags=profile_stability_moderate | competition_risk_moderate || profile_stability=moderate_profile_stability || available_recommendation_count=20
3120166,방배역,11650,1455145059.0,122673.0,11861.983150326478,0.9176674364896074,0.7619047619047619,0.2857142857142857,0.7023809523809523,0.6785714285714286,0.8293650793650794,0.7777777777777778,0.42857142857142855,0.08333333333333333,0.5198412698412699,BRD_20240814,보리원,0.9780600461893765,False,3921.2468680019656,99.2975326976693,12,28,0.2678983833718245,True,0.9599422632794457,0.9478637413394919,0.935785219399538,3.0,3.0,3.0,3.0,False,direct_size_estimation_deferred,매장 면적·좌석·점포별 매출이 없어 규모별 적합도와 argmax 규모는 산출하지 않음,0.44065613767788553,0.953810623556582,usable_area_profile,True,balanced_default,True,0.7579041570438798,1.0,0.8795227097767513,0.05651551828195008,1.314469300435607,0.9053117782909931,True,True,0.8833833718244803,1.0,0.6572346502178035,1.314469300435607,True,True,0.7664928666062543,1.0,6,0.6614925482360313,0.7339702509447977,high_profile_stability,balanced_default,상권 환경 프로필이 재표본에도 비교적 안정적이므로 균형 시나리오를 사용,0.9561200923787528,0.9053117782909931,0.9653579676674365,0.8371824480369515,market_opportunity=0.965 | brand_environment_fit=0.956 | brand_specific_advantage=0.905 | low_competition_risk=0.837,no_model_level_high_risk_flag,not_recommended__no_store_area_seat_or_store_outcome_data,insufficient,False,False,False,not_observable_from_current_official_html,110,20,top20_available,market_opportunity=0.965 | brand_environment_fit=0.956 | brand_specific_advantage=0.905 | low_competition_risk=0.837,no_model_level_caution_flag,positive_drivers=market_opportunity=0.965 | brand_environment_fit=0.956 | brand_specific_advantage=0.905 | low_competition_risk=0.837 || caution_flags=no_model_level_caution_flag || profile_stability=high_profile_stability || available_recommendation_count=20
3120133,서울시흥동우체국(홈플러스시흥점),11545,637795918.0,60754.0,10498.00701188399,0.7765588914549653,0.753968253968254,0.7420634920634921,0.3531746031746032,0.24206349206349206,0.8690476190476191,0.873015873015873,0.04365079365079365,0.13095238095238096,0.6785714285714286,BRD_20240814,보리원,0.10739030023094688,False,8542.295944309744,60.20797286767192,15,45,0.4821016166281755,True,0.30814087759815234,0.44197459584295606,0.5758083140877597,333.0,258.0,160.0,250.33333333333334,False,direct_size_estimation_deferred,매장 면적·좌석·점포별 매출이 없어 규모별 적합도와 argmax 규모는 산출하지 않음,0.32351075287717646,0.9907621247113164,usable_area_profile,True,balanced_default,True,0.6948614318706696,7.0,0.9093533487297921,0.05669816000773116,1.4358274760666605,0.9468822170900693,True,True,0.8366339491916859,3.0,0.7179137380333303,1.4358274760666605,True,True,0.7439661131615501,2.0,6,0.6614925482360313,0.7339702509447977,high_profile_stability,balanced_default,상권 환경 프로필이 재표본에도 비교적 안정적이므로 균형 시나리오를 사용,0.9930715935334873,0.9468822170900693,0.8106235565819861,0.5196304849884527,brand_environment_fit=0.993 | brand_specific_advantage=0.947 | market_opportunity=0.811 | low_competition_risk=0.520,no_model_level_high_risk_flag,not_recommended__no_store_area_seat_or_store_outcome_data,insufficient,False,False,False,not_observable_from_current_official_html,110,20,top20_available,brand_environment_fit=0.993 | brand_specific_advantage=0.947 | market_opportunity=0.811,competition_risk_moderate,positive_drivers=brand_environment_fit=0.993 | brand_specific_advantage=0.947 | market_opportunity=0.811 || caution_flags=competition_risk_moderate || profile_stability=high_profile_stability || available_recommendation_count=20
3110274,서일대학교,11260,492656087.0,41512.0,11867.79935922143,0.7133949191685912,0.8492063492063492,0.40476190476190477,0.5,0.39285714285714285,0.623015873015873,0.5714285714285714,0.16666666666666666,0.32936507936507936,0.8134920634920635,BRD_20240814,보리원,0.8983833718244804,False,8822.190940988534,101.51354588565466,6,29,0.16801385681293304,True,0.8428868360277135,0.8058891454965358,0.7688914549653578,31.0,34.0,47.0,37.333333333333336,False,direct_size_estimation_deferred,매장 면적·좌석·점포별 매출이 없어 규모별 적합도와 argmax 규모는 산출하지 않음,0.4602210061268786,0.9399538106235565,usable_area_profile,True,balanced_default,True,0.6944630484988452,8.0,0.829003079291763,0.07882695102483951,1.4075228064679475,0.9376443418013857,True,True,0.8458602771362587,2.0,0.7037614032339737,1.4075228064679475,True,True,0.7368476689609901,3.0,6,0.6614925482360313,0.7339702509447977,high_profile_stability,balanced_default,상권 환경 프로필이 재표본에도 비교적 안정적이므로 균형 시나리오를 사용,0.9422632794457275,0.9376443418013857,0.7367205542725174,0.9030023094688222,brand_environment_fit=0.942 | brand_specific_advantage=0.938 | low_competition_risk=0.903 | market_opportunity=0.737,no_model_level_high_risk_flag,not_recommended__no_store_area_seat_or_store_outcome_data,insufficient,False,False,False,not_observable_from_current_official_html,110,20,top20_available,brand_environment_fit=0.942 | brand_specific_advantage=0.938 | low_competition_risk=0.903 | market_opportunity=0.737,no_model_level_caution_flag,positive_drivers=brand_environment_fit=0.942 | brand_specific_advantage=0.938 | low_competition_risk=0.903 | market_opportunity=0.737 || caution_flags=no_model_level_caution_flag || profile_stability=high_profile_stability || available_recommendation_count=20
3130206,신정3동 골목시장,11470,448082789.0,43288.0,10351.201002587322,0.6855658198614318,0.8055555555555556,0.2222222222222222,0.5158730158730159,0.5873015873015873,0.5079365079365079,0.2896825396825397,0.4801587301587302,0.30952380952380953,0.7738095238095238,BRD_20240814,보리원,0.9341801385681293,False,1597.9543172778422,17.117242790546893,17,45,0.707852193995381,True,0.85959584295612,0.8098729792147805,0.760150115473441,23.0,32.0,52.0,35.666666666666664,False,direct_size_estimation_deferred,매장 면적·좌석·점포별 매출이 없어 규모별 적합도와 argmax 규모는 산출하지 않음,0.5182147113281594,0.9076212471131639,usable_area_profile,True,balanced_default,True,0.5875808314087759,51.0,0.793206312548114,0.06461123787958767,1.770820964276812,0.9976905311778291,True,True,0.7708545034642033,15.0,0.885410482138406,1.770820964276812,True,True,0.7281673408038692,4.0,6,0.6614925482360313,0.7339702509447977,high_profile_stability,balanced_default,상권 환경 프로필이 재표본에도 비교적 안정적이므로 균형 시나리오를 사용,0.9099307159353349,0.9976905311778291,0.7032332563510393,0.21247113163972287,brand_specific_advantage=0.998 | brand_environment_fit=0.910 | market_opportunity=0.703 | low_competition_risk=0.212,no_model_level_high_risk_flag,not_recommended__no_store_area_seat_or_store_outcome_data,insufficient,False,False,False,not_observable_from_current_official_html,110,20,top20_available,brand_specific_advantage=0.998 | brand_environment_fit=0.910 | market_opportunity=0.703,competition_risk_elevated_but_below_exclusion,positive_drivers=brand_specific_advantage=0.998 | brand_environment_fit=0.910 | market_opportunity=0.703 || caution_flags=competition_risk_elevated_but_below_exclusion || profile_stability=high_profile_stability || available_recommendation_count=20
3120047,한남오거리,11170,369976875.0,17557.0,21072.89827419263,0.5722863741339492,0.8849206349206349,0.6428571428571429,0.5873015873015873,0.5912698412698413,0.9365079365079365,0.9484126984126984,0.2857142857142857,0.04365079365079365,0.32936507936507936,BRD_20240814,보리원,0.4168591224018476,False,1911.7073521218492,74.1484996152458,11,35,0.34584295612009236,True,0.463487297921478,0.49457274826789843,0.5256581986143187,236.0,219.0,199.0,218.0,False,direct_size_estimation_deferred,매장 면적·좌석·점포별 매출이 없어 규모별 적합도와 argmax 규모는 산출하지 않음,0.41930870444208546,0.9630484988452656,usable_area_profile,True,balanced_default,True,0.6299480369515011,30.0,0.8883756735950731,0.04941853482670609,1.51102871649361,0.9722863741339491,True,True,0.7976385681293303,7.0,0.755514358246805,1.51102871649361,True,True,0.7099842979037027,5.0,6,0.6614925482360313,0.7339702509447977,high_profile_stability,balanced_default,상권 환경 프로필이 재표본에도 비교적 안정적이므로 균형 시나리오를 사용,0.9653579676674365,0.9722863741339491,0.5866050808314087,0.7413394919168591,brand_specific_advantage=0.972 | brand_environment_fit=0.965 | low_competition_risk=0.741 | market_opportunity=0.587,no_model_level_high_risk_flag,not_recommended__no_store_area_seat_or_store_outcome_data,insufficient,False,False,False,not_observable_from_current_official_html,110,20,top20_available,brand_specific_advantage=0.972 | brand_environment_fit=0.965 | low_competition_risk=0.741,no_model_level_caution_flag,positive_drivers=brand_specific_advantage=0.972 | brand_environment_fit=0.965 | low_competition_risk=0.741 || caution_flags=no_model_level_caution_flag || profile_stability=high_profile_stability || available_recommendation_count=20
3110593,신월3동주민센터,11470,317937956.0,28102.0,11313.712760657605,0.5892609699769054,0.8055555555555556,0.2222222222222222,0.5158730158730159,0.5873015873015873,0.5079365079365079,0.2896825396825397,0.4801587301587302,0.30952380952380953,0.7738095238095238,BRD_20240814,보리원,0.9341801385681293,False,3868.4456827215663,184.0679222675113,3,22,0.027136258660508106,True,0.8307043879907621,0.7617205542725174,0.6927367205542725,34.0,53.0,91.0,59.333333333333336,False,direct_size_estimation_deferred,매장 면적·좌석·점포별 매출이 없어 규모별 적합도와 argmax 규모는 산출하지 않음,0.6005668297340269,0.836027713625866,usable_area_profile,True,balanced_default,True,0.6201847575057737,35.0,0.7399923017705928,0.062193362693480636,1.5441424566248776,0.9792147806004619,True,True,0.8152020785219399,4.0,0.7720712283124388,1.5441424566248776,True,True,0.7074362463065821,6.0,6,0.6614925482360313,0.7339702509447977,high_profile_stability,balanced_default,상권 환경 프로필이 재표본에도 비교적 안정적이므로 균형 시나리오를 사용,0.8383371824480369,0.9792147806004619,0.605080831408776,0.9884526558891455,low_competition_risk=0.988 | brand_specific_advantage=0.979 | brand_environment_fit=0.838 | market_opportunity=0.605,no_model_level_high_risk_flag,not_recommended__no_store_area_seat_or_store_outcome_data,insufficient,False,False,False,not_observable_from_current_official_html,110,20,top20_available,low_competition_risk=0.988 | brand_specific_advantage=0.979 | brand_environment_fit=0.838,no_model_level_caution_flag,positive_drivers=low_competition_risk=0.988 | brand_specific_advantage=0.979 | brand_environment_fit=0.838 || caution_flags=no_model_level_caution_flag || profile_stability=high_profile_stability || available_recommendation_count=20
3120112,등촌역,11470,402129603.0,41146.0,9773.236839546978,0.6467667436489607,0.8055555555555556,0.2222222222222222,0.5158730158730159,0.5873015873015873,0.5079365079365079,0.2896825396825397,0.4801587301587302,0.30952380952380953,0.7738095238095238,BRD_20240814,보리원,0.9341801385681293,False,2890.6694726146816,105.11898021717178,22,49,0.46362586605080836,True,0.8479561200923786,0.790473441108545,0.7329907621247111,25.0,42.0,71.0,46.0,False,direct_size_estimation_deferred,매장 면적·좌석·점포별 매출이 없어 규모별 적합도와 argmax 규모는 산출하지 않음,0.4122042045742292,0.9676674364896074,usable_area_profile,True,balanced_default,True,0.6406581986143187,25.0,0.9080061585835257,0.04246270865358644,1.405027606524169,0.9353348729792148,True,True,0.7889203233256352,8.0,0.7025138032620845,1.405027606524169,True,True,0.6998925332202514,7.0,6,0.6614925482360313,0.7339702509447977,high_profile_stability,balanced_default,상권 환경 프로필이 재표본에도 비교적 안정적이므로 균형 시나리오를 사용,0.9699769053117783,0.9353348729792148,0.6697459584295612,0.5658198614318707,brand_environment_fit=0.970 | brand_specific_advantage=0.935 | market_opportunity=0.670 | low_competition_risk=0.566,no_model_level_high_risk_flag,not_recommended__no_store_area_seat_or_store_outcome_data,insufficient,False,False,False,not_observable_from_current_official_html,110,20,top20_available,brand_environment_fit=0.970 | brand_specific_advantage=0.935,competition_risk_moderate,positive_drivers=brand_environment_fit=0.970 | brand_specific_advantage=0.935 || caution_flags=competition_risk_moderate || profile_stability=high_profile_stability || available_recommendation_count=20
3120124,개봉동 현대아파트,11530,436251391.0,40258.0,10836.390059118685,0.6745958429561202,0.8412698412698413,0.8373015873015873,0.5753968253968254,0.5238095238095238,0.7579365079365079,0.7380952380952381,0.18253968253968253,0.12698412698412698,0.7658730158730159,BRD_20240814,보리원,0.45265588914549654,False,4191.583113839765,107.00467282129758,11,24,0.22690531177829099,True,0.5192378752886836,0.5636258660508083,0.6080138568129331,201.0,157.0,143.0,167.0,False,direct_size_estimation_deferred,매장 면적·좌석·점포별 매출이 없어 규모별 적합도와 argmax 규모는 산출하지 않음,0.4691981248232041,0.9376443418013857,usable_area_profile,True,balanced_default,True,0.6708949191685912,15.0,0.8252501924557353,0.08720225659149386,1.2888903766810764,0.8983833718244804,True,True,0.8089896073903002,6.0,0.6444451883405382,1.2888903766810764,True,True,0.6996897651108742,8.0,6,0.6614925482360313,0.7339702509447977,high_profile_stability,balanced_default,상권 환경 프로필이 재표본에도 비교적 안정적이므로 균형 시나리오를 사용,0.9399538106235565,0.8983833718244804,0.6928406466512702,0.8752886836027713,brand_environment_fit=0.940 | brand_specific_advantage=0.898 | low_competition_risk=0.875 | market_opportunity=0.693,no_model_level_high_risk_flag,not_recommended__no_store_area_seat_or_store_outcome_data,insufficient,False,False,False,not_observable_from_current_official_html,110,20,top20_available,brand_environment_fit=0.940 | brand_specific_advantage=0.898 | low_competition_risk=0.875,no_model_level_caution_flag,positive_drivers=brand_environment_fit=0.940 | brand_specific_advantage=0.898 | low_competition_risk=0.875 || caution_flags=no_model_level_caution_flag || profile_stability=high_profile_stability || available_recommendation_count=20
3110319,종암동주민센터,11290,624128519.0,64438.0,9685.7214531798,0.7633949191685913,0.8690476190476191,0.3888888888888889,0.5912698412698413,0.8333333333333334,0.8055555555555556,0.3333333333333333,0.2222222222222222,0.31746031746031744,0.7420634920634921,BRD_20240814,보리원,0.7967667436489607,False,7426.872423818907,100.23971265231329,17,38,0.384526558891455,True,0.7867551963048498,0.7800808314087759,0.7734064665127021,53.0,47.0,46.0,48.666666666666664,False,direct_size_estimation_deferred,매장 면적·좌석·점포별 매출이 없어 규모별 적합도와 argmax 규모는 산출하지 않음,0.7769476398663746,0.6859122401847575,usable_area_profile,True,balanced_default,True,0.5524653579676674,78.0,0.5624518860662048,0.07241952689520573,1.704793712574308,0.9884526558891455,True,True,0.7724942263279445,13.0,0.852396856287154,1.704793712574308,True,True,0.6908042576681713,9.0,6,0.6614925482360313,0.7339702509447977,high_profile_stability,balanced_default,상권 환경 프로필이 재표본에도 비교적 안정적이므로 균형 시나리오를 사용,0.6882217090069284,0.9884526558891455,0.792147806004619,0.6882217090069284,brand_specific_advantage=0.988 | market_opportunity=0.792 | brand_environment_fit=0.688 | low_competition_risk=0.688,no_model_level_high_risk_flag,not_recommended__no_store_area_seat_or_store_outcome_data,insufficient,False,False,False,not_observable_from_current_official_html,110,20,top20_available,brand_specific_advantage=0.988 | market_opportunity=0.792,no_model_level_caution_flag,positive_drivers=brand_specific_advantage=0.988 | market_opportunity=0.792 || caution_flags=no_model_level_caution_flag || profile_stability=high_profile_stability || available_recommendation_count=20
3111021,방이역 4번,11710,394829518.0,38606.0,10227.154276537325,0.6466512702078522,0.8531746031746031,0.13095238095238096,0.6746031746031746,0.9325396825396826,0.8928571428571429,0.7063492063492064,0.4087301587301587,0.03968253968253968,0.5436507936507936,BRD_20240814,보리원,0.535796766743649,False,2343.1269704948973,115.2085066609535,15,51,0.2984988452655889,True,0.5690531177829099,0.5912240184757506,0.6133949191685911,170.0,139.0,137.0,148.66666666666666,False,direct_size_estimation_deferred,매장 면적·좌석·점포별 매출이 없어 규모별 적합도와 argmax 규모는 산출하지 않음,0.312242560341089,0.9930715935334873,usable_area_profile,True,balanced_default,True,0.6780889145496535,12.0,0.9355273287143957,0.04949472960279674,1.1626341891529397,0.8498845265588915,True,True,0.78709584295612,9.0,0.5813170945764699,1.1626341891529397,True,True,0.6828489738638892,10.0,6,0.6614925482360313,0.7339702509447977,high_profile_stability,balanced_default,상권 환경 프로필이 재표본에도 비교적 안정적이므로 균형 시나리오를 사용,0.9953810623556582,0.8498845265588915,0.6674364896073903,0.8083140877598153,brand_environment_fit=0.995 | brand_specific_advantage=0.850 | low_competition_risk=0.808 | market_opportunity=0.667,no_model_level_high_risk_flag,not_recommended__no_store_area_seat_or_store_outcome_data,insufficient,False,False,False,not_observable_from_current_official_html,110,20,top20_available,brand_environment_fit=0.995 | brand_specific_advantage=0.850 | low_competition_risk=0.808,no_model_level_caution_flag,positive_drivers=brand_environment_fit=0.995 | brand_specific_advantage=0.850 | low_competition_risk=0.808 || caution_flags=no_model_level_caution_flag || profile_stability=high_profile_stability || available_recommendation_count=20
3120139,대림3동사거리,11560,275372027.0,24903.0,11057.785286913224,0.5479214780600462,0.8571428571428571,0.7698412698412699,0.5277777777777778,0.23809523809523808,0.9007936507936508,0.9761904761904762,0.3373015873015873,0.047619047619047616,0.25,BRD_20240814,보리원,0.15011547344110854,False,3742.354873602279,43.9089968249315,5,37,0.3874133949191686,True,0.2694572748267898,0.3490184757505774,0.42857967667436486,355.0,325.0,262.0,314.0,False,direct_size_estimation_deferred,매장 면적·좌석·점포별 매출이 없어 규모별 적합도와 argmax 규모는 산출하지 않음,0.4835550394551432,0.930715935334873,usable_area_profile,True,balanced_default,True,0.5990184757505773,42.0,0.84959584295612,0.05619721795416074,1.4434894703314574,0.9584295612009238,True,True,0.76885103926097,17.0,0.7217447351657287,1.4434894703314574,True,True,0.6766002646983053,11.0,6,0.6614925482360313,0.7339702509447977,high_profile_stability,balanced_default,상권 환경 프로필이 재표본에도 비교적 안정적이므로 균형 시나리오를 사용,0.9330254041570438,0.9584295612009238,0.5542725173210161,0.6836027713625866,brand_specific_advantage=0.958 | brand_environment_fit=0.933 | low_competition_risk=0.684 | market_opportunity=0.554,no_model_level_high_risk_flag,not_recommended__no_store_area_seat_or_store_outcome_data,insufficient,False,False,False,not_observable_from_current_official_html,110,20,top20_available,brand_specific_advantage=0.958 | brand_environment_fit=0.933,no_model_level_caution_flag,positive_drivers=brand_specific_advantage=0.958 | brand_environment_fit=0.933 || caution_flags=no_model_level_caution_flag || profile_stability=high_profile_stability || available_recommendation_count=20
3110640,방화역 1번,11500,671414576.0,62982.0,10660.420056524086,0.7871824480369516,0.8373015873015873,0.23809523809523808,0.623015873015873,0.32142857142857145,0.8333333333333334,0.9246031746031746,0.46825396825396826,0.05555555555555555,0.42063492063492064,BRD_20240814,보리원,0.7124711316397229,False,7534.033846487662,241.56986569432095,5,25,0.02482678983833718,True,0.7348845265588915,0.7498267898383373,0.764769053117783,75.0,61.0,51.0,62.333333333333336,False,direct_size_estimation_deferred,매장 면적·좌석·점포별 매출이 없어 규모별 적합도와 argmax 규모는 산출하지 않음,0.5774194410920032,0.8637413394919169,usable_area_profile,True,balanced_default,True,0.703660508083141,5.0,0.8122594303310239,0.05032439479240749,1.0230010588952012,0.7990762124711316,True,True,0.8111836027713626,5.0,0.5115005294476006,1.0230010588952012,True,True,0.6756475871542353,12.0,6,0.6614925482360313,0.7339702509447977,high_profile_stability,balanced_default,상권 환경 프로필이 재표본에도 비교적 안정적이므로 균형 시나리오를 사용,0.8660508083140878,0.7990762124711316,0.8198614318706697,0.9907621247113164,low_competition_risk=0.991 | brand_environment_fit=0.866 | market_opportunity=0.820 | brand_specific_advantage=0.799,no_model_level_high_risk_flag,not_recommended__no_store_area_seat_or_store_outcome_data,insufficient,False,False,False,not_observable_from_current_official_html,110,20,top20_available,low_competition_risk=0.991 | brand_environment_fit=0.866 | market_opportunity=0.820 | brand_specific_advantage=0.799,no_model_level_caution_flag,positive_drivers=low_competition_risk=0.991 | brand_environment_fit=0.866 | market_opportunity=0.820 | brand_specific_advantage=0.799 || caution_flags=no_model_level_caution_flag || profile_stability=high_profile_stability || available_recommendation_count=20
3120151,보라매공원,11590,648870341.0,67412.0,9625.442665994186,0.7726327944572748,0.8611111111111112,0.5158730158730159,0.42857142857142855,0.753968253968254,0.9563492063492064,0.6626984126984127,0.11507936507936507,0.09523809523809523,0.5674603174603174,BRD_20240814,보리원,0.48614318706697457,False,6201.084501914416,16.492422502230646,17,70,0.7113163972286374,True,0.5720900692840646,0.6293879907621247,0.6866859122401847,166.0,117.0,95.0,126.0,False,direct_size_estimation_deferred,매장 면적·좌석·점포별 매출이 없어 규모별 적합도와 argmax 규모는 산출하지 않음,0.3898130045868674,0.9745958429561201,usable_area_profile,True,balanced_default,True,0.6510219399538106,21.0,0.9259045419553503,0.04022615119855289,1.2104389694264717,0.8683602771362586,True,True,0.7648152424942263,21.0,0.6052194847132358,1.2104389694264717,True,True,0.6749619235757295,13.0,6,0.6614925482360313,0.7339702509447977,high_profile_stability,balanced_default,상권 환경 프로필이 재표본에도 비교적 안정적이므로 균형 시나리오를 사용,0.976905311778291,0.8683602771362586,0.8048498845265589,0.19399538106235567,brand_environment_fit=0.977 | brand_specific_advantage=0.868 | market_opportunity=0.805 | low_competition_risk=0.194,no_model_level_high_risk_flag,not_recommended__no_store_area_seat_or_store_outcome_data,insufficient,False,False,False,not_observable_from_current_official_html,110,20,top20_available,brand_environment_fit=0.977 | brand_specific_advantage=0.868 | market_opportunity=0.805,competition_risk_elevated_but_below_exclusion,positive_drivers=brand_environment_fit=0.977 | brand_specific_advantage=0.868 | market_opportunity=0.805 || caution_flags=competition_risk_elevated_but_below_exclusion || profile_stability=high_profile_stability || available_recommendation_count=20
3120152,신대방삼거리역,11590,953145793.0,102228.0,9323.72532965528,0.8353348729792147,0.8611111111111112,0.5158730158730159,0.42857142857142855,0.753968253968254,0.9563492063492064,0.6626984126984127,0.11507936507936507,0.09523809523809523,0.5674603174603174,BRD_20240814,보리원,0.48614318706697457,False,5869.291098577021,79.30952023733208,18,47,0.4774826789838337,True,0.5909006928406466,0.6607390300230946,0.7305773672055426,154.0,101.0,72.0,109.0,False,direct_size_estimation_deferred,매장 면적·좌석·점포별 매출이 없어 규모별 적합도와 argmax 규모는 산출하지 않음,0.48328195122572165,0.9330254041570438,usable_area_profile,True,balanced_default,True,0.687257505773672,9.0,0.8480561970746728,0.08187605247578715,1.037778501931301,0.8083140877598153,True,True,0.7822113163972286,10.0,0.5188892509656505,1.037778501931301,True,True,0.6692555796393633,14.0,6,0.6614925482360313,0.7339702509447977,high_profile_stability,balanced_default,상권 환경 프로필이 재표본에도 비교적 안정적이므로 균형 시나리오를 사용,0.9353348729792148,0.8083140877598153,0.8799076212471132,0.5381062355658198,brand_environment_fit=0.935 | market_opportunity=0.880 | brand_specific_advantage=0.808 | low_competition_risk=0.538,no_model_level_high_risk_flag,not_recommended__no_store_area_seat_or_store_outcome_data,insufficient,False,False,False,not_observable_from_current_official_html,110,20,top20_available,brand_environment_fit=0.935 | market_opportunity=0.880 | brand_specific_advantage=0.808,competition_risk_moderate,positive_drivers=brand_environment_fit=0.935 | market_opportunity=0.880 | brand_specific_advantage=0.808 || caution_flags=competition_risk_moderate || profile_stability=high_profile_stability || available_recommendation_count=20
3120247,굽은다리역,11740,575355283.0,63920.0,9001.177769086358,0.7361431870669747,0.8452380952380952,0.06746031746031746,0.7063492063492064,0.38492063492063494,0.6626984126984127,0.7182539682539683,0.5833333333333334,0.06746031746031746,0.6507936507936508,BRD_20240814,보리원,0.7551963048498845,False,6418.765146008984,35.73513674416377,11,48,0.5075057736720554,True,0.7494803695150115,0.7456697459584296,0.7418591224018476,70.0,62.0,65.0,65.66666666666667,False,direct_size_estimation_deferred,매장 면적·좌석·점포별 매출이 없어 규모별 적합도와 argmax 규모는 산출하지 않음,0.611650958844123,0.8152424942263279,usable_area_profile,True,balanced_default,True,0.5891454965357968,49.0,0.6767705927636644,0.0970155697345485,1.4273162734759666,0.9445727482678984,True,True,0.7671189376443418,19.0,0.7136581367379833,1.4273162734759666,True,True,0.6684004402370469,15.0,6,0.6614925482360313,0.7339702509447977,high_profile_stability,balanced_default,상권 환경 프로필이 재표본에도 비교적 안정적이므로 균형 시나리오를 사용,0.8175519630484989,0.9445727482678984,0.7575057736720554,0.49191685912240185,brand_specific_advantage=0.945 | brand_environment_fit=0.818 | market_opportunity=0.758 | low_competition_risk=0.492,no_model_level_high_risk_flag,not_recommended__no_store_area_seat_or_store_outcome_data,insufficient,False,False,False,not_observable_from_current_official_html,110,20,top20_available,brand_specific_advantage=0.945 | brand_environment_fit=0.818 | market_opportunity=0.758,competition_risk_moderate,positive_drivers=brand_specific_advantage=0.945 | brand_environment_fit=0.818 | market_opportunity=0.758 || caution_flags=competition_risk_moderate || profile_stability=high_profile_stability || available_recommendation_count=20
3110226,장안1동주민센터,11230,250349606.0,25034.0,10000.383718143325,0.5125866050808315,0.6904761904761905,0.5396825396825397,0.5714285714285714,0.9603174603174603,0.9126984126984127,0.4087301587301587,0.1865079365079365,0.09126984126984126,0.6825396825396826,BRD_20240814,보리원,0.38221709006928406,False,5222.102258629074,93.3916484736326,14,50,0.3302540415704388,True,0.42132794457274825,0.4474018475750578,0.47347575057736724,262.0,254.0,234.0,250.0,False,direct_size_estimation_deferred,매장 면적·좌석·점포별 매출이 없어 규모별 적합도와 argmax 규모는 산출하지 않음,0.49113661553758076,0.9260969976905312,usable_area_profile,True,balanced_default,True,0.5929157043879908,45.0,0.8438221709006929,0.058583260794855624,1.404408455137805,0.9330254041570438,True,True,0.7552771362586604,23.0,0.7022042275689026,1.404408455137805,True,True,0.6650266759539658,16.0,6,0.6614925482360313,0.7339702509447977,high_profile_stability,balanced_default,상권 환경 프로필이 재표본에도 비교적 안정적이므로 균형 시나리오를 사용,0.9284064665127021,0.9330254041570438,0.5080831408775982,0.76905311778291,brand_specific_advantage=0.933 | brand_environment_fit=0.928 | low_competition_risk=0.769 | market_opportunity=0.508,no_model_level_high_risk_flag,not_recommended__no_store_area_seat_or_store_outcome_data,insufficient,False,False,False,not_observable_from_current_official_html,110,20,top20_available,brand_specific_advantage=0.933 | brand_environment_fit=0.928 | low_competition_risk=0.769,no_model_level_caution_flag,positive_drivers=brand_specific_advantage=0.933 | brand_environment_fit=0.928 | low_competition_risk=0.769 || caution_flags=no_model_level_caution_flag || profile_stability=high_profile_stability || available_recommendation_count=20
3110703,개봉역,11530,566848644.0,58936.0,9618.037260757432,0.7391454965357969,0.8412698412698413,0.8373015873015873,0.5753968253968254,0.5238095238095238,0.7579365079365079,0.7380952380952381,0.18253968253968253,0.12698412698412698,0.7658730158730159,BRD_20240814,보리원,0.45265588914549654,False,3445.974463077718,17.720045128132952,13,29,0.605080831408776,True,0.5386027713625866,0.5959006928406467,0.6531986143187067,192.0,136.0,114.0,147.33333333333334,False,direct_size_estimation_deferred,매장 면적·좌석·점포별 매출이 없어 규모별 적합도와 argmax 규모는 산출하지 않음,0.42999150678640763,0.9607390300230947,usable_area_profile,True,balanced_default,True,0.6483083140877599,22.0,0.8985758275596613,0.054251327030210794,1.1458374544242351,0.836027713625866,True,True,0.7536143187066975,24.0,0.5729187272121176,1.1458374544242351,True,True,0.6610585060253958,17.0,6,0.6614925482360313,0.7339702509447977,high_profile_stability,balanced_default,상권 환경 프로필이 재표본에도 비교적 안정적이므로 균형 시나리오를 사용,0.9630484988452656,0.836027713625866,0.7644341801385681,0.35450346420323325,brand_environment_fit=0.963 | brand_specific_advantage=0.836 | market_opportunity=0.764 | low_competition_risk=0.355,no_model_level_high_risk_flag,not_recommended__no_store_area_seat_or_store_outcome_data,insufficient,False,False,False,not_observable_from_current_official_html,110,20,top20_available,brand_environment_fit=0.963 | brand_specific_advantage=0.836 | market_opportunity=0.764,competition_risk_elevated_but_below_exclusion,positive_drivers=brand_environment_fit=0.963 | brand_specific_advantage=0.836 | market_opportunity=0.764 || caution_flags=competition_risk_elevated_but_below_exclusion || profile_stability=high_profile_stability || available_recommendation_count=20
3120038,약수역,11140,1550178516.0,134777.0,11501.803096967584,0.9235565819861433,0.873015873015873,0.5793650793650794,0.6428571428571429,0.34523809523809523,0.8571428571428571,0.8214285714285714,0.0873015873015873,0.023809523809523808,0.8293650793650794,BRD_20240814,보리원,0.23094688221709006,False,2948.25456839347,62.64183906448842,18,44,0.5502309468822171,True,0.43872979214780605,0.5772517321016167,0.7157736720554273,249.0,146.0,79.0,158.0,False,direct_size_estimation_deferred,매장 면적·좌석·점포별 매출이 없어 규모별 적합도와 argmax 규모는 산출하지 않음,0.3995158892122518,0.9722863741339491,usable_area_profile,True,balanced_default,True,0.7268533487297921,3.0,0.9359122401847575,0.04410525527649033,0.8247120149552871,0.7136258660508084,True,True,0.7716685912240187,14.0,0.41235600747764356,0.8247120149552871,True,True,0.6604908843723715,18.0,6,0.6614925482360313,0.7339702509447977,high_profile_stability,balanced_default,상권 환경 프로필이 재표본에도 비교적 안정적이므로 균형 시나리오를 사용,0.9745958429561201,0.7136258660508084,0.9699769053117783,0.4387990762124711,brand_environment_fit=0.975 | market_opportunity=0.970 | brand_specific_advantage=0.714 | low_competition_risk=0.439,no_model_level_high_risk_flag,not_recommended__no_store_area_seat_or_store_outcome_data,insufficient,False,False,False,not_observable_from_current_official_html,110,20,top20_available,brand_environment_fit=0.975 | market_opportunity=0.970 | brand_specific_advantage=0.714,competition_risk_moderate,positive_drivers=brand_environment_fit=0.975 | market_opportunity=0.970 | brand_specific_advantage=0.714 || caution_flags=competition_risk_moderate || profile_stability=high_profile_stability || available_recommendation_count=20
3130072,성동용답상가시장,11200,441220675.0,42751.0,10320.710041870365,0.6748267898383372,0.9206349206349206,0.38492063492063494,0.5555555555555556,0.9920634920634921,0.9841269841269841,0.9563492063492064,0.10317460317460317,0.015873015873015872,0.07936507936507936,BRD_20240814,보리원,0.08083140877598152,False,4078.776899966216,135.0925608781212,10,28,0.1489607390300231,True,0.2590300230946882,0.37782909930715936,0.49662817551963045,360.0,304.0,218.0,294.0,False,direct_size_estimation_deferred,매장 면적·좌석·점포별 매출이 없어 규모별 적합도와 argmax 규모는 산출하지 않음,0.2991908625752601,0.9976905311778291,usable_area_profile,True,balanced_default,True,0.7126905311778291,4.0,0.9837374903772133,0.015581629901107024,0.8954801833423448,0.7413394919168591,True,True,0.7759468822170901,12.0,0.4477400916711724,0.8954801833423448,True,True,0.6597113415537326,19.0,6,0.6614925482360313,0.7339702509447977,high_profile_stability,balanced_default,상권 환경 프로필이 재표본에도 비교적 안정적이므로 균형 시나리오를 사용,1.0,0.7413394919168591,0.6951501154734411,0.9122401847575058,brand_environment_fit=1.000 | low_competition_risk=0.912 | brand_specific_advantage=0.741 | market_opportunity=0.695,no_model_level_high_risk_flag,not_recommended__no_store_area_seat_or_store_outcome_data,insufficient,False,False,False,not_observable_from_current_official_html,110,20,top20_available,brand_environment_fit=1.000 | low_competition_risk=0.912 | brand_specific_advantage=0.741,no_model_level_caution_flag,positive_drivers=brand_environment_fit=1.000 | low_competition_risk=0.912 | brand_specific_advantage=0.741 || caution_flags=no_model_level_caution_flag || profile_stability=high_profile_stability || available_recommendation_count=20
3110883,은천초등학교(은천교앞),11620,384324031.0,36658.0,10484.042528233946,0.6409930715935335,0.6944444444444444,0.5833333333333334,0.49603174603174605,0.8611111111111112,0.9801587301587301,0.8690476190476191,0.027777777777777776,0.051587301587301584,0.3412698412698413,BRD_20240814,보리원,0.27829099307159355,False,7319.942964247961,165.06059494972328,13,69,0.17782909930715937,True,0.38710161662817555,0.4596420323325635,0.5321824480369515,284.0,242.0,192.0,239.33333333333334,False,direct_size_estimation_deferred,매장 면적·좌석·점포별 매출이 없어 규모별 적합도와 argmax 규모는 산출하지 않음,0.29937663835157374,0.9953810623556582,usable_area_profile,True,balanced_default,True,0.6953637413394919,6.0,0.9701693610469592,0.026750654894371177,0.9424704332754106,0.7621247113163973,True,True,0.7690877598152425,16.0,0.4712352166377053,0.9424704332754106,True,True,0.6557810556153446,20.0,6,0.6614925482360313,0.7339702509447977,high_profile_stability,balanced_default,상권 환경 프로필이 재표본에도 비교적 안정적이므로 균형 시나리오를 사용,0.9976905311778291,0.7621247113163973,0.6558891454965358,0.8960739030023095,brand_environment_fit=0.998 | low_competition_risk=0.896 | brand_specific_advantage=0.762 | market_opportunity=0.656,no_model_level_high_risk_flag,not_recommended__no_store_area_seat_or_store_outcome_data,insufficient,False,False,False,not_observable_from_current_official_html,110,20,top20_available,brand_environment_fit=0.998 | low_competition_risk=0.896 | brand_specific_advantage=0.762,no_model_level_caution_flag,positive_drivers=brand_environment_fit=0.998 | low_competition_risk=0.896 | brand_specific_advantage=0.762 || caution_flags=no_model_level_caution_flag || profile_stability=high_profile_stability || available_recommendation_count=20
3110757,양평역 2번,11560,354537095.0,35555.0,9971.511601743778,0.6085450346420324,0.8571428571428571,0.7698412698412699,0.5277777777777778,0.23809523809523808,0.9007936507936508,0.9761904761904762,0.3373015873015873,0.047619047619047616,0.25,BRD_20212010,복호두,0.2840646651270208,False,1420.215476620643,46.38965399869973,10,60,0.4382217090069284,True,0.38140877598152423,0.44630484988452657,0.5112009237875289,257.0,221.0,188.0,222.0,False,direct_size_estimation_deferred,매장 면적·좌석·점포별 매출이 없어 규모별 적합도와 argmax 규모는 산출하지 않음,0.5109704203668317,0.9607390300230947,usable_area_profile,True,balanced_default,True,0.6276270207852195,27.0,0.765877598152425,0.08967530419906314,2.172966499652036,0.9722863741339491,True,True,0.7939665127020786,7.5,1.0,2.172966499652036,True,True,0.7945727482678984,1.0,30,0.6274566649946057,0.7287591229754412,high_profile_stability,balanced_default,상권 환경 프로필이 재표본에도 비교적 안정적이므로 균형 시나리오를 사용,0.9630484988452656,0.9792147806004619,0.6189376443418014,0.6027713625866051,brand_specific_advantage=0.979 | brand_environment_fit=0.963 | market_opportunity=0.619 | low_competition_risk=0.603,no_model_level_high_risk_flag,not_recommended__no_store_area_seat_or_store_outcome_data,rich,True,True,False,not_observable_from_current_official_html,76,20,top20_available,brand_specific_advantage=0.979 | brand_environment_fit=0.963,competition_risk_moderate,positive_drivers=brand_specific_advantage=0.979 | brand_environment_fit=0.963 || caution_flags=competition_risk_moderate || profile_stability=high_profile_stability || available_recommendation_count=20
3120218,코엑스,11680,817082884.0,73448.0,11124.64442871147,0.8325635103926097,0.7817460317460317,0.18253968253968253,0.75,0.6468253968253969,0.8531746031746031,0.9206349206349206,0.4365079365079365,0.027777777777777776,0.4880952380952381,BRD_20212010,복호두,0.7621247113163973,False,1746.5362864719255,37.215588113896615,20,42,0.7020785219399538,True,0.783256351039261,0.7973441108545034,0.8114318706697459,48.0,31.0,29.0,36.0,False,direct_size_estimation_deferred,매장 면적·좌석·점포별 매출이 없어 규모별 적합도와 argmax 규모는 산출하지 않음,0.7679304280553125,0.7967667436489607,usable_area_profile,True,balanced_default,True,0.5844688221709007,57.0,0.6758083140877598,0.06973715522685474,1.7344904472762557,0.9399538106235565,True,True,0.7594688221709007,11.0,0.8672452236381278,1.7344904472762557,True,True,0.7203372139546379,2.0,30,0.6274566649946057,0.7287591229754412,high_profile_stability,balanced_default,상권 환경 프로필이 재표본에도 비교적 안정적이므로 균형 시나리오를 사용,0.7990762124711316,0.9399538106235565,0.8706697459584296,0.22170900692840648,brand_specific_advantage=0.940 | market_opportunity=0.871 | brand_environment_fit=0.799 | low_competition_risk=0.222,no_model_level_high_risk_flag,not_recommended__no_store_area_seat_or_store_outcome_data,rich,True,True,False,not_observable_from_current_official_html,76,20,top20_available,brand_specific_advantage=0.940 | market_opportunity=0.871 | brand_environment_fit=0.799,competition_risk_elevated_but_below_exclusion,positive_drivers=brand_specific_advantage=0.940 | market_opportunity=0.871 | brand_environment_fit=0.799 || caution_flags=competition_risk_elevated_but_below_exclusion || profile_stability=high_profile_stability || available_recommendation_count=20
3120037,동대문역사문화공원역,11140,991150857.0,75063.0,13204.253187322649,0.8695150115473441,0.873015873015873,0.5793650793650794,0.6428571428571429,0.34523809523809523,0.8571428571428571,0.8214285714285714,0.0873015873015873,0.023809523809523808,0.8293650793650794,BRD_20212010,복호두,0.20092378752886836,False,1515.5969121096532,125.25573836405046,15,74,0.2823325635103926,True,0.40150115473441106,0.5352193995381063,0.6689376443418014,242.0,163.0,92.0,165.66666666666666,False,direct_size_estimation_deferred,매장 면적·좌석·점포별 매출이 없어 규모별 적합도와 argmax 규모는 산출하지 않음,0.6201938961004013,0.9122401847575058,usable_area_profile,True,balanced_default,True,0.7181004618937645,2.0,0.7372016936104696,0.1468679111485937,1.1918089511734178,0.8660508083140878,True,True,0.8385969976905312,1.0,0.5959044755867089,1.1918089511734178,True,True,0.716996127656272,3.0,30,0.6274566649946057,0.7287591229754412,high_profile_stability,balanced_default,상권 환경 프로필이 재표본에도 비교적 안정적이므로 균형 시나리오를 사용,0.9145496535796767,0.8660508083140878,0.9053117782909931,0.8302540415704388,brand_environment_fit=0.915 | market_opportunity=0.905 | brand_specific_advantage=0.866 | low_competition_risk=0.830,no_model_level_high_risk_flag,not_recommended__no_store_area_seat_or_store_outcome_data,rich,True,True,False,not_observable_from_current_official_html,76,20,top20_available,brand_environment_fit=0.915 | market_opportunity=0.905 | brand_specific_advantage=0.866 | low_competition_risk=0.830,no_model_level_caution_flag,positive_drivers=brand_environment_fit=0.915 | market_opportunity=0.905 | brand_specific_advantage=0.866 | low_competition_risk=0.830 || caution_flags=no_model_level_caution_flag || profile_stability=high_profile_stability || available_recommendation_count=20
3001496,강남 마이스 관광특구,11680,1293218183.0,103941.0,12441.848577558423,0.9066974595842956,0.7817460317460317,0.18253968253968253,0.75,0.6468253968253969,0.8531746031746031,0.9206349206349206,0.4365079365079365,0.027777777777777776,0.4880952380952381,BRD_20212010,복호두,0.7621247113163973,False,1653.24559578117,97.94386148455335,20,41,0.45727482678983833,True,0.8054965357967667,0.8344110854503464,0.863325635103926,37.0,18.0,12.0,22.333333333333332,False,direct_size_estimation_deferred,매장 면적·좌석·점포별 매출이 없어 규모별 적합도와 argmax 규모는 산출하지 않음,0.7858502465137118,0.7829099307159353,usable_area_profile,True,balanced_default,True,0.6402078521939953,19.0,0.6463625866050808,0.09680938525641579,1.410476306085263,0.9099307159353349,True,True,0.8022632794457275,4.0,0.7052381530426315,1.410476306085263,True,True,0.7017987115325884,4.0,30,0.6274566649946057,0.7287591229754412,high_profile_stability,balanced_default,상권 환경 프로필이 재표본에도 비교적 안정적이므로 균형 시나리오를 사용,0.7852193995381063,0.9099307159353349,0.9561200923787528,0.5681293302540416,market_opportunity=0.956 | brand_specific_advantage=0.910 | brand_environment_fit=0.785 | low_competition_risk=0.568,no_model_level_high_risk_flag,not_recommended__no_store_area_seat_or_store_outcome_data,rich,True,True,False,not_observable_from_current_official_html,76,20,top20_available,market_opportunity=0.956 | brand_specific_advantage=0.910 | brand_environment_fit=0.785,competition_risk_moderate,positive_drivers=market_opportunity=0.956 | brand_specific_advantage=0.910 | brand_environment_fit=0.785 || caution_flags=competition_risk_moderate || profile_stability=high_profile_stability || available_recommendation_count=20
3120208,청담사거리(청담동명품거리),11680,990117589.0,45474.0,21773.267999296302,0.8292147806004619,0.7817460317460317,0.18253968253968253,0.75,0.6468253968253969,0.8531746031746031,0.9206349206349206,0.4365079365079365,0.027777777777777776,0.4880952380952381,BRD_20212010,복호두,0.7621247113163973,False,1883.5211705714996,112.3610252495735,13,63,0.25635103926096997,True,0.7822517321016167,0.7956697459584297,0.8090877598152425,50.0,32.0,31.0,37.666666666666664,False,direct_size_estimation_deferred,매장 면적·좌석·점포별 매출이 없어 규모별 적합도와 argmax 규모는 산출하지 않음,0.8398500959884164,0.7344110854503465,usable_area_profile,True,balanced_default,True,0.6189780600461895,37.0,0.5710161662817552,0.1132720169637635,1.4425003063277528,0.9237875288683602,True,True,0.8001501154734412,5.0,0.7212501531638764,1.4425003063277528,True,True,0.6911500247389964,5.0,30,0.6274566649946057,0.7287591229754412,high_profile_stability,balanced_default,상권 환경 프로필이 재표본에도 비교적 안정적이므로 균형 시나리오를 사용,0.7367205542725174,0.9237875288683602,0.8660508083140878,0.8545034642032333,brand_specific_advantage=0.924 | market_opportunity=0.866 | low_competition_risk=0.855 | brand_environment_fit=0.737,no_model_level_high_risk_flag,not_recommended__no_store_area_seat_or_store_outcome_data,rich,True,True,False,not_observable_from_current_official_html,76,20,top20_available,brand_specific_advantage=0.924 | market_opportunity=0.866 | low_competition_risk=0.855 | brand_environment_fit=0.737,no_model_level_caution_flag,positive_drivers=brand_specific_advantage=0.924 | market_opportunity=0.866 | low_competition_risk=0.855 | brand_environment_fit=0.737 || caution_flags=no_model_level_caution_flag || profile_stability=high_profile_stability || available_recommendation_count=20
3120106,마포역,11440,226745831.0,34131.0,6643.398406141045,0.4958429561200923,0.9404761904761905,0.4246031746031746,0.5833333333333334,0.9642857142857143,0.9880952380952381,0.9841269841269841,0.1111111111111111,0.011904761904761904,0.051587301587301584,BRD_20212010,복호두,0.11662817551963048,False,1143.7539070917683,40.792156090232105,17,58,0.6270207852193995,True,0.23039260969976902,0.3062355658198614,0.38207852193995373,344.0,322.0,260.0,308.6666666666667,False,direct_size_estimation_deferred,매장 면적·좌석·점포별 매출이 없어 규모별 적합도와 argmax 규모는 산출하지 않음,0.7932686462840706,0.7806004618937644,usable_area_profile,True,balanced_default,True,0.46979214780600465,125.0,0.5895881447267128,0.08661473097266041,2.20530982457642,0.976905311778291,True,True,0.6796420323325635,35.0,1.0,2.20530982457642,True,True,0.6844688221709007,6.0,30,0.6274566649946057,0.7287591229754412,high_profile_stability,balanced_default,상권 환경 프로필이 재표본에도 비교적 안정적이므로 균형 시나리오를 사용,0.7829099307159353,0.9792147806004619,0.48498845265588914,0.3163972286374134,brand_specific_advantage=0.979 | brand_environment_fit=0.783 | market_opportunity=0.485 | low_competition_risk=0.316,no_model_level_high_risk_flag,not_recommended__no_store_area_seat_or_store_outcome_data,rich,True,True,False,not_observable_from_current_official_html,76,20,top20_available,brand_specific_advantage=0.979 | brand_environment_fit=0.783,competition_risk_elevated_but_below_exclusion,positive_drivers=brand_specific_advantage=0.979 | brand_environment_fit=0.783 || caution_flags=competition_risk_elevated_but_below_exclusion || profile_stability=high_profile_stability || available_recommendation_count=20
3120175,남부터미널역,11650,960650667.0,103198.0,9308.810897498013,0.8390300230946882,0.7619047619047619,0.2857142857142857,0.7023809523809523,0.6785714285714286,0.8293650793650794,0.7777777777777778,0.42857142857142855,0.08333333333333333,0.5198412698412699,BRD_20212010,복호두,0.9780600461893765,False,1521.3474290882043,49.929950906089985,13,46,0.4826789838337182,True,0.93635103926097,0.9085450346420323,0.8807390300230946,5.0,7.0,10.0,7.333333333333333,False,direct_size_estimation_deferred,매장 면적·좌석·점포별 매출이 없어 규모별 적합도와 argmax 규모는 산출하지 않음,0.546852503068328,0.9468822170900693,usable_area_profile,True,balanced_default,True,0.6946997690531177,7.0,0.8356428021555042,0.10952373119230398,1.0156649497198795,0.8060046189376443,True,True,0.7857736720554273,9.0,0.5078324748599398,1.0156649497198795,True,True,0.6706397495728033,7.0,30,0.6274566649946057,0.7287591229754412,high_profile_stability,balanced_default,상권 환경 프로필이 재표본에도 비교적 안정적이므로 균형 시나리오를 사용,0.9491916859122402,0.8060046189376443,0.8822170900692841,0.5196304849884527,brand_environment_fit=0.949 | market_opportunity=0.882 | brand_specific_advantage=0.806 | low_competition_risk=0.520,no_model_level_high_risk_flag,not_recommended__no_store_area_seat_or_store_outcome_data,rich,True,True,False,not_observable_from_current_official_html,76,20,top20_available,brand_environment_fit=0.949 | market_opportunity=0.882 | brand_specific_advantage=0.806,competition_risk_moderate,positive_drivers=brand_environment_fit=0.949 | market_opportunity=0.882 | brand_specific_advantage=0.806 || caution_flags=competition_risk_moderate || profile_stability=high_profile_stability || available_recommendation_count=20
3120148,국회의사당역(국회의사당),11560,658683908.0,52751.0,12486.662015885955,0.7863741339491918,0.8571428571428571,0.7698412698412699,0.5277777777777778,0.23809523809523808,0.9007936507936508,0.9761904761904762,0.3373015873015873,0.047619047619047616,0.25,BRD_20212010,복호두,0.2840646651270208,False,1286.2663021312262,117.8346298709127,7,35,0.13799076212471129,True,0.434757505773672,0.5352193995381063,0.6356812933025404,219.0,164.0,108.0,163.66666666666666,False,direct_size_estimation_deferred,매장 면적·좌석·점포별 매출이 없어 규모별 적합도와 argmax 규모는 산출하지 않음,0.8194378363387584,0.7528868360277137,usable_area_profile,True,balanced_default,True,0.6309757505773672,24.0,0.6668591224018475,0.06752546032082155,1.2740041047797108,0.8822170900692841,True,True,0.7939665127020786,7.5,0.6370020523898554,1.2740041047797108,True,True,0.669255568220976,8.0,30,0.6274566649946057,0.7287591229754412,high_profile_stability,balanced_default,상권 환경 프로필이 재표본에도 비교적 안정적이므로 균형 시나리오를 사용,0.7551963048498845,0.8822170900692841,0.8175519630484989,0.9284064665127021,low_competition_risk=0.928 | brand_specific_advantage=0.882 | market_opportunity=0.818 | brand_environment_fit=0.755,no_model_level_high_risk_flag,not_recommended__no_store_area_seat_or_store_outcome_data,rich,True,True,False,not_observable_from_current_official_html,76,20,top20_available,low_competition_risk=0.928 | brand_specific_advantage=0.882 | market_opportunity=0.818 | brand_environment_fit=0.755,no_model_level_caution_flag,positive_drivers=low_competition_risk=0.928 | brand_specific_advantage=0.882 | market_opportunity=0.818 | brand_environment_fit=0.755 || caution_flags=no_model_level_caution_flag || profile_stability=high_profile_stability || available_recommendation_count=20
3130183,상암동상점가,11440,88541371.0,7389.0,11982.862498308295,0.27517321016166285,0.9404761904761905,0.4246031746031746,0.5833333333333334,0.9642857142857143,0.9880952380952381,0.9841269841269841,0.1111111111111111,0.011904761904761904,0.051587301587301584,BRD_20212010,복호두,0.11662817551963048,False,1663.9999999636784,54.488530861091135,10,28,0.3989607390300231,True,0.16419168591224018,0.19590069284064665,0.22760969976905313,357.0,357.0,345.0,353.0,False,direct_size_estimation_deferred,매장 면적·좌석·점포별 매출이 없어 규모별 적합도와 argmax 규모는 산출하지 않음,0.7358469880164852,0.8290993071593533,usable_area_profile,True,balanced_default,True,0.4510161662817552,141.0,0.560816012317167,0.11058781277131886,2.4259752328853907,0.9907621247113164,True,True,0.6677424942263279,41.0,1.0,2.4259752328853907,True,True,0.669081986143187,9.0,30,0.6274566649946057,0.7287591229754412,high_profile_stability,balanced_default,상권 환경 프로필이 재표본에도 비교적 안정적이므로 균형 시나리오를 사용,0.8314087759815243,0.9792147806004619,0.24942263279445728,0.6651270207852193,brand_specific_advantage=0.979 | brand_environment_fit=0.831 | low_competition_risk=0.665 | market_opportunity=0.249,no_model_level_high_risk_flag,not_recommended__no_store_area_seat_or_store_outcome_data,rich,True,True,False,not_observable_from_current_official_html,76,20,top20_available,brand_specific_advantage=0.979 | brand_environment_fit=0.831,no_model_level_caution_flag,positive_drivers=brand_specific_advantage=0.979 | brand_environment_fit=0.831 || caution_flags=no_model_level_caution_flag || profile_stability=high_profile_stability || available_recommendation_count=20
3120188,압구정역,11680,1784647410.0,134975.0,13222.058973884052,0.9404157043879908,0.7817460317460317,0.18253968253968253,0.75,0.6468253968253969,0.8531746031746031,0.9206349206349206,0.4365079365079365,0.027777777777777776,0.4880952380952381,BRD_20212010,복호두,0.7621247113163973,False,1805.3523201613307,98.31073190628577,25,98,0.5346420323325635,True,0.8156120092378754,0.8512702078521941,0.8869284064665127,33.0,16.0,9.0,19.333333333333332,False,direct_size_estimation_deferred,매장 면적·좌석·점포별 매출이 없어 규모별 적합도와 argmax 규모는 산출하지 않음,0.4596032182021854,0.9815242494226328,usable_area_profile,True,balanced_default,True,0.7397113163972288,1.0,0.9592956120092379,0.027451419670695573,0.8097445480068952,0.7528868360277137,True,True,0.797540415704388,6.0,0.4048722740034476,0.8097445480068952,True,True,0.6668785060628695,10.0,30,0.6274566649946057,0.7287591229754412,high_profile_stability,balanced_default,상권 환경 프로필이 재표본에도 비교적 안정적이므로 균형 시나리오를 사용,0.9838337182448037,0.7528868360277137,0.9745958429561201,0.45958429561200925,brand_environment_fit=0.984 | market_opportunity=0.975 | brand_specific_advantage=0.753 | low_competition_risk=0.460,no_model_level_high_risk_flag,not_recommended__no_store_area_seat_or_store_outcome_data,rich,True,True,False,not_observable_from_current_official_html,76,20,top20_available,brand_environment_fit=0.984 | market_opportunity=0.975 | brand_specific_advantage=0.753,competition_risk_moderate,positive_drivers=brand_environment_fit=0.984 | market_opportunity=0.975 | brand_specific_advantage=0.753 || caution_flags=competition_risk_moderate || profile_stability=high_profile_stability || available_recommendation_count=20
3111089,상일여고(상일초등학교),11740,176509793.0,12810.0,13779.06268540203,0.4165127020785219,0.8452380952380952,0.06746031746031746,0.7063492063492064,0.38492063492063494,0.6626984126984127,0.7182539682539683,0.5833333333333334,0.06746031746031746,0.6507936507936508,BRD_20212010,복호두,0.8175519630484989,False,1058.6770045984842,75.4254599081412,15,16,0.4266743648960739,True,0.6972401847575057,0.6170323325635104,0.536824480369515,88.0,115.0,172.0,125.0,False,direct_size_estimation_deferred,매장 면적·좌석·점포별 매출이 없어 규모별 적합도와 argmax 규모는 산출하지 않음,0.8939873457817921,0.6697459584295612,usable_area_profile,True,balanced_default,True,0.41665127020785214,161.0,0.5064472671285604,0.06843364402462271,2.3862340465494616,0.9815242494226328,True,True,0.654486143187067,48.0,1.0,2.3862340465494616,True,True,0.6458718244803695,11.0,30,0.6274566649946057,0.7287591229754412,high_profile_stability,balanced_default,상권 환경 프로필이 재표본에도 비교적 안정적이므로 균형 시나리오를 사용,0.6720554272517321,0.9792147806004619,0.4133949191685912,0.6166281755196305,brand_specific_advantage=0.979 | brand_environment_fit=0.672 | low_competition_risk=0.617 | market_opportunity=0.413,no_model_level_high_risk_flag,not_recommended__no_store_area_seat_or_store_outcome_data,rich,True,True,False,not_observable_from_current_official_html,76,20,top20_available,brand_specific_advantage=0.979,competition_risk_moderate,positive_drivers=brand_specific_advantage=0.979 || caution_flags=competition_risk_moderate || profile_stability=high_profile_stability || available_recommendation_count=20
3110166,구의1동주민센터,11215,69493815.0,7373.0,9425.446222704462,0.2045034642032333,0.8650793650793651,0.5238095238095238,0.6309523809523809,0.7698412698412699,0.9087301587301587,0.7023809523809523,0.1388888888888889,0.0992063492063492,0.6031746031746031,BRD_20212010,복호두,0.6732101616628176,False,3076.3954557131347,102.18121155091401,20,54,0.4434180138568129,True,0.5325981524249422,0.4388568129330254,0.34511547344110854,170.0,231.0,284.0,228.33333333333334,False,direct_size_estimation_deferred,매장 면적·좌석·점포별 매출이 없어 규모별 적합도와 argmax 규모는 산출하지 않음,0.627922223911634,0.9099307159353349,usable_area_profile,True,balanced_default,True,0.4600288683602772,135.0,0.7502886836027715,0.09106484146929057,1.753058916666526,0.9422632794457275,True,True,0.6447228637413396,55.0,0.876529458333263,1.753058916666526,True,True,0.6320451256591362,12.0,30,0.6274566649946057,0.7287591229754412,high_profile_stability,balanced_default,상권 환경 프로필이 재표본에도 비교적 안정적이므로 균형 시나리오를 사용,0.9122401847575058,0.9422632794457275,0.17090069284064666,0.5935334872979214,brand_specific_advantage=0.942 | brand_environment_fit=0.912 | low_competition_risk=0.594 | market_opportunity=0.171,no_model_level_high_risk_flag,not_recommended__no_store_area_seat_or_store_outcome_data,rich,True,True,False,not_observable_from_current_official_html,76,20,top20_available,brand_specific_advantage=0.942 | brand_environment_fit=0.912,competition_risk_moderate,positive_drivers=brand_specific_advantage=0.942 | brand_environment_fit=0.912 || caution_flags=competition_risk_moderate || profile_stability=high_profile_stability || available_recommendation_count=20
3120192,뱅뱅사거리,11680,602749342.0,66566.0,9054.913048703542,0.7505773672055428,0.7817460317460317,0.18253968253968253,0.75,0.6468253968253969,0.8531746031746031,0.9206349206349206,0.4365079365079365,0.027777777777777776,0.4880952380952381,BRD_20212010,복호두,0.7621247113163973,False,759.5209016574823,16.55294535920727,17,70,0.7124711316397229,True,0.7586605080831409,0.75635103926097,0.754041570438799,66.0,46.0,48.0,53.333333333333336,False,direct_size_estimation_deferred,매장 면적·좌석·점포별 매출이 없어 규모별 적합도와 argmax 규모는 산출하지 않음,0.8764127217990227,0.6859122401847575,usable_area_profile,True,balanced_default,True,0.49878752886836025,105.0,0.5177059276366436,0.10697010641560036,1.5724609256215807,0.9284064665127021,True,True,0.6954387990762125,26.0,0.7862304628107903,1.5724609256215807,True,True,0.6316471746858551,13.0,30,0.6274566649946057,0.7287591229754412,high_profile_stability,balanced_default,상권 환경 프로필이 재표본에도 비교적 안정적이므로 균형 시나리오를 사용,0.6882217090069284,0.9284064665127021,0.7806004618937644,0.19399538106235567,brand_specific_advantage=0.928 | market_opportunity=0.781 | brand_environment_fit=0.688 | low_competition_risk=0.194,no_model_level_high_risk_flag,not_recommended__no_store_area_seat_or_store_outcome_data,rich,True,True,False,not_observable_from_current_official_html,76,20,top20_available,brand_specific_advantage=0.928 | market_opportunity=0.781,competition_risk_elevated_but_below_exclusion | same_brand_distance_750m_to_1000m_review,positive_drivers=brand_specific_advantage=0.928 | market_opportunity=0.781 || caution_flags=competition_risk_elevated_but_below_exclusion | same_brand_distance_750m_to_1000m_review || profile_stability=high_profile_stability || available_recommendation_count=20
3120138,당산2동(영등포우체국),11560,424229969.0,43104.0,9842.00930308092,0.6618937644341802,0.8571428571428571,0.7698412698412699,0.5277777777777778,0.23809523809523808,0.9007936507936508,0.9761904761904762,0.3373015873015873,0.047619047619047616,0.25,BRD_20212010,복호두,0.2840646651270208,False,976.7548310425643,36.769552608453594,24,72,0.7713625866050808,True,0.3974133949191686,0.4729792147806005,0.5485450346420324,247.0,202.0,164.0,204.33333333333334,False,direct_size_estimation_deferred,매장 면적·좌석·점포별 매출이 없어 규모별 적합도와 argmax 규모는 산출하지 않음,0.30967767943962726,0.9953810623556582,usable_area_profile,True,balanced_default,True,0.6136489607390301,41.0,0.9318706697459583,0.057670410762324535,1.1012647867455538,0.8383371824480369,True,True,0.716812933025404,20.0,0.5506323933727769,1.1012647867455538,True,True,0.6294418919529893,14.0,30,0.6274566649946057,0.7287591229754412,high_profile_stability,balanced_default,상권 환경 프로필이 재표본에도 비교적 안정적이므로 균형 시나리오를 사용,0.9976905311778291,0.8383371824480369,0.6812933025404158,0.12240184757505773,brand_environment_fit=0.998 | brand_specific_advantage=0.838 | market_opportunity=0.681 | low_competition_risk=0.122,no_model_level_high_risk_flag,not_recommended__no_store_area_seat_or_store_outcome_data,rich,True,True,False,not_observable_from_current_official_html,76,20,top20_available,brand_environment_fit=0.998 | brand_specific_advantage=0.838,competition_risk_elevated_but_below_exclusion | same_brand_distance_750m_to_1000m_review,positive_drivers=brand_environment_fit=0.998 | brand_specific_advantage=0.838 || caution_flags=competition_risk_elevated_but_below_exclusion | same_brand_distance_750m_to_1000m_review || profile_stability=high_profile_stability || available_recommendation_count=20
3120205,매봉역,11680,580733796.0,60594.0,9584.014852955737,0.7444572748267898,0.7817460317460317,0.18253968253968253,0.75,0.6468253968253969,0.8531746031746031,0.9206349206349206,0.4365079365079365,0.027777777777777776,0.4880952380952381,BRD_20212010,복호두,0.7621247113163973,False,1633.5299201481603,70.4911341990284,16,64,0.4693995381062356,True,0.756824480369515,0.7532909930715935,0.749757505773672,67.0,49.0,49.0,55.0,False,direct_size_estimation_deferred,매장 면적·좌석·점포별 매출이 없어 규모별 적합도와 argmax 규모는 산출하지 않음,0.593435067834385,0.9284064665127021,usable_area_profile,True,balanced_default,True,0.6543533487297921,13.0,0.855080831408776,0.08079051653086988,0.9076020089054453,0.7852193995381063,True,True,0.7455369515011546,13.0,0.45380100445272264,0.9076020089054453,True,True,0.6229469797339725,15.0,30,0.6274566649946057,0.7287591229754412,high_profile_stability,balanced_default,상권 환경 프로필이 재표본에도 비교적 안정적이므로 균형 시나리오를 사용,0.930715935334873,0.7852193995381063,0.7713625866050808,0.5484988452655889,brand_environment_fit=0.931 | brand_specific_advantage=0.785 | market_opportunity=0.771 | low_competition_risk=0.548,no_model_level_high_risk_flag,not_recommended__no_store_area_seat_or_store_outcome_data,rich,True,True,False,not_observable_from_current_official_html,76,20,top20_available,brand_environment_fit=0.931 | brand_specific_advantage=0.785 | market_opportunity=0.771,competition_risk_moderate,positive_drivers=brand_environment_fit=0.931 | brand_specific_advantage=0.785 | market_opportunity=0.771 || caution_flags=competition_risk_moderate || profile_stability=high_profile_stability || available_recommendation_count=20
3120022,북창동(시청역_6번),11140,245879163.0,30702.0,8008.571526284933,0.5048498845265589,0.873015873015873,0.5793650793650794,0.6428571428571429,0.34523809523809523,0.8571428571428571,0.8214285714285714,0.0873015873015873,0.023809523809523808,0.8293650793650794,BRD_20212010,복호두,0.20092378752886836,False,805.1049620603306,52.39274758799247,36,96,0.7881062355658199,True,0.29210161662817546,0.35288683602771365,0.41367205542725166,310.0,290.0,239.0,279.6666666666667,False,direct_size_estimation_deferred,매장 면적·좌석·점포별 매출이 없어 규모별 적합도와 argmax 규모는 산출하지 않음,0.9455238366675044,0.628175519630485,usable_area_profile,True,balanced_default,True,0.37256928406466516,182.0,0.4164742109314858,0.08026761526405414,2.6374436066472304,0.9953810623556582,True,True,0.6198441108545034,69.0,1.0,2.6374436066472304,True,True,0.6172632794457275,16.0,30,0.6274566649946057,0.7287591229754412,high_profile_stability,balanced_default,상권 환경 프로필이 재표본에도 비교적 안정적이므로 균형 시나리오를 사용,0.6304849884526559,0.9792147806004619,0.4942263279445728,0.10277136258660508,brand_specific_advantage=0.979 | brand_environment_fit=0.630 | market_opportunity=0.494 | low_competition_risk=0.103,no_model_level_high_risk_flag,not_recommended__no_store_area_seat_or_store_outcome_data,rich,True,True,False,not_observable_from_current_official_html,76,20,top20_available,brand_specific_advantage=0.979,competition_risk_elevated_but_below_exclusion | same_brand_distance_750m_to_1000m_review,positive_drivers=brand_specific_advantage=0.979 || caution_flags=competition_risk_elevated_but_below_exclusion | same_brand_distance_750m_to_1000m_review || profile_stability=high_profile_stability || available_recommendation_count=20
3120056,구의역,11215,311680026.0,30426.0,10243.871228554526,0.5764434180138568,0.8650793650793651,0.5238095238095238,0.6309523809523809,0.7698412698412699,0.9087301587301587,0.7023809523809523,0.1388888888888889,0.0992063492063492,0.6031746031746031,BRD_20212010,복호두,0.6732101616628176,False,2776.5651441926893,109.93179701028201,24,62,0.48498845265588914,True,0.6441801385681293,0.6248267898383372,0.605473441108545,117.0,111.0,128.0,118.66666666666667,False,direct_size_estimation_deferred,매장 면적·좌석·점포별 매출이 없어 규모별 적합도와 argmax 규모는 산출하지 않음,0.3058085025990594,0.9976905311778291,usable_area_profile,True,balanced_default,True,0.6278521939953811,26.0,0.9880677444187836,0.010739200973532492,0.8960430839092699,0.7806004618937644,True,True,0.7117321016166281,21.0,0.44802154195463495,0.8960430839092699,True,True,0.6016112348342377,17.0,30,0.6274566649946057,0.7287591229754412,high_profile_stability,balanced_default,상권 환경 프로필이 재표본에도 비교적 안정적이므로 균형 시나리오를 사용,1.0,0.7806004618937644,0.5935334872979214,0.5092378752886836,brand_environment_fit=1.000 | brand_specific_advantage=0.781 | market_opportunity=0.594 | low_competition_risk=0.509,no_model_level_high_risk_flag,not_recommended__no_store_area_seat_or_store_outcome_data,rich,True,True,False,not_observable_from_current_official_html,76,20,top20_available,brand_environment_fit=1.000 | brand_specific_advantage=0.781,competition_risk_moderate,positive_drivers=brand_environment_fit=1.000 | brand_specific_advantage=0.781 || caution_flags=competition_risk_moderate || profile_stability=high_profile_stability || available_recommendation_count=20
3110810,영신초등학교,11560,325709619.0,29453.0,11058.62285675483,0.5928406466512702,0.8571428571428571,0.7698412698412699,0.5277777777777778,0.23809523809523808,0.9007936507936508,0.9761904761904762,0.3373015873015873,0.047619047619047616,0.25,BRD_20212010,복호두,0.2840646651270208,False,1525.260633494801,74.63243262412867,11,41,0.3441108545034642,True,0.37669745958429557,0.4384526558891455,0.5002078521939953,259.0,232.0,191.0,227.33333333333334,False,direct_size_estimation_deferred,매장 면적·좌석·점포별 매출이 없어 규모별 적합도와 argmax 규모는 산출하지 않음,0.44622229775283795,0.9861431870669746,usable_area_profile,True,balanced_default,True,0.6489491916859123,14.0,0.941108545034642,0.05647173325249758,0.7974722828317083,0.745958429561201,True,True,0.7204618937644343,18.0,0.3987361414158542,0.7974722828317083,True,True,0.5985068411814611,18.0,30,0.6274566649946057,0.7287591229754412,high_profile_stability,balanced_default,상권 환경 프로필이 재표본에도 비교적 안정적이므로 균형 시나리오를 사용,0.9884526558891455,0.745958429561201,0.6073903002309469,0.7482678983833718,brand_environment_fit=0.988 | low_competition_risk=0.748 | brand_specific_advantage=0.746 | market_opportunity=0.607,no_model_level_high_risk_flag,not_recommended__no_store_area_seat_or_store_outcome_data,rich,True,True,False,not_observable_from_current_official_html,76,20,top20_available,brand_environment_fit=0.988 | low_competition_risk=0.748 | brand_specific_advantage=0.746,no_model_level_caution_flag,positive_drivers=brand_environment_fit=0.988 | low_competition_risk=0.748 | brand_specific_advantage=0.746 || caution_flags=no_model_level_caution_flag || profile_stability=high_profile_stability || available_recommendation_count=20
3111090,강일동주민센터,11740,428404856.0,36116.0,11861.913168678702,0.6680138568129331,0.8452380952380952,0.06746031746031746,0.7063492063492064,0.38492063492063494,0.6626984126984127,0.7182539682539683,0.5833333333333334,0.06746031746031746,0.6507936507936508,BRD_20212010,복호두,0.8175519630484989,False,978.7772984617301,59.13543778863246,4,12,0.31177829099307164,True,0.772690531177829,0.7427829099307159,0.7128752886836027,56.0,55.0,69.0,60.0,False,direct_size_estimation_deferred,매장 면적·좌석·점포별 매출이 없어 규모별 적합도와 argmax 규모는 산출하지 않음,0.8423928354671769,0.7274826789838338,usable_area_profile,True,balanced_default,True,0.5507794457274827,70.0,0.6291377983063895,0.08289762773977448,1.1863413146894937,0.8637413394919169,True,True,0.7173787528868361,19.0,0.5931706573447468,1.1863413146894937,True,True,0.5980543028189294,19.0,30,0.6274566649946057,0.7287591229754412,high_profile_stability,balanced_default,상권 환경 프로필이 재표본에도 비교적 안정적이므로 균형 시나리오를 사용,0.7297921478060047,0.8637413394919169,0.6859122401847575,0.7875288683602771,brand_specific_advantage=0.864 | low_competition_risk=0.788 | brand_environment_fit=0.730 | market_opportunity=0.686,no_model_level_high_risk_flag,not_recommended__no_store_area_seat_or_store_outcome_data,rich,True,True,False,not_observable_from_current_official_html,76,20,top20_available,brand_specific_advantage=0.864 | low_competition_risk=0.788 | brand_environment_fit=0.730,same_brand_distance_750m_to_1000m_review,positive_drivers=brand_specific_advantage=0.864 | low_competition_risk=0.788 | brand_environment_fit=0.730 || caution_flags=same_brand_distance_750m_to_1000m_review || profile_stability=high_profile_stability || available_recommendation_count=20
3120009,종로3가역,11110,773341001.0,64864.0,11922.499398741984,0.8273672055427251,0.876984126984127,0.42857142857142855,0.503968253968254,0.75,0.9444444444444444,0.8531746031746031,0.2619047619047619,0.05952380952380952,0.3611111111111111,BRD_20212010,복호두,0.8914549653579676,False,883.4760890729258,125.80143085865113,24,101,0.4549653579676674,True,0.8722286374133948,0.8594110854503464,0.8465935334872978,14.0,14.0,21.0,16.333333333333332,False,direct_size_estimation_deferred,매장 면적·좌석·점포별 매출이 없어 규모별 적합도와 argmax 규모는 산출하지 않음,0.4743697048220879,0.9792147806004619,usable_area_profile,True,balanced_default,True,0.7109411085450347,4.0,0.9535219399538106,0.05047087142510804,0.5090627508735595,0.6535796766743649,True,True,0.7351616628175519,16.0,0.2545313754367797,0.5090627508735595,True,True,0.593156420201949,20.0,30,0.6274566649946057,0.7287591229754412,high_profile_stability,balanced_default,상권 환경 프로필이 재표본에도 비교적 안정적이므로 균형 시나리오를 사용,0.9815242494226328,0.6535796766743649,0.8637413394919169,0.5773672055427251,brand_environment_fit=0.982 | market_opportunity=0.864 | brand_specific_advantage=0.654 | low_competition_risk=0.577,no_model_level_high_risk_flag,not_recommended__no_store_area_seat_or_store_outcome_data,rich,True,True,False,not_observable_from_current_official_html,76,20,top20_available,brand_environment_fit=0.982 | market_opportunity=0.864,competition_risk_moderate | same_brand_distance_750m_to_1000m_review,positive_drivers=brand_environment_fit=0.982 | market_opportunity=0.864 || caution_flags=competition_risk_moderate | same_brand_distance_750m_to_1000m_review || profile_stability=high_profile_stability || available_recommendation_count=20
3110640,방화역 1번,11500,671414576.0,62982.0,10660.420056524086,0.7871824480369516,0.8373015873015873,0.23809523809523808,0.623015873015873,0.32142857142857145,0.8333333333333334,0.9246031746031746,0.46825396825396826,0.05555555555555555,0.42063492063492064,BRD_20080200287,브레댄코(bread&co.DAILY-NEW),0.6824480369515011,False,1335.611470416183,241.56986569432095,5,25,0.02482678983833718,True,0.7138683602771363,0.7348152424942264,0.7557621247113164,88.0,67.0,57.0,70.66666666666667,False,direct_size_estimation_deferred,매장 면적·좌석·점포별 매출이 없어 규모별 적합도와 argmax 규모는 산출하지 않음,0.5883815780241813,0.8845265588914549,usable_area_profile,True,balanced_default,True,0.7140531177829099,5.0,0.8122594303310239,0.05032439479240749,1.4360257854771876,0.9792147806004619,True,True,0.8894745958429562,1.0,0.7180128927385938,1.4360257854771876,True,True,0.7552017410959212,1.0,20,0.5848482802379402,0.773699608743851,high_profile_stability,balanced_default,상권 환경 프로필이 재표본에도 비교적 안정적이므로 균형 시나리오를 사용,0.8868360277136259,0.9792147806004619,0.8198614318706697,0.9907621247113164,low_competition_risk=0.991 | brand_specific_advantage=0.979 | brand_environment_fit=0.887 | market_opportunity=0.820,no_model_level_high_risk_flag,not_recommended__no_store_area_seat_or_store_outcome_data,rich,True,True,False,not_observable_from_current_official_html,92,20,top20_available,low_competition_risk=0.991 | brand_specific_advantage=0.979 | brand_environment_fit=0.887 | market_opportunity=0.820,no_model_level_caution_flag,positive_drivers=low_competition_risk=0.991 | brand_specific_advantage=0.979 | brand_environment_fit=0.887 | market_opportunity=0.820 || caution_flags=no_model_level_caution_flag || profile_stability=high_profile_stability || available_recommendation_count=20
3110002,독립문역 1번,11110,365825854.0,38233.0,9568.32720424764,0.61824480369515,0.876984126984127,0.42857142857142855,0.503968253968254,0.75,0.9444444444444444,0.8531746031746031,0.2619047619047619,0.05952380952380952,0.3611111111111111,BRD_20080200287,브레댄코(bread&co.DAILY-NEW),0.792147806004619,False,2470.153436485276,115.00434770468347,4,14,0.12471131639722863,True,0.7399769053117783,0.7051963048498845,0.6704157043879907,77.0,78.0,94.0,83.0,False,direct_size_estimation_deferred,매장 면적·좌석·점포별 매출이 없어 규모별 적합도와 argmax 규모는 산출하지 않음,0.7508626314843797,0.7482678983833718,usable_area_profile,True,balanced_default,True,0.5718129330254041,66.0,0.6359699769053118,0.047990838955537095,2.339986629158591,1.0,True,True,0.7912471131639723,5.0,1.0,2.339986629158591,True,True,0.7539838337182446,2.0,20,0.5848482802379402,0.773699608743851,high_profile_stability,balanced_default,상권 환경 프로필이 재표본에도 비교적 안정적이므로 균형 시나리오를 사용,0.7505773672055427,1.0,0.6351039260969977,0.9422632794457275,brand_specific_advantage=1.000 | low_competition_risk=0.942 | brand_environment_fit=0.751 | market_opportunity=0.635,no_model_level_high_risk_flag,not_recommended__no_store_area_seat_or_store_outcome_data,rich,True,True,False,not_observable_from_current_official_html,92,20,top20_available,brand_specific_advantage=1.000 | low_competition_risk=0.942 | brand_environment_fit=0.751,no_model_level_caution_flag,positive_drivers=brand_specific_advantage=1.000 | low_competition_risk=0.942 | brand_environment_fit=0.751 || caution_flags=no_model_level_caution_flag || profile_stability=high_profile_stability || available_recommendation_count=20
3120237,경찰병원역,11710,269218788.0,26208.0,10272.389652014652,0.5374133949191686,0.8531746031746031,0.13095238095238096,0.6746031746031746,0.9325396825396826,0.8928571428571429,0.7063492063492064,0.4087301587301587,0.03968253968253968,0.5436507936507936,BRD_20080200287,브레댄코(bread&co.DAILY-NEW),0.558891454965358,False,4513.028362445888,99.84988734815506,15,41,0.3366050808314088,True,0.5524480369515011,0.5481524249422633,0.5438568129330253,178.0,169.0,179.0,175.33333333333334,False,direct_size_estimation_deferred,매장 면적·좌석·점포별 매출이 없어 규모별 적합도와 argmax 규모는 산출하지 않음,0.6037285760267045,0.8729792147806005,usable_area_profile,True,balanced_default,True,0.574093533487298,64.0,0.7843533487297921,0.05648738687723858,1.5689496531927534,0.9953810623556582,True,True,0.7707794457274826,17.0,0.7844748265963767,1.5689496531927534,True,True,0.6808017551285932,3.0,20,0.5848482802379402,0.773699608743851,high_profile_stability,balanced_default,상권 환경 프로필이 재표본에도 비교적 안정적이므로 균형 시나리오를 사용,0.8752886836027713,0.9953810623556582,0.5450346420323325,0.7609699769053118,brand_specific_advantage=0.995 | brand_environment_fit=0.875 | low_competition_risk=0.761 | market_opportunity=0.545,no_model_level_high_risk_flag,not_recommended__no_store_area_seat_or_store_outcome_data,rich,True,True,False,not_observable_from_current_official_html,92,20,top20_available,brand_specific_advantage=0.995 | brand_environment_fit=0.875 | low_competition_risk=0.761,no_model_level_caution_flag,positive_drivers=brand_specific_advantage=0.995 | brand_environment_fit=0.875 | low_competition_risk=0.761 || caution_flags=no_model_level_caution_flag || profile_stability=high_profile_stability || available_recommendation_count=20
3130139,강북종합전통시장(강북종합골목시장),11305,556143075.0,53488.0,10397.529819772659,0.7376443418013857,0.8253968253968254,0.373015873015873,0.31746031746031744,0.42857142857142855,0.5396825396825397,0.1626984126984127,0.051587301587301584,0.5515873015873016,0.9365079365079365,BRD_20080200287,브레댄코(bread&co.DAILY-NEW),0.009237875288683603,False,3782.6499969984675,27.730849249436897,16,47,0.6460739030023095,True,0.22775981524249422,0.37344110854503465,0.519122401847575,356.0,287.0,197.0,280.0,False,direct_size_estimation_deferred,매장 면적·좌석·점포별 매출이 없어 규모별 적합도와 argmax 규모는 산출하지 않음,0.5716304519488598,0.8891454965357968,usable_area_profile,True,balanced_default,True,0.605837182448037,41.0,0.7953233256351039,0.06734513734613744,1.3931543478554362,0.9745958429561201,True,True,0.7809642032332564,9.0,0.6965771739277181,1.3931543478554362,True,True,0.6748066298123456,4.0,20,0.5848482802379402,0.773699608743851,high_profile_stability,balanced_default,상권 환경 프로필이 재표본에도 비교적 안정적이므로 균형 시나리오를 사용,0.8914549653579676,0.9745958429561201,0.7598152424942263,0.2863741339491917,brand_specific_advantage=0.975 | brand_environment_fit=0.891 | market_opportunity=0.760 | low_competition_risk=0.286,no_model_level_high_risk_flag,not_recommended__no_store_area_seat_or_store_outcome_data,rich,True,True,False,not_observable_from_current_official_html,92,20,top20_available,brand_specific_advantage=0.975 | brand_environment_fit=0.891 | market_opportunity=0.760,competition_risk_elevated_but_below_exclusion,positive_drivers=brand_specific_advantage=0.975 | brand_environment_fit=0.891 | market_opportunity=0.760 || caution_flags=competition_risk_elevated_but_below_exclusion || profile_stability=high_profile_stability || available_recommendation_count=20
3130072,성동용답상가시장,11200,441220675.0,42751.0,10320.710041870365,0.6748267898383372,0.9206349206349206,0.38492063492063494,0.5555555555555556,0.9920634920634921,0.9841269841269841,0.9563492063492064,0.10317460317460317,0.015873015873015872,0.07936507936507936,BRD_20080200287,브레댄코(bread&co.DAILY-NEW),0.13394919168591224,False,1639.518221917691,135.0925608781212,10,28,0.14953810623556585,True,0.29621247113163973,0.4043879907621247,0.5125635103926097,319.0,273.0,200.0,264.0,False,direct_size_estimation_deferred,매장 면적·좌석·점포별 매출이 없어 규모별 적합도와 argmax 규모는 산출하지 않음,0.21900453897174432,0.9976905311778291,usable_area_profile,True,balanced_default,True,0.7126039260969977,6.0,0.9837374903772133,0.015581629901107024,0.8954801833423448,0.9006928406466512,True,True,0.8396016166281756,2.0,0.4477400916711724,0.8954801833423448,True,True,0.6596536048331783,5.0,20,0.5848482802379402,0.773699608743851,high_profile_stability,balanced_default,상권 환경 프로필이 재표본에도 비교적 안정적이므로 균형 시나리오를 사용,1.0,0.9006928406466512,0.6951501154734411,0.9122401847575058,brand_environment_fit=1.000 | low_competition_risk=0.912 | brand_specific_advantage=0.901 | market_opportunity=0.695,no_model_level_high_risk_flag,not_recommended__no_store_area_seat_or_store_outcome_data,rich,True,True,False,not_observable_from_current_official_html,92,20,top20_available,brand_environment_fit=1.000 | low_competition_risk=0.912 | brand_specific_advantage=0.901,no_model_level_caution_flag,positive_drivers=brand_environment_fit=1.000 | low_competition_risk=0.912 | brand_specific_advantage=0.901 || caution_flags=no_model_level_caution_flag || profile_stability=high_profile_stability || available_recommendation_count=20
3120009,종로3가역,11110,773341001.0,64864.0,11922.499398741984,0.8273672055427251,0.876984126984127,0.42857142857142855,0.503968253968254,0.75,0.9444444444444444,0.8531746031746031,0.2619047619047619,0.05952380952380952,0.3611111111111111,BRD_20080200287,브레댄코(bread&co.DAILY-NEW),0.792147806004619,False,962.8649957458487,125.80143085865113,24,102,0.45381062355658197,True,0.8027136258660508,0.8097575057736721,0.8168013856812932,51.0,38.0,34.0,41.0,False,direct_size_estimation_deferred,매장 면적·좌석·점포별 매출이 없어 규모별 적합도와 argmax 규모는 산출하지 않음,0.2919057450720428,0.9953810623556582,usable_area_profile,True,balanced_default,True,0.7191974595842956,3.0,0.9535219399538106,0.05047087142510804,0.8293718974906311,0.8868360277136259,True,True,0.833487297921478,3.0,0.41468594874531556,0.8293718974906311,True,True,0.6549841929153638,6.0,20,0.5848482802379402,0.773699608743851,high_profile_stability,balanced_default,상권 환경 프로필이 재표본에도 비교적 안정적이므로 균형 시나리오를 사용,0.9976905311778291,0.8868360277136259,0.8637413394919169,0.581986143187067,brand_environment_fit=0.998 | brand_specific_advantage=0.887 | market_opportunity=0.864 | low_competition_risk=0.582,no_model_level_high_risk_flag,not_recommended__no_store_area_seat_or_store_outcome_data,rich,True,True,False,not_observable_from_current_official_html,92,20,top20_available,brand_environment_fit=0.998 | brand_specific_advantage=0.887 | market_opportunity=0.864,competition_risk_moderate | same_brand_distance_750m_to_1000m_review,positive_drivers=brand_environment_fit=0.998 | brand_specific_advantage=0.887 | market_opportunity=0.864 || caution_flags=competition_risk_moderate | same_brand_distance_750m_to_1000m_review || profile_stability=high_profile_stability || available_recommendation_count=20
3120066,장한평역(장한평),11230,274354373.0,24121.0,11374.087848762489,0.5446882217090069,0.6904761904761905,0.5396825396825397,0.5714285714285714,0.9603174603174603,0.9126984126984127,0.4087301587301587,0.1865079365079365,0.09126984126984126,0.6825396825396826,BRD_20080200287,브레댄코(bread&co.DAILY-NEW),0.6085450346420324,False,2665.8769664039887,70.34912932850425,9,28,0.31639722863741343,True,0.5893879907621247,0.5766166281755196,0.5638452655889146,147.0,144.0,165.0,152.0,False,direct_size_estimation_deferred,매장 면적·좌석·점포별 매출이 없어 규모별 적합도와 argmax 규모는 산출하지 않음,0.540790515983928,0.9030023094688222,usable_area_profile,True,balanced_default,True,0.5946824480369515,53.0,0.8251539645881447,0.05832407008066144,1.3347550123476333,0.9722863741339491,True,True,0.7757621247113163,12.0,0.6673775061738166,1.3347550123476333,True,True,0.654165268038434,7.0,20,0.5848482802379402,0.773699608743851,high_profile_stability,balanced_default,상권 환경 프로필이 재표본에도 비교적 안정적이므로 균형 시나리오를 사용,0.9053117782909931,0.9722863741339491,0.5473441108545035,0.7875288683602771,brand_specific_advantage=0.972 | brand_environment_fit=0.905 | low_competition_risk=0.788 | market_opportunity=0.547,no_model_level_high_risk_flag,not_recommended__no_store_area_seat_or_store_outcome_data,rich,True,True,False,not_observable_from_current_official_html,92,20,top20_available,brand_specific_advantage=0.972 | brand_environment_fit=0.905 | low_competition_risk=0.788,no_model_level_caution_flag,positive_drivers=brand_specific_advantage=0.972 | brand_environment_fit=0.905 | low_competition_risk=0.788 || caution_flags=no_model_level_caution_flag || profile_stability=high_profile_stability || available_recommendation_count=20
3110302,보문역 8번,11290,128718097.0,14654.0,8783.819912651836,0.32598152424942267,0.8690476190476191,0.3888888888888889,0.5912698412698413,0.8333333333333334,0.8055555555555556,0.3333333333333333,0.2222222222222222,0.31746031746031744,0.7420634920634921,BRD_20080200287,브레댄코(bread&co.DAILY-NEW),0.3903002309468822,False,1229.8495842669838,160.0781059502424,9,51,0.10508083140877597,True,0.37100461893764436,0.35814087759815244,0.3452771362586605,274.0,300.0,295.0,289.6666666666667,False,direct_size_estimation_deferred,매장 면적·좌석·점포별 매출이 없어 규모별 적합도와 argmax 규모는 산출하지 않음,0.5206290295339017,0.9145496535796767,usable_area_profile,True,balanced_default,True,0.5556062355658198,73.0,0.8308314087759815,0.05732052017408999,1.4605283509192135,0.9815242494226328,True,True,0.7490069284064664,25.0,0.7302641754596068,1.4605283509192135,True,True,0.6466721380852272,8.0,20,0.5848482802379402,0.773699608743851,high_profile_stability,balanced_default,상권 환경 프로필이 재표본에도 비교적 안정적이므로 균형 시나리오를 사용,0.9168591224018475,0.9815242494226328,0.3094688221709007,0.9491916859122402,brand_specific_advantage=0.982 | low_competition_risk=0.949 | brand_environment_fit=0.917 | market_opportunity=0.309,no_model_level_high_risk_flag,not_recommended__no_store_area_seat_or_store_outcome_data,rich,True,True,False,not_observable_from_current_official_html,92,20,top20_available,brand_specific_advantage=0.982 | low_competition_risk=0.949 | brand_environment_fit=0.917,no_model_level_caution_flag,positive_drivers=brand_specific_advantage=0.982 | low_competition_risk=0.949 | brand_environment_fit=0.917 || caution_flags=no_model_level_caution_flag || profile_stability=high_profile_stability || available_recommendation_count=20
3130229,남구로시장,11530,274660347.0,20732.0,13248.135587497589,0.545150115473441,0.8412698412698413,0.8373015873015873,0.5753968253968254,0.5238095238095238,0.7579365079365079,0.7380952380952381,0.18253968253968253,0.12698412698412698,0.7658730158730159,BRD_20080200287,브레댄코(bread&co.DAILY-NEW),0.7528868360277137,False,2112.981779398346,90.4709898159868,22,42,0.5098152424942264,True,0.6905658198614318,0.6490184757505774,0.6074711316397228,100.0,105.0,138.0,114.33333333333333,False,direct_size_estimation_deferred,매장 면적·좌석·점포별 매출이 없어 규모별 적합도와 argmax 규모는 산출하지 않음,0.6564268616680604,0.8198614318706697,usable_area_profile,True,balanced_default,True,0.5242609699769053,94.0,0.7316204772902233,0.060215796852162294,1.4654120545326272,0.9861431870669746,True,True,0.7274884526558891,34.0,0.7327060272663136,1.4654120545326272,True,True,0.6287046153168818,9.0,20,0.5848482802379402,0.773699608743851,high_profile_stability,balanced_default,상권 환경 프로필이 재표본에도 비교적 안정적이므로 균형 시나리오를 사용,0.8221709006928406,0.9861431870669746,0.5496535796766744,0.48614318706697457,brand_specific_advantage=0.986 | brand_environment_fit=0.822 | market_opportunity=0.550 | low_competition_risk=0.486,no_model_level_high_risk_flag,not_recommended__no_store_area_seat_or_store_outcome_data,rich,True,True,False,not_observable_from_current_official_html,92,20,top20_available,brand_specific_advantage=0.986 | brand_environment_fit=0.822,competition_risk_moderate,positive_drivers=brand_specific_advantage=0.986 | brand_environment_fit=0.822 || caution_flags=competition_risk_moderate || profile_stability=high_profile_stability || available_recommendation_count=20
3110883,은천초등학교(은천교앞),11620,384324031.0,36658.0,10484.042528233946,0.6409930715935335,0.6944444444444444,0.5833333333333334,0.49603174603174605,0.8611111111111112,0.9801587301587301,0.8690476190476191,0.027777777777777776,0.051587301587301584,0.3412698412698413,BRD_20080200287,브레댄코(bread&co.DAILY-NEW),0.6431870669745958,False,1782.2022893404599,165.06059494972328,13,69,0.17840646651270212,True,0.6425288683602771,0.6420900692840646,0.6416512702078522,128.0,110.0,112.0,116.66666666666667,False,direct_size_estimation_deferred,매장 면적·좌석·점포별 매출이 없어 규모별 적합도와 argmax 규모는 산출하지 않음,0.3520733145902216,0.9907621247113164,usable_area_profile,True,balanced_default,True,0.6929676674364895,8.0,0.9701693610469592,0.026750654894371177,0.7698040943547271,0.8706697459584296,True,True,0.8110334872979215,4.0,0.38490204717736354,0.7698040943547271,True,True,0.6238900814081512,10.0,20,0.5848482802379402,0.773699608743851,high_profile_stability,balanced_default,상권 환경 프로필이 재표본에도 비교적 안정적이므로 균형 시나리오를 사용,0.9930715935334873,0.8706697459584296,0.6558891454965358,0.8960739030023095,brand_environment_fit=0.993 | low_competition_risk=0.896 | brand_specific_advantage=0.871 | market_opportunity=0.656,no_model_level_high_risk_flag,not_recommended__no_store_area_seat_or_store_outcome_data,rich,True,True,False,not_observable_from_current_official_html,92,20,top20_available,brand_environment_fit=0.993 | low_competition_risk=0.896 | brand_specific_advantage=0.871,no_model_level_caution_flag,positive_drivers=brand_environment_fit=0.993 | low_competition_risk=0.896 | brand_specific_advantage=0.871 || caution_flags=no_model_level_caution_flag || profile_stability=high_profile_stability || available_recommendation_count=20
3120076,수유역,11305,467733481.0,45202.0,10347.6280031857,0.6957274826789839,0.8253968253968254,0.373015873015873,0.31746031746031744,0.42857142857142855,0.5396825396825397,0.1626984126984127,0.051587301587301584,0.5515873015873016,0.9365079365079365,BRD_20080200287,브레댄코(bread&co.DAILY-NEW),0.009237875288683603,False,3585.143232815887,32.015621227467925,15,42,0.6056581986143188,True,0.21518475750577368,0.35248267898383373,0.48978060046189376,363.0,305.0,211.0,293.0,False,direct_size_estimation_deferred,매장 면적·좌석·점포별 매출이 없어 규모별 적합도와 argmax 규모는 산출하지 않음,0.7698282682820997,0.7274826789838338,usable_area_profile,True,balanced_default,True,0.5163972286374133,100.0,0.6442455735180909,0.05835189558232693,1.4264678916609692,0.976905311778291,True,True,0.7268764434180138,36.0,0.7132339458304846,1.4264678916609692,True,True,0.6176168694933255,11.0,20,0.5848482802379402,0.773699608743851,high_profile_stability,balanced_default,상권 환경 프로필이 재표본에도 비교적 안정적이므로 균형 시나리오를 사용,0.7297921478060047,0.976905311778291,0.7205542725173211,0.34872979214780603,brand_specific_advantage=0.977 | brand_environment_fit=0.730 | market_opportunity=0.721 | low_competition_risk=0.349,no_model_level_high_risk_flag,not_recommended__no_store_area_seat_or_store_outcome_data,rich,True,True,False,not_observable_from_current_official_html,92,20,top20_available,brand_specific_advantage=0.977 | brand_environment_fit=0.730 | market_opportunity=0.721,competition_risk_elevated_but_below_exclusion,positive_drivers=brand_specific_advantage=0.977 | brand_environment_fit=0.730 | market_opportunity=0.721 || caution_flags=competition_risk_elevated_but_below_exclusion || profile_stability=high_profile_stability || available_recommendation_count=20
3120226,석촌고분역,11710,497422151.0,44126.0,11272.767778633912,0.7166281755196304,0.8531746031746031,0.13095238095238096,0.6746031746031746,0.9325396825396826,0.8928571428571429,0.7063492063492064,0.4087301587301587,0.03968253968253968,0.5436507936507936,BRD_20080200287,브레댄코(bread&co.DAILY-NEW),0.558891454965358,False,4973.838055300267,58.872744129090485,22,78,0.6368360277136259,True,0.6062124711316397,0.6377598152424941,0.6693071593533486,142.0,113.0,95.0,116.66666666666667,False,direct_size_estimation_deferred,매장 면적·좌석·점포별 매출이 없어 규모별 적합도와 argmax 규모는 산출하지 않음,0.43517864945457396,0.9745958429561201,usable_area_profile,True,balanced_default,True,0.6425923787528868,23.0,0.9515973826020016,0.02519313875296893,0.9128858686339062,0.9053117782909931,True,True,0.7739665127020785,13.0,0.4564429343169531,0.9128858686339062,True,True,0.6163370131541206,12.0,20,0.5848482802379402,0.773699608743851,high_profile_stability,balanced_default,상권 환경 프로필이 재표본에도 비교적 안정적이므로 균형 시나리오를 사용,0.976905311778291,0.9053117782909931,0.745958429561201,0.30484988452655887,brand_environment_fit=0.977 | brand_specific_advantage=0.905 | market_opportunity=0.746 | low_competition_risk=0.305,no_model_level_high_risk_flag,not_recommended__no_store_area_seat_or_store_outcome_data,rich,True,True,False,not_observable_from_current_official_html,92,20,top20_available,brand_environment_fit=0.977 | brand_specific_advantage=0.905 | market_opportunity=0.746,competition_risk_elevated_but_below_exclusion,positive_drivers=brand_environment_fit=0.977 | brand_specific_advantage=0.905 | market_opportunity=0.746 || caution_flags=competition_risk_elevated_but_below_exclusion || profile_stability=high_profile_stability || available_recommendation_count=20
3120136,영등포구청역,11560,364236315.0,38948.0,9351.861841429598,0.6144341801385681,0.8571428571428571,0.7698412698412699,0.5277777777777778,0.23809523809523808,0.9007936507936508,0.9761904761904762,0.3373015873015873,0.047619047619047616,0.25,BRD_20080200287,브레댄코(bread&co.DAILY-NEW),0.2748267898383372,False,1851.4993923643976,95.12623193815189,26,64,0.5554272517321016,True,0.3767090069284065,0.44463048498845265,0.5125519630484988,269.0,244.0,201.0,238.0,False,direct_size_estimation_deferred,매장 면적·좌석·점포별 매출이 없어 규모별 적합도와 argmax 규모는 산출하지 않음,0.42736006262150084,0.9792147806004619,usable_area_profile,True,balanced_default,True,0.6213452655889146,32.0,0.9475558121632024,0.03168399152789142,0.9992102292222262,0.9260969976905312,True,True,0.7652193995381062,19.0,0.4996051146111131,0.9992102292222262,True,True,0.6156527831854831,13.0,20,0.5848482802379402,0.773699608743851,high_profile_stability,balanced_default,상권 환경 프로필이 재표본에도 비교적 안정적이므로 균형 시나리오를 사용,0.9815242494226328,0.9260969976905312,0.628175519630485,0.42725173210161665,brand_environment_fit=0.982 | brand_specific_advantage=0.926 | market_opportunity=0.628 | low_competition_risk=0.427,no_model_level_high_risk_flag,not_recommended__no_store_area_seat_or_store_outcome_data,rich,True,True,False,not_observable_from_current_official_html,92,20,top20_available,brand_environment_fit=0.982 | brand_specific_advantage=0.926,competition_risk_moderate,positive_drivers=brand_environment_fit=0.982 | brand_specific_advantage=0.926 || caution_flags=competition_risk_moderate || profile_stability=high_profile_stability || available_recommendation_count=20
3130225,개봉중앙시장,11530,344218588.0,30618.0,11242.360310928212,0.6080831408775981,0.8412698412698413,0.8373015873015873,0.5753968253968254,0.5238095238095238,0.7579365079365079,0.7380952380952381,0.18253968253968253,0.12698412698412698,0.7658730158730159,BRD_20080200287,브레댄코(bread&co.DAILY-NEW),0.7528868360277137,False,1235.3157491234379,10.630145801632635,11,31,0.588337182448037,True,0.709445727482679,0.6804849884526558,0.6515242494226328,91.0,89.0,101.0,93.66666666666667,False,direct_size_estimation_deferred,매장 면적·좌석·점포별 매출이 없어 규모별 적합도와 argmax 규모는 산출하지 않음,0.5096135441073774,0.9214780600461894,usable_area_profile,True,balanced_default,True,0.5853175519630485,59.0,0.8553695150115473,0.05916228831081867,1.1174102104930437,0.9468822170900693,True,True,0.7493706697459585,24.0,0.5587051052465218,1.1174102104930437,True,True,0.6112511748270447,14.0,20,0.5848482802379402,0.773699608743851,high_profile_stability,balanced_default,상권 환경 프로필이 재표본에도 비교적 안정적이므로 균형 시나리오를 사용,0.9237875288683602,0.9468822170900693,0.6166281755196305,0.384526558891455,brand_specific_advantage=0.947 | brand_environment_fit=0.924 | market_opportunity=0.617 | low_competition_risk=0.385,no_model_level_high_risk_flag,not_recommended__no_store_area_seat_or_store_outcome_data,rich,True,True,False,not_observable_from_current_official_html,92,20,top20_available,brand_specific_advantage=0.947 | brand_environment_fit=0.924,competition_risk_moderate,positive_drivers=brand_specific_advantage=0.947 | brand_environment_fit=0.924 || caution_flags=competition_risk_moderate || profile_stability=high_profile_stability || available_recommendation_count=20
3120068,사가정역,11260,944293896.0,91431.0,10327.940151589723,0.8467667436489608,0.8492063492063492,0.40476190476190477,0.5,0.39285714285714285,0.623015873015873,0.5714285714285714,0.16666666666666666,0.32936507936507936,0.8134920634920635,BRD_20080200287,브레댄코(bread&co.DAILY-NEW),0.5103926096997691,False,3588.6234129909813,42.201895677975386,26,50,0.7736720554272517,True,0.6113048498845266,0.6785796766743649,0.7458545034642032,140.0,92.0,62.0,98.0,False,direct_size_estimation_deferred,매장 면적·좌석·점포별 매출이 없어 규모별 적합도와 argmax 규모는 산출하지 않음,0.41648927246473844,0.9815242494226328,usable_area_profile,True,balanced_default,True,0.6710796766743649,11.0,0.9523672055427251,0.03852949356737861,0.7567460970884343,0.8637413394919169,True,True,0.7779330254041571,10.0,0.37837304854421716,0.7567460970884343,True,True,0.6102885346579126,15.0,20,0.5848482802379402,0.773699608743851,high_profile_stability,balanced_default,상권 환경 프로필이 재표본에도 비교적 안정적이므로 균형 시나리오를 사용,0.9838337182448037,0.8637413394919169,0.8891454965357968,0.11547344110854503,brand_environment_fit=0.984 | market_opportunity=0.889 | brand_specific_advantage=0.864 | low_competition_risk=0.115,no_model_level_high_risk_flag,not_recommended__no_store_area_seat_or_store_outcome_data,rich,True,True,False,not_observable_from_current_official_html,92,20,top20_available,brand_environment_fit=0.984 | market_opportunity=0.889 | brand_specific_advantage=0.864,competition_risk_elevated_but_below_exclusion,positive_drivers=brand_environment_fit=0.984 | market_opportunity=0.889 | brand_specific_advantage=0.864 || caution_flags=competition_risk_elevated_but_below_exclusion || profile_stability=high_profile_stability || available_recommendation_count=20
3110943,법제교육센터(버들어린이공원),11650,849985150.0,98576.0,8622.637863171563,0.812471131639723,0.7619047619047619,0.2857142857142857,0.7023809523809523,0.6785714285714286,0.8293650793650794,0.7777777777777778,0.42857142857142855,0.08333333333333333,0.5198412698412699,BRD_20080200287,브레댄코(bread&co.DAILY-NEW),0.9780600461893765,False,2350.530365689879,67.35725648954265,25,54,0.6495381062355658,True,0.9283833718244804,0.8952655889145498,0.862147806004619,6.0,10.0,19.0,11.666666666666666,False,direct_size_estimation_deferred,매장 면적·좌석·점포별 매출이 없어 규모별 적합도와 argmax 규모는 산출하지 않음,0.5210179129232658,0.9122401847575058,usable_area_profile,True,balanced_default,True,0.643054272517321,20.0,0.8574865280985374,0.06302143766630533,0.8688100222163391,0.8937644341801386,True,True,0.7774884526558892,11.0,0.43440501110816954,0.8688100222163391,True,True,0.6094897908393605,16.0,20,0.5848482802379402,0.773699608743851,high_profile_stability,balanced_default,상권 환경 프로필이 재표본에도 비교적 안정적이므로 균형 시나리오를 사용,0.9145496535796767,0.8937644341801386,0.8545034642032333,0.2817551963048499,brand_environment_fit=0.915 | brand_specific_advantage=0.894 | market_opportunity=0.855 | low_competition_risk=0.282,no_model_level_high_risk_flag,not_recommended__no_store_area_seat_or_store_outcome_data,rich,True,True,False,not_observable_from_current_official_html,92,20,top20_available,brand_environment_fit=0.915 | brand_specific_advantage=0.894 | market_opportunity=0.855,competition_risk_elevated_but_below_exclusion,positive_drivers=brand_environment_fit=0.915 | brand_specific_advantage=0.894 | market_opportunity=0.855 || caution_flags=competition_risk_elevated_but_below_exclusion || profile_stability=high_profile_stability || available_recommendation_count=20
3120156,"총신대입구역(이수, 총신대)",11590,2257632678.0,352313.0,6408.03114843903,0.8872979214780601,0.8611111111111112,0.5158730158730159,0.42857142857142855,0.753968253968254,0.9563492063492064,0.6626984126984127,0.11507936507936507,0.09523809523809523,0.5674603174603174,BRD_20080200287,브레댄코(bread&co.DAILY-NEW),0.7193995381062356,False,1071.1643197803862,120.00000002168235,24,76,0.46420323325635104,True,0.7697690531177829,0.8033487297921478,0.8369284064665127,59.0,40.0,30.0,43.0,False,direct_size_estimation_deferred,매장 면적·좌석·점포별 매출이 없어 규모별 적합도와 argmax 규모는 산출하지 않음,0.8780663048422722,0.6166281755196306,usable_area_profile,True,balanced_default,True,0.5492378752886836,74.0,0.5362779060816013,0.06482265024297801,1.239540024001615,0.9584295612009238,True,True,0.764919168591224,20.0,0.6197700120008075,1.239540024001615,True,True,0.6081435226760332,17.0,20,0.5848482802379402,0.773699608743851,high_profile_stability,balanced_default,상권 환경 프로필이 재표본에도 비교적 안정적이므로 균형 시나리오를 사용,0.6189376443418014,0.9584295612009238,0.9260969976905312,0.5669745958429562,brand_specific_advantage=0.958 | market_opportunity=0.926 | brand_environment_fit=0.619 | low_competition_risk=0.567,no_model_level_high_risk_flag,not_recommended__no_store_area_seat_or_store_outcome_data,rich,True,True,False,not_observable_from_current_official_html,92,20,top20_available,brand_specific_advantage=0.958 | market_opportunity=0.926,competition_risk_moderate,positive_drivers=brand_specific_advantage=0.958 | market_opportunity=0.926 || caution_flags=competition_risk_moderate || profile_stability=high_profile_stability || available_recommendation_count=20
3120112,등촌역,11470,402129603.0,41146.0,9773.236839546978,0.6467667436489607,0.8055555555555556,0.2222222222222222,0.5158730158730159,0.5873015873015873,0.5079365079365079,0.2896825396825397,0.4801587301587302,0.30952380952380953,0.7738095238095238,BRD_20080200287,브레댄코(bread&co.DAILY-NEW),0.4745958429561201,False,5226.15891450356,105.11898021717178,22,49,0.4647806004618938,True,0.5262471131639723,0.5606812933025405,0.5951154734411085,192.0,156.0,149.0,165.66666666666666,False,direct_size_estimation_deferred,매장 면적·좌석·점포별 매출이 없어 규모별 적합도와 argmax 규모는 산출하지 않음,0.47550853690562817,0.9468822170900693,usable_area_profile,True,balanced_default,True,0.6300923787528868,27.0,0.9080061585835257,0.04246270865358644,0.9155341177996194,0.9076212471131639,True,True,0.7714260969976905,15.0,0.4577670588998097,0.9155341177996194,True,True,0.6068408724625084,18.0,20,0.5848482802379402,0.773699608743851,high_profile_stability,balanced_default,상권 환경 프로필이 재표본에도 비교적 안정적이므로 균형 시나리오를 사용,0.9491916859122402,0.9076212471131639,0.6697459584295612,0.5635103926096998,brand_environment_fit=0.949 | brand_specific_advantage=0.908 | market_opportunity=0.670 | low_competition_risk=0.564,no_model_level_high_risk_flag,not_recommended__no_store_area_seat_or_store_outcome_data,rich,True,True,False,not_observable_from_current_official_html,92,20,top20_available,brand_environment_fit=0.949 | brand_specific_advantage=0.908,competition_risk_moderate,positive_drivers=brand_environment_fit=0.949 | brand_specific_advantage=0.908 || caution_flags=competition_risk_moderate || profile_stability=high_profile_stability || available_recommendation_count=20
3120151,보라매공원,11590,648870341.0,67412.0,9625.442665994186,0.7726327944572748,0.8611111111111112,0.5158730158730159,0.42857142857142855,0.753968253968254,0.9563492063492064,0.6626984126984127,0.11507936507936507,0.09523809523809523,0.5674603174603174,BRD_20080200287,브레댄코(bread&co.DAILY-NEW),0.7193995381062356,False,2406.2994410448127,16.492422502230646,17,70,0.7124711316397229,True,0.7353695150115473,0.7460161662817553,0.7566628175519631,78.0,63.0,56.0,65.66666666666667,False,direct_size_estimation_deferred,매장 면적·좌석·점포별 매출이 없어 규모별 적합도와 argmax 규모는 산출하지 않음,0.4578085908311901,0.9584295612009238,usable_area_profile,True,balanced_default,True,0.6427655889145497,21.0,0.9259045419553503,0.04022615119855289,0.8085540942018723,0.8775981524249422,True,True,0.7634872979214782,21.0,0.40427704710093615,0.8085540942018723,True,True,0.5988583983559974,19.0,20,0.5848482802379402,0.773699608743851,high_profile_stability,balanced_default,상권 환경 프로필이 재표본에도 비교적 안정적이므로 균형 시나리오를 사용,0.9607390300230947,0.8775981524249422,0.8048498845265589,0.19399538106235567,brand_environment_fit=0.961 | brand_specific_advantage=0.878 | market_opportunity=0.805 | low_competition_risk=0.194,no_model_level_high_risk_flag,not_recommended__no_store_area_seat_or_store_outcome_data,rich,True,True,False,not_observable_from_current_official_html,92,20,top20_available,brand_environment_fit=0.961 | brand_specific_advantage=0.878 | market_opportunity=0.805,competition_risk_elevated_but_below_exclusion,positive_drivers=brand_environment_fit=0.961 | brand_specific_advantage=0.878 | market_opportunity=0.805 || caution_flags=competition_risk_elevated_but_below_exclusion || profile_stability=high_profile_stability || available_recommendation_count=20
3120184,포이사거리(삼호물산),11650,264669169.0,25357.0,10437.716173048862,0.5330254041570439,0.7619047619047619,0.2857142857142857,0.7023809523809523,0.6785714285714286,0.8293650793650794,0.7777777777777778,0.42857142857142855,0.08333333333333333,0.5198412698412699,BRD_20080200287,브레댄코(bread&co.DAILY-NEW),0.9780600461893765,False,2016.339505147366,74.43117624317661,24,68,0.6096997690531178,True,0.8445496535796766,0.7555427251732102,0.6665357967667436,30.0,56.0,96.0,60.666666666666664,False,direct_size_estimation_deferred,매장 면적·좌석·점포별 매출이 없어 규모별 적합도와 argmax 규모는 산출하지 않음,0.7562347267154619,0.745958429561201,usable_area_profile,True,balanced_default,True,0.4680831408775981,131.0,0.6540608160123171,0.060927892799937586,1.5083011954908434,0.9884526558891455,True,True,0.687621247113164,51.0,0.7541505977454217,1.5083011954908434,True,True,0.5973245336912671,20.0,20,0.5848482802379402,0.773699608743851,high_profile_stability,balanced_default,상권 환경 프로필이 재표본에도 비교적 안정적이므로 균형 시나리오를 사용,0.7482678983833718,0.9884526558891455,0.535796766743649,0.3394919168591224,brand_specific_advantage=0.988 | brand_environment_fit=0.748 | market_opportunity=0.536 | low_competition_risk=0.339,no_model_level_high_risk_flag,not_recommended__no_store_area_seat_or_store_outcome_data,rich,True,True,False,not_observable_from_current_official_html,92,20,top20_available,brand_specific_advantage=0.988 | brand_environment_fit=0.748,competition_risk_elevated_but_below_exclusion,positive_drivers=brand_specific_advantage=0.988 | brand_environment_fit=0.748 || caution_flags=competition_risk_elevated_but_below_exclusion || profile_stability=high_profile_stability || available_recommendation_count=20
3120112,등촌역,11470,402129603.0,41146.0,9773.236839546978,0.6467667436489607,0.8055555555555556,0.2222222222222222,0.5158730158730159,0.5873015873015873,0.5079365079365079,0.2896825396825397,0.4801587301587302,0.30952380952380953,0.7738095238095238,BRD_20260378,빵굼터,0.9041570438799076,False,4785.852902071783,105.11898021717178,22,49,0.46420323325635104,True,0.8269399538106235,0.7754618937644342,0.7239838337182447,31.0,41.0,72.0,48.0,False,direct_size_estimation_deferred,매장 면적·좌석·점포별 매출이 없어 규모별 적합도와 argmax 규모는 산출하지 않음,0.2823366149803296,0.9930715935334873,usable_area_profile,True,balanced_default,True,0.6532736720554272,17.0,0.9080061585835257,0.04246270865358644,2.0032974260763945,0.9468822170900693,True,True,0.8010739030023093,3.0,1.0,2.0032974260763945,True,True,0.8128464203233257,1.0,12,0.570417431957074,0.6899132504804035,high_profile_stability,balanced_default,상권 환경 프로필이 재표본에도 비교적 안정적이므로 균형 시나리오를 사용,0.9953810623556582,0.9734411085450346,0.6697459584295612,0.5635103926096998,brand_environment_fit=0.995 | brand_specific_advantage=0.973 | market_opportunity=0.670 | low_competition_risk=0.564,no_model_level_high_risk_flag,not_recommended__no_store_area_seat_or_store_outcome_data,rich,True,True,True,candidate_only_not_verified_as_menu_price,105,20,top20_available,brand_environment_fit=0.995 | brand_specific_advantage=0.973,competition_risk_moderate,positive_drivers=brand_environment_fit=0.995 | brand_specific_advantage=0.973 || caution_flags=competition_risk_moderate || profile_stability=high_profile_stability || available_recommendation_count=20
3110593,신월3동주민센터,11470,317937956.0,28102.0,11313.712760657605,0.5892609699769054,0.8055555555555556,0.2222222222222222,0.5158730158730159,0.5873015873015873,0.5079365079365079,0.2896825396825397,0.4801587301587302,0.30952380952380953,0.7738095238095238,BRD_20260378,빵굼터,0.9041570438799076,False,4463.277943419434,184.0679222675113,3,22,0.027136258660508106,True,0.8096882217090069,0.7467090069284065,0.683729792147806,37.0,49.0,94.0,60.0,False,direct_size_estimation_deferred,매장 면적·좌석·점포별 매출이 없어 규모별 적합도와 argmax 규모는 산출하지 않음,0.5357163932148624,0.8752886836027713,usable_area_profile,True,balanced_default,True,0.6398152424942263,23.0,0.7399923017705928,0.062193362693480636,2.175415124263105,0.9676674364896074,True,True,0.8223614318706698,1.0,1.0,2.175415124263105,True,True,0.8009526558891454,2.0,12,0.570417431957074,0.6899132504804035,high_profile_stability,balanced_default,상권 환경 프로필이 재표본에도 비교적 안정적이므로 균형 시나리오를 사용,0.8775981524249422,0.9734411085450346,0.605080831408776,0.9884526558891455,low_competition_risk=0.988 | brand_specific_advantage=0.973 | brand_environment_fit=0.878 | market_opportunity=0.605,no_model_level_high_risk_flag,not_recommended__no_store_area_seat_or_store_outcome_data,rich,True,True,True,candidate_only_not_verified_as_menu_price,105,20,top20_available,low_competition_risk=0.988 | brand_specific_advantage=0.973 | brand_environment_fit=0.878,no_model_level_caution_flag,positive_drivers=low_competition_risk=0.988 | brand_specific_advantage=0.973 | brand_environment_fit=0.878 || caution_flags=no_model_level_caution_flag || profile_stability=high_profile_stability || available_recommendation_count=20
3120066,장한평역(장한평),11230,274354373.0,24121.0,11374.087848762489,0.5446882217090069,0.6904761904761905,0.5396825396825397,0.5714285714285714,0.9603174603174603,0.9126984126984127,0.4087301587301587,0.1865079365079365,0.09126984126984126,0.6825396825396826,BRD_20260378,빵굼터,0.6385681293302541,False,4755.188324384608,70.34912932850425,9,28,0.31524249422632794,True,0.6104041570438798,0.5916281755196304,0.572852193995381,138.0,144.0,168.0,150.0,False,direct_size_estimation_deferred,매장 면적·좌석·점포별 매출이 없어 규모별 적합도와 argmax 규모는 산출하지 않음,0.42546636292223217,0.9399538106235565,usable_area_profile,True,balanced_default,True,0.6133314087759815,40.0,0.8251539645881447,0.05832407008066144,1.9683099255015144,0.9445727482678984,True,True,0.7759353348729792,7.0,0.9841549627507572,1.9683099255015144,True,True,0.7780858766856287,3.0,12,0.570417431957074,0.6899132504804035,high_profile_stability,balanced_default,상권 환경 프로필이 재표본에도 비교적 안정적이므로 균형 시나리오를 사용,0.9422632794457275,0.9445727482678984,0.5473441108545035,0.7875288683602771,brand_specific_advantage=0.945 | brand_environment_fit=0.942 | low_competition_risk=0.788 | market_opportunity=0.547,no_model_level_high_risk_flag,not_recommended__no_store_area_seat_or_store_outcome_data,rich,True,True,True,candidate_only_not_verified_as_menu_price,105,20,top20_available,brand_specific_advantage=0.945 | brand_environment_fit=0.942 | low_competition_risk=0.788,no_model_level_caution_flag,positive_drivers=brand_specific_advantage=0.945 | brand_environment_fit=0.942 | low_competition_risk=0.788 || caution_flags=no_model_level_caution_flag || profile_stability=high_profile_stability || available_recommendation_count=20
3110319,종암동주민센터,11290,624128519.0,64438.0,9685.7214531798,0.7633949191685913,0.8690476190476191,0.3888888888888889,0.5912698412698413,0.8333333333333334,0.8055555555555556,0.3333333333333333,0.2222222222222222,0.31746031746031744,0.7420634920634921,BRD_20260378,빵굼터,0.7505773672055427,False,5247.955506667705,100.23971265231329,17,38,0.3856812933025404,True,0.7544226327944572,0.756986143187067,0.7595496535796766,59.0,45.0,52.0,52.0,False,direct_size_estimation_deferred,매장 면적·좌석·점포별 매출이 없어 규모별 적합도와 argmax 규모는 산출하지 않음,0.713844302576171,0.7390300230946882,usable_area_profile,True,balanced_default,True,0.5788510392609699,55.0,0.5624518860662048,0.07241952689520573,2.438266923284377,0.9838337182448037,True,True,0.7864087759815241,6.0,1.0,2.438266923284377,True,True,0.7609411085450347,4.0,12,0.570417431957074,0.6899132504804035,high_profile_stability,balanced_default,상권 환경 프로필이 재표본에도 비교적 안정적이므로 균형 시나리오를 사용,0.7413394919168591,0.9734411085450346,0.792147806004619,0.687066974595843,brand_specific_advantage=0.973 | market_opportunity=0.792 | brand_environment_fit=0.741 | low_competition_risk=0.687,no_model_level_high_risk_flag,not_recommended__no_store_area_seat_or_store_outcome_data,rich,True,True,True,candidate_only_not_verified_as_menu_price,105,20,top20_available,brand_specific_advantage=0.973 | market_opportunity=0.792 | brand_environment_fit=0.741,no_model_level_caution_flag,positive_drivers=brand_specific_advantage=0.973 | market_opportunity=0.792 | brand_environment_fit=0.741 || caution_flags=no_model_level_caution_flag || profile_stability=high_profile_stability || available_recommendation_count=20
3110002,독립문역 1번,11110,365825854.0,38233.0,9568.32720424764,0.61824480369515,0.876984126984127,0.42857142857142855,0.503968253968254,0.75,0.9444444444444444,0.8531746031746031,0.2619047619047619,0.05952380952380952,0.3611111111111111,BRD_20260378,빵굼터,0.38799076212471134,False,5237.0084017024565,115.00434770468347,4,14,0.12471131639722863,True,0.4570669745958429,0.5031177829099307,0.5491685912240184,245.0,212.0,185.0,214.0,False,direct_size_estimation_deferred,매장 면적·좌석·점포별 매출이 없어 규모별 적합도와 argmax 규모는 산출하지 않음,0.6914923003031964,0.7551963048498845,usable_area_profile,True,balanced_default,True,0.5752771362586605,57.0,0.6359699769053118,0.047990838955537095,2.484355984170947,0.9861431870669746,True,True,0.7877829099307159,5.0,1.0,2.484355984170947,True,True,0.7564087759815242,5.0,12,0.570417431957074,0.6899132504804035,high_profile_stability,balanced_default,상권 환경 프로필이 재표본에도 비교적 안정적이므로 균형 시나리오를 사용,0.7575057736720554,0.9734411085450346,0.6351039260969977,0.941108545034642,brand_specific_advantage=0.973 | low_competition_risk=0.941 | brand_environment_fit=0.758 | market_opportunity=0.635,no_model_level_high_risk_flag,not_recommended__no_store_area_seat_or_store_outcome_data,rich,True,True,True,candidate_only_not_verified_as_menu_price,105,20,top20_available,brand_specific_advantage=0.973 | low_competition_risk=0.941 | brand_environment_fit=0.758,no_model_level_caution_flag,positive_drivers=brand_specific_advantage=0.973 | low_competition_risk=0.941 | brand_environment_fit=0.758 || caution_flags=no_model_level_caution_flag || profile_stability=high_profile_stability || available_recommendation_count=20
3130206,신정3동 골목시장,11470,448082789.0,43288.0,10351.201002587322,0.6855658198614318,0.8055555555555556,0.2222222222222222,0.5158730158730159,0.5873015873015873,0.5079365079365079,0.2896825396825397,0.4801587301587302,0.30952380952380953,0.7738095238095238,BRD_20260378,빵굼터,0.9041570438799076,False,4802.114950711622,17.117242790546893,17,45,0.7090069284064665,True,0.8385796766743648,0.7948614318706697,0.7511431870669745,26.0,31.0,55.0,37.333333333333336,False,direct_size_estimation_deferred,매장 면적·좌석·점포별 매출이 없어 규모별 적합도와 argmax 규모는 산출하지 않음,0.46187423402815403,0.9168591224018476,usable_area_profile,True,balanced_default,True,0.592026558891455,48.0,0.793206312548114,0.06461123787958767,1.9137972574396176,0.9376443418013857,True,True,0.7494341801385681,13.0,0.9568986287198088,1.9137972574396176,True,True,0.7563059750172911,6.0,12,0.570417431957074,0.6899132504804035,high_profile_stability,balanced_default,상권 환경 프로필이 재표본에도 비교적 안정적이므로 균형 시나리오를 사용,0.9191685912240185,0.9376443418013857,0.7032332563510393,0.2090069284064665,brand_specific_advantage=0.938 | brand_environment_fit=0.919 | market_opportunity=0.703 | low_competition_risk=0.209,no_model_level_high_risk_flag,not_recommended__no_store_area_seat_or_store_outcome_data,rich,True,True,True,candidate_only_not_verified_as_menu_price,105,20,top20_available,brand_specific_advantage=0.938 | brand_environment_fit=0.919 | market_opportunity=0.703,competition_risk_elevated_but_below_exclusion,positive_drivers=brand_specific_advantage=0.938 | brand_environment_fit=0.919 | market_opportunity=0.703 || caution_flags=competition_risk_elevated_but_below_exclusion || profile_stability=high_profile_stability || available_recommendation_count=20
3120076,수유역,11305,467733481.0,45202.0,10347.6280031857,0.6957274826789839,0.8253968253968254,0.373015873015873,0.31746031746031744,0.42857142857142855,0.5396825396825397,0.1626984126984127,0.051587301587301584,0.5515873015873016,0.9365079365079365,BRD_20260378,빵굼터,0.10392609699769054,False,8314.629997745347,32.015621227467925,15,42,0.6045034642032333,True,0.28146651270207856,0.3998267898383372,0.5181870669745958,342.0,292.0,205.0,279.6666666666667,False,direct_size_estimation_deferred,매장 면적·좌석·점포별 매출이 없어 규모별 적합도와 argmax 규모는 산출하지 않음,0.6686653388483345,0.7829099307159353,usable_area_profile,True,balanced_default,True,0.5442840646651269,78.0,0.6442455735180909,0.05835189558232693,2.3763470888826066,0.9792147806004619,True,True,0.7446016166281755,15.0,1.0,2.3763470888826066,True,True,0.7374999999999999,7.0,12,0.570417431957074,0.6899132504804035,high_profile_stability,balanced_default,상권 환경 프로필이 재표본에도 비교적 안정적이므로 균형 시나리오를 사용,0.7852193995381063,0.9734411085450346,0.7205542725173211,0.3556581986143187,brand_specific_advantage=0.973 | brand_environment_fit=0.785 | market_opportunity=0.721 | low_competition_risk=0.356,no_model_level_high_risk_flag,not_recommended__no_store_area_seat_or_store_outcome_data,rich,True,True,True,candidate_only_not_verified_as_menu_price,105,20,top20_available,brand_specific_advantage=0.973 | brand_environment_fit=0.785 | market_opportunity=0.721,competition_risk_elevated_but_below_exclusion,positive_drivers=brand_specific_advantage=0.973 | brand_environment_fit=0.785 | market_opportunity=0.721 || caution_flags=competition_risk_elevated_but_below_exclusion || profile_stability=high_profile_stability || available_recommendation_count=20
3130225,개봉중앙시장,11530,344218588.0,30618.0,11242.360310928212,0.6080831408775981,0.8412698412698413,0.8373015873015873,0.5753968253968254,0.5238095238095238,0.7579365079365079,0.7380952380952381,0.18253968253968253,0.12698412698412698,0.7658730158730159,BRD_20260378,빵굼터,0.8660508083140878,False,2983.1904062527046,10.630145801632635,11,31,0.5877598152424942,True,0.7886605080831408,0.7370669745958429,0.685473441108545,47.0,55.0,93.0,65.0,False,direct_size_estimation_deferred,매장 면적·좌석·점포별 매출이 없어 규모별 적합도와 argmax 규모는 산출하지 않음,0.3942893910456815,0.9584295612009238,usable_area_profile,True,balanced_default,True,0.6038799076212471,44.0,0.8553695150115473,0.05916228831081867,1.7419888434323876,0.9122401847575058,True,True,0.7466859122401848,14.0,0.8709944217161938,1.7419888434323876,True,True,0.7335431977161413,8.0,12,0.570417431957074,0.6899132504804035,high_profile_stability,balanced_default,상권 환경 프로필이 재표본에도 비교적 안정적이므로 균형 시나리오를 사용,0.9607390300230947,0.9122401847575058,0.6166281755196305,0.3833718244803695,brand_environment_fit=0.961 | brand_specific_advantage=0.912 | market_opportunity=0.617 | low_competition_risk=0.383,no_model_level_high_risk_flag,not_recommended__no_store_area_seat_or_store_outcome_data,rich,True,True,True,candidate_only_not_verified_as_menu_price,105,20,top20_available,brand_environment_fit=0.961 | brand_specific_advantage=0.912,competition_risk_moderate,positive_drivers=brand_environment_fit=0.961 | brand_specific_advantage=0.912 || caution_flags=competition_risk_moderate || profile_stability=high_profile_stability || available_recommendation_count=20
3130139,강북종합전통시장(강북종합골목시장),11305,556143075.0,53488.0,10397.529819772659,0.7376443418013857,0.8253968253968254,0.373015873015873,0.31746031746031744,0.42857142857142855,0.5396825396825397,0.1626984126984127,0.051587301587301584,0.5515873015873016,0.9365079365079365,BRD_20260378,빵굼터,0.10392609699769054,False,8444.080826200014,27.730849249436897,16,47,0.6437644341801385,True,0.2940415704387991,0.4207852193995381,0.547528868360277,334.0,273.0,189.0,265.3333333333333,False,direct_size_estimation_deferred,매장 면적·좌석·점포별 매출이 없어 규모별 적합도와 argmax 규모는 산출하지 않음,0.4948553522123455,0.9076212471131639,usable_area_profile,True,balanced_default,True,0.6154214780600461,37.0,0.7953233256351039,0.06734513734613744,1.6674985886638907,0.8891454965357968,True,True,0.7526732101616629,12.0,0.8337492943319453,1.6674985886638907,True,True,0.7295143315381208,9.0,12,0.570417431957074,0.6899132504804035,high_profile_stability,balanced_default,상권 환경 프로필이 재표본에도 비교적 안정적이므로 균형 시나리오를 사용,0.9099307159353349,0.8891454965357968,0.7598152424942263,0.2863741339491917,brand_environment_fit=0.910 | brand_specific_advantage=0.889 | market_opportunity=0.760 | low_competition_risk=0.286,no_model_level_high_risk_flag,not_recommended__no_store_area_seat_or_store_outcome_data,rich,True,True,True,candidate_only_not_verified_as_menu_price,105,20,top20_available,brand_environment_fit=0.910 | brand_specific_advantage=0.889 | market_opportunity=0.760,competition_risk_elevated_but_below_exclusion,positive_drivers=brand_environment_fit=0.910 | brand_specific_advantage=0.889 | market_opportunity=0.760 || caution_flags=competition_risk_elevated_but_below_exclusion || profile_stability=high_profile_stability || available_recommendation_count=20
3110703,개봉역,11530,566848644.0,58936.0,9618.037260757432,0.7391454965357969,0.8412698412698413,0.8373015873015873,0.5753968253968254,0.5238095238095238,0.7579365079365079,0.7380952380952381,0.18253968253968253,0.12698412698412698,0.7658730158730159,BRD_20260378,빵굼터,0.8660508083140878,False,2760.071375878727,17.720045128132952,13,29,0.6056581986143187,True,0.8279792147806004,0.8025981524249424,0.7772170900692841,30.0,26.0,43.0,33.0,False,direct_size_estimation_deferred,매장 면적·좌석·점포별 매출이 없어 규모별 적합도와 argmax 규모는 산출하지 않음,0.34596685729392146,0.9792147806004619,usable_area_profile,True,balanced_default,True,0.657459584295612,15.0,0.8985758275596613,0.054251327030210794,1.4863959548103847,0.8637413394919169,True,True,0.7701558891454966,10.0,0.7431979774051923,1.4863959548103847,True,True,0.7270650195744963,10.0,12,0.570417431957074,0.6899132504804035,high_profile_stability,balanced_default,상권 환경 프로필이 재표본에도 비교적 안정적이므로 균형 시나리오를 사용,0.9815242494226328,0.8637413394919169,0.7644341801385681,0.3533487297921478,brand_environment_fit=0.982 | brand_specific_advantage=0.864 | market_opportunity=0.764 | low_competition_risk=0.353,no_model_level_high_risk_flag,not_recommended__no_store_area_seat_or_store_outcome_data,rich,True,True,True,candidate_only_not_verified_as_menu_price,105,20,top20_available,brand_environment_fit=0.982 | brand_specific_advantage=0.864 | market_opportunity=0.764,competition_risk_elevated_but_below_exclusion,positive_drivers=brand_environment_fit=0.982 | brand_specific_advantage=0.864 | market_opportunity=0.764 || caution_flags=competition_risk_elevated_but_below_exclusion || profile_stability=high_profile_stability || available_recommendation_count=20
3120133,서울시흥동우체국(홈플러스시흥점),11545,637795918.0,60754.0,10498.00701188399,0.7765588914549653,0.753968253968254,0.7420634920634921,0.3531746031746032,0.24206349206349206,0.8690476190476191,0.873015873015873,0.04365079365079365,0.13095238095238096,0.6785714285714286,BRD_20260378,빵굼터,0.22748267898383373,False,3805.55304786801,60.20797286767192,15,45,0.4821016166281755,True,0.39220554272517316,0.5020207852193995,0.6118360277136257,285.0,215.0,143.0,214.33333333333334,False,direct_size_estimation_deferred,매장 면적·좌석·점포별 매출이 없어 규모별 적합도와 argmax 규모는 산출하지 않음,0.3276996653168629,0.9838337182448037,usable_area_profile,True,balanced_default,True,0.6913972286374133,8.0,0.9093533487297921,0.05669816000773116,1.3136293929971572,0.8383371824480369,True,True,0.7911374133949192,4.0,0.6568146964985786,1.3136293929971572,True,True,0.7201565063611076,11.0,12,0.570417431957074,0.6899132504804035,high_profile_stability,balanced_default,상권 환경 프로필이 재표본에도 비교적 안정적이므로 균형 시나리오를 사용,0.9861431870669746,0.8383371824480369,0.8106235565819861,0.5207852193995381,brand_environment_fit=0.986 | brand_specific_advantage=0.838 | market_opportunity=0.811 | low_competition_risk=0.521,no_model_level_high_risk_flag,not_recommended__no_store_area_seat_or_store_outcome_data,rich,True,True,True,candidate_only_not_verified_as_menu_price,105,20,top20_available,brand_environment_fit=0.986 | brand_specific_advantage=0.838 | market_opportunity=0.811,competition_risk_moderate,positive_drivers=brand_environment_fit=0.986 | brand_specific_advantage=0.838 | market_opportunity=0.811 || caution_flags=competition_risk_moderate || profile_stability=high_profile_stability || available_recommendation_count=20
3110741,독산2동주민센터,11545,212267831.0,22255.0,9537.98386879353,0.46143187066974595,0.753968253968254,0.7420634920634921,0.3531746031746032,0.24206349206349206,0.8690476190476191,0.873015873015873,0.04365079365079365,0.13095238095238096,0.6785714285714286,BRD_20260378,빵굼터,0.22748267898383373,False,2663.8335158361656,117.4436034884882,6,44,0.12875288683602773,True,0.29766743648960736,0.34445727482678984,0.39124711316397226,329.0,328.0,281.0,312.6666666666667,False,direct_size_estimation_deferred,매장 면적·좌석·점포별 매출이 없어 규모별 적합도와 argmax 규모는 산출하지 않음,0.6180237142906431,0.8198614318706697,usable_area_profile,True,balanced_default,True,0.5521189376443417,73.0,0.689376443418014,0.07423799465339163,1.7576577743226316,0.9191685912240185,True,True,0.7327424942263279,21.0,0.8788288871613158,1.7576577743226316,True,True,0.6970242906450286,12.0,12,0.570417431957074,0.6899132504804035,high_profile_stability,balanced_default,상권 환경 프로필이 재표본에도 비교적 안정적이므로 균형 시나리오를 사용,0.8221709006928406,0.9191685912240185,0.4503464203233256,0.9330254041570438,low_competition_risk=0.933 | brand_specific_advantage=0.919 | brand_environment_fit=0.822 | market_opportunity=0.450,no_model_level_high_risk_flag,not_recommended__no_store_area_seat_or_store_outcome_data,rich,True,True,True,candidate_only_not_verified_as_menu_price,105,20,top20_available,low_competition_risk=0.933 | brand_specific_advantage=0.919 | brand_environment_fit=0.822,no_model_level_caution_flag,positive_drivers=low_competition_risk=0.933 | brand_specific_advantage=0.919 | brand_environment_fit=0.822 || caution_flags=no_model_level_caution_flag || profile_stability=high_profile_stability || available_recommendation_count=20
3111078,굽은다리역 4번,11740,137663895.0,12358.0,11139.658116200033,0.3608545034642032,0.8452380952380952,0.06746031746031746,0.7063492063492064,0.38492063492063494,0.6626984126984127,0.7182539682539683,0.5833333333333334,0.06746031746031746,0.6507936507936508,BRD_20260378,빵굼터,0.6766743648960739,False,7351.8053565383325,162.1172415408193,11,51,0.14087759815242495,True,0.5819284064665127,0.5187644341801385,0.45560046189376446,167.0,199.0,244.0,203.33333333333334,False,direct_size_estimation_deferred,매장 면적·좌석·점포별 매출이 없어 규모별 적합도와 argmax 규모는 산출하지 않음,0.6821661389503819,0.7736720554272517,usable_area_profile,True,balanced_default,True,0.4920034642032332,115.0,0.6513664357197845,0.05816082480878284,2.102886609837038,0.9584295612009238,True,True,0.7025981524249424,33.0,1.0,2.102886609837038,True,True,0.6969110854503464,13.0,12,0.570417431957074,0.6899132504804035,high_profile_stability,balanced_default,상권 환경 프로필이 재표본에도 비교적 안정적이므로 균형 시나리오를 사용,0.7759815242494227,0.9734411085450346,0.3510392609699769,0.9226327944572749,brand_specific_advantage=0.973 | low_competition_risk=0.923 | brand_environment_fit=0.776 | market_opportunity=0.351,no_model_level_high_risk_flag,not_recommended__no_store_area_seat_or_store_outcome_data,rich,True,True,True,candidate_only_not_verified_as_menu_price,105,20,top20_available,brand_specific_advantage=0.973 | low_competition_risk=0.923 | brand_environment_fit=0.776,no_model_level_caution_flag,positive_drivers=brand_specific_advantage=0.973 | low_competition_risk=0.923 | brand_environment_fit=0.776 || caution_flags=no_model_level_caution_flag || profile_stability=high_profile_stability || available_recommendation_count=20
3110128,성원중학교,11200,112083262.0,9884.0,11339.86867664913,0.3070438799076213,0.9206349206349206,0.38492063492063494,0.5555555555555556,0.9920634920634921,0.9841269841269841,0.9563492063492064,0.10317460317460317,0.015873015873015872,0.07936507936507936,BRD_20260378,빵굼터,0.016166281755196306,False,3967.9942036724515,103.35376141871649,16,60,0.3481524249422633,True,0.10342956120092378,0.1616050808314088,0.21978060046189377,413.0,408.0,386.0,402.3333333333333,False,direct_size_estimation_deferred,매장 면적·좌석·점포별 매출이 없어 규모별 적합도와 argmax 규모는 산출하지 않음,0.5409243344025066,0.8706697459584296,usable_area_profile,True,balanced_default,True,0.49057736720554274,117.0,0.7248845265588915,0.07119665754718191,2.0476413419116835,0.9515011547344111,True,True,0.6816916859122403,40.0,1.0,2.0476413419116835,True,True,0.6966801385681293,14.0,12,0.570417431957074,0.6899132504804035,high_profile_stability,balanced_default,상권 환경 프로필이 재표본에도 비교적 안정적이므로 균형 시나리오를 사용,0.8729792147806005,0.9734411085450346,0.2909930715935335,0.7390300230946882,brand_specific_advantage=0.973 | brand_environment_fit=0.873 | low_competition_risk=0.739 | market_opportunity=0.291,no_model_level_high_risk_flag,not_recommended__no_store_area_seat_or_store_outcome_data,rich,True,True,True,candidate_only_not_verified_as_menu_price,105,20,top20_available,brand_specific_advantage=0.973 | brand_environment_fit=0.873 | low_competition_risk=0.739,no_model_level_caution_flag,positive_drivers=brand_specific_advantage=0.973 | brand_environment_fit=0.873 | low_competition_risk=0.739 || caution_flags=no_model_level_caution_flag || profile_stability=high_profile_stability || available_recommendation_count=20
3120209,"강남구청(청담역_8번, 강남세무서)",11680,483776692.0,36343.0,13311.413257023361,0.7004618937644341,0.7817460317460317,0.18253968253968253,0.75,0.6468253968253969,0.8531746031746031,0.9206349206349206,0.4365079365079365,0.027777777777777776,0.4880952380952381,BRD_20260378,빵굼터,0.5103926096997691,False,5366.636563106737,63.65532180510046,17,57,0.5219399538106235,True,0.5674133949191686,0.6054272517321015,0.6434411085450346,176.0,133.0,118.0,142.33333333333334,False,direct_size_estimation_deferred,매장 면적·좌석·점포별 매출이 없어 규모별 적합도와 argmax 규모는 산출하지 않음,0.6870608836339003,0.7598152424942264,usable_area_profile,True,balanced_default,True,0.5467782909930716,77.0,0.618841416474211,0.08037678346957473,1.753912260912738,0.9168591224018475,True,True,0.7265357967667437,24.0,0.876956130456369,1.753912260912738,True,True,0.6957914585927545,15.0,12,0.570417431957074,0.6899132504804035,high_profile_stability,balanced_default,상권 환경 프로필이 재표본에도 비교적 안정적이므로 균형 시나리오를 사용,0.7621247113163973,0.9168591224018475,0.7228637413394919,0.47113163972286376,brand_specific_advantage=0.917 | brand_environment_fit=0.762 | market_opportunity=0.723 | low_competition_risk=0.471,no_model_level_high_risk_flag,not_recommended__no_store_area_seat_or_store_outcome_data,rich,True,True,True,candidate_only_not_verified_as_menu_price,105,20,top20_available,brand_specific_advantage=0.917 | brand_environment_fit=0.762 | market_opportunity=0.723,competition_risk_moderate,positive_drivers=brand_specific_advantage=0.917 | brand_environment_fit=0.762 | market_opportunity=0.723 || caution_flags=competition_risk_moderate || profile_stability=high_profile_stability || available_recommendation_count=20
3130053,백학시장,11140,234484331.0,21194.0,11063.71289044069,0.4995381062355659,0.873015873015873,0.5793650793650794,0.6428571428571429,0.34523809523809523,0.8571428571428571,0.8214285714285714,0.0873015873015873,0.023809523809523808,0.8293650793650794,BRD_20260378,빵굼터,0.3371824480369515,False,1148.6622654296277,50.63595562223051,30,70,0.7707852193995381,True,0.3858891454965358,0.4183602771362587,0.45083140877598155,287.0,277.0,250.0,271.3333333333333,False,direct_size_estimation_deferred,매장 면적·좌석·점포별 매출이 없어 규모별 적합도와 argmax 규모는 산출하지 않음,0.5765679525601671,0.8452655889145496,usable_area_profile,True,balanced_default,True,0.48185334872979213,131.0,0.7045804464973057,0.0629309910366198,2.2355462721916886,0.9722863741339491,True,True,0.6767378752886835,43.0,1.0,2.2355462721916886,True,True,0.69364896073903,16.0,12,0.570417431957074,0.6899132504804035,high_profile_stability,balanced_default,상권 환경 프로필이 재표본에도 비교적 안정적이므로 균형 시나리오를 사용,0.8475750577367206,0.9734411085450346,0.4896073903002309,0.12009237875288684,brand_specific_advantage=0.973 | brand_environment_fit=0.848 | market_opportunity=0.490 | low_competition_risk=0.120,no_model_level_high_risk_flag,not_recommended__no_store_area_seat_or_store_outcome_data,rich,True,True,True,candidate_only_not_verified_as_menu_price,105,20,top20_available,brand_specific_advantage=0.973 | brand_environment_fit=0.848,competition_risk_elevated_but_below_exclusion,positive_drivers=brand_specific_advantage=0.973 | brand_environment_fit=0.848 || caution_flags=competition_risk_elevated_but_below_exclusion || profile_stability=high_profile_stability || available_recommendation_count=20
3110871,신원동주민센터,11620,172626340.0,16921.0,10201.899414928195,0.4102771362586605,0.6944444444444444,0.5833333333333334,0.49603174603174605,0.8611111111111112,0.9801587301587301,0.8690476190476191,0.027777777777777776,0.051587301587301584,0.3412698412698413,BRD_20260378,빵굼터,0.1605080831408776,False,2133.6937456223986,65.3758365342759,22,57,0.6073903002309469,True,0.23543879907621246,0.2853926096997691,0.3353464203233256,366.0,359.0,326.0,350.3333333333333,False,direct_size_estimation_deferred,매장 면적·좌석·점포별 매출이 없어 규모별 적합도와 argmax 규모는 산출하지 않음,0.482105644620098,0.9099307159353349,usable_area_profile,True,balanced_default,True,0.5074538106235565,105.0,0.7840646651270208,0.06909637529065116,1.8216013543237775,0.9284064665127021,True,True,0.6763163972286375,44.0,0.9108006771618887,1.8216013543237775,True,True,0.6790862416255987,17.0,12,0.570417431957074,0.6899132504804035,high_profile_stability,balanced_default,상권 환경 프로필이 재표본에도 비교적 안정적이므로 균형 시나리오를 사용,0.9122401847575058,0.9284064665127021,0.40415704387990764,0.3510392609699769,brand_specific_advantage=0.928 | brand_environment_fit=0.912 | market_opportunity=0.404 | low_competition_risk=0.351,no_model_level_high_risk_flag,not_recommended__no_store_area_seat_or_store_outcome_data,rich,True,True,True,candidate_only_not_verified_as_menu_price,105,20,top20_available,brand_specific_advantage=0.928 | brand_environment_fit=0.912,competition_risk_elevated_but_below_exclusion,positive_drivers=brand_specific_advantage=0.928 | brand_environment_fit=0.912 || caution_flags=competition_risk_elevated_but_below_exclusion || profile_stability=high_profile_stability || available_recommendation_count=20
3130222,오류시장,11530,677800421.0,66656.0,10168.633296327413,0.7894919168591223,0.8412698412698413,0.8373015873015873,0.5753968253968254,0.5238095238095238,0.7579365079365079,0.7380952380952381,0.18253968253968253,0.12698412698412698,0.7658730158730159,BRD_20260378,빵굼터,0.8660508083140878,False,4116.66879891156,48.414873764798386,14,33,0.516743648960739,True,0.8430831408775981,0.827771362586605,0.8124595842956119,24.0,19.0,28.0,23.666666666666668,False,direct_size_estimation_deferred,매장 면적·좌석·점포별 매출이 없어 규모별 적합도와 argmax 규모는 산출하지 않음,0.40503215239350987,0.953810623556582,usable_area_profile,True,balanced_default,True,0.675715935334873,9.0,0.9045419553502695,0.04485297674145903,1.0984481250889173,0.7829099307159353,True,True,0.7586431870669746,11.0,0.5492240625444587,1.0984481250889173,True,True,0.6717607544540709,18.0,12,0.570417431957074,0.6899132504804035,high_profile_stability,balanced_default,상권 환경 프로필이 재표본에도 비교적 안정적이므로 균형 시나리오를 사용,0.9561200923787528,0.7829099307159353,0.8221709006928406,0.48036951501154734,brand_environment_fit=0.956 | market_opportunity=0.822 | brand_specific_advantage=0.783 | low_competition_risk=0.480,no_model_level_high_risk_flag,not_recommended__no_store_area_seat_or_store_outcome_data,rich,True,True,True,candidate_only_not_verified_as_menu_price,105,20,top20_available,brand_environment_fit=0.956 | market_opportunity=0.822 | brand_specific_advantage=0.783,competition_risk_moderate,positive_drivers=brand_environment_fit=0.956 | market_opportunity=0.822 | brand_specific_advantage=0.783 || caution_flags=competition_risk_moderate || profile_stability=high_profile_stability || available_recommendation_count=20
3120154,장승배기역,11590,255112545.0,21214.0,12025.669133591025,0.528175519630485,0.8611111111111112,0.5158730158730159,0.42857142857142855,0.753968253968254,0.9563492063492064,0.6626984126984127,0.11507936507936507,0.09523809523809523,0.5674603174603174,BRD_20260378,빵굼터,0.7147806004618937,False,1206.3104906864628,28.319604491142503,18,52,0.6916859122401847,True,0.658799076212471,0.6214780600461893,0.5841570438799076,107.0,122.0,160.0,129.66666666666666,False,direct_size_estimation_deferred,매장 면적·좌석·점포별 매출이 없어 규모별 적합도와 argmax 규모는 산출하지 않음,0.46095960926145124,0.9191685912240185,usable_area_profile,True,balanced_default,True,0.5406928406466514,81.0,0.8024441878367976,0.07185051219826497,1.6245451816005223,0.8775981524249422,True,True,0.6814896073903002,41.0,0.8122725908002612,1.6245451816005223,True,True,0.6688797023921007,19.0,12,0.570417431957074,0.6899132504804035,high_profile_stability,balanced_default,상권 환경 프로필이 재표본에도 비교적 안정적이므로 균형 시나리오를 사용,0.9214780600461894,0.8775981524249422,0.5288683602771362,0.23556581986143188,brand_environment_fit=0.921 | brand_specific_advantage=0.878 | market_opportunity=0.529 | low_competition_risk=0.236,no_model_level_high_risk_flag,not_recommended__no_store_area_seat_or_store_outcome_data,rich,True,True,True,candidate_only_not_verified_as_menu_price,105,20,top20_available,brand_environment_fit=0.921 | brand_specific_advantage=0.878,competition_risk_elevated_but_below_exclusion,positive_drivers=brand_environment_fit=0.921 | brand_specific_advantage=0.878 || caution_flags=competition_risk_elevated_but_below_exclusion || profile_stability=high_profile_stability || available_recommendation_count=20
3110601,신월1동우편취급국,11470,441016625.0,40173.0,10977.93605157693,0.6785219399538106,0.8055555555555556,0.2222222222222222,0.5158730158730159,0.5873015873015873,0.5079365079365079,0.2896825396825397,0.4801587301587302,0.30952380952380953,0.7738095238095238,BRD_20260378,빵굼터,0.9041570438799076,False,5266.867949766248,258.54980178856624,8,40,0.04907621247113163,True,0.8364665127020785,0.791339491916859,0.7462124711316396,27.0,33.0,57.0,39.0,False,direct_size_estimation_deferred,매장 면적·좌석·점포별 매출이 없어 규모별 적합도와 argmax 규모는 산출하지 않음,0.5240817467807319,0.8845265588914549,usable_area_profile,True,balanced_default,True,0.6723845265588914,10.0,0.7864703618167822,0.08887308212787294,1.1033284176370397,0.7852193995381063,True,True,0.7756408775981524,8.0,0.5516642088185199,1.1033284176370397,True,True,0.6673896324398306,20.0,12,0.570417431957074,0.6899132504804035,high_profile_stability,balanced_default,상권 환경 프로필이 재표본에도 비교적 안정적이므로 균형 시나리오를 사용,0.8868360277136259,0.7852193995381063,0.6997690531177829,0.9815242494226328,low_competition_risk=0.982 | brand_environment_fit=0.887 | brand_specific_advantage=0.785 | market_opportunity=0.700,no_model_level_high_risk_flag,not_recommended__no_store_area_seat_or_store_outcome_data,rich,True,True,True,candidate_only_not_verified_as_menu_price,105,20,top20_available,low_competition_risk=0.982 | brand_environment_fit=0.887 | brand_specific_advantage=0.785,no_model_level_caution_flag,positive_drivers=low_competition_risk=0.982 | brand_environment_fit=0.887 | brand_specific_advantage=0.785 || caution_flags=no_model_level_caution_flag || profile_stability=high_profile_stability || available_recommendation_count=20
3120158,녹두거리(대학동),11620,695809095.0,79236.0,8781.476790852643,0.7778290993071594,0.6944444444444444,0.5833333333333334,0.49603174603174605,0.8611111111111112,0.9801587301587301,0.8690476190476191,0.027777777777777776,0.051587301587301584,0.3412698412698413,BRD_20150052,빵장수단팥빵,0.42609699769053117,False,1674.1786045874655,107.28000742995447,15,20,0.3135103926096998,True,0.5316166281755196,0.6019630484988453,0.6723094688221709,192.0,137.0,97.0,142.0,False,direct_size_estimation_deferred,매장 면적·좌석·점포별 매출이 없어 규모별 적합도와 argmax 규모는 산출하지 않음,0.43023750929636867,0.976905311778291,usable_area_profile,True,conservative_fit,True,0.7136662817551963,5.0,0.7973441108545035,0.09329858848587673,1.9245864684326808,0.9422632794457275,True,True,0.8562990762124711,1.0,0.9622932342163404,1.9245864684326808,True,True,0.7944416688312215,1.0,5,0.3891724534271922,0.5924063736349732,moderate_profile_stability,conservative_fit,상권 환경 프로필이 보통 안정성이므로 절대 적합도를 더 엄격히 보는 보수 시나리오를 사용,0.9792147806004619,0.9422632794457275,0.812933025404157,0.789838337182448,brand_environment_fit=0.979 | brand_specific_advantage=0.942 | market_opportunity=0.813 | low_competition_risk=0.790,profile_stability_moderate__confirm_local_site_conditions,not_recommended__no_store_area_seat_or_store_outcome_data,insufficient,False,False,False,not_observable_from_current_official_html,64,20,top20_available,brand_environment_fit=0.979 | brand_specific_advantage=0.942 | market_opportunity=0.813 | low_competition_risk=0.790,profile_stability_moderate,positive_drivers=brand_environment_fit=0.979 | brand_specific_advantage=0.942 | market_opportunity=0.813 | low_competition_risk=0.790 || caution_flags=profile_stability_moderate || profile_stability=moderate_profile_stability || available_recommendation_count=20
3120069,상봉역,11260,1511381851.0,142985.0,10570.212616708046,0.9086605080831409,0.8492063492063492,0.40476190476190477,0.5,0.39285714285714285,0.623015873015873,0.5714285714285714,0.16666666666666666,0.32936507936507936,0.8134920634920635,BRD_20150052,빵장수단팥빵,0.5981524249422633,False,7592.290431732478,89.18520055817115,16,56,0.3920323325635104,True,0.6913048498845266,0.753406466512702,0.8155080831408775,103.0,62.0,38.0,67.66666666666667,False,direct_size_estimation_deferred,매장 면적·좌석·점포별 매출이 없어 규모별 적합도와 argmax 규모는 산출하지 않음,0.44588146829202646,0.9745958429561201,usable_area_profile,True,conservative_fit,True,0.7465242494226327,1.0,0.8804849884526559,0.07129084880344481,1.3200972646985338,0.859122401847575,True,True,0.8498210161662818,2.0,0.6600486323492669,1.3200972646985338,True,True,0.7428123890341991,2.0,5,0.3891724534271922,0.5924063736349732,moderate_profile_stability,conservative_fit,상권 환경 프로필이 보통 안정성이므로 절대 적합도를 더 엄격히 보는 보수 시나리오를 사용,0.976905311778291,0.859122401847575,0.9607390300230947,0.674364896073903,brand_environment_fit=0.977 | market_opportunity=0.961 | brand_specific_advantage=0.859 | low_competition_risk=0.674,profile_stability_moderate__confirm_local_site_conditions,not_recommended__no_store_area_seat_or_store_outcome_data,insufficient,False,False,False,not_observable_from_current_official_html,64,20,top20_available,brand_environment_fit=0.977 | market_opportunity=0.961 | brand_specific_advantage=0.859,profile_stability_moderate,positive_drivers=brand_environment_fit=0.977 | market_opportunity=0.961 | brand_specific_advantage=0.859 || caution_flags=profile_stability_moderate || profile_stability=moderate_profile_stability || available_recommendation_count=20
3110569,홍대땡땡거리,11440,535256918.0,58391.0,9166.770872223458,0.7200923787528869,0.9404761904761905,0.4246031746031746,0.5833333333333334,0.9642857142857143,0.9880952380952381,0.9841269841269841,0.1111111111111111,0.011904761904761904,0.051587301587301584,BRD_20150052,빵장수단팥빵,0.1397228637413395,False,1431.4817497838526,51.4781507020149,30,117,0.7661662817551963,True,0.3138337182448037,0.4299076212471132,0.5459815242494226,326.0,246.0,182.0,251.33333333333334,False,direct_size_estimation_deferred,매장 면적·좌석·점포별 매출이 없어 규모별 적합도와 argmax 규모는 산출하지 않음,0.4545127250401562,0.9699769053117783,usable_area_profile,True,conservative_fit,True,0.6220958429561201,38.0,0.8238067744418783,0.07877986724200645,1.855424945321057,0.9330254041570438,True,True,0.7653060046189376,16.0,0.9277124726605285,1.855424945321057,True,True,0.7233253468025456,3.0,5,0.3891724534271922,0.5924063736349732,moderate_profile_stability,conservative_fit,상권 환경 프로필이 보통 안정성이므로 절대 적합도를 더 엄격히 보는 보수 시나리오를 사용,0.9722863741339491,0.9330254041570438,0.7482678983833718,0.12933025404157045,brand_environment_fit=0.972 | brand_specific_advantage=0.933 | market_opportunity=0.748 | low_competition_risk=0.129,profile_stability_moderate__confirm_local_site_conditions,not_recommended__no_store_area_seat_or_store_outcome_data,insufficient,False,False,False,not_observable_from_current_official_html,64,20,top20_available,brand_environment_fit=0.972 | brand_specific_advantage=0.933 | market_opportunity=0.748,profile_stability_moderate | competition_risk_elevated_but_below_exclusion,positive_drivers=brand_environment_fit=0.972 | brand_specific_advantage=0.933 | market_opportunity=0.748 || caution_flags=profile_stability_moderate | competition_risk_elevated_but_below_exclusion || profile_stability=moderate_profile_stability || available_recommendation_count=20
3120012,대학로(혜화역),11110,529590648.0,61110.0,8666.186352479135,0.7162817551963049,0.876984126984127,0.42857142857142855,0.503968253968254,0.75,0.9444444444444444,0.8531746031746031,0.2619047619047619,0.05952380952380952,0.3611111111111111,BRD_20150052,빵장수단팥빵,0.8660508083140878,False,8287.894605975773,76.48529269796715,29,59,0.6570438799076213,True,0.8211200923787528,0.7911662817551963,0.7612124711316397,46.0,51.0,61.0,52.666666666666664,False,direct_size_estimation_deferred,매장 면적·좌석·점포별 매출이 없어 규모별 적합도와 argmax 규모는 산출하지 않음,0.5891612331061278,0.8983833718244804,usable_area_profile,True,conservative_fit,True,0.6013337182448037,54.0,0.6812933025404156,0.11320802190271019,1.9176209038492844,0.9376443418013857,True,True,0.7609006928406468,19.0,0.9588104519246422,1.9176209038492844,True,True,0.7124220125192668,4.0,5,0.3891724534271922,0.5924063736349732,moderate_profile_stability,conservative_fit,상권 환경 프로필이 보통 안정성이므로 절대 적합도를 더 엄격히 보는 보수 시나리오를 사용,0.9006928406466512,0.9376443418013857,0.7413394919168591,0.27251732101616627,brand_specific_advantage=0.938 | brand_environment_fit=0.901 | market_opportunity=0.741 | low_competition_risk=0.273,profile_stability_moderate__confirm_local_site_conditions,not_recommended__no_store_area_seat_or_store_outcome_data,insufficient,False,False,False,not_observable_from_current_official_html,64,20,top20_available,brand_specific_advantage=0.938 | brand_environment_fit=0.901 | market_opportunity=0.741,profile_stability_moderate | competition_risk_elevated_but_below_exclusion,positive_drivers=brand_specific_advantage=0.938 | brand_environment_fit=0.901 | market_opportunity=0.741 || caution_flags=profile_stability_moderate | competition_risk_elevated_but_below_exclusion || profile_stability=moderate_profile_stability || available_recommendation_count=20
3120060,강변역(테크노마트),11215,634850328.0,74554.0,8515.308742656329,0.7554272517321016,0.8650793650793651,0.5238095238095238,0.6309523809523809,0.7698412698412699,0.9087301587301587,0.7023809523809523,0.1388888888888889,0.0992063492063492,0.6031746031746031,BRD_20150052,빵장수단팥빵,0.7840646651270208,False,3160.0509489590054,50.00000000812579,11,38,0.4411085450346421,True,0.775473441108545,0.7697459584295612,0.7640184757505772,64.0,54.0,59.0,59.0,False,direct_size_estimation_deferred,매장 면적·좌석·점포별 매출이 없어 규모별 적합도와 argmax 규모는 산출하지 않음,0.7531034340946874,0.8036951501154734,usable_area_profile,True,conservative_fit,True,0.6000808314087759,55.0,0.6147998460354118,0.0967414916474616,1.9525779566064614,0.9445727482678984,True,True,0.7793995381062354,9.0,0.9762889783032307,1.9525779566064614,True,True,0.7102962630515582,5.0,5,0.3891724534271922,0.5924063736349732,moderate_profile_stability,conservative_fit,상권 환경 프로필이 보통 안정성이므로 절대 적합도를 더 엄격히 보는 보수 시나리오를 사용,0.8060046189376443,0.9445727482678984,0.7875288683602771,0.5981524249422633,brand_specific_advantage=0.945 | brand_environment_fit=0.806 | market_opportunity=0.788 | low_competition_risk=0.598,profile_stability_moderate__confirm_local_site_conditions,not_recommended__no_store_area_seat_or_store_outcome_data,insufficient,False,False,False,not_observable_from_current_official_html,64,20,top20_available,brand_specific_advantage=0.945 | brand_environment_fit=0.806 | market_opportunity=0.788,profile_stability_moderate | competition_risk_moderate,positive_drivers=brand_specific_advantage=0.945 | brand_environment_fit=0.806 | market_opportunity=0.788 || caution_flags=profile_stability_moderate | competition_risk_moderate || profile_stability=moderate_profile_stability || available_recommendation_count=20
3110861,관악구신사동주민센터,11620,589729084.0,55496.0,10626.515136226035,0.7545034642032333,0.6944444444444444,0.5833333333333334,0.49603174603174605,0.8611111111111112,0.9801587301587301,0.8690476190476191,0.027777777777777776,0.051587301587301584,0.3412698412698413,BRD_20150052,빵장수단팥빵,0.42609699769053117,False,1186.9056407548846,95.41488351930987,18,53,0.42205542725173206,True,0.5246189376443418,0.5903002309468822,0.6559815242494227,193.0,143.0,114.0,150.0,False,direct_size_estimation_deferred,매장 면적·좌석·점포별 매출이 없어 규모별 적합도와 argmax 규모는 산출하지 않음,0.5888461416080417,0.9006928406466512,usable_area_profile,True,conservative_fit,True,0.6511143187066974,24.0,0.793206312548114,0.06850646125718389,1.5689983999467743,0.8983833718244804,True,True,0.7926039260969977,5.0,0.7844991999733871,1.5689983999467743,True,True,0.7028222595776424,6.0,5,0.3891724534271922,0.5924063736349732,moderate_profile_stability,conservative_fit,상권 환경 프로필이 보통 안정성이므로 절대 적합도를 더 엄격히 보는 보수 시나리오를 사용,0.9030023094688222,0.8983833718244804,0.7852193995381063,0.6270207852193995,brand_environment_fit=0.903 | brand_specific_advantage=0.898 | market_opportunity=0.785 | low_competition_risk=0.627,profile_stability_moderate__confirm_local_site_conditions,not_recommended__no_store_area_seat_or_store_outcome_data,insufficient,False,False,False,not_observable_from_current_official_html,64,20,top20_available,brand_environment_fit=0.903 | brand_specific_advantage=0.898 | market_opportunity=0.785,profile_stability_moderate | competition_risk_moderate,positive_drivers=brand_environment_fit=0.903 | brand_specific_advantage=0.898 | market_opportunity=0.785 || caution_flags=profile_stability_moderate | competition_risk_moderate || profile_stability=moderate_profile_stability || available_recommendation_count=20
3120057,아차산역,11215,481472585.0,48285.0,9971.473231852542,0.7008083140877599,0.8650793650793651,0.5238095238095238,0.6309523809523809,0.7698412698412699,0.9087301587301587,0.7023809523809523,0.1388888888888889,0.0992063492063492,0.6031746031746031,BRD_20150052,빵장수단팥빵,0.7840646651270208,False,4283.412658143288,182.38695125909172,27,57,0.4284064665127021,True,0.7590877598152426,0.7424364896073903,0.7257852193995381,70.0,64.0,71.0,68.33333333333333,False,direct_size_estimation_deferred,매장 면적·좌석·점포별 매출이 없어 규모별 적합도와 argmax 규모는 산출하지 않음,0.6460754176547564,0.8683602771362586,usable_area_profile,True,conservative_fit,True,0.61520207852194,45.0,0.7135296381832178,0.09059293855413542,1.7090806571035229,0.9099307159353349,True,True,0.7704618937644342,11.0,0.8545403285517614,1.7090806571035229,True,True,0.6933406248631137,7.0,5,0.3891724534271922,0.5924063736349732,moderate_profile_stability,conservative_fit,상권 환경 프로필이 보통 안정성이므로 절대 적합도를 더 엄격히 보는 보수 시나리오를 사용,0.8706697459584296,0.9099307159353349,0.7251732101616628,0.6143187066974596,brand_specific_advantage=0.910 | brand_environment_fit=0.871 | market_opportunity=0.725 | low_competition_risk=0.614,profile_stability_moderate__confirm_local_site_conditions,not_recommended__no_store_area_seat_or_store_outcome_data,insufficient,False,False,False,not_observable_from_current_official_html,64,20,top20_available,brand_specific_advantage=0.910 | brand_environment_fit=0.871 | market_opportunity=0.725,profile_stability_moderate | competition_risk_moderate,positive_drivers=brand_specific_advantage=0.910 | brand_environment_fit=0.871 | market_opportunity=0.725 || caution_flags=profile_stability_moderate | competition_risk_moderate || profile_stability=moderate_profile_stability || available_recommendation_count=20
3120153,노량진역(노량진),11590,595426544.0,103117.0,5774.2810981700395,0.7636258660508083,0.8611111111111112,0.5158730158730159,0.42857142857142855,0.753968253968254,0.9563492063492064,0.6626984126984127,0.11507936507936507,0.09523809523809523,0.5674603174603174,BRD_20150052,빵장수단팥빵,0.4907621247113164,False,1166.0274439347224,132.0075755359234,5,24,0.09526558891454966,True,0.572621247113164,0.6271939953810624,0.6817667436489607,163.0,126.0,89.0,126.0,False,direct_size_estimation_deferred,매장 면적·좌석·점포별 매출이 없어 규모별 적합도와 argmax 규모는 산출하지 않음,0.7485443820761991,0.8152424942263279,usable_area_profile,True,conservative_fit,True,0.6606004618937643,20.0,0.6104695919938414,0.14073458980335543,1.4550289485947272,0.8845265588914549,True,True,0.8131812933025403,3.0,0.7275144742973636,1.4550289485947272,True,True,0.6893555238861192,8.0,5,0.3891724534271922,0.5924063736349732,moderate_profile_stability,conservative_fit,상권 환경 프로필이 보통 안정성이므로 절대 적합도를 더 엄격히 보는 보수 시나리오를 사용,0.8175519630484989,0.8845265588914549,0.7967667436489607,0.9561200923787528,low_competition_risk=0.956 | brand_specific_advantage=0.885 | brand_environment_fit=0.818 | market_opportunity=0.797,profile_stability_moderate__confirm_local_site_conditions,not_recommended__no_store_area_seat_or_store_outcome_data,insufficient,False,False,False,not_observable_from_current_official_html,64,20,top20_available,low_competition_risk=0.956 | brand_specific_advantage=0.885 | brand_environment_fit=0.818 | market_opportunity=0.797,profile_stability_moderate,positive_drivers=low_competition_risk=0.956 | brand_specific_advantage=0.885 | brand_environment_fit=0.818 | market_opportunity=0.797 || caution_flags=profile_stability_moderate || profile_stability=moderate_profile_stability || available_recommendation_count=20
3120171,서초3동사거리,11650,456662682.0,36494.0,12513.363347399572,0.6878752886836027,0.7619047619047619,0.2857142857142857,0.7023809523809523,0.6785714285714286,0.8293650793650794,0.7777777777777778,0.42857142857142855,0.08333333333333333,0.5198412698412699,BRD_20150052,빵장수단팥빵,0.9780600461893765,False,7131.425173112376,65.21502889918023,16,33,0.49018475750577367,True,0.8910046189376443,0.8329676674364896,0.7749307159353348,21.0,34.0,52.0,35.666666666666664,False,direct_size_estimation_deferred,매장 면적·좌석·점포별 매출이 없어 규모별 적합도와 argmax 규모는 산출하지 않음,0.6948574376967656,0.8452655889145496,usable_area_profile,True,conservative_fit,True,0.5898614318706696,60.0,0.6955350269438029,0.08261671261629897,1.812351971279081,0.9214780600461894,True,True,0.7550057736720553,21.0,0.9061759856395405,1.812351971279081,True,True,0.6876005783960283,9.0,5,0.3891724534271922,0.5924063736349732,moderate_profile_stability,conservative_fit,상권 환경 프로필이 보통 안정성이므로 절대 적합도를 더 엄격히 보는 보수 시나리오를 사용,0.8475750577367206,0.9214780600461894,0.7136258660508084,0.5011547344110855,brand_specific_advantage=0.921 | brand_environment_fit=0.848 | market_opportunity=0.714 | low_competition_risk=0.501,profile_stability_moderate__confirm_local_site_conditions,not_recommended__no_store_area_seat_or_store_outcome_data,insufficient,False,False,False,not_observable_from_current_official_html,64,20,top20_available,brand_specific_advantage=0.921 | brand_environment_fit=0.848 | market_opportunity=0.714,profile_stability_moderate | competition_risk_moderate,positive_drivers=brand_specific_advantage=0.921 | brand_environment_fit=0.848 | market_opportunity=0.714 || caution_flags=profile_stability_moderate | competition_risk_moderate || profile_stability=moderate_profile_stability || available_recommendation_count=20
3120134,구로전화국,11545,721762263.0,64838.0,11131.77863290046,0.8124711316397228,0.753968253968254,0.7420634920634921,0.3531746031746032,0.24206349206349206,0.8690476190476191,0.873015873015873,0.04365079365079365,0.13095238095238096,0.6785714285714286,BRD_20150052,빵장수단팥빵,0.06581986143187067,False,2338.2407917333435,6.999999976891559,12,45,0.6079676674364896,True,0.2898152424942263,0.43914549653579676,0.5884757505773671,342.0,239.0,155.0,245.33333333333334,False,direct_size_estimation_deferred,매장 면적·좌석·점포별 매출이 없어 규모별 적합도와 argmax 규모는 산출하지 않음,0.7400136493469838,0.8198614318706697,usable_area_profile,True,conservative_fit,True,0.6031004618937644,52.0,0.6861046959199384,0.0772473430305845,1.7315383378011215,0.9168591224018475,True,True,0.7652482678983833,17.0,0.8657691689005608,1.7315383378011215,True,True,0.68670788113969,10.0,5,0.3891724534271922,0.5924063736349732,moderate_profile_stability,conservative_fit,상권 환경 프로필이 보통 안정성이므로 절대 적합도를 더 엄격히 보는 보수 시나리오를 사용,0.8221709006928406,0.9168591224018475,0.8521939953810623,0.34872979214780603,brand_specific_advantage=0.917 | market_opportunity=0.852 | brand_environment_fit=0.822 | low_competition_risk=0.349,profile_stability_moderate__confirm_local_site_conditions,not_recommended__no_store_area_seat_or_store_outcome_data,insufficient,False,False,False,not_observable_from_current_official_html,64,20,top20_available,brand_specific_advantage=0.917 | market_opportunity=0.852 | brand_environment_fit=0.822,profile_stability_moderate | competition_risk_elevated_but_below_exclusion,positive_drivers=brand_specific_advantage=0.917 | market_opportunity=0.852 | brand_environment_fit=0.822 || caution_flags=profile_stability_moderate | competition_risk_elevated_but_below_exclusion || profile_stability=moderate_profile_stability || available_recommendation_count=20
3120245,둔촌역,11740,1831672609.0,200933.0,9115.837662305346,0.89364896073903,0.8452380952380952,0.06746031746031746,0.7063492063492064,0.38492063492063494,0.6626984126984127,0.7182539682539683,0.5833333333333334,0.06746031746031746,0.6507936507936508,BRD_20150052,빵장수단팥빵,0.6766743648960739,False,1244.8076156742081,53.225933566835145,37,65,0.785796766743649,True,0.7417667436489608,0.785161662817552,0.8285565819861431,79.0,52.0,35.0,55.333333333333336,False,direct_size_estimation_deferred,매장 면적·좌석·점포별 매출이 없어 규모별 적합도와 argmax 규모는 산출하지 않음,0.6376386885155637,0.8729792147806005,usable_area_profile,True,conservative_fit,True,0.6313972286374134,32.0,0.7641454965357967,0.07137557557582579,1.5248033709960684,0.8937644341801386,True,True,0.7696247113163973,12.0,0.7624016854980342,1.5248033709960684,True,True,0.6846246707971413,11.0,5,0.3891724534271922,0.5924063736349732,moderate_profile_stability,conservative_fit,상권 환경 프로필이 보통 안정성이므로 절대 적합도를 더 엄격히 보는 보수 시나리오를 사용,0.8752886836027713,0.8937644341801386,0.9330254041570438,0.10623556581986143,market_opportunity=0.933 | brand_specific_advantage=0.894 | brand_environment_fit=0.875 | low_competition_risk=0.106,profile_stability_moderate__confirm_local_site_conditions,not_recommended__no_store_area_seat_or_store_outcome_data,insufficient,False,False,False,not_observable_from_current_official_html,64,20,top20_available,market_opportunity=0.933 | brand_specific_advantage=0.894 | brand_environment_fit=0.875,profile_stability_moderate | competition_risk_elevated_but_below_exclusion,positive_drivers=market_opportunity=0.933 | brand_specific_advantage=0.894 | brand_environment_fit=0.875 || caution_flags=profile_stability_moderate | competition_risk_elevated_but_below_exclusion || profile_stability=moderate_profile_stability || available_recommendation_count=20
3120067,장안동사거리,11230,371251801.0,26927.0,13787.343595647491,0.6214780600461893,0.6904761904761905,0.5396825396825397,0.5714285714285714,0.9603174603174603,0.9126984126984127,0.4087301587301587,0.1865079365079365,0.09126984126984126,0.6825396825396826,BRD_20150052,빵장수단팥빵,0.31524249422632794,False,6487.421752890461,132.54433218948893,19,34,0.355080831408776,True,0.40711316397228636,0.4683602771362586,0.5296073903002309,264.0,222.0,195.0,227.0,False,direct_size_estimation_deferred,매장 면적·좌석·점포별 매출이 없어 규모별 적합도와 argmax 규모는 산출하지 않음,0.7999531054922363,0.7621247113163973,usable_area_profile,True,conservative_fit,True,0.5453175519630484,83.0,0.6009430331023865,0.07260820752446809,2.219882348144932,0.9561200923787528,True,True,0.7442667436489606,25.0,1.0,2.219882348144932,True,True,0.6747113163972287,12.0,5,0.3891724534271922,0.5924063736349732,moderate_profile_stability,conservative_fit,상권 환경 프로필이 보통 안정성이므로 절대 적합도를 더 엄격히 보는 보수 시나리오를 사용,0.7644341801385681,0.9734411085450346,0.6374133949191686,0.7367205542725174,brand_specific_advantage=0.973 | brand_environment_fit=0.764 | low_competition_risk=0.737 | market_opportunity=0.637,profile_stability_moderate__confirm_local_site_conditions,not_recommended__no_store_area_seat_or_store_outcome_data,insufficient,False,False,False,not_observable_from_current_official_html,64,20,top20_available,brand_specific_advantage=0.973 | brand_environment_fit=0.764 | low_competition_risk=0.737,profile_stability_moderate,positive_drivers=brand_specific_advantage=0.973 | brand_environment_fit=0.764 | low_competition_risk=0.737 || caution_flags=profile_stability_moderate || profile_stability=moderate_profile_stability || available_recommendation_count=20
3001496,강남 마이스 관광특구,11680,1293218183.0,103941.0,12441.848577558423,0.9066974595842956,0.7817460317460317,0.18253968253968253,0.75,0.6468253968253969,0.8531746031746031,0.9206349206349206,0.4365079365079365,0.027777777777777776,0.4880952380952381,BRD_20150052,빵장수단팥빵,0.9214780600461894,False,6864.103291772209,97.94386148455335,20,41,0.45669745958429564,True,0.9170438799076213,0.9140877598152425,0.9111316397228637,12.0,10.0,14.0,12.0,False,direct_size_estimation_deferred,매장 면적·좌석·점포별 매출이 없어 규모별 적합도와 argmax 규모는 산출하지 않음,0.7819630706878523,0.7759815242494226,usable_area_profile,True,conservative_fit,True,0.6368302540415703,28.0,0.6463625866050808,0.09680938525641579,1.3389087979540866,0.8614318706697459,True,True,0.7808718244803694,8.0,0.6694543989770433,1.3389087979540866,True,True,0.6587608283816743,13.0,5,0.3891724534271922,0.5924063736349732,moderate_profile_stability,conservative_fit,상권 환경 프로필이 보통 안정성이므로 절대 적합도를 더 엄격히 보는 보수 시나리오를 사용,0.7782909930715936,0.8614318706697459,0.9561200923787528,0.5727482678983834,market_opportunity=0.956 | brand_specific_advantage=0.861 | brand_environment_fit=0.778 | low_competition_risk=0.573,profile_stability_moderate__confirm_local_site_conditions,not_recommended__no_store_area_seat_or_store_outcome_data,insufficient,False,False,False,not_observable_from_current_official_html,64,20,top20_available,market_opportunity=0.956 | brand_specific_advantage=0.861 | brand_environment_fit=0.778,profile_stability_moderate | competition_risk_moderate,positive_drivers=market_opportunity=0.956 | brand_specific_advantage=0.861 | brand_environment_fit=0.778 || caution_flags=profile_stability_moderate | competition_risk_moderate || profile_stability=moderate_profile_stability || available_recommendation_count=20
3110837,숭실대입구역 1번,11590,599844154.0,57757.0,10385.65289055872,0.7587759815242495,0.8611111111111112,0.5158730158730159,0.42857142857142855,0.753968253968254,0.9563492063492064,0.6626984126984127,0.11507936507936507,0.09523809523809523,0.5674603174603174,BRD_20150052,빵장수단팥빵,0.4907621247113164,False,2278.4402559330297,107.91200122156485,13,20,0.26327944572748263,True,0.5711662817551963,0.624769053117783,0.6783718244803696,164.0,128.0,92.0,128.0,False,direct_size_estimation_deferred,매장 면적·좌석·점포별 매출이 없어 규모별 적합도와 argmax 규모는 산출하지 않음,0.7568326133259202,0.7990762124711317,usable_area_profile,True,conservative_fit,True,0.6256177829099308,35.0,0.7287336412625097,0.0576904289437942,1.2193109411121612,0.8521939953810623,True,True,0.7687413394919169,14.0,0.6096554705560806,1.2193109411121612,True,True,0.635410403435787,14.0,5,0.3891724534271922,0.5924063736349732,moderate_profile_stability,conservative_fit,상권 환경 프로필이 보통 안정성이므로 절대 적합도를 더 엄격히 보는 보수 시나리오를 사용,0.8013856812933026,0.8521939953810623,0.789838337182448,0.8475750577367206,brand_specific_advantage=0.852 | low_competition_risk=0.848 | brand_environment_fit=0.801 | market_opportunity=0.790,profile_stability_moderate__confirm_local_site_conditions,not_recommended__no_store_area_seat_or_store_outcome_data,insufficient,False,False,False,not_observable_from_current_official_html,64,20,top20_available,brand_specific_advantage=0.852 | low_competition_risk=0.848 | brand_environment_fit=0.801 | market_opportunity=0.790,profile_stability_moderate,positive_drivers=brand_specific_advantage=0.852 | low_competition_risk=0.848 | brand_environment_fit=0.801 | market_opportunity=0.790 || caution_flags=profile_stability_moderate || profile_stability=moderate_profile_stability || available_recommendation_count=20
3120159,서울대입구역,11620,577357524.0,63766.0,9054.316155945175,0.7378752886836027,0.6944444444444444,0.5833333333333334,0.49603174603174605,0.8611111111111112,0.9801587301587301,0.8690476190476191,0.027777777777777776,0.051587301587301584,0.3412698412698413,BRD_20150052,빵장수단팥빵,0.42609699769053117,False,1879.9268602637476,112.61438631512817,37,77,0.575635103926097,True,0.5196304849884527,0.581986143187067,0.6443418013856812,194.0,149.0,117.0,153.33333333333334,False,direct_size_estimation_deferred,매장 면적·좌석·점포별 매출이 없어 규모별 적합도와 argmax 규모는 산출하지 않음,0.5085382447925213,0.9353348729792148,usable_area_profile,True,conservative_fit,True,0.6395785219399538,27.0,0.829003079291763,0.0995776204483711,1.0678282249432003,0.8244803695150116,True,True,0.7454099307159353,24.0,0.5339141124716001,1.0678282249432003,True,True,0.634517789087877,15.0,5,0.3891724534271922,0.5924063736349732,moderate_profile_stability,conservative_fit,상권 환경 프로필이 보통 안정성이므로 절대 적합도를 더 엄격히 보는 보수 시나리오를 사용,0.9376443418013857,0.8244803695150116,0.7621247113163973,0.407621247113164,brand_environment_fit=0.938 | brand_specific_advantage=0.824 | market_opportunity=0.762 | low_competition_risk=0.408,profile_stability_moderate__confirm_local_site_conditions,not_recommended__no_store_area_seat_or_store_outcome_data,insufficient,False,False,False,not_observable_from_current_official_html,64,20,top20_available,brand_environment_fit=0.938 | brand_specific_advantage=0.824 | market_opportunity=0.762,profile_stability_moderate | competition_risk_moderate,positive_drivers=brand_environment_fit=0.938 | brand_specific_advantage=0.824 | market_opportunity=0.762 || caution_flags=profile_stability_moderate | competition_risk_moderate || profile_stability=moderate_profile_stability || available_recommendation_count=20
3120068,사가정역,11260,944293896.0,91431.0,10327.940151589723,0.8467667436489608,0.8492063492063492,0.40476190476190477,0.5,0.39285714285714285,0.623015873015873,0.5714285714285714,0.16666666666666666,0.32936507936507936,0.8134920634920635,BRD_20150052,빵장수단팥빵,0.5981524249422633,False,6157.967359432526,42.201895677975386,26,50,0.7725173210161662,True,0.6727367205542725,0.7224595842956121,0.7721824480369515,113.0,70.0,53.0,78.66666666666667,False,direct_size_estimation_deferred,매장 면적·좌석·점포별 매출이 없어 규모별 적합도와 argmax 규모는 산출하지 않음,0.41697034659327503,0.9838337182448037,usable_area_profile,True,conservative_fit,True,0.6724076212471132,14.0,0.9523672055427251,0.03852949356737861,0.816686382006329,0.7759815242494227,True,True,0.7436951501154734,26.0,0.4083431910031645,0.816686382006329,True,True,0.6300592388593362,16.0,5,0.3891724534271922,0.5924063736349732,moderate_profile_stability,conservative_fit,상권 환경 프로필이 보통 안정성이므로 절대 적합도를 더 엄격히 보는 보수 시나리오를 사용,0.9861431870669746,0.7759815242494227,0.8891454965357968,0.11662817551963048,brand_environment_fit=0.986 | market_opportunity=0.889 | brand_specific_advantage=0.776 | low_competition_risk=0.117,profile_stability_moderate__confirm_local_site_conditions,not_recommended__no_store_area_seat_or_store_outcome_data,insufficient,False,False,False,not_observable_from_current_official_html,64,20,top20_available,brand_environment_fit=0.986 | market_opportunity=0.889 | brand_specific_advantage=0.776,profile_stability_moderate | competition_risk_elevated_but_below_exclusion,positive_drivers=brand_environment_fit=0.986 | market_opportunity=0.889 | brand_specific_advantage=0.776 || caution_flags=profile_stability_moderate | competition_risk_elevated_but_below_exclusion || profile_stability=moderate_profile_stability || available_recommendation_count=20
3110892,관악구 중앙길,11620,913081619.0,87290.0,10460.323278726086,0.8403002309468822,0.6944444444444444,0.5833333333333334,0.49603174603174605,0.8611111111111112,0.9801587301587301,0.8690476190476191,0.027777777777777776,0.051587301587301584,0.3412698412698413,BRD_20150052,빵장수단팥빵,0.42609699769053117,False,1764.5240151172154,165.92166821826325,24,76,0.39838337182448036,True,0.5503579676674364,0.6331986143187067,0.7160392609699768,180.0,122.0,76.0,126.0,False,direct_size_estimation_deferred,매장 면적·좌석·점포별 매출이 없어 규모별 적합도와 argmax 규모는 산출하지 않음,0.4933112515698235,0.9468822170900693,usable_area_profile,True,conservative_fit,True,0.7077886836027714,6.0,0.8969399538106235,0.08337710218528369,0.5989925527570169,0.7321016166281755,True,True,0.7692378752886836,13.0,0.29949627637850845,0.5989925527570169,True,True,0.6238636764849274,17.0,5,0.3891724534271922,0.5924063736349732,moderate_profile_stability,conservative_fit,상권 환경 프로필이 보통 안정성이므로 절대 적합도를 더 엄격히 보는 보수 시나리오를 사용,0.9491916859122402,0.7321016166281755,0.8845265588914549,0.6593533487297921,brand_environment_fit=0.949 | market_opportunity=0.885 | brand_specific_advantage=0.732 | low_competition_risk=0.659,profile_stability_moderate__confirm_local_site_conditions,not_recommended__no_store_area_seat_or_store_outcome_data,insufficient,False,False,False,not_observable_from_current_official_html,64,20,top20_available,brand_environment_fit=0.949 | market_opportunity=0.885 | brand_specific_advantage=0.732,profile_stability_moderate,positive_drivers=brand_environment_fit=0.949 | market_opportunity=0.885 | brand_specific_advantage=0.732 || caution_flags=profile_stability_moderate || profile_stability=moderate_profile_stability || available_recommendation_count=20
3110517,서대문소방서,11410,546942398.0,45380.0,12052.498854120759,0.7445727482678984,0.9444444444444444,0.5357142857142857,0.5357142857142857,0.9047619047619048,0.9325396825396826,0.44047619047619047,0.12301587301587301,0.1111111111111111,0.6746031746031746,BRD_20150052,빵장수단팥빵,0.279445727482679,False,3092.279579838298,103.00485425230637,3,36,0.14376443418013857,True,0.41898383371824477,0.5120092378752887,0.6050346420323326,255.0,198.0,140.0,197.66666666666666,False,direct_size_estimation_deferred,매장 면적·좌석·점포별 매출이 없어 규모별 적합도와 argmax 규모는 산출하지 않음,0.7946037887256849,0.7667436489607391,usable_area_profile,True,conservative_fit,True,0.6224076212471131,37.0,0.6758083140877598,0.07936738086999894,1.1457519937810259,0.8383371824480369,True,True,0.7671651270207852,15.0,0.5728759968905129,1.1457519937810259,True,True,0.6216832024558847,18.0,5,0.3891724534271922,0.5924063736349732,moderate_profile_stability,conservative_fit,상권 환경 프로필이 보통 안정성이므로 절대 적합도를 더 엄격히 보는 보수 시나리오를 사용,0.76905311778291,0.8383371824480369,0.7736720554272517,0.9168591224018475,low_competition_risk=0.917 | brand_specific_advantage=0.838 | market_opportunity=0.774 | brand_environment_fit=0.769,profile_stability_moderate__confirm_local_site_conditions,not_recommended__no_store_area_seat_or_store_outcome_data,insufficient,False,False,False,not_observable_from_current_official_html,64,20,top20_available,low_competition_risk=0.917 | brand_specific_advantage=0.838 | market_opportunity=0.774 | brand_environment_fit=0.769,profile_stability_moderate,positive_drivers=low_competition_risk=0.917 | brand_specific_advantage=0.838 | market_opportunity=0.774 | brand_environment_fit=0.769 || caution_flags=profile_stability_moderate || profile_stability=moderate_profile_stability || available_recommendation_count=20
3110810,영신초등학교,11560,325709619.0,29453.0,11058.62285675483,0.5928406466512702,0.8571428571428571,0.7698412698412699,0.5277777777777778,0.23809523809523808,0.9007936507936508,0.9761904761904762,0.3373015873015873,0.047619047619047616,0.25,BRD_20150052,빵장수단팥빵,0.24480369515011546,False,1479.4762587055252,74.63243262412867,11,41,0.34295612009237875,True,0.34921478060046185,0.41882217090069285,0.48842956120092373,302.0,263.0,219.0,261.3333333333333,False,direct_size_estimation_deferred,매장 면적·좌석·점포별 매출이 없어 규모별 적합도와 argmax 규모는 산출하지 않음,0.3999517591600668,0.9907621247113164,usable_area_profile,True,conservative_fit,True,0.651431870669746,22.0,0.941108545034642,0.05647173325249758,0.8792643118400896,0.7967667436489607,True,True,0.7423441108545036,27.0,0.4396321559200448,0.8792643118400896,True,True,0.6201274385181174,19.0,5,0.3891724534271922,0.5924063736349732,moderate_profile_stability,conservative_fit,상권 환경 프로필이 보통 안정성이므로 절대 적합도를 더 엄격히 보는 보수 시나리오를 사용,0.9930715935334873,0.7967667436489607,0.6073903002309469,0.7505773672055427,brand_environment_fit=0.993 | brand_specific_advantage=0.797 | low_competition_risk=0.751 | market_opportunity=0.607,profile_stability_moderate__confirm_local_site_conditions,not_recommended__no_store_area_seat_or_store_outcome_data,insufficient,False,False,False,not_observable_from_current_official_html,64,20,top20_available,brand_environment_fit=0.993 | brand_specific_advantage=0.797 | low_competition_risk=0.751,profile_stability_moderate,positive_drivers=brand_environment_fit=0.993 | brand_specific_advantage=0.797 | low_competition_risk=0.751 || caution_flags=profile_stability_moderate || profile_stability=moderate_profile_stability || available_recommendation_count=20
3120038,약수역,11140,1550178516.0,134777.0,11501.803096967584,0.9235565819861433,0.873015873015873,0.5793650793650794,0.6428571428571429,0.34523809523809523,0.8571428571428571,0.8214285714285714,0.0873015873015873,0.023809523809523808,0.8293650793650794,BRD_20150052,빵장수단팥빵,0.20092378752886836,False,8105.492582172217,62.64183906448842,18,44,0.5502309468822171,True,0.4177136258660509,0.5622401847575058,0.7067667436489607,256.0,159.0,79.0,164.66666666666666,False,direct_size_estimation_deferred,매장 면적·좌석·점포별 매출이 없어 규모별 적합도와 argmax 규모는 산출하지 않음,0.4743195075071273,0.9561200923787528,usable_area_profile,True,conservative_fit,True,0.718770207852194,3.0,0.9359122401847575,0.04410525527649033,0.4581733416418259,0.7020785219399538,True,True,0.7621997690531177,18.0,0.22908667082091294,0.4581733416418259,True,True,0.6155857554650435,20.0,5,0.3891724534271922,0.5924063736349732,moderate_profile_stability,conservative_fit,상권 환경 프로필이 보통 안정성이므로 절대 적합도를 더 엄격히 보는 보수 시나리오를 사용,0.9584295612009238,0.7020785219399538,0.9699769053117783,0.4376443418013857,market_opportunity=0.970 | brand_environment_fit=0.958 | brand_specific_advantage=0.702 | low_competition_risk=0.438,profile_stability_moderate__confirm_local_site_conditions,not_recommended__no_store_area_seat_or_store_outcome_data,insufficient,False,False,False,not_observable_from_current_official_html,64,20,top20_available,market_opportunity=0.970 | brand_environment_fit=0.958 | brand_specific_advantage=0.702,profile_stability_moderate | competition_risk_moderate,positive_drivers=market_opportunity=0.970 | brand_environment_fit=0.958 | brand_specific_advantage=0.702 || caution_flags=profile_stability_moderate | competition_risk_moderate || profile_stability=moderate_profile_stability || available_recommendation_count=20
3120226,석촌고분역,11710,497422151.0,44126.0,11272.767778633912,0.7166281755196304,0.8531746031746031,0.13095238095238096,0.6746031746031746,0.9325396825396826,0.8928571428571429,0.7063492063492064,0.4087301587301587,0.03968253968253968,0.5436507936507936,BRD_20211367,삼송빵집,0.3695150115473441,False,3480.8856631605663,58.872744129090485,22,78,0.6351039260969977,True,0.47364896073903,0.5430715935334873,0.6124942263279445,226.0,162.0,133.0,173.66666666666666,False,direct_size_estimation_deferred,매장 면적·좌석·점포별 매출이 없어 규모별 적합도와 argmax 규모는 산출하지 않음,0.33446307758275157,0.9953810623556582,usable_area_profile,True,balanced_default,True,0.65324480369515,18.0,0.9515973826020016,0.02519313875296893,1.737920795934839,0.9930715935334873,True,True,0.8155658198614318,5.0,0.8689603979674195,1.737920795934839,True,True,0.768166162383285,1.0,6,0.6777799294935727,0.7441092308977482,high_profile_stability,balanced_default,상권 환경 프로필이 재표본에도 비교적 안정적이므로 균형 시나리오를 사용,0.9976905311778291,0.9930715935334873,0.745958429561201,0.30484988452655887,brand_environment_fit=0.998 | brand_specific_advantage=0.993 | market_opportunity=0.746 | low_competition_risk=0.305,no_model_level_high_risk_flag,not_recommended__no_store_area_seat_or_store_outcome_data,rich,True,True,False,not_observable_from_current_official_html,99,20,top20_available,brand_environment_fit=0.998 | brand_specific_advantage=0.993 | market_opportunity=0.746,competition_risk_elevated_but_below_exclusion,positive_drivers=brand_environment_fit=0.998 | brand_specific_advantage=0.993 | market_opportunity=0.746 || caution_flags=competition_risk_elevated_but_below_exclusion || profile_stability=high_profile_stability || available_recommendation_count=20
3110161,중곡역 3번,11215,561704126.0,52018.0,10798.264562266908,0.7438799076212472,0.8650793650793651,0.5238095238095238,0.6309523809523809,0.7698412698412699,0.9087301587301587,0.7023809523809523,0.1388888888888889,0.0992063492063492,0.6031746031746031,BRD_20211367,삼송빵집,0.7586605080831409,False,3179.587551894085,237.05273672891286,6,28,0.032909930715935315,True,0.7542263279445728,0.751270207852194,0.7483140877598153,65.0,51.0,57.0,57.666666666666664,False,direct_size_estimation_deferred,매장 면적·좌석·점포별 매출이 없어 규모별 적합도와 argmax 규모는 산출하지 않음,0.8132776506480166,0.6882217090069285,usable_area_profile,True,balanced_default,True,0.5995323325635104,50.0,0.5714973056197075,0.0680820153808887,1.7144675100200795,0.9861431870669746,True,True,0.8191512702078522,4.0,0.8572337550100397,1.7144675100200795,True,True,0.7235883962396571,2.0,6,0.6777799294935727,0.7441092308977482,high_profile_stability,balanced_default,상권 환경 프로필이 재표본에도 비교적 안정적이므로 균형 시나리오를 사용,0.6905311778290993,0.9861431870669746,0.76905311778291,0.9861431870669746,brand_specific_advantage=0.986 | low_competition_risk=0.986 | market_opportunity=0.769 | brand_environment_fit=0.691,no_model_level_high_risk_flag,not_recommended__no_store_area_seat_or_store_outcome_data,rich,True,True,False,not_observable_from_current_official_html,99,20,top20_available,brand_specific_advantage=0.986 | low_competition_risk=0.986 | market_opportunity=0.769,no_model_level_caution_flag,positive_drivers=brand_specific_advantage=0.986 | low_competition_risk=0.986 | market_opportunity=0.769 || caution_flags=no_model_level_caution_flag || profile_stability=high_profile_stability || available_recommendation_count=20
3130222,오류시장,11530,677800421.0,66656.0,10168.633296327413,0.7894919168591223,0.8412698412698413,0.8373015873015873,0.5753968253968254,0.5238095238095238,0.7579365079365079,0.7380952380952381,0.18253968253968253,0.12698412698412698,0.7658730158730159,BRD_20211367,삼송빵집,0.5635103926096998,False,6081.266315508863,48.414873764798386,14,33,0.5161662817551963,True,0.6313048498845265,0.6765011547344111,0.7216974595842955,127.0,92.0,75.0,98.0,False,direct_size_estimation_deferred,매장 면적·좌석·점포별 매출이 없어 규모별 적합도와 argmax 규모는 산출하지 않음,0.41298028791691804,0.9630484988452656,usable_area_profile,True,balanced_default,True,0.680421478060046,10.0,0.9045419553502695,0.04485297674145903,1.304407148543089,0.9699769053117783,True,True,0.8363279445727483,3.0,0.6522035742715445,1.304407148543089,True,True,0.7110945766301445,3.0,6,0.6777799294935727,0.7441092308977482,high_profile_stability,balanced_default,상권 환경 프로필이 재표본에도 비교적 안정적이므로 균형 시나리오를 사용,0.9653579676674365,0.9699769053117783,0.8221709006928406,0.48036951501154734,brand_specific_advantage=0.970 | brand_environment_fit=0.965 | market_opportunity=0.822 | low_competition_risk=0.480,no_model_level_high_risk_flag,not_recommended__no_store_area_seat_or_store_outcome_data,rich,True,True,False,not_observable_from_current_official_html,99,20,top20_available,brand_specific_advantage=0.970 | brand_environment_fit=0.965 | market_opportunity=0.822,competition_risk_moderate,positive_drivers=brand_specific_advantage=0.970 | brand_environment_fit=0.965 | market_opportunity=0.822 || caution_flags=competition_risk_moderate || profile_stability=high_profile_stability || available_recommendation_count=20
3120128,신도림역,11530,109374557.0,11805.0,9265.104362558239,0.28314087759815243,0.8412698412698413,0.8373015873015873,0.5753968253968254,0.5238095238095238,0.7579365079365079,0.7380952380952381,0.18253968253968253,0.12698412698412698,0.7658730158730159,BRD_20211367,삼송빵집,0.5635103926096998,False,1738.79987349024,89.10667763476305,16,46,0.3943418013856813,True,0.47939953810623553,0.4233256351039261,0.36725173210161666,220.0,271.0,296.0,262.3333333333333,False,direct_size_estimation_deferred,매장 면적·좌석·점포별 매출이 없어 규모별 적합도와 argmax 규모는 산출하지 않음,0.48196605333462567,0.9445727482678984,usable_area_profile,True,balanced_default,True,0.5122344110854504,105.0,0.8469976905311779,0.04995796827431265,1.9531430341792253,0.9976905311778291,True,True,0.7082390300230947,39.0,0.9765715170896127,1.9531430341792253,True,True,0.7037515321360988,4.0,6,0.6777799294935727,0.7441092308977482,high_profile_stability,balanced_default,상권 환경 프로필이 재표본에도 비교적 안정적이므로 균형 시나리오를 사용,0.9468822170900693,0.9976905311778291,0.2586605080831409,0.6674364896073903,brand_specific_advantage=0.998 | brand_environment_fit=0.947 | low_competition_risk=0.667 | market_opportunity=0.259,no_model_level_high_risk_flag,not_recommended__no_store_area_seat_or_store_outcome_data,rich,True,True,False,not_observable_from_current_official_html,99,20,top20_available,brand_specific_advantage=0.998 | brand_environment_fit=0.947,no_model_level_caution_flag,positive_drivers=brand_specific_advantage=0.998 | brand_environment_fit=0.947 || caution_flags=no_model_level_caution_flag || profile_stability=high_profile_stability || available_recommendation_count=20
3120246,길동역,11740,916043297.0,88020.0,10407.217643717337,0.8409930715935335,0.8452380952380952,0.06746031746031746,0.7063492063492064,0.38492063492063494,0.6626984126984127,0.7182539682539683,0.5833333333333334,0.06746031746031746,0.6507936507936508,BRD_20211367,삼송빵집,0.6351039260969977,False,7511.365588214791,87.92041856413586,26,72,0.5767898383371824,True,0.6968706697459585,0.7380484988452656,0.7792263279445728,94.0,56.0,41.0,63.666666666666664,False,direct_size_estimation_deferred,매장 면적·좌석·점포별 매출이 없어 규모별 적합도와 argmax 규모는 산출하지 않음,0.35223559749264455,0.9861431870669746,usable_area_profile,True,balanced_default,True,0.7009006928406466,5.0,0.9336989992301771,0.045263740311288866,1.1586357529476594,0.9515011547344111,True,True,0.8422228637413395,2.0,0.5793178764738297,1.1586357529476594,True,True,0.7004806563039465,5.0,6,0.6777799294935727,0.7441092308977482,high_profile_stability,balanced_default,상권 환경 프로필이 재표본에도 비교적 안정적이므로 균형 시나리오를 사용,0.9884526558891455,0.9515011547344111,0.8868360277136259,0.4018475750577367,brand_environment_fit=0.988 | brand_specific_advantage=0.952 | market_opportunity=0.887 | low_competition_risk=0.402,no_model_level_high_risk_flag,not_recommended__no_store_area_seat_or_store_outcome_data,rich,True,True,False,not_observable_from_current_official_html,99,20,top20_available,brand_environment_fit=0.988 | brand_specific_advantage=0.952 | market_opportunity=0.887,competition_risk_moderate,positive_drivers=brand_environment_fit=0.988 | brand_specific_advantage=0.952 | market_opportunity=0.887 || caution_flags=competition_risk_moderate || profile_stability=high_profile_stability || available_recommendation_count=20
3120038,약수역,11140,1550178516.0,134777.0,11501.803096967584,0.9235565819861433,0.873015873015873,0.5793650793650794,0.6428571428571429,0.34523809523809523,0.8571428571428571,0.8214285714285714,0.0873015873015873,0.023809523809523808,0.8293650793650794,BRD_20211367,삼송빵집,0.17782909930715934,False,4921.42916236213,62.64183906448842,18,44,0.5508083140877598,True,0.4015473441108545,0.5506928406466514,0.699838337182448,265.0,160.0,88.0,171.0,False,direct_size_estimation_deferred,매장 면적·좌석·점포별 매출이 없어 규모별 적합도와 argmax 규모는 산출하지 않음,0.355374661498938,0.9792147806004619,usable_area_profile,True,balanced_default,True,0.730230946882217,1.0,0.9359122401847575,0.04410525527649033,0.9818000178039137,0.9214780600461894,True,True,0.8568013856812933,1.0,0.49090000890195684,0.9818000178039137,True,True,0.6903484904136064,6.0,6,0.6777799294935727,0.7441092308977482,high_profile_stability,balanced_default,상권 환경 프로필이 재표본에도 비교적 안정적이므로 균형 시나리오를 사용,0.9815242494226328,0.9214780600461894,0.9699769053117783,0.43648960739030024,brand_environment_fit=0.982 | market_opportunity=0.970 | brand_specific_advantage=0.921 | low_competition_risk=0.436,no_model_level_high_risk_flag,not_recommended__no_store_area_seat_or_store_outcome_data,rich,True,True,False,not_observable_from_current_official_html,99,20,top20_available,brand_environment_fit=0.982 | market_opportunity=0.970 | brand_specific_advantage=0.921,competition_risk_moderate,positive_drivers=brand_environment_fit=0.982 | market_opportunity=0.970 | brand_specific_advantage=0.921 || caution_flags=competition_risk_moderate || profile_stability=high_profile_stability || available_recommendation_count=20
3110768,도림2동유수지내체육시설,11560,71462127.0,7678.0,9307.388252148998,0.20692840646651273,0.8571428571428571,0.7698412698412699,0.5277777777777778,0.23809523809523808,0.9007936507936508,0.9761904761904762,0.3373015873015873,0.047619047619047616,0.25,BRD_20211367,삼송빵집,0.13394919168591224,False,1342.163179367611,164.1371377999411,6,41,0.0663972286374134,True,0.15584295612009239,0.17043879907621248,0.18503464203233255,398.0,395.0,395.0,396.0,False,direct_size_estimation_deferred,매장 면적·좌석·점포별 매출이 없어 규모별 적합도와 argmax 규모는 산출하지 않음,0.35000421128552567,0.9907621247113164,usable_area_profile,True,balanced_default,True,0.5578464203233257,73.0,0.927347959969207,0.03831926848721379,1.6548897524823352,0.9838337182448037,True,True,0.7428810623556581,25.0,0.8274448762411676,1.6548897524823352,True,True,0.6814648290862563,7.0,6,0.6777799294935727,0.7441092308977482,high_profile_stability,balanced_default,상권 환경 프로필이 재표본에도 비교적 안정적이므로 균형 시나리오를 사용,0.9930715935334873,0.9838337182448037,0.17551963048498845,0.9722863741339491,brand_environment_fit=0.993 | brand_specific_advantage=0.984 | low_competition_risk=0.972 | market_opportunity=0.176,no_model_level_high_risk_flag,not_recommended__no_store_area_seat_or_store_outcome_data,rich,True,True,False,not_observable_from_current_official_html,99,20,top20_available,brand_environment_fit=0.993 | brand_specific_advantage=0.984 | low_competition_risk=0.972,no_model_level_caution_flag,positive_drivers=brand_environment_fit=0.993 | brand_specific_advantage=0.984 | low_competition_risk=0.972 || caution_flags=no_model_level_caution_flag || profile_stability=high_profile_stability || available_recommendation_count=20
3110861,관악구신사동주민센터,11620,589729084.0,55496.0,10626.515136226035,0.7545034642032333,0.6944444444444444,0.5833333333333334,0.49603174603174605,0.8611111111111112,0.9801587301587301,0.8690476190476191,0.027777777777777776,0.051587301587301584,0.3412698412698413,BRD_20211367,삼송빵집,0.24133949191685913,False,3637.0784979356768,95.41488351930987,18,53,0.4226327944572748,True,0.39528868360277136,0.4979214780600462,0.6005542725173211,267.0,203.0,139.0,203.0,False,direct_size_estimation_deferred,매장 면적·좌석·점포별 매출이 없어 규모별 적합도와 argmax 규모는 산출하지 않음,0.6084728807013028,0.8706697459584296,usable_area_profile,True,balanced_default,True,0.6360161662817553,29.0,0.793206312548114,0.06850646125718389,1.1307463849213555,0.9445727482678984,True,True,0.801986143187067,8.0,0.5653731924606777,1.1307463849213555,True,True,0.6489776150517683,8.0,6,0.6777799294935727,0.7441092308977482,high_profile_stability,balanced_default,상권 환경 프로필이 재표본에도 비교적 안정적이므로 균형 시나리오를 사용,0.8729792147806005,0.9445727482678984,0.7852193995381063,0.6270207852193995,brand_specific_advantage=0.945 | brand_environment_fit=0.873 | market_opportunity=0.785 | low_competition_risk=0.627,no_model_level_high_risk_flag,not_recommended__no_store_area_seat_or_store_outcome_data,rich,True,True,False,not_observable_from_current_official_html,99,20,top20_available,brand_specific_advantage=0.945 | brand_environment_fit=0.873 | market_opportunity=0.785,competition_risk_moderate,positive_drivers=brand_specific_advantage=0.945 | brand_environment_fit=0.873 | market_opportunity=0.785 || caution_flags=competition_risk_moderate || profile_stability=high_profile_stability || available_recommendation_count=20
3120169,서초역,11650,90000000.0,7802.0,11535.503716995641,0.2762124711316397,0.7619047619047619,0.2857142857142857,0.7023809523809523,0.6785714285714286,0.8293650793650794,0.7777777777777778,0.42857142857142855,0.08333333333333333,0.5198412698412699,BRD_20211367,삼송빵집,0.9064665127020786,False,3886.1792290208746,171.74690684028027,13,47,0.16628175519630486,True,0.7173903002309469,0.5913394919168591,0.46528868360277137,82.0,136.0,230.0,149.33333333333334,False,direct_size_estimation_deferred,매장 면적·좌석·점포별 매출이 없어 규모별 적합도와 argmax 규모는 산출하지 않음,0.4988582386732507,0.9330254041570438,usable_area_profile,True,balanced_default,True,0.53824480369515,89.0,0.8815434949961509,0.037890219938181875,1.3587123338129456,0.9745958429561201,True,True,0.7276674364896075,32.0,0.6793561669064728,1.3587123338129456,True,True,0.6167584921355103,9.0,6,0.6777799294935727,0.7441092308977482,high_profile_stability,balanced_default,상권 환경 프로필이 재표본에도 비교적 안정적이므로 균형 시나리오를 사용,0.9353348729792148,0.9745958429561201,0.2517321016166282,0.9076212471131639,brand_specific_advantage=0.975 | brand_environment_fit=0.935 | low_competition_risk=0.908 | market_opportunity=0.252,no_model_level_high_risk_flag,not_recommended__no_store_area_seat_or_store_outcome_data,rich,True,True,False,not_observable_from_current_official_html,99,20,top20_available,brand_specific_advantage=0.975 | brand_environment_fit=0.935 | low_competition_risk=0.908,no_model_level_caution_flag,positive_drivers=brand_specific_advantage=0.975 | brand_environment_fit=0.935 | low_competition_risk=0.908 || caution_flags=no_model_level_caution_flag || profile_stability=high_profile_stability || available_recommendation_count=20
3120158,녹두거리(대학동),11620,695809095.0,79236.0,8781.476790852643,0.7778290993071594,0.6944444444444444,0.5833333333333334,0.49603174603174605,0.8611111111111112,0.9801587301587301,0.8690476190476191,0.027777777777777776,0.051587301587301584,0.3412698412698413,BRD_20211367,삼송빵집,0.24133949191685913,False,5663.442151218367,107.28000742995447,15,20,0.3140877598152425,True,0.4022863741339492,0.5095842956120092,0.6168822170900693,264.0,189.0,131.0,194.66666666666666,False,direct_size_estimation_deferred,매장 면적·좌석·점포별 매출이 없어 규모별 적합도와 argmax 규모는 산출하지 않음,0.58806347945058,0.8752886836027713,usable_area_profile,True,balanced_default,True,0.6627713625866051,13.0,0.7973441108545035,0.09329858848587673,0.8354314252038963,0.8891454965357968,True,True,0.8044803695150116,7.0,0.4177157126019482,0.8354314252038963,True,True,0.6156000375169174,10.0,6,0.6777799294935727,0.7441092308977482,high_profile_stability,balanced_default,상권 환경 프로필이 재표본에도 비교적 안정적이므로 균형 시나리오를 사용,0.8775981524249422,0.8891454965357968,0.812933025404157,0.7875288683602771,brand_specific_advantage=0.889 | brand_environment_fit=0.878 | market_opportunity=0.813 | low_competition_risk=0.788,no_model_level_high_risk_flag,not_recommended__no_store_area_seat_or_store_outcome_data,rich,True,True,False,not_observable_from_current_official_html,99,20,top20_available,brand_specific_advantage=0.889 | brand_environment_fit=0.878 | market_opportunity=0.813 | low_competition_risk=0.788,no_model_level_caution_flag,positive_drivers=brand_specific_advantage=0.889 | brand_environment_fit=0.878 | market_opportunity=0.813 | low_competition_risk=0.788 || caution_flags=no_model_level_caution_flag || profile_stability=high_profile_stability || available_recommendation_count=20
3110703,개봉역,11530,566848644.0,58936.0,9618.037260757432,0.7391454965357969,0.8412698412698413,0.8373015873015873,0.5753968253968254,0.5238095238095238,0.7579365079365079,0.7380952380952381,0.18253968253968253,0.12698412698412698,0.7658730158730159,BRD_20211367,삼송빵집,0.5635103926096998,False,4868.540643779933,17.720045128132952,13,29,0.605080831408776,True,0.6162009237875289,0.6513279445727483,0.6864549653579677,138.0,108.0,91.0,112.33333333333333,False,direct_size_estimation_deferred,매장 면적·좌석·점포별 매출이 없어 규모별 적합도와 argmax 규모는 산출하지 않음,0.4562073589097775,0.9468822170900693,usable_area_profile,True,balanced_default,True,0.6413799076212472,27.0,0.8985758275596613,0.054251327030210794,0.8904185791346219,0.9030023094688222,True,True,0.7762471131639723,11.0,0.44520928956731093,0.8904185791346219,True,True,0.6115103183231546,11.0,6,0.6777799294935727,0.7441092308977482,high_profile_stability,balanced_default,상권 환경 프로필이 재표본에도 비교적 안정적이므로 균형 시나리오를 사용,0.9491916859122402,0.9030023094688222,0.7644341801385681,0.3556581986143187,brand_environment_fit=0.949 | brand_specific_advantage=0.903 | market_opportunity=0.764 | low_competition_risk=0.356,no_model_level_high_risk_flag,not_recommended__no_store_area_seat_or_store_outcome_data,rich,True,True,False,not_observable_from_current_official_html,99,20,top20_available,brand_environment_fit=0.949 | brand_specific_advantage=0.903 | market_opportunity=0.764,competition_risk_elevated_but_below_exclusion,positive_drivers=brand_environment_fit=0.949 | brand_specific_advantage=0.903 | market_opportunity=0.764 || caution_flags=competition_risk_elevated_but_below_exclusion || profile_stability=high_profile_stability || available_recommendation_count=20
3120165,서래마을카페거리(서래마을),11650,2971488955.0,159582.0,18620.45189933702,0.9718244803695151,0.7619047619047619,0.2857142857142857,0.7023809523809523,0.6785714285714286,0.8293650793650794,0.7777777777777778,0.42857142857142855,0.08333333333333333,0.5198412698412699,BRD_20211367,삼송빵집,0.9064665127020786,False,4747.001685280006,18.110770263065373,12,56,0.5814087759815242,True,0.9260739030023095,0.9391454965357968,0.9522170900692841,3.0,1.0,1.0,1.6666666666666667,True,direct_size_estimation_deferred,매장 면적·좌석·점포별 매출이 없어 규모별 적합도와 argmax 규모는 산출하지 않음,0.6591715163387367,0.8152424942263279,usable_area_profile,True,balanced_default,True,0.6605484988452657,15.0,0.7512509622786759,0.08110629650978349,0.7889835278070296,0.8799076212471132,True,True,0.8008718244803696,9.0,0.3944917639035148,0.7889835278070296,True,True,0.6082222328396713,12.0,6,0.6777799294935727,0.7441092308977482,high_profile_stability,balanced_default,상권 환경 프로필이 재표본에도 비교적 안정적이므로 균형 시나리오를 사용,0.8175519630484989,0.8799076212471132,0.9884526558891455,0.394919168591224,market_opportunity=0.988 | brand_specific_advantage=0.880 | brand_environment_fit=0.818 | low_competition_risk=0.395,no_model_level_high_risk_flag,not_recommended__no_store_area_seat_or_store_outcome_data,rich,True,True,False,not_observable_from_current_official_html,99,20,top20_available,market_opportunity=0.988 | brand_specific_advantage=0.880 | brand_environment_fit=0.818,competition_risk_moderate,positive_drivers=market_opportunity=0.988 | brand_specific_advantage=0.880 | brand_environment_fit=0.818 || caution_flags=competition_risk_moderate || profile_stability=high_profile_stability || available_recommendation_count=20
3110883,은천초등학교(은천교앞),11620,384324031.0,36658.0,10484.042528233946,0.6409930715935335,0.6944444444444444,0.5833333333333334,0.49603174603174605,0.8611111111111112,0.9801587301587301,0.8690476190476191,0.027777777777777776,0.051587301587301584,0.3412698412698413,BRD_20211367,삼송빵집,0.24133949191685913,False,4087.556360481768,165.06059494972328,13,69,0.17782909930715937,True,0.36123556581986144,0.4411662817551963,0.5210969976905311,290.0,260.0,193.0,247.66666666666666,False,direct_size_estimation_deferred,매장 면적·좌석·점포별 매출이 없어 규모별 적합도와 argmax 규모는 산출하지 않음,0.35192801237630505,0.9884526558891455,usable_area_profile,True,balanced_default,True,0.6918995381062356,7.0,0.9701693610469592,0.026750654894371177,0.6834709248943852,0.8614318706697459,True,True,0.8067321016166282,6.0,0.3417354624471926,0.6834709248943852,True,True,0.6080311993853857,13.0,6,0.6777799294935727,0.7441092308977482,high_profile_stability,balanced_default,상권 환경 프로필이 재표본에도 비교적 안정적이므로 균형 시나리오를 사용,0.9907621247113164,0.8614318706697459,0.6558891454965358,0.8960739030023095,brand_environment_fit=0.991 | low_competition_risk=0.896 | brand_specific_advantage=0.861 | market_opportunity=0.656,no_model_level_high_risk_flag,not_recommended__no_store_area_seat_or_store_outcome_data,rich,True,True,False,not_observable_from_current_official_html,99,20,top20_available,brand_environment_fit=0.991 | low_competition_risk=0.896 | brand_specific_advantage=0.861,no_model_level_caution_flag,positive_drivers=brand_environment_fit=0.991 | low_competition_risk=0.896 | brand_specific_advantage=0.861 || caution_flags=no_model_level_caution_flag || profile_stability=high_profile_stability || available_recommendation_count=20
3120056,구의역,11215,311680026.0,30426.0,10243.871228554526,0.5764434180138568,0.8650793650793651,0.5238095238095238,0.6309523809523809,0.7698412698412699,0.9087301587301587,0.7023809523809523,0.1388888888888889,0.0992063492063492,0.6031746031746031,BRD_20211367,삼송빵집,0.7586605080831409,False,3651.3505720304624,109.93179701028201,24,62,0.48325635103926096,True,0.7039953810623556,0.6675519630484988,0.631108545034642,89.0,97.0,121.0,102.33333333333333,False,direct_size_estimation_deferred,매장 면적·좌석·점포별 매출이 없어 규모별 적합도와 argmax 규모는 산출하지 않음,0.3321161933972526,0.9976905311778291,usable_area_profile,True,balanced_default,True,0.6281120092378754,32.0,0.9880677444187836,0.010739200973532492,0.8960430839092699,0.9099307159353349,True,True,0.7637240184757506,14.0,0.44802154195463495,0.8960430839092699,True,True,0.6017844449959006,14.0,6,0.6777799294935727,0.7441092308977482,high_profile_stability,balanced_default,상권 환경 프로필이 재표본에도 비교적 안정적이므로 균형 시나리오를 사용,1.0,0.9099307159353349,0.5935334872979214,0.5173210161662818,brand_environment_fit=1.000 | brand_specific_advantage=0.910 | market_opportunity=0.594 | low_competition_risk=0.517,no_model_level_high_risk_flag,not_recommended__no_store_area_seat_or_store_outcome_data,rich,True,True,False,not_observable_from_current_official_html,99,20,top20_available,brand_environment_fit=1.000 | brand_specific_advantage=0.910,competition_risk_moderate,positive_drivers=brand_environment_fit=1.000 | brand_specific_advantage=0.910 || caution_flags=competition_risk_moderate || profile_stability=high_profile_stability || available_recommendation_count=20
3120134,구로전화국,11545,721762263.0,64838.0,11131.77863290046,0.8124711316397228,0.753968253968254,0.7420634920634921,0.3531746031746032,0.24206349206349206,0.8690476190476191,0.873015873015873,0.04365079365079365,0.13095238095238096,0.6785714285714286,BRD_20211367,삼송빵집,0.10739030023094688,False,3971.191886597138,6.999999976891559,12,45,0.6079676674364896,True,0.3189145496535797,0.45993071593533486,0.60094688221709,312.0,244.0,138.0,231.33333333333334,False,direct_size_estimation_deferred,매장 면적·좌석·점포별 매출이 없어 규모별 적합도와 argmax 규모는 산출하지 않음,0.7296210909498353,0.7667436489607391,usable_area_profile,True,balanced_default,True,0.5765415704387992,64.0,0.6861046959199384,0.0772473430305845,1.0439058468182312,0.9353348729792148,True,True,0.7567032332563511,18.0,0.5219529234091156,1.0439058468182312,True,True,0.5933648164957309,15.0,6,0.6777799294935727,0.7441092308977482,high_profile_stability,balanced_default,상권 환경 프로필이 재표본에도 비교적 안정적이므로 균형 시나리오를 사용,0.76905311778291,0.9353348729792148,0.8521939953810623,0.34757505773672054,brand_specific_advantage=0.935 | market_opportunity=0.852 | brand_environment_fit=0.769 | low_competition_risk=0.348,no_model_level_high_risk_flag,not_recommended__no_store_area_seat_or_store_outcome_data,rich,True,True,False,not_observable_from_current_official_html,99,20,top20_available,brand_specific_advantage=0.935 | market_opportunity=0.852 | brand_environment_fit=0.769,competition_risk_elevated_but_below_exclusion,positive_drivers=brand_specific_advantage=0.935 | market_opportunity=0.852 | brand_environment_fit=0.769 || caution_flags=competition_risk_elevated_but_below_exclusion || profile_stability=high_profile_stability || available_recommendation_count=20
3120068,사가정역,11260,944293896.0,91431.0,10327.940151589723,0.8467667436489608,0.8492063492063492,0.40476190476190477,0.5,0.39285714285714285,0.623015873015873,0.5714285714285714,0.16666666666666666,0.32936507936507936,0.8134920634920635,BRD_20211367,삼송빵집,0.9445727482678984,False,1748.4121367867892,42.201895677975386,26,50,0.773094688221709,True,0.9152309468822171,0.8956697459584295,0.876108545034642,4.0,7.0,11.0,7.333333333333333,False,direct_size_estimation_deferred,매장 면적·좌석·점포별 매출이 없어 규모별 적합도와 argmax 규모는 산출하지 않음,0.3818750801422233,0.976905311778291,usable_area_profile,True,balanced_default,True,0.6688568129330255,11.0,0.9523672055427251,0.03852949356737861,0.6368655272526418,0.8429561200923787,True,True,0.7683198614318705,12.0,0.3184327636263209,0.6368655272526418,True,True,0.5877505434816834,16.0,6,0.6777799294935727,0.7441092308977482,high_profile_stability,balanced_default,상권 환경 프로필이 재표본에도 비교적 안정적이므로 균형 시나리오를 사용,0.9792147806004619,0.8429561200923787,0.8891454965357968,0.11547344110854503,brand_environment_fit=0.979 | market_opportunity=0.889 | brand_specific_advantage=0.843 | low_competition_risk=0.115,no_model_level_high_risk_flag,not_recommended__no_store_area_seat_or_store_outcome_data,rich,True,True,False,not_observable_from_current_official_html,99,20,top20_available,brand_environment_fit=0.979 | market_opportunity=0.889 | brand_specific_advantage=0.843,competition_risk_elevated_but_below_exclusion,positive_drivers=brand_environment_fit=0.979 | market_opportunity=0.889 | brand_specific_advantage=0.843 || caution_flags=competition_risk_elevated_but_below_exclusion || profile_stability=high_profile_stability || available_recommendation_count=20
3130313,방이시장,11710,403436506.0,44467.0,9072.716981132075,0.6439953810623558,0.8531746031746031,0.13095238095238096,0.6746031746031746,0.9325396825396826,0.8928571428571429,0.7063492063492064,0.4087301587301587,0.03968253968253968,0.5436507936507936,BRD_20211367,삼송빵집,0.3695150115473441,False,4984.658162797714,38.0788655057163,26,74,0.7892609699769053,True,0.4518591224018476,0.50675519630485,0.5616512702078522,238.0,192.0,163.0,197.66666666666666,False,direct_size_estimation_deferred,매장 면적·좌석·점포별 매출이 없어 규모별 적합도와 argmax 규모는 산출하지 않음,0.6365378665887907,0.8314087759815243,usable_area_profile,True,balanced_default,True,0.5227136258660509,98.0,0.783679753656659,0.03915549446621151,1.2189610417524457,0.9561200923787528,True,True,0.7066801385681294,40.0,0.6094805208762228,1.2189610417524457,True,True,0.5863840021681099,17.0,6,0.6777799294935727,0.7441092308977482,high_profile_stability,balanced_default,상권 환경 프로필이 재표본에도 비교적 안정적이므로 균형 시나리오를 사용,0.8337182448036952,0.9561200923787528,0.6651270207852193,0.09930715935334873,brand_specific_advantage=0.956 | brand_environment_fit=0.834 | market_opportunity=0.665 | low_competition_risk=0.099,no_model_level_high_risk_flag,not_recommended__no_store_area_seat_or_store_outcome_data,rich,True,True,False,not_observable_from_current_official_html,99,20,top20_available,brand_specific_advantage=0.956 | brand_environment_fit=0.834,competition_risk_elevated_but_below_exclusion,positive_drivers=brand_specific_advantage=0.956 | brand_environment_fit=0.834 || caution_flags=competition_risk_elevated_but_below_exclusion || profile_stability=high_profile_stability || available_recommendation_count=20
3120086,태릉입구역,11350,146416420.0,14032.0,10434.46550741163,0.36836027713625863,0.8928571428571429,0.08333333333333333,0.7222222222222222,0.9444444444444444,0.7777777777777778,0.30158730158730157,0.38095238095238093,0.4444444444444444,0.6071428571428571,BRD_20211367,삼송빵집,0.5311778290993071,False,2597.4333485074917,138.57849763244047,21,54,0.3903002309468822,True,0.4823325635103925,0.44976905311778287,0.41720554272517313,217.0,254.0,260.0,243.66666666666666,False,direct_size_estimation_deferred,매장 면적·좌석·점포별 매출이 없어 규모별 적합도와 argmax 규모는 산출하지 않음,0.6101521043167492,0.8660508083140878,usable_area_profile,True,balanced_default,True,0.503406466512702,114.0,0.7692455735180909,0.07421274040179639,1.304428785029122,0.9722863741339491,True,True,0.7006928406466513,41.0,0.652214392514561,1.304428785029122,True,True,0.5844528664794035,18.0,6,0.6777799294935727,0.7441092308977482,high_profile_stability,balanced_default,상권 환경 프로필이 재표본에도 비교적 안정적이므로 균형 시나리오를 사용,0.8683602771362586,0.9722863741339491,0.36027713625866054,0.6732101616628176,brand_specific_advantage=0.972 | brand_environment_fit=0.868 | low_competition_risk=0.673 | market_opportunity=0.360,no_model_level_high_risk_flag,not_recommended__no_store_area_seat_or_store_outcome_data,rich,True,True,False,not_observable_from_current_official_html,99,20,top20_available,brand_specific_advantage=0.972 | brand_environment_fit=0.868,no_model_level_caution_flag,positive_drivers=brand_specific_advantage=0.972 | brand_environment_fit=0.868 || caution_flags=no_model_level_caution_flag || profile_stability=high_profile_stability || available_recommendation_count=20
3110892,관악구 중앙길,11620,913081619.0,87290.0,10460.323278726086,0.8403002309468822,0.6944444444444444,0.5833333333333334,0.49603174603174605,0.8611111111111112,0.9801587301587301,0.8690476190476191,0.027777777777777776,0.051587301587301584,0.3412698412698413,BRD_20211367,삼송빵집,0.24133949191685913,False,5186.3085137810895,165.92166821826325,24,76,0.3978060046189376,True,0.421027713625866,0.5408198614318707,0.6606120092378752,253.0,164.0,104.0,173.66666666666666,False,direct_size_estimation_deferred,매장 면적·좌석·점포별 매출이 없어 규모별 적합도와 argmax 규모는 산출하지 않음,0.4873792095575538,0.9376443418013857,usable_area_profile,True,balanced_default,True,0.7032563510392609,4.0,0.8969399538106235,0.08337710218528369,0.4881962424204591,0.792147806004619,True,True,0.7905715935334873,10.0,0.24409812121022956,0.4881962424204591,True,True,0.5839043193288921,19.0,6,0.6777799294935727,0.7441092308977482,high_profile_stability,balanced_default,상권 환경 프로필이 재표본에도 비교적 안정적이므로 균형 시나리오를 사용,0.9399538106235565,0.792147806004619,0.8845265588914549,0.6628175519630485,brand_environment_fit=0.940 | market_opportunity=0.885 | brand_specific_advantage=0.792 | low_competition_risk=0.663,no_model_level_high_risk_flag,not_recommended__no_store_area_seat_or_store_outcome_data,rich,True,True,False,not_observable_from_current_official_html,99,20,top20_available,brand_environment_fit=0.940 | market_opportunity=0.885 | brand_specific_advantage=0.792,no_model_level_caution_flag,positive_drivers=brand_environment_fit=0.940 | market_opportunity=0.885 | brand_specific_advantage=0.792 || caution_flags=no_model_level_caution_flag || profile_stability=high_profile_stability || available_recommendation_count=20
3110810,영신초등학교,11560,325709619.0,29453.0,11058.62285675483,0.5928406466512702,0.8571428571428571,0.7698412698412699,0.5277777777777778,0.23809523809523808,0.9007936507936508,0.9761904761904762,0.3373015873015873,0.047619047619047616,0.25,BRD_20211367,삼송빵집,0.13394919168591224,False,953.2580972726794,74.63243262412867,11,40,0.34295612009237875,True,0.2716166281755196,0.36339491916859123,0.4551732101616628,354.0,308.0,236.0,299.3333333333333,False,direct_size_estimation_deferred,매장 면적·좌석·점포별 매출이 없어 규모별 적합도와 argmax 규모는 산출하지 않음,0.35271425469351225,0.9815242494226328,usable_area_profile,True,balanced_default,True,0.6468129330254042,22.0,0.941108545034642,0.05647173325249758,0.7156802538233291,0.8660508083140878,True,True,0.7672863741339493,13.0,0.35784012691166456,0.7156802538233291,True,True,0.5826920813705837,20.0,6,0.6777799294935727,0.7441092308977482,high_profile_stability,balanced_default,상권 환경 프로필이 재표본에도 비교적 안정적이므로 균형 시나리오를 사용,0.9838337182448037,0.8660508083140878,0.6073903002309469,0.7505773672055427,brand_environment_fit=0.984 | brand_specific_advantage=0.866 | low_competition_risk=0.751 | market_opportunity=0.607,no_model_level_high_risk_flag,not_recommended__no_store_area_seat_or_store_outcome_data,rich,True,True,False,not_observable_from_current_official_html,99,20,top20_available,brand_environment_fit=0.984 | brand_specific_advantage=0.866 | low_competition_risk=0.751,same_brand_distance_750m_to_1000m_review,positive_drivers=brand_environment_fit=0.984 | brand_specific_advantage=0.866 | low_competition_risk=0.751 || caution_flags=same_brand_distance_750m_to_1000m_review || profile_stability=high_profile_stability || available_recommendation_count=20
3120153,노량진역(노량진),11590,595426544.0,103117.0,5774.2810981700395,0.7636258660508083,0.8611111111111112,0.5158730158730159,0.42857142857142855,0.753968253968254,0.9563492063492064,0.6626984126984127,0.11507936507936507,0.09523809523809523,0.5674603174603174,BRD_20230468,소림사,0.9018475750577367,False,2461.528996417717,132.0075755359234,5,24,0.09526558891454966,True,0.8603810623556583,0.8327367205542725,0.8050923787528868,24.0,26.0,37.0,29.0,False,direct_size_estimation_deferred,매장 면적·좌석·점포별 매출이 없어 규모별 적합도와 argmax 규모는 산출하지 않음,0.6775002310881403,0.8845265588914549,usable_area_profile,True,conservative_fit,True,0.6952424942263279,6.0,0.6104695919938414,0.14073458980335543,1.9473319763147479,0.930715935334873,True,True,0.8524422632794458,1.0,0.9736659881573739,1.9473319763147479,True,True,0.7786070282171725,1.0,8,0.4631107886410567,0.6037886970167157,moderate_profile_stability,conservative_fit,상권 환경 프로필이 보통 안정성이므로 절대 적합도를 더 엄격히 보는 보수 시나리오를 사용,0.8868360277136259,0.930715935334873,0.7967667436489607,0.9561200923787528,low_competition_risk=0.956 | brand_specific_advantage=0.931 | brand_environment_fit=0.887 | market_opportunity=0.797,profile_stability_moderate__confirm_local_site_conditions,not_recommended__no_store_area_seat_or_store_outcome_data,insufficient,False,False,False,not_observable_from_current_official_html,60,20,top20_available,low_competition_risk=0.956 | brand_specific_advantage=0.931 | brand_environment_fit=0.887 | market_opportunity=0.797,profile_stability_moderate,positive_drivers=low_competition_risk=0.956 | brand_specific_advantage=0.931 | brand_environment_fit=0.887 | market_opportunity=0.797 || caution_flags=profile_stability_moderate || profile_stability=moderate_profile_stability || available_recommendation_count=20
3001496,강남 마이스 관광특구,11680,1293218183.0,103941.0,12441.848577558423,0.9066974595842956,0.7817460317460317,0.18253968253968253,0.75,0.6468253968253969,0.8531746031746031,0.9206349206349206,0.4365079365079365,0.027777777777777776,0.4880952380952381,BRD_20230468,소림사,0.7066974595842956,False,4177.65316897119,97.94386148455335,20,41,0.4578521939953811,True,0.7666974595842956,0.8066974595842956,0.8466974595842955,64.0,36.0,24.0,41.333333333333336,False,direct_size_estimation_deferred,매장 면적·좌석·점포별 매출이 없어 규모별 적합도와 argmax 규모는 산출하지 않음,0.7419993643927456,0.8337182448036952,usable_area_profile,True,conservative_fit,True,0.6655254041570439,13.0,0.6463625866050808,0.09680938525641579,1.935304699047222,0.9284064665127021,True,True,0.8248094688221709,2.0,0.967652349523611,1.935304699047222,True,True,0.7562895307989166,2.0,8,0.4631107886410567,0.6037886970167157,moderate_profile_stability,conservative_fit,상권 환경 프로필이 보통 안정성이므로 절대 적합도를 더 엄격히 보는 보수 시나리오를 사용,0.836027713625866,0.9284064665127021,0.9561200923787528,0.5704387990762124,market_opportunity=0.956 | brand_specific_advantage=0.928 | brand_environment_fit=0.836 | low_competition_risk=0.570,profile_stability_moderate__confirm_local_site_conditions,not_recommended__no_store_area_seat_or_store_outcome_data,insufficient,False,False,False,not_observable_from_current_official_html,60,20,top20_available,market_opportunity=0.956 | brand_specific_advantage=0.928 | brand_environment_fit=0.836,profile_stability_moderate | competition_risk_moderate,positive_drivers=market_opportunity=0.956 | brand_specific_advantage=0.928 | brand_environment_fit=0.836 || caution_flags=profile_stability_moderate | competition_risk_moderate || profile_stability=moderate_profile_stability || available_recommendation_count=20
3120037,동대문역사문화공원역,11140,991150857.0,75063.0,13204.253187322649,0.8695150115473441,0.873015873015873,0.5793650793650794,0.6428571428571429,0.34523809523809523,0.8571428571428571,0.8214285714285714,0.0873015873015873,0.023809523809523808,0.8293650793650794,BRD_20230468,소림사,0.26096997690531176,False,1705.5629569499367,125.25573836405046,15,74,0.2806004618937644,True,0.44353348729792147,0.5652424942263279,0.6869515011547344,244.0,152.0,90.0,162.0,False,direct_size_estimation_deferred,매장 면적·좌석·점포별 매출이 없어 규모별 적합도와 argmax 규모는 산출하지 않음,0.5405237524648763,0.9445727482678984,usable_area_profile,True,conservative_fit,True,0.7345265588914549,2.0,0.7372016936104696,0.1468679111485937,1.4119561790976993,0.8036951501154734,True,True,0.8236143187066974,3.0,0.7059780895488497,1.4119561790976993,True,True,0.7436423283918314,3.0,8,0.4631107886410567,0.6037886970167157,moderate_profile_stability,conservative_fit,상권 환경 프로필이 보통 안정성이므로 절대 적합도를 더 엄격히 보는 보수 시나리오를 사용,0.9468822170900693,0.8036951501154734,0.9053117782909931,0.8314087759815243,brand_environment_fit=0.947 | market_opportunity=0.905 | low_competition_risk=0.831 | brand_specific_advantage=0.804,profile_stability_moderate__confirm_local_site_conditions,not_recommended__no_store_area_seat_or_store_outcome_data,insufficient,False,False,False,not_observable_from_current_official_html,60,20,top20_available,brand_environment_fit=0.947 | market_opportunity=0.905 | low_competition_risk=0.831 | brand_specific_advantage=0.804,profile_stability_moderate,positive_drivers=brand_environment_fit=0.947 | market_opportunity=0.905 | low_competition_risk=0.831 | brand_specific_advantage=0.804 || caution_flags=profile_stability_moderate || profile_stability=moderate_profile_stability || available_recommendation_count=20
3120218,코엑스,11680,817082884.0,73448.0,11124.64442871147,0.8325635103926097,0.7817460317460317,0.18253968253968253,0.75,0.6468253968253969,0.8531746031746031,0.9206349206349206,0.4365079365079365,0.027777777777777776,0.4880952380952381,BRD_20230468,소림사,0.7066974595842956,False,4077.946787320079,37.215588113896615,20,42,0.7015011547344111,True,0.7444572748267898,0.7696304849884527,0.7948036951501154,73.0,49.0,45.0,55.666666666666664,False,direct_size_estimation_deferred,매장 면적·좌석·점포별 매출이 없어 규모별 적합도와 argmax 규모는 산출하지 않음,0.7620929028196113,0.8152424942263279,usable_area_profile,True,conservative_fit,True,0.5937933025404156,57.0,0.6758083140877598,0.06973715522685474,1.9994245490081892,0.9353348729792148,True,True,0.7632505773672055,10.0,0.9997122745040946,1.9994245490081892,True,True,0.7140158284412662,4.0,8,0.4631107886410567,0.6037886970167157,moderate_profile_stability,conservative_fit,상권 환경 프로필이 보통 안정성이므로 절대 적합도를 더 엄격히 보는 보수 시나리오를 사용,0.8175519630484989,0.9353348729792148,0.8706697459584296,0.22170900692840648,brand_specific_advantage=0.935 | market_opportunity=0.871 | brand_environment_fit=0.818 | low_competition_risk=0.222,profile_stability_moderate__confirm_local_site_conditions,not_recommended__no_store_area_seat_or_store_outcome_data,insufficient,False,False,False,not_observable_from_current_official_html,60,20,top20_available,brand_specific_advantage=0.935 | market_opportunity=0.871 | brand_environment_fit=0.818,profile_stability_moderate | competition_risk_elevated_but_below_exclusion,positive_drivers=brand_specific_advantage=0.935 | market_opportunity=0.871 | brand_environment_fit=0.818 || caution_flags=profile_stability_moderate | competition_risk_elevated_but_below_exclusion || profile_stability=moderate_profile_stability || available_recommendation_count=20
3120069,상봉역,11260,1511381851.0,142985.0,10570.212616708046,0.9086605080831409,0.8492063492063492,0.40476190476190477,0.5,0.39285714285714285,0.623015873015873,0.5714285714285714,0.16666666666666666,0.32936507936507936,0.8134920634920635,BRD_20230468,소림사,0.8706697459584296,False,5607.677772457989,89.18520055817115,16,56,0.3937644341801385,True,0.8820669745958429,0.8896651270207853,0.8972632794457274,16.0,12.0,8.0,12.0,False,direct_size_estimation_deferred,매장 면적·좌석·점포별 매출이 없어 규모별 적합도와 argmax 규모는 산출하지 않음,0.5176113503269802,0.9561200923787528,usable_area_profile,True,conservative_fit,True,0.7370265588914549,1.0,0.8804849884526559,0.07129084880344481,1.0609370654939128,0.7113163972286374,True,True,0.7848960739030022,4.0,0.5304685327469564,1.0609370654939128,True,True,0.7028538537410117,5.0,8,0.4631107886410567,0.6037886970167157,moderate_profile_stability,conservative_fit,상권 환경 프로필이 보통 안정성이므로 절대 적합도를 더 엄격히 보는 보수 시나리오를 사용,0.9584295612009238,0.7113163972286374,0.9607390300230947,0.6720554272517321,market_opportunity=0.961 | brand_environment_fit=0.958 | brand_specific_advantage=0.711 | low_competition_risk=0.672,profile_stability_moderate__confirm_local_site_conditions,not_recommended__no_store_area_seat_or_store_outcome_data,insufficient,False,False,False,not_observable_from_current_official_html,60,20,top20_available,market_opportunity=0.961 | brand_environment_fit=0.958 | brand_specific_advantage=0.711,profile_stability_moderate,positive_drivers=market_opportunity=0.961 | brand_environment_fit=0.958 | brand_specific_advantage=0.711 || caution_flags=profile_stability_moderate || profile_stability=moderate_profile_stability || available_recommendation_count=20
3110892,관악구 중앙길,11620,913081619.0,87290.0,10460.323278726086,0.8403002309468822,0.6944444444444444,0.5833333333333334,0.49603174603174605,0.8611111111111112,0.9801587301587301,0.8690476190476191,0.027777777777777776,0.051587301587301584,0.3412698412698413,BRD_20230468,소림사,0.34757505773672054,False,1979.0040424053163,165.92166821826325,24,76,0.39838337182448036,True,0.495392609699769,0.5939376443418014,0.6924826789838336,211.0,136.0,86.0,144.33333333333334,False,direct_size_estimation_deferred,매장 면적·좌석·점포별 매출이 없어 규모별 적합도와 argmax 규모는 산출하지 않음,0.42180319385918774,0.9884526558891455,usable_area_profile,True,conservative_fit,True,0.7285739030023095,3.0,0.8969399538106235,0.08337710218528369,1.0975759492715291,0.7228637413394919,True,True,0.778013856812933,6.0,0.5487879746357646,1.0975759492715291,True,True,0.7028147765688719,6.0,8,0.4631107886410567,0.6037886970167157,moderate_profile_stability,conservative_fit,상권 환경 프로필이 보통 안정성이므로 절대 적합도를 더 엄격히 보는 보수 시나리오를 사용,0.9907621247113164,0.7228637413394919,0.8845265588914549,0.6651270207852193,brand_environment_fit=0.991 | market_opportunity=0.885 | brand_specific_advantage=0.723 | low_competition_risk=0.665,profile_stability_moderate__confirm_local_site_conditions,not_recommended__no_store_area_seat_or_store_outcome_data,insufficient,False,False,False,not_observable_from_current_official_html,60,20,top20_available,brand_environment_fit=0.991 | market_opportunity=0.885 | brand_specific_advantage=0.723,profile_stability_moderate,positive_drivers=brand_environment_fit=0.991 | market_opportunity=0.885 | brand_specific_advantage=0.723 || caution_flags=profile_stability_moderate || profile_stability=moderate_profile_stability || available_recommendation_count=20
3120060,강변역(테크노마트),11215,634850328.0,74554.0,8515.308742656329,0.7554272517321016,0.8650793650793651,0.5238095238095238,0.6309523809523809,0.7698412698412699,0.9087301587301587,0.7023809523809523,0.1388888888888889,0.0992063492063492,0.6031746031746031,BRD_20230468,소림사,0.9364896073903002,False,2404.7224371907696,50.00000000812579,11,38,0.44226327944572746,True,0.8821709006928405,0.8459584295612008,0.809745958429561,15.0,22.0,36.0,24.333333333333332,False,direct_size_estimation_deferred,매장 면적·좌석·점포별 매출이 없어 규모별 적합도와 argmax 규모는 산출하지 않음,0.8009108830956162,0.7967667436489607,usable_area_profile,True,conservative_fit,True,0.5964434180138567,54.0,0.6147998460354118,0.0967414916474616,1.880960222079887,0.9237875288683602,True,True,0.7688337182448037,9.0,0.9404801110399434,1.880960222079887,True,True,0.6984572102080228,7.0,8,0.4631107886410567,0.6037886970167157,moderate_profile_stability,conservative_fit,상권 환경 프로필이 보통 안정성이므로 절대 적합도를 더 엄격히 보는 보수 시나리오를 사용,0.7990762124711316,0.9237875288683602,0.7875288683602771,0.5935334872979214,brand_specific_advantage=0.924 | brand_environment_fit=0.799 | market_opportunity=0.788 | low_competition_risk=0.594,profile_stability_moderate__confirm_local_site_conditions,not_recommended__no_store_area_seat_or_store_outcome_data,insufficient,False,False,False,not_observable_from_current_official_html,60,20,top20_available,brand_specific_advantage=0.924 | brand_environment_fit=0.799 | market_opportunity=0.788,profile_stability_moderate | competition_risk_moderate,positive_drivers=brand_specific_advantage=0.924 | brand_environment_fit=0.799 | market_opportunity=0.788 || caution_flags=profile_stability_moderate | competition_risk_moderate || profile_stability=moderate_profile_stability || available_recommendation_count=20
3120119,발산역(마곡),11500,2401733989.0,206918.0,11607.177669414938,0.9505773672055428,0.8373015873015873,0.23809523809523808,0.623015873015873,0.32142857142857145,0.8333333333333334,0.9246031746031746,0.46825396825396826,0.05555555555555555,0.42063492063492064,BRD_20230468,소림사,0.4976905311778291,False,10175.056019495874,55.470712991852245,37,103,0.7800230946882217,True,0.6335565819861431,0.7241339491916859,0.8147113163972286,126.0,69.0,34.0,76.33333333333333,False,direct_size_estimation_deferred,매장 면적·좌석·점포별 매출이 없어 규모별 적합도와 argmax 규모는 산출하지 않음,0.8248858133583447,0.76905311778291,usable_area_profile,True,conservative_fit,True,0.6002251732101617,50.0,0.5261739799846036,0.13960795160237593,1.7397228095578827,0.8868360277136259,True,True,0.7536200923787529,13.0,0.8698614047789414,1.7397228095578827,True,True,0.684728630640463,8.0,8,0.4631107886410567,0.6037886970167157,moderate_profile_stability,conservative_fit,상권 환경 프로필이 보통 안정성이므로 절대 적합도를 더 엄격히 보는 보수 시나리오를 사용,0.7713625866050808,0.8868360277136259,0.9792147806004619,0.11085450346420324,market_opportunity=0.979 | brand_specific_advantage=0.887 | brand_environment_fit=0.771 | low_competition_risk=0.111,profile_stability_moderate__confirm_local_site_conditions,not_recommended__no_store_area_seat_or_store_outcome_data,insufficient,False,False,False,not_observable_from_current_official_html,60,20,top20_available,market_opportunity=0.979 | brand_specific_advantage=0.887 | brand_environment_fit=0.771,profile_stability_moderate | competition_risk_elevated_but_below_exclusion,positive_drivers=market_opportunity=0.979 | brand_specific_advantage=0.887 | brand_environment_fit=0.771 || caution_flags=profile_stability_moderate | competition_risk_elevated_but_below_exclusion || profile_stability=moderate_profile_stability || available_recommendation_count=20
3120159,서울대입구역,11620,577357524.0,63766.0,9054.316155945175,0.7378752886836027,0.6944444444444444,0.5833333333333334,0.49603174603174605,0.8611111111111112,0.9801587301587301,0.8690476190476191,0.027777777777777776,0.051587301587301584,0.3412698412698413,BRD_20230468,소림사,0.34757505773672054,False,2062.580180227868,112.61438631512817,37,77,0.575635103926097,True,0.4646651270207852,0.5427251732101617,0.620785219399538,234.0,175.0,137.0,182.0,False,direct_size_estimation_deferred,매장 면적·좌석·점포별 매출이 없어 규모별 적합도와 argmax 규모는 산출하지 않음,0.5131698818806543,0.9630484988452656,usable_area_profile,True,conservative_fit,True,0.6534353348729791,18.0,0.829003079291763,0.0995776204483711,1.3461400156976266,0.7759815242494227,True,True,0.734324480369515,18.0,0.6730700078488133,1.3461400156976266,True,True,0.6803922132786006,9.0,8,0.4631107886410567,0.6037886970167157,moderate_profile_stability,conservative_fit,상권 환경 프로필이 보통 안정성이므로 절대 적합도를 더 엄격히 보는 보수 시나리오를 사용,0.9653579676674365,0.7759815242494227,0.7621247113163973,0.4110854503464203,brand_environment_fit=0.965 | brand_specific_advantage=0.776 | market_opportunity=0.762 | low_competition_risk=0.411,profile_stability_moderate__confirm_local_site_conditions,not_recommended__no_store_area_seat_or_store_outcome_data,insufficient,False,False,False,not_observable_from_current_official_html,60,20,top20_available,brand_environment_fit=0.965 | brand_specific_advantage=0.776 | market_opportunity=0.762,profile_stability_moderate | competition_risk_moderate,positive_drivers=brand_environment_fit=0.965 | brand_specific_advantage=0.776 | market_opportunity=0.762 || caution_flags=profile_stability_moderate | competition_risk_moderate || profile_stability=moderate_profile_stability || available_recommendation_count=20
3110064,효창공원앞역 2번,11170,435220620.0,25093.0,17344.303989160322,0.6389145496535797,0.8849206349206349,0.6428571428571429,0.5873015873015873,0.5912698412698413,0.9365079365079365,0.9484126984126984,0.2857142857142857,0.04365079365079365,0.32936507936507936,BRD_20230468,소림사,0.7586605080831409,False,1841.0173817531268,123.76186807759362,25,73,0.47517321016166286,True,0.7227367205542725,0.6987875288683603,0.674838337182448,82.0,86.0,97.0,88.33333333333333,False,direct_size_estimation_deferred,매장 면적·좌석·점포별 매출이 없어 규모별 적합도와 argmax 규모는 산출하지 않음,0.8192231711988252,0.7782909930715936,usable_area_profile,True,conservative_fit,True,0.5414896073903003,89.0,0.5346420323325635,0.11039542455220415,2.2070566939467002,0.9722863741339491,True,True,0.7428002309468822,16.0,1.0,2.2070566939467002,True,True,0.6735277136258662,10.0,8,0.4631107886410567,0.6037886970167157,moderate_profile_stability,conservative_fit,상권 환경 프로필이 보통 안정성이므로 절대 적합도를 더 엄격히 보는 보수 시나리오를 사용,0.7806004618937644,0.9688221709006929,0.651270207852194,0.5450346420323325,brand_specific_advantage=0.969 | brand_environment_fit=0.781 | market_opportunity=0.651 | low_competition_risk=0.545,profile_stability_moderate__confirm_local_site_conditions,not_recommended__no_store_area_seat_or_store_outcome_data,insufficient,False,False,False,not_observable_from_current_official_html,60,20,top20_available,brand_specific_advantage=0.969 | brand_environment_fit=0.781,profile_stability_moderate | competition_risk_moderate,positive_drivers=brand_specific_advantage=0.969 | brand_environment_fit=0.781 || caution_flags=profile_stability_moderate | competition_risk_moderate || profile_stability=moderate_profile_stability || available_recommendation_count=20
3110757,양평역 2번,11560,354537095.0,35555.0,9971.511601743778,0.6085450346420324,0.8571428571428571,0.7698412698412699,0.5277777777777778,0.23809523809523808,0.9007936507936508,0.9761904761904762,0.3373015873015873,0.047619047619047616,0.25,BRD_20230468,소림사,0.21709006928406466,False,4940.411420098084,46.38965399869973,10,60,0.43879907621247116,True,0.334526558891455,0.4128175519630485,0.4911085450346421,310.0,273.0,216.0,266.3333333333333,False,direct_size_estimation_deferred,매장 면적·좌석·점포별 매출이 없어 규모별 적합도와 argmax 규모는 산출하지 않음,0.6317450106936646,0.9099307159353349,usable_area_profile,True,conservative_fit,True,0.6021362586605081,48.0,0.765877598152425,0.08967530419906314,1.60638560492795,0.8475750577367206,True,True,0.7287528868360277,21.0,0.803192802463975,1.60638560492795,True,True,0.6730268380293887,11.0,8,0.4631107886410567,0.6037886970167157,moderate_profile_stability,conservative_fit,상권 환경 프로필이 보통 안정성이므로 절대 적합도를 더 엄격히 보는 보수 시나리오를 사용,0.9122401847575058,0.8475750577367206,0.6189376443418014,0.5981524249422633,brand_environment_fit=0.912 | brand_specific_advantage=0.848 | market_opportunity=0.619 | low_competition_risk=0.598,profile_stability_moderate__confirm_local_site_conditions,not_recommended__no_store_area_seat_or_store_outcome_data,insufficient,False,False,False,not_observable_from_current_official_html,60,20,top20_available,brand_environment_fit=0.912 | brand_specific_advantage=0.848,profile_stability_moderate | competition_risk_moderate,positive_drivers=brand_environment_fit=0.912 | brand_specific_advantage=0.848 || caution_flags=profile_stability_moderate | competition_risk_moderate || profile_stability=moderate_profile_stability || available_recommendation_count=20
3120107,공덕역(공덕오거리),11440,1051109080.0,111230.0,9449.870358716174,0.8578521939953809,0.9404761904761905,0.4246031746031746,0.5833333333333334,0.9642857142857143,0.9880952380952381,0.9841269841269841,0.1111111111111111,0.011904761904761904,0.051587301587301584,BRD_20230468,소림사,0.049653579676674366,False,2166.5502532804,80.05623025110103,24,77,0.5785219399538106,True,0.2921131639722863,0.45375288683602766,0.6153926096997689,336.0,249.0,140.0,241.66666666666666,False,direct_size_estimation_deferred,매장 면적·좌석·점포별 매출이 없어 규모별 적합도와 argmax 규모는 산출하지 않음,0.4429433892550649,0.9815242494226328,usable_area_profile,True,conservative_fit,True,0.7042321016166282,5.0,0.9156081601231717,0.06710078505723298,0.9823445320831735,0.6951501154734411,True,True,0.743094688221709,15.0,0.49117226604158676,0.9823445320831735,True,True,0.6720136207829139,12.0,8,0.4631107886410567,0.6037886970167157,moderate_profile_stability,conservative_fit,상권 환경 프로필이 보통 안정성이므로 절대 적합도를 더 엄격히 보는 보수 시나리오를 사용,0.9838337182448037,0.6951501154734411,0.8983833718244804,0.3972286374133949,brand_environment_fit=0.984 | market_opportunity=0.898 | brand_specific_advantage=0.695 | low_competition_risk=0.397,profile_stability_moderate__confirm_local_site_conditions,not_recommended__no_store_area_seat_or_store_outcome_data,insufficient,False,False,False,not_observable_from_current_official_html,60,20,top20_available,brand_environment_fit=0.984 | market_opportunity=0.898,profile_stability_moderate | competition_risk_moderate,positive_drivers=brand_environment_fit=0.984 | market_opportunity=0.898 || caution_flags=profile_stability_moderate | competition_risk_moderate || profile_stability=moderate_profile_stability || available_recommendation_count=20
3120003,광화문역,11110,756200869.0,75218.0,10053.456207290808,0.8042725173210161,0.876984126984127,0.42857142857142855,0.503968253968254,0.75,0.9444444444444444,0.8531746031746031,0.2619047619047619,0.05952380952380952,0.3611111111111111,BRD_20230468,소림사,0.7990762124711316,False,1508.377273736884,69.12307861572918,25,101,0.6426096997690531,True,0.8006351039260968,0.8016743648960738,0.8027136258660507,45.0,38.0,40.0,41.0,False,direct_size_estimation_deferred,매장 면적·좌석·점포별 매출이 없어 규모별 적합도와 argmax 규모는 산출하지 않음,0.5659815537296873,0.9399538106235565,usable_area_profile,True,conservative_fit,True,0.6550808314087759,16.0,0.7959006928406467,0.11836682820533301,1.2170058112313222,0.7505773672055427,True,True,0.7271073903002309,22.0,0.6085029056156611,1.2170058112313222,True,True,0.6649144100066867,13.0,8,0.4631107886410567,0.6037886970167157,moderate_profile_stability,conservative_fit,상권 환경 프로필이 보통 안정성이므로 절대 적합도를 더 엄격히 보는 보수 시나리오를 사용,0.9422632794457275,0.7505773672055427,0.836027713625866,0.29445727482678985,brand_environment_fit=0.942 | market_opportunity=0.836 | brand_specific_advantage=0.751 | low_competition_risk=0.294,profile_stability_moderate__confirm_local_site_conditions,not_recommended__no_store_area_seat_or_store_outcome_data,insufficient,False,False,False,not_observable_from_current_official_html,60,20,top20_available,brand_environment_fit=0.942 | market_opportunity=0.836 | brand_specific_advantage=0.751,profile_stability_moderate | competition_risk_elevated_but_below_exclusion,positive_drivers=brand_environment_fit=0.942 | market_opportunity=0.836 | brand_specific_advantage=0.751 || caution_flags=profile_stability_moderate | competition_risk_elevated_but_below_exclusion || profile_stability=moderate_profile_stability || available_recommendation_count=20
3120020,시청역_1번,11140,576577176.0,45296.0,12729.096962204168,0.7530023094688222,0.873015873015873,0.5793650793650794,0.6428571428571429,0.34523809523809523,0.8571428571428571,0.8214285714285714,0.0873015873015873,0.023809523809523808,0.8293650793650794,BRD_20230468,소림사,0.26096997690531176,False,1860.4163512402288,70.17834422194169,18,98,0.5213625866050808,True,0.4085796766743649,0.506986143187067,0.6053926096997689,266.0,198.0,149.0,204.33333333333334,False,direct_size_estimation_deferred,매장 면적·좌석·점포별 매출이 없어 규모별 적합도와 argmax 규모는 산출하지 않음,0.8022659799318151,0.7944572748267898,usable_area_profile,True,conservative_fit,True,0.5825750577367206,63.0,0.6158583525789069,0.11020129760440668,1.6206607919355502,0.8568129330254042,True,True,0.7287586605080831,20.0,0.8103303959677751,1.6206607919355502,True,True,0.6564798276293572,14.0,8,0.4631107886410567,0.6037886970167157,moderate_profile_stability,conservative_fit,상권 환경 프로필이 보통 안정성이므로 절대 적합도를 더 엄격히 보는 보수 시나리오를 사용,0.7967667436489607,0.8568129330254042,0.7829099307159353,0.4722863741339492,brand_specific_advantage=0.857 | brand_environment_fit=0.797 | market_opportunity=0.783 | low_competition_risk=0.472,profile_stability_moderate__confirm_local_site_conditions,not_recommended__no_store_area_seat_or_store_outcome_data,insufficient,False,False,False,not_observable_from_current_official_html,60,20,top20_available,brand_specific_advantage=0.857 | brand_environment_fit=0.797 | market_opportunity=0.783,profile_stability_moderate | competition_risk_moderate,positive_drivers=brand_specific_advantage=0.857 | brand_environment_fit=0.797 | market_opportunity=0.783 || caution_flags=profile_stability_moderate | competition_risk_moderate || profile_stability=moderate_profile_stability || available_recommendation_count=20
3120175,남부터미널역,11650,960650667.0,103198.0,9308.810897498013,0.8390300230946882,0.7619047619047619,0.2857142857142857,0.7023809523809523,0.6785714285714286,0.8293650793650794,0.7777777777777778,0.42857142857142855,0.08333333333333333,0.5198412698412699,BRD_20230468,소림사,0.9780600461893765,False,6581.985718600751,49.929950906089985,13,46,0.4826789838337182,True,0.93635103926097,0.9085450346420323,0.8807390300230946,7.0,7.0,15.0,9.666666666666666,False,direct_size_estimation_deferred,매장 면적·좌석·점포별 매출이 없어 규모별 적합도와 argmax 규모는 산출하지 않음,0.5992652784820656,0.9260969976905312,usable_area_profile,True,conservative_fit,True,0.6843071593533487,9.0,0.8356428021555042,0.10952373119230398,0.8258867238206639,0.6697459584295612,True,True,0.7250346420323326,23.0,0.41294336191033193,0.8258867238206639,True,True,0.6351642469440957,15.0,8,0.4631107886410567,0.6037886970167157,moderate_profile_stability,conservative_fit,상권 환경 프로필이 보통 안정성이므로 절대 적합도를 더 엄격히 보는 보수 시나리오를 사용,0.9284064665127021,0.6697459584295612,0.8822170900692841,0.5196304849884527,brand_environment_fit=0.928 | market_opportunity=0.882 | brand_specific_advantage=0.670 | low_competition_risk=0.520,profile_stability_moderate__confirm_local_site_conditions,not_recommended__no_store_area_seat_or_store_outcome_data,insufficient,False,False,False,not_observable_from_current_official_html,60,20,top20_available,brand_environment_fit=0.928 | market_opportunity=0.882,profile_stability_moderate | competition_risk_moderate,positive_drivers=brand_environment_fit=0.928 | market_opportunity=0.882 || caution_flags=profile_stability_moderate | competition_risk_moderate || profile_stability=moderate_profile_stability || available_recommendation_count=20
3120012,대학로(혜화역),11110,529590648.0,61110.0,8666.186352479135,0.7162817551963049,0.876984126984127,0.42857142857142855,0.503968253968254,0.75,0.9444444444444444,0.8531746031746031,0.2619047619047619,0.05952380952380952,0.3611111111111111,BRD_20230468,소림사,0.7990762124711316,False,1293.2165325301764,76.48529269796715,29,59,0.6605080831408776,True,0.7742378752886835,0.7576789838337182,0.7411200923787529,61.0,51.0,65.0,59.0,False,direct_size_estimation_deferred,매장 면적·좌석·점포별 매출이 없어 규모별 적합도와 argmax 규모는 산출하지 않음,0.7267477979160032,0.8452655889145496,usable_area_profile,True,conservative_fit,True,0.5742551963048499,70.0,0.6812933025404156,0.11320802190271019,1.448415789077651,0.815242494226328,True,True,0.6954849884526559,36.0,0.7242078945388255,1.448415789077651,True,True,0.6321778396855148,16.0,8,0.4631107886410567,0.6037886970167157,moderate_profile_stability,conservative_fit,상권 환경 프로필이 보통 안정성이므로 절대 적합도를 더 엄격히 보는 보수 시나리오를 사용,0.8475750577367206,0.815242494226328,0.7413394919168591,0.2702078521939954,brand_environment_fit=0.848 | brand_specific_advantage=0.815 | market_opportunity=0.741 | low_competition_risk=0.270,profile_stability_moderate__confirm_local_site_conditions,not_recommended__no_store_area_seat_or_store_outcome_data,insufficient,False,False,False,not_observable_from_current_official_html,60,20,top20_available,brand_environment_fit=0.848 | brand_specific_advantage=0.815 | market_opportunity=0.741,profile_stability_moderate | competition_risk_elevated_but_below_exclusion,positive_drivers=brand_environment_fit=0.848 | brand_specific_advantage=0.815 | market_opportunity=0.741 || caution_flags=profile_stability_moderate | competition_risk_elevated_but_below_exclusion || profile_stability=moderate_profile_stability || available_recommendation_count=20
3120158,녹두거리(대학동),11620,695809095.0,79236.0,8781.476790852643,0.7778290993071594,0.6944444444444444,0.5833333333333334,0.49603174603174605,0.8611111111111112,0.9801587301587301,0.8690476190476191,0.027777777777777776,0.051587301587301584,0.3412698412698413,BRD_20230468,소림사,0.34757505773672054,False,1614.0043370498913,107.28000742995447,15,20,0.31524249422632794,True,0.47665127020785214,0.56270207852194,0.6487528868360277,223.0,154.0,114.0,163.66666666666666,False,direct_size_estimation_deferred,매장 면적·좌석·점포별 매출이 없어 규모별 적합도와 argmax 규모는 산출하지 않음,0.6778725541583833,0.8822170900692841,usable_area_profile,True,conservative_fit,True,0.6660623556581986,12.0,0.7973441108545035,0.09329858848587673,0.9096919963331318,0.6812933025404158,True,True,0.7232448036951502,24.0,0.4548459981665659,0.9096919963331318,True,True,0.6295313609735123,17.0,8,0.4631107886410567,0.6037886970167157,moderate_profile_stability,conservative_fit,상권 환경 프로필이 보통 안정성이므로 절대 적합도를 더 엄격히 보는 보수 시나리오를 사용,0.8845265588914549,0.6812933025404158,0.812933025404157,0.789838337182448,brand_environment_fit=0.885 | market_opportunity=0.813 | low_competition_risk=0.790 | brand_specific_advantage=0.681,profile_stability_moderate__confirm_local_site_conditions,not_recommended__no_store_area_seat_or_store_outcome_data,insufficient,False,False,False,not_observable_from_current_official_html,60,20,top20_available,brand_environment_fit=0.885 | market_opportunity=0.813 | low_competition_risk=0.790,profile_stability_moderate,positive_drivers=brand_environment_fit=0.885 | market_opportunity=0.813 | low_competition_risk=0.790 || caution_flags=profile_stability_moderate || profile_stability=moderate_profile_stability || available_recommendation_count=20
3110855,신대방역 2번,11620,141383537.0,13101.0,10791.812609724448,0.3674364896073903,0.6944444444444444,0.5833333333333334,0.49603174603174605,0.8611111111111112,0.9801587301587301,0.8690476190476191,0.027777777777777776,0.051587301587301584,0.3412698412698413,BRD_20230468,소림사,0.34757505773672054,False,1468.3303443355837,155.3898323425595,18,50,0.31120092378752884,True,0.35353348729792144,0.3575057736720554,0.3614780600461894,300.0,316.0,296.0,304.0,False,direct_size_estimation_deferred,매장 면적·좌석·점포별 매출이 없어 규모별 적합도와 argmax 규모는 산출하지 않음,0.5732391007067111,0.9376443418013857,usable_area_profile,True,conservative_fit,True,0.5507448036951501,84.0,0.8098537336412625,0.08348509777009551,1.5306996287174262,0.8314087759815243,True,True,0.6774076212471132,44.0,0.7653498143587131,1.5306996287174262,True,True,0.6271342203333272,18.0,8,0.4631107886410567,0.6037886970167157,moderate_profile_stability,conservative_fit,상권 환경 프로필이 보통 안정성이므로 절대 적합도를 더 엄격히 보는 보수 시나리오를 사용,0.9399538106235565,0.8314087759815243,0.3556581986143187,0.7944572748267898,brand_environment_fit=0.940 | brand_specific_advantage=0.831 | low_competition_risk=0.794 | market_opportunity=0.356,profile_stability_moderate__confirm_local_site_conditions,not_recommended__no_store_area_seat_or_store_outcome_data,insufficient,False,False,False,not_observable_from_current_official_html,60,20,top20_available,brand_environment_fit=0.940 | brand_specific_advantage=0.831 | low_competition_risk=0.794,profile_stability_moderate,positive_drivers=brand_environment_fit=0.940 | brand_specific_advantage=0.831 | low_competition_risk=0.794 || caution_flags=profile_stability_moderate || profile_stability=moderate_profile_stability || available_recommendation_count=20
3120138,당산2동(영등포우체국),11560,424229969.0,43104.0,9842.00930308092,0.6618937644341802,0.8571428571428571,0.7698412698412699,0.5277777777777778,0.23809523809523808,0.9007936507936508,0.9761904761904762,0.3373015873015873,0.047619047619047616,0.25,BRD_20230468,소림사,0.21709006928406466,False,5391.467425456169,36.769552608453594,24,73,0.7702078521939955,True,0.3505311778290993,0.4394919168591225,0.5284526558891456,303.0,257.0,190.0,250.0,False,direct_size_estimation_deferred,매장 면적·좌석·점포별 매출이 없어 규모별 적합도와 argmax 규모는 산출하지 않음,0.37014228804320864,0.9953810623556582,usable_area_profile,True,conservative_fit,True,0.6138221709006929,42.0,0.9318706697459583,0.057670410762324535,1.1012647867455538,0.7274826789838337,True,True,0.6726443418013857,46.0,0.5506323933727769,1.1012647867455538,True,True,0.624263179174603,19.0,8,0.4631107886410567,0.6037886970167157,moderate_profile_stability,conservative_fit,상권 환경 프로필이 보통 안정성이므로 절대 적합도를 더 엄격히 보는 보수 시나리오를 사용,0.9976905311778291,0.7274826789838337,0.6812933025404158,0.12240184757505773,brand_environment_fit=0.998 | brand_specific_advantage=0.727 | market_opportunity=0.681 | low_competition_risk=0.122,profile_stability_moderate__confirm_local_site_conditions,not_recommended__no_store_area_seat_or_store_outcome_data,insufficient,False,False,False,not_observable_from_current_official_html,60,20,top20_available,brand_environment_fit=0.998 | brand_specific_advantage=0.727,profile_stability_moderate | competition_risk_elevated_but_below_exclusion,positive_drivers=brand_environment_fit=0.998 | brand_specific_advantage=0.727 || caution_flags=profile_stability_moderate | competition_risk_elevated_but_below_exclusion || profile_stability=moderate_profile_stability || available_recommendation_count=20
3110762,선유도역 1번,11560,211416937.0,18584.0,11376.28804347826,0.47551963048498846,0.8571428571428571,0.7698412698412699,0.5277777777777778,0.23809523809523808,0.9007936507936508,0.9761904761904762,0.3373015873015873,0.047619047619047616,0.25,BRD_20230468,소림사,0.21709006928406466,False,6490.67531158121,243.2961158758615,11,18,0.10277136258660506,True,0.29461893764434177,0.3463048498845266,0.3979907621247113,335.0,320.0,275.0,310.0,False,direct_size_estimation_deferred,매장 면적·좌석·점포별 매출이 없어 규모별 적합도와 argmax 규모는 산출하지 않음,0.8706061846842449,0.74364896073903,usable_area_profile,True,conservative_fit,True,0.5228406466512702,97.0,0.5131832178598922,0.13203281875517678,1.7455186146293011,0.8914549653579676,True,True,0.7069168591224019,27.0,0.8727593073146506,1.7455186146293011,True,True,0.6242521824868612,20.0,8,0.4631107886410567,0.6037886970167157,moderate_profile_stability,conservative_fit,상권 환경 프로필이 보통 안정성이므로 절대 적합도를 더 엄격히 보는 보수 시나리오를 사용,0.745958429561201,0.8914549653579676,0.4665127020785219,0.9515011547344111,low_competition_risk=0.952 | brand_specific_advantage=0.891 | brand_environment_fit=0.746 | market_opportunity=0.467,profile_stability_moderate__confirm_local_site_conditions,not_recommended__no_store_area_seat_or_store_outcome_data,insufficient,False,False,False,not_observable_from_current_official_html,60,20,top20_available,low_competition_risk=0.952 | brand_specific_advantage=0.891 | brand_environment_fit=0.746,profile_stability_moderate,positive_drivers=low_competition_risk=0.952 | brand_specific_advantage=0.891 | brand_environment_fit=0.746 || caution_flags=profile_stability_moderate || profile_stability=moderate_profile_stability || available_recommendation_count=20
3120166,방배역,11650,1455145059.0,122673.0,11861.983150326478,0.9176674364896074,0.7619047619047619,0.2857142857142857,0.7023809523809523,0.6785714285714286,0.8293650793650794,0.7777777777777778,0.42857142857142855,0.08333333333333333,0.5198412698412699,BRD_20140288,스트릿츄러스,0.9780600461893765,False,2513.5252137350526,99.2975326976693,12,28,0.2673210161662818,True,0.9599422632794457,0.9478637413394919,0.935785219399538,3.0,3.0,5.0,3.6666666666666665,False,direct_size_estimation_deferred,매장 면적·좌석·점포별 매출이 없어 규모별 적합도와 argmax 규모는 산출하지 않음,0.4700150412050755,0.9630484988452656,usable_area_profile,True,balanced_default,True,0.762609699769053,1.0,0.8795227097767513,0.05651551828195008,1.477926622769568,1.0,True,True,0.9241166281755196,1.0,0.738963311384784,1.477926622769568,True,True,0.798388891086291,1.0,7,0.450304155269351,0.6861780040388631,high_profile_stability,balanced_default,상권 환경 프로필이 재표본에도 비교적 안정적이므로 균형 시나리오를 사용,0.9653579676674365,1.0,0.9653579676674365,0.8383371824480369,brand_specific_advantage=1.000 | brand_environment_fit=0.965 | market_opportunity=0.965 | low_competition_risk=0.838,no_model_level_high_risk_flag,not_recommended__no_store_area_seat_or_store_outcome_data,rich,True,True,False,not_observable_from_current_official_html,104,20,top20_available,brand_specific_advantage=1.000 | brand_environment_fit=0.965 | market_opportunity=0.965 | low_competition_risk=0.838,no_model_level_caution_flag,positive_drivers=brand_specific_advantage=1.000 | brand_environment_fit=0.965 | market_opportunity=0.965 | low_competition_risk=0.838 || caution_flags=no_model_level_caution_flag || profile_stability=high_profile_stability || available_recommendation_count=20
3120188,압구정역,11680,1784647410.0,134975.0,13222.058973884052,0.9404157043879908,0.7817460317460317,0.18253968253968253,0.75,0.6468253968253969,0.8531746031746031,0.9206349206349206,0.4365079365079365,0.027777777777777776,0.4880952380952381,BRD_20140288,스트릿츄러스,0.7205542725173211,False,2950.8968128188217,98.31073190628577,25,98,0.5323325635103926,True,0.7865127020785219,0.830484988452656,0.8744572748267898,53.0,27.0,18.0,32.666666666666664,False,direct_size_estimation_deferred,매장 면적·좌석·점포별 매출이 없어 규모별 적합도와 argmax 규모는 산출하지 않음,0.3812848977905176,0.9930715935334873,usable_area_profile,True,balanced_default,True,0.7458314087759814,2.0,0.9592956120092379,0.027451419670695573,1.2303910664520326,0.9976905311778291,True,True,0.8992725173210161,2.0,0.6151955332260163,1.2303910664520326,True,True,0.7447641641117847,2.0,7,0.450304155269351,0.6861780040388631,high_profile_stability,balanced_default,상권 환경 프로필이 재표본에도 비교적 안정적이므로 균형 시나리오를 사용,0.9953810623556582,0.9976905311778291,0.9745958429561201,0.45958429561200925,brand_specific_advantage=0.998 | brand_environment_fit=0.995 | market_opportunity=0.975 | low_competition_risk=0.460,no_model_level_high_risk_flag,not_recommended__no_store_area_seat_or_store_outcome_data,rich,True,True,False,not_observable_from_current_official_html,104,20,top20_available,brand_specific_advantage=0.998 | brand_environment_fit=0.995 | market_opportunity=0.975,competition_risk_moderate,positive_drivers=brand_specific_advantage=0.998 | brand_environment_fit=0.995 | market_opportunity=0.975 || caution_flags=competition_risk_moderate || profile_stability=high_profile_stability || available_recommendation_count=20
3120069,상봉역,11260,1511381851.0,142985.0,10570.212616708046,0.9086605080831409,0.8492063492063492,0.40476190476190477,0.5,0.39285714285714285,0.623015873015873,0.5714285714285714,0.16666666666666666,0.32936507936507936,0.8134920634920635,BRD_20140288,스트릿츄러스,0.9399538106235565,False,3730.3652636260695,89.18520055817115,16,56,0.3920323325635104,True,0.9305658198614317,0.9243071593533487,0.9180484988452655,8.0,6.0,7.0,7.0,False,direct_size_estimation_deferred,매장 면적·좌석·점포별 매출이 없어 규모별 적합도와 argmax 규모는 산출하지 않음,0.47818066044441343,0.9584295612009238,usable_area_profile,True,balanced_default,True,0.7384411085450346,3.0,0.8804849884526559,0.07129084880344481,1.0933320903944912,0.9815242494226328,True,True,0.8939318706697459,3.0,0.5466660451972456,1.0933320903944912,True,True,0.7147453560037935,3.0,7,0.450304155269351,0.6861780040388631,high_profile_stability,balanced_default,상권 환경 프로필이 재표본에도 비교적 안정적이므로 균형 시나리오를 사용,0.9607390300230947,0.9815242494226328,0.9607390300230947,0.6766743648960739,brand_specific_advantage=0.982 | brand_environment_fit=0.961 | market_opportunity=0.961 | low_competition_risk=0.677,no_model_level_high_risk_flag,not_recommended__no_store_area_seat_or_store_outcome_data,rich,True,True,False,not_observable_from_current_official_html,104,20,top20_available,brand_specific_advantage=0.982 | brand_environment_fit=0.961 | market_opportunity=0.961,no_model_level_caution_flag,positive_drivers=brand_specific_advantage=0.982 | brand_environment_fit=0.961 | market_opportunity=0.961 || caution_flags=no_model_level_caution_flag || profile_stability=high_profile_stability || available_recommendation_count=20
3120165,서래마을카페거리(서래마을),11650,2971488955.0,159582.0,18620.45189933702,0.9718244803695151,0.7619047619047619,0.2857142857142857,0.7023809523809523,0.6785714285714286,0.8293650793650794,0.7777777777777778,0.42857142857142855,0.08333333333333333,0.5198412698412699,BRD_20140288,스트릿츄러스,0.9780600461893765,False,754.4461544881242,18.110770263065373,12,55,0.5814087759815242,True,0.976189376443418,0.9749422632794458,0.9736951501154734,1.0,1.0,1.0,1.0,True,direct_size_estimation_deferred,매장 면적·좌석·점포별 매출이 없어 규모별 적합도와 argmax 규모는 산출하지 않음,0.6470010547858626,0.8452655889145496,usable_area_profile,True,balanced_default,True,0.6755600461893765,11.0,0.7512509622786759,0.08110629650978349,1.159153243108975,0.9884526558891455,True,True,0.8532967667436491,4.0,0.5795766215544875,1.159153243108975,True,True,0.6835100161583894,4.0,7,0.450304155269351,0.6861780040388631,high_profile_stability,balanced_default,상권 환경 프로필이 재표본에도 비교적 안정적이므로 균형 시나리오를 사용,0.8475750577367206,0.9884526558891455,0.9884526558891455,0.394919168591224,brand_specific_advantage=0.988 | market_opportunity=0.988 | brand_environment_fit=0.848 | low_competition_risk=0.395,no_model_level_high_risk_flag,not_recommended__no_store_area_seat_or_store_outcome_data,rich,True,True,False,not_observable_from_current_official_html,104,20,top20_available,brand_specific_advantage=0.988 | market_opportunity=0.988 | brand_environment_fit=0.848,competition_risk_moderate | same_brand_distance_750m_to_1000m_review,positive_drivers=brand_specific_advantage=0.988 | market_opportunity=0.988 | brand_environment_fit=0.848 || caution_flags=competition_risk_moderate | same_brand_distance_750m_to_1000m_review || profile_stability=high_profile_stability || available_recommendation_count=20
3111005,삼전역 3번,11710,233054769.0,25337.0,9198.19903698149,0.48152424942263283,0.8531746031746031,0.13095238095238096,0.6746031746031746,0.9325396825396826,0.8928571428571429,0.7063492063492064,0.4087301587301587,0.03968253968253968,0.5436507936507936,BRD_20140288,스트릿츄러스,0.394919168591224,False,7414.6099695077855,198.59506540938497,7,54,0.053117782909930716,True,0.4209006928406467,0.4382217090069284,0.45554272517321015,256.0,257.0,245.0,252.66666666666666,False,direct_size_estimation_deferred,매장 면적·좌석·점포별 매출이 없어 규모별 적합도와 argmax 규모는 산출하지 않음,0.37670023721155826,0.9953810623556582,usable_area_profile,True,balanced_default,True,0.658256351039261,23.0,0.9562163202463433,0.03310846702684648,1.1829222439552265,0.9930715935334873,True,True,0.8323325635103925,5.0,0.5914611219776132,1.1829222439552265,True,True,0.67046404858131,5.0,7,0.450304155269351,0.6861780040388631,high_profile_stability,balanced_default,상권 환경 프로필이 재표본에도 비교적 안정적이므로 균형 시나리오를 사용,0.9976905311778291,0.9930715935334873,0.46882217090069284,0.9745958429561201,brand_environment_fit=0.998 | brand_specific_advantage=0.993 | low_competition_risk=0.975 | market_opportunity=0.469,no_model_level_high_risk_flag,not_recommended__no_store_area_seat_or_store_outcome_data,rich,True,True,False,not_observable_from_current_official_html,104,20,top20_available,brand_environment_fit=0.998 | brand_specific_advantage=0.993 | low_competition_risk=0.975,no_model_level_caution_flag,positive_drivers=brand_environment_fit=0.998 | brand_specific_advantage=0.993 | low_competition_risk=0.975 || caution_flags=no_model_level_caution_flag || profile_stability=high_profile_stability || available_recommendation_count=20
3120075,월곡역,11290,394403544.0,39935.0,9876.137323150118,0.6412240184757506,0.8690476190476191,0.3888888888888889,0.5912698412698413,0.8333333333333334,0.8055555555555556,0.3333333333333333,0.2222222222222222,0.31746031746031744,0.7420634920634921,BRD_20140288,스트릿츄러스,0.44803695150115475,False,2295.299762574128,48.91829924522232,13,36,0.4896073903002309,True,0.5059930715935335,0.5446304849884527,0.5832678983833718,199.0,176.0,161.0,178.66666666666666,False,direct_size_estimation_deferred,매장 면적·좌석·점포별 매출이 없어 규모별 적합도와 argmax 규모는 산출하지 않음,0.4880170515574096,0.9491916859122402,usable_area_profile,True,balanced_default,True,0.6255831408775983,34.0,0.8904926866820632,0.04782192069840956,1.2274496375911823,0.9953810623556582,True,True,0.8018360277136258,11.0,0.6137248187955912,1.2274496375911823,True,True,0.6583660422366555,6.0,7,0.450304155269351,0.6861780040388631,high_profile_stability,balanced_default,상권 환경 프로필이 재표본에도 비교적 안정적이므로 균형 시나리오를 사용,0.9515011547344111,0.9953810623556582,0.6581986143187067,0.5057736720554272,brand_specific_advantage=0.995 | brand_environment_fit=0.952 | market_opportunity=0.658 | low_competition_risk=0.506,no_model_level_high_risk_flag,not_recommended__no_store_area_seat_or_store_outcome_data,rich,True,True,False,not_observable_from_current_official_html,104,20,top20_available,brand_specific_advantage=0.995 | brand_environment_fit=0.952,competition_risk_moderate,positive_drivers=brand_specific_advantage=0.995 | brand_environment_fit=0.952 || caution_flags=competition_risk_moderate || profile_stability=high_profile_stability || available_recommendation_count=20
3111021,방이역 4번,11710,394829518.0,38606.0,10227.154276537325,0.6466512702078522,0.8531746031746031,0.13095238095238096,0.6746031746031746,0.9325396825396826,0.8928571428571429,0.7063492063492064,0.4087301587301587,0.03968253968253968,0.5436507936507936,BRD_20140288,스트릿츄러스,0.394919168591224,False,10426.103874403452,115.2085066609535,15,51,0.2984988452655889,True,0.47043879907621244,0.5207852193995381,0.5711316397228636,219.0,194.0,169.0,194.0,False,direct_size_estimation_deferred,매장 면적·좌석·점포별 매출이 없어 규모별 적합도와 argmax 규모는 산출하지 않음,0.419074175918286,0.9815242494226328,usable_area_profile,True,balanced_default,True,0.6723152424942264,14.0,0.9355273287143957,0.04949472960279674,0.9293296695904778,0.953810623556582,True,True,0.8252020785219399,7.0,0.4646648347952389,0.9293296695904778,True,True,0.6379791125016592,7.0,7,0.450304155269351,0.6861780040388631,high_profile_stability,balanced_default,상권 환경 프로필이 재표본에도 비교적 안정적이므로 균형 시나리오를 사용,0.9838337182448037,0.953810623556582,0.6674364896073903,0.8083140877598153,brand_environment_fit=0.984 | brand_specific_advantage=0.954 | low_competition_risk=0.808 | market_opportunity=0.667,no_model_level_high_risk_flag,not_recommended__no_store_area_seat_or_store_outcome_data,rich,True,True,False,not_observable_from_current_official_html,104,20,top20_available,brand_environment_fit=0.984 | brand_specific_advantage=0.954 | low_competition_risk=0.808,no_model_level_caution_flag,positive_drivers=brand_environment_fit=0.984 | brand_specific_advantage=0.954 | low_competition_risk=0.808 || caution_flags=no_model_level_caution_flag || profile_stability=high_profile_stability || available_recommendation_count=20
3120121,까치산역,11500,345571768.0,36578.0,9447.530428126196,0.6019630484988453,0.8373015873015873,0.23809523809523808,0.623015873015873,0.32142857142857145,0.8333333333333334,0.9246031746031746,0.46825396825396826,0.05555555555555555,0.42063492063492064,BRD_20140288,스트릿츄러스,0.7748267898383372,False,3360.2788575023833,63.411355440434505,20,42,0.586027713625866,True,0.7229676674364895,0.6883949191685912,0.6538221709006928,90.0,89.0,112.0,97.0,False,direct_size_estimation_deferred,매장 면적·좌석·점포별 매출이 없어 규모별 적합도와 argmax 규모는 산출하지 않음,0.4144552299172527,0.9861431870669746,usable_area_profile,True,balanced_default,True,0.6158545034642032,41.0,0.9436104695919938,0.03722609007523732,1.1425512963896631,0.9861431870669746,True,True,0.7829849884526559,17.0,0.5712756481948316,1.1425512963896631,True,True,0.6369845831037568,8.0,7,0.450304155269351,0.6861780040388631,high_profile_stability,balanced_default,상권 환경 프로필이 재표본에도 비교적 안정적이므로 균형 시나리오를 사용,0.9884526558891455,0.9861431870669746,0.6143187066974596,0.3903002309468822,brand_environment_fit=0.988 | brand_specific_advantage=0.986 | market_opportunity=0.614 | low_competition_risk=0.390,no_model_level_high_risk_flag,not_recommended__no_store_area_seat_or_store_outcome_data,rich,True,True,False,not_observable_from_current_official_html,104,20,top20_available,brand_environment_fit=0.988 | brand_specific_advantage=0.986,competition_risk_moderate,positive_drivers=brand_environment_fit=0.988 | brand_specific_advantage=0.986 || caution_flags=competition_risk_moderate || profile_stability=high_profile_stability || available_recommendation_count=20
3120079,창동역,11320,765698620.0,76216.0,10046.428833840664,0.8071593533487298,0.7182539682539683,0.11904761904761904,0.6071428571428571,0.25793650793650796,0.3611111111111111,0.24603174603174602,0.19047619047619047,0.4246031746031746,0.9126984126984127,BRD_20140288,스트릿츄러스,0.019630484988452657,False,3717.514492222464,91.21403398036323,16,24,0.38394919168591224,True,0.2558891454965358,0.4133949191685912,0.5709006928406466,366.0,280.0,170.0,272.0,False,direct_size_estimation_deferred,매장 면적·좌석·점포별 매출이 없어 규모별 적합도와 argmax 규모는 산출하지 않음,0.596391017159844,0.8822170900692841,usable_area_profile,True,balanced_default,True,0.6660219399538106,20.0,0.8044649730561971,0.0901443469973297,0.8625290392906184,0.9445727482678984,True,True,0.8270496535796766,6.0,0.4312645196453092,0.8625290392906184,True,True,0.6231134825686988,9.0,7,0.450304155269351,0.6861780040388631,high_profile_stability,balanced_default,상권 환경 프로필이 재표본에도 비교적 안정적이므로 균형 시나리오를 사용,0.8845265588914549,0.9445727482678984,0.8406466512702079,0.6905311778290993,brand_specific_advantage=0.945 | brand_environment_fit=0.885 | market_opportunity=0.841 | low_competition_risk=0.691,no_model_level_high_risk_flag,not_recommended__no_store_area_seat_or_store_outcome_data,rich,True,True,False,not_observable_from_current_official_html,104,20,top20_available,brand_specific_advantage=0.945 | brand_environment_fit=0.885 | market_opportunity=0.841,no_model_level_caution_flag,positive_drivers=brand_specific_advantage=0.945 | brand_environment_fit=0.885 | market_opportunity=0.841 || caution_flags=no_model_level_caution_flag || profile_stability=high_profile_stability || available_recommendation_count=20
3110274,서일대학교,11260,492656087.0,41512.0,11867.79935922143,0.7133949191685912,0.8492063492063492,0.40476190476190477,0.5,0.39285714285714285,0.623015873015873,0.5714285714285714,0.16666666666666666,0.32936507936507936,0.8134920634920635,BRD_20140288,스트릿츄러스,0.9399538106235565,False,4955.465063955781,101.51354588565466,6,29,0.16801385681293304,True,0.8719861431870668,0.8266743648960739,0.7813625866050807,20.0,29.0,44.0,31.0,False,direct_size_estimation_deferred,매장 면적·좌석·점포별 매출이 없어 규모별 적합도와 argmax 규모는 산출하지 않음,0.5831080740191408,0.8914549653579676,usable_area_profile,True,balanced_default,True,0.6702136258660507,17.0,0.829003079291763,0.07882695102483951,0.7922656560257566,0.9214780600461894,True,True,0.8248441108545035,8.0,0.3961328280128783,0.7922656560257566,True,True,0.6122030717906506,10.0,7,0.450304155269351,0.6861780040388631,high_profile_stability,balanced_default,상권 환경 프로필이 재표본에도 비교적 안정적이므로 균형 시나리오를 사용,0.8937644341801386,0.9214780600461894,0.7367205542725174,0.9030023094688222,brand_specific_advantage=0.921 | low_competition_risk=0.903 | brand_environment_fit=0.894 | market_opportunity=0.737,no_model_level_high_risk_flag,not_recommended__no_store_area_seat_or_store_outcome_data,rich,True,True,False,not_observable_from_current_official_html,104,20,top20_available,brand_specific_advantage=0.921 | low_competition_risk=0.903 | brand_environment_fit=0.894 | market_opportunity=0.737,no_model_level_caution_flag,positive_drivers=brand_specific_advantage=0.921 | low_competition_risk=0.903 | brand_environment_fit=0.894 | market_opportunity=0.737 || caution_flags=no_model_level_caution_flag || profile_stability=high_profile_stability || available_recommendation_count=20
3120080,마들역,11350,1045100686.0,106340.0,9827.916926838443,0.858891454965358,0.8928571428571429,0.08333333333333333,0.7222222222222222,0.9444444444444444,0.7777777777777778,0.30158730158730157,0.38095238095238093,0.4444444444444444,0.6071428571428571,BRD_20140288,스트릿츄러스,0.24480369515011546,False,5118.002442342779,45.607017023633105,8,32,0.4093533487297921,True,0.4290300230946882,0.5518475750577367,0.6746651270207852,251.0,172.0,101.0,174.66666666666666,False,direct_size_estimation_deferred,매장 면적·좌석·점포별 매출이 없어 규모별 적합도와 argmax 규모는 산출하지 않음,0.6213752140574804,0.8706697459584296,usable_area_profile,True,balanced_default,True,0.6745438799076212,12.0,0.8119707467282525,0.07687419193039746,0.7635722438984938,0.9099307159353349,True,True,0.8214376443418013,9.0,0.3817861219492469,0.7635722438984938,True,True,0.6121470826360471,11.0,7,0.450304155269351,0.6861780040388631,high_profile_stability,balanced_default,상권 환경 프로필이 재표본에도 비교적 안정적이므로 균형 시나리오를 사용,0.8729792147806005,0.9099307159353349,0.9006928406466512,0.648960739030023,brand_specific_advantage=0.910 | market_opportunity=0.901 | brand_environment_fit=0.873 | low_competition_risk=0.649,no_model_level_high_risk_flag,not_recommended__no_store_area_seat_or_store_outcome_data,rich,True,True,False,not_observable_from_current_official_html,104,20,top20_available,brand_specific_advantage=0.910 | market_opportunity=0.901 | brand_environment_fit=0.873,competition_risk_moderate,positive_drivers=brand_specific_advantage=0.910 | market_opportunity=0.901 | brand_environment_fit=0.873 || caution_flags=competition_risk_moderate || profile_stability=high_profile_stability || available_recommendation_count=20
3120110,목동역 8번출구,11470,844175004.0,86430.0,9767.152655328011,0.8209006928406467,0.8055555555555556,0.2222222222222222,0.5158730158730159,0.5873015873015873,0.5079365079365079,0.2896825396825397,0.4801587301587302,0.30952380952380953,0.7738095238095238,BRD_20140288,스트릿츄러스,0.9041570438799076,False,3314.0911273004567,27.58622845698607,22,62,0.7650115473441108,True,0.8791801385681293,0.8625288683602772,0.8458775981524249,17.0,19.0,25.0,20.333333333333332,False,direct_size_estimation_deferred,매장 면적·좌석·점포별 매출이 없어 규모별 적합도와 argmax 규모는 산출하지 않음,0.5845106095261389,0.8891454965357968,usable_area_profile,True,balanced_default,True,0.6171362586605081,40.0,0.8049461123941494,0.08633449490195591,0.9752693200703473,0.9676674364896074,True,True,0.7853290993071594,16.0,0.48763466003517364,0.9752693200703473,True,True,0.6105970732755902,12.0,7,0.450304155269351,0.6861780040388631,high_profile_stability,balanced_default,상권 환경 프로필이 재표본에도 비교적 안정적이므로 균형 시나리오를 사용,0.8914549653579676,0.9676674364896074,0.859122401847575,0.13163972286374134,brand_specific_advantage=0.968 | brand_environment_fit=0.891 | market_opportunity=0.859 | low_competition_risk=0.132,no_model_level_high_risk_flag,not_recommended__no_store_area_seat_or_store_outcome_data,rich,True,True,False,not_observable_from_current_official_html,104,20,top20_available,brand_specific_advantage=0.968 | brand_environment_fit=0.891 | market_opportunity=0.859,competition_risk_elevated_but_below_exclusion,positive_drivers=brand_specific_advantage=0.968 | brand_environment_fit=0.891 | market_opportunity=0.859 || caution_flags=competition_risk_elevated_but_below_exclusion || profile_stability=high_profile_stability || available_recommendation_count=20
3110836,상도역 5번,11590,245030296.0,22286.0,10994.80822040743,0.5116628175519631,0.8611111111111112,0.5158730158730159,0.42857142857142855,0.753968253968254,0.9563492063492064,0.6626984126984127,0.11507936507936507,0.09523809523809523,0.5674603174603174,BRD_20140288,스트릿츄러스,0.6339491916859122,False,4509.845341030117,143.40502085254877,17,44,0.30369515011547343,True,0.5972632794457274,0.5728060046189376,0.5483487297921478,159.0,158.0,187.0,168.0,False,direct_size_estimation_deferred,매장 면적·좌석·점포별 매출이 없어 규모별 적합도와 argmax 규모는 산출하지 않음,0.4355941006928806,0.9699769053117783,usable_area_profile,True,balanced_default,True,0.6185161662817552,38.0,0.9057929176289453,0.06490845147074367,0.9888386832300682,0.9699769053117783,True,True,0.7869284064665126,15.0,0.4944193416150341,0.9888386832300682,True,True,0.6100848758008276,13.0,7,0.450304155269351,0.6861780040388631,high_profile_stability,balanced_default,상권 환경 프로필이 재표본에도 비교적 안정적이므로 균형 시나리오를 사용,0.9722863741339491,0.9699769053117783,0.5057736720554272,0.7990762124711316,brand_environment_fit=0.972 | brand_specific_advantage=0.970 | low_competition_risk=0.799 | market_opportunity=0.506,no_model_level_high_risk_flag,not_recommended__no_store_area_seat_or_store_outcome_data,rich,True,True,False,not_observable_from_current_official_html,104,20,top20_available,brand_environment_fit=0.972 | brand_specific_advantage=0.970 | low_competition_risk=0.799,no_model_level_caution_flag,positive_drivers=brand_environment_fit=0.972 | brand_specific_advantage=0.970 | low_competition_risk=0.799 || caution_flags=no_model_level_caution_flag || profile_stability=high_profile_stability || available_recommendation_count=20
3120171,서초3동사거리,11650,456662682.0,36494.0,12513.363347399572,0.6878752886836027,0.7619047619047619,0.2857142857142857,0.7023809523809523,0.6785714285714286,0.8293650793650794,0.7777777777777778,0.42857142857142855,0.08333333333333333,0.5198412698412699,BRD_20140288,스트릿츄러스,0.9780600461893765,False,2499.1494553299844,65.21502889918023,16,33,0.49018475750577367,True,0.8910046189376443,0.8329676674364896,0.7749307159353348,15.0,24.0,46.0,28.333333333333332,False,direct_size_estimation_deferred,매장 면적·좌석·점포별 매출이 없어 규모별 적합도와 argmax 규모는 산출하지 않음,0.6964488350592418,0.792147806004619,usable_area_profile,True,balanced_default,True,0.5633025404157044,73.0,0.6955350269438029,0.08261671261629897,1.16940962671221,0.9907621247113164,True,True,0.7667840646651269,24.0,0.584704813356105,1.16940962671221,True,True,0.6048487631965767,14.0,7,0.450304155269351,0.6861780040388631,high_profile_stability,balanced_default,상권 환경 프로필이 재표본에도 비교적 안정적이므로 균형 시나리오를 사용,0.7944572748267898,0.9907621247113164,0.7136258660508084,0.5023094688221709,brand_specific_advantage=0.991 | brand_environment_fit=0.794 | market_opportunity=0.714 | low_competition_risk=0.502,no_model_level_high_risk_flag,not_recommended__no_store_area_seat_or_store_outcome_data,rich,True,True,False,not_observable_from_current_official_html,104,20,top20_available,brand_specific_advantage=0.991 | brand_environment_fit=0.794 | market_opportunity=0.714,competition_risk_moderate,positive_drivers=brand_specific_advantage=0.991 | brand_environment_fit=0.794 | market_opportunity=0.714 || caution_flags=competition_risk_moderate || profile_stability=high_profile_stability || available_recommendation_count=20
3120056,구의역,11215,311680026.0,30426.0,10243.871228554526,0.5764434180138568,0.8650793650793651,0.5238095238095238,0.6309523809523809,0.7698412698412699,0.9087301587301587,0.7023809523809523,0.1388888888888889,0.0992063492063492,0.6031746031746031,BRD_20140288,스트릿츄러스,0.5993071593533488,False,7870.189387797285,109.93179701028201,24,62,0.48325635103926096,True,0.5924480369515012,0.5878752886836027,0.5833025404157044,163.0,144.0,160.0,155.66666666666666,False,direct_size_estimation_deferred,매장 면적·좌석·점포별 매출이 없어 규모별 적합도와 argmax 규모는 산출하지 않음,0.34454431929105517,0.9976905311778291,usable_area_profile,True,balanced_default,True,0.6281120092378754,32.0,0.9880677444187836,0.010739200973532492,0.8960430839092699,0.9515011547344111,True,True,0.780352193995381,19.0,0.44802154195463495,0.8960430839092699,True,True,0.6017844449959006,15.0,7,0.450304155269351,0.6861780040388631,high_profile_stability,balanced_default,상권 환경 프로필이 재표본에도 비교적 안정적이므로 균형 시나리오를 사용,1.0,0.9515011547344111,0.5935334872979214,0.5173210161662818,brand_environment_fit=1.000 | brand_specific_advantage=0.952 | market_opportunity=0.594 | low_competition_risk=0.517,no_model_level_high_risk_flag,not_recommended__no_store_area_seat_or_store_outcome_data,rich,True,True,False,not_observable_from_current_official_html,104,20,top20_available,brand_environment_fit=1.000 | brand_specific_advantage=0.952,competition_risk_moderate,positive_drivers=brand_environment_fit=1.000 | brand_specific_advantage=0.952 || caution_flags=competition_risk_moderate || profile_stability=high_profile_stability || available_recommendation_count=20
3120068,사가정역,11260,944293896.0,91431.0,10327.940151589723,0.8467667436489608,0.8492063492063492,0.40476190476190477,0.5,0.39285714285714285,0.623015873015873,0.5714285714285714,0.16666666666666666,0.32936507936507936,0.8134920634920635,BRD_20140288,스트릿츄러스,0.9399538106235565,False,5077.116996891556,42.201895677975386,26,50,0.7713625866050808,True,0.9119976905311777,0.8933602771362587,0.8747228637413395,11.0,15.0,17.0,14.333333333333334,False,direct_size_estimation_deferred,매장 면적·좌석·점포별 매출이 없어 규모별 적합도와 argmax 규모는 산출하지 않음,0.42958563210247813,0.9792147806004619,usable_area_profile,True,balanced_default,True,0.6702713625866051,16.0,0.9523672055427251,0.03852949356737861,0.6968058121705366,0.8891454965357968,True,True,0.7877482678983833,14.0,0.3484029060852683,0.6968058121705366,True,True,0.5992216175917376,16.0,7,0.450304155269351,0.6861780040388631,high_profile_stability,balanced_default,상권 환경 프로필이 재표본에도 비교적 안정적이므로 균형 시나리오를 사용,0.9815242494226328,0.8891454965357968,0.8891454965357968,0.11778290993071594,brand_environment_fit=0.982 | brand_specific_advantage=0.889 | market_opportunity=0.889 | low_competition_risk=0.118,no_model_level_high_risk_flag,not_recommended__no_store_area_seat_or_store_outcome_data,rich,True,True,False,not_observable_from_current_official_html,104,20,top20_available,brand_environment_fit=0.982 | brand_specific_advantage=0.889 | market_opportunity=0.889,competition_risk_elevated_but_below_exclusion,positive_drivers=brand_environment_fit=0.982 | brand_specific_advantage=0.889 | market_opportunity=0.889 || caution_flags=competition_risk_elevated_but_below_exclusion || profile_stability=high_profile_stability || available_recommendation_count=20
3120087,응암역,11380,825315709.0,94500.0,8733.499566137567,0.807852193995381,0.8968253968253969,0.15873015873015872,0.5674603174603174,0.5277777777777778,0.6785714285714286,0.47619047619047616,0.17857142857142858,0.19047619047619047,0.8373015873015873,BRD_20140288,스트릿츄러스,0.4884526558891455,False,4516.342325342683,68.06614429575176,29,59,0.6893764434180139,True,0.5842725173210161,0.6481524249422632,0.7120323325635103,169.0,115.0,81.0,121.66666666666667,False,direct_size_estimation_deferred,매장 면적·좌석·점포별 매출이 없어 규모별 적합도와 argmax 규모는 산출하지 않음,0.6594464662402656,0.8314087759815243,usable_area_profile,True,balanced_default,True,0.5950461893764434,55.0,0.7459584295612008,0.09115058670599425,0.9374634822257711,0.9561200923787528,True,True,0.7708198614318706,21.0,0.46873174111288557,0.9374634822257711,True,True,0.5880745851400873,17.0,7,0.450304155269351,0.6861780040388631,high_profile_stability,balanced_default,상권 환경 프로필이 재표본에도 비교적 안정적이므로 균형 시나리오를 사용,0.8337182448036952,0.9561200923787528,0.8429561200923787,0.23787528868360278,brand_specific_advantage=0.956 | market_opportunity=0.843 | brand_environment_fit=0.834 | low_competition_risk=0.238,no_model_level_high_risk_flag,not_recommended__no_store_area_seat_or_store_outcome_data,rich,True,True,False,not_observable_from_current_official_html,104,20,top20_available,brand_specific_advantage=0.956 | market_opportunity=0.843 | brand_environment_fit=0.834,competition_risk_elevated_but_below_exclusion,positive_drivers=brand_specific_advantage=0.956 | market_opportunity=0.843 | brand_environment_fit=0.834 || caution_flags=competition_risk_elevated_but_below_exclusion || profile_stability=high_profile_stability || available_recommendation_count=20
3130072,성동용답상가시장,11200,441220675.0,42751.0,10320.710041870365,0.6748267898383372,0.9206349206349206,0.38492063492063494,0.5555555555555556,0.9920634920634921,0.9841269841269841,0.9563492063492064,0.10317460317460317,0.015873015873015872,0.07936507936507936,BRD_20140288,스트릿츄러스,0.13394919168591224,False,6209.884056905801,135.0925608781212,10,28,0.14953810623556585,True,0.29621247113163973,0.4043879907621247,0.5125635103926097,340.0,287.0,210.0,279.0,False,direct_size_estimation_deferred,매장 면적·좌석·점포별 매출이 없어 규모별 적합도와 argmax 규모는 산출하지 않음,0.398120967798322,0.9907621247113164,usable_area_profile,True,balanced_default,True,0.7091397228637414,5.0,0.9837374903772133,0.015581629901107024,0.4508279543723527,0.792147806004619,True,True,0.7941050808314088,13.0,0.22541397718617634,0.4508279543723527,True,True,0.5794145225001501,18.0,7,0.450304155269351,0.6861780040388631,high_profile_stability,balanced_default,상권 환경 프로필이 재표본에도 비교적 안정적이므로 균형 시나리오를 사용,0.9930715935334873,0.792147806004619,0.6951501154734411,0.9122401847575058,brand_environment_fit=0.993 | low_competition_risk=0.912 | brand_specific_advantage=0.792 | market_opportunity=0.695,no_model_level_high_risk_flag,not_recommended__no_store_area_seat_or_store_outcome_data,rich,True,True,False,not_observable_from_current_official_html,104,20,top20_available,brand_environment_fit=0.993 | low_competition_risk=0.912 | brand_specific_advantage=0.792,no_model_level_caution_flag,positive_drivers=brand_environment_fit=0.993 | low_competition_risk=0.912 | brand_specific_advantage=0.792 || caution_flags=no_model_level_caution_flag || profile_stability=high_profile_stability || available_recommendation_count=20
3120243,천호역,11740,500229381.0,50380.0,9929.126260420802,0.7084295612009238,0.8452380952380952,0.06746031746031746,0.7063492063492064,0.38492063492063494,0.6626984126984127,0.7182539682539683,0.5833333333333334,0.06746031746031746,0.6507936507936508,BRD_20140288,스트릿츄러스,0.8175519630484989,False,10695.735832576329,60.999999982421286,30,63,0.7257505773672055,True,0.7848152424942263,0.7629907621247114,0.7411662817551963,54.0,54.0,65.0,57.666666666666664,False,direct_size_estimation_deferred,매장 면적·좌석·점포별 매출이 없어 규모별 적합도와 argmax 규모는 산출하지 않음,0.4160974295260094,0.9838337182448037,usable_area_profile,True,balanced_default,True,0.6310046189376443,31.0,0.9577559661277907,0.035298392016199207,0.7387801717722826,0.9053117782909931,True,True,0.7609411085450346,26.0,0.3693900858861413,0.7387801717722826,True,True,0.5781606640093411,19.0,7,0.450304155269351,0.6861780040388631,high_profile_stability,balanced_default,상권 환경 프로필이 재표본에도 비교적 안정적이므로 균형 시나리오를 사용,0.9861431870669746,0.9053117782909931,0.7274826789838337,0.17782909930715934,brand_environment_fit=0.986 | brand_specific_advantage=0.905 | market_opportunity=0.727 | low_competition_risk=0.178,no_model_level_high_risk_flag,not_recommended__no_store_area_seat_or_store_outcome_data,rich,True,True,False,not_observable_from_current_official_html,104,20,top20_available,brand_environment_fit=0.986 | brand_specific_advantage=0.905 | market_opportunity=0.727,competition_risk_elevated_but_below_exclusion,positive_drivers=brand_environment_fit=0.986 | brand_specific_advantage=0.905 | market_opportunity=0.727 || caution_flags=competition_risk_elevated_but_below_exclusion || profile_stability=high_profile_stability || available_recommendation_count=20
3110815,공군호텔,11560,311003172.0,32124.0,9681.333955920807,0.5698614318706697,0.8571428571428571,0.7698412698412699,0.5277777777777778,0.23809523809523808,0.9007936507936508,0.9761904761904762,0.3373015873015873,0.047619047619047616,0.25,BRD_20140288,스트릿츄러스,0.3140877598152425,False,3672.9858425593366,44.72135959188009,10,26,0.44284064665127026,True,0.39081986143187064,0.4419745958429561,0.49312933025404154,280.0,253.0,223.0,252.0,False,direct_size_estimation_deferred,매장 면적·좌석·점포별 매출이 없어 규모별 적합도와 argmax 규모는 산출하지 않음,0.4107037622111569,0.9884526558891455,usable_area_profile,True,balanced_default,True,0.6272517321016167,33.0,0.9554464973056197,0.04323023942524379,0.7634970109430458,0.9076212471131639,True,True,0.7641166281755196,25.0,0.3817485054715229,0.7634970109430458,True,True,0.5777516997787744,20.0,7,0.450304155269351,0.6861780040388631,high_profile_stability,balanced_default,상권 환경 프로필이 재표본에도 비교적 안정적이므로 균형 시나리오를 사용,0.9907621247113164,0.9076212471131639,0.5842956120092379,0.5935334872979214,brand_environment_fit=0.991 | brand_specific_advantage=0.908 | low_competition_risk=0.594 | market_opportunity=0.584,no_model_level_high_risk_flag,not_recommended__no_store_area_seat_or_store_outcome_data,rich,True,True,False,not_observable_from_current_official_html,104,20,top20_available,brand_environment_fit=0.991 | brand_specific_advantage=0.908,competition_risk_moderate,positive_drivers=brand_environment_fit=0.991 | brand_specific_advantage=0.908 || caution_flags=competition_risk_moderate || profile_stability=high_profile_stability || available_recommendation_count=20
3120246,길동역,11740,916043297.0,88020.0,10407.217643717337,0.8409930715935335,0.8452380952380952,0.06746031746031746,0.7063492063492064,0.38492063492063494,0.6626984126984127,0.7182539682539683,0.5833333333333334,0.06746031746031746,0.6507936507936508,BRD_20160521,심봉사도로케,0.8614318706697459,False,9253.147032215842,87.92041856413586,26,72,0.5750577367205543,True,0.8553002309468821,0.8512124711316398,0.8471247113163972,25.0,22.0,22.0,23.0,False,direct_size_estimation_deferred,매장 면적·좌석·점포별 매출이 없어 규모별 적합도와 argmax 규모는 산출하지 않음,0.34399387472882337,0.9861431870669746,usable_area_profile,True,balanced_default,True,0.7011605080831408,7.0,0.9336989992301771,0.045263740311288866,1.1586357529476594,0.9884526558891455,True,True,0.8572632794457274,2.0,0.5793178764738297,1.1586357529476594,True,True,0.7006538664656093,1.0,5,0.6005519737796834,0.7071055230514832,high_profile_stability,balanced_default,상권 환경 프로필이 재표본에도 비교적 안정적이므로 균형 시나리오를 사용,0.9884526558891455,0.9884526558891455,0.8868360277136259,0.4064665127020785,brand_environment_fit=0.988 | brand_specific_advantage=0.988 | market_opportunity=0.887 | low_competition_risk=0.406,no_model_level_high_risk_flag,not_recommended__no_store_area_seat_or_store_outcome_data,rich,True,True,False,not_observable_from_current_official_html,109,20,top20_available,brand_environment_fit=0.988 | brand_specific_advantage=0.988 | market_opportunity=0.887,competition_risk_moderate,positive_drivers=brand_environment_fit=0.988 | brand_specific_advantage=0.988 | market_opportunity=0.887 || caution_flags=competition_risk_moderate || profile_stability=high_profile_stability || available_recommendation_count=20
3120038,약수역,11140,1550178516.0,134777.0,11501.803096967584,0.9235565819861433,0.873015873015873,0.5793650793650794,0.6428571428571429,0.34523809523809523,0.8571428571428571,0.8214285714285714,0.0873015873015873,0.023809523809523808,0.8293650793650794,BRD_20160521,심봉사도로케,0.14780600461893764,False,2629.0798770863585,62.64183906448842,18,44,0.5508083140877598,True,0.38053117782909934,0.5356812933025404,0.6908314087759816,281.0,187.0,93.0,187.0,False,direct_size_estimation_deferred,매장 면적·좌석·점포별 매출이 없어 규모별 적합도와 argmax 규모는 산출하지 않음,0.3831755678252721,0.9792147806004619,usable_area_profile,True,balanced_default,True,0.730230946882217,1.0,0.9359122401847575,0.04410525527649033,0.9818000178039137,0.953810623556582,True,True,0.8697344110854504,1.0,0.49090000890195684,0.9818000178039137,True,True,0.6903484904136064,2.0,5,0.6005519737796834,0.7071055230514832,high_profile_stability,balanced_default,상권 환경 프로필이 재표본에도 비교적 안정적이므로 균형 시나리오를 사용,0.9815242494226328,0.953810623556582,0.9699769053117783,0.43648960739030024,brand_environment_fit=0.982 | market_opportunity=0.970 | brand_specific_advantage=0.954 | low_competition_risk=0.436,no_model_level_high_risk_flag,not_recommended__no_store_area_seat_or_store_outcome_data,rich,True,True,False,not_observable_from_current_official_html,109,20,top20_available,brand_environment_fit=0.982 | market_opportunity=0.970 | brand_specific_advantage=0.954,competition_risk_moderate,positive_drivers=brand_environment_fit=0.982 | market_opportunity=0.970 | brand_specific_advantage=0.954 || caution_flags=competition_risk_moderate || profile_stability=high_profile_stability || available_recommendation_count=20
3120226,석촌고분역,11710,497422151.0,44126.0,11272.767778633912,0.7166281755196304,0.8531746031746031,0.13095238095238096,0.6746031746031746,0.9325396825396826,0.8928571428571429,0.7063492063492064,0.4087301587301587,0.03968253968253968,0.5436507936507936,BRD_20160521,심봉사도로케,0.279445727482679,False,8275.840138621752,58.872744129090485,22,78,0.634526558891455,True,0.4106004618937644,0.4980369515011547,0.5854734411085449,266.0,219.0,158.0,214.33333333333334,False,direct_size_estimation_deferred,매장 면적·좌석·점포별 매출이 없어 규모별 적합도와 argmax 규모는 산출하지 않음,0.3805465726840627,0.9815242494226328,usable_area_profile,True,balanced_default,True,0.6464030023094688,23.0,0.9515973826020016,0.02519313875296893,1.187897511067552,0.9907621247113164,True,True,0.8105715935334874,9.0,0.593948755533776,1.187897511067552,True,True,0.6671199397255052,3.0,5,0.6005519737796834,0.7071055230514832,high_profile_stability,balanced_default,상권 환경 프로필이 재표본에도 비교적 안정적이므로 균형 시나리오를 사용,0.9838337182448037,0.9907621247113164,0.745958429561201,0.30484988452655887,brand_specific_advantage=0.991 | brand_environment_fit=0.984 | market_opportunity=0.746 | low_competition_risk=0.305,no_model_level_high_risk_flag,not_recommended__no_store_area_seat_or_store_outcome_data,rich,True,True,False,not_observable_from_current_official_html,109,20,top20_available,brand_specific_advantage=0.991 | brand_environment_fit=0.984 | market_opportunity=0.746,competition_risk_elevated_but_below_exclusion,positive_drivers=brand_specific_advantage=0.991 | brand_environment_fit=0.984 | market_opportunity=0.746 || caution_flags=competition_risk_elevated_but_below_exclusion || profile_stability=high_profile_stability || available_recommendation_count=20
3130222,오류시장,11530,677800421.0,66656.0,10168.633296327413,0.7894919168591223,0.8412698412698413,0.8373015873015873,0.5753968253968254,0.5238095238095238,0.7579365079365079,0.7380952380952381,0.18253968253968253,0.12698412698412698,0.7658730158730159,BRD_20160521,심봉사도로케,0.42032332563510394,False,2261.8269164840667,48.414873764798386,14,33,0.516743648960739,True,0.5310739030023095,0.6049076212471132,0.6787413394919167,199.0,135.0,98.0,144.0,False,direct_size_estimation_deferred,매장 면적·좌석·점포별 매출이 없어 규모별 적합도와 argmax 규모는 산출하지 않음,0.44941522212305346,0.9515011547344111,usable_area_profile,True,balanced_default,True,0.6745612009237876,12.0,0.9045419553502695,0.04485297674145903,1.046958369225375,0.9722863741339491,True,True,0.8337009237875289,5.0,0.5234791846126875,1.046958369225375,True,True,0.6619417330901911,4.0,5,0.6005519737796834,0.7071055230514832,high_profile_stability,balanced_default,상권 환경 프로필이 재표본에도 비교적 안정적이므로 균형 시나리오를 사용,0.953810623556582,0.9722863741339491,0.8221709006928406,0.48036951501154734,brand_specific_advantage=0.972 | brand_environment_fit=0.954 | market_opportunity=0.822 | low_competition_risk=0.480,no_model_level_high_risk_flag,not_recommended__no_store_area_seat_or_store_outcome_data,rich,True,True,False,not_observable_from_current_official_html,109,20,top20_available,brand_specific_advantage=0.972 | brand_environment_fit=0.954 | market_opportunity=0.822,competition_risk_moderate,positive_drivers=brand_specific_advantage=0.972 | brand_environment_fit=0.954 | market_opportunity=0.822 || caution_flags=competition_risk_moderate || profile_stability=high_profile_stability || available_recommendation_count=20
3110703,개봉역,11530,566848644.0,58936.0,9618.037260757432,0.7391454965357969,0.8412698412698413,0.8373015873015873,0.5753968253968254,0.5238095238095238,0.7579365079365079,0.7380952380952381,0.18253968253968253,0.12698412698412698,0.7658730158730159,BRD_20160521,심봉사도로케,0.42032332563510394,False,2901.6962281107053,17.720045128132952,13,29,0.6056581986143187,True,0.5159699769053119,0.5797344110854504,0.643498845265589,209.0,152.0,119.0,160.0,False,direct_size_estimation_deferred,매장 면적·좌석·점포별 매출이 없어 규모별 적합도와 argmax 규모는 산출하지 않음,0.43142052167117756,0.9607390300230947,usable_area_profile,True,balanced_default,True,0.6482217090069285,20.0,0.8985758275596613,0.054251327030210794,1.1458374544242351,0.9861431870669746,True,True,0.8135739030023095,8.0,0.5729187272121176,1.1458374544242351,True,True,0.6610007693048416,5.0,5,0.6005519737796834,0.7071055230514832,high_profile_stability,balanced_default,상권 환경 프로필이 재표본에도 비교적 안정적이므로 균형 시나리오를 사용,0.9630484988452656,0.9861431870669746,0.7644341801385681,0.35450346420323325,brand_specific_advantage=0.986 | brand_environment_fit=0.963 | market_opportunity=0.764 | low_competition_risk=0.355,no_model_level_high_risk_flag,not_recommended__no_store_area_seat_or_store_outcome_data,rich,True,True,False,not_observable_from_current_official_html,109,20,top20_available,brand_specific_advantage=0.986 | brand_environment_fit=0.963 | market_opportunity=0.764,competition_risk_elevated_but_below_exclusion,positive_drivers=brand_specific_advantage=0.986 | brand_environment_fit=0.963 | market_opportunity=0.764 || caution_flags=competition_risk_elevated_but_below_exclusion || profile_stability=high_profile_stability || available_recommendation_count=20
3130072,성동용답상가시장,11200,441220675.0,42751.0,10320.710041870365,0.6748267898383372,0.9206349206349206,0.38492063492063494,0.5555555555555556,0.9920634920634921,0.9841269841269841,0.9563492063492064,0.10317460317460317,0.015873015873015872,0.07936507936507936,BRD_20160521,심봉사도로케,0.08083140877598152,False,1329.2573114155348,135.0925608781212,10,28,0.1489607390300231,True,0.2590300230946882,0.37782909930715936,0.49662817551963045,365.0,307.0,217.0,296.3333333333333,False,direct_size_estimation_deferred,매장 면적·좌석·점포별 매출이 없어 규모별 적합도와 argmax 규모는 산출하지 않음,0.2785675114578184,0.9976905311778291,usable_area_profile,True,balanced_default,True,0.7126905311778291,4.0,0.9837374903772133,0.015581629901107024,0.8954801833423448,0.9214780600461894,True,True,0.8480023094688222,3.0,0.4477400916711724,0.8954801833423448,True,True,0.6597113415537326,6.0,5,0.6005519737796834,0.7071055230514832,high_profile_stability,balanced_default,상권 환경 프로필이 재표본에도 비교적 안정적이므로 균형 시나리오를 사용,1.0,0.9214780600461894,0.6951501154734411,0.9122401847575058,brand_environment_fit=1.000 | brand_specific_advantage=0.921 | low_competition_risk=0.912 | market_opportunity=0.695,no_model_level_high_risk_flag,not_recommended__no_store_area_seat_or_store_outcome_data,rich,True,True,False,not_observable_from_current_official_html,109,20,top20_available,brand_environment_fit=1.000 | brand_specific_advantage=0.921 | low_competition_risk=0.912,no_model_level_caution_flag,positive_drivers=brand_environment_fit=1.000 | brand_specific_advantage=0.921 | low_competition_risk=0.912 || caution_flags=no_model_level_caution_flag || profile_stability=high_profile_stability || available_recommendation_count=20
3120245,둔촌역,11740,1831672609.0,200933.0,9115.837662305346,0.89364896073903,0.8452380952380952,0.06746031746031746,0.7063492063492064,0.38492063492063494,0.6626984126984127,0.7182539682539683,0.5833333333333334,0.06746031746031746,0.6507936507936508,BRD_20160521,심봉사도로케,0.8614318706697459,False,9377.936873313134,53.225933566835145,37,65,0.7852193995381063,True,0.8710969976905311,0.877540415704388,0.8839838337182447,21.0,14.0,15.0,16.666666666666668,False,direct_size_estimation_deferred,매장 면적·좌석·점포별 매출이 없어 규모별 적합도와 argmax 규모는 산출하지 않음,0.6139163932909093,0.8521939953810623,usable_area_profile,True,balanced_default,True,0.6210912240184757,38.0,0.7641454965357967,0.07137557557582579,1.23359423913475,0.9953810623556582,True,True,0.804122401847575,13.0,0.616797119567375,1.23359423913475,True,True,0.6590371904628999,7.0,5,0.6005519737796834,0.7071055230514832,high_profile_stability,balanced_default,상권 환경 프로필이 재표본에도 비교적 안정적이므로 균형 시나리오를 사용,0.8545034642032333,0.9953810623556582,0.9330254041570438,0.10623556581986143,brand_specific_advantage=0.995 | market_opportunity=0.933 | brand_environment_fit=0.855 | low_competition_risk=0.106,no_model_level_high_risk_flag,not_recommended__no_store_area_seat_or_store_outcome_data,rich,True,True,False,not_observable_from_current_official_html,109,20,top20_available,brand_specific_advantage=0.995 | market_opportunity=0.933 | brand_environment_fit=0.855,competition_risk_elevated_but_below_exclusion,positive_drivers=brand_specific_advantage=0.995 | market_opportunity=0.933 | brand_environment_fit=0.855 || caution_flags=competition_risk_elevated_but_below_exclusion || profile_stability=high_profile_stability || available_recommendation_count=20
3110883,은천초등학교(은천교앞),11620,384324031.0,36658.0,10484.042528233946,0.6409930715935335,0.6944444444444444,0.5833333333333334,0.49603174603174605,0.8611111111111112,0.9801587301587301,0.8690476190476191,0.027777777777777776,0.051587301587301584,0.3412698412698413,BRD_20160521,심봉사도로케,0.33140877598152424,False,1881.9314546647138,165.06059494972328,13,69,0.17840646651270212,True,0.424284064665127,0.4862009237875289,0.5481177829099306,258.0,223.0,185.0,222.0,False,direct_size_estimation_deferred,매장 면적·좌석·점포별 매출이 없어 규모별 적합도와 argmax 규모는 산출하지 않음,0.3001856161504573,0.9953810623556582,usable_area_profile,True,balanced_default,True,0.6952771362586604,9.0,0.9701693610469592,0.026750654894371177,0.9424704332754106,0.9330254041570438,True,True,0.8373614318706697,4.0,0.4712352166377053,0.9424704332754106,True,True,0.6557233188947904,8.0,5,0.6005519737796834,0.7071055230514832,high_profile_stability,balanced_default,상권 환경 프로필이 재표본에도 비교적 안정적이므로 균형 시나리오를 사용,0.9976905311778291,0.9330254041570438,0.6558891454965358,0.8960739030023095,brand_environment_fit=0.998 | brand_specific_advantage=0.933 | low_competition_risk=0.896 | market_opportunity=0.656,no_model_level_high_risk_flag,not_recommended__no_store_area_seat_or_store_outcome_data,rich,True,True,False,not_observable_from_current_official_html,109,20,top20_available,brand_environment_fit=0.998 | brand_specific_advantage=0.933 | low_competition_risk=0.896,no_model_level_caution_flag,positive_drivers=brand_environment_fit=0.998 | brand_specific_advantage=0.933 | low_competition_risk=0.896 || caution_flags=no_model_level_caution_flag || profile_stability=high_profile_stability || available_recommendation_count=20
3120068,사가정역,11260,944293896.0,91431.0,10327.940151589723,0.8467667436489608,0.8492063492063492,0.40476190476190477,0.5,0.39285714285714285,0.623015873015873,0.5714285714285714,0.16666666666666666,0.32936507936507936,0.8134920634920635,BRD_20160521,심봉사도로케,0.9445727482678984,False,4905.941296000329,42.201895677975386,26,50,0.7713625866050808,True,0.9152309468822171,0.8956697459584295,0.876108545034642,5.0,9.0,16.0,10.0,False,direct_size_estimation_deferred,매장 면적·좌석·점포별 매출이 없어 규모별 적합도와 argmax 규모는 산출하지 않음,0.3383458706861972,0.9907621247113164,usable_area_profile,True,balanced_default,True,0.6760450346420324,11.0,0.9523672055427251,0.03852949356737861,0.9965072367600163,0.9584295612009238,True,True,0.8189260969976905,7.0,0.49825361838000815,0.9965072367600163,True,True,0.6557109373336957,9.0,5,0.6005519737796834,0.7071055230514832,high_profile_stability,balanced_default,상권 환경 프로필이 재표본에도 비교적 안정적이므로 균형 시나리오를 사용,0.9930715935334873,0.9584295612009238,0.8891454965357968,0.11893764434180139,brand_environment_fit=0.993 | brand_specific_advantage=0.958 | market_opportunity=0.889 | low_competition_risk=0.119,no_model_level_high_risk_flag,not_recommended__no_store_area_seat_or_store_outcome_data,rich,True,True,False,not_observable_from_current_official_html,109,20,top20_available,brand_environment_fit=0.993 | brand_specific_advantage=0.958 | market_opportunity=0.889,competition_risk_elevated_but_below_exclusion,positive_drivers=brand_environment_fit=0.993 | brand_specific_advantage=0.958 | market_opportunity=0.889 || caution_flags=competition_risk_elevated_but_below_exclusion || profile_stability=high_profile_stability || available_recommendation_count=20
3110861,관악구신사동주민센터,11620,589729084.0,55496.0,10626.515136226035,0.7545034642032333,0.6944444444444444,0.5833333333333334,0.49603174603174605,0.8611111111111112,0.9801587301587301,0.8690476190476191,0.027777777777777776,0.051587301587301584,0.3412698412698413,BRD_20160521,심봉사도로케,0.33140877598152424,False,2882.6663004892785,95.41488351930987,18,53,0.4226327944572748,True,0.45833718244803695,0.5429561200923788,0.6275750577367206,239.0,178.0,130.0,182.33333333333334,False,direct_size_estimation_deferred,매장 면적·좌석·점포별 매출이 없어 규모별 적합도와 argmax 규모는 산출하지 않음,0.5998496860068643,0.8637413394919169,usable_area_profile,True,balanced_default,True,0.6325519630484989,30.0,0.793206312548114,0.06850646125718389,1.029611304530874,0.9699769053117783,True,True,0.8100692840646653,10.0,0.514805652265437,1.029611304530874,True,True,0.6288540337201547,10.0,5,0.6005519737796834,0.7071055230514832,high_profile_stability,balanced_default,상권 환경 프로필이 재표본에도 비교적 안정적이므로 균형 시나리오를 사용,0.8660508083140878,0.9699769053117783,0.7852193995381063,0.625866050808314,brand_specific_advantage=0.970 | brand_environment_fit=0.866 | market_opportunity=0.785 | low_competition_risk=0.626,no_model_level_high_risk_flag,not_recommended__no_store_area_seat_or_store_outcome_data,rich,True,True,False,not_observable_from_current_official_html,109,20,top20_available,brand_specific_advantage=0.970 | brand_environment_fit=0.866 | market_opportunity=0.785,competition_risk_moderate,positive_drivers=brand_specific_advantage=0.970 | brand_environment_fit=0.866 | market_opportunity=0.785 || caution_flags=competition_risk_moderate || profile_stability=high_profile_stability || available_recommendation_count=20
3110593,신월3동주민센터,11470,317937956.0,28102.0,11313.712760657605,0.5892609699769054,0.8055555555555556,0.2222222222222222,0.5158730158730159,0.5873015873015873,0.5079365079365079,0.2896825396825397,0.4801587301587302,0.30952380952380953,0.7738095238095238,BRD_20160521,심봉사도로케,0.9803695150115473,False,764.5501945757414,184.0679222675113,3,21,0.027136258660508106,True,0.8630369515011548,0.7848152424942263,0.7065935334872979,24.0,39.0,87.0,50.0,False,direct_size_estimation_deferred,매장 면적·좌석·점포별 매출이 없어 규모별 적합도와 argmax 규모는 산출하지 않음,0.6685753021027069,0.8083140877598153,usable_area_profile,True,balanced_default,True,0.6063279445727483,47.0,0.7399923017705928,0.062193362693480636,1.0985382206449534,0.9815242494226328,True,True,0.8078117782909932,11.0,0.5492691103224767,1.0985382206449534,True,True,0.6197557359569777,11.0,5,0.6005519737796834,0.7071055230514832,high_profile_stability,balanced_default,상권 환경 프로필이 재표본에도 비교적 안정적이므로 균형 시나리오를 사용,0.8106235565819861,0.9815242494226328,0.605080831408776,0.9884526558891455,low_competition_risk=0.988 | brand_specific_advantage=0.982 | brand_environment_fit=0.811 | market_opportunity=0.605,no_model_level_high_risk_flag,not_recommended__no_store_area_seat_or_store_outcome_data,rich,True,True,False,not_observable_from_current_official_html,109,20,top20_available,low_competition_risk=0.988 | brand_specific_advantage=0.982 | brand_environment_fit=0.811,same_brand_distance_750m_to_1000m_review,positive_drivers=low_competition_risk=0.988 | brand_specific_advantage=0.982 | brand_environment_fit=0.811 || caution_flags=same_brand_distance_750m_to_1000m_review || profile_stability=high_profile_stability || available_recommendation_count=20
3120112,등촌역,11470,402129603.0,41146.0,9773.236839546978,0.6467667436489607,0.8055555555555556,0.2222222222222222,0.5158730158730159,0.5873015873015873,0.5079365079365079,0.2896825396825397,0.4801587301587302,0.30952380952380953,0.7738095238095238,BRD_20160521,심봉사도로케,0.9803695150115473,False,1710.3581496333345,105.11898021717178,22,49,0.46362586605080836,True,0.8802886836027713,0.813568129330254,0.7468475750577366,17.0,32.0,60.0,36.333333333333336,False,direct_size_estimation_deferred,매장 면적·좌석·점포별 매출이 없어 규모별 적합도와 argmax 규모는 산출하지 않음,0.4537692623084709,0.9491916859122402,usable_area_profile,True,balanced_default,True,0.6314203233256351,31.0,0.9080061585835257,0.04246270865358644,0.96992228321346,0.9468822170900693,True,True,0.7879965357967667,16.0,0.48496114160673,0.96992228321346,True,True,0.6172825889387988,12.0,5,0.6005519737796834,0.7071055230514832,high_profile_stability,balanced_default,상권 환경 프로필이 재표본에도 비교적 안정적이므로 균형 시나리오를 사용,0.9515011547344111,0.9468822170900693,0.6697459584295612,0.5658198614318707,brand_environment_fit=0.952 | brand_specific_advantage=0.947 | market_opportunity=0.670 | low_competition_risk=0.566,no_model_level_high_risk_flag,not_recommended__no_store_area_seat_or_store_outcome_data,rich,True,True,False,not_observable_from_current_official_html,109,20,top20_available,brand_environment_fit=0.952 | brand_specific_advantage=0.947,competition_risk_moderate,positive_drivers=brand_environment_fit=0.952 | brand_specific_advantage=0.947 || caution_flags=competition_risk_moderate || profile_stability=high_profile_stability || available_recommendation_count=20
3110640,방화역 1번,11500,671414576.0,62982.0,10660.420056524086,0.7871824480369516,0.8373015873015873,0.23809523809523808,0.623015873015873,0.32142857142857145,0.8333333333333334,0.9246031746031746,0.46825396825396826,0.05555555555555555,0.42063492063492064,BRD_20160521,심봉사도로케,0.7748267898383372,False,3569.7082513759183,241.56986569432095,5,25,0.02482678983833718,True,0.7785334872979215,0.7810046189376444,0.7834757505773673,57.0,42.0,36.0,45.0,False,direct_size_estimation_deferred,매장 면적·좌석·점포별 매출이 없어 규모별 적합도와 argmax 규모는 산출하지 않음,0.6203671289907009,0.8475750577367206,usable_area_profile,True,balanced_default,True,0.6955773672055428,8.0,0.8122594303310239,0.05032439479240749,0.7017596048869887,0.8568129330254042,True,True,0.8294284064665128,6.0,0.35087980244349437,0.7017596048869887,True,True,0.6137721340884794,13.0,5,0.6005519737796834,0.7071055230514832,high_profile_stability,balanced_default,상권 환경 프로필이 재표본에도 비교적 안정적이므로 균형 시나리오를 사용,0.8498845265588915,0.8568129330254042,0.8198614318706697,0.9907621247113164,low_competition_risk=0.991 | brand_specific_advantage=0.857 | brand_environment_fit=0.850 | market_opportunity=0.820,no_model_level_high_risk_flag,not_recommended__no_store_area_seat_or_store_outcome_data,rich,True,True,False,not_observable_from_current_official_html,109,20,top20_available,low_competition_risk=0.991 | brand_specific_advantage=0.857 | brand_environment_fit=0.850 | market_opportunity=0.820,no_model_level_caution_flag,positive_drivers=low_competition_risk=0.991 | brand_specific_advantage=0.857 | brand_environment_fit=0.850 | market_opportunity=0.820 || caution_flags=no_model_level_caution_flag || profile_stability=high_profile_stability || available_recommendation_count=20
3110837,숭실대입구역 1번,11590,599844154.0,57757.0,10385.65289055872,0.7587759815242495,0.8611111111111112,0.5158730158730159,0.42857142857142855,0.753968253968254,0.9563492063492064,0.6626984126984127,0.11507936507936507,0.09523809523809523,0.5674603174603174,BRD_20160521,심봉사도로케,0.6570438799076213,False,1690.4153336108309,107.91200122156485,13,20,0.26385681293302543,True,0.6875635103926097,0.7079099307159353,0.728256351039261,107.0,75.0,75.0,85.66666666666667,False,direct_size_estimation_deferred,매장 면적·좌석·점포별 매출이 없어 규모별 적합도와 argmax 규모는 산출하지 않음,0.6867793652975523,0.7852193995381063,usable_area_profile,True,balanced_default,True,0.6186027713625866,42.0,0.7287336412625097,0.0576904289437942,0.9791183617412288,0.9515011547344111,True,True,0.8042205542725174,12.0,0.4895591808706144,0.9791183617412288,True,True,0.609480817230812,14.0,5,0.6005519737796834,0.7071055230514832,high_profile_stability,balanced_default,상권 환경 프로필이 재표본에도 비교적 안정적이므로 균형 시나리오를 사용,0.7875288683602771,0.9515011547344111,0.789838337182448,0.8475750577367206,brand_specific_advantage=0.952 | low_competition_risk=0.848 | market_opportunity=0.790 | brand_environment_fit=0.788,no_model_level_high_risk_flag,not_recommended__no_store_area_seat_or_store_outcome_data,rich,True,True,False,not_observable_from_current_official_html,109,20,top20_available,brand_specific_advantage=0.952 | low_competition_risk=0.848 | market_opportunity=0.790 | brand_environment_fit=0.788,no_model_level_caution_flag,positive_drivers=brand_specific_advantage=0.952 | low_competition_risk=0.848 | market_opportunity=0.790 | brand_environment_fit=0.788 || caution_flags=no_model_level_caution_flag || profile_stability=high_profile_stability || available_recommendation_count=20
3110226,장안1동주민센터,11230,250349606.0,25034.0,10000.383718143325,0.5125866050808315,0.6904761904761905,0.5396825396825397,0.5714285714285714,0.9603174603174603,0.9126984126984127,0.4087301587301587,0.1865079365079365,0.09126984126984126,0.6825396825396826,BRD_20160521,심봉사도로케,0.4838337182448037,False,2628.4900608331855,93.3916484736326,14,50,0.3308314087759815,True,0.492459584295612,0.4982101616628176,0.5039607390300231,223.0,218.0,215.0,218.66666666666666,False,direct_size_estimation_deferred,매장 면적·좌석·점포별 매출이 없어 규모별 적합도와 argmax 규모는 산출하지 않음,0.5394465632110598,0.9076212471131639,usable_area_profile,True,balanced_default,True,0.5835912240184757,63.0,0.8438221709006929,0.058583260794855624,1.089032521352472,0.9792147806004619,True,True,0.7681235565819862,20.0,0.544516260676236,1.089032521352472,True,True,0.6033116381188998,15.0,5,0.6005519737796834,0.7071055230514832,high_profile_stability,balanced_default,상권 환경 프로필이 재표본에도 비교적 안정적이므로 균형 시나리오를 사용,0.9099307159353349,0.9792147806004619,0.5080831408775982,0.76905311778291,brand_specific_advantage=0.979 | brand_environment_fit=0.910 | low_competition_risk=0.769 | market_opportunity=0.508,no_model_level_high_risk_flag,not_recommended__no_store_area_seat_or_store_outcome_data,rich,True,True,False,not_observable_from_current_official_html,109,20,top20_available,brand_specific_advantage=0.979 | brand_environment_fit=0.910 | low_competition_risk=0.769,no_model_level_caution_flag,positive_drivers=brand_specific_advantage=0.979 | brand_environment_fit=0.910 | low_competition_risk=0.769 || caution_flags=no_model_level_caution_flag || profile_stability=high_profile_stability || available_recommendation_count=20
3120243,천호역,11740,500229381.0,50380.0,9929.126260420802,0.7084295612009238,0.8452380952380952,0.06746031746031746,0.7063492063492064,0.38492063492063494,0.6626984126984127,0.7182539682539683,0.5833333333333334,0.06746031746031746,0.6507936507936508,BRD_20160521,심봉사도로케,0.8614318706697459,False,7983.52754112073,60.999999982421286,30,63,0.7263279445727483,True,0.8155311778290992,0.7849307159353349,0.7543302540415704,41.0,38.0,56.0,45.0,False,direct_size_estimation_deferred,매장 면적·좌석·점포별 매출이 없어 규모별 적합도와 argmax 규모는 산출하지 않음,0.3439077012902588,0.9884526558891455,usable_area_profile,True,balanced_default,True,0.6332274826789839,29.0,0.9577559661277907,0.035298392016199207,0.8696342243371167,0.9122401847575058,True,True,0.7650115473441109,21.0,0.43481711216855834,0.8696342243371167,True,True,0.6026190146631525,16.0,5,0.6005519737796834,0.7071055230514832,high_profile_stability,balanced_default,상권 환경 프로필이 재표본에도 비교적 안정적이므로 균형 시나리오를 사용,0.9907621247113164,0.9122401847575058,0.7274826789838337,0.17551963048498845,brand_environment_fit=0.991 | brand_specific_advantage=0.912 | market_opportunity=0.727 | low_competition_risk=0.176,no_model_level_high_risk_flag,not_recommended__no_store_area_seat_or_store_outcome_data,rich,True,True,False,not_observable_from_current_official_html,109,20,top20_available,brand_environment_fit=0.991 | brand_specific_advantage=0.912 | market_opportunity=0.727,competition_risk_elevated_but_below_exclusion,positive_drivers=brand_environment_fit=0.991 | brand_specific_advantage=0.912 | market_opportunity=0.727 || caution_flags=competition_risk_elevated_but_below_exclusion || profile_stability=high_profile_stability || available_recommendation_count=20
3120152,신대방삼거리역,11590,953145793.0,102228.0,9323.72532965528,0.8353348729792147,0.8611111111111112,0.5158730158730159,0.42857142857142855,0.753968253968254,0.9563492063492064,0.6626984126984127,0.11507936507936507,0.09523809523809523,0.5674603174603174,BRD_20160521,심봉사도로케,0.6570438799076213,False,1096.7337871904756,79.30952023733208,18,47,0.4780600461893764,True,0.7105311778290992,0.746189376443418,0.7818475750577366,91.0,59.0,38.0,62.666666666666664,False,direct_size_estimation_deferred,매장 면적·좌석·점포별 매출이 없어 규모별 적합도와 argmax 규모는 산출하지 않음,0.5400285516756662,0.9053117782909931,usable_area_profile,True,balanced_default,True,0.6733140877598153,13.0,0.8480561970746728,0.08187605247578715,0.6992958195346825,0.8545034642032333,True,True,0.7922863741339492,15.0,0.3496479097673412,0.6992958195346825,True,True,0.600263604446283,17.0,5,0.6005519737796834,0.7071055230514832,high_profile_stability,balanced_default,상권 환경 프로필이 재표본에도 비교적 안정적이므로 균형 시나리오를 사용,0.9076212471131639,0.8545034642032333,0.8799076212471132,0.535796766743649,brand_environment_fit=0.908 | market_opportunity=0.880 | brand_specific_advantage=0.855 | low_competition_risk=0.536,no_model_level_high_risk_flag,not_recommended__no_store_area_seat_or_store_outcome_data,rich,True,True,False,not_observable_from_current_official_html,109,20,top20_available,brand_environment_fit=0.908 | market_opportunity=0.880 | brand_specific_advantage=0.855,competition_risk_moderate,positive_drivers=brand_environment_fit=0.908 | market_opportunity=0.880 | brand_specific_advantage=0.855 || caution_flags=competition_risk_moderate || profile_stability=high_profile_stability || available_recommendation_count=20
3110274,서일대학교,11260,492656087.0,41512.0,11867.79935922143,0.7133949191685912,0.8492063492063492,0.40476190476190477,0.5,0.39285714285714285,0.623015873015873,0.5714285714285714,0.16666666666666666,0.32936507936507936,0.8134920634920635,BRD_20160521,심봉사도로케,0.9445727482678984,False,6178.553633314637,101.51354588565466,6,29,0.16801385681293304,True,0.8752193995381061,0.8289838337182448,0.7827482678983833,20.0,28.0,37.0,28.333333333333332,False,direct_size_estimation_deferred,매장 면적·좌석·점포별 매출이 없어 규모별 적합도와 argmax 규모는 산출하지 않음,0.567766206886438,0.8822170900692841,usable_area_profile,True,balanced_default,True,0.665594688221709,15.0,0.829003079291763,0.07882695102483951,0.675073817846292,0.8475750577367206,True,True,0.7925115473441109,14.0,0.337536908923146,0.675073817846292,True,True,0.588461243758205,18.0,5,0.6005519737796834,0.7071055230514832,high_profile_stability,balanced_default,상권 환경 프로필이 재표본에도 비교적 안정적이므로 균형 시나리오를 사용,0.8845265588914549,0.8475750577367206,0.7367205542725174,0.9030023094688222,low_competition_risk=0.903 | brand_environment_fit=0.885 | brand_specific_advantage=0.848 | market_opportunity=0.737,no_model_level_high_risk_flag,not_recommended__no_store_area_seat_or_store_outcome_data,rich,True,True,False,not_observable_from_current_official_html,109,20,top20_available,low_competition_risk=0.903 | brand_environment_fit=0.885 | brand_specific_advantage=0.848 | market_opportunity=0.737,no_model_level_caution_flag,positive_drivers=low_competition_risk=0.903 | brand_environment_fit=0.885 | brand_specific_advantage=0.848 | market_opportunity=0.737 || caution_flags=no_model_level_caution_flag || profile_stability=high_profile_stability || available_recommendation_count=20
3110569,홍대땡땡거리,11440,535256918.0,58391.0,9166.770872223458,0.7200923787528869,0.9404761904761905,0.4246031746031746,0.5833333333333334,0.9642857142857143,0.9880952380952381,0.9841269841269841,0.1111111111111111,0.011904761904761904,0.051587301587301584,BRD_20160521,심봉사도로케,0.03348729792147806,False,5629.346764926224,51.4781507020149,30,117,0.7667436489607391,True,0.2394688221709007,0.3767898383371825,0.5141108545034642,374.0,308.0,205.0,295.6666666666667,False,direct_size_estimation_deferred,매장 면적·좌석·점포별 매출이 없어 규모별 적합도와 argmax 규모는 산출하지 않음,0.546366310010374,0.8983833718244804,usable_area_profile,True,balanced_default,True,0.5862124711316397,61.0,0.8238067744418783,0.07877986724200645,0.9466453802658457,0.9376443418013857,True,True,0.7455889145496536,24.0,0.47332269013292283,0.9466453802658457,True,True,0.5834458514772389,19.0,5,0.6005519737796834,0.7071055230514832,high_profile_stability,balanced_default,상권 환경 프로필이 재표본에도 비교적 안정적이므로 균형 시나리오를 사용,0.9006928406466512,0.9376443418013857,0.7482678983833718,0.12933025404157045,brand_specific_advantage=0.938 | brand_environment_fit=0.901 | market_opportunity=0.748 | low_competition_risk=0.129,no_model_level_high_risk_flag,not_recommended__no_store_area_seat_or_store_outcome_data,rich,True,True,False,not_observable_from_current_official_html,109,20,top20_available,brand_specific_advantage=0.938 | brand_environment_fit=0.901 | market_opportunity=0.748,competition_risk_elevated_but_below_exclusion,positive_drivers=brand_specific_advantage=0.938 | brand_environment_fit=0.901 | market_opportunity=0.748 || caution_flags=competition_risk_elevated_but_below_exclusion || profile_stability=high_profile_stability || available_recommendation_count=20
3120244,암사역,11740,416837256.0,46005.0,9060.694620149983,0.6541570438799076,0.8452380952380952,0.06746031746031746,0.7063492063492064,0.38492063492063494,0.6626984126984127,0.7182539682539683,0.5833333333333334,0.06746031746031746,0.6507936507936508,BRD_20160521,심봉사도로케,0.8614318706697459,False,7983.541569991752,82.05485967410668,28,39,0.6195150115473441,True,0.7992494226327943,0.7577944572748267,0.7163394919168591,51.0,52.0,82.0,61.666666666666664,False,direct_size_estimation_deferred,매장 면적·좌석·점포별 매출이 없어 규모별 적합도와 argmax 규모는 산출하지 않음,0.39425422618224026,0.976905311778291,usable_area_profile,True,balanced_default,True,0.6244803695150115,37.0,0.938799076212471,0.052306105033300104,0.7285236693032299,0.8706697459584296,True,True,0.7446593533487298,25.0,0.36426183465161494,0.7285236693032299,True,True,0.5709962610657096,20.0,5,0.6005519737796834,0.7071055230514832,high_profile_stability,balanced_default,상권 환경 프로필이 재표본에도 비교적 안정적이므로 균형 시나리오를 사용,0.9792147806004619,0.8706697459584296,0.6766743648960739,0.3279445727482679,brand_environment_fit=0.979 | brand_specific_advantage=0.871 | market_opportunity=0.677 | low_competition_risk=0.328,no_model_level_high_risk_flag,not_recommended__no_store_area_seat_or_store_outcome_data,rich,True,True,False,not_observable_from_current_official_html,109,20,top20_available,brand_environment_fit=0.979 | brand_specific_advantage=0.871,competition_risk_elevated_but_below_exclusion,positive_drivers=brand_environment_fit=0.979 | brand_specific_advantage=0.871 || caution_flags=competition_risk_elevated_but_below_exclusion || profile_stability=high_profile_stability || available_recommendation_count=20
3120079,창동역,11320,765698620.0,76216.0,10046.428833840664,0.8071593533487298,0.7182539682539683,0.11904761904761904,0.6071428571428571,0.25793650793650796,0.3611111111111111,0.24603174603174602,0.19047619047619047,0.4246031746031746,0.9126984126984127,BRD_20240723,올드몬트베이글,0.31755196304849886,False,14598.306751116745,91.21403398036323,16,24,0.38394919168591224,True,0.46443418013856813,0.5623556581986143,0.6602771362586605,230.0,163.0,107.0,166.66666666666666,False,direct_size_estimation_deferred,매장 면적·좌석·점포별 매출이 없어 규모별 적합도와 argmax 규모는 산출하지 않음,0.41239522441134335,0.9676674364896074,usable_area_profile,True,balanced_default,True,0.7087471131639723,5.0,0.8044649730561971,0.0901443469973297,1.810456993362487,0.9376443418013857,True,True,0.8499133949191687,1.0,0.9052284966812435,1.810456993362487,True,True,0.818908495778389,1.0,4,0.6066630953587475,0.7537615102183841,high_profile_stability,balanced_default,상권 환경 프로필이 재표본에도 비교적 안정적이므로 균형 시나리오를 사용,0.9699769053117783,0.9376443418013857,0.8406466512702079,0.6905311778290993,brand_environment_fit=0.970 | brand_specific_advantage=0.938 | market_opportunity=0.841 | low_competition_risk=0.691,no_model_level_high_risk_flag,not_recommended__no_store_area_seat_or_store_outcome_data,insufficient,False,False,False,not_observable_from_current_official_html,100,20,top20_available,brand_environment_fit=0.970 | brand_specific_advantage=0.938 | market_opportunity=0.841,no_model_level_caution_flag,positive_drivers=brand_environment_fit=0.970 | brand_specific_advantage=0.938 | market_opportunity=0.841 || caution_flags=no_model_level_caution_flag || profile_stability=high_profile_stability || available_recommendation_count=20
3120080,마들역,11350,1045100686.0,106340.0,9827.916926838443,0.858891454965358,0.8928571428571429,0.08333333333333333,0.7222222222222222,0.9444444444444444,0.7777777777777778,0.30158730158730157,0.38095238095238093,0.4444444444444444,0.6071428571428571,BRD_20240723,올드몬트베이글,0.5311778290993071,False,15273.963107185042,45.607017023633105,8,32,0.4087759815242494,True,0.6294919168591223,0.6950346420323326,0.7605773672055427,127.0,77.0,52.0,85.33333333333333,False,direct_size_estimation_deferred,매장 면적·좌석·점포별 매출이 없어 규모별 적합도와 argmax 규모는 산출하지 않음,0.4536084915410978,0.9468822170900693,usable_area_profile,True,balanced_default,True,0.7127367205542726,4.0,0.8119707467282525,0.07687419193039746,1.7549644031896516,0.9099307159353349,True,True,0.8443879907621249,2.0,0.8774822015948258,1.7549644031896516,True,True,0.8123728121286279,2.0,4,0.6066630953587475,0.7537615102183841,high_profile_stability,balanced_default,상권 환경 프로필이 재표본에도 비교적 안정적이므로 균형 시나리오를 사용,0.9491916859122402,0.9099307159353349,0.9006928406466512,0.6466512702078522,brand_environment_fit=0.949 | brand_specific_advantage=0.910 | market_opportunity=0.901 | low_competition_risk=0.647,no_model_level_high_risk_flag,not_recommended__no_store_area_seat_or_store_outcome_data,insufficient,False,False,False,not_observable_from_current_official_html,100,20,top20_available,brand_environment_fit=0.949 | brand_specific_advantage=0.910 | market_opportunity=0.901,competition_risk_moderate,positive_drivers=brand_environment_fit=0.949 | brand_specific_advantage=0.910 | market_opportunity=0.901 || caution_flags=competition_risk_moderate || profile_stability=high_profile_stability || available_recommendation_count=20
3110431,상계역,11350,794085684.0,88729.0,8949.561969592805,0.7986143187066975,0.8928571428571429,0.08333333333333333,0.7222222222222222,0.9444444444444444,0.7777777777777778,0.30158730158730157,0.38095238095238093,0.4444444444444444,0.6071428571428571,BRD_20240723,올드몬트베이글,0.5311778290993071,False,13996.189195622504,65.76473218893736,19,46,0.5519630484988453,True,0.6114087759815242,0.6648960739030023,0.7183833718244803,145.0,99.0,78.0,107.33333333333333,False,direct_size_estimation_deferred,매장 면적·좌석·점포별 매출이 없어 규모별 적합도와 argmax 규모는 산출하지 않음,0.5146179491430894,0.8914549653579676,usable_area_profile,True,balanced_default,True,0.6424480369515011,25.0,0.6998652809853733,0.10070766908677077,1.9024339070693685,0.9584295612009238,True,True,0.8075981524249423,5.0,0.9512169535346843,1.9024339070693685,True,True,0.7893924464392179,3.0,4,0.6066630953587475,0.7537615102183841,high_profile_stability,balanced_default,상권 환경 프로필이 재표본에도 비교적 안정적이므로 균형 시나리오를 사용,0.8937644341801386,0.9584295612009238,0.8337182448036952,0.4341801385681293,brand_specific_advantage=0.958 | brand_environment_fit=0.894 | market_opportunity=0.834 | low_competition_risk=0.434,no_model_level_high_risk_flag,not_recommended__no_store_area_seat_or_store_outcome_data,insufficient,False,False,False,not_observable_from_current_official_html,100,20,top20_available,brand_specific_advantage=0.958 | brand_environment_fit=0.894 | market_opportunity=0.834,competition_risk_moderate,positive_drivers=brand_specific_advantage=0.958 | brand_environment_fit=0.894 | market_opportunity=0.834 || caution_flags=competition_risk_moderate || profile_stability=high_profile_stability || available_recommendation_count=20
3120241,거여역,11710,442861720.0,38192.0,11595.66715542522,0.6863741339491918,0.8531746031746031,0.13095238095238096,0.6746031746031746,0.9325396825396826,0.8928571428571429,0.7063492063492064,0.4087301587301587,0.03968253968253968,0.5436507936507936,BRD_20240723,올드몬트베이글,0.6558891454965358,False,3598.88038143104,74.88658089693484,10,25,0.3181293302540416,True,0.6650346420323325,0.6711316397228637,0.6772286374133949,107.0,95.0,101.0,101.0,False,direct_size_estimation_deferred,매장 면적·좌석·점포별 매출이 없어 규모별 적합도와 argmax 규모는 산출하지 않음,0.4705419264485854,0.9260969976905312,usable_area_profile,True,balanced_default,True,0.6555600461893765,21.0,0.7350846805234795,0.1071516472680839,1.7826353774026062,0.9260969976905312,True,True,0.8064607390300231,7.0,0.8913176887013031,1.7826353774026062,True,True,0.7758757406990359,4.0,4,0.6066630953587475,0.7537615102183841,high_profile_stability,balanced_default,상권 환경 프로필이 재표본에도 비교적 안정적이므로 균형 시나리오를 사용,0.9284064665127021,0.9260969976905312,0.7066974595842956,0.7829099307159353,brand_environment_fit=0.928 | brand_specific_advantage=0.926 | low_competition_risk=0.783 | market_opportunity=0.707,no_model_level_high_risk_flag,not_recommended__no_store_area_seat_or_store_outcome_data,insufficient,False,False,False,not_observable_from_current_official_html,100,20,top20_available,brand_environment_fit=0.928 | brand_specific_advantage=0.926 | low_competition_risk=0.783 | market_opportunity=0.707,no_model_level_caution_flag,positive_drivers=brand_environment_fit=0.928 | brand_specific_advantage=0.926 | low_competition_risk=0.783 | market_opportunity=0.707 || caution_flags=no_model_level_caution_flag || profile_stability=high_profile_stability || available_recommendation_count=20
3120087,응암역,11380,825315709.0,94500.0,8733.499566137567,0.807852193995381,0.8968253968253969,0.15873015873015872,0.5674603174603174,0.5277777777777778,0.6785714285714286,0.47619047619047616,0.17857142857142858,0.19047619047619047,0.8373015873015873,BRD_20240723,올드몬트베이글,0.710161662817552,False,18781.8372370912,68.06614429575176,29,59,0.6893764434180139,True,0.7394688221709007,0.7590069284064664,0.7785450346420322,78.0,55.0,41.0,58.0,False,direct_size_estimation_deferred,매장 면적·좌석·점포별 매출이 없어 규모별 적합도와 argmax 규모는 산출하지 않음,0.4826554742928645,0.9099307159353349,usable_area_profile,True,balanced_default,True,0.6343071593533487,28.0,0.7459584295612008,0.09115058670599425,1.7989164118386407,0.9330254041570438,True,True,0.7851385681293301,10.0,0.8994582059193204,1.7989164118386407,True,True,0.7663115268061732,5.0,4,0.6066630953587475,0.7537615102183841,high_profile_stability,balanced_default,상권 환경 프로필이 재표본에도 비교적 안정적이므로 균형 시나리오를 사용,0.9122401847575058,0.9330254041570438,0.8429561200923787,0.23787528868360278,brand_specific_advantage=0.933 | brand_environment_fit=0.912 | market_opportunity=0.843 | low_competition_risk=0.238,no_model_level_high_risk_flag,not_recommended__no_store_area_seat_or_store_outcome_data,insufficient,False,False,False,not_observable_from_current_official_html,100,20,top20_available,brand_specific_advantage=0.933 | brand_environment_fit=0.912 | market_opportunity=0.843,competition_risk_elevated_but_below_exclusion,positive_drivers=brand_specific_advantage=0.933 | brand_environment_fit=0.912 | market_opportunity=0.843 || caution_flags=competition_risk_elevated_but_below_exclusion || profile_stability=high_profile_stability || available_recommendation_count=20
3120152,신대방삼거리역,11590,953145793.0,102228.0,9323.72532965528,0.8353348729792147,0.8611111111111112,0.5158730158730159,0.42857142857142855,0.753968253968254,0.9563492063492064,0.6626984126984127,0.11507936507936507,0.09523809523809523,0.5674603174603174,BRD_20240723,올드몬트베이글,0.4653579676674365,False,15787.117849715634,79.30952023733208,18,47,0.4774826789838337,True,0.5763510392609699,0.6503464203233256,0.7243418013856812,166.0,109.0,74.0,116.33333333333333,False,direct_size_estimation_deferred,매장 면적·좌석·점포별 매출이 없어 규모별 적합도와 argmax 규모는 산출하지 않음,0.40469068243608647,0.9699769053117783,usable_area_profile,True,balanced_default,True,0.7057332563510392,6.0,0.8480561970746728,0.08187605247578715,1.4890887451267942,0.8429561200923787,True,True,0.8071535796766743,6.0,0.7445443725633971,1.4890887451267942,True,True,0.7611678976027316,6.0,4,0.6066630953587475,0.7537615102183841,high_profile_stability,balanced_default,상권 환경 프로필이 재표본에도 비교적 안정적이므로 균형 시나리오를 사용,0.9722863741339491,0.8429561200923787,0.8799076212471132,0.535796766743649,brand_environment_fit=0.972 | market_opportunity=0.880 | brand_specific_advantage=0.843 | low_competition_risk=0.536,no_model_level_high_risk_flag,not_recommended__no_store_area_seat_or_store_outcome_data,insufficient,False,False,False,not_observable_from_current_official_html,100,20,top20_available,brand_environment_fit=0.972 | market_opportunity=0.880 | brand_specific_advantage=0.843,competition_risk_moderate,positive_drivers=brand_environment_fit=0.972 | market_opportunity=0.880 | brand_specific_advantage=0.843 || caution_flags=competition_risk_moderate || profile_stability=high_profile_stability || available_recommendation_count=20
3110167,용마초등학교,11215,378358116.0,38492.0,9829.526031383144,0.6304849884526559,0.8650793650793651,0.5238095238095238,0.6309523809523809,0.7698412698412699,0.9087301587301587,0.7023809523809523,0.1388888888888889,0.0992063492063492,0.6031746031746031,BRD_20240723,올드몬트베이글,0.5646651270207852,False,4393.477096777712,123.1665538866224,19,67,0.37644341801385683,True,0.5844110854503464,0.5975750577367205,0.6107390300230946,161.0,138.0,135.0,144.66666666666666,False,direct_size_estimation_deferred,매장 면적·좌석·점포별 매출이 없어 규모별 적합도와 argmax 규모는 산출하지 않음,0.5847001189436448,0.8498845265588915,usable_area_profile,True,balanced_default,True,0.5891454965357967,51.0,0.6441493456505004,0.10792673878372222,1.9062484721295085,0.9607390300230947,True,True,0.7719399538106237,14.0,0.9531242360647543,1.9062484721295085,True,True,0.7510299722300542,7.0,4,0.6066630953587475,0.7537615102183841,high_profile_stability,balanced_default,상권 환경 프로필이 재표본에도 비교적 안정적이므로 균형 시나리오를 사용,0.8521939953810623,0.9607390300230947,0.6443418013856813,0.7066974595842956,brand_specific_advantage=0.961 | brand_environment_fit=0.852 | low_competition_risk=0.707 | market_opportunity=0.644,no_model_level_high_risk_flag,not_recommended__no_store_area_seat_or_store_outcome_data,insufficient,False,False,False,not_observable_from_current_official_html,100,20,top20_available,brand_specific_advantage=0.961 | brand_environment_fit=0.852 | low_competition_risk=0.707,no_model_level_caution_flag,positive_drivers=brand_specific_advantage=0.961 | brand_environment_fit=0.852 | low_competition_risk=0.707 || caution_flags=no_model_level_caution_flag || profile_stability=high_profile_stability || available_recommendation_count=20
3110247,먹골역 1번,11260,351716047.0,32316.0,10883.650420844164,0.6137413394919169,0.8492063492063492,0.40476190476190477,0.5,0.39285714285714285,0.623015873015873,0.5714285714285714,0.16666666666666666,0.32936507936507936,0.8134920634920635,BRD_20240723,올드몬트베이글,0.8545034642032333,False,9265.592371771618,140.63072208521604,15,30,0.25461893764434185,True,0.7822748267898383,0.7341224018475752,0.6859699769053118,57.0,63.0,99.0,73.0,False,direct_size_estimation_deferred,매장 면적·좌석·점포별 매출이 없어 규모별 적합도와 argmax 규모는 산출하지 않음,0.5331944359912442,0.8822170900692841,usable_area_profile,True,balanced_default,True,0.6177251732101616,36.0,0.6901462663587375,0.10750639472715688,1.7865990595071835,0.9284064665127021,True,True,0.7819572748267899,12.0,0.8932995297535917,1.7865990595071835,True,True,0.7494042580465515,8.0,4,0.6066630953587475,0.7537615102183841,high_profile_stability,balanced_default,상권 환경 프로필이 재표본에도 비교적 안정적이므로 균형 시나리오를 사용,0.8845265588914549,0.9284064665127021,0.625866050808314,0.8568129330254042,brand_specific_advantage=0.928 | brand_environment_fit=0.885 | low_competition_risk=0.857 | market_opportunity=0.626,no_model_level_high_risk_flag,not_recommended__no_store_area_seat_or_store_outcome_data,insufficient,False,False,False,not_observable_from_current_official_html,100,20,top20_available,brand_specific_advantage=0.928 | brand_environment_fit=0.885 | low_competition_risk=0.857,no_model_level_caution_flag,positive_drivers=brand_specific_advantage=0.928 | brand_environment_fit=0.885 | low_competition_risk=0.857 || caution_flags=no_model_level_caution_flag || profile_stability=high_profile_stability || available_recommendation_count=20
3110274,서일대학교,11260,492656087.0,41512.0,11867.79935922143,0.7133949191685912,0.8492063492063492,0.40476190476190477,0.5,0.39285714285714285,0.623015873015873,0.5714285714285714,0.16666666666666666,0.32936507936507936,0.8134920634920635,BRD_20240723,올드몬트베이글,0.8545034642032333,False,6451.910104759289,101.51354588565466,6,29,0.16801385681293304,True,0.8121709006928406,0.7839491916859123,0.7557274826789837,45.0,43.0,55.0,47.666666666666664,False,direct_size_estimation_deferred,매장 면적·좌석·점포별 매출이 없어 규모별 적합도와 argmax 규모는 산출하지 않음,0.4541872545666863,0.9445727482678984,usable_area_profile,True,balanced_default,True,0.6967725173210161,8.0,0.829003079291763,0.07882695102483951,1.4661187255576806,0.8337182448036952,True,True,0.805675519630485,8.0,0.7330593627788403,1.4661187255576806,True,True,0.748718582977213,9.0,4,0.6066630953587475,0.7537615102183841,high_profile_stability,balanced_default,상권 환경 프로필이 재표본에도 비교적 안정적이므로 균형 시나리오를 사용,0.9468822170900693,0.8337182448036952,0.7367205542725174,0.9030023094688222,brand_environment_fit=0.947 | low_competition_risk=0.903 | brand_specific_advantage=0.834 | market_opportunity=0.737,no_model_level_high_risk_flag,not_recommended__no_store_area_seat_or_store_outcome_data,insufficient,False,False,False,not_observable_from_current_official_html,100,20,top20_available,brand_environment_fit=0.947 | low_competition_risk=0.903 | brand_specific_advantage=0.834 | market_opportunity=0.737,no_model_level_caution_flag,positive_drivers=brand_environment_fit=0.947 | low_competition_risk=0.903 | brand_specific_advantage=0.834 | market_opportunity=0.737 || caution_flags=no_model_level_caution_flag || profile_stability=high_profile_stability || available_recommendation_count=20
3110601,신월1동우편취급국,11470,441016625.0,40173.0,10977.93605157693,0.6785219399538106,0.8055555555555556,0.2222222222222222,0.5158730158730159,0.5873015873015873,0.5079365079365079,0.2896825396825397,0.4801587301587302,0.30952380952380953,0.7738095238095238,BRD_20240723,올드몬트베이글,0.9341801385681293,False,23739.50515493875,258.54980178856624,8,40,0.048498845265588904,True,0.8574826789838337,0.80635103926097,0.7552193995381061,20.0,35.0,56.0,37.0,False,direct_size_estimation_deferred,매장 면적·좌석·점포별 매출이 없어 규모별 적합도와 argmax 규모는 산출하지 않음,0.4765343905804049,0.9191685912240185,usable_area_profile,True,balanced_default,True,0.6897921478060045,11.0,0.7864703618167822,0.08887308212787294,1.4931205965863386,0.8475750577367206,True,True,0.8110623556581986,3.0,0.7465602982931693,1.4931205965863386,True,True,0.7477857117929095,10.0,4,0.6066630953587475,0.7537615102183841,high_profile_stability,balanced_default,상권 환경 프로필이 재표본에도 비교적 안정적이므로 균형 시나리오를 사용,0.9214780600461894,0.8475750577367206,0.6997690531177829,0.9815242494226328,low_competition_risk=0.982 | brand_environment_fit=0.921 | brand_specific_advantage=0.848 | market_opportunity=0.700,no_model_level_high_risk_flag,not_recommended__no_store_area_seat_or_store_outcome_data,insufficient,False,False,False,not_observable_from_current_official_html,100,20,top20_available,low_competition_risk=0.982 | brand_environment_fit=0.921 | brand_specific_advantage=0.848,no_model_level_caution_flag,positive_drivers=low_competition_risk=0.982 | brand_environment_fit=0.921 | brand_specific_advantage=0.848 || caution_flags=no_model_level_caution_flag || profile_stability=high_profile_stability || available_recommendation_count=20
3110352,수유1동주민센터,11305,224649496.0,20961.0,10717.498974285578,0.4817551963048499,0.8253968253968254,0.373015873015873,0.31746031746031744,0.42857142857142855,0.5396825396825397,0.1626984126984127,0.051587301587301584,0.5515873015873016,0.9365079365079365,BRD_20240723,올드몬트베이글,0.15704387990762125,False,14399.477004388122,72.56031972256496,7,28,0.28637413394919164,True,0.2544572748267898,0.31939953810623556,0.3843418013856813,359.0,336.0,290.0,328.3333333333333,False,direct_size_estimation_deferred,매장 면적·좌석·점포별 매출이 없어 규모별 적합도와 argmax 규모는 산출하지 않음,0.5663668956386781,0.8706697459584296,usable_area_profile,True,balanced_default,True,0.5609930715935336,66.0,0.6509815242494227,0.10138201585734219,2.166934834065019,0.9953810623556582,True,True,0.7609237875288684,15.0,1.0,2.166934834065019,True,True,0.7465357967667435,11.0,4,0.6066630953587475,0.7537615102183841,high_profile_stability,balanced_default,상권 환경 프로필이 재표본에도 비교적 안정적이므로 균형 시나리오를 사용,0.8729792147806005,0.9942263279445728,0.47113163972286376,0.8267898383371824,brand_specific_advantage=0.994 | brand_environment_fit=0.873 | low_competition_risk=0.827 | market_opportunity=0.471,no_model_level_high_risk_flag,not_recommended__no_store_area_seat_or_store_outcome_data,insufficient,False,False,False,not_observable_from_current_official_html,100,20,top20_available,brand_specific_advantage=0.994 | brand_environment_fit=0.873 | low_competition_risk=0.827,no_model_level_caution_flag,positive_drivers=brand_specific_advantage=0.994 | brand_environment_fit=0.873 | low_competition_risk=0.827 || caution_flags=no_model_level_caution_flag || profile_stability=high_profile_stability || available_recommendation_count=20
3120248,명일역,11740,897341571.0,88804.0,10104.742703031396,0.8340646651270208,0.8452380952380952,0.06746031746031746,0.7063492063492064,0.38492063492063494,0.6626984126984127,0.7182539682539683,0.5833333333333334,0.06746031746031746,0.6507936507936508,BRD_20240723,올드몬트베이글,0.8914549653579676,False,898.0317366368881,41.593268704252424,24,53,0.7448036951501156,True,0.8742378752886836,0.8627598152424942,0.8512817551963049,15.0,16.0,23.0,18.0,False,direct_size_estimation_deferred,매장 면적·좌석·점포별 매출이 없어 규모별 적합도와 argmax 규모는 산출하지 않음,0.6023770130643334,0.8314087759815243,usable_area_profile,True,balanced_default,True,0.5959064665127021,48.0,0.6468437259430331,0.10480691691883517,1.7610006616397516,0.9145496535796767,True,True,0.7537413394919168,17.0,0.8805003308198758,1.7610006616397516,True,True,0.7332039841472335,12.0,4,0.6066630953587475,0.7537615102183841,high_profile_stability,balanced_default,상권 환경 프로필이 재표본에도 비교적 안정적이므로 균형 시나리오를 사용,0.8337182448036952,0.9145496535796767,0.8775981524249422,0.15011547344110854,brand_specific_advantage=0.915 | market_opportunity=0.878 | brand_environment_fit=0.834 | low_competition_risk=0.150,no_model_level_high_risk_flag,not_recommended__no_store_area_seat_or_store_outcome_data,insufficient,False,False,False,not_observable_from_current_official_html,100,20,top20_available,brand_specific_advantage=0.915 | market_opportunity=0.878 | brand_environment_fit=0.834,competition_risk_elevated_but_below_exclusion | same_brand_distance_750m_to_1000m_review,positive_drivers=brand_specific_advantage=0.915 | market_opportunity=0.878 | brand_environment_fit=0.834 || caution_flags=competition_risk_elevated_but_below_exclusion | same_brand_distance_750m_to_1000m_review || profile_stability=high_profile_stability || available_recommendation_count=20
3120124,개봉동 현대아파트,11530,436251391.0,40258.0,10836.390059118685,0.6745958429561202,0.8412698412698413,0.8373015873015873,0.5753968253968254,0.5238095238095238,0.7579365079365079,0.7380952380952381,0.18253968253968253,0.12698412698412698,0.7658730158730159,BRD_20240723,올드몬트베이글,0.49884526558891457,False,22134.867901145826,107.00467282129758,11,24,0.22690531177829099,True,0.5515704387990763,0.5867205542725173,0.6218706697459584,181.0,148.0,130.0,153.0,False,direct_size_estimation_deferred,매장 면적·좌석·점포별 매출이 없어 규모별 적합도와 argmax 규모는 산출하지 않음,0.44303705748364236,0.9515011547344111,usable_area_profile,True,balanced_default,True,0.677823325635104,15.0,0.8252501924557353,0.08720225659149386,1.447794669696552,0.8267898383371824,True,True,0.7845092378752887,11.0,0.723897334848276,1.447794669696552,True,True,0.7323479009151412,13.0,4,0.6066630953587475,0.7537615102183841,high_profile_stability,balanced_default,상권 환경 프로필이 재표본에도 비교적 안정적이므로 균형 시나리오를 사용,0.953810623556582,0.8267898383371824,0.6928406466512702,0.874133949191686,brand_environment_fit=0.954 | low_competition_risk=0.874 | brand_specific_advantage=0.827 | market_opportunity=0.693,no_model_level_high_risk_flag,not_recommended__no_store_area_seat_or_store_outcome_data,insufficient,False,False,False,not_observable_from_current_official_html,100,20,top20_available,brand_environment_fit=0.954 | low_competition_risk=0.874 | brand_specific_advantage=0.827,no_model_level_caution_flag,positive_drivers=brand_environment_fit=0.954 | low_competition_risk=0.874 | brand_specific_advantage=0.827 || caution_flags=no_model_level_caution_flag || profile_stability=high_profile_stability || available_recommendation_count=20
3120188,압구정역,11680,1784647410.0,134975.0,13222.058973884052,0.9404157043879908,0.7817460317460317,0.18253968253968253,0.75,0.6468253968253969,0.8531746031746031,0.9206349206349206,0.4365079365079365,0.027777777777777776,0.4880952380952381,BRD_20240723,올드몬트베이글,0.8060046189376443,False,6811.946124301002,98.31073190628577,25,98,0.5323325635103926,True,0.8463279445727483,0.8732101616628176,0.9000923787528868,25.0,14.0,9.0,16.0,False,direct_size_estimation_deferred,매장 면적·좌석·점포별 매출이 없어 규모별 적합도와 argmax 규모는 산출하지 않음,0.31014007391907217,0.9907621247113164,usable_area_profile,True,balanced_default,True,0.744676674364896,2.0,0.9592956120092379,0.027451419670695573,1.1462617627630058,0.74364896073903,True,True,0.796963048498845,9.0,0.5731308813815029,1.1462617627630058,True,True,0.7292332218784452,14.0,4,0.6066630953587475,0.7537615102183841,high_profile_stability,balanced_default,상권 환경 프로필이 재표본에도 비교적 안정적이므로 균형 시나리오를 사용,0.9930715935334873,0.74364896073903,0.9745958429561201,0.45727482678983833,brand_environment_fit=0.993 | market_opportunity=0.975 | brand_specific_advantage=0.744 | low_competition_risk=0.457,no_model_level_high_risk_flag,not_recommended__no_store_area_seat_or_store_outcome_data,insufficient,False,False,False,not_observable_from_current_official_html,100,20,top20_available,brand_environment_fit=0.993 | market_opportunity=0.975 | brand_specific_advantage=0.744,competition_risk_moderate,positive_drivers=brand_environment_fit=0.993 | market_opportunity=0.975 | brand_specific_advantage=0.744 || caution_flags=competition_risk_moderate || profile_stability=high_profile_stability || available_recommendation_count=20
3120166,방배역,11650,1455145059.0,122673.0,11861.983150326478,0.9176674364896074,0.7619047619047619,0.2857142857142857,0.7023809523809523,0.6785714285714286,0.8293650793650794,0.7777777777777778,0.42857142857142855,0.08333333333333333,0.5198412698412699,BRD_20240723,올드몬트베이글,0.9780600461893765,False,9814.504419509225,99.2975326976693,12,28,0.2673210161662818,True,0.9599422632794457,0.9478637413394919,0.935785219399538,3.0,3.0,3.0,3.0,False,direct_size_estimation_deferred,매장 면적·좌석·점포별 매출이 없어 규모별 적합도와 argmax 규모는 산출하지 않음,0.4579060418685013,0.9422632794457275,usable_area_profile,True,balanced_default,True,0.7522170900692841,1.0,0.8795227097767513,0.05651551828195008,1.1101476475181562,0.7297921478060047,True,True,0.8097979214780601,4.0,0.5550738237590781,1.1101476475181562,True,True,0.7267527436274556,15.0,4,0.6066630953587475,0.7537615102183841,high_profile_stability,balanced_default,상권 환경 프로필이 재표본에도 비교적 안정적이므로 균형 시나리오를 사용,0.9445727482678984,0.7297921478060047,0.9653579676674365,0.8383371824480369,market_opportunity=0.965 | brand_environment_fit=0.945 | low_competition_risk=0.838 | brand_specific_advantage=0.730,no_model_level_high_risk_flag,not_recommended__no_store_area_seat_or_store_outcome_data,insufficient,False,False,False,not_observable_from_current_official_html,100,20,top20_available,market_opportunity=0.965 | brand_environment_fit=0.945 | low_competition_risk=0.838 | brand_specific_advantage=0.730,no_model_level_caution_flag,positive_drivers=market_opportunity=0.965 | brand_environment_fit=0.945 | low_competition_risk=0.838 | brand_specific_advantage=0.730 || caution_flags=no_model_level_caution_flag || profile_stability=high_profile_stability || available_recommendation_count=20
3110502,남가좌파출소,11410,427848944.0,42892.0,9975.029003077498,0.6628175519630486,0.9444444444444444,0.5357142857142857,0.5357142857142857,0.9047619047619048,0.9325396825396826,0.44047619047619047,0.12301587301587301,0.1111111111111111,0.6746031746031746,BRD_20240723,올드몬트베이글,0.22170900692840648,False,17206.69605126642,102.61091558097728,17,46,0.3787528868360277,True,0.35404157043879914,0.4422632794457275,0.5304849884526559,298.0,259.0,196.0,251.0,False,direct_size_estimation_deferred,매장 면적·좌석·점포별 매출이 없어 규모별 적합도와 argmax 규모는 산출하지 않음,0.7692417687592602,0.697459584295612,usable_area_profile,True,balanced_default,True,0.5239030023094688,90.0,0.5009622786759046,0.10026327854986915,1.9598132881917794,0.976905311778291,True,True,0.7420323325635104,20.0,0.9799066440958897,1.9598132881917794,True,True,0.7149072792441848,16.0,4,0.6066630953587475,0.7537615102183841,high_profile_stability,balanced_default,상권 환경 프로필이 재표본에도 비교적 안정적이므로 균형 시나리오를 사용,0.6997690531177829,0.976905311778291,0.6836027713625866,0.6997690531177829,brand_specific_advantage=0.977 | brand_environment_fit=0.700 | low_competition_risk=0.700 | market_opportunity=0.684,no_model_level_high_risk_flag,not_recommended__no_store_area_seat_or_store_outcome_data,insufficient,False,False,False,not_observable_from_current_official_html,100,20,top20_available,brand_specific_advantage=0.977,no_model_level_caution_flag,positive_drivers=brand_specific_advantage=0.977 || caution_flags=no_model_level_caution_flag || profile_stability=high_profile_stability || available_recommendation_count=20
3120047,한남오거리,11170,369976875.0,17557.0,21072.89827419263,0.5722863741339492,0.8849206349206349,0.6428571428571429,0.5873015873015873,0.5912698412698413,0.9365079365079365,0.9484126984126984,0.2857142857142857,0.04365079365079365,0.32936507936507936,BRD_20240723,올드몬트베이글,0.35450346420323325,False,8705.805189667832,74.1484996152458,11,35,0.34584295612009236,True,0.419838337182448,0.4633949191685912,0.5069515011547344,263.0,237.0,206.0,235.33333333333334,False,direct_size_estimation_deferred,매장 면적·좌석·점포별 매출이 없어 규모별 적합도와 argmax 규모는 산출하지 않음,0.42252871393310115,0.9584295612009238,usable_area_profile,True,balanced_default,True,0.6276385681293302,34.0,0.8883756735950731,0.04941853482670609,1.417563022689883,0.8198614318706697,True,True,0.7352829099307159,21.0,0.7087815113449415,1.417563022689883,True,True,0.6920111733125309,17.0,4,0.6066630953587475,0.7537615102183841,high_profile_stability,balanced_default,상권 환경 프로필이 재표본에도 비교적 안정적이므로 균형 시나리오를 사용,0.9607390300230947,0.8198614318706697,0.5866050808314087,0.74364896073903,brand_environment_fit=0.961 | brand_specific_advantage=0.820 | low_competition_risk=0.744 | market_opportunity=0.587,no_model_level_high_risk_flag,not_recommended__no_store_area_seat_or_store_outcome_data,insufficient,False,False,False,not_observable_from_current_official_html,100,20,top20_available,brand_environment_fit=0.961 | brand_specific_advantage=0.820 | low_competition_risk=0.744,no_model_level_caution_flag,positive_drivers=brand_environment_fit=0.961 | brand_specific_advantage=0.820 | low_competition_risk=0.744 || caution_flags=no_model_level_caution_flag || profile_stability=high_profile_stability || available_recommendation_count=20
3111021,방이역 4번,11710,394829518.0,38606.0,10227.154276537325,0.6466512702078522,0.8531746031746031,0.13095238095238096,0.6746031746031746,0.9325396825396826,0.8928571428571429,0.7063492063492064,0.4087301587301587,0.03968253968253968,0.5436507936507936,BRD_20240723,올드몬트베이글,0.6558891454965358,False,1874.7933219428312,115.2085066609535,15,51,0.2984988452655889,True,0.6531177829099306,0.6512702078521939,0.6494226327944572,112.0,108.0,111.0,110.33333333333333,False,direct_size_estimation_deferred,매장 면적·좌석·점포별 매출이 없어 규모별 적합도와 argmax 규모는 산출하지 않음,0.2973081640326267,0.9953810623556582,usable_area_profile,True,balanced_default,True,0.679243648960739,14.0,0.9355273287143957,0.04949472960279674,1.2092950930654316,0.7575057736720554,True,True,0.7508371824480368,18.0,0.6046475465327158,1.2092950930654316,True,True,0.691822946136335,18.0,4,0.6066630953587475,0.7537615102183841,high_profile_stability,balanced_default,상권 환경 프로필이 재표본에도 비교적 안정적이므로 균형 시나리오를 사용,0.9976905311778291,0.7575057736720554,0.6674364896073903,0.8083140877598153,brand_environment_fit=0.998 | low_competition_risk=0.808 | brand_specific_advantage=0.758 | market_opportunity=0.667,no_model_level_high_risk_flag,not_recommended__no_store_area_seat_or_store_outcome_data,insufficient,False,False,False,not_observable_from_current_official_html,100,20,top20_available,brand_environment_fit=0.998 | low_competition_risk=0.808 | brand_specific_advantage=0.758,no_model_level_caution_flag,positive_drivers=brand_environment_fit=0.998 | low_competition_risk=0.808 | brand_specific_advantage=0.758 || caution_flags=no_model_level_caution_flag || profile_stability=high_profile_stability || available_recommendation_count=20
3110272,신내1동주민센터,11260,119873402.0,9740.0,12307.330800821355,0.3258660508083141,0.8492063492063492,0.40476190476190477,0.5,0.39285714285714285,0.623015873015873,0.5714285714285714,0.16666666666666666,0.32936507936507936,0.8134920634920635,BRD_20240723,올드몬트베이글,0.8545034642032333,False,7788.423267891771,85.70297545097156,13,37,0.331986143187067,True,0.6959122401847575,0.5901847575057737,0.4844572748267898,96.0,144.0,221.0,153.66666666666666,False,direct_size_estimation_deferred,매장 면적·좌석·점포별 매출이 없어 규모별 적합도와 argmax 규모는 산출하지 않음,0.5504628336890842,0.8799076212471132,usable_area_profile,True,balanced_default,True,0.5042090069284064,107.0,0.6786951501154735,0.10532426845601095,1.9104093869465302,0.9653579676674365,True,True,0.6980773672055427,44.0,0.9552046934732651,1.9104093869465302,True,True,0.6905572085355041,19.0,4,0.6066630953587475,0.7537615102183841,high_profile_stability,balanced_default,상권 환경 프로필이 재표본에도 비교적 안정적이므로 균형 시나리오를 사용,0.8822170900692841,0.9653579676674365,0.3071593533487298,0.766743648960739,brand_specific_advantage=0.965 | brand_environment_fit=0.882 | low_competition_risk=0.767 | market_opportunity=0.307,no_model_level_high_risk_flag,not_recommended__no_store_area_seat_or_store_outcome_data,insufficient,False,False,False,not_observable_from_current_official_html,100,20,top20_available,brand_specific_advantage=0.965 | brand_environment_fit=0.882 | low_competition_risk=0.767,no_model_level_caution_flag,positive_drivers=brand_specific_advantage=0.965 | brand_environment_fit=0.882 | low_competition_risk=0.767 || caution_flags=no_model_level_caution_flag || profile_stability=high_profile_stability || available_recommendation_count=20
3120247,굽은다리역,11740,575355283.0,63920.0,9001.177769086358,0.7361431870669747,0.8452380952380952,0.06746031746031746,0.7063492063492064,0.38492063492063494,0.6626984126984127,0.7182539682539683,0.5833333333333334,0.06746031746031746,0.6507936507936508,BRD_20240723,올드몬트베이글,0.8914549653579676,False,1251.9824280023104,35.73513674416377,11,48,0.5075057736720554,True,0.8448614318706698,0.8137990762124712,0.7827367205542726,26.0,32.0,38.0,32.0,False,direct_size_estimation_deferred,매장 면적·좌석·점포별 매출이 없어 규모별 적합도와 argmax 규모는 산출하지 않음,0.6077797076551319,0.8244803695150116,usable_area_profile,True,balanced_default,True,0.5937644341801386,50.0,0.6767705927636644,0.0970155697345485,1.522536817085205,0.8545034642032333,True,True,0.733862586605081,23.0,0.7612684085426025,1.522536817085205,True,True,0.688297291719703,20.0,4,0.6066630953587475,0.7537615102183841,high_profile_stability,balanced_default,상권 환경 프로필이 재표본에도 비교적 안정적이므로 균형 시나리오를 사용,0.8267898383371824,0.8545034642032333,0.7575057736720554,0.49191685912240185,brand_specific_advantage=0.855 | brand_environment_fit=0.827 | market_opportunity=0.758 | low_competition_risk=0.492,no_model_level_high_risk_flag,not_recommended__no_store_area_seat_or_store_outcome_data,insufficient,False,False,False,not_observable_from_current_official_html,100,20,top20_available,brand_specific_advantage=0.855 | brand_environment_fit=0.827 | market_opportunity=0.758,competition_risk_moderate,positive_drivers=brand_specific_advantage=0.855 | brand_environment_fit=0.827 | market_opportunity=0.758 || caution_flags=competition_risk_moderate || profile_stability=high_profile_stability || available_recommendation_count=20
3120037,동대문역사문화공원역,11140,991150857.0,75063.0,13204.253187322649,0.8695150115473441,0.873015873015873,0.5793650793650794,0.6428571428571429,0.34523809523809523,0.8571428571428571,0.8214285714285714,0.0873015873015873,0.023809523809523808,0.8293650793650794,BRD_20140778,크리스피크림,0.20092378752886836,False,4103.080793729369,125.25573836405046,15,74,0.28002309468822173,True,0.40150115473441106,0.5352193995381063,0.6689376443418014,262.0,177.0,100.0,179.66666666666666,False,direct_size_estimation_deferred,매장 면적·좌석·점포별 매출이 없어 규모별 적합도와 argmax 규모는 산출하지 않음,0.5288857959568103,0.9353348729792148,usable_area_profile,True,balanced_default,True,0.7299942263279445,1.0,0.7372016936104696,0.1468679111485937,1.3490569711193332,0.9145496535796767,True,True,0.8652713625866051,1.0,0.6745284855596666,1.3490569711193332,True,True,0.7528286189066222,1.0,8,0.6534869173249982,0.7589497790831128,high_profile_stability,balanced_default,상권 환경 프로필이 재표본에도 비교적 안정적이므로 균형 시나리오를 사용,0.9376443418013857,0.9145496535796767,0.9053117782909931,0.8314087759815243,brand_environment_fit=0.938 | brand_specific_advantage=0.915 | market_opportunity=0.905 | low_competition_risk=0.831,no_model_level_high_risk_flag,not_recommended__no_store_area_seat_or_store_outcome_data,rich,True,True,True,candidate_only_not_verified_as_menu_price,83,20,top20_available,brand_environment_fit=0.938 | brand_specific_advantage=0.915 | market_opportunity=0.905 | low_competition_risk=0.831,no_model_level_caution_flag,positive_drivers=brand_environment_fit=0.938 | brand_specific_advantage=0.915 | market_opportunity=0.905 | low_competition_risk=0.831 || caution_flags=no_model_level_caution_flag || profile_stability=high_profile_stability || available_recommendation_count=20
3001493,동대문패션타운 관광특구,11140,440248985.0,46018.0,9566.886544395671,0.673094688221709,0.873015873015873,0.5793650793650794,0.6428571428571429,0.34523809523809523,0.8571428571428571,0.8214285714285714,0.0873015873015873,0.023809523809523808,0.8293650793650794,BRD_20140778,크리스피크림,0.20092378752886836,False,4500.153441812842,83.38465086597759,13,73,0.3389145496535797,True,0.34257505773672053,0.43700923787528867,0.5314434180138569,306.0,253.0,194.0,251.0,False,direct_size_estimation_deferred,매장 면적·좌석·점포별 매출이 없어 규모별 적합도와 argmax 규모는 산출하지 않음,0.5487027515951345,0.9260969976905312,usable_area_profile,True,balanced_default,True,0.6477944572748269,20.0,0.7444187836797537,0.11483237387414628,1.5821166791334718,0.9630484988452656,True,True,0.8141397228637414,2.0,0.7910583395667359,1.5821166791334718,True,True,0.7353865851301127,2.0,8,0.6534869173249982,0.7589497790831128,high_profile_stability,balanced_default,상권 환경 프로필이 재표본에도 비교적 안정적이므로 균형 시나리오를 사용,0.9284064665127021,0.9630484988452656,0.6882217090069284,0.7505773672055427,brand_specific_advantage=0.963 | brand_environment_fit=0.928 | low_competition_risk=0.751 | market_opportunity=0.688,no_model_level_high_risk_flag,not_recommended__no_store_area_seat_or_store_outcome_data,rich,True,True,True,candidate_only_not_verified_as_menu_price,83,20,top20_available,brand_specific_advantage=0.963 | brand_environment_fit=0.928 | low_competition_risk=0.751,no_model_level_caution_flag,positive_drivers=brand_specific_advantage=0.963 | brand_environment_fit=0.928 | low_competition_risk=0.751 || caution_flags=no_model_level_caution_flag || profile_stability=high_profile_stability || available_recommendation_count=20
3120119,발산역(마곡),11500,2401733989.0,206918.0,11607.177669414938,0.9505773672055428,0.8373015873015873,0.23809523809523808,0.623015873015873,0.32142857142857145,0.8333333333333334,0.9246031746031746,0.46825396825396826,0.05555555555555555,0.42063492063492064,BRD_20140778,크리스피크림,0.7494226327944573,False,6906.9259442722005,55.470712991852245,37,103,0.7788683602771362,True,0.8097690531177828,0.8500000000000001,0.890230946882217,50.0,25.0,13.0,29.333333333333332,False,direct_size_estimation_deferred,매장 면적·좌석·점포별 매출이 없어 규모별 적합도와 argmax 규모는 산출하지 않음,0.7887104020278387,0.7667436489607391,usable_area_profile,True,balanced_default,True,0.5992436489607391,49.0,0.5261739799846036,0.13960795160237593,1.723180278880629,0.9722863741339491,True,True,0.7872806004618937,6.0,0.8615901394403145,1.723180278880629,True,True,0.7296743317140407,3.0,8,0.6534869173249982,0.7589497790831128,high_profile_stability,balanced_default,상권 환경 프로필이 재표본에도 비교적 안정적이므로 균형 시나리오를 사용,0.76905311778291,0.9722863741339491,0.9792147806004619,0.11316397228637413,market_opportunity=0.979 | brand_specific_advantage=0.972 | brand_environment_fit=0.769 | low_competition_risk=0.113,no_model_level_high_risk_flag,not_recommended__no_store_area_seat_or_store_outcome_data,rich,True,True,True,candidate_only_not_verified_as_menu_price,83,20,top20_available,market_opportunity=0.979 | brand_specific_advantage=0.972 | brand_environment_fit=0.769,competition_risk_elevated_but_below_exclusion,positive_drivers=market_opportunity=0.979 | brand_specific_advantage=0.972 | brand_environment_fit=0.769 || caution_flags=competition_risk_elevated_but_below_exclusion || profile_stability=high_profile_stability || available_recommendation_count=20
3120149,여의도역(여의도),11560,3585532298.0,257766.0,13910.02807973123,0.9752886836027713,0.8571428571428571,0.7698412698412699,0.5277777777777778,0.23809523809523808,0.9007936507936508,0.9761904761904762,0.3373015873015873,0.047619047619047616,0.25,BRD_20140778,크리스피크림,0.2840646651270208,False,4544.9913091352055,175.93180492668327,36,58,0.47979214780600465,True,0.4914318706697459,0.629676674364896,0.7679214780600461,207.0,123.0,56.0,128.66666666666666,False,direct_size_estimation_deferred,매장 면적·좌석·점포별 매출이 없어 규모별 적합도와 argmax 규모는 산출하지 않음,0.8806052898941309,0.6928406466512702,usable_area_profile,True,balanced_default,True,0.6158025404157044,39.0,0.5236720554272517,0.11142881405442223,1.5181763591362998,0.953810623556582,True,True,0.8099942263279445,3.0,0.7590881795681499,1.5181763591362998,True,True,0.7040180452968894,4.0,8,0.6534869173249982,0.7589497790831128,high_profile_stability,balanced_default,상권 환경 프로필이 재표본에도 비교적 안정적이므로 균형 시나리오를 사용,0.6951501154734411,0.953810623556582,0.9930715935334873,0.5277136258660509,market_opportunity=0.993 | brand_specific_advantage=0.954 | brand_environment_fit=0.695 | low_competition_risk=0.528,no_model_level_high_risk_flag,not_recommended__no_store_area_seat_or_store_outcome_data,rich,True,True,True,candidate_only_not_verified_as_menu_price,83,20,top20_available,market_opportunity=0.993 | brand_specific_advantage=0.954,competition_risk_moderate,positive_drivers=market_opportunity=0.993 | brand_specific_advantage=0.954 || caution_flags=competition_risk_moderate || profile_stability=high_profile_stability || available_recommendation_count=20
3110762,선유도역 1번,11560,211416937.0,18584.0,11376.28804347826,0.47551963048498846,0.8571428571428571,0.7698412698412699,0.5277777777777778,0.23809523809523808,0.9007936507936508,0.9761904761904762,0.3373015873015873,0.047619047619047616,0.25,BRD_20140778,크리스피크림,0.2840646651270208,False,3819.6465805159073,243.2961158758615,11,18,0.10277136258660506,True,0.34150115473441106,0.3797921478060046,0.4180831408775981,310.0,295.0,257.0,287.3333333333333,False,direct_size_estimation_deferred,매장 면적·좌석·점포별 매출이 없어 규모별 적합도와 argmax 규모는 산출하지 않음,0.7995362277849372,0.7575057736720554,usable_area_profile,True,balanced_default,True,0.5297690531177829,93.0,0.5131832178598922,0.13203281875517678,1.850468376845009,0.9838337182448037,True,True,0.7480254041570439,16.0,0.9252341884225045,1.850468376845009,True,True,0.6975617580956825,5.0,8,0.6534869173249982,0.7589497790831128,high_profile_stability,balanced_default,상권 환경 프로필이 재표본에도 비교적 안정적이므로 균형 시나리오를 사용,0.7598152424942263,0.9838337182448037,0.4665127020785219,0.9515011547344111,brand_specific_advantage=0.984 | low_competition_risk=0.952 | brand_environment_fit=0.760 | market_opportunity=0.467,no_model_level_high_risk_flag,not_recommended__no_store_area_seat_or_store_outcome_data,rich,True,True,True,candidate_only_not_verified_as_menu_price,83,20,top20_available,brand_specific_advantage=0.984 | low_competition_risk=0.952 | brand_environment_fit=0.760,no_model_level_caution_flag,positive_drivers=brand_specific_advantage=0.984 | low_competition_risk=0.952 | brand_environment_fit=0.760 || caution_flags=no_model_level_caution_flag || profile_stability=high_profile_stability || available_recommendation_count=20
3120003,광화문역,11110,756200869.0,75218.0,10053.456207290808,0.8042725173210161,0.876984126984127,0.42857142857142855,0.503968253968254,0.75,0.9444444444444444,0.8531746031746031,0.2619047619047619,0.05952380952380952,0.3611111111111111,BRD_20140778,크리스피크림,0.9330254041570438,False,3366.2960356841686,69.12307861572918,25,101,0.6414549653579678,True,0.8943995381062354,0.86864896073903,0.8428983833718244,16.0,19.0,29.0,21.333333333333332,False,direct_size_estimation_deferred,매장 면적·좌석·점포별 매출이 없어 규모별 적합도와 argmax 규모는 산출하지 않음,0.509893738034649,0.9468822170900693,usable_area_profile,True,balanced_default,True,0.6587182448036951,14.0,0.7959006928406467,0.11836682820533301,1.2755391568616867,0.9053117782909931,True,True,0.7912528868360277,5.0,0.6377695784308434,1.2755391568616867,True,True,0.6915507612267766,6.0,8,0.6534869173249982,0.7589497790831128,high_profile_stability,balanced_default,상권 환경 프로필이 재표본에도 비교적 안정적이므로 균형 시나리오를 사용,0.9491916859122402,0.9053117782909931,0.836027713625866,0.2921478060046189,brand_environment_fit=0.949 | brand_specific_advantage=0.905 | market_opportunity=0.836 | low_competition_risk=0.292,no_model_level_high_risk_flag,not_recommended__no_store_area_seat_or_store_outcome_data,rich,True,True,True,candidate_only_not_verified_as_menu_price,83,20,top20_available,brand_environment_fit=0.949 | brand_specific_advantage=0.905 | market_opportunity=0.836,competition_risk_elevated_but_below_exclusion,positive_drivers=brand_environment_fit=0.949 | brand_specific_advantage=0.905 | market_opportunity=0.836 || caution_flags=competition_risk_elevated_but_below_exclusion || profile_stability=high_profile_stability || available_recommendation_count=20
3120057,아차산역,11215,481472585.0,48285.0,9971.473231852542,0.7008083140877599,0.8650793650793651,0.5238095238095238,0.6309523809523809,0.7698412698412699,0.9087301587301587,0.7023809523809523,0.1388888888888889,0.0992063492063492,0.6031746031746031,BRD_20140778,크리스피크림,0.825635103926097,False,5007.4657262975525,182.38695125909172,27,57,0.42782909930715934,True,0.7881870669745958,0.7632217090069284,0.738256351039261,59.0,54.0,64.0,59.0,False,direct_size_estimation_deferred,매장 면적·좌석·점포별 매출이 없어 규모별 적합도와 argmax 규모는 산출하지 않음,0.6862405619932659,0.8452655889145496,usable_area_profile,True,balanced_default,True,0.6037413394919169,45.0,0.7135296381832178,0.09059293855413542,1.4541525292571305,0.9376443418013857,True,True,0.7747055427251733,8.0,0.7270762646285652,1.4541525292571305,True,True,0.6827388173313143,7.0,8,0.6534869173249982,0.7589497790831128,high_profile_stability,balanced_default,상권 환경 프로필이 재표본에도 비교적 안정적이므로 균형 시나리오를 사용,0.8475750577367206,0.9376443418013857,0.7251732101616628,0.6166281755196305,brand_specific_advantage=0.938 | brand_environment_fit=0.848 | market_opportunity=0.725 | low_competition_risk=0.617,no_model_level_high_risk_flag,not_recommended__no_store_area_seat_or_store_outcome_data,rich,True,True,True,candidate_only_not_verified_as_menu_price,83,20,top20_available,brand_specific_advantage=0.938 | brand_environment_fit=0.848 | market_opportunity=0.725,competition_risk_moderate,positive_drivers=brand_specific_advantage=0.938 | brand_environment_fit=0.848 | market_opportunity=0.725 || caution_flags=competition_risk_moderate || profile_stability=high_profile_stability || available_recommendation_count=20
3110538,충정로역 3번,11410,219886316.0,28972.0,7589.614662432694,0.47424942263279446,0.9444444444444444,0.5357142857142857,0.5357142857142857,0.9047619047619048,0.9325396825396826,0.44047619047619047,0.12301587301587301,0.1111111111111111,0.6746031746031746,BRD_20140778,크리스피크림,0.24942263279445728,False,2205.8071085023134,77.00000003731111,17,58,0.46824480369515015,True,0.31687066974595846,0.3618360277136259,0.40680138568129326,322.0,305.0,270.0,299.0,False,direct_size_estimation_deferred,매장 면적·좌석·점포별 매출이 없어 규모별 적합도와 argmax 규모는 산출하지 않음,0.8611406885264076,0.7113163972286374,usable_area_profile,True,balanced_default,True,0.4514087759815242,147.0,0.5561008468052347,0.07443134754873781,2.0853518784107345,0.9930715935334873,True,True,0.682661662817552,40.0,1.0,2.0853518784107345,True,True,0.6706986143187066,8.0,8,0.6534869173249982,0.7589497790831128,high_profile_stability,balanced_default,상권 환경 프로필이 재표본에도 비교적 안정적이므로 균형 시나리오를 사용,0.7136258660508084,0.9942263279445728,0.46420323325635104,0.5565819861431871,brand_specific_advantage=0.994 | brand_environment_fit=0.714 | low_competition_risk=0.557 | market_opportunity=0.464,no_model_level_high_risk_flag,not_recommended__no_store_area_seat_or_store_outcome_data,rich,True,True,True,candidate_only_not_verified_as_menu_price,83,20,top20_available,brand_specific_advantage=0.994 | brand_environment_fit=0.714,competition_risk_moderate,positive_drivers=brand_specific_advantage=0.994 | brand_environment_fit=0.714 || caution_flags=competition_risk_moderate || profile_stability=high_profile_stability || available_recommendation_count=20
3120185,논현역,11680,513050241.0,50635.0,10132.324301372568,0.7160508083140878,0.7817460317460317,0.18253968253968253,0.75,0.6468253968253969,0.8531746031746031,0.9206349206349206,0.4365079365079365,0.027777777777777776,0.4880952380952381,BRD_20140778,크리스피크림,0.8775981524249422,False,1538.3071864713286,65.29931086754209,16,62,0.4896073903002309,True,0.8291339491916858,0.796824480369515,0.7645150115473441,38.0,41.0,57.0,45.333333333333336,False,direct_size_estimation_deferred,매장 면적·좌석·점포별 매출이 없어 규모별 적합도와 argmax 규모는 산출하지 않음,0.7623042580696159,0.7829099307159353,usable_area_profile,True,balanced_default,True,0.5686316397228638,65.0,0.5752501924557352,0.13848596262992668,1.4995002693170076,0.9515011547344111,True,True,0.7568475750577367,14.0,0.7497501346585038,1.4995002693170076,True,True,0.6664829859295525,9.0,8,0.6534869173249982,0.7589497790831128,high_profile_stability,balanced_default,상권 환경 프로필이 재표본에도 비교적 안정적이므로 균형 시나리오를 사용,0.7852193995381063,0.9515011547344111,0.7390300230946882,0.5092378752886836,brand_specific_advantage=0.952 | brand_environment_fit=0.785 | market_opportunity=0.739 | low_competition_risk=0.509,no_model_level_high_risk_flag,not_recommended__no_store_area_seat_or_store_outcome_data,rich,True,True,True,candidate_only_not_verified_as_menu_price,83,20,top20_available,brand_specific_advantage=0.952 | brand_environment_fit=0.785 | market_opportunity=0.739,competition_risk_moderate,positive_drivers=brand_specific_advantage=0.952 | brand_environment_fit=0.785 | market_opportunity=0.739 || caution_flags=competition_risk_moderate || profile_stability=high_profile_stability || available_recommendation_count=20
3120175,남부터미널역,11650,960650667.0,103198.0,9308.810897498013,0.8390300230946882,0.7619047619047619,0.2857142857142857,0.7023809523809523,0.6785714285714286,0.8293650793650794,0.7777777777777778,0.42857142857142855,0.08333333333333333,0.5198412698412699,BRD_20140778,크리스피크림,0.9780600461893765,False,1582.621243426453,49.929950906089985,13,46,0.4821016166281755,True,0.93635103926097,0.9085450346420323,0.8807390300230946,7.0,11.0,16.0,11.333333333333334,False,direct_size_estimation_deferred,매장 면적·좌석·점포별 매출이 없어 규모별 적합도와 argmax 규모는 산출하지 않음,0.514730923113845,0.9445727482678984,usable_area_profile,True,balanced_default,True,0.6936316397228637,8.0,0.8356428021555042,0.10952373119230398,0.9945784801755224,0.8221709006928406,True,True,0.791633949191686,4.0,0.4972892400877612,0.9945784801755224,True,True,0.6661990400353353,10.0,8,0.6534869173249982,0.7589497790831128,high_profile_stability,balanced_default,상권 환경 프로필이 재표본에도 비교적 안정적이므로 균형 시나리오를 사용,0.9468822170900693,0.8221709006928406,0.8822170900692841,0.5219399538106235,brand_environment_fit=0.947 | market_opportunity=0.882 | brand_specific_advantage=0.822 | low_competition_risk=0.522,no_model_level_high_risk_flag,not_recommended__no_store_area_seat_or_store_outcome_data,rich,True,True,True,candidate_only_not_verified_as_menu_price,83,20,top20_available,brand_environment_fit=0.947 | market_opportunity=0.882 | brand_specific_advantage=0.822,competition_risk_moderate,positive_drivers=brand_environment_fit=0.947 | market_opportunity=0.882 | brand_specific_advantage=0.822 || caution_flags=competition_risk_moderate || profile_stability=high_profile_stability || available_recommendation_count=20
3130290,영림시장,11620,319462649.0,43059.0,7419.184119463991,0.5936489607390301,0.6944444444444444,0.5833333333333334,0.49603174603174605,0.8611111111111112,0.9801587301587301,0.8690476190476191,0.027777777777777776,0.051587301587301584,0.3412698412698413,BRD_20140778,크리스피크림,0.4214780600461894,False,994.1453615731074,33.13608303266665,23,62,0.7609699769053118,True,0.4731293302540416,0.5075635103926097,0.5419976905311779,222.0,198.0,185.0,201.66666666666666,False,direct_size_estimation_deferred,매장 면적·좌석·점포별 매출이 없어 규모별 적합도와 argmax 규모는 산출하지 않음,0.4992843313145069,0.9515011547344111,usable_area_profile,True,balanced_default,True,0.5693822170900693,63.0,0.8158198614318707,0.0932762159155782,1.4546183286995895,0.9399538106235565,True,True,0.7253810623556582,24.0,0.7273091643497948,1.4546183286995895,True,True,0.6598988541736983,11.0,8,0.6534869173249982,0.7589497790831128,high_profile_stability,balanced_default,상권 환경 프로필이 재표본에도 비교적 안정적이므로 균형 시나리오를 사용,0.953810623556582,0.9399538106235565,0.6096997690531177,0.13856812933025403,brand_environment_fit=0.954 | brand_specific_advantage=0.940 | market_opportunity=0.610 | low_competition_risk=0.139,no_model_level_high_risk_flag,not_recommended__no_store_area_seat_or_store_outcome_data,rich,True,True,True,candidate_only_not_verified_as_menu_price,83,20,top20_available,brand_environment_fit=0.954 | brand_specific_advantage=0.940,competition_risk_elevated_but_below_exclusion | same_brand_distance_750m_to_1000m_review,positive_drivers=brand_environment_fit=0.954 | brand_specific_advantage=0.940 || caution_flags=competition_risk_elevated_but_below_exclusion | same_brand_distance_750m_to_1000m_review || profile_stability=high_profile_stability || available_recommendation_count=20
3120107,공덕역(공덕오거리),11440,1051109080.0,111230.0,9449.870358716174,0.8578521939953809,0.9404761904761905,0.4246031746031746,0.5833333333333334,0.9642857142857143,0.9880952380952381,0.9841269841269841,0.1111111111111111,0.011904761904761904,0.051587301587301584,BRD_20140778,크리스피크림,0.1397228637413395,False,1754.1781551507138,80.05623025110103,24,77,0.5767898383371824,True,0.3551616628175519,0.4987875288683602,0.6424133949191685,297.0,208.0,121.0,208.66666666666666,False,direct_size_estimation_deferred,매장 면적·좌석·점포별 매출이 없어 규모별 적합도와 argmax 규모는 산출하지 않음,0.42782630877589967,0.9722863741339491,usable_area_profile,True,balanced_default,True,0.6998729792147805,6.0,0.9156081601231717,0.06710078505723298,0.8446728896306398,0.766743648960739,True,True,0.7692205542725173,9.0,0.4223364448153199,0.8446728896306398,True,True,0.6449020512973711,12.0,8,0.6534869173249982,0.7589497790831128,high_profile_stability,balanced_default,상권 환경 프로필이 재표본에도 비교적 안정적이므로 균형 시나리오를 사용,0.9745958429561201,0.766743648960739,0.8983833718244804,0.4018475750577367,brand_environment_fit=0.975 | market_opportunity=0.898 | brand_specific_advantage=0.767 | low_competition_risk=0.402,no_model_level_high_risk_flag,not_recommended__no_store_area_seat_or_store_outcome_data,rich,True,True,True,candidate_only_not_verified_as_menu_price,83,20,top20_available,brand_environment_fit=0.975 | market_opportunity=0.898 | brand_specific_advantage=0.767,competition_risk_moderate,positive_drivers=brand_environment_fit=0.975 | market_opportunity=0.898 | brand_specific_advantage=0.767 || caution_flags=competition_risk_moderate || profile_stability=high_profile_stability || available_recommendation_count=20
3120153,노량진역(노량진),11590,595426544.0,103117.0,5774.2810981700395,0.7636258660508083,0.8611111111111112,0.5158730158730159,0.42857142857142855,0.753968253968254,0.9563492063492064,0.6626984126984127,0.11507936507936507,0.09523809523809523,0.5674603174603174,BRD_20140778,크리스피크림,0.5969976905311778,False,3674.0726720807124,132.0075755359234,5,24,0.09526558891454966,True,0.6469861431870669,0.6803117782909931,0.713637413394919,120.0,93.0,71.0,94.66666666666667,False,direct_size_estimation_deferred,매장 면적·좌석·점포별 매출이 없어 규모별 적합도와 argmax 규모는 산출하지 않음,0.7967436574382533,0.7598152424942264,usable_area_profile,True,balanced_default,True,0.6328868360277137,26.0,0.6104695919938414,0.14073458980335543,1.0611865264187115,0.8498845265588915,True,True,0.7826963048498846,7.0,0.5305932632093557,1.0611865264187115,True,True,0.6330228846175009,13.0,8,0.6534869173249982,0.7589497790831128,high_profile_stability,balanced_default,상권 환경 프로필이 재표본에도 비교적 안정적이므로 균형 시나리오를 사용,0.7621247113163973,0.8498845265588915,0.7967667436489607,0.9561200923787528,low_competition_risk=0.956 | brand_specific_advantage=0.850 | market_opportunity=0.797 | brand_environment_fit=0.762,no_model_level_high_risk_flag,not_recommended__no_store_area_seat_or_store_outcome_data,rich,True,True,True,candidate_only_not_verified_as_menu_price,83,20,top20_available,low_competition_risk=0.956 | brand_specific_advantage=0.850 | market_opportunity=0.797 | brand_environment_fit=0.762,no_model_level_caution_flag,positive_drivers=low_competition_risk=0.956 | brand_specific_advantage=0.850 | market_opportunity=0.797 | brand_environment_fit=0.762 || caution_flags=no_model_level_caution_flag || profile_stability=high_profile_stability || available_recommendation_count=20
3120009,종로3가역,11110,773341001.0,64864.0,11922.499398741984,0.8273672055427251,0.876984126984127,0.42857142857142855,0.503968253968254,0.75,0.9444444444444444,0.8531746031746031,0.2619047619047619,0.05952380952380952,0.3611111111111111,BRD_20140778,크리스피크림,0.9330254041570438,False,3719.0412742874914,125.80143085865113,24,103,0.45438799076212466,True,0.9013279445727481,0.8801963048498844,0.8590646651270206,14.0,18.0,20.0,17.333333333333332,False,direct_size_estimation_deferred,매장 면적·좌석·점포별 매출이 없어 규모별 적합도와 argmax 규모는 산출하지 않음,0.3200995816635152,0.9884526558891455,usable_area_profile,True,balanced_default,True,0.7156466512702078,2.0,0.9535219399538106,0.05047087142510804,0.6920965489404595,0.7066974595842956,True,True,0.7592667436489607,13.0,0.34604827447022973,0.6920965489404595,True,True,0.6284783279352502,14.0,8,0.6534869173249982,0.7589497790831128,high_profile_stability,balanced_default,상권 환경 프로필이 재표본에도 비교적 안정적이므로 균형 시나리오를 사용,0.9907621247113164,0.7066974595842956,0.8637413394919169,0.581986143187067,brand_environment_fit=0.991 | market_opportunity=0.864 | brand_specific_advantage=0.707 | low_competition_risk=0.582,no_model_level_high_risk_flag,not_recommended__no_store_area_seat_or_store_outcome_data,rich,True,True,True,candidate_only_not_verified_as_menu_price,83,20,top20_available,brand_environment_fit=0.991 | market_opportunity=0.864 | brand_specific_advantage=0.707,competition_risk_moderate,positive_drivers=brand_environment_fit=0.991 | market_opportunity=0.864 | brand_specific_advantage=0.707 || caution_flags=competition_risk_moderate || profile_stability=high_profile_stability || available_recommendation_count=20
3120062,신설동역,11230,583819931.0,56521.0,10329.256931052176,0.748498845265589,0.6904761904761905,0.5396825396825397,0.5714285714285714,0.9603174603174603,0.9126984126984127,0.4087301587301587,0.1865079365079365,0.09126984126984126,0.6825396825396826,BRD_20140778,크리스피크림,0.38683602771362585,False,5941.237918129293,109.76793705062819,8,37,0.16743648960739027,True,0.49533487297921475,0.5676674364896074,0.64,204.0,155.0,124.0,161.0,False,direct_size_estimation_deferred,매장 면적·좌석·점포별 매출이 없어 규모별 적합도와 argmax 규모는 산출하지 않음,0.6772569565649196,0.8521939953810623,usable_area_profile,True,balanced_default,True,0.6629561200923788,12.0,0.7826212471131639,0.07792402283278821,0.892827984730585,0.7852193995381063,True,True,0.7691801385681294,10.0,0.4464139923652925,0.892827984730585,True,True,0.6248938580668825,15.0,8,0.6534869173249982,0.7589497790831128,high_profile_stability,balanced_default,상권 환경 프로필이 재표본에도 비교적 안정적이므로 균형 시나리오를 사용,0.8545034642032333,0.7852193995381063,0.7782909930715936,0.9053117782909931,low_competition_risk=0.905 | brand_environment_fit=0.855 | brand_specific_advantage=0.785 | market_opportunity=0.778,no_model_level_high_risk_flag,not_recommended__no_store_area_seat_or_store_outcome_data,rich,True,True,True,candidate_only_not_verified_as_menu_price,83,20,top20_available,low_competition_risk=0.905 | brand_environment_fit=0.855 | brand_specific_advantage=0.785 | market_opportunity=0.778,no_model_level_caution_flag,positive_drivers=low_competition_risk=0.905 | brand_environment_fit=0.855 | brand_specific_advantage=0.785 | market_opportunity=0.778 || caution_flags=no_model_level_caution_flag || profile_stability=high_profile_stability || available_recommendation_count=20
3110810,영신초등학교,11560,325709619.0,29453.0,11058.62285675483,0.5928406466512702,0.8571428571428571,0.7698412698412699,0.5277777777777778,0.23809523809523808,0.9007936507936508,0.9761904761904762,0.3373015873015873,0.047619047619047616,0.25,BRD_20140778,크리스피크림,0.2840646651270208,False,3182.455812725431,74.63243262412867,11,41,0.34295612009237875,True,0.37669745958429557,0.4384526558891455,0.5002078521939953,280.0,252.0,207.0,246.33333333333334,False,direct_size_estimation_deferred,매장 면적·좌석·점포별 매출이 없어 규모별 적합도와 argmax 규모는 산출하지 않음,0.31040047649110064,0.9930715935334873,usable_area_profile,True,balanced_default,True,0.6525866050808314,16.0,0.941108545034642,0.05647173325249758,0.9201603263442791,0.7944572748267898,True,True,0.7421131639722864,19.0,0.46008016317213957,0.9201603263442791,True,True,0.622517664500549,16.0,8,0.6534869173249982,0.7589497790831128,high_profile_stability,balanced_default,상권 환경 프로필이 재표본에도 비교적 안정적이므로 균형 시나리오를 사용,0.9953810623556582,0.7944572748267898,0.6073903002309469,0.7482678983833718,brand_environment_fit=0.995 | brand_specific_advantage=0.794 | low_competition_risk=0.748 | market_opportunity=0.607,no_model_level_high_risk_flag,not_recommended__no_store_area_seat_or_store_outcome_data,rich,True,True,True,candidate_only_not_verified_as_menu_price,83,20,top20_available,brand_environment_fit=0.995 | brand_specific_advantage=0.794 | low_competition_risk=0.748,no_model_level_caution_flag,positive_drivers=brand_environment_fit=0.995 | brand_specific_advantage=0.794 | low_competition_risk=0.748 || caution_flags=no_model_level_caution_flag || profile_stability=high_profile_stability || available_recommendation_count=20
3120020,시청역_1번,11140,576577176.0,45296.0,12729.096962204168,0.7530023094688222,0.873015873015873,0.5793650793650794,0.6428571428571429,0.34523809523809523,0.8571428571428571,0.8214285714285714,0.0873015873015873,0.023809523809523808,0.8293650793650794,BRD_20140778,크리스피크림,0.20092378752886836,False,2500.131996494981,70.17834422194169,18,98,0.5202078521939953,True,0.3665473441108545,0.4769630484988453,0.5873787528868359,287.0,219.0,158.0,221.33333333333334,False,direct_size_estimation_deferred,매장 면적·좌석·점포별 매출이 없어 규모별 적합도와 argmax 규모는 산출하지 않음,0.8002515916270577,0.7528868360277137,usable_area_profile,True,balanced_default,True,0.5619630484988453,69.0,0.6158583525789069,0.11020129760440668,1.2434380213988276,0.8868360277136259,True,True,0.7284699769053118,22.0,0.6217190106994138,1.2434380213988276,True,True,0.6173418385023005,17.0,8,0.6534869173249982,0.7589497790831128,high_profile_stability,balanced_default,상권 환경 프로필이 재표본에도 비교적 안정적이므로 균형 시나리오를 사용,0.7551963048498845,0.8868360277136259,0.7829099307159353,0.47344110854503463,brand_specific_advantage=0.887 | market_opportunity=0.783 | brand_environment_fit=0.755 | low_competition_risk=0.473,no_model_level_high_risk_flag,not_recommended__no_store_area_seat_or_store_outcome_data,rich,True,True,True,candidate_only_not_verified_as_menu_price,83,20,top20_available,brand_specific_advantage=0.887 | market_opportunity=0.783 | brand_environment_fit=0.755,competition_risk_moderate,positive_drivers=brand_specific_advantage=0.887 | market_opportunity=0.783 | brand_environment_fit=0.755 || caution_flags=competition_risk_moderate || profile_stability=high_profile_stability || available_recommendation_count=20
3120205,매봉역,11680,580733796.0,60594.0,9584.014852955737,0.7444572748267898,0.7817460317460317,0.18253968253968253,0.75,0.6468253968253969,0.8531746031746031,0.9206349206349206,0.4365079365079365,0.027777777777777776,0.4880952380952381,BRD_20140778,크리스피크림,0.8775981524249422,False,1902.8623176551,70.4911341990284,16,64,0.4688221709006928,True,0.8376558891454964,0.811027713625866,0.7843995381062354,36.0,38.0,45.0,39.666666666666664,False,direct_size_estimation_deferred,매장 면적·좌석·점포별 매출이 없어 규모별 적합도와 argmax 규모는 산출하지 않음,0.5611363673036134,0.9214780600461894,usable_area_profile,True,balanced_default,True,0.6509757505773672,17.0,0.855080831408776,0.08079051653086988,0.8218443387726471,0.7575057736720554,True,True,0.732459584295612,20.0,0.41092216938632353,0.8218443387726471,True,True,0.6055721819180078,18.0,8,0.6534869173249982,0.7589497790831128,high_profile_stability,balanced_default,상권 환경 프로필이 재표본에도 비교적 안정적이므로 균형 시나리오를 사용,0.9237875288683602,0.7575057736720554,0.7713625866050808,0.5542725173210161,brand_environment_fit=0.924 | market_opportunity=0.771 | brand_specific_advantage=0.758 | low_competition_risk=0.554,no_model_level_high_risk_flag,not_recommended__no_store_area_seat_or_store_outcome_data,rich,True,True,True,candidate_only_not_verified_as_menu_price,83,20,top20_available,brand_environment_fit=0.924 | market_opportunity=0.771 | brand_specific_advantage=0.758,competition_risk_moderate,positive_drivers=brand_environment_fit=0.924 | market_opportunity=0.771 | brand_specific_advantage=0.758 || caution_flags=competition_risk_moderate || profile_stability=high_profile_stability || available_recommendation_count=20
3001496,강남 마이스 관광특구,11680,1293218183.0,103941.0,12441.848577558423,0.9066974595842956,0.7817460317460317,0.18253968253968253,0.75,0.6468253968253969,0.8531746031746031,0.9206349206349206,0.4365079365079365,0.027777777777777776,0.4880952380952381,BRD_20140778,크리스피크림,0.8775981524249422,False,3128.088393884572,97.94386148455335,20,41,0.45669745958429564,True,0.8863279445727481,0.8921478060046188,0.8979676674364895,18.0,14.0,11.0,14.333333333333334,False,direct_size_estimation_deferred,매장 면적·좌석·점포별 매출이 없어 규모별 적합도와 argmax 규모는 산출하지 않음,0.8376653629092551,0.7367205542725173,usable_area_profile,True,balanced_default,True,0.6171997690531177,38.0,0.6463625866050808,0.09680938525641579,0.933359585210755,0.8060046189376443,True,True,0.7469226327944571,17.0,0.4666797926053775,0.933359585210755,True,True,0.6021947403449074,19.0,8,0.6534869173249982,0.7589497790831128,high_profile_stability,balanced_default,상권 환경 프로필이 재표본에도 비교적 안정적이므로 균형 시나리오를 사용,0.7390300230946882,0.8060046189376443,0.9561200923787528,0.5727482678983834,market_opportunity=0.956 | brand_specific_advantage=0.806 | brand_environment_fit=0.739 | low_competition_risk=0.573,no_model_level_high_risk_flag,not_recommended__no_store_area_seat_or_store_outcome_data,rich,True,True,True,candidate_only_not_verified_as_menu_price,83,20,top20_available,market_opportunity=0.956 | brand_specific_advantage=0.806 | brand_environment_fit=0.739,competition_risk_moderate,positive_drivers=market_opportunity=0.956 | brand_specific_advantage=0.806 | brand_environment_fit=0.739 || caution_flags=competition_risk_moderate || profile_stability=high_profile_stability || available_recommendation_count=20
3120136,영등포구청역,11560,364236315.0,38948.0,9351.861841429598,0.6144341801385681,0.8571428571428571,0.7698412698412699,0.5277777777777778,0.23809523809523808,0.9007936507936508,0.9761904761904762,0.3373015873015873,0.047619047619047616,0.25,BRD_20140778,크리스피크림,0.2840646651270208,False,4540.301752081009,95.12623193815189,26,64,0.5548498845265589,True,0.3831755196304849,0.44924942263279444,0.5153233256351039,275.0,240.0,202.0,239.0,False,direct_size_estimation_deferred,매장 면적·좌석·점포별 매출이 없어 규모별 적합도와 argmax 규모는 산출하지 않음,0.4058959985092937,0.976905311778291,usable_area_profile,True,balanced_default,True,0.6202771362586605,35.0,0.9475558121632024,0.03168399152789142,0.9263195134127032,0.7990762124711316,True,True,0.7138048498845265,26.0,0.4631597567063516,0.9263195134127032,True,True,0.602146330551611,20.0,8,0.6534869173249982,0.7589497790831128,high_profile_stability,balanced_default,상권 환경 프로필이 재표본에도 비교적 안정적이므로 균형 시나리오를 사용,0.9792147806004619,0.7990762124711316,0.628175519630485,0.4284064665127021,brand_environment_fit=0.979 | brand_specific_advantage=0.799 | market_opportunity=0.628 | low_competition_risk=0.428,no_model_level_high_risk_flag,not_recommended__no_store_area_seat_or_store_outcome_data,rich,True,True,True,candidate_only_not_verified_as_menu_price,83,20,top20_available,brand_environment_fit=0.979 | brand_specific_advantage=0.799,competition_risk_moderate,positive_drivers=brand_environment_fit=0.979 | brand_specific_advantage=0.799 || caution_flags=competition_risk_moderate || profile_stability=high_profile_stability || available_recommendation_count=20
3120038,약수역,11140,1550178516.0,134777.0,11501.803096967584,0.9235565819861433,0.873015873015873,0.5793650793650794,0.6428571428571429,0.34523809523809523,0.8571428571428571,0.8214285714285714,0.0873015873015873,0.023809523809523808,0.8293650793650794,BRD_20080200064,파리바게뜨,0.20092378752886836,False,878.3826045324923,62.64183906448842,18,42,0.581986143187067,True,0.4177136258660509,0.5622401847575058,0.7067667436489607,42.0,24.0,10.0,25.333333333333332,False,direct_size_estimation_deferred,매장 면적·좌석·점포별 매출이 없어 규모별 적합도와 argmax 규모는 산출하지 않음,0.42072386741959267,0.9653579676674365,usable_area_profile,True,balanced_default,True,0.7186258660508084,1.0,0.9359122401847575,0.04410525527649033,0.667624012106663,0.9445727482678984,True,True,0.8572055427251732,2.0,0.3338120060533315,0.667624012106663,True,True,0.627400021980098,1.0,384,0.8023226049313006,0.8843472371190114,high_profile_stability,balanced_default,상권 환경 프로필이 재표본에도 비교적 안정적이므로 균형 시나리오를 사용,0.9676674364896074,0.9445727482678984,0.9699769053117783,0.39260969976905313,market_opportunity=0.970 | brand_environment_fit=0.968 | brand_specific_advantage=0.945 | low_competition_risk=0.393,no_model_level_high_risk_flag,not_recommended__no_store_area_seat_or_store_outcome_data,rich,True,True,True,candidate_only_not_verified_as_menu_price,7,7,limited_pool_show_available_only,market_opportunity=0.970 | brand_environment_fit=0.968 | brand_specific_advantage=0.945,competition_risk_moderate | same_brand_distance_750m_to_1000m_review,positive_drivers=market_opportunity=0.970 | brand_environment_fit=0.968 | brand_specific_advantage=0.945 || caution_flags=competition_risk_moderate | same_brand_distance_750m_to_1000m_review || profile_stability=high_profile_stability || available_recommendation_count=7
3120228,석촌역(석촌호수),11710,510280686.0,47215.0,10807.596865402944,0.7248267898383373,0.8531746031746031,0.13095238095238096,0.6746031746031746,0.9325396825396826,0.8928571428571429,0.7063492063492064,0.4087301587301587,0.03968253968253968,0.5436507936507936,BRD_20080200064,파리바게뜨,0.3995381062355658,False,916.5424158603037,78.44743464456866,38,111,0.7061200923787528,True,0.4971247113163972,0.5621824480369515,0.6272401847575059,33.0,25.0,17.0,25.0,False,direct_size_estimation_deferred,매장 면적·좌석·점포별 매출이 없어 규모별 적합도와 argmax 규모는 산출하지 않음,0.3587609611637271,0.9907621247113164,usable_area_profile,True,balanced_default,True,0.6431524249422634,6.0,0.9733448806774442,0.0333978756040919,0.5215075425856811,0.8845265588914549,True,True,0.7625692840646652,6.0,0.26075377129284055,0.5215075425856811,True,True,0.5486252518231639,2.0,384,0.8023226049313006,0.8843472371190114,high_profile_stability,balanced_default,상권 환경 프로필이 재표본에도 비교적 안정적이므로 균형 시나리오를 사용,0.9930715935334873,0.8845265588914549,0.7528868360277137,0.21016166281755197,brand_environment_fit=0.993 | brand_specific_advantage=0.885 | market_opportunity=0.753 | low_competition_risk=0.210,no_model_level_high_risk_flag,not_recommended__no_store_area_seat_or_store_outcome_data,rich,True,True,True,candidate_only_not_verified_as_menu_price,7,7,limited_pool_show_available_only,brand_environment_fit=0.993 | brand_specific_advantage=0.885 | market_opportunity=0.753,competition_risk_elevated_but_below_exclusion | same_brand_distance_750m_to_1000m_review,positive_drivers=brand_environment_fit=0.993 | brand_specific_advantage=0.885 | market_opportunity=0.753 || caution_flags=competition_risk_elevated_but_below_exclusion | same_brand_distance_750m_to_1000m_review || profile_stability=high_profile_stability || available_recommendation_count=7
3120165,서래마을카페거리(서래마을),11650,2971488955.0,159582.0,18620.45189933702,0.9718244803695151,0.7619047619047619,0.2857142857142857,0.7023809523809523,0.6785714285714286,0.8293650793650794,0.7777777777777778,0.42857142857142855,0.08333333333333333,0.5198412698412699,BRD_20080200064,파리바게뜨,0.9780600461893765,False,754.4461544881242,18.110770263065373,12,55,0.6073903002309469,True,0.976189376443418,0.9749422632794458,0.9736951501154734,1.0,1.0,1.0,1.0,True,direct_size_estimation_deferred,매장 면적·좌석·점포별 매출이 없어 규모별 적합도와 argmax 규모는 산출하지 않음,0.7090567667949226,0.7644341801385681,usable_area_profile,True,balanced_default,True,0.6312471131639723,7.0,0.7512509622786759,0.08110629650978349,0.1625424711421998,0.5866050808314087,True,True,0.6644110854503464,11.0,0.0812712355710999,0.1625424711421998,True,True,0.4782139855676678,3.0,384,0.8023226049313006,0.8843472371190114,high_profile_stability,balanced_default,상권 환경 프로필이 재표본에도 비교적 안정적이므로 균형 시나리오를 사용,0.766743648960739,0.5866050808314087,0.9884526558891455,0.36374133949191684,market_opportunity=0.988 | brand_environment_fit=0.767 | brand_specific_advantage=0.587 | low_competition_risk=0.364,no_model_level_high_risk_flag,not_recommended__no_store_area_seat_or_store_outcome_data,rich,True,True,True,candidate_only_not_verified_as_menu_price,7,7,limited_pool_show_available_only,market_opportunity=0.988 | brand_environment_fit=0.767,competition_risk_elevated_but_below_exclusion | same_brand_distance_750m_to_1000m_review,positive_drivers=market_opportunity=0.988 | brand_environment_fit=0.767 || caution_flags=competition_risk_elevated_but_below_exclusion | same_brand_distance_750m_to_1000m_review || profile_stability=high_profile_stability || available_recommendation_count=7
3120076,수유역,11305,467733481.0,45202.0,10347.6280031857,0.6957274826789839,0.8253968253968254,0.373015873015873,0.31746031746031744,0.42857142857142855,0.5396825396825397,0.1626984126984127,0.051587301587301584,0.5515873015873016,0.9365079365079365,BRD_20080200064,파리바게뜨,0.12702078521939955,False,805.4030047526775,32.015621227467925,15,39,0.6420323325635104,True,0.29763279445727486,0.4113741339491917,0.5251154734411085,62.0,44.0,33.0,46.333333333333336,False,direct_size_estimation_deferred,매장 면적·좌석·점포별 매출이 없어 규모별 적합도와 argmax 규모는 산출하지 않음,0.7967447226930517,0.6766743648960739,usable_area_profile,True,balanced_default,True,0.4855369515011547,20.0,0.6442455735180909,0.05835189558232693,0.555745294207799,0.9030023094688222,True,True,0.6766166281755196,9.0,0.2778726471038995,0.555745294207799,True,True,0.44382009161338554,4.0,384,0.8023226049313006,0.8843472371190114,high_profile_stability,balanced_default,상권 환경 프로필이 재표본에도 비교적 안정적이므로 균형 시나리오를 사용,0.6789838337182448,0.9030023094688222,0.7205542725173211,0.30484988452655887,brand_specific_advantage=0.903 | market_opportunity=0.721 | brand_environment_fit=0.679 | low_competition_risk=0.305,no_model_level_high_risk_flag,not_recommended__no_store_area_seat_or_store_outcome_data,rich,True,True,True,candidate_only_not_verified_as_menu_price,7,7,limited_pool_show_available_only,brand_specific_advantage=0.903 | market_opportunity=0.721,competition_risk_elevated_but_below_exclusion | same_brand_distance_750m_to_1000m_review,positive_drivers=brand_specific_advantage=0.903 | market_opportunity=0.721 || caution_flags=competition_risk_elevated_but_below_exclusion | same_brand_distance_750m_to_1000m_review || profile_stability=high_profile_stability || available_recommendation_count=7
3110002,독립문역 1번,11110,365825854.0,38233.0,9568.32720424764,0.61824480369515,0.876984126984127,0.42857142857142855,0.503968253968254,0.75,0.9444444444444444,0.8531746031746031,0.2619047619047619,0.05952380952380952,0.3611111111111111,BRD_20080200064,파리바게뜨,0.7090069284064665,False,1175.9804419885481,115.00434770468347,4,14,0.14376443418013857,True,0.6817782909930715,0.6636258660508083,0.645473441108545,18.0,16.0,16.0,16.666666666666668,False,direct_size_estimation_deferred,매장 면적·좌석·점포별 매출이 없어 규모별 적합도와 argmax 규모는 산출하지 않음,0.8415712613740647,0.6535796766743649,usable_area_profile,True,balanced_default,True,0.5216108545034641,15.0,0.6359699769053118,0.047990838955537095,0.3669387773230699,0.7713625866050808,True,True,0.668527713625866,10.0,0.18346938866153495,0.3669387773230699,True,True,0.43315193037333855,5.0,384,0.8023226049313006,0.8843472371190114,high_profile_stability,balanced_default,상권 환경 프로필이 재표본에도 비교적 안정적이므로 균형 시나리오를 사용,0.6558891454965358,0.7713625866050808,0.6351039260969977,0.9214780600461894,low_competition_risk=0.921 | brand_specific_advantage=0.771 | brand_environment_fit=0.656 | market_opportunity=0.635,no_model_level_high_risk_flag,not_recommended__no_store_area_seat_or_store_outcome_data,rich,True,True,True,candidate_only_not_verified_as_menu_price,7,7,limited_pool_show_available_only,low_competition_risk=0.921 | brand_specific_advantage=0.771,no_model_level_caution_flag,positive_drivers=low_competition_risk=0.921 | brand_specific_advantage=0.771 || caution_flags=no_model_level_caution_flag || profile_stability=high_profile_stability || available_recommendation_count=7
3120230,송파사거리(송파역),11710,113610918.0,11957.0,9501.623985949653,0.29757505773672055,0.8531746031746031,0.13095238095238096,0.6746031746031746,0.9325396825396826,0.8928571428571429,0.7063492063492064,0.4087301587301587,0.03968253968253968,0.5436507936507936,BRD_20080200064,파리바게뜨,0.3995381062355658,False,789.980379474652,140.2889874746942,24,71,0.4607390300230947,True,0.36894919168591217,0.34855658198614314,0.3281639722863741,49.0,54.0,55.0,52.666666666666664,False,direct_size_estimation_deferred,매장 면적·좌석·점포별 매출이 없어 규모별 적합도와 argmax 규모는 산출하지 않음,0.8657121153605147,0.625866050808314,usable_area_profile,True,balanced_default,True,0.347973441108545,36.0,0.604214780600462,0.07293589938567925,0.29685340676148886,0.7113163972286374,True,True,0.4924480369515011,24.0,0.14842670338074443,0.29685340676148886,True,True,0.2993223253980411,6.0,384,0.8023226049313006,0.8843472371190114,high_profile_stability,balanced_default,상권 환경 프로필이 재표본에도 비교적 안정적이므로 균형 시나리오를 사용,0.628175519630485,0.7113163972286374,0.2748267898383372,0.5727482678983834,brand_specific_advantage=0.711 | brand_environment_fit=0.628 | low_competition_risk=0.573 | market_opportunity=0.275,no_model_level_high_risk_flag,not_recommended__no_store_area_seat_or_store_outcome_data,rich,True,True,True,candidate_only_not_verified_as_menu_price,7,7,limited_pool_show_available_only,brand_specific_advantage=0.711,competition_risk_moderate | same_brand_distance_750m_to_1000m_review,positive_drivers=brand_specific_advantage=0.711 || caution_flags=competition_risk_moderate | same_brand_distance_750m_to_1000m_review || profile_stability=high_profile_stability || available_recommendation_count=7
3110620,목동보건지소,11470,48128478.0,4811.0,10003.8407815423,0.17401847575057738,0.8055555555555556,0.2222222222222222,0.5158730158730159,0.5873015873015873,0.5079365079365079,0.2896825396825397,0.4801587301587302,0.30952380952380953,0.7738095238095238,BRD_20080200064,파리바게뜨,0.9341801385681293,False,852.4529312610705,23.086792735229963,18,43,0.7321016166281755,True,0.7061316397228636,0.5540993071593534,0.40206697459584295,16.0,27.0,41.0,28.0,False,direct_size_estimation_deferred,매장 면적·좌석·점포별 매출이 없어 규모별 적합도와 argmax 규모는 산출하지 않음,0.84032615277712,0.6581986143187066,usable_area_profile,True,balanced_default,True,0.2801905311778291,44.0,0.6190338722093919,0.1119276452270304,0.3499112487346112,0.7505773672055427,True,True,0.4400808314087759,32.0,0.1749556243673056,0.3499112487346112,True,True,0.261898440814931,7.0,384,0.8023226049313006,0.8843472371190114,high_profile_stability,balanced_default,상권 환경 프로필이 재표본에도 비교적 안정적이므로 균형 시나리오를 사용,0.6605080831408776,0.7505773672055427,0.12702078521939955,0.1697459584295612,brand_specific_advantage=0.751 | brand_environment_fit=0.661 | low_competition_risk=0.170 | market_opportunity=0.127,no_model_level_high_risk_flag,not_recommended__no_store_area_seat_or_store_outcome_data,rich,True,True,True,candidate_only_not_verified_as_menu_price,7,7,limited_pool_show_available_only,brand_specific_advantage=0.751,competition_risk_elevated_but_below_exclusion | same_brand_distance_750m_to_1000m_review,positive_drivers=brand_specific_advantage=0.751 || caution_flags=competition_risk_elevated_but_below_exclusion | same_brand_distance_750m_to_1000m_review || profile_stability=high_profile_stability || available_recommendation_count=7
3110837,숭실대입구역 1번,11590,599844154.0,57757.0,10385.65289055872,0.7587759815242495,0.8611111111111112,0.5158730158730159,0.42857142857142855,0.753968253968254,0.9563492063492064,0.6626984126984127,0.11507936507936507,0.09523809523809523,0.5674603174603174,BRD_20170827,핫브레드,0.8579676674364896,False,1046.5605572867867,107.91200122156485,13,20,0.2655889145496536,True,0.8282101616628175,0.8083718244803695,0.7885334872979215,35.0,37.0,43.0,38.333333333333336,False,direct_size_estimation_deferred,매장 면적·좌석·점포별 매출이 없어 규모별 적합도와 argmax 규모는 산출하지 않음,0.6988018399440594,0.8152424942263279,usable_area_profile,True,balanced_default,True,0.6333545034642032,28.0,0.7287336412625097,0.0576904289437942,1.4995356170449134,1.0,True,True,0.8323672055427251,5.0,0.7497678085224567,1.4995356170449134,True,True,0.7108887098881715,1.0,37,0.6700788808614897,0.7981816963158808,high_profile_stability,balanced_default,상권 환경 프로필이 재표본에도 비교적 안정적이므로 균형 시나리오를 사용,0.8175519630484989,1.0,0.789838337182448,0.8429561200923787,brand_specific_advantage=1.000 | low_competition_risk=0.843 | brand_environment_fit=0.818 | market_opportunity=0.790,no_model_level_high_risk_flag,not_recommended__no_store_area_seat_or_store_outcome_data,insufficient,False,False,False,not_observable_from_current_official_html,73,20,top20_available,brand_specific_advantage=1.000 | low_competition_risk=0.843 | brand_environment_fit=0.818 | market_opportunity=0.790,no_model_level_caution_flag,positive_drivers=brand_specific_advantage=1.000 | low_competition_risk=0.843 | brand_environment_fit=0.818 | market_opportunity=0.790 || caution_flags=no_model_level_caution_flag || profile_stability=high_profile_stability || available_recommendation_count=20
3120062,신설동역,11230,583819931.0,56521.0,10329.256931052176,0.748498845265589,0.6904761904761905,0.5396825396825397,0.5714285714285714,0.9603174603174603,0.9126984126984127,0.4087301587301587,0.1865079365079365,0.09126984126984126,0.6825396825396826,BRD_20170827,핫브레드,0.42609699769053117,False,2095.582257997079,109.76793705062819,8,37,0.1691685912240185,True,0.5228175519630485,0.58729792147806,0.6517782909930716,167.0,122.0,99.0,129.33333333333334,False,direct_size_estimation_deferred,매장 면적·좌석·점포별 매출이 없어 규모별 적합도와 argmax 규모는 산출하지 않음,0.6434542158690703,0.8660508083140878,usable_area_profile,True,balanced_default,True,0.6696247113163973,12.0,0.7826212471131639,0.07792402283278821,1.070652645589789,0.9676674364896074,True,True,0.8460565819861433,2.0,0.5353263227948944,1.070652645589789,True,True,0.6606898480821392,2.0,37,0.6700788808614897,0.7981816963158808,high_profile_stability,balanced_default,상권 환경 프로필이 재표본에도 비교적 안정적이므로 균형 시나리오를 사용,0.8683602771362586,0.9676674364896074,0.7782909930715936,0.8983833718244804,brand_specific_advantage=0.968 | low_competition_risk=0.898 | brand_environment_fit=0.868 | market_opportunity=0.778,no_model_level_high_risk_flag,not_recommended__no_store_area_seat_or_store_outcome_data,insufficient,False,False,False,not_observable_from_current_official_html,73,20,top20_available,brand_specific_advantage=0.968 | low_competition_risk=0.898 | brand_environment_fit=0.868 | market_opportunity=0.778,no_model_level_caution_flag,positive_drivers=brand_specific_advantage=0.968 | low_competition_risk=0.898 | brand_environment_fit=0.868 | market_opportunity=0.778 || caution_flags=no_model_level_caution_flag || profile_stability=high_profile_stability || available_recommendation_count=20
3130072,성동용답상가시장,11200,441220675.0,42751.0,10320.710041870365,0.6748267898383372,0.9206349206349206,0.38492063492063494,0.5555555555555556,0.9920634920634921,0.9841269841269841,0.9563492063492064,0.10317460317460317,0.015873015873015872,0.07936507936507936,BRD_20170827,핫브레드,0.13394919168591224,False,1037.8232026549297,135.0925608781212,10,28,0.15069284064665128,True,0.29621247113163973,0.4043879907621247,0.5125635103926097,306.0,243.0,183.0,244.0,False,direct_size_estimation_deferred,매장 면적·좌석·점포별 매출이 없어 규모별 적합도와 argmax 규모는 산출하지 않음,0.31140495904387394,0.9976905311778291,usable_area_profile,True,balanced_default,True,0.7124307159353349,4.0,0.9837374903772133,0.015581629901107024,0.8954801833423448,0.9468822170900693,True,True,0.8579041570438799,1.0,0.4477400916711724,0.8954801833423448,True,True,0.6595381313920697,3.0,37,0.6700788808614897,0.7981816963158808,high_profile_stability,balanced_default,상권 환경 프로필이 재표본에도 비교적 안정적이므로 균형 시나리오를 사용,1.0,0.9468822170900693,0.6951501154734411,0.9099307159353349,brand_environment_fit=1.000 | brand_specific_advantage=0.947 | low_competition_risk=0.910 | market_opportunity=0.695,no_model_level_high_risk_flag,not_recommended__no_store_area_seat_or_store_outcome_data,insufficient,False,False,False,not_observable_from_current_official_html,73,20,top20_available,brand_environment_fit=1.000 | brand_specific_advantage=0.947 | low_competition_risk=0.910,no_model_level_caution_flag,positive_drivers=brand_environment_fit=1.000 | brand_specific_advantage=0.947 | low_competition_risk=0.910 || caution_flags=no_model_level_caution_flag || profile_stability=high_profile_stability || available_recommendation_count=20
3120009,종로3가역,11110,773341001.0,64864.0,11922.499398741984,0.8273672055427251,0.876984126984127,0.42857142857142855,0.503968253968254,0.75,0.9444444444444444,0.8531746031746031,0.2619047619047619,0.05952380952380952,0.3611111111111111,BRD_20170827,핫브레드,0.8960739030023095,False,1503.2937171697195,125.80143085865113,24,103,0.4578521939953811,True,0.8754618937644341,0.8617205542725173,0.8479792147806003,20.0,18.0,22.0,20.0,False,direct_size_estimation_deferred,매장 면적·좌석·점포별 매출이 없어 규모별 적합도와 argmax 규모는 산출하지 않음,0.3413229923222304,0.9930715935334873,usable_area_profile,True,balanced_default,True,0.7174364896073903,3.0,0.9535219399538106,0.05047087142510804,0.7836134479739072,0.9214780600461894,True,True,0.8460450346420323,3.0,0.3918067239869536,0.7836134479739072,True,True,0.6457639931182975,4.0,37,0.6700788808614897,0.7981816963158808,high_profile_stability,balanced_default,상권 환경 프로필이 재표본에도 비교적 안정적이므로 균형 시나리오를 사용,0.9953810623556582,0.9214780600461894,0.8637413394919169,0.569284064665127,brand_environment_fit=0.995 | brand_specific_advantage=0.921 | market_opportunity=0.864 | low_competition_risk=0.569,no_model_level_high_risk_flag,not_recommended__no_store_area_seat_or_store_outcome_data,insufficient,False,False,False,not_observable_from_current_official_html,73,20,top20_available,brand_environment_fit=0.995 | brand_specific_advantage=0.921 | market_opportunity=0.864,competition_risk_moderate,positive_drivers=brand_environment_fit=0.995 | brand_specific_advantage=0.921 | market_opportunity=0.864 || caution_flags=competition_risk_moderate || profile_stability=high_profile_stability || available_recommendation_count=20
3110302,보문역 8번,11290,128718097.0,14654.0,8783.819912651836,0.32598152424942267,0.8690476190476191,0.3888888888888889,0.5912698412698413,0.8333333333333334,0.8055555555555556,0.3333333333333333,0.2222222222222222,0.31746031746031744,0.7420634920634921,BRD_20170827,핫브레드,0.7551963048498845,False,1044.8885108088082,160.0781059502424,9,51,0.10508083140877597,True,0.6264318706697459,0.5405889145496536,0.4547459584295612,120.0,162.0,216.0,166.0,False,direct_size_estimation_deferred,매장 면적·좌석·점포별 매출이 없어 규모별 적합도와 argmax 규모는 산출하지 않음,0.5566679707283703,0.9122401847575058,usable_area_profile,True,balanced_default,True,0.5544515011547344,68.0,0.8308314087759815,0.05732052017408999,1.4202379136524772,0.9953810623556582,True,True,0.7538568129330254,24.0,0.7101189568262386,1.4202379136524772,True,True,0.6388129974757886,5.0,37,0.6700788808614897,0.7981816963158808,high_profile_stability,balanced_default,상권 환경 프로필이 재표본에도 비교적 안정적이므로 균형 시나리오를 사용,0.9145496535796767,0.9953810623556582,0.3094688221709007,0.9491916859122402,brand_specific_advantage=0.995 | low_competition_risk=0.949 | brand_environment_fit=0.915 | market_opportunity=0.309,no_model_level_high_risk_flag,not_recommended__no_store_area_seat_or_store_outcome_data,insufficient,False,False,False,not_observable_from_current_official_html,73,20,top20_available,brand_specific_advantage=0.995 | low_competition_risk=0.949 | brand_environment_fit=0.915,no_model_level_caution_flag,positive_drivers=brand_specific_advantage=0.995 | low_competition_risk=0.949 | brand_environment_fit=0.915 || caution_flags=no_model_level_caution_flag || profile_stability=high_profile_stability || available_recommendation_count=20
3111005,삼전역 3번,11710,233054769.0,25337.0,9198.19903698149,0.48152424942263283,0.8531746031746031,0.13095238095238096,0.6746031746031746,0.9325396825396826,0.8928571428571429,0.7063492063492064,0.4087301587301587,0.03968253968253968,0.5436507936507936,BRD_20170827,핫브레드,0.7020785219399538,False,2087.1293683071035,198.59506540938497,7,54,0.053117782909930716,True,0.6359122401847574,0.5918013856812934,0.5476905311778291,118.0,118.0,168.0,134.66666666666666,False,direct_size_estimation_deferred,매장 면적·좌석·점포별 매출이 없어 규모별 적합도와 argmax 규모는 산출하지 않음,0.35273592112012775,0.9884526558891455,usable_area_profile,True,balanced_default,True,0.6547921478060047,16.0,0.9562163202463433,0.03310846702684648,0.9736583580466882,0.9584295612009238,True,True,0.8163972286374134,7.0,0.4868291790233441,0.9736583580466882,True,True,0.6314179262840365,6.0,37,0.6700788808614897,0.7981816963158808,high_profile_stability,balanced_default,상권 환경 프로필이 재표본에도 비교적 안정적이므로 균형 시나리오를 사용,0.9907621247113164,0.9584295612009238,0.46882217090069284,0.9745958429561201,brand_environment_fit=0.991 | low_competition_risk=0.975 | brand_specific_advantage=0.958 | market_opportunity=0.469,no_model_level_high_risk_flag,not_recommended__no_store_area_seat_or_store_outcome_data,insufficient,False,False,False,not_observable_from_current_official_html,73,20,top20_available,brand_environment_fit=0.991 | low_competition_risk=0.975 | brand_specific_advantage=0.958,no_model_level_caution_flag,positive_drivers=brand_environment_fit=0.991 | low_competition_risk=0.975 | brand_specific_advantage=0.958 || caution_flags=no_model_level_caution_flag || profile_stability=high_profile_stability || available_recommendation_count=20
3120158,녹두거리(대학동),11620,695809095.0,79236.0,8781.476790852643,0.7778290993071594,0.6944444444444444,0.5833333333333334,0.49603174603174605,0.8611111111111112,0.9801587301587301,0.8690476190476191,0.027777777777777776,0.051587301587301584,0.3412698412698413,BRD_20170827,핫브레드,0.3083140877598152,False,3446.7940176319808,107.28000742995447,15,20,0.31755196304849886,True,0.4491685912240184,0.5430715935334873,0.6369745958429561,214.0,161.0,105.0,160.0,False,direct_size_estimation_deferred,매장 면적·좌석·점포별 매출이 없어 규모별 적합도와 argmax 규모는 산출하지 않음,0.5997106465016507,0.8822170900692841,usable_area_profile,True,balanced_default,True,0.6657159353348729,14.0,0.7973441108545035,0.09329858848587673,0.9096919963331318,0.9515011547344111,True,True,0.8309815242494226,6.0,0.4548459981665659,0.9096919963331318,True,True,0.6306741594044875,7.0,37,0.6700788808614897,0.7981816963158808,high_profile_stability,balanced_default,상권 환경 프로필이 재표본에도 비교적 안정적이므로 균형 시나리오를 사용,0.8845265588914549,0.9515011547344111,0.812933025404157,0.7875288683602771,brand_specific_advantage=0.952 | brand_environment_fit=0.885 | market_opportunity=0.813 | low_competition_risk=0.788,no_model_level_high_risk_flag,not_recommended__no_store_area_seat_or_store_outcome_data,insufficient,False,False,False,not_observable_from_current_official_html,73,20,top20_available,brand_specific_advantage=0.952 | brand_environment_fit=0.885 | market_opportunity=0.813 | low_competition_risk=0.788,no_model_level_caution_flag,positive_drivers=brand_specific_advantage=0.952 | brand_environment_fit=0.885 | market_opportunity=0.813 | low_competition_risk=0.788 || caution_flags=no_model_level_caution_flag || profile_stability=high_profile_stability || available_recommendation_count=20
3110892,관악구 중앙길,11620,913081619.0,87290.0,10460.323278726086,0.8403002309468822,0.6944444444444444,0.5833333333333334,0.49603174603174605,0.8611111111111112,0.9801587301587301,0.8690476190476191,0.027777777777777776,0.051587301587301584,0.3412698412698413,BRD_20170827,핫브레드,0.3083140877598152,False,1821.079350259868,165.92166821826325,24,76,0.40127020785219397,True,0.4679099307159353,0.5743071593533488,0.680704387990762,197.0,130.0,82.0,136.33333333333334,False,direct_size_estimation_deferred,매장 면적·좌석·점포별 매출이 없어 규모별 적합도와 argmax 규모는 산출하지 않음,0.46119438386228173,0.9561200923787528,usable_area_profile,True,balanced_default,True,0.7119745958429561,6.0,0.8969399538106235,0.08337710218528369,0.7097888630935748,0.9076212471131639,True,True,0.8417840646651269,4.0,0.3548944315467874,0.7097888630935748,True,True,0.6288031203254403,8.0,37,0.6700788808614897,0.7981816963158808,high_profile_stability,balanced_default,상권 환경 프로필이 재표본에도 비교적 안정적이므로 균형 시나리오를 사용,0.9584295612009238,0.9076212471131639,0.8845265588914549,0.663972286374134,brand_environment_fit=0.958 | brand_specific_advantage=0.908 | market_opportunity=0.885 | low_competition_risk=0.664,no_model_level_high_risk_flag,not_recommended__no_store_area_seat_or_store_outcome_data,insufficient,False,False,False,not_observable_from_current_official_html,73,20,top20_available,brand_environment_fit=0.958 | brand_specific_advantage=0.908 | market_opportunity=0.885,competition_risk_moderate,positive_drivers=brand_environment_fit=0.958 | brand_specific_advantage=0.908 | market_opportunity=0.885 || caution_flags=competition_risk_moderate || profile_stability=high_profile_stability || available_recommendation_count=20
3110943,법제교육센터(버들어린이공원),11650,849985150.0,98576.0,8622.637863171563,0.812471131639723,0.7619047619047619,0.2857142857142857,0.7023809523809523,0.6785714285714286,0.8293650793650794,0.7777777777777778,0.42857142857142855,0.08333333333333333,0.5198412698412699,BRD_20170827,핫브레드,0.9780600461893765,False,1553.262695120467,67.35725648954265,25,54,0.6518475750577367,True,0.9283833718244804,0.8952655889145498,0.862147806004619,7.0,12.0,19.0,12.666666666666666,False,direct_size_estimation_deferred,매장 면적·좌석·점포별 매출이 없어 규모별 적합도와 argmax 규모는 산출하지 않음,0.5417627197723425,0.9168591224018476,usable_area_profile,True,balanced_default,True,0.6450173210161664,22.0,0.8574865280985374,0.06302143766630533,0.94210155308872,0.9561200923787528,True,True,0.8034699769053119,9.0,0.47105077654436,0.94210155308872,True,True,0.6237014900353297,9.0,37,0.6700788808614897,0.7981816963158808,high_profile_stability,balanced_default,상권 환경 프로필이 재표본에도 비교적 안정적이므로 균형 시나리오를 사용,0.9191685912240185,0.9561200923787528,0.8545034642032333,0.2748267898383372,brand_specific_advantage=0.956 | brand_environment_fit=0.919 | market_opportunity=0.855 | low_competition_risk=0.275,no_model_level_high_risk_flag,not_recommended__no_store_area_seat_or_store_outcome_data,insufficient,False,False,False,not_observable_from_current_official_html,73,20,top20_available,brand_specific_advantage=0.956 | brand_environment_fit=0.919 | market_opportunity=0.855,competition_risk_elevated_but_below_exclusion,positive_drivers=brand_specific_advantage=0.956 | brand_environment_fit=0.919 | market_opportunity=0.855 || caution_flags=competition_risk_elevated_but_below_exclusion || profile_stability=high_profile_stability || available_recommendation_count=20
3110002,독립문역 1번,11110,365825854.0,38233.0,9568.32720424764,0.61824480369515,0.876984126984127,0.42857142857142855,0.503968253968254,0.75,0.9444444444444444,0.8531746031746031,0.2619047619047619,0.05952380952380952,0.3611111111111111,BRD_20170827,핫브레드,0.8960739030023095,False,1878.732817591502,115.00434770468347,4,14,0.12586605080831406,True,0.8127251732101616,0.7571593533487297,0.7015935334872978,45.0,51.0,75.0,57.0,False,direct_size_estimation_deferred,매장 면적·좌석·점포별 매출이 없어 규모별 적합도와 argmax 규모는 산출하지 않음,0.8258370582613169,0.6997690531177829,usable_area_profile,True,balanced_default,True,0.5473903002309468,71.0,0.6359699769053118,0.047990838955537095,1.329401144072105,0.9884526558891455,True,True,0.771905311778291,19.0,0.6647005720360525,1.329401144072105,True,True,0.6195389646467984,10.0,37,0.6700788808614897,0.7981816963158808,high_profile_stability,balanced_default,상권 환경 프로필이 재표본에도 비교적 안정적이므로 균형 시나리오를 사용,0.7020785219399538,0.9884526558891455,0.6351039260969977,0.9387990762124712,brand_specific_advantage=0.988 | low_competition_risk=0.939 | brand_environment_fit=0.702 | market_opportunity=0.635,no_model_level_high_risk_flag,not_recommended__no_store_area_seat_or_store_outcome_data,insufficient,False,False,False,not_observable_from_current_official_html,73,20,top20_available,brand_specific_advantage=0.988 | low_competition_risk=0.939 | brand_environment_fit=0.702,no_model_level_caution_flag,positive_drivers=brand_specific_advantage=0.988 | low_competition_risk=0.939 | brand_environment_fit=0.702 || caution_flags=no_model_level_caution_flag || profile_stability=high_profile_stability || available_recommendation_count=20
3130065,무학봉상점가,11200,317290806.0,29717.0,10677.080660901167,0.5839491916859122,0.9206349206349206,0.38492063492063494,0.5555555555555556,0.9920634920634921,0.9841269841269841,0.9563492063492064,0.10317460317460317,0.015873015873015872,0.07936507936507936,BRD_20170827,핫브레드,0.13394919168591224,False,2957.3171963462037,58.18075286774034,23,73,0.6581986143187066,True,0.2689491916859122,0.3589491916859122,0.4489491916859122,324.0,282.0,218.0,274.6666666666667,False,direct_size_estimation_deferred,매장 면적·좌석·점포별 매출이 없어 규모별 적합도와 argmax 규모는 산출하지 않음,0.49468124265061686,0.9376443418013857,usable_area_profile,True,balanced_default,True,0.5744745958429561,62.0,0.8650885296381832,0.061125252480024796,1.1870022489790635,0.9792147806004619,True,True,0.7494341801385681,26.0,0.5935011244895317,1.1870022489790635,True,True,0.6160683496914284,11.0,37,0.6700788808614897,0.7981816963158808,high_profile_stability,balanced_default,상권 환경 프로필이 재표본에도 비교적 안정적이므로 균형 시나리오를 사용,0.9399538106235565,0.9792147806004619,0.5958429561200924,0.2678983833718245,brand_specific_advantage=0.979 | brand_environment_fit=0.940 | market_opportunity=0.596 | low_competition_risk=0.268,no_model_level_high_risk_flag,not_recommended__no_store_area_seat_or_store_outcome_data,insufficient,False,False,False,not_observable_from_current_official_html,73,20,top20_available,brand_specific_advantage=0.979 | brand_environment_fit=0.940,competition_risk_elevated_but_below_exclusion,positive_drivers=brand_specific_advantage=0.979 | brand_environment_fit=0.940 || caution_flags=competition_risk_elevated_but_below_exclusion || profile_stability=high_profile_stability || available_recommendation_count=20
3120188,압구정역,11680,1784647410.0,134975.0,13222.058973884052,0.9404157043879908,0.7817460317460317,0.18253968253968253,0.75,0.6468253968253969,0.8531746031746031,0.9206349206349206,0.4365079365079365,0.027777777777777776,0.4880952380952381,BRD_20170827,핫브레드,0.8083140877598153,False,1313.3944570980261,98.31073190628577,25,98,0.5363741339491916,True,0.847944572748268,0.874364896073903,0.9007852193995382,26.0,15.0,13.0,18.0,False,direct_size_estimation_deferred,매장 면적·좌석·점포별 매출이 없어 규모별 적합도와 argmax 규모는 산출하지 않음,0.42589548898085045,0.9699769053117783,usable_area_profile,True,balanced_default,True,0.7336778290993071,1.0,0.9592956120092379,0.027451419670695573,0.3890980295617539,0.7829099307159353,True,True,0.8058256351039261,8.0,0.19454901478087694,0.3890980295617539,True,True,0.5890505847345079,12.0,37,0.6700788808614897,0.7981816963158808,high_profile_stability,balanced_default,상권 환경 프로필이 재표본에도 비교적 안정적이므로 균형 시나리오를 사용,0.9722863741339491,0.7829099307159353,0.9745958429561201,0.45381062355658197,market_opportunity=0.975 | brand_environment_fit=0.972 | brand_specific_advantage=0.783 | low_competition_risk=0.454,no_model_level_high_risk_flag,not_recommended__no_store_area_seat_or_store_outcome_data,insufficient,False,False,False,not_observable_from_current_official_html,73,20,top20_available,market_opportunity=0.975 | brand_environment_fit=0.972 | brand_specific_advantage=0.783,competition_risk_moderate,positive_drivers=market_opportunity=0.975 | brand_environment_fit=0.972 | brand_specific_advantage=0.783 || caution_flags=competition_risk_moderate || profile_stability=high_profile_stability || available_recommendation_count=20
3110861,관악구신사동주민센터,11620,589729084.0,55496.0,10626.515136226035,0.7545034642032333,0.6944444444444444,0.5833333333333334,0.49603174603174605,0.8611111111111112,0.9801587301587301,0.8690476190476191,0.027777777777777776,0.051587301587301584,0.3412698412698413,BRD_20170827,핫브레드,0.3083140877598152,False,1792.142851469697,95.41488351930987,18,53,0.4266743648960739,True,0.44217090069284065,0.5314087759815243,0.6206466512702079,221.0,167.0,116.0,168.0,False,direct_size_estimation_deferred,매장 면적·좌석·점포별 매출이 없어 규모별 적합도와 argmax 규모는 산출하지 않음,0.658366444982712,0.8498845265588915,usable_area_profile,True,balanced_default,True,0.6250173210161664,31.0,0.793206312548114,0.06850646125718389,0.8273411437499103,0.9284064665127021,True,True,0.7886778290993073,15.0,0.41367057187495515,0.8273411437499103,True,True,0.5882027140130472,13.0,37,0.6700788808614897,0.7981816963158808,high_profile_stability,balanced_default,상권 환경 프로필이 재표본에도 비교적 안정적이므로 균형 시나리오를 사용,0.8521939953810623,0.9284064665127021,0.7852193995381063,0.6235565819861432,brand_specific_advantage=0.928 | brand_environment_fit=0.852 | market_opportunity=0.785 | low_competition_risk=0.624,no_model_level_high_risk_flag,not_recommended__no_store_area_seat_or_store_outcome_data,insufficient,False,False,False,not_observable_from_current_official_html,73,20,top20_available,brand_specific_advantage=0.928 | brand_environment_fit=0.852 | market_opportunity=0.785,competition_risk_moderate,positive_drivers=brand_specific_advantage=0.928 | brand_environment_fit=0.852 | market_opportunity=0.785 || caution_flags=competition_risk_moderate || profile_stability=high_profile_stability || available_recommendation_count=20
3120175,남부터미널역,11650,960650667.0,103198.0,9308.810897498013,0.8390300230946882,0.7619047619047619,0.2857142857142857,0.7023809523809523,0.6785714285714286,0.8293650793650794,0.7777777777777778,0.42857142857142855,0.08333333333333333,0.5198412698412699,BRD_20170827,핫브레드,0.9780600461893765,False,1199.8966622604814,49.929950906089985,13,46,0.4849884526558892,True,0.93635103926097,0.9085450346420323,0.8807390300230946,6.0,9.0,15.0,10.0,False,direct_size_estimation_deferred,매장 면적·좌석·점포별 매출이 없어 규모별 적합도와 argmax 규모는 산출하지 않음,0.5689130550280846,0.9030023094688222,usable_area_profile,True,balanced_default,True,0.6724133949191685,11.0,0.8356428021555042,0.10952373119230398,0.6150220283770901,0.8729792147806005,True,True,0.79905311778291,12.0,0.30751101418854504,0.6150220283770901,True,True,0.5849383237881617,14.0,37,0.6700788808614897,0.7981816963158808,high_profile_stability,balanced_default,상권 환경 프로필이 재표본에도 비교적 안정적이므로 균형 시나리오를 사용,0.9053117782909931,0.8729792147806005,0.8822170900692841,0.5127020785219399,brand_environment_fit=0.905 | market_opportunity=0.882 | brand_specific_advantage=0.873 | low_competition_risk=0.513,no_model_level_high_risk_flag,not_recommended__no_store_area_seat_or_store_outcome_data,insufficient,False,False,False,not_observable_from_current_official_html,73,20,top20_available,brand_environment_fit=0.905 | market_opportunity=0.882 | brand_specific_advantage=0.873,competition_risk_moderate,positive_drivers=brand_environment_fit=0.905 | market_opportunity=0.882 | brand_specific_advantage=0.873 || caution_flags=competition_risk_moderate || profile_stability=high_profile_stability || available_recommendation_count=20
3120228,석촌역(석촌호수),11710,510280686.0,47215.0,10807.596865402944,0.7248267898383373,0.8531746031746031,0.13095238095238096,0.6746031746031746,0.9325396825396826,0.8928571428571429,0.7063492063492064,0.4087301587301587,0.03968253968253968,0.5436507936507936,BRD_20170827,핫브레드,0.7020785219399538,False,862.6754893857718,78.44743464456866,38,112,0.6876443418013857,True,0.7089030023094688,0.7134526558891455,0.7180023094688223,79.0,66.0,66.0,70.33333333333333,False,direct_size_estimation_deferred,매장 면적·좌석·점포별 매출이 없어 규모별 적합도와 argmax 규모는 산출하지 않음,0.3380968254221482,0.9953810623556582,usable_area_profile,True,balanced_default,True,0.6482332563510392,18.0,0.9733448806774442,0.0333978756040919,0.6598078853708319,0.8845265588914549,True,True,0.7667263279445727,20.0,0.32990394268541595,0.6598078853708319,True,True,0.5762920150438217,15.0,37,0.6700788808614897,0.7981816963158808,high_profile_stability,balanced_default,상권 환경 프로필이 재표본에도 비교적 안정적이므로 균형 시나리오를 사용,0.9976905311778291,0.8845265588914549,0.7528868360277137,0.23556581986143188,brand_environment_fit=0.998 | brand_specific_advantage=0.885 | market_opportunity=0.753 | low_competition_risk=0.236,no_model_level_high_risk_flag,not_recommended__no_store_area_seat_or_store_outcome_data,insufficient,False,False,False,not_observable_from_current_official_html,73,20,top20_available,brand_environment_fit=0.998 | brand_specific_advantage=0.885 | market_opportunity=0.753,competition_risk_elevated_but_below_exclusion | same_brand_distance_750m_to_1000m_review,positive_drivers=brand_environment_fit=0.998 | brand_specific_advantage=0.885 | market_opportunity=0.753 || caution_flags=competition_risk_elevated_but_below_exclusion | same_brand_distance_750m_to_1000m_review || profile_stability=high_profile_stability || available_recommendation_count=20
3001493,동대문패션타운 관광특구,11140,440248985.0,46018.0,9566.886544395671,0.673094688221709,0.873015873015873,0.5793650793650794,0.6428571428571429,0.34523809523809523,0.8571428571428571,0.8214285714285714,0.0873015873015873,0.023809523809523808,0.8293650793650794,BRD_20170827,핫브레드,0.23094688221709006,False,1805.0299166573473,83.38465086597759,13,73,0.3418013856812933,True,0.36359122401847577,0.45202078521939953,0.5404503464203233,264.0,214.0,170.0,216.0,False,direct_size_estimation_deferred,매장 면적·좌석·점포별 매출이 없어 규모별 적합도와 argmax 규모는 산출하지 않음,0.6660544578462271,0.8406466512702079,usable_area_profile,True,balanced_default,True,0.6046362586605081,43.0,0.7444187836797537,0.11483237387414628,0.8379855292020506,0.9376443418013857,True,True,0.7779099307159354,18.0,0.4189927646010253,0.8379855292020506,True,True,0.5749673290422296,16.0,37,0.6700788808614897,0.7981816963158808,high_profile_stability,balanced_default,상권 환경 프로필이 재표본에도 비교적 안정적이므로 균형 시나리오를 사용,0.8429561200923787,0.9376443418013857,0.6882217090069284,0.7528868360277137,brand_specific_advantage=0.938 | brand_environment_fit=0.843 | low_competition_risk=0.753 | market_opportunity=0.688,no_model_level_high_risk_flag,not_recommended__no_store_area_seat_or_store_outcome_data,insufficient,False,False,False,not_observable_from_current_official_html,73,20,top20_available,brand_specific_advantage=0.938 | brand_environment_fit=0.843 | low_competition_risk=0.753,no_model_level_caution_flag,positive_drivers=brand_specific_advantage=0.938 | brand_environment_fit=0.843 | low_competition_risk=0.753 || caution_flags=no_model_level_caution_flag || profile_stability=high_profile_stability || available_recommendation_count=20
3120245,둔촌역,11740,1831672609.0,200933.0,9115.837662305346,0.89364896073903,0.8452380952380952,0.06746031746031746,0.7063492063492064,0.38492063492063494,0.6626984126984127,0.7182539682539683,0.5833333333333334,0.06746031746031746,0.6507936507936508,BRD_20170827,핫브레드,0.38799076212471134,False,3576.528624215312,53.225933566835145,37,65,0.7881062355658199,True,0.5396882217090069,0.6408198614318706,0.7419515011547344,155.0,97.0,57.0,103.0,False,direct_size_estimation_deferred,매장 면적·좌석·점포별 매출이 없어 규모별 적합도와 argmax 규모는 산출하지 않음,0.6923870105461488,0.8198614318706697,usable_area_profile,True,balanced_default,True,0.6044919168591224,44.0,0.7641454965357967,0.07137557557582579,0.7806022562393671,0.9191685912240185,True,True,0.7635046189376443,21.0,0.39030112811968354,0.7806022562393671,True,True,0.5681585126247991,17.0,37,0.6700788808614897,0.7981816963158808,high_profile_stability,balanced_default,상권 환경 프로필이 재표본에도 비교적 안정적이므로 균형 시나리오를 사용,0.8221709006928406,0.9191685912240185,0.9330254041570438,0.10161662817551963,market_opportunity=0.933 | brand_specific_advantage=0.919 | brand_environment_fit=0.822 | low_competition_risk=0.102,no_model_level_high_risk_flag,not_recommended__no_store_area_seat_or_store_outcome_data,insufficient,False,False,False,not_observable_from_current_official_html,73,20,top20_available,market_opportunity=0.933 | brand_specific_advantage=0.919 | brand_environment_fit=0.822,competition_risk_elevated_but_below_exclusion,positive_drivers=market_opportunity=0.933 | brand_specific_advantage=0.919 | brand_environment_fit=0.822 || caution_flags=competition_risk_elevated_but_below_exclusion || profile_stability=high_profile_stability || available_recommendation_count=20
3120037,동대문역사문화공원역,11140,991150857.0,75063.0,13204.253187322649,0.8695150115473441,0.873015873015873,0.5793650793650794,0.6428571428571429,0.34523809523809523,0.8571428571428571,0.8214285714285714,0.0873015873015873,0.023809523809523808,0.8293650793650794,BRD_20170827,핫브레드,0.23094688221709006,False,1875.9211070963177,125.25573836405046,15,74,0.2840646651270208,True,0.4225173210161663,0.5502309468822171,0.6779445727482679,240.0,154.0,84.0,159.33333333333334,False,direct_size_estimation_deferred,매장 면적·좌석·점포별 매출이 없어 규모별 적합도와 argmax 규모는 산출하지 않음,0.7003048842956213,0.812933025404157,usable_area_profile,True,balanced_default,True,0.6681870669745958,13.0,0.7372016936104696,0.1468679111485937,0.5156424654059809,0.8429561200923787,True,True,0.7993071593533487,11.0,0.25782123270299045,0.5156424654059809,True,True,0.5637362767116356,18.0,37,0.6700788808614897,0.7981816963158808,high_profile_stability,balanced_default,상권 환경 프로필이 재표본에도 비교적 안정적이므로 균형 시나리오를 사용,0.815242494226328,0.8429561200923787,0.9053117782909931,0.8267898383371824,market_opportunity=0.905 | brand_specific_advantage=0.843 | low_competition_risk=0.827 | brand_environment_fit=0.815,no_model_level_high_risk_flag,not_recommended__no_store_area_seat_or_store_outcome_data,insufficient,False,False,False,not_observable_from_current_official_html,73,20,top20_available,market_opportunity=0.905 | brand_specific_advantage=0.843 | low_competition_risk=0.827 | brand_environment_fit=0.815,no_model_level_caution_flag,positive_drivers=market_opportunity=0.905 | brand_specific_advantage=0.843 | low_competition_risk=0.827 | brand_environment_fit=0.815 || caution_flags=no_model_level_caution_flag || profile_stability=high_profile_stability || available_recommendation_count=20
3120122,강서구청,11500,146437442.0,15511.0,9440.876926052479,0.36374133949191684,0.8373015873015873,0.23809523809523808,0.623015873015873,0.32142857142857145,0.8333333333333334,0.9246031746031746,0.46825396825396826,0.05555555555555555,0.42063492063492064,BRD_20170827,핫브레드,0.5046189376443418,False,1391.5415911949387,39.84971771890175,6,33,0.41512702078521935,True,0.4623556581986143,0.4341801385681293,0.40600461893764433,201.0,226.0,242.0,223.0,False,direct_size_estimation_deferred,매장 면적·좌석·점포별 매출이 없어 규모별 적합도와 argmax 규모는 산출하지 않음,0.3438881979236803,0.9907621247113164,usable_area_profile,True,balanced_default,True,0.5604214780600463,65.0,0.9385103926096998,0.05795445439278821,0.9015999313439961,0.9491916859122402,True,True,0.7237586605080832,35.0,0.45079996567199804,0.9015999313439961,True,True,0.5539693644286172,19.0,37,0.6700788808614897,0.7981816963158808,high_profile_stability,balanced_default,상권 환경 프로필이 재표본에도 비교적 안정적이므로 균형 시나리오를 사용,0.9930715935334873,0.9491916859122402,0.3533487297921478,0.6443418013856813,brand_environment_fit=0.993 | brand_specific_advantage=0.949 | low_competition_risk=0.644 | market_opportunity=0.353,no_model_level_high_risk_flag,not_recommended__no_store_area_seat_or_store_outcome_data,insufficient,False,False,False,not_observable_from_current_official_html,73,20,top20_available,brand_environment_fit=0.993 | brand_specific_advantage=0.949,competition_risk_moderate,positive_drivers=brand_environment_fit=0.993 | brand_specific_advantage=0.949 || caution_flags=competition_risk_moderate || profile_stability=high_profile_stability || available_recommendation_count=20
3110810,영신초등학교,11560,325709619.0,29453.0,11058.62285675483,0.5928406466512702,0.8571428571428571,0.7698412698412699,0.5277777777777778,0.23809523809523808,0.9007936507936508,0.9761904761904762,0.3373015873015873,0.047619047619047616,0.25,BRD_20170827,핫브레드,0.18706697459584296,False,1269.5451941427477,74.63243262412867,11,41,0.34757505773672054,True,0.30879907621247116,0.3899538106235566,0.471108545034642,297.0,261.0,206.0,254.66666666666666,False,direct_size_estimation_deferred,매장 면적·좌석·점포별 매출이 없어 규모별 적합도와 argmax 규모는 산출하지 않음,0.4216391015417628,0.9722863741339491,usable_area_profile,True,balanced_default,True,0.641501154734411,25.0,0.941108545034642,0.05647173325249758,0.5520961958065667,0.8498845265588915,True,True,0.7573556581986144,23.0,0.27604809790328333,0.5520961958065667,True,True,0.5503697211021767,20.0,37,0.6700788808614897,0.7981816963158808,high_profile_stability,balanced_default,상권 환경 프로필이 재표본에도 비교적 안정적이므로 균형 시나리오를 사용,0.9745958429561201,0.8498845265588915,0.6073903002309469,0.7494226327944573,brand_environment_fit=0.975 | brand_specific_advantage=0.850 | low_competition_risk=0.749 | market_opportunity=0.607,no_model_level_high_risk_flag,not_recommended__no_store_area_seat_or_store_outcome_data,insufficient,False,False,False,not_observable_from_current_official_html,73,20,top20_available,brand_environment_fit=0.975 | brand_specific_advantage=0.850 | low_competition_risk=0.749,no_model_level_caution_flag,positive_drivers=brand_environment_fit=0.975 | brand_specific_advantage=0.850 | low_competition_risk=0.749 || caution_flags=no_model_level_caution_flag || profile_stability=high_profile_stability || available_recommendation_count=20
3120062,신설동역,11230,583819931.0,56521.0,10329.256931052176,0.748498845265589,0.6904761904761905,0.5396825396825397,0.5714285714285714,0.9603174603174603,0.9126984126984127,0.4087301587301587,0.1865079365079365,0.09126984126984126,0.6825396825396826,BRD_20201275,호두당,0.8279445727482679,False,1340.3824081269352,109.76793705062819,8,37,0.16743648960739027,True,0.8041108545034642,0.7882217090069285,0.7723325635103926,35.0,34.0,47.0,38.666666666666664,False,direct_size_estimation_deferred,매장 면적·좌석·점포별 매출이 없어 규모별 적합도와 argmax 규모는 산출하지 않음,0.5600911411378351,0.9399538106235565,usable_area_profile,True,conservative_fit,True,0.7068360277136259,6.0,0.7826212471131639,0.07792402283278821,2.0190508368388747,0.8799076212471132,True,True,0.8333833718244804,1.0,1.0,2.0190508368388747,True,True,0.7963625866050809,1.0,5,0.6138433351007708,0.592256815670702,moderate_profile_stability,conservative_fit,상권 환경 프로필이 보통 안정성이므로 절대 적합도를 더 엄격히 보는 보수 시나리오를 사용,0.9422632794457275,0.9387990762124712,0.7782909930715936,0.9053117782909931,brand_environment_fit=0.942 | brand_specific_advantage=0.939 | low_competition_risk=0.905 | market_opportunity=0.778,profile_stability_moderate__confirm_local_site_conditions,not_recommended__no_store_area_seat_or_store_outcome_data,rich,True,True,False,not_observable_from_current_official_html,73,20,top20_available,brand_environment_fit=0.942 | brand_specific_advantage=0.939 | low_competition_risk=0.905 | market_opportunity=0.778,profile_stability_moderate,positive_drivers=brand_environment_fit=0.942 | brand_specific_advantage=0.939 | low_competition_risk=0.905 | market_opportunity=0.778 || caution_flags=profile_stability_moderate || profile_stability=moderate_profile_stability || available_recommendation_count=20
3120208,청담사거리(청담동명품거리),11680,990117589.0,45474.0,21773.267999296302,0.8292147806004619,0.7817460317460317,0.18253968253968253,0.75,0.6468253968253969,0.8531746031746031,0.9206349206349206,0.4365079365079365,0.027777777777777776,0.4880952380952381,BRD_20201275,호두당,0.6997690531177829,False,2621.2754529141453,112.3610252495735,13,63,0.2557736720554272,True,0.7386027713625866,0.7644919168591224,0.7903810623556582,73.0,46.0,39.0,52.666666666666664,False,direct_size_estimation_deferred,매장 면적·좌석·점포별 매출이 없어 규모별 적합도와 argmax 규모는 산출하지 않음,0.7214403026940793,0.838337182448037,usable_area_profile,True,conservative_fit,True,0.671027713625866,13.5,0.5710161662817552,0.1132720169637635,2.359991667242931,0.9260969976905312,True,True,0.8323383371824481,2.0,1.0,2.359991667242931,True,True,0.7670612009237876,2.0,5,0.6138433351007708,0.592256815670702,moderate_profile_stability,conservative_fit,상권 환경 프로필이 보통 안정성이므로 절대 적합도를 더 엄격히 보는 보수 시나리오를 사용,0.8406466512702079,0.9387990762124712,0.8660508083140878,0.8556581986143187,brand_specific_advantage=0.939 | market_opportunity=0.866 | low_competition_risk=0.856 | brand_environment_fit=0.841,profile_stability_moderate__confirm_local_site_conditions,not_recommended__no_store_area_seat_or_store_outcome_data,rich,True,True,False,not_observable_from_current_official_html,73,20,top20_available,brand_specific_advantage=0.939 | market_opportunity=0.866 | low_competition_risk=0.856 | brand_environment_fit=0.841,profile_stability_moderate,positive_drivers=brand_specific_advantage=0.939 | market_opportunity=0.866 | low_competition_risk=0.856 | brand_environment_fit=0.841 || caution_flags=profile_stability_moderate || profile_stability=moderate_profile_stability || available_recommendation_count=20
3110943,법제교육센터(버들어린이공원),11650,849985150.0,98576.0,8622.637863171563,0.812471131639723,0.7619047619047619,0.2857142857142857,0.7023809523809523,0.6785714285714286,0.8293650793650794,0.7777777777777778,0.42857142857142855,0.08333333333333333,0.5198412698412699,BRD_20201275,호두당,0.9364896073903002,False,4010.246127152995,67.35725648954265,25,54,0.6466512702078522,True,0.899284064665127,0.8744803695150116,0.849676674364896,12.0,11.0,16.0,13.0,False,direct_size_estimation_deferred,매장 면적·좌석·점포별 매출이 없어 규모별 적합도와 argmax 규모는 산출하지 않음,0.4544974628318349,0.9722863741339491,usable_area_profile,True,conservative_fit,True,0.6735103926096998,12.0,0.8574865280985374,0.06302143766630533,1.8215999235572806,0.8521939953810623,True,True,0.7793071593533488,9.0,0.9107999617786403,1.8215999235572806,True,True,0.7550671959873854,3.0,5,0.6138433351007708,0.592256815670702,moderate_profile_stability,conservative_fit,상권 환경 프로필이 보통 안정성이므로 절대 적합도를 더 엄격히 보는 보수 시나리오를 사용,0.9745958429561201,0.8521939953810623,0.8545034642032333,0.2840646651270208,brand_environment_fit=0.975 | market_opportunity=0.855 | brand_specific_advantage=0.852 | low_competition_risk=0.284,profile_stability_moderate__confirm_local_site_conditions,not_recommended__no_store_area_seat_or_store_outcome_data,rich,True,True,False,not_observable_from_current_official_html,73,20,top20_available,brand_environment_fit=0.975 | market_opportunity=0.855 | brand_specific_advantage=0.852,profile_stability_moderate | competition_risk_elevated_but_below_exclusion,positive_drivers=brand_environment_fit=0.975 | market_opportunity=0.855 | brand_specific_advantage=0.852 || caution_flags=profile_stability_moderate | competition_risk_elevated_but_below_exclusion || profile_stability=moderate_profile_stability || available_recommendation_count=20
3120164,내방역,11650,960846805.0,94433.0,10174.905012019104,0.8489607390300231,0.7619047619047619,0.2857142857142857,0.7023809523809523,0.6785714285714286,0.8293650793650794,0.7777777777777778,0.42857142857142855,0.08333333333333333,0.5198412698412699,BRD_20201275,호두당,0.9364896073903002,False,1201.4861630216803,49.19349552951682,19,50,0.6293302540415704,True,0.910230946882217,0.8927251732101616,0.8752193995381061,8.0,9.0,9.0,8.666666666666666,False,direct_size_estimation_deferred,매장 면적·좌석·점포별 매출이 없어 규모별 적합도와 argmax 규모는 산출하지 않음,0.6734303243706197,0.8891454965357968,usable_area_profile,True,conservative_fit,True,0.6473094688221709,23.0,0.6326982294072364,0.09166173985085503,2.797756921762905,0.9515011547344111,True,True,0.8076327944572749,3.0,1.0,2.797756921762905,True,True,0.7549653579676675,4.0,5,0.6138433351007708,0.592256815670702,moderate_profile_stability,conservative_fit,상권 환경 프로필이 보통 안정성이므로 절대 적합도를 더 엄격히 보는 보수 시나리오를 사용,0.8914549653579676,0.9387990762124712,0.8914549653579676,0.3140877598152425,brand_specific_advantage=0.939 | brand_environment_fit=0.891 | market_opportunity=0.891 | low_competition_risk=0.314,profile_stability_moderate__confirm_local_site_conditions,not_recommended__no_store_area_seat_or_store_outcome_data,rich,True,True,False,not_observable_from_current_official_html,73,20,top20_available,brand_specific_advantage=0.939 | brand_environment_fit=0.891 | market_opportunity=0.891,profile_stability_moderate | competition_risk_elevated_but_below_exclusion,positive_drivers=brand_specific_advantage=0.939 | brand_environment_fit=0.891 | market_opportunity=0.891 || caution_flags=profile_stability_moderate | competition_risk_elevated_but_below_exclusion || profile_stability=moderate_profile_stability || available_recommendation_count=20
3130139,강북종합전통시장(강북종합골목시장),11305,556143075.0,53488.0,10397.529819772659,0.7376443418013857,0.8253968253968254,0.373015873015873,0.31746031746031744,0.42857142857142855,0.5396825396825397,0.1626984126984127,0.051587301587301584,0.5515873015873016,0.9365079365079365,BRD_20201275,호두당,0.21478060046189376,False,6205.464124447144,27.730849249436897,16,47,0.644919168591224,True,0.37163972286374136,0.4762124711316397,0.5807852193995381,290.0,232.0,160.0,227.33333333333334,False,direct_size_estimation_deferred,매장 면적·좌석·점포별 매출이 없어 규모별 적합도와 argmax 규모는 산출하지 않음,0.5956999742213138,0.930715935334873,usable_area_profile,True,conservative_fit,True,0.6267956120092378,31.0,0.7953233256351039,0.06734513734613744,2.0104288896744595,0.8775981524249422,True,True,0.7548094688221708,15.0,1.0,2.0104288896744595,True,True,0.7422055427251734,5.0,5,0.6138433351007708,0.592256815670702,moderate_profile_stability,conservative_fit,상권 환경 프로필이 보통 안정성이므로 절대 적합도를 더 엄격히 보는 보수 시나리오를 사용,0.9330254041570438,0.9387990762124712,0.7598152424942263,0.2863741339491917,brand_specific_advantage=0.939 | brand_environment_fit=0.933 | market_opportunity=0.760 | low_competition_risk=0.286,profile_stability_moderate__confirm_local_site_conditions,not_recommended__no_store_area_seat_or_store_outcome_data,rich,True,True,False,not_observable_from_current_official_html,73,20,top20_available,brand_specific_advantage=0.939 | brand_environment_fit=0.933 | market_opportunity=0.760,profile_stability_moderate | competition_risk_elevated_but_below_exclusion,positive_drivers=brand_specific_advantage=0.939 | brand_environment_fit=0.933 | market_opportunity=0.760 || caution_flags=profile_stability_moderate | competition_risk_elevated_but_below_exclusion || profile_stability=moderate_profile_stability || available_recommendation_count=20
3120148,국회의사당역(국회의사당),11560,658683908.0,52751.0,12486.662015885955,0.7863741339491918,0.8571428571428571,0.7698412698412699,0.5277777777777778,0.23809523809523808,0.9007936507936508,0.9761904761904762,0.3373015873015873,0.047619047619047616,0.25,BRD_20201275,호두당,0.13394919168591224,False,5541.23397807172,117.8346298709127,7,35,0.13741339491916857,True,0.32967667436489606,0.460161662817552,0.5906466512702079,316.0,249.0,152.0,239.0,False,direct_size_estimation_deferred,매장 면적·좌석·점포별 매출이 없어 규모별 적합도와 argmax 규모는 산출하지 않음,0.7676381674377554,0.7967667436489607,usable_area_profile,True,conservative_fit,True,0.6530023094688221,20.0,0.6668591224018475,0.06752546032082155,1.9238317018485551,0.8683602771362586,True,True,0.8016743648960739,4.0,0.9619158509242776,1.9238317018485551,True,True,0.7420378541860349,6.0,5,0.6138433351007708,0.592256815670702,moderate_profile_stability,conservative_fit,상권 환경 프로필이 보통 안정성이므로 절대 적합도를 더 엄격히 보는 보수 시나리오를 사용,0.7990762124711316,0.8683602771362586,0.8175519630484989,0.9284064665127021,low_competition_risk=0.928 | brand_specific_advantage=0.868 | market_opportunity=0.818 | brand_environment_fit=0.799,profile_stability_moderate__confirm_local_site_conditions,not_recommended__no_store_area_seat_or_store_outcome_data,rich,True,True,False,not_observable_from_current_official_html,73,20,top20_available,low_competition_risk=0.928 | brand_specific_advantage=0.868 | market_opportunity=0.818 | brand_environment_fit=0.799,profile_stability_moderate,positive_drivers=low_competition_risk=0.928 | brand_specific_advantage=0.868 | market_opportunity=0.818 | brand_environment_fit=0.799 || caution_flags=profile_stability_moderate || profile_stability=moderate_profile_stability || available_recommendation_count=20
3120205,매봉역,11680,580733796.0,60594.0,9584.014852955737,0.7444572748267898,0.7817460317460317,0.18253968253968253,0.75,0.6468253968253969,0.8531746031746031,0.9206349206349206,0.4365079365079365,0.027777777777777776,0.4880952380952381,BRD_20201275,호두당,0.6997690531177829,False,3367.6349268100034,70.4911341990284,16,64,0.4682448036951501,True,0.713175519630485,0.7221131639722864,0.7310508083140876,89.0,66.0,69.0,74.66666666666667,False,direct_size_estimation_deferred,매장 면적·좌석·점포별 매출이 없어 규모별 적합도와 argmax 규모는 산출하지 않음,0.37150943615770493,0.9884526558891455,usable_area_profile,True,conservative_fit,True,0.6845496535796766,10.0,0.855080831408776,0.08079051653086988,1.6508351500563616,0.8267898383371824,True,True,0.780352193995381,8.0,0.8254175750281808,1.6508351500563616,True,True,0.7410252944498859,7.0,5,0.6138433351007708,0.592256815670702,moderate_profile_stability,conservative_fit,상권 환경 프로필이 보통 안정성이므로 절대 적합도를 더 엄격히 보는 보수 시나리오를 사용,0.9907621247113164,0.8267898383371824,0.7713625866050808,0.5554272517321016,brand_environment_fit=0.991 | brand_specific_advantage=0.827 | market_opportunity=0.771 | low_competition_risk=0.555,profile_stability_moderate__confirm_local_site_conditions,not_recommended__no_store_area_seat_or_store_outcome_data,rich,True,True,False,not_observable_from_current_official_html,73,20,top20_available,brand_environment_fit=0.991 | brand_specific_advantage=0.827 | market_opportunity=0.771,profile_stability_moderate | competition_risk_moderate,positive_drivers=brand_environment_fit=0.991 | brand_specific_advantage=0.827 | market_opportunity=0.771 || caution_flags=profile_stability_moderate | competition_risk_moderate || profile_stability=moderate_profile_stability || available_recommendation_count=20
3120175,남부터미널역,11650,960650667.0,103198.0,9308.810897498013,0.8390300230946882,0.7619047619047619,0.2857142857142857,0.7023809523809523,0.6785714285714286,0.8293650793650794,0.7777777777777778,0.42857142857142855,0.08333333333333333,0.5198412698412699,BRD_20201275,호두당,0.9364896073903002,False,1199.8966622604814,49.929950906089985,13,46,0.4821016166281755,True,0.9072517321016166,0.8877598152424941,0.8682678983833718,9.0,10.0,11.0,10.0,False,direct_size_estimation_deferred,매장 면적·좌석·점포별 매출이 없어 규모별 적합도와 argmax 규모는 산출하지 않음,0.35160401412939074,0.9930715935334873,usable_area_profile,True,conservative_fit,True,0.7178810623556582,4.0,0.8356428021555042,0.10952373119230398,1.4373943406070269,0.792147806004619,True,True,0.794174364896074,6.0,0.7186971703035134,1.4373943406070269,True,True,0.7384502741001278,8.0,5,0.6138433351007708,0.592256815670702,moderate_profile_stability,conservative_fit,상권 환경 프로필이 보통 안정성이므로 절대 적합도를 더 엄격히 보는 보수 시나리오를 사용,0.9953810623556582,0.792147806004619,0.8822170900692841,0.5219399538106235,brand_environment_fit=0.995 | market_opportunity=0.882 | brand_specific_advantage=0.792 | low_competition_risk=0.522,profile_stability_moderate__confirm_local_site_conditions,not_recommended__no_store_area_seat_or_store_outcome_data,rich,True,True,False,not_observable_from_current_official_html,73,20,top20_available,brand_environment_fit=0.995 | market_opportunity=0.882 | brand_specific_advantage=0.792,profile_stability_moderate | competition_risk_moderate,positive_drivers=brand_environment_fit=0.995 | market_opportunity=0.882 | brand_specific_advantage=0.792 || caution_flags=profile_stability_moderate | competition_risk_moderate || profile_stability=moderate_profile_stability || available_recommendation_count=20
3120203,강남구청역,11680,691966445.0,51032.0,13559.46161232168,0.796189376443418,0.7817460317460317,0.18253968253968253,0.75,0.6468253968253969,0.8531746031746031,0.9206349206349206,0.4365079365079365,0.027777777777777776,0.4880952380952381,BRD_20201275,호두당,0.6997690531177829,False,1848.2148143731574,37.16180833436348,22,75,0.7349884526558892,True,0.7286951501154735,0.7479792147806005,0.7672632794457275,77.0,51.0,51.0,59.666666666666664,False,direct_size_estimation_deferred,매장 면적·좌석·점포별 매출이 없어 규모별 적합도와 argmax 규모는 산출하지 않음,0.5458686988954156,0.9422632794457275,usable_area_profile,True,conservative_fit,True,0.6395496535796767,29.0,0.7133371824480369,0.12133207471795614,1.886773118566079,0.8614318706697459,True,True,0.7558602771362587,13.0,0.9433865592830395,1.886773118566079,True,True,0.7383004504443165,9.0,5,0.6138433351007708,0.592256815670702,moderate_profile_stability,conservative_fit,상권 환경 프로필이 보통 안정성이므로 절대 적합도를 더 엄격히 보는 보수 시나리오를 사용,0.9445727482678984,0.8614318706697459,0.8267898383371824,0.1651270207852194,brand_environment_fit=0.945 | brand_specific_advantage=0.861 | market_opportunity=0.827 | low_competition_risk=0.165,profile_stability_moderate__confirm_local_site_conditions,not_recommended__no_store_area_seat_or_store_outcome_data,rich,True,True,False,not_observable_from_current_official_html,73,20,top20_available,brand_environment_fit=0.945 | brand_specific_advantage=0.861 | market_opportunity=0.827,profile_stability_moderate | competition_risk_elevated_but_below_exclusion,positive_drivers=brand_environment_fit=0.945 | brand_specific_advantage=0.861 | market_opportunity=0.827 || caution_flags=profile_stability_moderate | competition_risk_elevated_but_below_exclusion || profile_stability=moderate_profile_stability || available_recommendation_count=20
3120037,동대문역사문화공원역,11140,991150857.0,75063.0,13204.253187322649,0.8695150115473441,0.873015873015873,0.5793650793650794,0.6428571428571429,0.34523809523809523,0.8571428571428571,0.8214285714285714,0.0873015873015873,0.023809523809523808,0.8293650793650794,BRD_20201275,호두당,0.17782909930715934,False,3050.115571577939,125.25573836405046,15,74,0.28117782909930716,True,0.38533487297921476,0.5236720554272517,0.6620092378752886,281.0,187.0,106.0,191.33333333333334,False,direct_size_estimation_deferred,매장 면적·좌석·점포별 매출이 없어 규모별 적합도와 argmax 규모는 산출하지 않음,0.604175943642323,0.9284064665127021,usable_area_profile,True,conservative_fit,True,0.7263568129330255,1.0,0.7372016936104696,0.1468679111485937,1.3018825651355586,0.7598152424942263,True,True,0.8011258660508084,5.0,0.6509412825677793,1.3018825651355586,True,True,0.723358877223931,10.0,5,0.6138433351007708,0.592256815670702,moderate_profile_stability,conservative_fit,상권 환경 프로필이 보통 안정성이므로 절대 적합도를 더 엄격히 보는 보수 시나리오를 사용,0.930715935334873,0.7598152424942263,0.9053117782909931,0.8314087759815243,brand_environment_fit=0.931 | market_opportunity=0.905 | low_competition_risk=0.831 | brand_specific_advantage=0.760,profile_stability_moderate__confirm_local_site_conditions,not_recommended__no_store_area_seat_or_store_outcome_data,rich,True,True,False,not_observable_from_current_official_html,73,20,top20_available,brand_environment_fit=0.931 | market_opportunity=0.905 | low_competition_risk=0.831 | brand_specific_advantage=0.760,profile_stability_moderate,positive_drivers=brand_environment_fit=0.931 | market_opportunity=0.905 | low_competition_risk=0.831 | brand_specific_advantage=0.760 || caution_flags=profile_stability_moderate || profile_stability=moderate_profile_stability || available_recommendation_count=20
3120039,신당역,11140,297493143.0,26257.0,11330.050767414405,0.5739030023094689,0.873015873015873,0.5793650793650794,0.6428571428571429,0.34523809523809523,0.8571428571428571,0.8214285714285714,0.0873015873015873,0.023809523809523808,0.8293650793650794,BRD_20201275,호두당,0.17782909930715934,False,2628.825022707716,73.73601565834801,25,77,0.628175519630485,True,0.2966512702078522,0.37586605080831414,0.455080831408776,332.0,300.0,241.0,291.0,False,direct_size_estimation_deferred,매장 면적·좌석·점포별 매출이 없어 규모별 적합도와 argmax 규모는 산출하지 않음,0.567217320848771,0.9376443418013857,usable_area_profile,True,conservative_fit,True,0.5754618937644342,58.0,0.7810816012317168,0.061299755814496704,2.5540516187936197,0.9399538106235565,True,True,0.7352193995381062,23.0,1.0,2.5540516187936197,True,True,0.705715935334873,11.0,5,0.6138433351007708,0.592256815670702,moderate_profile_stability,conservative_fit,상권 환경 프로필이 보통 안정성이므로 절대 적합도를 더 엄격히 보는 보수 시나리오를 사용,0.9399538106235565,0.9387990762124712,0.5889145496535797,0.3163972286374134,brand_environment_fit=0.940 | brand_specific_advantage=0.939 | market_opportunity=0.589 | low_competition_risk=0.316,profile_stability_moderate__confirm_local_site_conditions,not_recommended__no_store_area_seat_or_store_outcome_data,rich,True,True,False,not_observable_from_current_official_html,73,20,top20_available,brand_environment_fit=0.940 | brand_specific_advantage=0.939,profile_stability_moderate | competition_risk_elevated_but_below_exclusion,positive_drivers=brand_environment_fit=0.940 | brand_specific_advantage=0.939 || caution_flags=profile_stability_moderate | competition_risk_elevated_but_below_exclusion || profile_stability=moderate_profile_stability || available_recommendation_count=20
3001493,동대문패션타운 관광특구,11140,440248985.0,46018.0,9566.886544395671,0.673094688221709,0.873015873015873,0.5793650793650794,0.6428571428571429,0.34523809523809523,0.8571428571428571,0.8214285714285714,0.0873015873015873,0.023809523809523808,0.8293650793650794,BRD_20201275,호두당,0.17782909930715934,False,2671.0810545528043,83.38465086597759,13,73,0.3389145496535797,True,0.32640877598152424,0.4254618937644342,0.5245150115473441,317.0,279.0,197.0,264.3333333333333,False,direct_size_estimation_deferred,매장 면적·좌석·점포별 매출이 없어 규모별 적합도와 argmax 규모는 산출하지 않음,0.6128740145944205,0.9260969976905312,usable_area_profile,True,conservative_fit,True,0.6477944572748269,22.0,0.7444187836797537,0.11483237387414628,1.5821166791334718,0.815242494226328,True,True,0.7550173210161664,14.0,0.7910583395667359,1.5821166791334718,True,True,0.7025856010579659,12.0,5,0.6138433351007708,0.592256815670702,moderate_profile_stability,conservative_fit,상권 환경 프로필이 보통 안정성이므로 절대 적합도를 더 엄격히 보는 보수 시나리오를 사용,0.9284064665127021,0.815242494226328,0.6882217090069284,0.7505773672055427,brand_environment_fit=0.928 | brand_specific_advantage=0.815 | low_competition_risk=0.751 | market_opportunity=0.688,profile_stability_moderate__confirm_local_site_conditions,not_recommended__no_store_area_seat_or_store_outcome_data,rich,True,True,False,not_observable_from_current_official_html,73,20,top20_available,brand_environment_fit=0.928 | brand_specific_advantage=0.815 | low_competition_risk=0.751,profile_stability_moderate,positive_drivers=brand_environment_fit=0.928 | brand_specific_advantage=0.815 | low_competition_risk=0.751 || caution_flags=profile_stability_moderate || profile_stability=moderate_profile_stability || available_recommendation_count=20
3120149,여의도역(여의도),11560,3585532298.0,257766.0,13910.02807973123,0.9752886836027713,0.8571428571428571,0.7698412698412699,0.5277777777777778,0.23809523809523808,0.9007936507936508,0.9761904761904762,0.3373015873015873,0.047619047619047616,0.25,BRD_20201275,호두당,0.13394919168591224,False,5156.278212018608,175.93180492668327,36,58,0.4792147806004619,True,0.38635103926097,0.5546189376443418,0.7228868360277135,280.0,162.0,74.0,172.0,False,direct_size_estimation_deferred,매장 면적·좌석·점포별 매출이 없어 규모별 적합도와 argmax 규모는 산출하지 않음,0.8630136775409128,0.7113163972286374,usable_area_profile,True,conservative_fit,True,0.6251270207852193,32.0,0.5236720554272517,0.11142881405442223,1.683984016106817,0.8337182448036952,True,True,0.7675866050808315,10.0,0.8419920080534085,1.683984016106817,True,True,0.6909252537454537,13.0,5,0.6138433351007708,0.592256815670702,moderate_profile_stability,conservative_fit,상권 환경 프로필이 보통 안정성이므로 절대 적합도를 더 엄격히 보는 보수 시나리오를 사용,0.7136258660508084,0.8337182448036952,0.9930715935334873,0.5288683602771362,market_opportunity=0.993 | brand_specific_advantage=0.834 | brand_environment_fit=0.714 | low_competition_risk=0.529,profile_stability_moderate__confirm_local_site_conditions,not_recommended__no_store_area_seat_or_store_outcome_data,rich,True,True,False,not_observable_from_current_official_html,73,20,top20_available,market_opportunity=0.993 | brand_specific_advantage=0.834 | brand_environment_fit=0.714,profile_stability_moderate | competition_risk_moderate,positive_drivers=market_opportunity=0.993 | brand_specific_advantage=0.834 | brand_environment_fit=0.714 || caution_flags=profile_stability_moderate | competition_risk_moderate || profile_stability=moderate_profile_stability || available_recommendation_count=20
3120182,"양재시민의숲역(양재동꽃시장, aT센터)",11650,178971287.0,15506.0,11542.066748355475,0.4302540415704389,0.7619047619047619,0.2857142857142857,0.7023809523809523,0.6785714285714286,0.8293650793650794,0.7777777777777778,0.42857142857142855,0.08333333333333333,0.5198412698412699,BRD_20201275,호두당,0.9364896073903002,False,3821.7569258562066,91.06591020529638,12,42,0.289838337182448,True,0.7846189376443418,0.6833718244803695,0.5821247113163972,45.0,95.0,157.0,99.0,False,direct_size_estimation_deferred,매장 면적·좌석·점포별 매출이 없어 규모별 적합도와 argmax 규모는 산출하지 않음,0.6649336199094487,0.8983833718244804,usable_area_profile,True,conservative_fit,True,0.5563048498845266,74.0,0.7495188606620476,0.051416181223654926,2.895285251055264,0.9607390300230947,True,True,0.7394110854503464,22.0,1.0,2.895285251055264,True,True,0.6879330254041571,14.0,5,0.6138433351007708,0.592256815670702,moderate_profile_stability,conservative_fit,상권 환경 프로필이 보통 안정성이므로 절대 적합도를 더 엄격히 보는 보수 시나리오를 사용,0.9006928406466512,0.9387990762124712,0.42494226327944573,0.8175519630484989,brand_specific_advantage=0.939 | brand_environment_fit=0.901 | low_competition_risk=0.818 | market_opportunity=0.425,profile_stability_moderate__confirm_local_site_conditions,not_recommended__no_store_area_seat_or_store_outcome_data,rich,True,True,False,not_observable_from_current_official_html,73,20,top20_available,brand_specific_advantage=0.939 | brand_environment_fit=0.901 | low_competition_risk=0.818,profile_stability_moderate,positive_drivers=brand_specific_advantage=0.939 | brand_environment_fit=0.901 | low_competition_risk=0.818 || caution_flags=profile_stability_moderate || profile_stability=moderate_profile_stability || available_recommendation_count=20
3110659,화곡역 4번,11500,112060402.0,10777.0,10398.107265472767,0.2930715935334873,0.8373015873015873,0.23809523809523808,0.623015873015873,0.32142857142857145,0.8333333333333334,0.9246031746031746,0.46825396825396826,0.05555555555555555,0.42063492063492064,BRD_20201275,호두당,0.5046189376443418,False,7943.7648504959025,221.61678638608305,10,50,0.08545034642032334,True,0.44115473441108544,0.39884526558891453,0.35653579676674363,245.0,291.0,308.0,281.3333333333333,False,direct_size_estimation_deferred,매장 면적·좌석·점포별 매출이 없어 규모별 적합도와 argmax 규모는 산출하지 않음,0.4580296814228362,0.9699769053117783,usable_area_profile,True,conservative_fit,True,0.5747459584295612,59.0,0.7806966897613549,0.10144185091458167,1.8658986783453444,0.8568129330254042,True,True,0.7088221709006929,29.0,0.9329493391726722,1.8658986783453444,True,True,0.6859509606592188,15.0,5,0.6138433351007708,0.592256815670702,moderate_profile_stability,conservative_fit,상권 환경 프로필이 보통 안정성이므로 절대 적합도를 더 엄격히 보는 보수 시나리오를 사용,0.9722863741339491,0.8568129330254042,0.2702078521939954,0.9653579676674365,brand_environment_fit=0.972 | low_competition_risk=0.965 | brand_specific_advantage=0.857 | market_opportunity=0.270,profile_stability_moderate__confirm_local_site_conditions,not_recommended__no_store_area_seat_or_store_outcome_data,rich,True,True,False,not_observable_from_current_official_html,73,20,top20_available,brand_environment_fit=0.972 | low_competition_risk=0.965 | brand_specific_advantage=0.857,profile_stability_moderate,positive_drivers=brand_environment_fit=0.972 | low_competition_risk=0.965 | brand_specific_advantage=0.857 || caution_flags=profile_stability_moderate || profile_stability=moderate_profile_stability || available_recommendation_count=20
3120201,도곡1동,11680,649721874.0,58337.0,11137.38920410717,0.7846420323325634,0.7817460317460317,0.18253968253968253,0.75,0.6468253968253969,0.8531746031746031,0.9206349206349206,0.4365079365079365,0.027777777777777776,0.4880952380952381,BRD_20201275,호두당,0.6997690531177829,False,2940.1532273337257,87.09190547353441,10,65,0.2644341801385681,True,0.725230946882217,0.7422055427251731,0.7591801385681292,82.0,55.0,57.0,64.66666666666667,False,direct_size_estimation_deferred,매장 면적·좌석·점포별 매출이 없어 규모별 적합도와 argmax 규모는 산출하지 않음,0.6444791037932156,0.9076212471131639,usable_area_profile,True,conservative_fit,True,0.6887702078521939,9.0,0.8283294842186297,0.06578741047462766,1.205272594292411,0.7344110854503464,True,True,0.7617782909930716,11.0,0.6026362971462055,1.205272594292411,True,True,0.683424663201101,16.0,5,0.6138433351007708,0.592256815670702,moderate_profile_stability,conservative_fit,상권 환경 프로필이 보통 안정성이므로 절대 적합도를 더 엄격히 보는 보수 시나리오를 사용,0.9099307159353349,0.7344110854503464,0.815242494226328,0.8441108545034642,brand_environment_fit=0.910 | low_competition_risk=0.844 | market_opportunity=0.815 | brand_specific_advantage=0.734,profile_stability_moderate__confirm_local_site_conditions,not_recommended__no_store_area_seat_or_store_outcome_data,rich,True,True,False,not_observable_from_current_official_html,73,20,top20_available,brand_environment_fit=0.910 | low_competition_risk=0.844 | market_opportunity=0.815 | brand_specific_advantage=0.734,profile_stability_moderate,positive_drivers=brand_environment_fit=0.910 | low_competition_risk=0.844 | market_opportunity=0.815 | brand_specific_advantage=0.734 || caution_flags=profile_stability_moderate || profile_stability=moderate_profile_stability || available_recommendation_count=20
3130229,남구로시장,11530,274660347.0,20732.0,13248.135587497589,0.545150115473441,0.8412698412698413,0.8373015873015873,0.5753968253968254,0.5238095238095238,0.7579365079365079,0.7380952380952381,0.18253968253968253,0.12698412698412698,0.7658730158730159,BRD_20201275,호두당,0.5427251732101617,False,1359.7223981435925,90.4709898159868,22,42,0.5086605080831409,True,0.5434526558891455,0.5439376443418014,0.5444226327944572,191.0,171.0,186.0,182.66666666666666,False,direct_size_estimation_deferred,매장 면적·좌석·점포별 매출이 없어 규모별 적합도와 argmax 규모는 산출하지 않음,0.7031805525103664,0.8637413394919169,usable_area_profile,True,conservative_fit,True,0.5463741339491917,86.0,0.7316204772902233,0.060215796852162294,2.1941229562413285,0.9053117782909931,True,True,0.7084930715935335,30.0,1.0,2.1941229562413285,True,True,0.6809180138568129,17.0,5,0.6138433351007708,0.592256815670702,moderate_profile_stability,conservative_fit,상권 환경 프로필이 보통 안정성이므로 절대 적합도를 더 엄격히 보는 보수 시나리오를 사용,0.8660508083140878,0.9387990762124712,0.5496535796766744,0.4884526558891455,brand_specific_advantage=0.939 | brand_environment_fit=0.866 | market_opportunity=0.550 | low_competition_risk=0.488,profile_stability_moderate__confirm_local_site_conditions,not_recommended__no_store_area_seat_or_store_outcome_data,rich,True,True,False,not_observable_from_current_official_html,73,20,top20_available,brand_specific_advantage=0.939 | brand_environment_fit=0.866,profile_stability_moderate | competition_risk_moderate,positive_drivers=brand_specific_advantage=0.939 | brand_environment_fit=0.866 || caution_flags=profile_stability_moderate | competition_risk_moderate || profile_stability=moderate_profile_stability || available_recommendation_count=20
3120003,광화문역,11110,756200869.0,75218.0,10053.456207290808,0.8042725173210161,0.876984126984127,0.42857142857142855,0.503968253968254,0.75,0.9444444444444444,0.8531746031746031,0.2619047619047619,0.05952380952380952,0.3611111111111111,BRD_20201275,호두당,0.4618937644341801,False,5145.274531046441,69.12307861572918,25,101,0.6397228637413395,True,0.5646073903002309,0.6330831408775981,0.7015588914549653,182.0,124.0,89.0,131.66666666666666,False,direct_size_estimation_deferred,매장 면적·좌석·점포별 매출이 없어 규모별 적합도와 argmax 규모는 산출하지 않음,0.5302676555501171,0.9491916859122402,usable_area_profile,True,conservative_fit,True,0.6601327944572748,16.0,0.7959006928406467,0.11836682820533301,1.2950502720718087,0.7528868360277137,True,True,0.7312355658198614,24.0,0.6475251360359043,1.2950502720718087,True,True,0.6786538013299922,18.0,5,0.6138433351007708,0.592256815670702,moderate_profile_stability,conservative_fit,상권 환경 프로필이 보통 안정성이므로 절대 적합도를 더 엄격히 보는 보수 시나리오를 사용,0.9515011547344111,0.7528868360277137,0.836027713625866,0.3002309468822171,brand_environment_fit=0.952 | market_opportunity=0.836 | brand_specific_advantage=0.753 | low_competition_risk=0.300,profile_stability_moderate__confirm_local_site_conditions,not_recommended__no_store_area_seat_or_store_outcome_data,rich,True,True,False,not_observable_from_current_official_html,73,20,top20_available,brand_environment_fit=0.952 | market_opportunity=0.836 | brand_specific_advantage=0.753,profile_stability_moderate | competition_risk_elevated_but_below_exclusion,positive_drivers=brand_environment_fit=0.952 | market_opportunity=0.836 | brand_specific_advantage=0.753 || caution_flags=profile_stability_moderate | competition_risk_elevated_but_below_exclusion || profile_stability=moderate_profile_stability || available_recommendation_count=20
3120107,공덕역(공덕오거리),11440,1051109080.0,111230.0,9449.870358716174,0.8578521939953809,0.9404761904761905,0.4246031746031746,0.5833333333333334,0.9642857142857143,0.9880952380952381,0.9841269841269841,0.1111111111111111,0.011904761904761904,0.051587301587301584,BRD_20201275,호두당,0.06351039260969978,False,6650.4283320449185,80.05623025110103,24,77,0.575635103926097,True,0.30181293302540413,0.4606812933025404,0.6195496535796766,329.0,248.0,136.0,237.66666666666666,False,direct_size_estimation_deferred,매장 면적·좌석·점포별 매출이 없어 규모별 적합도와 argmax 규모는 산출하지 않음,0.38778808005389687,0.9815242494226328,usable_area_profile,True,conservative_fit,True,0.7046651270207852,7.0,0.9156081601231717,0.06710078505723298,0.9823445320831735,0.6997690531177829,True,True,0.7453752886836027,19.0,0.49117226604158676,0.9823445320831735,True,True,0.6723023043856854,19.0,5,0.6138433351007708,0.592256815670702,moderate_profile_stability,conservative_fit,상권 환경 프로필이 보통 안정성이므로 절대 적합도를 더 엄격히 보는 보수 시나리오를 사용,0.9838337182448037,0.6997690531177829,0.8983833718244804,0.40415704387990764,brand_environment_fit=0.984 | market_opportunity=0.898 | brand_specific_advantage=0.700 | low_competition_risk=0.404,profile_stability_moderate__confirm_local_site_conditions,not_recommended__no_store_area_seat_or_store_outcome_data,rich,True,True,False,not_observable_from_current_official_html,73,20,top20_available,brand_environment_fit=0.984 | market_opportunity=0.898,profile_stability_moderate | competition_risk_moderate,positive_drivers=brand_environment_fit=0.984 | market_opportunity=0.898 || caution_flags=profile_stability_moderate | competition_risk_moderate || profile_stability=moderate_profile_stability || available_recommendation_count=20
3120009,종로3가역,11110,773341001.0,64864.0,11922.499398741984,0.8273672055427251,0.876984126984127,0.42857142857142855,0.503968253968254,0.75,0.9444444444444444,0.8531746031746031,0.2619047619047619,0.05952380952380952,0.3611111111111111,BRD_20201275,호두당,0.4618937644341801,False,3831.529851103577,125.80143085865113,24,103,0.4532332563510392,True,0.5715357967667436,0.6446304849884527,0.7177251732101615,177.0,119.0,77.0,124.33333333333333,False,direct_size_estimation_deferred,매장 면적·좌석·점포별 매출이 없어 규모별 적합도와 argmax 규모는 산출하지 않음,0.267228216907948,0.9976905311778291,usable_area_profile,True,conservative_fit,True,0.7204387990762124,3.0,0.9535219399538106,0.05047087142510804,0.8751303470073571,0.6789838337182448,True,True,0.7511258660508082,16.0,0.4375651735036786,0.8751303470073571,True,True,0.6699859815976288,20.0,5,0.6138433351007708,0.592256815670702,moderate_profile_stability,conservative_fit,상권 환경 프로필이 보통 안정성이므로 절대 적합도를 더 엄격히 보는 보수 시나리오를 사용,1.0,0.6789838337182448,0.8637413394919169,0.581986143187067,brand_environment_fit=1.000 | market_opportunity=0.864 | brand_specific_advantage=0.679 | low_competition_risk=0.582,profile_stability_moderate__confirm_local_site_conditions,not_recommended__no_store_area_seat_or_store_outcome_data,rich,True,True,False,not_observable_from_current_official_html,73,20,top20_available,brand_environment_fit=1.000 | market_opportunity=0.864,profile_stability_moderate | competition_risk_moderate,positive_drivers=brand_environment_fit=1.000 | market_opportunity=0.864 || caution_flags=profile_stability_moderate | competition_risk_moderate || profile_stability=moderate_profile_stability || available_recommendation_count=20
3120151,보라매공원,11590,648870341.0,67412.0,9625.442665994186,0.7726327944572748,0.8611111111111112,0.5158730158730159,0.42857142857142855,0.753968253968254,0.9563492063492064,0.6626984126984127,0.11507936507936507,0.09523809523809523,0.5674603174603174,BRD_20080100675,호밀호두,0.4491916859122402,False,2233.997538002685,16.492422502230646,17,70,0.7118937644341802,True,0.5462240184757505,0.6109122401847575,0.6756004618937644,173.0,127.0,97.0,132.33333333333334,False,direct_size_estimation_deferred,매장 면적·좌석·점포별 매출이 없어 규모별 적합도와 argmax 규모는 산출하지 않음,0.3141778200228582,0.9930715935334873,usable_area_profile,True,conservative_fit,True,0.6601732101616629,14.0,0.9259045419553503,0.04022615119855289,1.669735969683156,0.9491916859122402,True,True,0.8026039260969977,2.0,0.834867984841578,1.669735969683156,True,True,0.72791445579469,1.0,11,0.4074532416636771,0.6256985709451286,moderate_profile_stability,conservative_fit,상권 환경 프로필이 보통 안정성이므로 절대 적합도를 더 엄격히 보는 보수 시나리오를 사용,0.9953810623556582,0.9491916859122402,0.8048498845265589,0.19399538106235567,brand_environment_fit=0.995 | brand_specific_advantage=0.949 | market_opportunity=0.805 | low_competition_risk=0.194,profile_stability_moderate__confirm_local_site_conditions,not_recommended__no_store_area_seat_or_store_outcome_data,insufficient,False,False,False,not_observable_from_current_official_html,79,20,top20_available,brand_environment_fit=0.995 | brand_specific_advantage=0.949 | market_opportunity=0.805,profile_stability_moderate | competition_risk_elevated_but_below_exclusion,positive_drivers=brand_environment_fit=0.995 | brand_specific_advantage=0.949 | market_opportunity=0.805 || caution_flags=profile_stability_moderate | competition_risk_elevated_but_below_exclusion || profile_stability=moderate_profile_stability || available_recommendation_count=20
3111090,강일동주민센터,11740,428404856.0,36116.0,11861.913168678702,0.6680138568129331,0.8452380952380952,0.06746031746031746,0.7063492063492064,0.38492063492063494,0.6626984126984127,0.7182539682539683,0.5833333333333334,0.06746031746031746,0.6507936507936508,BRD_20080100675,호밀호두,0.8614318706697459,False,4774.856856461714,59.13543778863246,4,13,0.31177829099307164,True,0.803406466512702,0.7647228637413395,0.7260392609699768,43.0,53.0,71.0,55.666666666666664,False,direct_size_estimation_deferred,매장 면적·좌석·점포별 매출이 없어 규모별 적합도와 argmax 규모는 산출하지 않음,0.7101788797190385,0.7875288683602771,usable_area_profile,True,conservative_fit,True,0.5808025404157044,55.0,0.6291377983063895,0.08289762773977448,1.910682782758224,0.9792147806004619,True,True,0.7815819861431872,5.0,0.955341391379112,1.910682782758224,True,True,0.6896725302928151,2.0,11,0.4074532416636771,0.6256985709451286,moderate_profile_stability,conservative_fit,상권 환경 프로필이 보통 안정성이므로 절대 적합도를 더 엄격히 보는 보수 시나리오를 사용,0.789838337182448,0.9792147806004619,0.6859122401847575,0.792147806004619,brand_specific_advantage=0.979 | low_competition_risk=0.792 | brand_environment_fit=0.790 | market_opportunity=0.686,profile_stability_moderate__confirm_local_site_conditions,not_recommended__no_store_area_seat_or_store_outcome_data,insufficient,False,False,False,not_observable_from_current_official_html,79,20,top20_available,brand_specific_advantage=0.979 | low_competition_risk=0.792 | brand_environment_fit=0.790,profile_stability_moderate,positive_drivers=brand_specific_advantage=0.979 | low_competition_risk=0.792 | brand_environment_fit=0.790 || caution_flags=profile_stability_moderate || profile_stability=moderate_profile_stability || available_recommendation_count=20
3130225,개봉중앙시장,11530,344218588.0,30618.0,11242.360310928212,0.6080831408775981,0.8412698412698413,0.8373015873015873,0.5753968253968254,0.5238095238095238,0.7579365079365079,0.7380952380952381,0.18253968253968253,0.12698412698412698,0.7658730158730159,BRD_20080100675,호밀호두,0.41570438799076215,False,4202.240949811603,10.630145801632635,11,31,0.5877598152424942,True,0.4734180138568129,0.5118937644341801,0.5503695150115473,218.0,197.0,176.0,197.0,False,direct_size_estimation_deferred,매장 면적·좌석·점포별 매출이 없어 규모별 적합도와 argmax 규모는 산출하지 않음,0.4564191183060812,0.9561200923787528,usable_area_profile,True,conservative_fit,True,0.6027251732101617,46.0,0.8553695150115473,0.05916228831081867,1.7029526788736773,0.953810623556582,True,True,0.7626212471131639,10.0,0.8514763394368386,1.7029526788736773,True,True,0.6885619255058609,3.0,11,0.4074532416636771,0.6256985709451286,moderate_profile_stability,conservative_fit,상권 환경 프로필이 보통 안정성이므로 절대 적합도를 더 엄격히 보는 보수 시나리오를 사용,0.9584295612009238,0.953810623556582,0.6166281755196305,0.38683602771362585,brand_environment_fit=0.958 | brand_specific_advantage=0.954 | market_opportunity=0.617 | low_competition_risk=0.387,profile_stability_moderate__confirm_local_site_conditions,not_recommended__no_store_area_seat_or_store_outcome_data,insufficient,False,False,False,not_observable_from_current_official_html,79,20,top20_available,brand_environment_fit=0.958 | brand_specific_advantage=0.954,profile_stability_moderate | competition_risk_moderate,positive_drivers=brand_environment_fit=0.958 | brand_specific_advantage=0.954 || caution_flags=profile_stability_moderate | competition_risk_moderate || profile_stability=moderate_profile_stability || available_recommendation_count=20
3130139,강북종합전통시장(강북종합골목시장),11305,556143075.0,53488.0,10397.529819772659,0.7376443418013857,0.8253968253968254,0.373015873015873,0.31746031746031744,0.42857142857142855,0.5396825396825397,0.1626984126984127,0.051587301587301584,0.5515873015873016,0.9365079365079365,BRD_20080100675,호밀호두,0.03233256351039261,False,1858.5448608931206,27.730849249436897,16,47,0.6443418013856813,True,0.24392609699769052,0.38498845265588916,0.5260508083140877,355.0,291.0,195.0,280.3333333333333,False,direct_size_estimation_deferred,매장 면적·좌석·점포별 매출이 없어 규모별 적합도와 argmax 규모는 산출하지 않음,0.5281422263508941,0.9053117782909931,usable_area_profile,True,conservative_fit,True,0.6141801385681294,40.0,0.7953233256351039,0.06734513734613744,1.6332055585628344,0.9422632794457275,True,True,0.7731408775981523,8.0,0.8166027792814172,1.6332055585628344,True,True,0.6862523114485298,4.0,11,0.4074532416636771,0.6256985709451286,moderate_profile_stability,conservative_fit,상권 환경 프로필이 보통 안정성이므로 절대 적합도를 더 엄격히 보는 보수 시나리오를 사용,0.9076212471131639,0.9422632794457275,0.7598152424942263,0.2863741339491917,brand_specific_advantage=0.942 | brand_environment_fit=0.908 | market_opportunity=0.760 | low_competition_risk=0.286,profile_stability_moderate__confirm_local_site_conditions,not_recommended__no_store_area_seat_or_store_outcome_data,insufficient,False,False,False,not_observable_from_current_official_html,79,20,top20_available,brand_specific_advantage=0.942 | brand_environment_fit=0.908 | market_opportunity=0.760,profile_stability_moderate | competition_risk_elevated_but_below_exclusion,positive_drivers=brand_specific_advantage=0.942 | brand_environment_fit=0.908 | market_opportunity=0.760 || caution_flags=profile_stability_moderate | competition_risk_elevated_but_below_exclusion || profile_stability=moderate_profile_stability || available_recommendation_count=20
3120107,공덕역(공덕오거리),11440,1051109080.0,111230.0,9449.870358716174,0.8578521939953809,0.9404761904761905,0.4246031746031746,0.5833333333333334,0.9642857142857143,0.9880952380952381,0.9841269841269841,0.1111111111111111,0.011904761904761904,0.051587301587301584,BRD_20080100675,호밀호두,0.07274826789838337,False,3880.280659918876,80.05623025110103,24,77,0.5779445727482679,True,0.3082794457274826,0.46530023094688217,0.6223210161662817,326.0,230.0,129.0,228.33333333333334,False,direct_size_estimation_deferred,매장 면적·좌석·점포별 매출이 없어 규모별 적합도와 argmax 규모는 산출하지 않음,0.3921446902196832,0.9861431870669746,usable_area_profile,True,conservative_fit,True,0.7066281755196304,5.0,0.9156081601231717,0.06710078505723298,1.0511803533094388,0.8429561200923787,True,True,0.803689376443418,1.0,0.5255901766547194,1.0511803533094388,True,True,0.6825234102144881,5.0,11,0.4074532416636771,0.6256985709451286,moderate_profile_stability,conservative_fit,상권 환경 프로필이 보통 안정성이므로 절대 적합도를 더 엄격히 보는 보수 시나리오를 사용,0.9884526558891455,0.8429561200923787,0.8983833718244804,0.3972286374133949,brand_environment_fit=0.988 | market_opportunity=0.898 | brand_specific_advantage=0.843 | low_competition_risk=0.397,profile_stability_moderate__confirm_local_site_conditions,not_recommended__no_store_area_seat_or_store_outcome_data,insufficient,False,False,False,not_observable_from_current_official_html,79,20,top20_available,brand_environment_fit=0.988 | market_opportunity=0.898 | brand_specific_advantage=0.843,profile_stability_moderate | competition_risk_moderate,positive_drivers=brand_environment_fit=0.988 | market_opportunity=0.898 | brand_specific_advantage=0.843 || caution_flags=profile_stability_moderate | competition_risk_moderate || profile_stability=moderate_profile_stability || available_recommendation_count=20
3120066,장한평역(장한평),11230,274354373.0,24121.0,11374.087848762489,0.5446882217090069,0.6904761904761905,0.5396825396825397,0.5714285714285714,0.9603174603174603,0.9126984126984127,0.4087301587301587,0.1865079365079365,0.09126984126984126,0.6825396825396826,BRD_20080100675,호밀호두,0.31524249422632794,False,2698.63669286672,70.34912932850425,9,28,0.31524249422632794,True,0.38407621247113155,0.42996535796766744,0.4758545034642032,276.0,250.0,223.0,249.66666666666666,False,direct_size_estimation_deferred,매장 면적·좌석·점포별 매출이 없어 규모별 적합도와 argmax 규모는 산출하지 않음,0.5088303225717504,0.9191685912240185,usable_area_profile,True,conservative_fit,True,0.6029387990762124,45.0,0.8251539645881447,0.05832407008066144,1.6119352868524568,0.9353348729792148,True,True,0.7660046189376444,9.0,0.8059676434262284,1.6119352868524568,True,True,0.6738071533507834,6.0,11,0.4074532416636771,0.6256985709451286,moderate_profile_stability,conservative_fit,상권 환경 프로필이 보통 안정성이므로 절대 적합도를 더 엄격히 보는 보수 시나리오를 사용,0.9214780600461894,0.9353348729792148,0.5473441108545035,0.7852193995381063,brand_specific_advantage=0.935 | brand_environment_fit=0.921 | low_competition_risk=0.785 | market_opportunity=0.547,profile_stability_moderate__confirm_local_site_conditions,not_recommended__no_store_area_seat_or_store_outcome_data,insufficient,False,False,False,not_observable_from_current_official_html,79,20,top20_available,brand_specific_advantage=0.935 | brand_environment_fit=0.921 | low_competition_risk=0.785,profile_stability_moderate,positive_drivers=brand_specific_advantage=0.935 | brand_environment_fit=0.921 | low_competition_risk=0.785 || caution_flags=profile_stability_moderate || profile_stability=moderate_profile_stability || available_recommendation_count=20
3120154,장승배기역,11590,255112545.0,21214.0,12025.669133591025,0.528175519630485,0.8611111111111112,0.5158730158730159,0.42857142857142855,0.753968253968254,0.9563492063492064,0.6626984126984127,0.11507936507936507,0.09523809523809523,0.5674603174603174,BRD_20080100675,호밀호두,0.4491916859122402,False,2102.3082552019873,28.319604491142503,18,52,0.6899538106235565,True,0.47288683602771364,0.4886836027713626,0.5044803695150115,219.0,210.0,208.0,212.33333333333334,False,direct_size_estimation_deferred,매장 면적·좌석·점포별 매출이 없어 규모별 적합도와 argmax 규모는 산출하지 않음,0.4816924421675309,0.9353348729792148,usable_area_profile,True,conservative_fit,True,0.5490357967667436,73.0,0.8024441878367976,0.07185051219826497,1.8495440196127957,0.9676674364896074,True,True,0.7226270207852193,21.0,0.9247720098063978,1.8495440196127957,True,True,0.668375450488551,7.0,11,0.4074532416636771,0.6256985709451286,moderate_profile_stability,conservative_fit,상권 환경 프로필이 보통 안정성이므로 절대 적합도를 더 엄격히 보는 보수 시나리오를 사용,0.9376443418013857,0.9676674364896074,0.5288683602771362,0.23672055427251731,brand_specific_advantage=0.968 | brand_environment_fit=0.938 | market_opportunity=0.529 | low_competition_risk=0.237,profile_stability_moderate__confirm_local_site_conditions,not_recommended__no_store_area_seat_or_store_outcome_data,insufficient,False,False,False,not_observable_from_current_official_html,79,20,top20_available,brand_specific_advantage=0.968 | brand_environment_fit=0.938,profile_stability_moderate | competition_risk_elevated_but_below_exclusion,positive_drivers=brand_specific_advantage=0.968 | brand_environment_fit=0.938 || caution_flags=profile_stability_moderate | competition_risk_elevated_but_below_exclusion || profile_stability=moderate_profile_stability || available_recommendation_count=20
3120234,가락시장역,11710,130218275.0,11603.0,11222.8109109713,0.3446882217090069,0.8531746031746031,0.13095238095238096,0.6746031746031746,0.9325396825396826,0.8928571428571429,0.7063492063492064,0.4087301587301587,0.03968253968253968,0.5436507936507936,BRD_20080100675,호밀호두,0.5404157043879908,False,4785.53121401125,41.10960960294269,15,44,0.5710161662817552,True,0.4816974595842956,0.44255196304849886,0.40340646651270207,211.0,240.0,266.0,239.0,False,direct_size_estimation_deferred,매장 면적·좌석·점포별 매출이 없어 규모별 적합도와 argmax 규모는 산출하지 않음,0.4508389889822009,0.9584295612009238,usable_area_profile,True,conservative_fit,True,0.514203233256351,96.0,0.8201501154734411,0.06797065669118905,2.0343991430850443,0.9884526558891455,True,True,0.7006639722863742,31.0,1.0,2.0343991430850443,True,True,0.6624422632794458,8.0,11,0.4074532416636771,0.6256985709451286,moderate_profile_stability,conservative_fit,상권 환경 프로필이 보통 안정성이므로 절대 적합도를 더 엄격히 보는 보수 시나리오를 사용,0.9607390300230947,0.9919168591224018,0.325635103926097,0.4133949191685912,brand_specific_advantage=0.992 | brand_environment_fit=0.961 | low_competition_risk=0.413 | market_opportunity=0.326,profile_stability_moderate__confirm_local_site_conditions,not_recommended__no_store_area_seat_or_store_outcome_data,insufficient,False,False,False,not_observable_from_current_official_html,79,20,top20_available,brand_specific_advantage=0.992 | brand_environment_fit=0.961,profile_stability_moderate | competition_risk_moderate,positive_drivers=brand_specific_advantage=0.992 | brand_environment_fit=0.961 || caution_flags=profile_stability_moderate | competition_risk_moderate || profile_stability=moderate_profile_stability || available_recommendation_count=20
3130147,쌍문역동측상점가,11320,2520521582.0,295704.0,8523.799414279145,0.8990762124711316,0.7182539682539683,0.11904761904761904,0.6071428571428571,0.25793650793650796,0.3611111111111111,0.24603174603174602,0.19047619047619047,0.4246031746031746,0.9126984126984127,BRD_20080100675,호밀호두,0.1535796766743649,False,2492.743267950404,76.05918750239688,27,48,0.6385681293302541,True,0.3772286374133949,0.5263279445727482,0.6754272517321016,283.0,189.0,98.0,190.0,False,direct_size_estimation_deferred,매장 면적·좌석·점포별 매출이 없어 규모별 적합도와 argmax 규모는 산출하지 않음,0.7169643366417241,0.7782909930715936,usable_area_profile,True,conservative_fit,True,0.6080369515011548,43.0,0.6961123941493456,0.054715264551979156,1.5019318575016454,0.9191685912240185,True,True,0.7750923787528868,7.0,0.7509659287508227,1.5019318575016454,True,True,0.6599701196011006,9.0,11,0.4074532416636771,0.6256985709451286,moderate_profile_stability,conservative_fit,상권 환경 프로필이 보통 안정성이므로 절대 적합도를 더 엄격히 보는 보수 시나리오를 사용,0.7806004618937644,0.9191685912240185,0.9399538106235565,0.302540415704388,market_opportunity=0.940 | brand_specific_advantage=0.919 | brand_environment_fit=0.781 | low_competition_risk=0.303,profile_stability_moderate__confirm_local_site_conditions,not_recommended__no_store_area_seat_or_store_outcome_data,insufficient,False,False,False,not_observable_from_current_official_html,79,20,top20_available,market_opportunity=0.940 | brand_specific_advantage=0.919 | brand_environment_fit=0.781,profile_stability_moderate | competition_risk_elevated_but_below_exclusion,positive_drivers=market_opportunity=0.940 | brand_specific_advantage=0.919 | brand_environment_fit=0.781 || caution_flags=profile_stability_moderate | competition_risk_elevated_but_below_exclusion || profile_stability=moderate_profile_stability || available_recommendation_count=20
3120201,도곡1동,11680,649721874.0,58337.0,11137.38920410717,0.7846420323325634,0.7817460317460317,0.18253968253968253,0.75,0.6468253968253969,0.8531746031746031,0.9206349206349206,0.4365079365079365,0.027777777777777776,0.4880952380952381,BRD_20080100675,호밀호두,0.7644341801385681,False,1546.2321947177284,87.09190547353441,10,65,0.26501154734411086,True,0.7704965357967666,0.7745381062355657,0.7785796766743647,65.0,45.0,44.0,51.333333333333336,False,direct_size_estimation_deferred,매장 면적·좌석·점포별 매출이 없어 규모별 적합도와 argmax 규모는 산출하지 않음,0.5478485371380071,0.8914549653579676,usable_area_profile,True,conservative_fit,True,0.6806004618937643,8.0,0.8283294842186297,0.06578741047462766,0.959537405164832,0.8244803695150116,True,True,0.7928695150115473,3.0,0.479768702582416,0.959537405164832,True,True,0.6461835151375209,10.0,11,0.4074532416636771,0.6256985709451286,moderate_profile_stability,conservative_fit,상권 환경 프로필이 보통 안정성이므로 절대 적합도를 더 엄격히 보는 보수 시나리오를 사용,0.8937644341801386,0.8244803695150116,0.815242494226328,0.8406466512702079,brand_environment_fit=0.894 | low_competition_risk=0.841 | brand_specific_advantage=0.824 | market_opportunity=0.815,profile_stability_moderate__confirm_local_site_conditions,not_recommended__no_store_area_seat_or_store_outcome_data,insufficient,False,False,False,not_observable_from_current_official_html,79,20,top20_available,brand_environment_fit=0.894 | low_competition_risk=0.841 | brand_specific_advantage=0.824 | market_opportunity=0.815,profile_stability_moderate,positive_drivers=brand_environment_fit=0.894 | low_competition_risk=0.841 | brand_specific_advantage=0.824 | market_opportunity=0.815 || caution_flags=profile_stability_moderate || profile_stability=moderate_profile_stability || available_recommendation_count=20
3120038,약수역,11140,1550178516.0,134777.0,11501.803096967584,0.9235565819861433,0.873015873015873,0.5793650793650794,0.6428571428571429,0.34523809523809523,0.8571428571428571,0.8214285714285714,0.0873015873015873,0.023809523809523808,0.8293650793650794,BRD_20080100675,호밀호두,0.20092378752886836,False,1515.9960422260647,62.64183906448842,18,44,0.5502309468822171,True,0.4177136258660509,0.5622401847575058,0.7067667436489607,254.0,162.0,84.0,166.66666666666666,False,direct_size_estimation_deferred,매장 면적·좌석·점포별 매출이 없어 규모별 적합도와 argmax 규모는 산출하지 않음,0.43465289182904193,0.9653579676674365,usable_area_profile,True,conservative_fit,True,0.7233891454965359,1.0,0.9359122401847575,0.04410525527649033,0.667624012106663,0.7482678983833718,True,True,0.7834468822170901,4.0,0.3338120060533315,0.667624012106663,True,True,0.6454622393886216,11.0,11,0.4074532416636771,0.6256985709451286,moderate_profile_stability,conservative_fit,상권 환경 프로필이 보통 안정성이므로 절대 적합도를 더 엄격히 보는 보수 시나리오를 사용,0.9676674364896074,0.7482678983833718,0.9699769053117783,0.4353348729792148,market_opportunity=0.970 | brand_environment_fit=0.968 | brand_specific_advantage=0.748 | low_competition_risk=0.435,profile_stability_moderate__confirm_local_site_conditions,not_recommended__no_store_area_seat_or_store_outcome_data,insufficient,False,False,False,not_observable_from_current_official_html,79,20,top20_available,market_opportunity=0.970 | brand_environment_fit=0.968 | brand_specific_advantage=0.748,profile_stability_moderate | competition_risk_moderate,positive_drivers=market_opportunity=0.970 | brand_environment_fit=0.968 | brand_specific_advantage=0.748 || caution_flags=profile_stability_moderate | competition_risk_moderate || profile_stability=moderate_profile_stability || available_recommendation_count=20
3120009,종로3가역,11110,773341001.0,64864.0,11922.499398741984,0.8273672055427251,0.876984126984127,0.42857142857142855,0.503968253968254,0.75,0.9444444444444444,0.8531746031746031,0.2619047619047619,0.05952380952380952,0.3611111111111111,BRD_20080100675,호밀호두,0.7090069284064665,False,2633.6020959895886,125.80143085865113,24,103,0.45554272517321015,True,0.744515011547344,0.7681870669745958,0.7918591224018474,78.0,48.0,38.0,54.666666666666664,False,direct_size_estimation_deferred,매장 면적·좌석·점포별 매출이 없어 규모별 적합도와 argmax 규모는 산출하지 않음,0.3343734615223761,0.9884526558891455,usable_area_profile,True,conservative_fit,True,0.7154734411085449,3.0,0.9535219399538106,0.05047087142510804,0.6920965489404595,0.7598152424942263,True,True,0.7803406466512701,6.0,0.34604827447022973,0.6920965489404595,True,True,0.6431806598415759,12.0,11,0.4074532416636771,0.6256985709451286,moderate_profile_stability,conservative_fit,상권 환경 프로필이 보통 안정성이므로 절대 적합도를 더 엄격히 보는 보수 시나리오를 사용,0.9907621247113164,0.7598152424942263,0.8637413394919169,0.5808314087759815,brand_environment_fit=0.991 | market_opportunity=0.864 | brand_specific_advantage=0.760 | low_competition_risk=0.581,profile_stability_moderate__confirm_local_site_conditions,not_recommended__no_store_area_seat_or_store_outcome_data,insufficient,False,False,False,not_observable_from_current_official_html,79,20,top20_available,brand_environment_fit=0.991 | market_opportunity=0.864 | brand_specific_advantage=0.760,profile_stability_moderate | competition_risk_moderate,positive_drivers=brand_environment_fit=0.991 | market_opportunity=0.864 | brand_specific_advantage=0.760 || caution_flags=profile_stability_moderate | competition_risk_moderate || profile_stability=moderate_profile_stability || available_recommendation_count=20
3120209,"강남구청(청담역_8번, 강남세무서)",11680,483776692.0,36343.0,13311.413257023361,0.7004618937644341,0.7817460317460317,0.18253968253968253,0.75,0.6468253968253969,0.8531746031746031,0.9206349206349206,0.4365079365079365,0.027777777777777776,0.4880952380952381,BRD_20080100675,호밀호두,0.7644341801385681,False,1018.2028285077653,63.65532180510046,17,57,0.5213625866050808,True,0.7452424942263278,0.7324480369515012,0.7196535796766743,76.0,67.0,76.0,73.0,False,direct_size_estimation_deferred,매장 면적·좌석·점포별 매출이 없어 규모별 적합도와 argmax 규모는 산출하지 않음,0.7453201050673789,0.7528868360277137,usable_area_profile,True,conservative_fit,True,0.5434006928406466,76.0,0.618841416474211,0.08037678346957473,1.6677131600351152,0.9445727482678984,True,True,0.7356293302540415,15.0,0.8338565800175576,1.6677131600351152,True,True,0.6325980941960754,13.0,11,0.4074532416636771,0.6256985709451286,moderate_profile_stability,conservative_fit,상권 환경 프로필이 보통 안정성이므로 절대 적합도를 더 엄격히 보는 보수 시나리오를 사용,0.7551963048498845,0.9445727482678984,0.7228637413394919,0.47113163972286376,brand_specific_advantage=0.945 | brand_environment_fit=0.755 | market_opportunity=0.723 | low_competition_risk=0.471,profile_stability_moderate__confirm_local_site_conditions,not_recommended__no_store_area_seat_or_store_outcome_data,insufficient,False,False,False,not_observable_from_current_official_html,79,20,top20_available,brand_specific_advantage=0.945 | brand_environment_fit=0.755 | market_opportunity=0.723,profile_stability_moderate | competition_risk_moderate,positive_drivers=brand_specific_advantage=0.945 | brand_environment_fit=0.755 | market_opportunity=0.723 || caution_flags=profile_stability_moderate | competition_risk_moderate || profile_stability=moderate_profile_stability || available_recommendation_count=20
3120164,내방역,11650,960846805.0,94433.0,10174.905012019104,0.8489607390300231,0.7619047619047619,0.2857142857142857,0.7023809523809523,0.6785714285714286,0.8293650793650794,0.7777777777777778,0.42857142857142855,0.08333333333333333,0.5198412698412699,BRD_20080100675,호밀호두,0.9780600461893765,False,1803.8564244499744,49.19349552951682,19,50,0.6293302540415704,True,0.9393302540415704,0.9135103926096998,0.8876905311778291,5.0,5.0,12.0,7.333333333333333,False,direct_size_estimation_deferred,매장 면적·좌석·점포별 매출이 없어 규모별 적합도와 argmax 규모는 산출하지 않음,0.7291997503487795,0.7598152424942264,usable_area_profile,True,conservative_fit,True,0.5826443418013857,54.0,0.6326982294072364,0.09166173985085503,1.3868055886111812,0.8914549653579676,True,True,0.7448152424942264,13.0,0.6934027943055906,1.3868055886111812,True,True,0.6265839549274369,14.0,11,0.4074532416636771,0.6256985709451286,moderate_profile_stability,conservative_fit,상권 환경 프로필이 보통 안정성이므로 절대 적합도를 더 엄격히 보는 보수 시나리오를 사용,0.7621247113163973,0.8914549653579676,0.8914549653579676,0.3140877598152425,brand_specific_advantage=0.891 | market_opportunity=0.891 | brand_environment_fit=0.762 | low_competition_risk=0.314,profile_stability_moderate__confirm_local_site_conditions,not_recommended__no_store_area_seat_or_store_outcome_data,insufficient,False,False,False,not_observable_from_current_official_html,79,20,top20_available,brand_specific_advantage=0.891 | market_opportunity=0.891 | brand_environment_fit=0.762,profile_stability_moderate | competition_risk_elevated_but_below_exclusion,positive_drivers=brand_specific_advantage=0.891 | market_opportunity=0.891 | brand_environment_fit=0.762 || caution_flags=profile_stability_moderate | competition_risk_elevated_but_below_exclusion || profile_stability=moderate_profile_stability || available_recommendation_count=20
3110409,창동역 2번,11320,46117754.0,4029.0,11446.451724993794,0.18498845265588915,0.7182539682539683,0.11904761904761904,0.6071428571428571,0.25793650793650796,0.3611111111111111,0.24603174603174602,0.19047619047619047,0.4246031746031746,0.9126984126984127,BRD_20080100675,호밀호두,0.1535796766743649,False,3613.8468423360487,86.57944326612294,11,43,0.2886836027713626,True,0.16300230946882216,0.16928406466512702,0.17556581986143185,392.0,396.0,394.0,394.0,False,direct_size_estimation_deferred,매장 면적·좌석·점포별 매출이 없어 규모별 적합도와 argmax 규모는 산출하지 않음,0.4764019558204627,0.9399538106235565,usable_area_profile,True,conservative_fit,True,0.49142032332563507,119.0,0.8153387220939184,0.06766004800214813,1.8417824433952767,0.9653579676674365,True,True,0.680323325635104,42.0,0.9208912216976384,1.8417824433952767,True,True,0.6235830825606683,15.0,11,0.4074532416636771,0.6256985709451286,moderate_profile_stability,conservative_fit,상권 환경 프로필이 보통 안정성이므로 절대 적합도를 더 엄격히 보는 보수 시나리오를 사용,0.9422632794457275,0.9653579676674365,0.14318706697459585,0.8198614318706697,brand_specific_advantage=0.965 | brand_environment_fit=0.942 | low_competition_risk=0.820 | market_opportunity=0.143,profile_stability_moderate__confirm_local_site_conditions,not_recommended__no_store_area_seat_or_store_outcome_data,insufficient,False,False,False,not_observable_from_current_official_html,79,20,top20_available,brand_specific_advantage=0.965 | brand_environment_fit=0.942 | low_competition_risk=0.820,profile_stability_moderate,positive_drivers=brand_specific_advantage=0.965 | brand_environment_fit=0.942 | low_competition_risk=0.820 || caution_flags=profile_stability_moderate || profile_stability=moderate_profile_stability || available_recommendation_count=20
3130146,쌍문시장(쌍문역골목시장),11320,408927388.0,35770.0,11432.132736930389,0.6565819861431871,0.7182539682539683,0.11904761904761904,0.6071428571428571,0.25793650793650796,0.3611111111111111,0.24603174603174602,0.19047619047619047,0.4246031746031746,0.9126984126984127,BRD_20080100675,호밀호두,0.1535796766743649,False,2594.5984274865864,58.24946355251418,27,42,0.710161662817552,True,0.30448036951501156,0.405080831408776,0.5056812933025404,328.0,270.0,207.0,268.3333333333333,False,direct_size_estimation_deferred,매장 면적·좌석·점포별 매출이 없어 규모별 적합도와 argmax 규모는 산출하지 않음,0.42704534071947237,0.9676674364896074,usable_area_profile,True,conservative_fit,True,0.6071131639722863,44.0,0.9345650500384912,0.03205644775004926,1.0326280288203584,0.8383371824480369,True,True,0.7160854503464202,26.0,0.5163140144101792,1.0326280288203584,True,True,0.6092748084524294,16.0,11,0.4074532416636771,0.6256985709451286,moderate_profile_stability,conservative_fit,상권 환경 프로필이 보통 안정성이므로 절대 적합도를 더 엄격히 보는 보수 시나리오를 사용,0.9699769053117783,0.8383371824480369,0.6789838337182448,0.20092378752886836,brand_environment_fit=0.970 | brand_specific_advantage=0.838 | market_opportunity=0.679 | low_competition_risk=0.201,profile_stability_moderate__confirm_local_site_conditions,not_recommended__no_store_area_seat_or_store_outcome_data,insufficient,False,False,False,not_observable_from_current_official_html,79,20,top20_available,brand_environment_fit=0.970 | brand_specific_advantage=0.838,profile_stability_moderate | competition_risk_elevated_but_below_exclusion,positive_drivers=brand_environment_fit=0.970 | brand_specific_advantage=0.838 || caution_flags=profile_stability_moderate | competition_risk_elevated_but_below_exclusion || profile_stability=moderate_profile_stability || available_recommendation_count=20
3130072,성동용답상가시장,11200,441220675.0,42751.0,10320.710041870365,0.6748267898383372,0.9206349206349206,0.38492063492063494,0.5555555555555556,0.9920634920634921,0.9841269841269841,0.9563492063492064,0.10317460317460317,0.015873015873015872,0.07936507936507936,BRD_20080100675,호밀호두,0.12009237875288684,False,2250.658792456432,135.0925608781212,10,28,0.14953810623556585,True,0.2865127020785219,0.397459584295612,0.508406466512702,339.0,278.0,205.0,274.0,False,direct_size_estimation_deferred,매장 면적·좌석·점포별 매출이 없어 규모별 적합도와 argmax 규모는 산출하지 않음,0.3306365998573183,0.9907621247113164,usable_area_profile,True,conservative_fit,True,0.7091397228637414,4.0,0.9837374903772133,0.015581629901107024,0.4508279543723527,0.6789838337182448,True,True,0.7488394919168592,11.0,0.22541397718617634,0.4508279543723527,True,True,0.6064112310170984,17.0,11,0.4074532416636771,0.6256985709451286,moderate_profile_stability,conservative_fit,상권 환경 프로필이 보통 안정성이므로 절대 적합도를 더 엄격히 보는 보수 시나리오를 사용,0.9930715935334873,0.6789838337182448,0.6951501154734411,0.9099307159353349,brand_environment_fit=0.993 | low_competition_risk=0.910 | market_opportunity=0.695 | brand_specific_advantage=0.679,profile_stability_moderate__confirm_local_site_conditions,not_recommended__no_store_area_seat_or_store_outcome_data,insufficient,False,False,False,not_observable_from_current_official_html,79,20,top20_available,brand_environment_fit=0.993 | low_competition_risk=0.910,profile_stability_moderate,positive_drivers=brand_environment_fit=0.993 | low_competition_risk=0.910 || caution_flags=profile_stability_moderate || profile_stability=moderate_profile_stability || available_recommendation_count=20
3110731,금천구청역 1번 출입구,11545,266327700.0,30400.0,8760.779605263158,0.5237875288683603,0.753968253968254,0.7420634920634921,0.3531746031746032,0.24206349206349206,0.8690476190476191,0.873015873015873,0.04365079365079365,0.13095238095238096,0.6785714285714286,BRD_20080100675,호밀호두,0.012702078521939953,False,3264.3826369154067,50.21951814435773,20,42,0.6420323325635104,True,0.16602771362586605,0.26824480369515014,0.37046189376443417,388.0,358.0,283.0,343.0,False,direct_size_estimation_deferred,매장 면적·좌석·점포별 매출이 없어 규모별 적합도와 argmax 규모는 산출하지 않음,0.45784460455608733,0.953810623556582,usable_area_profile,True,conservative_fit,True,0.5639260969976905,65.0,0.8367013086989993,0.09361676506651975,1.2509438322758772,0.8775981524249422,True,True,0.6980138568129329,33.0,0.6254719161379386,1.2509438322758772,True,True,0.6046358774178565,18.0,11,0.4074532416636771,0.6256985709451286,moderate_profile_stability,conservative_fit,상권 환경 프로필이 보통 안정성이므로 절대 적합도를 더 엄격히 보는 보수 시나리오를 사용,0.9561200923787528,0.8775981524249422,0.5219399538106235,0.2921478060046189,brand_environment_fit=0.956 | brand_specific_advantage=0.878 | market_opportunity=0.522 | low_competition_risk=0.292,profile_stability_moderate__confirm_local_site_conditions,not_recommended__no_store_area_seat_or_store_outcome_data,insufficient,False,False,False,not_observable_from_current_official_html,79,20,top20_available,brand_environment_fit=0.956 | brand_specific_advantage=0.878,profile_stability_moderate | competition_risk_elevated_but_below_exclusion,positive_drivers=brand_environment_fit=0.956 | brand_specific_advantage=0.878 || caution_flags=profile_stability_moderate | competition_risk_elevated_but_below_exclusion || profile_stability=moderate_profile_stability || available_recommendation_count=20
3110871,신원동주민센터,11620,172626340.0,16921.0,10201.899414928195,0.4102771362586605,0.6944444444444444,0.5833333333333334,0.49603174603174605,0.8611111111111112,0.9801587301587301,0.8690476190476191,0.027777777777777776,0.051587301587301584,0.3412698412698413,BRD_20080100675,호밀호두,0.34988452655889146,False,2331.4141630878003,65.3758365342759,22,57,0.6068129330254042,True,0.3680023094688222,0.380080831408776,0.39215935334872976,291.0,295.0,274.0,286.6666666666667,False,direct_size_estimation_deferred,매장 면적·좌석·점포별 매출이 없어 규모별 적합도와 argmax 규모는 산출하지 않음,0.5442353718804978,0.8960739030023095,usable_area_profile,True,conservative_fit,True,0.5006120092378753,110.0,0.7840646651270208,0.06909637529065116,1.6210580859578567,0.9399538106235565,True,True,0.6768648960739031,44.0,0.8105290429789284,1.6210580859578567,True,True,0.6029498127077806,19.0,11,0.4074532416636771,0.6256985709451286,moderate_profile_stability,conservative_fit,상권 환경 프로필이 보통 안정성이므로 절대 적합도를 더 엄격히 보는 보수 시나리오를 사용,0.8983833718244804,0.9399538106235565,0.40415704387990764,0.35219399538106233,brand_specific_advantage=0.940 | brand_environment_fit=0.898 | market_opportunity=0.404 | low_competition_risk=0.352,profile_stability_moderate__confirm_local_site_conditions,not_recommended__no_store_area_seat_or_store_outcome_data,insufficient,False,False,False,not_observable_from_current_official_html,79,20,top20_available,brand_specific_advantage=0.940 | brand_environment_fit=0.898,profile_stability_moderate | competition_risk_elevated_but_below_exclusion,positive_drivers=brand_specific_advantage=0.940 | brand_environment_fit=0.898 || caution_flags=profile_stability_moderate | competition_risk_elevated_but_below_exclusion || profile_stability=moderate_profile_stability || available_recommendation_count=20
3120228,석촌역(석촌호수),11710,510280686.0,47215.0,10807.596865402944,0.7248267898383373,0.8531746031746031,0.13095238095238096,0.6746031746031746,0.9325396825396826,0.8928571428571429,0.7063492063492064,0.4087301587301587,0.03968253968253968,0.5436507936507936,BRD_20080100675,호밀호두,0.5404157043879908,False,4118.927287566533,78.44743464456866,38,113,0.6853348729792148,True,0.5957390300230947,0.632621247113164,0.6695034642032334,152.0,113.0,102.0,122.33333333333333,False,direct_size_estimation_deferred,매장 면적·좌석·점포별 매출이 없어 규모별 적합도와 argmax 규모는 산출하지 않음,0.20815979844915733,0.9976905311778291,usable_area_profile,True,conservative_fit,True,0.6497344110854505,18.0,0.9733448806774442,0.0333978756040919,0.7289580567634106,0.7713625866050808,True,True,0.7225000000000001,22.0,0.3644790283817053,0.7289580567634106,True,True,0.6028691797282207,20.0,11,0.4074532416636771,0.6256985709451286,moderate_profile_stability,conservative_fit,상권 환경 프로필이 보통 안정성이므로 절대 적합도를 더 엄격히 보는 보수 시나리오를 사용,1.0,0.7713625866050808,0.7528868360277137,0.24249422632794457,brand_environment_fit=1.000 | brand_specific_advantage=0.771 | market_opportunity=0.753 | low_competition_risk=0.242,profile_stability_moderate__confirm_local_site_conditions,not_recommended__no_store_area_seat_or_store_outcome_data,insufficient,False,False,False,not_observable_from_current_official_html,79,20,top20_available,brand_environment_fit=1.000 | brand_specific_advantage=0.771 | market_opportunity=0.753,profile_stability_moderate | competition_risk_elevated_but_below_exclusion,positive_drivers=brand_environment_fit=1.000 | brand_specific_advantage=0.771 | market_opportunity=0.753 || caution_flags=profile_stability_moderate | competition_risk_elevated_but_below_exclusion || profile_stability=moderate_profile_stability || available_recommendation_count=20
3120165,서래마을카페거리(서래마을),11650,2971488955.0,159582.0,18620.45189933702,0.9718244803695151,0.7619047619047619,0.2857142857142857,0.7023809523809523,0.6785714285714286,0.8293650793650794,0.7777777777777778,0.42857142857142855,0.08333333333333333,0.5198412698412699,BRD_20240478,화이트리에,0.9780600461893765,False,1369.634257778366,18.110770263065373,12,56,0.5814087759815242,True,0.976189376443418,0.9749422632794458,0.9736951501154734,1.0,1.0,1.0,1.0,True,direct_size_estimation_deferred,매장 면적·좌석·점포별 매출이 없어 규모별 적합도와 argmax 규모는 산출하지 않음,0.4815989213897133,0.9515011547344111,usable_area_profile,True,balanced_default,True,0.7286778290993072,3.0,0.7512509622786759,0.08110629650978349,2.4689845434081668,0.9237875288683602,True,True,0.8593013856812934,1.0,1.0,2.4689845434081668,True,True,0.8678406466512701,1.0,11,0.5630255121902846,0.6859617607632592,high_profile_stability,balanced_default,상권 환경 프로필이 재표본에도 비교적 안정적이므로 균형 시나리오를 사용,0.953810623556582,0.9364896073903002,0.9884526558891455,0.394919168591224,market_opportunity=0.988 | brand_environment_fit=0.954 | brand_specific_advantage=0.936 | low_competition_risk=0.395,no_model_level_high_risk_flag,not_recommended__no_store_area_seat_or_store_outcome_data,rich,True,True,False,not_observable_from_current_official_html,104,20,top20_available,market_opportunity=0.988 | brand_environment_fit=0.954 | brand_specific_advantage=0.936,competition_risk_moderate,positive_drivers=market_opportunity=0.988 | brand_environment_fit=0.954 | brand_specific_advantage=0.936 || caution_flags=competition_risk_moderate || profile_stability=high_profile_stability || available_recommendation_count=20
3120241,거여역,11710,442861720.0,38192.0,11595.66715542522,0.6863741339491918,0.8531746031746031,0.13095238095238096,0.6746031746031746,0.9325396825396826,0.8928571428571429,0.7063492063492064,0.4087301587301587,0.03968253968253968,0.5436507936507936,BRD_20240478,화이트리에,0.5404157043879908,False,5592.954228328705,74.88658089693484,10,25,0.31755196304849886,True,0.584203233256351,0.6133949191685912,0.6425866050808314,159.0,127.0,117.0,134.33333333333334,False,direct_size_estimation_deferred,매장 면적·좌석·점포별 매출이 없어 규모별 적합도와 argmax 규모는 산출하지 않음,0.4488852145823468,0.9653579676674365,usable_area_profile,True,balanced_default,True,0.6752771362586605,15.0,0.7350846805234795,0.1071516472680839,2.149041036838507,0.8937644341801386,True,True,0.8053926096997691,4.0,1.0,2.149041036838507,True,True,0.8277136258660509,2.0,11,0.5630255121902846,0.6859617607632592,high_profile_stability,balanced_default,상권 환경 프로필이 재표본에도 비교적 안정적이므로 균형 시나리오를 사용,0.9676674364896074,0.9364896073903002,0.7066974595842956,0.7840646651270208,brand_environment_fit=0.968 | brand_specific_advantage=0.936 | low_competition_risk=0.784 | market_opportunity=0.707,no_model_level_high_risk_flag,not_recommended__no_store_area_seat_or_store_outcome_data,rich,True,True,False,not_observable_from_current_official_html,104,20,top20_available,brand_environment_fit=0.968 | brand_specific_advantage=0.936 | low_competition_risk=0.784 | market_opportunity=0.707,no_model_level_caution_flag,positive_drivers=brand_environment_fit=0.968 | brand_specific_advantage=0.936 | low_competition_risk=0.784 | market_opportunity=0.707 || caution_flags=no_model_level_caution_flag || profile_stability=high_profile_stability || available_recommendation_count=20
3120047,한남오거리,11170,369976875.0,17557.0,21072.89827419263,0.5722863741339492,0.8849206349206349,0.6428571428571429,0.5873015873015873,0.5912698412698413,0.9365079365079365,0.9484126984126984,0.2857142857142857,0.04365079365079365,0.32936507936507936,BRD_20240478,화이트리에,0.5923787528868361,False,2830.3420287829667,74.1484996152458,11,35,0.34526558891454967,True,0.58635103926097,0.5823325635103926,0.5783140877598152,158.0,145.0,152.0,151.66666666666666,False,direct_size_estimation_deferred,매장 면적·좌석·점포별 매출이 없어 규모별 적합도와 argmax 규모는 산출하지 않음,0.37141949462757684,0.9907621247113164,usable_area_profile,True,balanced_default,True,0.643891454965358,21.0,0.8883756735950731,0.04941853482670609,2.071822879315982,0.8775981524249422,True,True,0.7681639722863742,16.0,1.0,2.071822879315982,True,True,0.805311778290993,3.0,11,0.5630255121902846,0.6859617607632592,high_profile_stability,balanced_default,상권 환경 프로필이 재표본에도 비교적 안정적이므로 균형 시나리오를 사용,0.9930715935334873,0.9364896073903002,0.5866050808314087,0.7424942263279446,brand_environment_fit=0.993 | brand_specific_advantage=0.936 | low_competition_risk=0.742 | market_opportunity=0.587,no_model_level_high_risk_flag,not_recommended__no_store_area_seat_or_store_outcome_data,rich,True,True,False,not_observable_from_current_official_html,104,20,top20_available,brand_environment_fit=0.993 | brand_specific_advantage=0.936 | low_competition_risk=0.742,no_model_level_caution_flag,positive_drivers=brand_environment_fit=0.993 | brand_specific_advantage=0.936 | low_competition_risk=0.742 || caution_flags=no_model_level_caution_flag || profile_stability=high_profile_stability || available_recommendation_count=20
3120248,명일역,11740,897341571.0,88804.0,10104.742703031396,0.8340646651270208,0.8452380952380952,0.06746031746031746,0.7063492063492064,0.38492063492063494,0.6626984126984127,0.7182539682539683,0.5833333333333334,0.06746031746031746,0.6507936507936508,BRD_20240478,화이트리에,0.8914549653579676,False,6684.195164707864,41.593268704252424,24,54,0.7442263279445728,True,0.8742378752886836,0.8627598152424942,0.8512817551963049,16.0,17.0,28.0,20.333333333333332,False,direct_size_estimation_deferred,매장 면적·좌석·점포별 매출이 없어 규모별 적합도와 argmax 규모는 산출하지 않음,0.5649912315498485,0.9122401847575058,usable_area_profile,True,balanced_default,True,0.6364087759815243,25.0,0.6468437259430331,0.10480691691883517,2.532241827321394,0.9353348729792148,True,True,0.786391454965358,9.0,1.0,2.532241827321394,True,True,0.8033775981524249,4.0,11,0.5630255121902846,0.6859617607632592,high_profile_stability,balanced_default,상권 환경 프로필이 재표본에도 비교적 안정적이므로 균형 시나리오를 사용,0.9145496535796767,0.9364896073903002,0.8775981524249422,0.15011547344110854,brand_specific_advantage=0.936 | brand_environment_fit=0.915 | market_opportunity=0.878 | low_competition_risk=0.150,no_model_level_high_risk_flag,not_recommended__no_store_area_seat_or_store_outcome_data,rich,True,True,False,not_observable_from_current_official_html,104,20,top20_available,brand_specific_advantage=0.936 | brand_environment_fit=0.915 | market_opportunity=0.878,competition_risk_elevated_but_below_exclusion,positive_drivers=brand_specific_advantage=0.936 | brand_environment_fit=0.915 | market_opportunity=0.878 || caution_flags=competition_risk_elevated_but_below_exclusion || profile_stability=high_profile_stability || available_recommendation_count=20
3120124,개봉동 현대아파트,11530,436251391.0,40258.0,10836.390059118685,0.6745958429561202,0.8412698412698413,0.8373015873015873,0.5753968253968254,0.5238095238095238,0.7579365079365079,0.7380952380952381,0.18253968253968253,0.12698412698412698,0.7658730158730159,BRD_20240478,화이트리에,0.34872979214780603,False,5606.122100002234,107.00467282129758,11,24,0.2263279445727483,True,0.44648960739030025,0.5116628175519631,0.5768360277136259,234.0,193.0,154.0,193.66666666666666,False,direct_size_estimation_deferred,매장 면적·좌석·점포별 매출이 없어 규모별 적합도와 argmax 규모는 산출하지 않음,0.4272520058734771,0.9815242494226328,usable_area_profile,True,balanced_default,True,0.6929214780600462,7.0,0.8252501924557353,0.08720225659149386,1.7920873045634154,0.8498845265588915,True,True,0.8028406466512702,6.0,0.8960436522817077,1.7920873045634154,True,True,0.8031649318782743,5.0,11,0.5630255121902846,0.6859617607632592,high_profile_stability,balanced_default,상권 환경 프로필이 재표본에도 비교적 안정적이므로 균형 시나리오를 사용,0.9838337182448037,0.8498845265588915,0.6928406466512702,0.8729792147806005,brand_environment_fit=0.984 | low_competition_risk=0.873 | brand_specific_advantage=0.850 | market_opportunity=0.693,no_model_level_high_risk_flag,not_recommended__no_store_area_seat_or_store_outcome_data,rich,True,True,False,not_observable_from_current_official_html,104,20,top20_available,brand_environment_fit=0.984 | low_competition_risk=0.873 | brand_specific_advantage=0.850,no_model_level_caution_flag,positive_drivers=brand_environment_fit=0.984 | low_competition_risk=0.873 | brand_specific_advantage=0.850 || caution_flags=no_model_level_caution_flag || profile_stability=high_profile_stability || available_recommendation_count=20
3110247,먹골역 1번,11260,351716047.0,32316.0,10883.650420844164,0.6137413394919169,0.8492063492063492,0.40476190476190477,0.5,0.39285714285714285,0.623015873015873,0.5714285714285714,0.16666666666666666,0.32936507936507936,0.8134920634920635,BRD_20240478,화이트리에,0.8545034642032333,False,1960.3775146429641,140.63072208521604,15,30,0.2569284064665127,True,0.7822748267898383,0.7341224018475752,0.6859699769053118,58.0,68.0,91.0,72.33333333333333,False,direct_size_estimation_deferred,매장 면적·좌석·점포별 매출이 없어 규모별 적합도와 argmax 규모는 산출하지 않음,0.5478508690031254,0.9191685912240185,usable_area_profile,True,balanced_default,True,0.6358545034642032,27.0,0.6901462663587375,0.10750639472715688,2.1303135078292073,0.8891454965357968,True,True,0.7769919168591225,13.0,1.0,2.1303135078292073,True,True,0.7994515011547344,6.0,11,0.5630255121902846,0.6859617607632592,high_profile_stability,balanced_default,상권 환경 프로필이 재표본에도 비교적 안정적이므로 균형 시나리오를 사용,0.9214780600461894,0.9364896073903002,0.625866050808314,0.8498845265588915,brand_specific_advantage=0.936 | brand_environment_fit=0.921 | low_competition_risk=0.850 | market_opportunity=0.626,no_model_level_high_risk_flag,not_recommended__no_store_area_seat_or_store_outcome_data,rich,True,True,False,not_observable_from_current_official_html,104,20,top20_available,brand_specific_advantage=0.936 | brand_environment_fit=0.921 | low_competition_risk=0.850,no_model_level_caution_flag,positive_drivers=brand_specific_advantage=0.936 | brand_environment_fit=0.921 | low_competition_risk=0.850 || caution_flags=no_model_level_caution_flag || profile_stability=high_profile_stability || available_recommendation_count=20
3110431,상계역,11350,794085684.0,88729.0,8949.561969592805,0.7986143187066975,0.8928571428571429,0.08333333333333333,0.7222222222222222,0.9444444444444444,0.7777777777777778,0.30158730158730157,0.38095238095238093,0.4444444444444444,0.6071428571428571,BRD_20240478,화이트리에,0.49191685912240185,False,6993.343263400935,65.76473218893736,19,46,0.5519630484988453,True,0.5839260969976905,0.6452655889145497,0.7066050808314087,160.0,108.0,82.0,116.66666666666667,False,direct_size_estimation_deferred,매장 면적·좌석·점포별 매출이 없어 규모별 적합도와 argmax 규모는 산출하지 않음,0.5861822765394409,0.8937644341801385,usable_area_profile,True,balanced_default,True,0.6436027713625866,23.0,0.6998652809853733,0.10070766908677077,1.925366309766337,0.8637413394919169,True,True,0.7704157043879907,14.0,0.9626831548831685,1.925366309766337,True,True,0.7942139309989473,7.0,11,0.5630255121902846,0.6859617607632592,high_profile_stability,balanced_default,상권 환경 프로필이 재표본에도 비교적 안정적이므로 균형 시나리오를 사용,0.8960739030023095,0.8637413394919169,0.8337182448036952,0.43187066974595845,brand_environment_fit=0.896 | brand_specific_advantage=0.864 | market_opportunity=0.834 | low_competition_risk=0.432,no_model_level_high_risk_flag,not_recommended__no_store_area_seat_or_store_outcome_data,rich,True,True,False,not_observable_from_current_official_html,104,20,top20_available,brand_environment_fit=0.896 | brand_specific_advantage=0.864 | market_opportunity=0.834,competition_risk_moderate,positive_drivers=brand_environment_fit=0.896 | brand_specific_advantage=0.864 | market_opportunity=0.834 || caution_flags=competition_risk_moderate || profile_stability=high_profile_stability || available_recommendation_count=20
3110161,중곡역 3번,11215,561704126.0,52018.0,10798.264562266908,0.7438799076212472,0.8650793650793651,0.5238095238095238,0.6309523809523809,0.7698412698412699,0.9087301587301587,0.7023809523809523,0.1388888888888889,0.0992063492063492,0.6031746031746031,BRD_20240478,화이트리에,0.6685912240184757,False,2661.3357548151716,237.05273672891286,6,28,0.032909930715935315,True,0.6911778290993071,0.7062355658198615,0.7212933025404158,105.0,79.0,77.0,87.0,False,direct_size_estimation_deferred,매장 면적·좌석·점포별 매출이 없어 규모별 적합도와 argmax 규모는 산출하지 않음,0.8142941836448783,0.7090069284064665,usable_area_profile,True,balanced_default,True,0.6099249422632794,40.0,0.5714973056197075,0.0680820153808887,2.019764280147314,0.8729792147806005,True,True,0.780121247113164,12.0,1.0,2.019764280147314,True,True,0.7808314087759815,8.0,11,0.5630255121902846,0.6859617607632592,high_profile_stability,balanced_default,상권 환경 프로필이 재표본에도 비교적 안정적이므로 균형 시나리오를 사용,0.7113163972286374,0.9364896073903002,0.76905311778291,0.9861431870669746,low_competition_risk=0.986 | brand_specific_advantage=0.936 | market_opportunity=0.769 | brand_environment_fit=0.711,no_model_level_high_risk_flag,not_recommended__no_store_area_seat_or_store_outcome_data,rich,True,True,False,not_observable_from_current_official_html,104,20,top20_available,low_competition_risk=0.986 | brand_specific_advantage=0.936 | market_opportunity=0.769 | brand_environment_fit=0.711,no_model_level_caution_flag,positive_drivers=low_competition_risk=0.986 | brand_specific_advantage=0.936 | market_opportunity=0.769 | brand_environment_fit=0.711 || caution_flags=no_model_level_caution_flag || profile_stability=high_profile_stability || available_recommendation_count=20
3120110,목동역 8번출구,11470,844175004.0,86430.0,9767.152655328011,0.8209006928406467,0.8055555555555556,0.2222222222222222,0.5158730158730159,0.5873015873015873,0.5079365079365079,0.2896825396825397,0.4801587301587302,0.30952380952380953,0.7738095238095238,BRD_20240478,화이트리에,0.9341801385681293,False,1959.256236430172,27.58622845698607,22,62,0.7650115473441108,True,0.9001963048498844,0.877540415704388,0.8548845265588915,11.0,14.0,26.0,17.0,False,direct_size_estimation_deferred,매장 면적·좌석·점포별 매출이 없어 규모별 적합도와 argmax 규모는 산출하지 않음,0.4689341731104619,0.9584295612009238,usable_area_profile,True,balanced_default,True,0.6517782909930717,19.0,0.8049461123941494,0.08633449490195591,1.777776646299662,0.8475750577367206,True,True,0.7580773672055428,21.0,0.888888323149831,1.777776646299662,True,True,0.7752852779985147,9.0,11,0.5630255121902846,0.6859617607632592,high_profile_stability,balanced_default,상권 환경 프로필이 재표본에도 비교적 안정적이므로 균형 시나리오를 사용,0.9607390300230947,0.8475750577367206,0.859122401847575,0.13163972286374134,brand_environment_fit=0.961 | market_opportunity=0.859 | brand_specific_advantage=0.848 | low_competition_risk=0.132,no_model_level_high_risk_flag,not_recommended__no_store_area_seat_or_store_outcome_data,rich,True,True,False,not_observable_from_current_official_html,104,20,top20_available,brand_environment_fit=0.961 | market_opportunity=0.859 | brand_specific_advantage=0.848,competition_risk_elevated_but_below_exclusion,positive_drivers=brand_environment_fit=0.961 | market_opportunity=0.859 | brand_specific_advantage=0.848 || caution_flags=competition_risk_elevated_but_below_exclusion || profile_stability=high_profile_stability || available_recommendation_count=20
3120083,등나무근린공원,11350,778584578.0,70753.0,11004.26240583438,0.821824480369515,0.8928571428571429,0.08333333333333333,0.7222222222222222,0.9444444444444444,0.7777777777777778,0.30158730158730157,0.38095238095238093,0.4444444444444444,0.6071428571428571,BRD_20240478,화이트리에,0.49191685912240185,False,4615.386441008722,160.58953888822313,11,26,0.14318706697459588,True,0.5908891454965357,0.6568706697459584,0.722852193995381,155.0,104.0,75.0,111.33333333333333,False,direct_size_estimation_deferred,매장 면적·좌석·점포별 매출이 없어 규모별 적합도와 argmax 규모는 산출하지 않음,0.8578886446420894,0.6674364896073903,usable_area_profile,True,balanced_default,True,0.599878752886836,46.0,0.40848729792147803,0.07776911969111501,3.329717408585979,0.9884526558891455,True,True,0.8206812933025406,2.0,1.0,3.329717408585979,True,True,0.7747401847575057,10.0,11,0.5630255121902846,0.6859617607632592,high_profile_stability,balanced_default,상권 환경 프로필이 재표본에도 비교적 안정적이므로 균형 시나리오를 사용,0.6697459584295612,0.9364896073903002,0.8614318706697459,0.9191685912240185,brand_specific_advantage=0.936 | low_competition_risk=0.919 | market_opportunity=0.861 | brand_environment_fit=0.670,no_model_level_high_risk_flag,not_recommended__no_store_area_seat_or_store_outcome_data,rich,True,True,False,not_observable_from_current_official_html,104,20,top20_available,brand_specific_advantage=0.936 | low_competition_risk=0.919 | market_opportunity=0.861,no_model_level_caution_flag,positive_drivers=brand_specific_advantage=0.936 | low_competition_risk=0.919 | market_opportunity=0.861 || caution_flags=no_model_level_caution_flag || profile_stability=high_profile_stability || available_recommendation_count=20
3120079,창동역,11320,765698620.0,76216.0,10046.428833840664,0.8071593533487298,0.7182539682539683,0.11904761904761904,0.6071428571428571,0.25793650793650796,0.3611111111111111,0.24603174603174602,0.19047619047619047,0.4246031746031746,0.9126984126984127,BRD_20240478,화이트리에,0.2806004618937644,False,5801.528419294322,91.21403398036323,16,24,0.38394919168591224,True,0.438568129330254,0.543879907621247,0.6491916859122402,239.0,171.0,110.0,173.33333333333334,False,direct_size_estimation_deferred,매장 면적·좌석·점포별 매출이 없어 규모별 적합도와 argmax 규모는 산출하지 않음,0.49112689778119406,0.9468822170900693,usable_area_profile,True,balanced_default,True,0.6983545034642032,5.0,0.8044649730561971,0.0901443469973297,1.5798799234531131,0.8290993071593533,True,True,0.8002598152424942,7.0,0.7899399617265566,1.5798799234531131,True,True,0.7712826817544103,11.0,11,0.5630255121902846,0.6859617607632592,high_profile_stability,balanced_default,상권 환경 프로필이 재표본에도 비교적 안정적이므로 균형 시나리오를 사용,0.9491916859122402,0.8290993071593533,0.8406466512702079,0.6905311778290993,brand_environment_fit=0.949 | market_opportunity=0.841 | brand_specific_advantage=0.829 | low_competition_risk=0.691,no_model_level_high_risk_flag,not_recommended__no_store_area_seat_or_store_outcome_data,rich,True,True,False,not_observable_from_current_official_html,104,20,top20_available,brand_environment_fit=0.949 | market_opportunity=0.841 | brand_specific_advantage=0.829,no_model_level_caution_flag,positive_drivers=brand_environment_fit=0.949 | market_opportunity=0.841 | brand_specific_advantage=0.829 || caution_flags=no_model_level_caution_flag || profile_stability=high_profile_stability || available_recommendation_count=20
3130059,후암시장,11170,289736267.0,24225.0,11960.21742002064,0.5607390300230947,0.8849206349206349,0.6428571428571429,0.5873015873015873,0.5912698412698413,0.9365079365079365,0.9484126984126984,0.2857142857142857,0.04365079365079365,0.32936507936507936,BRD_20240478,화이트리에,0.5923787528868361,False,5144.2310406564475,15.81138826349618,14,59,0.6420323325635104,True,0.5828868360277136,0.5765588914549653,0.5702309468822171,162.0,151.0,158.0,157.0,False,direct_size_estimation_deferred,매장 면적·좌석·점포별 매출이 없어 규모별 적합도와 argmax 규모는 산출하지 않음,0.437872066562117,0.9722863741339491,usable_area_profile,True,balanced_default,True,0.5860969976905311,53.0,0.8607582755966128,0.046869573240303976,2.3795415837375575,0.9191685912240185,True,True,0.7312702078521941,32.0,1.0,2.3795415837375575,True,True,0.7662817551963048,12.0,11,0.5630255121902846,0.6859617607632592,high_profile_stability,balanced_default,상권 환경 프로필이 재표본에도 비교적 안정적이므로 균형 시나리오를 사용,0.9745958429561201,0.9364896073903002,0.5773672055427251,0.2909930715935335,brand_environment_fit=0.975 | brand_specific_advantage=0.936 | market_opportunity=0.577 | low_competition_risk=0.291,no_model_level_high_risk_flag,not_recommended__no_store_area_seat_or_store_outcome_data,rich,True,True,False,not_observable_from_current_official_html,104,20,top20_available,brand_environment_fit=0.975 | brand_specific_advantage=0.936,competition_risk_elevated_but_below_exclusion,positive_drivers=brand_environment_fit=0.975 | brand_specific_advantage=0.936 || caution_flags=competition_risk_elevated_but_below_exclusion || profile_stability=high_profile_stability || available_recommendation_count=20
3111031,장지동주민센터(한림연예예술고교),11710,261108662.0,24245.0,10769.58803877088,0.5293302540415705,0.8531746031746031,0.13095238095238096,0.6746031746031746,0.9325396825396826,0.8928571428571429,0.7063492063492064,0.4087301587301587,0.03968253968253968,0.5436507936507936,BRD_20240478,화이트리에,0.5404157043879908,False,4808.4198028238725,94.53041835901287,9,34,0.22459584295612012,True,0.5370900692840647,0.5348729792147806,0.5326558891454966,183.0,176.0,186.0,181.66666666666666,False,direct_size_estimation_deferred,매장 면적·좌석·점포별 매출이 없어 규모별 적합도와 argmax 규모는 산출하지 않음,0.6018233187872503,0.8729792147806005,usable_area_profile,True,balanced_default,True,0.5880658198614319,52.0,0.6972671285604312,0.07497130716020473,2.343724457740794,0.9145496535796767,True,True,0.7528233256351038,23.0,1.0,2.343724457740794,True,True,0.7654157043879907,13.0,11,0.5630255121902846,0.6859617607632592,high_profile_stability,balanced_default,상권 환경 프로필이 재표본에도 비교적 안정적이므로 균형 시나리오를 사용,0.8752886836027713,0.9364896073903002,0.5311778290993071,0.8752886836027713,brand_specific_advantage=0.936 | brand_environment_fit=0.875 | low_competition_risk=0.875 | market_opportunity=0.531,no_model_level_high_risk_flag,not_recommended__no_store_area_seat_or_store_outcome_data,rich,True,True,False,not_observable_from_current_official_html,104,20,top20_available,brand_specific_advantage=0.936 | brand_environment_fit=0.875 | low_competition_risk=0.875,no_model_level_caution_flag,positive_drivers=brand_specific_advantage=0.936 | brand_environment_fit=0.875 | low_competition_risk=0.875 || caution_flags=no_model_level_caution_flag || profile_stability=high_profile_stability || available_recommendation_count=20
3120139,대림3동사거리,11560,275372027.0,24903.0,11057.785286913224,0.5479214780600462,0.8571428571428571,0.7698412698412699,0.5277777777777778,0.23809523809523808,0.9007936507936508,0.9761904761904762,0.3373015873015873,0.047619047619047616,0.25,BRD_20240478,화이트리에,0.2471131639722864,False,3744.52667239203,43.9089968249315,5,37,0.3874133949191686,True,0.33735565819861435,0.3975173210161663,0.45767898383371824,308.0,283.0,233.0,274.6666666666667,False,direct_size_estimation_deferred,매장 면적·좌석·점포별 매출이 없어 규모별 적합도와 argmax 규모는 산출하지 않음,0.46928987543761225,0.9561200923787528,usable_area_profile,True,balanced_default,True,0.6117205542725173,39.0,0.84959584295612,0.05619721795416074,1.895543112285792,0.859122401847575,True,True,0.7367494226327944,29.0,0.947771556142896,1.895543112285792,True,True,0.7646011070056719,14.0,11,0.5630255121902846,0.6859617607632592,high_profile_stability,balanced_default,상권 환경 프로필이 재표본에도 비교적 안정적이므로 균형 시나리오를 사용,0.9584295612009238,0.859122401847575,0.5542725173210161,0.6836027713625866,brand_environment_fit=0.958 | brand_specific_advantage=0.859 | low_competition_risk=0.684 | market_opportunity=0.554,no_model_level_high_risk_flag,not_recommended__no_store_area_seat_or_store_outcome_data,rich,True,True,False,not_observable_from_current_official_html,104,20,top20_available,brand_environment_fit=0.958 | brand_specific_advantage=0.859,no_model_level_caution_flag,positive_drivers=brand_environment_fit=0.958 | brand_specific_advantage=0.859 || caution_flags=no_model_level_caution_flag || profile_stability=high_profile_stability || available_recommendation_count=20
3110157,자양동우체국,11215,301075133.0,33989.0,8858.016799552797,0.5571593533487299,0.8650793650793651,0.5238095238095238,0.6309523809523809,0.7698412698412699,0.9087301587301587,0.7023809523809523,0.1388888888888889,0.0992063492063492,0.6031746031746031,BRD_20240478,화이트리에,0.6685912240184757,False,2074.9949397301643,156.84705927619544,9,34,0.10565819861431869,True,0.6351616628175519,0.6128752886836029,0.5905889145496537,132.0,128.0,147.0,135.66666666666666,False,direct_size_estimation_deferred,매장 면적·좌석·점포별 매출이 없어 규모별 적합도와 argmax 규모는 산출하지 않음,0.6709478230109067,0.8198614318706697,usable_area_profile,True,balanced_default,True,0.5890877598152425,51.0,0.6443418013856813,0.09066080053912802,1.936003536713052,0.8660508083140878,True,True,0.7436778290993072,25.0,0.968001768356526,1.936003536713052,True,True,0.754476138555269,15.0,11,0.5630255121902846,0.6859617607632592,high_profile_stability,balanced_default,상권 환경 프로필이 재표본에도 비교적 안정적이므로 균형 시나리오를 사용,0.8221709006928406,0.8660508083140878,0.5727482678983834,0.9468822170900693,low_competition_risk=0.947 | brand_specific_advantage=0.866 | brand_environment_fit=0.822 | market_opportunity=0.573,no_model_level_high_risk_flag,not_recommended__no_store_area_seat_or_store_outcome_data,rich,True,True,False,not_observable_from_current_official_html,104,20,top20_available,low_competition_risk=0.947 | brand_specific_advantage=0.866 | brand_environment_fit=0.822,no_model_level_caution_flag,positive_drivers=low_competition_risk=0.947 | brand_specific_advantage=0.866 | brand_environment_fit=0.822 || caution_flags=no_model_level_caution_flag || profile_stability=high_profile_stability || available_recommendation_count=20
3120061,올림픽대교북단,11215,1069126956.0,102314.0,10449.468850792658,0.8699769053117784,0.8650793650793651,0.5238095238095238,0.6309523809523809,0.7698412698412699,0.9087301587301587,0.7023809523809523,0.1388888888888889,0.0992063492063492,0.6031746031746031,BRD_20240478,화이트리에,0.6685912240184757,False,3282.320672920105,68.59300256302774,13,45,0.39953810623556585,True,0.7290069284064664,0.7692840646651271,0.8095612009237876,84.0,52.0,34.0,56.666666666666664,False,direct_size_estimation_deferred,매장 면적·좌석·점포별 매출이 없어 규모별 적합도와 argmax 규모는 산출하지 않음,0.8779122443556642,0.6420323325635104,usable_area_profile,True,balanced_default,True,0.5655773672055429,65.0,0.39376443418013857,0.07543718341133658,3.2910547180644416,0.9815242494226328,True,True,0.786281755196305,10.0,1.0,3.2910547180644416,True,True,0.7522517321016166,16.0,11,0.5630255121902846,0.6859617607632592,high_profile_stability,balanced_default,상권 환경 프로필이 재표본에도 비교적 안정적이므로 균형 시나리오를 사용,0.6443418013856813,0.9364896073903002,0.9076212471131639,0.6581986143187067,brand_specific_advantage=0.936 | market_opportunity=0.908 | low_competition_risk=0.658 | brand_environment_fit=0.644,no_model_level_high_risk_flag,not_recommended__no_store_area_seat_or_store_outcome_data,rich,True,True,False,not_observable_from_current_official_html,104,20,top20_available,brand_specific_advantage=0.936 | market_opportunity=0.908,no_model_level_caution_flag,positive_drivers=brand_specific_advantage=0.936 | market_opportunity=0.908 || caution_flags=no_model_level_caution_flag || profile_stability=high_profile_stability || available_recommendation_count=20
3110450,시립서북병원,11380,211174273.0,15084.0,13999.885507822859,0.45993071593533497,0.8968253968253969,0.15873015873015872,0.5674603174603174,0.5277777777777778,0.6785714285714286,0.47619047619047616,0.17857142857142858,0.19047619047619047,0.8373015873015873,BRD_20240478,화이트리에,0.4237875288683603,False,3389.9454273076285,15.524174686882562,11,43,0.5773672055427251,True,0.4346304849884527,0.44185912240184766,0.44908775981524257,242.0,240.0,242.0,241.33333333333334,False,direct_size_estimation_deferred,매장 면적·좌석·점포별 매출이 없어 규모별 적합도와 argmax 규모는 산출하지 않음,0.43448365665806876,0.976905311778291,usable_area_profile,True,balanced_default,True,0.5628233256351041,68.0,0.7929176289453426,0.06512846878637132,2.824996292119943,0.9676674364896074,True,True,0.731512702078522,31.0,1.0,2.824996292119943,True,True,0.7491628175519631,17.0,11,0.5630255121902846,0.6859617607632592,high_profile_stability,balanced_default,상권 환경 프로필이 재표본에도 비교적 안정적이므로 균형 시나리오를 사용,0.9792147806004619,0.9364896073903002,0.44803695150115475,0.3995381062355658,brand_environment_fit=0.979 | brand_specific_advantage=0.936 | market_opportunity=0.448 | low_competition_risk=0.400,no_model_level_high_risk_flag,not_recommended__no_store_area_seat_or_store_outcome_data,rich,True,True,False,not_observable_from_current_official_html,104,20,top20_available,brand_environment_fit=0.979 | brand_specific_advantage=0.936,competition_risk_moderate,positive_drivers=brand_environment_fit=0.979 | brand_specific_advantage=0.936 || caution_flags=competition_risk_moderate || profile_stability=high_profile_stability || available_recommendation_count=20
3110502,남가좌파출소,11410,427848944.0,42892.0,9975.029003077498,0.6628175519630486,0.9444444444444444,0.5357142857142857,0.5357142857142857,0.9047619047619048,0.9325396825396826,0.44047619047619047,0.12301587301587301,0.1111111111111111,0.6746031746031746,BRD_20240478,화이트리에,0.21247113163972287,False,5861.52369268848,102.61091558097728,17,46,0.3787528868360277,True,0.3475750577367206,0.43764434180138573,0.5277136258660509,300.0,243.0,194.0,245.66666666666666,False,direct_size_estimation_deferred,매장 면적·좌석·점포별 매출이 없어 규모별 적합도와 argmax 규모는 산출하지 않음,0.7475850568930216,0.7667436489607391,usable_area_profile,True,balanced_default,True,0.5585450346420324,71.0,0.5009622786759046,0.10026327854986915,2.6508346238911353,0.9468822170900693,True,True,0.7508083140877598,24.0,1.0,2.6508346238911353,True,True,0.746189376443418,18.0,11,0.5630255121902846,0.6859617607632592,high_profile_stability,balanced_default,상권 환경 프로필이 재표본에도 비교적 안정적이므로 균형 시나리오를 사용,0.76905311778291,0.9364896073903002,0.6836027713625866,0.7020785219399538,brand_specific_advantage=0.936 | brand_environment_fit=0.769 | low_competition_risk=0.702 | market_opportunity=0.684,no_model_level_high_risk_flag,not_recommended__no_store_area_seat_or_store_outcome_data,rich,True,True,False,not_observable_from_current_official_html,104,20,top20_available,brand_specific_advantage=0.936 | brand_environment_fit=0.769 | low_competition_risk=0.702,no_model_level_caution_flag,positive_drivers=brand_specific_advantage=0.936 | brand_environment_fit=0.769 | low_competition_risk=0.702 || caution_flags=no_model_level_caution_flag || profile_stability=high_profile_stability || available_recommendation_count=20
3110274,서일대학교,11260,492656087.0,41512.0,11867.79935922143,0.7133949191685912,0.8492063492063492,0.40476190476190477,0.5,0.39285714285714285,0.623015873015873,0.5714285714285714,0.16666666666666666,0.32936507936507936,0.8134920634920635,BRD_20240478,화이트리에,0.8545034642032333,False,3331.332766317447,101.51354588565466,6,29,0.16801385681293304,True,0.8121709006928406,0.7839491916859123,0.7557274826789837,45.0,44.0,56.0,48.333333333333336,False,direct_size_estimation_deferred,매장 면적·좌석·점포별 매출이 없어 규모별 적합도와 argmax 규모는 산출하지 않음,0.4913082645406613,0.9422632794457275,usable_area_profile,True,balanced_default,True,0.6956177829099306,6.0,0.829003079291763,0.07882695102483951,1.4368207660128147,0.8106235565819861,True,True,0.7957448036951502,8.0,0.7184103830064074,1.4368207660128147,True,True,0.7427831259691017,19.0,11,0.5630255121902846,0.6859617607632592,high_profile_stability,balanced_default,상권 환경 프로필이 재표본에도 비교적 안정적이므로 균형 시나리오를 사용,0.9445727482678984,0.8106235565819861,0.7367205542725174,0.9030023094688222,brand_environment_fit=0.945 | low_competition_risk=0.903 | brand_specific_advantage=0.811 | market_opportunity=0.737,no_model_level_high_risk_flag,not_recommended__no_store_area_seat_or_store_outcome_data,rich,True,True,False,not_observable_from_current_official_html,104,20,top20_available,brand_environment_fit=0.945 | low_competition_risk=0.903 | brand_specific_advantage=0.811 | market_opportunity=0.737,no_model_level_caution_flag,positive_drivers=brand_environment_fit=0.945 | low_competition_risk=0.903 | brand_specific_advantage=0.811 | market_opportunity=0.737 || caution_flags=no_model_level_caution_flag || profile_stability=high_profile_stability || available_recommendation_count=20
3110994,개포고등학교,11680,386422178.0,37415.0,10328.001550180408,0.6401847575057736,0.7817460317460317,0.18253968253968253,0.75,0.6468253968253969,0.8531746031746031,0.9206349206349206,0.4365079365079365,0.027777777777777776,0.4880952380952381,BRD_20240478,화이트리에,0.8060046189376443,False,1736.2171523361662,71.84010018954493,4,20,0.2644341801385681,True,0.7562586605080831,0.723094688221709,0.6899307159353347,73.0,72.0,90.0,78.33333333333333,False,direct_size_estimation_deferred,매장 면적·좌석·점포별 매출이 없어 규모별 적합도와 argmax 규모는 산출하지 않음,0.8023241032009689,0.7182448036951501,usable_area_profile,True,balanced_default,True,0.5435219399538106,86.0,0.4573710546574288,0.07422387155619606,3.5146879779803686,0.9930715935334873,True,True,0.7650923787528868,18.0,1.0,3.5146879779803686,True,True,0.7349884526558891,20.0,11,0.5630255121902846,0.6859617607632592,high_profile_stability,balanced_default,상권 환경 프로필이 재표본에도 비교적 안정적이므로 균형 시나리오를 사용,0.7205542725173211,0.9364896073903002,0.6535796766743649,0.8441108545034642,brand_specific_advantage=0.936 | low_competition_risk=0.844 | brand_environment_fit=0.721 | market_opportunity=0.654,no_model_level_high_risk_flag,not_recommended__no_store_area_seat_or_store_outcome_data,rich,True,True,False,not_observable_from_current_official_html,104,20,top20_available,brand_specific_advantage=0.936 | low_competition_risk=0.844 | brand_environment_fit=0.721,no_model_level_caution_flag,positive_drivers=brand_specific_advantage=0.936 | low_competition_risk=0.844 | brand_environment_fit=0.721 || caution_flags=no_model_level_caution_flag || profile_stability=high_profile_stability || available_recommendation_count=20
