brand_id,brand_name,store_id,store_name_raw,store_name_std,address_raw,address_std,sido_nm,ccg_nm,district_nm,ccg_id,district_cd,longitude,latitude,coordinate_source,store_status,match_method,match_confidence,area_id,area_name,area_type,spatial_join_status,exclusion_reason,source_name,source_date,_store_name_norm,_store_addr_norm,_brand_norm
BRD_20080200064,파리바게뜨,MA010120220800005140,파리바게뜨평창점,파리바게뜨평창점,서울특별시 종로구 평창11길 3,서울특별시종로구평창11길3,서울특별시,종로구,종로구,11110,11110,126.966659221821,37.6060146146453,소상공인시장진흥공단 상가(상권)정보,미확인,prefix,medium,3110010,평창동서측,골목상권,matched,,소상공인시장진흥공단 상가(상권)정보,2026-06-30,파리바게뜨평창점,서울특별시종로구평창11길3,파리바게뜨
BRD_20080200064,파리바게뜨,MA010120220800007401,파리바게뜨 명지대점,파리바게뜨명지대점,서울특별시 서대문구 증가로 130,서울특별시서대문구증가로130,서울특별시,서대문구,서대문구,11410,11410,126.923302378327,37.5775681082453,소상공인시장진흥공단 상가(상권)정보,미확인,exact,high,3110507,명지대학교,골목상권,matched,,소상공인시장진흥공단 상가(상권)정보,2026-06-30,파리바게뜨명지대점,서울특별시서대문구증가로130,파리바게뜨
BRD_20080200064,파리바게뜨,MA010120220800022800,파리바게뜨종로세무서점,파리바게뜨종로세무서점,서울특별시 종로구 삼일대로30길 21,서울특별시종로구삼일대로30길21,서울특별시,종로구,종로구,11110,11110,126.988589261995,37.5742227529847,소상공인시장진흥공단 상가(상권)정보,미확인,prefix,medium,3120009,종로3가역,발달상권,matched,,소상공인시장진흥공단 상가(상권)정보,2026-06-30,파리바게뜨종로세무서점,서울특별시종로구삼일대로30길21,파리바게뜨
BRD_20080100039,뚜레쥬르,MA010120220800023326,뚜레쥬르신설동역점,뚜레쥬르신설동역점,서울특별시 종로구 종로 413,서울특별시종로구종로413,서울특별시,종로구,종로구,11110,11110,127.022527680085,37.5759780945096,소상공인시장진흥공단 상가(상권)정보,미확인,prefix,medium,3120062,신설동역,발달상권,matched,,소상공인시장진흥공단 상가(상권)정보,2026-06-30,뚜레쥬르신설동역점,서울특별시종로구종로413,뚜레쥬르
BRD_20080200064,파리바게뜨,MA010120220800029392,파리바게뜨성대명륜점,파리바게뜨성대명륜점,서울특별시 종로구 명륜길 1,서울특별시종로구명륜길1,서울특별시,종로구,종로구,11110,11110,126.996388209081,37.5877741949859,소상공인시장진흥공단 상가(상권)정보,미확인,prefix,medium,3110020,서울국제고등학교,골목상권,matched,,소상공인시장진흥공단 상가(상권)정보,2026-06-30,파리바게뜨성대명륜점,서울특별시종로구명륜길1,파리바게뜨
BRD_20080200064,파리바게뜨,MA010120220800044714,파리바게뜨상계백 병원점,파리바게뜨상계백병원점,서울특별시 노원구 동일로 1356,서울특별시노원구동일로1356,서울특별시,노원구,노원구,11350,11350,127.062233421608,37.6498809539891,소상공인시장진흥공단 상가(상권)정보,미확인,prefix,medium,3120082,상계백병원,발달상권,matched,,소상공인시장진흥공단 상가(상권)정보,2026-06-30,파리바게뜨상계백병원점,서울특별시노원구동일로1356,파리바게뜨
BRD_20080200287,브레댄코(bread&co.DAILY-NEW),MA010120220800069297,대명브레댄코고속터미널역점,대명브레댄코고속터미널역점,서울특별시 서초구 신반포로 176,서울특별시서초구신반포로176,서울특별시,서초구,서초구,11650,11650,127.002408935394,37.5039362582805,소상공인시장진흥공단 상가(상권)정보,미확인,contains_nonprefix,low,3120167,고속터미널(고속터미널역),발달상권,matched,,소상공인시장진흥공단 상가(상권)정보,2026-06-30,대명브레댄코고속터미널역점,서울특별시서초구신반포로176,브레댄코breadcodailynew
BRD_20080200064,파리바게뜨,MA010120220800076043,파리바게뜨경복궁,파리바게뜨경복궁,서울특별시 종로구 자하문로 5,서울특별시종로구자하문로5,서울특별시,종로구,종로구,11110,11110,126.972230718107,37.5766166839254,소상공인시장진흥공단 상가(상권)정보,미확인,prefix,medium,3130002,세종마을음식문화거리(금천교시장),전통시장,matched,,소상공인시장진흥공단 상가(상권)정보,2026-06-30,파리바게뜨경복궁,서울특별시종로구자하문로5,파리바게뜨
BRD_20080100039,뚜레쥬르,MA010120220800092264,뚜레쥬르카페 연신내점,뚜레쥬르카페연신내점,서울특별시 은평구 통일로 815,서울특별시은평구통일로815,서울특별시,은평구,은평구,11380,11380,126.923353112276,37.6164098666811,소상공인시장진흥공단 상가(상권)정보,미확인,prefix,medium,3110472,연신내역 4번,골목상권,matched,,소상공인시장진흥공단 상가(상권)정보,2026-06-30,뚜레쥬르카페연신내점,서울특별시은평구통일로815,뚜레쥬르
BRD_20080500016,던킨/던킨도너츠,MA010120220800117984,던킨도너츠,던킨도너츠,서울특별시 중구 남대문로1길 60,서울특별시중구남대문로1길60,서울특별시,중구,중구,11140,11140,126.977792946695,37.5636705577108,소상공인시장진흥공단 상가(상권)정보,미확인,exact,high,3001492,명동 남대문 북창동 다동 무교동 관광특구,관광특구,matched,,소상공인시장진흥공단 상가(상권)정보,2026-06-30,던킨도너츠,서울특별시중구남대문로1길60,던킨던킨도너츠
BRD_20080200064,파리바게뜨,MA010120220800120706,파리바게뜨정동점,파리바게뜨정동점,서울특별시 중구 새문안로 30,서울특별시중구새문안로30,서울특별시,중구,중구,11140,11140,126.969109882,37.5678221969036,소상공인시장진흥공단 상가(상권)정보,미확인,prefix,medium,3110038,경향신문사,골목상권,matched,,소상공인시장진흥공단 상가(상권)정보,2026-06-30,파리바게뜨정동점,서울특별시중구새문안로30,파리바게뜨
BRD_20080100039,뚜레쥬르,MA010120220800126577,뚜레쥬르,뚜레쥬르,서울특별시 중구 을지로 131,서울특별시중구을지로131,서울특별시,중구,중구,11140,11140,126.994068844052,37.5664475654494,소상공인시장진흥공단 상가(상권)정보,미확인,exact,high,3120031,을지로3가역,발달상권,matched,,소상공인시장진흥공단 상가(상권)정보,2026-06-30,뚜레쥬르,서울특별시중구을지로131,뚜레쥬르
BRD_20080500016,던킨/던킨도너츠,MA010120220800129474,던킨도너츠LG서울역빌딩점,던킨도너츠lg서울역빌딩점,서울특별시 중구 후암로 98,서울특별시중구후암로98,서울특별시,중구,중구,11140,11140,126.97489866109,37.5539211890996,소상공인시장진흥공단 상가(상권)정보,미확인,prefix,medium,3120043,서울역,발달상권,matched_nearest_300m,,소상공인시장진흥공단 상가(상권)정보,2026-06-30,던킨도너츠lg서울역빌딩점,서울특별시중구후암로98,던킨던킨도너츠
BRD_20080200064,파리바게뜨,MA010120220800129805,파리바게뜨개롱역점,파리바게뜨개롱역점,서울특별시 송파구 오금로 404,서울특별시송파구오금로404,서울특별시,송파구,송파구,11710,11710,127.135115117153,37.4975970233687,소상공인시장진흥공단 상가(상권)정보,미확인,prefix,medium,3120240,개롱역,발달상권,matched,,소상공인시장진흥공단 상가(상권)정보,2026-06-30,파리바게뜨개롱역점,서울특별시송파구오금로404,파리바게뜨
BRD_20080200063,신라명과,MA010120220800129984,우리은행소비조합신라명과,우리은행소비조합신라명과,서울특별시 중구 소공로 51,서울특별시중구소공로51,서울특별시,중구,중구,11140,11140,126.981755482026,37.5594365520564,소상공인시장진흥공단 상가(상권)정보,미확인,contains_nonprefix,low,3120027,명동역(명동재미로),발달상권,matched,,소상공인시장진흥공단 상가(상권)정보,2026-06-30,우리은행소비조합신라명과,서울특별시중구소공로51,신라명과
BRD_20080100039,뚜레쥬르,MA010120220800136473,뚜레쥬르카페서대문역점,뚜레쥬르카페서대문역점,서울특별시 중구 통일로 102,서울특별시중구통일로102,서울특별시,중구,중구,11140,11140,126.968500124537,37.5643081514423,소상공인시장진흥공단 상가(상권)정보,미확인,prefix,medium,3120019,경찰청앞교차로,발달상권,matched,,소상공인시장진흥공단 상가(상권)정보,2026-06-30,뚜레쥬르카페서대문역점,서울특별시중구통일로102,뚜레쥬르
BRD_20080200064,파리바게뜨,MA010120220800156989,파리바게뜨길동 사거리점,파리바게뜨길동사거리점,서울특별시 강동구 천호대로 1134,서울특별시강동구천호대로1134,서울특별시,강동구,강동구,11740,11740,127.13728519162,37.5340040540895,소상공인시장진흥공단 상가(상권)정보,미확인,prefix,medium,3120246,길동역,발달상권,matched,,소상공인시장진흥공단 상가(상권)정보,2026-06-30,파리바게뜨길동사거리점,서울특별시강동구천호대로1134,파리바게뜨
BRD_20080200064,파리바게뜨,MA010120220800179008,파리바게뜨,파리바게뜨,서울특별시 마포구 월드컵북로 34,서울특별시마포구월드컵북로34,서울특별시,마포구,마포구,11440,11440,126.919146653778,37.5575812536036,소상공인시장진흥공단 상가(상권)정보,미확인,exact,high,3120104,연남동(홍대),발달상권,matched,,소상공인시장진흥공단 상가(상권)정보,2026-06-30,파리바게뜨,서울특별시마포구월드컵북로34,파리바게뜨
BRD_20080100039,뚜레쥬르,MA010120220800190624,뚜레쥬르 공덕역점,뚜레쥬르공덕역점,서울특별시 마포구 백범로 178,서울특별시마포구백범로178,서울특별시,마포구,마포구,11440,11440,126.950075634029,37.5438761787329,소상공인시장진흥공단 상가(상권)정보,미확인,exact,high,3120107,공덕역(공덕오거리),발달상권,matched,,소상공인시장진흥공단 상가(상권)정보,2026-06-30,뚜레쥬르공덕역점,서울특별시마포구백범로178,뚜레쥬르
BRD_20080200064,파리바게뜨,MA010120220800192324,파리바게뜨 마포점,파리바게뜨마포점,서울특별시 마포구 도화길 14,서울특별시마포구도화길14,서울특별시,마포구,마포구,11440,11440,126.94782653304,37.5400009080885,소상공인시장진흥공단 상가(상권)정보,미확인,exact,high,3130195,도화동 상점가,전통시장,matched,,소상공인시장진흥공단 상가(상권)정보,2026-06-30,파리바게뜨마포점,서울특별시마포구도화길14,파리바게뜨
BRD_20080100039,뚜레쥬르,MA010120220800193902,뚜레쥬르마포구청역점,뚜레쥬르마포구청역점,서울특별시 마포구 월드컵로 163,서울특별시마포구월드컵로163,서울특별시,마포구,마포구,11440,11440,126.904348664745,37.5621292357732,소상공인시장진흥공단 상가(상권)정보,미확인,prefix,medium,3110542,마포구청역 7번,골목상권,matched,,소상공인시장진흥공단 상가(상권)정보,2026-06-30,뚜레쥬르마포구청역점,서울특별시마포구월드컵로163,뚜레쥬르
BRD_20080100675,호밀호두,MA010120220800199063,합정호밀밭의호두꾼호밀호두 본점,합정호밀밭의호두꾼호밀호두본점,서울특별시 마포구 양화로 54-1,서울특별시마포구양화로541,서울특별시,마포구,마포구,11440,11440,126.914832295157,37.5496854808037,소상공인시장진흥공단 상가(상권)정보,미확인,contains_nonprefix,low,3120101,합정역,발달상권,matched,,소상공인시장진흥공단 상가(상권)정보,2026-06-30,합정호밀밭의호두꾼호밀호두본점,서울특별시마포구양화로541,호밀호두
BRD_20080200064,파리바게뜨,MA010120220800203524,파리바게뜨KBS미디어 센터점,파리바게뜨kbs미디어센터점,서울특별시 마포구 매봉산로 45,서울특별시마포구매봉산로45,서울특별시,마포구,마포구,11440,11440,126.89099469437,37.5765155634599,소상공인시장진흥공단 상가(상권)정보,미확인,prefix,medium,3120098,DMC(디지털미디어시티),발달상권,matched,,소상공인시장진흥공단 상가(상권)정보,2026-06-30,파리바게뜨kbs미디어센터점,서울특별시마포구매봉산로45,파리바게뜨
BRD_20080100039,뚜레쥬르,MA010120220800203991,뚜레쥬르,뚜레쥬르,서울특별시 마포구 연남로 43,서울특별시마포구연남로43,서울특별시,마포구,마포구,11440,11440,126.920906216215,37.5632497144315,소상공인시장진흥공단 상가(상권)정보,미확인,exact,high,3120104,연남동(홍대),발달상권,matched,,소상공인시장진흥공단 상가(상권)정보,2026-06-30,뚜레쥬르,서울특별시마포구연남로43,뚜레쥬르
BRD_20080200064,파리바게뜨,MA010120220800207779,파리바게뜨성산 행복점,파리바게뜨성산행복점,서울특별시 마포구 월드컵로 148,서울특별시마포구월드컵로148,서울특별시,마포구,마포구,11440,11440,126.905764647696,37.5611843282523,소상공인시장진흥공단 상가(상권)정보,미확인,prefix,medium,3110548,마포구청역 4번,골목상권,matched,,소상공인시장진흥공단 상가(상권)정보,2026-06-30,파리바게뜨성산행복점,서울특별시마포구월드컵로148,파리바게뜨
BRD_20080200064,파리바게뜨,MA010120220800273123,파리바게뜨만리점,파리바게뜨만리점,서울특별시 용산구 만리재로 134,서울특별시용산구만리재로134,서울특별시,용산구,용산구,11170,11170,126.962575624293,37.5513410719359,소상공인시장진흥공단 상가(상권)정보,미확인,prefix,medium,3110590,만리재,골목상권,matched,,소상공인시장진흥공단 상가(상권)정보,2026-06-30,파리바게뜨만리점,서울특별시용산구만리재로134,파리바게뜨
BRD_20080200064,파리바게뜨,MA010120220800280218,파리바게뜨용산후암점,파리바게뜨용산후암점,서울특별시 용산구 후암로 47,서울특별시용산구후암로47,서울특별시,용산구,용산구,11170,11170,126.977140628288,37.5500563623451,소상공인시장진흥공단 상가(상권)정보,미확인,prefix,medium,3130059,후암시장,전통시장,matched,,소상공인시장진흥공단 상가(상권)정보,2026-06-30,파리바게뜨용산후암점,서울특별시용산구후암로47,파리바게뜨
BRD_20080200064,파리바게뜨,MA010120220800280615,파리바게뜨후암 신흥점,파리바게뜨후암신흥점,서울특별시 용산구 신흥로 150,서울특별시용산구신흥로150,서울특별시,용산구,용산구,11170,11170,126.981634122387,37.5466513716066,소상공인시장진흥공단 상가(상권)정보,미확인,prefix,medium,3110080,해방촌예술마을,골목상권,matched,,소상공인시장진흥공단 상가(상권)정보,2026-06-30,파리바게뜨후암신흥점,서울특별시용산구신흥로150,파리바게뜨
BRD_20080200064,파리바게뜨,MA010120220800349193,파리바게뜨문래역점,파리바게뜨문래역점,서울특별시 영등포구 당산로 34,서울특별시영등포구당산로34,서울특별시,영등포구,영등포구,11560,11560,126.896498906663,37.5174600622482,소상공인시장진흥공단 상가(상권)정보,미확인,prefix,medium,3120137,문래역(문래로데오거리),발달상권,matched,,소상공인시장진흥공단 상가(상권)정보,2026-06-30,파리바게뜨문래역점,서울특별시영등포구당산로34,파리바게뜨
BRD_20080200064,파리바게뜨,MA010120220800356186,파리바게뜨양평비즈 타워점,파리바게뜨양평비즈타워점,서울특별시 영등포구 영등포로 33,서울특별시영등포구영등포로33,서울특별시,영등포구,영등포구,11560,11560,126.885223634959,37.5232881401878,소상공인시장진흥공단 상가(상권)정보,미확인,prefix,medium,3110757,양평역 2번,골목상권,matched,,소상공인시장진흥공단 상가(상권)정보,2026-06-30,파리바게뜨양평비즈타워점,서울특별시영등포구영등포로33,파리바게뜨
BRD_20080500016,던킨/던킨도너츠,MA010120220800361194,던킨도너츠영등포역사점,던킨도너츠영등포역사점,서울특별시 영등포구 경인로 846,서울특별시영등포구경인로846,서울특별시,영등포구,영등포구,11560,11560,126.907665657018,37.5156673130525,소상공인시장진흥공단 상가(상권)정보,미확인,prefix,medium,3130248,영등포역지하도상점가,전통시장,matched,,소상공인시장진흥공단 상가(상권)정보,2026-06-30,던킨도너츠영등포역사점,서울특별시영등포구경인로846,던킨던킨도너츠
BRD_20080200064,파리바게뜨,MA010120220800361643,파리바게뜨유스호스텔점,파리바게뜨유스호스텔점,서울특별시 영등포구 영신로 200,서울특별시영등포구영신로200,서울특별시,영등포구,영등포구,11560,11560,126.903298547594,37.5251603865645,소상공인시장진흥공단 상가(상권)정보,미확인,prefix,medium,3110783,영등포시장역 1번,골목상권,matched,,소상공인시장진흥공단 상가(상권)정보,2026-06-30,파리바게뜨유스호스텔점,서울특별시영등포구영신로200,파리바게뜨
BRD_20080100039,뚜레쥬르,MA010120220800365949,뚜레쥬르선유도역점,뚜레쥬르선유도역점,서울특별시 영등포구 양평로22길 4,서울특별시영등포구양평로22길4,서울특별시,영등포구,영등포구,11560,11560,126.894354496479,37.5381271375408,소상공인시장진흥공단 상가(상권)정보,미확인,prefix,medium,3110762,선유도역 1번,골목상권,matched,,소상공인시장진흥공단 상가(상권)정보,2026-06-30,뚜레쥬르선유도역점,서울특별시영등포구양평로22길4,뚜레쥬르
BRD_20080200064,파리바게뜨,MA010120220800368409,파리바게뜨선유도역,파리바게뜨선유도역,서울특별시 영등포구 양평로 122,서울특별시영등포구양평로122,서울특별시,영등포구,영등포구,11560,11560,126.89430958104,37.5378838273735,소상공인시장진흥공단 상가(상권)정보,미확인,prefix,medium,3110762,선유도역 1번,골목상권,matched,,소상공인시장진흥공단 상가(상권)정보,2026-06-30,파리바게뜨선유도역,서울특별시영등포구양평로122,파리바게뜨
BRD_20080200064,파리바게뜨,MA010120220800376438,파리바게뜨4.19탑점,파리바게뜨419탑점,서울특별시 강북구 419로 2,서울특별시강북구419로2,서울특별시,강북구,강북구,11305,11305,127.013926312017,37.6483468557642,소상공인시장진흥공단 상가(상권)정보,미확인,prefix,medium,3110346,4.19민주묘지역 2번,골목상권,matched,,소상공인시장진흥공단 상가(상권)정보,2026-06-30,파리바게뜨419탑점,서울특별시강북구419로2,파리바게뜨
BRD_20240478,화이트리에,MA010120220800392202,화이트리에 목동점,화이트리에목동점,서울특별시 양천구 목동동로 387,서울특별시양천구목동동로387,서울특별시,양천구,양천구,11470,11470,126.879841661211,37.5356715525241,소상공인시장진흥공단 상가(상권)정보,미확인,exact,high,3120114,목동신시가지,발달상권,matched,,소상공인시장진흥공단 상가(상권)정보,2026-06-30,화이트리에목동점,서울특별시양천구목동동로387,화이트리에
BRD_20080500016,던킨/던킨도너츠,MA010120220800416622,던킨도너츠,던킨도너츠,서울특별시 동작구 사당로 236,서울특별시동작구사당로236,서울특별시,동작구,동작구,11590,11590,126.973769095944,37.4831651571384,소상공인시장진흥공단 상가(상권)정보,미확인,exact,high,3130271,남성역골목시장,전통시장,matched,,소상공인시장진흥공단 상가(상권)정보,2026-06-30,던킨도너츠,서울특별시동작구사당로236,던킨던킨도너츠
BRD_20080200064,파리바게뜨,MA010120220800420337,파리바게뜨노량진２호점,파리바게뜨노량진호점,서울특별시 동작구 노량진로 118,서울특별시동작구노량진로118,서울특별시,동작구,동작구,11590,11590,126.939124421004,37.5132369856315,소상공인시장진흥공단 상가(상권)정보,미확인,prefix,medium,3120153,노량진역(노량진),발달상권,matched,,소상공인시장진흥공단 상가(상권)정보,2026-06-30,파리바게뜨노량진호점,서울특별시동작구노량진로118,파리바게뜨
BRD_20080200064,파리바게뜨,MA010120220800421311,파리바게뜨,파리바게뜨,서울특별시 동작구 서달로13길 5-30,서울특별시동작구서달로13길530,서울특별시,동작구,동작구,11590,11590,126.961602137564,37.5076872338193,소상공인시장진흥공단 상가(상권)정보,미확인,exact,high,3110840,중앙대학교,골목상권,matched_nearest_300m,,소상공인시장진흥공단 상가(상권)정보,2026-06-30,파리바게뜨,서울특별시동작구서달로13길530,파리바게뜨
BRD_20080200064,파리바게뜨,MA010120220800424190,파리바게뜨고속 터미널점,파리바게뜨고속터미널점,서울특별시 서초구 신반포로 194,서울특별시서초구신반포로194,서울특별시,서초구,서초구,11650,11650,127.006831199112,37.5064318700918,소상공인시장진흥공단 상가(상권)정보,미확인,prefix,medium,3120167,고속터미널(고속터미널역),발달상권,matched,,소상공인시장진흥공단 상가(상권)정보,2026-06-30,파리바게뜨고속터미널점,서울특별시서초구신반포로194,파리바게뜨
BRD_20080200064,파리바게뜨,MA010120220800426051,파리바게뜨장승배기역점,파리바게뜨장승배기역점,서울특별시 동작구 장승배기로 76,서울특별시동작구장승배기로76,서울특별시,동작구,동작구,11590,11590,126.939414324399,37.5044162992153,소상공인시장진흥공단 상가(상권)정보,미확인,prefix,medium,3120154,장승배기역,발달상권,matched,,소상공인시장진흥공단 상가(상권)정보,2026-06-30,파리바게뜨장승배기역점,서울특별시동작구장승배기로76,파리바게뜨
BRD_20080200064,파리바게뜨,MA010120220800428067,파리바게뜨사러가,파리바게뜨사러가,서울특별시 영등포구 신길로 167,서울특별시영등포구신길로167,서울특별시,영등포구,영등포구,11560,11560,126.910752590445,37.5070560866343,소상공인시장진흥공단 상가(상권)정보,미확인,prefix,medium,3110795,도림초등학교,골목상권,matched_nearest_300m,,소상공인시장진흥공단 상가(상권)정보,2026-06-30,파리바게뜨사러가,서울특별시영등포구신길로167,파리바게뜨
BRD_20080200064,파리바게뜨,MA010120220800438981,파리바게뜨반포타운,파리바게뜨반포타운,서울특별시 서초구 신반포로23길 30,서울특별시서초구신반포로23길30,서울특별시,서초구,서초구,11650,11650,127.00354011987,37.5087836375194,소상공인시장진흥공단 상가(상권)정보,미확인,prefix,medium,3120167,고속터미널(고속터미널역),발달상권,matched_nearest_300m,,소상공인시장진흥공단 상가(상권)정보,2026-06-30,파리바게뜨반포타운,서울특별시서초구신반포로23길30,파리바게뜨
BRD_20080200064,파리바게뜨,MA010120220800440447,파리바게뜨상도4동점,파리바게뜨상도4동점,서울특별시 동작구 양녕로26길 29,서울특별시동작구양녕로26길29,서울특별시,동작구,동작구,11590,11590,126.944214967135,37.4972106167132,소상공인시장진흥공단 상가(상권)정보,미확인,prefix,medium,3130264,상도약수골목형상점가,전통시장,matched,,소상공인시장진흥공단 상가(상권)정보,2026-06-30,파리바게뜨상도4동점,서울특별시동작구양녕로26길29,파리바게뜨
BRD_20080200064,파리바게뜨,MA010120220800440457,파리바게뜨남성역 두산점,파리바게뜨남성역두산점,서울특별시 동작구 사당로17가길 22,서울특별시동작구사당로17가길22,서울특별시,동작구,동작구,11590,11590,126.972807726715,37.4840569383114,소상공인시장진흥공단 상가(상권)정보,미확인,prefix,medium,3130271,남성역골목시장,전통시장,matched_nearest_300m,,소상공인시장진흥공단 상가(상권)정보,2026-06-30,파리바게뜨남성역두산점,서울특별시동작구사당로17가길22,파리바게뜨
BRD_20080100039,뚜레쥬르,MA010120220800441534,뚜레쥬르,뚜레쥬르,서울특별시 동작구 알마타길 6,서울특별시동작구알마타길6,서울특별시,동작구,동작구,11590,11590,126.924955173887,37.5098590777018,소상공인시장진흥공단 상가(상권)정보,미확인,exact,high,3110815,공군호텔,골목상권,matched_nearest_300m,,소상공인시장진흥공단 상가(상권)정보,2026-06-30,뚜레쥬르,서울특별시동작구알마타길6,뚜레쥬르
BRD_20080100039,뚜레쥬르,MA010120220800441707,뚜레쥬르중앙대학교점,뚜레쥬르중앙대학교점,서울특별시 동작구 흑석로 84,서울특별시동작구흑석로84,서울특별시,동작구,동작구,11590,11590,126.95383390613,37.5047291564945,소상공인시장진흥공단 상가(상권)정보,미확인,prefix,medium,3110836,상도역 5번,골목상권,matched_nearest_300m,,소상공인시장진흥공단 상가(상권)정보,2026-06-30,뚜레쥬르중앙대학교점,서울특별시동작구흑석로84,뚜레쥬르
BRD_20080100039,뚜레쥬르,MA010120220800442854,뚜레쥬르대림3동점,뚜레쥬르대림3동점,서울특별시 영등포구 가마산로 352,서울특별시영등포구가마산로352,서울특별시,영등포구,영등포구,11560,11560,126.898162858842,37.4999640027506,소상공인시장진흥공단 상가(상권)정보,미확인,prefix,medium,3120139,대림3동사거리,발달상권,matched,,소상공인시장진흥공단 상가(상권)정보,2026-06-30,뚜레쥬르대림3동점,서울특별시영등포구가마산로352,뚜레쥬르
BRD_20080500016,던킨/던킨도너츠,MA010120220800443592,던킨도너츠중대 병원점,던킨도너츠중대병원점,서울특별시 동작구 흑석로 102,서울특별시동작구흑석로102,서울특별시,동작구,동작구,11590,11590,126.960415445699,37.5060380029217,소상공인시장진흥공단 상가(상권)정보,미확인,prefix,medium,3110841,중대부중,골목상권,matched_nearest_300m,,소상공인시장진흥공단 상가(상권)정보,2026-06-30,던킨도너츠중대병원점,서울특별시동작구흑석로102,던킨던킨도너츠
BRD_20170827,핫브레드 ,MA010120220800464833,핫브레드서초역점,핫브레드서초역점,서울특별시 서초구 서초대로 224,서울특별시서초구서초대로224,서울특별시,서초구,서초구,11650,11650,127.006739333241,37.4910066471694,소상공인시장진흥공단 상가(상권)정보,미확인,prefix,medium,3120169,서초역,발달상권,matched,,소상공인시장진흥공단 상가(상권)정보,2026-06-30,핫브레드서초역점,서울특별시서초구서초대로224,핫브레드
BRD_20080100039,뚜레쥬르,MA010120220800483137,뚜레쥬르,뚜레쥬르,서울특별시 강서구 화곡로 194-15,서울특별시강서구화곡로19415,서울특별시,강서구,강서구,11500,11500,126.843677749783,37.5426660233992,소상공인시장진흥공단 상가(상권)정보,미확인,exact,high,3130217,화곡본동시장,전통시장,matched,,소상공인시장진흥공단 상가(상권)정보,2026-06-30,뚜레쥬르,서울특별시강서구화곡로19415,뚜레쥬르
BRD_20080200064,파리바게뜨,MA010120220800485029,파리바게뜨우 장산역점,파리바게뜨우장산역점,서울특별시 강서구 강서로 247,서울특별시강서구강서로247,서울특별시,강서구,강서구,11500,11500,126.836039950729,37.5477913555081,소상공인시장진흥공단 상가(상권)정보,미확인,prefix,medium,3130214,송화벽화시장(송화골목시장),전통시장,matched_nearest_300m,,소상공인시장진흥공단 상가(상권)정보,2026-06-30,파리바게뜨우장산역점,서울특별시강서구강서로247,파리바게뜨
BRD_20080500016,던킨/던킨도너츠,MA010120220800489629,던킨도너츠 염창점,던킨도너츠염창점,서울특별시 강서구 양천로 723,서울특별시강서구양천로723,서울특별시,강서구,강서구,11500,11500,126.876367913091,37.5495253325878,소상공인시장진흥공단 상가(상권)정보,미확인,exact,high,3110678,염창무학아파트,골목상권,matched,,소상공인시장진흥공단 상가(상권)정보,2026-06-30,던킨도너츠염창점,서울특별시강서구양천로723,던킨던킨도너츠
BRD_20080100039,뚜레쥬르,MA010120220800490474,뚜레쥬르,뚜레쥬르,서울특별시 강서구 강서로 360,서울특별시강서구강서로360,서울특별시,강서구,강서구,11500,11500,126.838394959143,37.5576965604941,소상공인시장진흥공단 상가(상권)정보,미확인,exact,high,3110655,발산역 5번,골목상권,matched,,소상공인시장진흥공단 상가(상권)정보,2026-06-30,뚜레쥬르,서울특별시강서구강서로360,뚜레쥬르
BRD_20260378,빵굼터,MA010120220800491425,빵굼터,빵굼터,서울특별시 강서구 양천로 128,서울특별시강서구양천로128,서울특별시,강서구,강서구,11500,11500,126.8182912629,37.5731284058468,소상공인시장진흥공단 상가(상권)정보,미확인,exact,high,3110641,공항고등학교,골목상권,matched,,소상공인시장진흥공단 상가(상권)정보,2026-06-30,빵굼터,서울특별시강서구양천로128,빵굼터
BRD_20080200064,파리바게뜨,MA010120220800493539,파리바게뜨정릉국민대점,파리바게뜨정릉국민대점,서울특별시 성북구 정릉로10길 37,서울특별시성북구정릉로10길37,서울특별시,성북구,성북구,11290,11290,126.999580965335,37.6077852633367,소상공인시장진흥공단 상가(상권)정보,미확인,prefix,medium,3110282,국민대학교앞,골목상권,matched,,소상공인시장진흥공단 상가(상권)정보,2026-06-30,파리바게뜨정릉국민대점,서울특별시성북구정릉로10길37,파리바게뜨
BRD_20080100039,뚜레쥬르,MA010120220800493894,뚜레쥬르,뚜레쥬르,서울특별시 강서구 금낭화로 136,서울특별시강서구금낭화로136,서울특별시,강서구,강서구,11500,11500,126.813005576841,37.5773548205819,소상공인시장진흥공단 상가(상권)정보,미확인,exact,high,3110640,방화역 1번,골목상권,matched,,소상공인시장진흥공단 상가(상권)정보,2026-06-30,뚜레쥬르,서울특별시강서구금낭화로136,뚜레쥬르
BRD_20080500016,던킨/던킨도너츠,MA010120220800498829,던킨도넛츠 등촌점,던킨도넛츠등촌점,서울특별시 강서구 공항대로 335,서울특별시강서구공항대로335,서울특별시,강서구,강서구,11500,11500,126.844912888923,37.5582008498607,소상공인시장진흥공단 상가(상권)정보,영업중,prefix_short_brand_confirmed_safe,medium,3110660,등촌3동주민센터,골목상권,matched,,소상공인시장진흥공단 상가(상권)정보,2026-06-30,던킨도넛츠등촌점,서울특별시강서구공항대로335,던킨던킨도너츠
BRD_20080200064,파리바게뜨,MA010120220800499192,파리바게뜨화곡2동점,파리바게뜨화곡2동점,서울특별시 강서구 곰달래로49길 17,서울특별시강서구곰달래로49길17,서울특별시,강서구,강서구,11500,11500,126.857626238726,37.5325474185315,소상공인시장진흥공단 상가(상권)정보,미확인,prefix,medium,3110668,화곡2동주민센터,골목상권,matched,,소상공인시장진흥공단 상가(상권)정보,2026-06-30,파리바게뜨화곡2동점,서울특별시강서구곰달래로49길17,파리바게뜨
BRD_20080100039,뚜레쥬르,MA010120220800499934,뚜레쥬르등촌역점,뚜레쥬르등촌역점,서울특별시 강서구 등촌로 215,서울특별시강서구등촌로215,서울특별시,강서구,강서구,11500,11500,126.863241832211,37.5489882808069,소상공인시장진흥공단 상가(상권)정보,미확인,prefix,medium,3120112,등촌역,발달상권,matched,,소상공인시장진흥공단 상가(상권)정보,2026-06-30,뚜레쥬르등촌역점,서울특별시강서구등촌로215,뚜레쥬르
BRD_20080100039,뚜레쥬르,MA010120220800500988,뚜레쥬르 가양점,뚜레쥬르가양점,서울특별시 강서구 허준로 23,서울특별시강서구허준로23,서울특별시,강서구,강서구,11500,11500,126.843595452977,37.5712184949461,소상공인시장진흥공단 상가(상권)정보,미확인,exact,high,3110652,양천향교역 2번,골목상권,matched_nearest_300m,,소상공인시장진흥공단 상가(상권)정보,2026-06-30,뚜레쥬르가양점,서울특별시강서구허준로23,뚜레쥬르
BRD_20080100039,뚜레쥬르,MA010120220800503296,뚜레쥬르서서울공원점,뚜레쥬르서서울공원점,서울특별시 양천구 남부순환로 431,서울특별시양천구남부순환로431,서울특별시,양천구,양천구,11470,11470,126.833025405338,37.5294878370112,소상공인시장진흥공단 상가(상권)정보,미확인,prefix,medium,3110601,신월1동우편취급국,골목상권,matched,,소상공인시장진흥공단 상가(상권)정보,2026-06-30,뚜레쥬르서서울공원점,서울특별시양천구남부순환로431,뚜레쥬르
BRD_20080200064,파리바게뜨,MA010120220800503668,파리바게뜨송정역점,파리바게뜨송정역점,서울특별시 강서구 공항대로 24,서울특별시강서구공항대로24,서울특별시,강서구,강서구,11500,11500,126.80995617468,37.5611680941045,소상공인시장진흥공단 상가(상권)정보,미확인,prefix,medium,3120116,송정역,발달상권,matched,,소상공인시장진흥공단 상가(상권)정보,2026-06-30,파리바게뜨송정역점,서울특별시강서구공항대로24,파리바게뜨
BRD_20080200064,파리바게뜨,MA010120220800506528,파리바게뜨화곡곰달래점,파리바게뜨화곡곰달래점,서울특별시 강서구 곰달래로 178,서울특별시강서구곰달래로178,서울특별시,강서구,강서구,11500,11500,126.852662813671,37.530838439545,소상공인시장진흥공단 상가(상권)정보,미확인,prefix,medium,3110665,곰달래도서관,골목상권,matched,,소상공인시장진흥공단 상가(상권)정보,2026-06-30,파리바게뜨화곡곰달래점,서울특별시강서구곰달래로178,파리바게뜨
BRD_20080200064,파리바게뜨,MA010120220800515181,파리바게뜨등촌2동점,파리바게뜨등촌2동점,서울특별시 강서구 등촌로39길 6,서울특별시강서구등촌로39길6,서울특별시,강서구,강서구,11500,11500,126.862037229048,37.5455991262195,소상공인시장진흥공단 상가(상권)정보,미확인,prefix,medium,3110672,백석중학교,골목상권,matched_nearest_300m,,소상공인시장진흥공단 상가(상권)정보,2026-06-30,파리바게뜨등촌2동점,서울특별시강서구등촌로39길6,파리바게뜨
BRD_20080200064,파리바게뜨,MA010120220800515580,파리바게뜨마곡 사거리점,파리바게뜨마곡사거리점,서울특별시 강서구 공항대로 168,서울특별시강서구공항대로168,서울특별시,강서구,강서구,11500,11500,126.826134264578,37.5592739054892,소상공인시장진흥공단 상가(상권)정보,미확인,prefix,medium,3120118,마곡역(마곡),발달상권,matched,,소상공인시장진흥공단 상가(상권)정보,2026-06-30,파리바게뜨마곡사거리점,서울특별시강서구공항대로168,파리바게뜨
BRD_20080100039,뚜레쥬르,MA010120220800521590,뚜레쥬르명일역메가타운점,뚜레쥬르명일역메가타운점,서울특별시 강동구 구천면로 424,서울특별시강동구구천면로424,서울특별시,강동구,강동구,11740,11740,127.145576247708,37.550347255155,소상공인시장진흥공단 상가(상권)정보,미확인,prefix,medium,3120248,명일역,발달상권,matched,,소상공인시장진흥공단 상가(상권)정보,2026-06-30,뚜레쥬르명일역메가타운점,서울특별시강동구구천면로424,뚜레쥬르
BRD_20080200064,파리바게뜨,MA010120220800534171,파리바게뜨까치산역점,파리바게뜨까치산역점,서울특별시 강서구 강서로 49,서울특별시강서구강서로49,서울특별시,강서구,강서구,11500,11500,126.846188727925,37.5321546558741,소상공인시장진흥공단 상가(상권)정보,미확인,prefix,medium,3120121,까치산역,발달상권,matched,,소상공인시장진흥공단 상가(상권)정보,2026-06-30,파리바게뜨까치산역점,서울특별시강서구강서로49,파리바게뜨
BRD_20080500016,던킨/던킨도너츠,MA010120220800543884,비알던킨도너츠김포공항국제주 코리아,비알던킨도너츠김포공항국제주코리아,서울특별시 강서구 하늘길 38,서울특별시강서구하늘길38,서울특별시,강서구,강서구,11500,11500,126.802957316013,37.5713648899321,소상공인시장진흥공단 상가(상권)정보,미확인,contains_nonprefix,low,3120115,김포공항역(김포공항),발달상권,matched,,소상공인시장진흥공단 상가(상권)정보,2026-06-30,비알던킨도너츠김포공항국제주코리아,서울특별시강서구하늘길38,던킨던킨도너츠
BRD_20080200064,파리바게뜨,MA010120220800553204,파리바게뜨 증산역점,파리바게뜨증산역점,서울특별시 은평구 증산로 299,서울특별시은평구증산로299,서울특별시,은평구,은평구,11380,11380,126.909302226511,37.5839912754196,소상공인시장진흥공단 상가(상권)정보,미확인,exact,high,3110449,증산역 3번,골목상권,matched,,소상공인시장진흥공단 상가(상권)정보,2026-06-30,파리바게뜨증산역점,서울특별시은평구증산로299,파리바게뜨
BRD_20080100039,뚜레쥬르,MA010120220800554622,뚜레쥬르시카고,뚜레쥬르시카고,서울특별시 서대문구 가재울로 42,서울특별시서대문구가재울로42,서울특별시,서대문구,서대문구,11410,11410,126.921844563549,37.5751254577179,소상공인시장진흥공단 상가(상권)정보,미확인,prefix,medium,3110502,남가좌파출소,골목상권,matched,,소상공인시장진흥공단 상가(상권)정보,2026-06-30,뚜레쥬르시카고,서울특별시서대문구가재울로42,뚜레쥬르
BRD_20080200064,파리바게뜨,MA010120220800561593,파리바게뜨서부 병원점,파리바게뜨서부병원점,서울특별시 은평구 은평로 136,서울특별시은평구은평로136,서울특별시,은평구,은평구,11380,11380,126.923041279513,37.6002639347127,소상공인시장진흥공단 상가(상권)정보,미확인,prefix,medium,3120091,본서부병원,발달상권,matched,,소상공인시장진흥공단 상가(상권)정보,2026-06-30,파리바게뜨서부병원점,서울특별시은평구은평로136,파리바게뜨
BRD_20080100039,뚜레쥬르,MA010120220800563558,뚜레쥬르무악재역점,뚜레쥬르무악재역점,서울특별시 서대문구 통일로 363,서울특별시서대문구통일로363,서울특별시,서대문구,서대문구,11410,11410,126.949777974474,37.5827450351589,소상공인시장진흥공단 상가(상권)정보,미확인,prefix,medium,3120095,홍제역,발달상권,matched_nearest_300m,,소상공인시장진흥공단 상가(상권)정보,2026-06-30,뚜레쥬르무악재역점,서울특별시서대문구통일로363,뚜레쥬르
BRD_20080200064,파리바게뜨,MA010120220800563795,파리바게뜨충암점,파리바게뜨충암점,서울특별시 서대문구 가좌로 144,서울특별시서대문구가좌로144,서울특별시,서대문구,서대문구,11410,11410,126.923917543279,37.5849116032942,소상공인시장진흥공단 상가(상권)정보,미확인,prefix,medium,3110503,명지대학교교회,골목상권,matched_nearest_300m,,소상공인시장진흥공단 상가(상권)정보,2026-06-30,파리바게뜨충암점,서울특별시서대문구가좌로144,파리바게뜨
BRD_20080200064,파리바게뜨,MA010120220800569804,파리바게뜨대림 시장점,파리바게뜨대림시장점,서울특별시 은평구 응암로 175,서울특별시은평구응암로175,서울특별시,은평구,은평구,11380,11380,126.916396785451,37.5876725637663,소상공인시장진흥공단 상가(상권)정보,미확인,prefix,medium,3130163,응암오거리상점가,전통시장,matched,,소상공인시장진흥공단 상가(상권)정보,2026-06-30,파리바게뜨대림시장점,서울특별시은평구응암로175,파리바게뜨
BRD_20080200064,파리바게뜨,MA010120220800577890,파리바게뜨은평 행복점,파리바게뜨은평행복점,서울특별시 은평구 응암로 247,서울특별시은평구응암로247,서울특별시,은평구,은평구,11380,11380,126.917850150073,37.5942237958525,소상공인시장진흥공단 상가(상권)정보,미확인,prefix,medium,3130166,응암시장(신응암시장),전통시장,matched_nearest_300m,,소상공인시장진흥공단 상가(상권)정보,2026-06-30,파리바게뜨은평행복점,서울특별시은평구응암로247,파리바게뜨
BRD_20080200064,파리바게뜨,MA010120220800586088,파리바게뜨,파리바게뜨,서울특별시 은평구 은평로 59,서울특별시은평구은평로59,서울특별시,은평구,은평구,11380,11380,126.914493030988,37.5989876543976,소상공인시장진흥공단 상가(상권)정보,미확인,exact,high,3120087,응암역,발달상권,matched,,소상공인시장진흥공단 상가(상권)정보,2026-06-30,파리바게뜨,서울특별시은평구은평로59,파리바게뜨
BRD_20080200064,파리바게뜨,MA010120220800588236,파리바게뜨은평뉴타운5단지점,파리바게뜨은평뉴타운5단지점,서울특별시 은평구 연서로 455,서울특별시은평구연서로455,서울특별시,은평구,은평구,11380,11380,126.934502659193,37.6374365980626,소상공인시장진흥공단 상가(상권)정보,미확인,prefix,medium,3110492,하나고등학교,골목상권,matched_nearest_300m,,소상공인시장진흥공단 상가(상권)정보,2026-06-30,파리바게뜨은평뉴타운5단지점,서울특별시은평구연서로455,파리바게뜨
BRD_20080200064,파리바게뜨,MA010120220800590513,파리바게뜨연희대우점,파리바게뜨연희대우점,서울특별시 서대문구 연희로 44,서울특별시서대문구연희로44,서울특별시,서대문구,서대문구,11410,11410,126.927980976664,37.5625334449471,소상공인시장진흥공단 상가(상권)정보,미확인,prefix,medium,3110509,연희대우아파트앞,골목상권,matched_nearest_300m,,소상공인시장진흥공단 상가(상권)정보,2026-06-30,파리바게뜨연희대우점,서울특별시서대문구연희로44,파리바게뜨
BRD_20080200064,파리바게뜨,MA010120220800598569,파리바게뜨홍제인왕점,파리바게뜨홍제인왕점,서울특별시 서대문구 세무서길 27,서울특별시서대문구세무서길27,서울특별시,서대문구,서대문구,11410,11410,126.945414422159,37.5893023260421,소상공인시장진흥공단 상가(상권)정보,미확인,prefix,medium,3110527,홍제역 2번,골목상권,matched,,소상공인시장진흥공단 상가(상권)정보,2026-06-30,파리바게뜨홍제인왕점,서울특별시서대문구세무서길27,파리바게뜨
BRD_20080100039,뚜레쥬르,MA010120220800600233,뚜레쥬르홍제역점,뚜레쥬르홍제역점,서울특별시 서대문구 통일로 451,서울특별시서대문구통일로451,서울특별시,서대문구,서대문구,11410,11410,126.943852397184,37.5886708986688,소상공인시장진흥공단 상가(상권)정보,미확인,prefix,medium,3120095,홍제역,발달상권,matched,,소상공인시장진흥공단 상가(상권)정보,2026-06-30,뚜레쥬르홍제역점,서울특별시서대문구통일로451,뚜레쥬르
BRD_20200272,이화당,MA010120220800608820,이화당,이화당,서울특별시 서대문구 성산로 521,서울특별시서대문구성산로521,서울특별시,서대문구,서대문구,11410,11410,126.943679029423,37.5632988140413,소상공인시장진흥공단 상가(상권)정보,미확인,exact,high,3110524,연희세브란스병원,골목상권,matched,,소상공인시장진흥공단 상가(상권)정보,2026-06-30,이화당,서울특별시서대문구성산로521,이화당
BRD_20080200064,파리바게뜨,MA010120220800612514,파리바게뜨카페선릉,파리바게뜨카페선릉,서울특별시 강남구 선릉로 517,서울특별시강남구선릉로517,서울특별시,강남구,강남구,11680,11680,127.048145922861,37.505719471924,소상공인시장진흥공단 상가(상권)정보,미확인,prefix,medium,3120210,선릉역,발달상권,matched,,소상공인시장진흥공단 상가(상권)정보,2026-06-30,파리바게뜨카페선릉,서울특별시강남구선릉로517,파리바게뜨
BRD_20080200064,파리바게뜨,MA010120220800644694,파리바게뜨세곡지구점,파리바게뜨세곡지구점,서울특별시 강남구 헌릉로569길 3,서울특별시강남구헌릉로569길3,서울특별시,강남구,강남구,11680,11680,127.101328686539,37.4668073346516,소상공인시장진흥공단 상가(상권)정보,미확인,prefix,medium,3110998,은곡마을(은곡마을공원),골목상권,matched_nearest_300m,,소상공인시장진흥공단 상가(상권)정보,2026-06-30,파리바게뜨세곡지구점,서울특별시강남구헌릉로569길3,파리바게뜨
BRD_20080100039,뚜레쥬르,MA010120220800648915,뚜레쥬르 면목점,뚜레쥬르면목점,서울특별시 중랑구 면목로 430,서울특별시중랑구면목로430,서울특별시,중랑구,중랑구,11260,11260,127.087274637266,37.590264763958,소상공인시장진흥공단 상가(상권)정보,미확인,exact,high,3110263,면목역 1번,골목상권,matched,,소상공인시장진흥공단 상가(상권)정보,2026-06-30,뚜레쥬르면목점,서울특별시중랑구면목로430,뚜레쥬르
BRD_20080200064,파리바게뜨,MA010120220800671246,파리바게뜨,파리바게뜨,서울특별시 관악구 봉천로23나길 69,서울특별시관악구봉천로23나길69,서울특별시,관악구,관악구,11620,11620,126.939292817778,37.4868646270952,소상공인시장진흥공단 상가(상권)정보,미확인,exact,high,3110883,은천초등학교(은천교앞),골목상권,matched,,소상공인시장진흥공단 상가(상권)정보,2026-06-30,파리바게뜨,서울특별시관악구봉천로23나길69,파리바게뜨
BRD_20080200064,파리바게뜨,MA010120220800678001,파리바게뜨상수점,파리바게뜨상수점,서울특별시 마포구 와우산로 40,서울특별시마포구와우산로40,서울특별시,마포구,마포구,11440,11440,126.923208236424,37.547970318087,소상공인시장진흥공단 상가(상권)정보,미확인,prefix,medium,3120105,상수역(홍대),발달상권,matched,,소상공인시장진흥공단 상가(상권)정보,2026-06-30,파리바게뜨상수점,서울특별시마포구와우산로40,파리바게뜨
BRD_20080100039,뚜레쥬르,MA010120220800685337,뚜레쥬르 신대방역점,뚜레쥬르신대방역점,서울특별시 관악구 난곡로 355-1,서울특별시관악구난곡로3551,서울특별시,관악구,관악구,11620,11620,126.913548121423,37.4857403540572,소상공인시장진흥공단 상가(상권)정보,미확인,exact,high,3110855,신대방역 2번,골목상권,matched,,소상공인시장진흥공단 상가(상권)정보,2026-06-30,뚜레쥬르신대방역점,서울특별시관악구난곡로3551,뚜레쥬르
BRD_20080200064,파리바게뜨,MA010120220800687001,파리바게뜨금천법원단지점,파리바게뜨금천법원단지점,서울특별시 금천구 독산로 135-1,서울특별시금천구독산로1351,서울특별시,금천구,금천구,11545,11545,126.904773429803,37.4594871866521,소상공인시장진흥공단 상가(상권)정보,미확인,prefix,medium,3130236,비단길현대시장(현대시장),전통시장,matched,,소상공인시장진흥공단 상가(상권)정보,2026-06-30,파리바게뜨금천법원단지점,서울특별시금천구독산로1351,파리바게뜨
BRD_20080100039,뚜레쥬르,MA010120220800691223,뚜레쥬르미아 테라스파크점,뚜레쥬르미아테라스파크점,서울특별시 강북구 삼양로27길 43,서울특별시강북구삼양로27길43,서울특별시,강북구,강북구,11305,11305,127.018847951381,37.6185505751707,소상공인시장진흥공단 상가(상권)정보,미확인,prefix,medium,3130134,"솔샘시장(미아6,7동골목시장)",전통시장,matched_nearest_300m,,소상공인시장진흥공단 상가(상권)정보,2026-06-30,뚜레쥬르미아테라스파크점,서울특별시강북구삼양로27길43,뚜레쥬르
BRD_20080200064,파리바게뜨,MA010120220800712098,파리바게뜨,파리바게뜨,서울특별시 구로구 도림로 75,서울특별시구로구도림로75,서울특별시,구로구,구로구,11530,11530,126.891708536283,37.489993130845,소상공인시장진흥공단 상가(상권)정보,미확인,exact,high,3110714,구로4동주민센터,골목상권,matched,,소상공인시장진흥공단 상가(상권)정보,2026-06-30,파리바게뜨,서울특별시구로구도림로75,파리바게뜨
BRD_20260378,빵굼터,MA010120220800716503,빵굼터,빵굼터,서울특별시 구로구 디지털로27길 124,서울특별시구로구디지털로27길124,서울특별시,구로구,구로구,11530,11530,126.887430550364,37.4849705199051,소상공인시장진흥공단 상가(상권)정보,미확인,exact,high,3110717,남구로역 2번,골목상권,matched,,소상공인시장진흥공단 상가(상권)정보,2026-06-30,빵굼터,서울특별시구로구디지털로27길124,빵굼터
BRD_20080200064,파리바게뜨,MA010120220800725041,파리바게뜨 영등포점,파리바게뜨영등포점,서울특별시 영등포구 영중로 12,서울특별시영등포구영중로12,서울특별시,영등포구,영등포구,11560,11560,126.906509475444,37.5176125706335,소상공인시장진흥공단 상가(상권)정보,미확인,exact,high,3120145,영등포역(영등포),발달상권,matched,,소상공인시장진흥공단 상가(상권)정보,2026-06-30,파리바게뜨영등포점,서울특별시영등포구영중로12,파리바게뜨
BRD_20080100039,뚜레쥬르,MA010120220800730855,뚜레쥬르 개봉역점,뚜레쥬르개봉역점,서울특별시 구로구 남부순환로97길 3,서울특별시구로구남부순환로97길3,서울특별시,구로구,구로구,11530,11530,126.858253549357,37.4939942386433,소상공인시장진흥공단 상가(상권)정보,미확인,exact,high,3110703,개봉역,골목상권,matched_nearest_300m,,소상공인시장진흥공단 상가(상권)정보,2026-06-30,뚜레쥬르개봉역점,서울특별시구로구남부순환로97길3,뚜레쥬르
BRD_20080100039,뚜레쥬르,MA010120220800733996,뚜레쥬르개봉역 북부점,뚜레쥬르개봉역북부점,서울특별시 구로구 경인로40길 41,서울특별시구로구경인로40길41,서울특별시,구로구,구로구,11530,11530,126.859031855384,37.4950313271006,소상공인시장진흥공단 상가(상권)정보,미확인,prefix,medium,3110703,개봉역,골목상권,matched,,소상공인시장진흥공단 상가(상권)정보,2026-06-30,뚜레쥬르개봉역북부점,서울특별시구로구경인로40길41,뚜레쥬르
BRD_20080100039,뚜레쥬르,MA010120220800742256,뚜레쥬르구로IT점,뚜레쥬르구로it점,서울특별시 구로구 디지털로31길 19,서울특별시구로구디지털로31길19,서울특별시,구로구,구로구,11530,11530,126.893762429319,37.4848772722063,소상공인시장진흥공단 상가(상권)정보,미확인,prefix,medium,3120129,구로디지털단지,발달상권,matched,,소상공인시장진흥공단 상가(상권)정보,2026-06-30,뚜레쥬르구로it점,서울특별시구로구디지털로31길19,뚜레쥬르
BRD_20080200064,파리바게뜨,MA010120220800742948,파리바게뜨온수남부점,파리바게뜨온수남부점,서울특별시 구로구 경인로3길 77,서울특별시구로구경인로3길77,서울특별시,구로구,구로구,11530,11530,126.823543175525,37.4917310180717,소상공인시장진흥공단 상가(상권)정보,미확인,prefix,medium,3110681,온수역 1번,골목상권,matched_nearest_300m,,소상공인시장진흥공단 상가(상권)정보,2026-06-30,파리바게뜨온수남부점,서울특별시구로구경인로3길77,파리바게뜨
BRD_20080100039,뚜레쥬르,MA010120220800742949,뚜레쥬르온수역남부점,뚜레쥬르온수역남부점,서울특별시 구로구 경인로3길 58,서울특별시구로구경인로3길58,서울특별시,구로구,구로구,11530,11530,126.82463936574,37.4920119622046,소상공인시장진흥공단 상가(상권)정보,미확인,prefix,medium,3110681,온수역 1번,골목상권,matched,,소상공인시장진흥공단 상가(상권)정보,2026-06-30,뚜레쥬르온수역남부점,서울특별시구로구경인로3길58,뚜레쥬르
BRD_20080200064,파리바게뜨,MA010120220800743316,파리바게뜨신도림TM,파리바게뜨신도림tm,서울특별시 구로구 새말로 97,서울특별시구로구새말로97,서울특별시,구로구,구로구,11530,11530,126.890224912622,37.5070478036862,소상공인시장진흥공단 상가(상권)정보,미확인,prefix,medium,3120128,신도림역,발달상권,matched,,소상공인시장진흥공단 상가(상권)정보,2026-06-30,파리바게뜨신도림tm,서울특별시구로구새말로97,파리바게뜨
BRD_20080100039,뚜레쥬르,MA010120220800747457,뚜레쥬르구로 구청점,뚜레쥬르구로구청점,서울특별시 구로구 가마산로 286,서울특별시구로구가마산로286,서울특별시,구로구,구로구,11530,11530,126.892015558605,37.4966518515857,소상공인시장진흥공단 상가(상권)정보,미확인,prefix,medium,3120127,구로구청,발달상권,matched,,소상공인시장진흥공단 상가(상권)정보,2026-06-30,뚜레쥬르구로구청점,서울특별시구로구가마산로286,뚜레쥬르
BRD_20080200064,파리바게뜨,MA010120220800748463,파리바게뜨구로 구청점,파리바게뜨구로구청점,서울특별시 구로구 구로중앙로 68,서울특별시구로구구로중앙로68,서울특별시,구로구,구로구,11530,11530,126.888658009806,37.495936939915,소상공인시장진흥공단 상가(상권)정보,미확인,prefix,medium,3120127,구로구청,발달상권,matched,,소상공인시장진흥공단 상가(상권)정보,2026-06-30,파리바게뜨구로구청점,서울특별시구로구구로중앙로68,파리바게뜨
BRD_20080200064,파리바게뜨,MA010120220800751638,파리바게뜨 구로점,파리바게뜨구로점,서울특별시 구로구 구일로4길 46,서울특별시구로구구일로4길46,서울특별시,구로구,구로구,11530,11530,126.877874195789,37.4932683152584,소상공인시장진흥공단 상가(상권)정보,미확인,exact,high,3120125,구로역,발달상권,matched_nearest_300m,,소상공인시장진흥공단 상가(상권)정보,2026-06-30,파리바게뜨구로점,서울특별시구로구구일로4길46,파리바게뜨
BRD_20140288,스트릿츄러스,MA010120220800778463,스트릿츄러스강남고투몰점,스트릿츄러스강남고투몰점,서울특별시 서초구 신반포로 200,서울특별시서초구신반포로200,서울특별시,서초구,서초구,11650,11650,127.005044215872,37.50622472873,소상공인시장진흥공단 상가(상권)정보,미확인,prefix,medium,3120167,고속터미널(고속터미널역),발달상권,matched,,소상공인시장진흥공단 상가(상권)정보,2026-06-30,스트릿츄러스강남고투몰점,서울특별시서초구신반포로200,스트릿츄러스
BRD_20080100039,뚜레쥬르,MA010120220800792466,뚜레쥬르,뚜레쥬르,서울특별시 서초구 신반포로 194,서울특별시서초구신반포로194,서울특별시,서초구,서초구,11650,11650,127.006831199112,37.5064318700918,소상공인시장진흥공단 상가(상권)정보,미확인,exact,high,3120167,고속터미널(고속터미널역),발달상권,matched,,소상공인시장진흥공단 상가(상권)정보,2026-06-30,뚜레쥬르,서울특별시서초구신반포로194,뚜레쥬르
BRD_20080200064,파리바게뜨,MA010120220800793268,파리바게뜨,파리바게뜨,서울특별시 서초구 방배중앙로 185,서울특별시서초구방배중앙로185,서울특별시,서초구,서초구,11650,11650,126.985627159177,37.4955650612669,소상공인시장진흥공단 상가(상권)정보,미확인,exact,high,3120162,방배동카페골목,발달상권,matched,,소상공인시장진흥공단 상가(상권)정보,2026-06-30,파리바게뜨,서울특별시서초구방배중앙로185,파리바게뜨
BRD_20080200287,브레댄코(bread&co.DAILY-NEW),MA010120220800815711,브레댄코내방주 직영점,브레댄코내방주직영점,서울특별시 서초구 방배로 166,서울특별시서초구방배로166,서울특별시,서초구,서초구,11650,11650,126.993373956911,37.4885829429058,소상공인시장진흥공단 상가(상권)정보,미확인,prefix,medium,3120164,내방역,발달상권,matched,,소상공인시장진흥공단 상가(상권)정보,2026-06-30,브레댄코내방주직영점,서울특별시서초구방배로166,브레댄코breadcodailynew
BRD_20140288,스트릿츄러스,MA010120220800816005,솔라벨스트릿츄러스센트럴시티,솔라벨스트릿츄러스센트럴시티,서울특별시 서초구 신반포로 176,서울특별시서초구신반포로176,서울특별시,서초구,서초구,11650,11650,127.002408935394,37.5039362582805,소상공인시장진흥공단 상가(상권)정보,미확인,contains_nonprefix,low,3120167,고속터미널(고속터미널역),발달상권,matched,,소상공인시장진흥공단 상가(상권)정보,2026-06-30,솔라벨스트릿츄러스센트럴시티,서울특별시서초구신반포로176,스트릿츄러스
BRD_20220253,곤트란쉐리에(Gontran Cherrier),MA010120220800823411,곤트란쉐리에센트럴시티,곤트란쉐리에센트럴시티,서울특별시 강남구 도곡로7길 17,서울특별시강남구도곡로7길17,서울특별시,강남구,강남구,11680,11680,127.034318923988,37.4917496909279,소상공인시장진흥공단 상가(상권)정보,미확인,prefix,medium,3120192,뱅뱅사거리,발달상권,matched,,소상공인시장진흥공단 상가(상권)정보,2026-06-30,곤트란쉐리에센트럴시티,서울특별시강남구도곡로7길17,곤트란쉐리에gontrancherrier
BRD_20260378,빵굼터,MA010120220800863512,빵굼터착한빵집,빵굼터착한빵집,서울특별시 성북구 동소문로20길 18,서울특별시성북구동소문로20길18,서울특별시,성북구,성북구,11290,11290,127.01655397789,37.5917464658722,소상공인시장진흥공단 상가(상권)정보,미확인,prefix_short_brand,medium_short_brand,3130120,돈암시장(돈암제일시장),전통시장,matched,,소상공인시장진흥공단 상가(상권)정보,2026-06-30,빵굼터착한빵집,서울특별시성북구동소문로20길18,빵굼터
BRD_20080200064,파리바게뜨,MA010120220800866335,파리바게뜨,파리바게뜨,서울특별시 양천구 오목로 218,서울특별시양천구오목로218,서울특별시,양천구,양천구,11470,11470,126.861734722094,37.5255785523896,소상공인시장진흥공단 상가(상권)정보,미확인,exact,high,3120110,목동역 8번출구,발달상권,matched,,소상공인시장진흥공단 상가(상권)정보,2026-06-30,파리바게뜨,서울특별시양천구오목로218,파리바게뜨
BRD_20080200064,파리바게뜨,MA010120220800868930,파리바게뜨,파리바게뜨,서울특별시 양천구 곰달래로 48,서울특별시양천구곰달래로48,서울특별시,양천구,양천구,11470,11470,126.83820612925,37.529864458343,소상공인시장진흥공단 상가(상권)정보,미확인,exact,high,3110601,신월1동우편취급국,골목상권,matched,,소상공인시장진흥공단 상가(상권)정보,2026-06-30,파리바게뜨,서울특별시양천구곰달래로48,파리바게뜨
BRD_20080200064,파리바게뜨,MA010120220800871073,파리바게뜨신정역점,파리바게뜨신정역점,서울특별시 양천구 오목로 149,서울특별시양천구오목로149,서울특별시,양천구,양천구,11470,11470,126.853918939364,37.5248753726749,소상공인시장진흥공단 상가(상권)정보,미확인,prefix,medium,3110612,신정역 5번,골목상권,matched_nearest_300m,,소상공인시장진흥공단 상가(상권)정보,2026-06-30,파리바게뜨신정역점,서울특별시양천구오목로149,파리바게뜨
BRD_20080200064,파리바게뜨,MA010120220800875656,파리바게뜨신월5동점,파리바게뜨신월5동점,서울특별시 양천구 화곡로 50,서울특별시양천구화곡로50,서울특별시,양천구,양천구,11470,11470,126.827448230159,37.5391655680995,소상공인시장진흥공단 상가(상권)정보,미확인,prefix,medium,3110595,메디힐병원,골목상권,matched,,소상공인시장진흥공단 상가(상권)정보,2026-06-30,파리바게뜨신월5동점,서울특별시양천구화곡로50,파리바게뜨
BRD_20080200064,파리바게뜨,MA010120220800876666,파리바게뜨목3동점,파리바게뜨목3동점,서울특별시 양천구 목동중앙북로 31,서울특별시양천구목동중앙북로31,서울특별시,양천구,양천구,11470,11470,126.867079523397,37.5481727549751,소상공인시장진흥공단 상가(상권)정보,미확인,prefix,medium,3120112,등촌역,발달상권,matched,,소상공인시장진흥공단 상가(상권)정보,2026-06-30,파리바게뜨목3동점,서울특별시양천구목동중앙북로31,파리바게뜨
BRD_20080100039,뚜레쥬르,MA010120220800878206,뚜레쥬르 목4동점,뚜레쥬르목4동점,서울특별시 양천구 목동중앙로 67,서울특별시양천구목동중앙로67,서울특별시,양천구,양천구,11470,11470,126.869953056067,37.5355980070261,소상공인시장진흥공단 상가(상권)정보,미확인,exact,high,3110620,목동보건지소,골목상권,matched_nearest_300m,,소상공인시장진흥공단 상가(상권)정보,2026-06-30,뚜레쥬르목4동점,서울특별시양천구목동중앙로67,뚜레쥬르
BRD_20080100039,뚜레쥬르,MA010120220800887688,뚜레쥬르양천 캐슬점,뚜레쥬르양천캐슬점,서울특별시 양천구 오목로5길 19,서울특별시양천구오목로5길19,서울특별시,양천구,양천구,11470,11470,126.839939361493,37.5235057521391,소상공인시장진흥공단 상가(상권)정보,미확인,prefix,medium,3110604,신월4동주민센터,골목상권,matched_nearest_300m,,소상공인시장진흥공단 상가(상권)정보,2026-06-30,뚜레쥬르양천캐슬점,서울특별시양천구오목로5길19,뚜레쥬르
BRD_20080200064,파리바게뜨,MA010120220800888414,파리바게뜨,파리바게뜨,서울특별시 양천구 신월로 165,서울특별시양천구신월로165,서울특별시,양천구,양천구,11470,11470,126.841782977829,37.5183004445007,소상공인시장진흥공단 상가(상권)정보,미확인,exact,high,3110606,신한은행 신월동지점,골목상권,matched,,소상공인시장진흥공단 상가(상권)정보,2026-06-30,파리바게뜨,서울특별시양천구신월로165,파리바게뜨
BRD_20080200064,파리바게뜨,MA010120220800888480,파리바게뜨목동역점,파리바게뜨목동역점,서울특별시 양천구 목동로 210,서울특별시양천구목동로210,서울특별시,양천구,양천구,11470,11470,126.864446531109,37.5273836988113,소상공인시장진흥공단 상가(상권)정보,미확인,prefix,medium,3120110,목동역 8번출구,발달상권,matched,,소상공인시장진흥공단 상가(상권)정보,2026-06-30,파리바게뜨목동역점,서울특별시양천구목동로210,파리바게뜨
BRD_20080200064,파리바게뜨,MA010120220800916094,파리바게뜨대방 대림점,파리바게뜨대방대림점,서울특별시 동작구 여의대방로 250,서울특별시동작구여의대방로250,서울특별시,동작구,동작구,11590,11590,126.924618406713,37.507327040319,소상공인시장진흥공단 상가(상권)정보,미확인,prefix,medium,3110820,성남고등학교,골목상권,matched_nearest_300m,,소상공인시장진흥공단 상가(상권)정보,2026-06-30,파리바게뜨대방대림점,서울특별시동작구여의대방로250,파리바게뜨
BRD_20161137,명랑시대쌀핫도그,MA010120220800935817,명랑시대쌀핫도그 신림점,명랑시대쌀핫도그신림점,서울특별시 관악구 신림로 322,서울특별시관악구신림로322,서울특별시,관악구,관악구,11620,11620,126.930092567762,37.4829671858711,소상공인시장진흥공단 상가(상권)정보,미확인,exact,high,3120157,신림역(신림),발달상권,matched,,소상공인시장진흥공단 상가(상권)정보,2026-06-30,명랑시대쌀핫도그신림점,서울특별시관악구신림로322,명랑시대쌀핫도그
BRD_20080200064,파리바게뜨,MA010120220800940751,파리바게뜨낙성대역점,파리바게뜨낙성대역점,서울특별시 관악구 봉천로 603,서울특별시관악구봉천로603,서울특별시,관악구,관악구,11620,11620,126.964399393198,37.4761618640327,소상공인시장진흥공단 상가(상권)정보,미확인,prefix,medium,3110900,낙성대역 1번(관악구민 종합체육센터),골목상권,matched_nearest_300m,,소상공인시장진흥공단 상가(상권)정보,2026-06-30,파리바게뜨낙성대역점,서울특별시관악구봉천로603,파리바게뜨
BRD_20260378,빵굼터,MA010120220800949322,빵굼터착한빵집,빵굼터착한빵집,서울특별시 관악구 시흥대로 570,서울특별시관악구시흥대로570,서울특별시,관악구,관악구,11620,11620,126.902470318138,37.4835332689848,소상공인시장진흥공단 상가(상권)정보,미확인,prefix_short_brand,medium_short_brand,3120130,구로디지털단지역,발달상권,matched,,소상공인시장진흥공단 상가(상권)정보,2026-06-30,빵굼터착한빵집,서울특별시관악구시흥대로570,빵굼터
BRD_20080100039,뚜레쥬르,MA010120220800957510,뚜레쥬르남부농협점,뚜레쥬르남부농협점,서울특별시 관악구 남부순환로 1369,서울특별시관악구남부순환로1369,서울특별시,관악구,관악구,11620,11620,126.902904370956,37.4801278141097,소상공인시장진흥공단 상가(상권)정보,미확인,prefix,medium,3120134,구로전화국,발달상권,matched,,소상공인시장진흥공단 상가(상권)정보,2026-06-30,뚜레쥬르남부농협점,서울특별시관악구남부순환로1369,뚜레쥬르
BRD_20080200064,파리바게뜨,MA010120220800963642,파리바게뜨난곡문성,파리바게뜨난곡문성,서울특별시 관악구 난곡로 263,서울특별시관악구난곡로263,서울특별시,관악구,관악구,11620,11620,126.915140366883,37.4775243092949,소상공인시장진흥공단 상가(상권)정보,미확인,prefix,medium,3110857,미성동주민센터,골목상권,matched,,소상공인시장진흥공단 상가(상권)정보,2026-06-30,파리바게뜨난곡문성,서울특별시관악구난곡로263,파리바게뜨
BRD_20080200064,파리바게뜨,MA010120220800972072,파리바게뜨금천시흥2동점,파리바게뜨금천시흥2동점,서울특별시 금천구 금하로 750,서울특별시금천구금하로750,서울특별시,금천구,금천구,11545,11545,126.91365813687,37.449078303438,소상공인시장진흥공단 상가(상권)정보,미확인,prefix,medium,3110755,동일여자고등학교,골목상권,matched_nearest_300m,,소상공인시장진흥공단 상가(상권)정보,2026-06-30,파리바게뜨금천시흥2동점,서울특별시금천구금하로750,파리바게뜨
BRD_20260378,빵굼터,MA010120220800976313,빵굼터착한빵집,빵굼터착한빵집,서울특별시 금천구 시흥대로 92,서울특별시금천구시흥대로92,서울특별시,금천구,금천구,11545,11545,126.904060726508,37.4422772561365,소상공인시장진흥공단 상가(상권)정보,미확인,prefix_short_brand,medium_short_brand,3110749,금산초등학교(금천고등학교),골목상권,matched,,소상공인시장진흥공단 상가(상권)정보,2026-06-30,빵굼터착한빵집,서울특별시금천구시흥대로92,빵굼터
BRD_20080200064,파리바게뜨,MA010120220800988228,파리바게뜨신림남부점,파리바게뜨신림남부점,서울특별시 관악구 호암로 602,서울특별시관악구호암로602,서울특별시,관악구,관악구,11620,11620,126.933789181846,37.4708056869702,소상공인시장진흥공단 상가(상권)정보,미확인,prefix,medium,3120158,녹두거리(대학동),발달상권,matched,,소상공인시장진흥공단 상가(상권)정보,2026-06-30,파리바게뜨신림남부점,서울특별시관악구호암로602,파리바게뜨
BRD_20080200064,파리바게뜨,MA010120220801027906,파리바게뜨한티역점,파리바게뜨한티역점,서울특별시 강남구 선릉로64길 19,서울특별시강남구선릉로64길19,서울특별시,강남구,강남구,11680,11680,127.053863319428,37.4982386557986,소상공인시장진흥공단 상가(상권)정보,미확인,prefix,medium,3120212,한티역,발달상권,matched,,소상공인시장진흥공단 상가(상권)정보,2026-06-30,파리바게뜨한티역점,서울특별시강남구선릉로64길19,파리바게뜨
BRD_20080200064,파리바게뜨,MA010120220801034570,파리바게뜨대치 행복점,파리바게뜨대치행복점,서울특별시 강남구 도곡로84길 6,서울특별시강남구도곡로84길6,서울특별시,강남구,강남구,11680,11680,127.062616809997,37.4989100950052,소상공인시장진흥공단 상가(상권)정보,미확인,prefix,medium,3120219,은마아파트,발달상권,matched,,소상공인시장진흥공단 상가(상권)정보,2026-06-30,파리바게뜨대치행복점,서울특별시강남구도곡로84길6,파리바게뜨
BRD_20080500016,던킨/던킨도너츠,MA010120220801060199,비알던킨도너츠선릉역 코리아,비알던킨도너츠선릉역코리아,서울특별시 강남구 테헤란로 422,서울특별시강남구테헤란로422,서울특별시,강남구,강남구,11680,11680,127.052861838388,37.5053210133991,소상공인시장진흥공단 상가(상권)정보,미확인,contains_nonprefix,low,3120210,선릉역,발달상권,matched,,소상공인시장진흥공단 상가(상권)정보,2026-06-30,비알던킨도너츠선릉역코리아,서울특별시강남구테헤란로422,던킨던킨도너츠
BRD_20080100039,뚜레쥬르,MA010120220801263643,뚜레쥬르여의서로점,뚜레쥬르여의서로점,서울특별시 영등포구 여의서로 43,서울특별시영등포구여의서로43,서울특별시,영등포구,영등포구,11560,11560,126.924753127873,37.5308523146473,소상공인시장진흥공단 상가(상권)정보,미확인,prefix,medium,3120148,국회의사당역(국회의사당),발달상권,matched,,소상공인시장진흥공단 상가(상권)정보,2026-06-30,뚜레쥬르여의서로점,서울특별시영등포구여의서로43,뚜레쥬르
BRD_20080500016,던킨/던킨도너츠,MA010120220801523518,던킨서울역 서부점,던킨서울역서부점,서울특별시 중구 만리재로 211,서울특별시중구만리재로211,서울특별시,중구,중구,11140,11140,126.96815265129,37.556307206056,소상공인시장진흥공단 상가(상권)정보,영업중,prefix_short_brand_confirmed_safe,medium,3120018,중림동,발달상권,matched,,소상공인시장진흥공단 상가(상권)정보,2026-06-30,던킨서울역서부점,서울특별시중구만리재로211,던킨던킨도너츠
BRD_20080200064,파리바게뜨,MA010120220801547500,파리바게뜨군자역점,파리바게뜨군자역점,서울특별시 광진구 능동로 297,서울특별시광진구능동로297,서울특별시,광진구,광진구,11215,11215,127.078758443447,37.5565014729723,소상공인시장진흥공단 상가(상권)정보,미확인,prefix,medium,3120055,군자역,발달상권,matched,,소상공인시장진흥공단 상가(상권)정보,2026-06-30,파리바게뜨군자역점,서울특별시광진구능동로297,파리바게뜨
BRD_20080200064,파리바게뜨,MA010120220801615962,파리바게뜨난곡세이브점,파리바게뜨난곡세이브점,서울특별시 관악구 난우길 16,서울특별시관악구난우길16,서울특별시,관악구,관악구,11620,11620,126.918784073185,37.474463437495,소상공인시장진흥공단 상가(상권)정보,미확인,prefix,medium,3110865,남강고등학교(남강중학교),골목상권,matched,,소상공인시장진흥공단 상가(상권)정보,2026-06-30,파리바게뜨난곡세이브점,서울특별시관악구난우길16,파리바게뜨
BRD_20080200064,파리바게뜨,MA010120220801637173,파리바게뜨매봉역점,파리바게뜨매봉역점,서울특별시 강남구 남부순환로378길 8,서울특별시강남구남부순환로378길8,서울특별시,강남구,강남구,11680,11680,127.045600370363,37.4857361533086,소상공인시장진흥공단 상가(상권)정보,미확인,prefix,medium,3120205,매봉역,발달상권,matched,,소상공인시장진흥공단 상가(상권)정보,2026-06-30,파리바게뜨매봉역점,서울특별시강남구남부순환로378길8,파리바게뜨
BRD_20080200064,파리바게뜨,MA010120220801673420,파리바게뜨도봉점,파리바게뜨도봉점,서울특별시 도봉구 도봉로 891,서울특별시도봉구도봉로891,서울특별시,도봉구,도봉구,11320,11320,127.04574416032,37.6840266514904,소상공인시장진흥공단 상가(상권)정보,미확인,prefix,medium,3110397,도봉산입구,골목상권,matched,,소상공인시장진흥공단 상가(상권)정보,2026-06-30,파리바게뜨도봉점,서울특별시도봉구도봉로891,파리바게뜨
BRD_20080200064,파리바게뜨,MA010120220801776636,파리바게뜨신월7동점,파리바게뜨신월7동점,서울특별시 양천구 지양로 75,서울특별시양천구지양로75,서울특별시,양천구,양천구,11470,11470,126.833335809641,37.5221811558811,소상공인시장진흥공단 상가(상권)정보,미확인,prefix,medium,3110598,신월문화체육센터,골목상권,matched,,소상공인시장진흥공단 상가(상권)정보,2026-06-30,파리바게뜨신월7동점,서울특별시양천구지양로75,파리바게뜨
BRD_20080200064,파리바게뜨,MA010120220801879385,파리바게뜨건대동문회관점,파리바게뜨건대동문회관점,서울특별시 광진구 아차산로36길 5,서울특별시광진구아차산로36길5,서울특별시,광진구,광진구,11215,11215,127.074643399321,37.5383400128927,소상공인시장진흥공단 상가(상권)정보,미확인,prefix,medium,3120053,건대입구역(건대),발달상권,matched_nearest_300m,,소상공인시장진흥공단 상가(상권)정보,2026-06-30,파리바게뜨건대동문회관점,서울특별시광진구아차산로36길5,파리바게뜨
BRD_20080100039,뚜레쥬르,MA010120220801991968,뚜레쥬르,뚜레쥬르,서울특별시 동대문구 왕산로 225,서울특별시동대문구왕산로225,서울특별시,동대문구,동대문구,11230,11230,127.047210123819,37.5821245926922,소상공인시장진흥공단 상가(상권)정보,미확인,exact,high,3120063,청량리역(청량리),발달상권,matched,,소상공인시장진흥공단 상가(상권)정보,2026-06-30,뚜레쥬르,서울특별시동대문구왕산로225,뚜레쥬르
BRD_20080200064,파리바게뜨,MA010120220802107529,파리바게뜨충무로진 양지점,파리바게뜨충무로진양지점,서울특별시 중구 퇴계로 217,서울특별시중구퇴계로217,서울특별시,중구,중구,11140,11140,126.995936697295,37.5624292011506,소상공인시장진흥공단 상가(상권)정보,미확인,prefix,medium,3120032,충무로역,발달상권,matched,,소상공인시장진흥공단 상가(상권)정보,2026-06-30,파리바게뜨충무로진양지점,서울특별시중구퇴계로217,파리바게뜨
BRD_20201275,호두당,MA010120220802477604,호두당,호두당,서울특별시 송파구 송이로 157,서울특별시송파구송이로157,서울특별시,송파구,송파구,11710,11710,127.125235346927,37.4931839692885,소상공인시장진흥공단 상가(상권)정보,미확인,exact,high,3120237,경찰병원역,발달상권,matched,,소상공인시장진흥공단 상가(상권)정보,2026-06-30,호두당,서울특별시송파구송이로157,호두당
BRD_20080100039,뚜레쥬르,MA010120220802608351,뚜레쥬르,뚜레쥬르,서울특별시 금천구 시흥대로 229,서울특별시금천구시흥대로229,서울특별시,금천구,금천구,11545,11545,126.900372433378,37.454122534789,소상공인시장진흥공단 상가(상권)정보,미확인,exact,high,3120133,서울시흥동우체국(홈플러스시흥점),발달상권,matched,,소상공인시장진흥공단 상가(상권)정보,2026-06-30,뚜레쥬르,서울특별시금천구시흥대로229,뚜레쥬르
BRD_20080200064,파리바게뜨,MA010120220802645268,파리바게뜨천호 중앙점,파리바게뜨천호중앙점,서울특별시 강동구 올림픽로 665,서울특별시강동구올림픽로665,서울특별시,강동구,강동구,11740,11740,127.123878125467,37.540920537499,소상공인시장진흥공단 상가(상권)정보,미확인,prefix,medium,3120243,천호역,발달상권,matched,,소상공인시장진흥공단 상가(상권)정보,2026-06-30,파리바게뜨천호중앙점,서울특별시강동구올림픽로665,파리바게뜨
BRD_20080200064,파리바게뜨,MA010120220802648065,파리바게뜨수유중앙,파리바게뜨수유중앙,서울특별시 강북구 삼양로 307,서울특별시강북구삼양로307,서울특별시,강북구,강북구,11305,11305,127.017593564569,37.6308492419033,소상공인시장진흥공단 상가(상권)정보,미확인,prefix,medium,3110352,수유1동주민센터,골목상권,matched,,소상공인시장진흥공단 상가(상권)정보,2026-06-30,파리바게뜨수유중앙,서울특별시강북구삼양로307,파리바게뜨
BRD_20080200064,파리바게뜨,MA010120220802674886,파리바게뜨서소문점,파리바게뜨서소문점,서울특별시 중구 서소문로 129,서울특별시중구서소문로129,서울특별시,중구,중구,11140,11140,126.975223587545,37.5637961859619,소상공인시장진흥공단 상가(상권)정보,미확인,prefix,medium,3120020,시청역_1번,발달상권,matched,,소상공인시장진흥공단 상가(상권)정보,2026-06-30,파리바게뜨서소문점,서울특별시중구서소문로129,파리바게뜨
BRD_20080200064,파리바게뜨,MA010120220802743772,파리바게뜨잠실스타,파리바게뜨잠실스타,서울특별시 송파구 백제고분로 200,서울특별시송파구백제고분로200,서울특별시,송파구,송파구,11710,11710,127.088779879241,37.5038308410052,소상공인시장진흥공단 상가(상권)정보,미확인,prefix,medium,3111005,삼전역 3번,골목상권,matched,,소상공인시장진흥공단 상가(상권)정보,2026-06-30,파리바게뜨잠실스타,서울특별시송파구백제고분로200,파리바게뜨
BRD_20080200064,파리바게뜨,MA010120220802862889,파리바게뜨제기동역점,파리바게뜨제기동역점,서울특별시 동대문구 왕산로 118,서울특별시동대문구왕산로118,서울특별시,동대문구,동대문구,11230,11230,127.036339598362,37.577992878006,소상공인시장진흥공단 상가(상권)정보,미확인,prefix,medium,3110192,동의보감타워,골목상권,matched_nearest_300m,,소상공인시장진흥공단 상가(상권)정보,2026-06-30,파리바게뜨제기동역점,서울특별시동대문구왕산로118,파리바게뜨
BRD_20080100039,뚜레쥬르,MA010120220802903118,뚜레쥬르금호 힐스테이트점,뚜레쥬르금호힐스테이트점,서울특별시 성동구 금호로 40,서울특별시성동구금호로40,서울특별시,성동구,성동구,11200,11200,127.026354986654,37.5466768887299,소상공인시장진흥공단 상가(상권)정보,미확인,prefix,medium,3110107,금호사거리,골목상권,matched_nearest_300m,,소상공인시장진흥공단 상가(상권)정보,2026-06-30,뚜레쥬르금호힐스테이트점,서울특별시성동구금호로40,뚜레쥬르
BRD_20170827,핫브레드 ,MA010120220802924399,핫브레드 공덕역점,핫브레드공덕역점,서울특별시 마포구 백범로 200,서울특별시마포구백범로200,서울특별시,마포구,마포구,11440,11440,126.951942930682,37.5435255636802,소상공인시장진흥공단 상가(상권)정보,미확인,exact,high,3120107,공덕역(공덕오거리),발달상권,matched,,소상공인시장진흥공단 상가(상권)정보,2026-06-30,핫브레드공덕역점,서울특별시마포구백범로200,핫브레드
BRD_20080200064,파리바게뜨,MA010120220803006937,파리바게뜨방화점,파리바게뜨방화점,서울특별시 강서구 양천로 55,서울특별시강서구양천로55,서울특별시,강서구,강서구,11500,11500,126.809845984433,37.5733493630305,소상공인시장진흥공단 상가(상권)정보,미확인,prefix,medium,3110632,방화역 3번,골목상권,matched,,소상공인시장진흥공단 상가(상권)정보,2026-06-30,파리바게뜨방화점,서울특별시강서구양천로55,파리바게뜨
BRD_20170827,핫브레드 ,MA010120220803015409,핫브레드 아차산역점,핫브레드아차산역점,서울특별시 광진구 천호대로 657,서울특별시광진구천호대로657,서울특별시,광진구,광진구,11215,11215,127.089369357145,37.5524033895483,소상공인시장진흥공단 상가(상권)정보,미확인,exact,high,3120057,아차산역,발달상권,matched,,소상공인시장진흥공단 상가(상권)정보,2026-06-30,핫브레드아차산역점,서울특별시광진구천호대로657,핫브레드
BRD_20080200064,파리바게뜨,MA010120220803032416,파리바게뜨신도림역점,파리바게뜨신도림역점,서울특별시 구로구 경인로 661,서울특별시구로구경인로661,서울특별시,구로구,구로구,11530,11530,126.887766918746,37.5095322660295,소상공인시장진흥공단 상가(상권)정보,미확인,prefix,medium,3120128,신도림역,발달상권,matched,,소상공인시장진흥공단 상가(상권)정보,2026-06-30,파리바게뜨신도림역점,서울특별시구로구경인로661,파리바게뜨
BRD_20080200064,파리바게뜨,MA010120220803073214,파리바게뜨 홍제점,파리바게뜨홍제점,서울특별시 서대문구 통일로 398,서울특별시서대문구통일로398,서울특별시,서대문구,서대문구,11410,11410,126.948213846403,37.5852941700247,소상공인시장진흥공단 상가(상권)정보,미확인,exact,high,3120095,홍제역,발달상권,matched,,소상공인시장진흥공단 상가(상권)정보,2026-06-30,파리바게뜨홍제점,서울특별시서대문구통일로398,파리바게뜨
BRD_20170827,핫브레드 ,MA010120220803124194,핫브레드목동역점,핫브레드목동역점,서울특별시 양천구 목동로 186,서울특별시양천구목동로186,서울특별시,양천구,양천구,11470,11470,126.86638490577,37.5252325141919,소상공인시장진흥공단 상가(상권)정보,미확인,prefix,medium,3110621,목동역 5번,골목상권,matched,,소상공인시장진흥공단 상가(상권)정보,2026-06-30,핫브레드목동역점,서울특별시양천구목동로186,핫브레드
BRD_20080100039,뚜레쥬르,MA010120220803138139,뚜레쥬르 잠실새내점,뚜레쥬르잠실새내점,서울특별시 송파구 올림픽로12길 48,서울특별시송파구올림픽로12길48,서울특별시,송파구,송파구,11710,11710,127.08346841378,37.5074387334998,소상공인시장진흥공단 상가(상권)정보,미확인,exact,high,3111004,삼전역 1번,골목상권,matched,,소상공인시장진흥공단 상가(상권)정보,2026-06-30,뚜레쥬르잠실새내점,서울특별시송파구올림픽로12길48,뚜레쥬르
BRD_20080200064,파리바게뜨,MA010120220803206165,파리바게뜨은평 구청점,파리바게뜨은평구청점,서울특별시 은평구 은평로 200-1,서울특별시은평구은평로2001,서울특별시,은평구,은평구,11380,11380,126.929993600464,37.6009980656232,소상공인시장진흥공단 상가(상권)정보,미확인,prefix,medium,3110488,우리은행응암동지점,골목상권,matched,,소상공인시장진흥공단 상가(상권)정보,2026-06-30,파리바게뜨은평구청점,서울특별시은평구은평로2001,파리바게뜨
BRD_20120100621,더베이크,MA010120220803263063,더베이크,더베이크,서울특별시 강서구 하늘길 77,서울특별시강서구하늘길77,서울특별시,강서구,강서구,11500,11500,126.801578126446,37.5621454060139,소상공인시장진흥공단 상가(상권)정보,미확인,exact,high,3120115,김포공항역(김포공항),발달상권,matched_nearest_300m,,소상공인시장진흥공단 상가(상권)정보,2026-06-30,더베이크,서울특별시강서구하늘길77,더베이크
BRD_20170827,핫브레드 ,MA010120220803279233,핫브레드장한평역점,핫브레드장한평역점,서울특별시 동대문구 천호대로 405,서울특별시동대문구천호대로405,서울특별시,동대문구,동대문구,11230,11230,127.064423484736,37.5615016879027,소상공인시장진흥공단 상가(상권)정보,미확인,prefix,medium,3120066,장한평역(장한평),발달상권,matched,,소상공인시장진흥공단 상가(상권)정보,2026-06-30,핫브레드장한평역점,서울특별시동대문구천호대로405,핫브레드
BRD_20080100039,뚜레쥬르,MA010120220803308080,뚜레쥬르마포밤섬점,뚜레쥬르마포밤섬점,서울특별시 마포구 독막로20나길 22,서울특별시마포구독막로20나길22,서울특별시,마포구,마포구,11440,11440,126.925574378358,37.5469086547281,소상공인시장진흥공단 상가(상권)정보,미확인,prefix,medium,3120105,상수역(홍대),발달상권,matched_nearest_300m,,소상공인시장진흥공단 상가(상권)정보,2026-06-30,뚜레쥬르마포밤섬점,서울특별시마포구독막로20나길22,뚜레쥬르
BRD_20080200064,파리바게뜨,MA010120220803355203,파리바게뜨카페마로니에,파리바게뜨카페마로니에,서울특별시 종로구 대학로 81-1,서울특별시종로구대학로811,서울특별시,종로구,종로구,11110,11110,127.001913219124,37.5784940026261,소상공인시장진흥공단 상가(상권)정보,미확인,prefix,medium,3110023,서울대병원,골목상권,matched,,소상공인시장진흥공단 상가(상권)정보,2026-06-30,파리바게뜨카페마로니에,서울특별시종로구대학로811,파리바게뜨
BRD_20080200064,파리바게뜨,MA010120220803361629,파리바게뜨송파 푸르지오점,파리바게뜨송파푸르지오점,서울특별시 송파구 새말로 62,서울특별시송파구새말로62,서울특별시,송파구,송파구,11710,11710,127.121167250298,37.4808894582011,소상공인시장진흥공단 상가(상권)정보,미확인,prefix,medium,3120235,문정역,발달상권,matched_nearest_300m,,소상공인시장진흥공단 상가(상권)정보,2026-06-30,파리바게뜨송파푸르지오점,서울특별시송파구새말로62,파리바게뜨
BRD_20080100039,뚜레쥬르,MA010120220803381942,뚜레쥬르문래6가점,뚜레쥬르문래6가점,서울특별시 영등포구 선유로13길 25,서울특별시영등포구선유로13길25,서울특별시,영등포구,영등포구,11560,11560,126.886282229693,37.5189823725636,소상공인시장진흥공단 상가(상권)정보,미확인,prefix,medium,3110758,문래소공원,골목상권,matched_nearest_300m,,소상공인시장진흥공단 상가(상권)정보,2026-06-30,뚜레쥬르문래6가점,서울특별시영등포구선유로13길25,뚜레쥬르
BRD_20080200064,파리바게뜨,MA010120220803406272,파리바게뜨,파리바게뜨,서울특별시 용산구 대사관로 73,서울특별시용산구대사관로73,서울특별시,용산구,용산구,11170,11170,127.006143500858,37.5333628899721,소상공인시장진흥공단 상가(상권)정보,미확인,exact,high,3120047,한남오거리,발달상권,matched,,소상공인시장진흥공단 상가(상권)정보,2026-06-30,파리바게뜨,서울특별시용산구대사관로73,파리바게뜨
BRD_20080500016,던킨/던킨도너츠,MA010120220803435515,던킨송파 사거리점,던킨송파사거리점,서울특별시 송파구 송파대로 388,서울특별시송파구송파대로388,서울특별시,송파구,송파구,11710,11710,127.110209316624,37.5023801936112,소상공인시장진흥공단 상가(상권)정보,영업중,prefix_short_brand_confirmed_safe,medium,3120230,송파사거리(송파역),발달상권,matched,,소상공인시장진흥공단 상가(상권)정보,2026-06-30,던킨송파사거리점,서울특별시송파구송파대로388,던킨던킨도너츠
BRD_20080100039,뚜레쥬르,MA010120220803449092,뚜레쥬르독립문역,뚜레쥬르독립문역,서울특별시 종로구 통일로 250,서울특별시종로구통일로250,서울특별시,종로구,종로구,11110,11110,126.957945259966,37.5747293806622,소상공인시장진흥공단 상가(상권)정보,미확인,prefix,medium,3110002,독립문역 1번,골목상권,matched,,소상공인시장진흥공단 상가(상권)정보,2026-06-30,뚜레쥬르독립문역,서울특별시종로구통일로250,뚜레쥬르
BRD_20080100039,뚜레쥬르,MA010120220803452120,뚜레쥬르명동역점,뚜레쥬르명동역점,서울특별시 중구 퇴계로 129,서울특별시중구퇴계로129,서울특별시,중구,중구,11140,11140,126.986089929325,37.5611760662836,소상공인시장진흥공단 상가(상권)정보,미확인,prefix,medium,3001492,명동 남대문 북창동 다동 무교동 관광특구,관광특구,matched,,소상공인시장진흥공단 상가(상권)정보,2026-06-30,뚜레쥬르명동역점,서울특별시중구퇴계로129,뚜레쥬르
BRD_20080200064,파리바게뜨,MA010120220803456916,파리바게뜨길음래미안점,파리바게뜨길음래미안점,서울특별시 성북구 길음로 20,서울특별시성북구길음로20,서울특별시,성북구,성북구,11290,11290,127.023034646893,37.6047556902087,소상공인시장진흥공단 상가(상권)정보,미확인,prefix,medium,3110307,길음역 7번,골목상권,matched_nearest_300m,,소상공인시장진흥공단 상가(상권)정보,2026-06-30,파리바게뜨길음래미안점,서울특별시성북구길음로20,파리바게뜨
BRD_20080200064,파리바게뜨,MA010120220803460978,파리바게뜨중화역점,파리바게뜨중화역점,서울특별시 중랑구 동일로 795,서울특별시중랑구동일로795,서울특별시,중랑구,중랑구,11260,11260,127.079145476385,37.6013977365637,소상공인시장진흥공단 상가(상권)정보,미확인,prefix,medium,3110244,중화역 4번,골목상권,matched_nearest_300m,,소상공인시장진흥공단 상가(상권)정보,2026-06-30,파리바게뜨중화역점,서울특별시중랑구동일로795,파리바게뜨
BRD_20080200064,파리바게뜨,MA010120220803474368,파리바게뜨 금천구청역점,파리바게뜨금천구청역점,서울특별시 금천구 시흥대로63길 91,서울특별시금천구시흥대로63길91,서울특별시,금천구,금천구,11545,11545,126.894504577753,37.4556131235034,소상공인시장진흥공단 상가(상권)정보,미확인,exact,high,3110731,금천구청역 1번 출입구,골목상권,matched,,소상공인시장진흥공단 상가(상권)정보,2026-06-30,파리바게뜨금천구청역점,서울특별시금천구시흥대로63길91,파리바게뜨
BRD_20080200064,파리바게뜨,MA010120220803480471,파리바게뜨충무로점,파리바게뜨충무로점,서울특별시 중구 퇴계로 188,서울특별시중구퇴계로188,서울특별시,중구,중구,11140,11140,126.992552656868,37.5608342720344,소상공인시장진흥공단 상가(상권)정보,미확인,prefix,medium,3120032,충무로역,발달상권,matched,,소상공인시장진흥공단 상가(상권)정보,2026-06-30,파리바게뜨충무로점,서울특별시중구퇴계로188,파리바게뜨
BRD_20080200287,브레댄코(bread&co.DAILY-NEW),MA010120220803489318,브레댄코동대입구역점,브레댄코동대입구역점,서울특별시 중구 동호로 256,서울특별시중구동호로256,서울특별시,중구,중구,11140,11140,127.005455216588,37.5590233769993,소상공인시장진흥공단 상가(상권)정보,미확인,prefix,medium,3120036,장충동족발거리(남소영길),발달상권,matched_nearest_300m,,소상공인시장진흥공단 상가(상권)정보,2026-06-30,브레댄코동대입구역점,서울특별시중구동호로256,브레댄코breadcodailynew
BRD_20080200064,파리바게뜨,MA010120220803495488,명동역남산파리바게뜨,명동역남산파리바게뜨,서울특별시 중구 퇴계로 118,서울특별시중구퇴계로118,서울특별시,중구,중구,11140,11140,126.984867689245,37.5605542281603,소상공인시장진흥공단 상가(상권)정보,미확인,contains_nonprefix,low,3120027,명동역(명동재미로),발달상권,matched,,소상공인시장진흥공단 상가(상권)정보,2026-06-30,명동역남산파리바게뜨,서울특별시중구퇴계로118,파리바게뜨
BRD_20080500016,던킨/던킨도너츠,MA010120220803496743,던킨도너츠약수점,던킨도너츠약수점,서울특별시 중구 다산로 128,서울특별시중구다산로128,서울특별시,중구,중구,11140,11140,127.011045658447,37.5550315678698,소상공인시장진흥공단 상가(상권)정보,미확인,prefix,medium,3120038,약수역,발달상권,matched,,소상공인시장진흥공단 상가(상권)정보,2026-06-30,던킨도너츠약수점,서울특별시중구다산로128,던킨던킨도너츠
BRD_20080200064,파리바게뜨,MA010120220803498787,파리바게뜨역사점 동대문,파리바게뜨역사점동대문,서울특별시 중구 마른내로 165,서울특별시중구마른내로165,서울특별시,중구,중구,11140,11140,127.006417716802,37.5646275278805,소상공인시장진흥공단 상가(상권)정보,미확인,prefix,medium,3120037,동대문역사문화공원역,발달상권,matched,,소상공인시장진흥공단 상가(상권)정보,2026-06-30,파리바게뜨역사점동대문,서울특별시중구마른내로165,파리바게뜨
BRD_20080200287,브레댄코(bread&co.DAILY-NEW),MA010120220803520457,브레댄코학동역점,브레댄코학동역점,서울특별시 강남구 학동로 208,서울특별시강남구학동로208,서울특별시,강남구,강남구,11680,11680,127.031987739046,37.5140502348422,소상공인시장진흥공단 상가(상권)정보,미확인,prefix,medium,3120191,학동역,발달상권,matched,,소상공인시장진흥공단 상가(상권)정보,2026-06-30,브레댄코학동역점,서울특별시강남구학동로208,브레댄코breadcodailynew
BRD_20080200064,파리바게뜨,MA010120220803586565,파리바게뜨 불광역점,파리바게뜨불광역점,서울특별시 은평구 진흥로 196,서울특별시은평구진흥로196,서울특별시,은평구,은평구,11380,11380,126.931243690081,37.6084950367546,소상공인시장진흥공단 상가(상권)정보,미확인,exact,high,3120092,불광역,발달상권,matched,,소상공인시장진흥공단 상가(상권)정보,2026-06-30,파리바게뜨불광역점,서울특별시은평구진흥로196,파리바게뜨
BRD_20080100039,뚜레쥬르,MA010120220803592061,뚜레쥬르카페중곡,뚜레쥬르카페중곡,서울특별시 광진구 능동로 373,서울특별시광진구능동로373,서울특별시,광진구,광진구,11215,11215,127.082262400396,37.5627339813201,소상공인시장진흥공단 상가(상권)정보,미확인,prefix,medium,3130083,"중곡제일시장(중곡제일골목시장, 광성시장)",전통시장,matched_nearest_300m,,소상공인시장진흥공단 상가(상권)정보,2026-06-30,뚜레쥬르카페중곡,서울특별시광진구능동로373,뚜레쥬르
BRD_20080200064,파리바게뜨,MA010120220803600800,파리바게뜨구산역점,파리바게뜨구산역점,서울특별시 은평구 서오릉로 140,서울특별시은평구서오릉로140,서울특별시,은평구,은평구,11380,11380,126.917593492056,37.6113334201205,소상공인시장진흥공단 상가(상권)정보,미확인,prefix,medium,3120088,구산역,발달상권,matched,,소상공인시장진흥공단 상가(상권)정보,2026-06-30,파리바게뜨구산역점,서울특별시은평구서오릉로140,파리바게뜨
BRD_20080100039,뚜레쥬르,MA010120220803613778,뚜레쥬르 삼성점,뚜레쥬르삼성점,서울특별시 강남구 영동대로85길 17,서울특별시강남구영동대로85길17,서울특별시,강남구,강남구,11680,11680,127.062284162324,37.5068751598688,소상공인시장진흥공단 상가(상권)정보,미확인,exact,high,3120222,삼성역,발달상권,matched,,소상공인시장진흥공단 상가(상권)정보,2026-06-30,뚜레쥬르삼성점,서울특별시강남구영동대로85길17,뚜레쥬르
BRD_20080200064,파리바게뜨,MA010120220803613913,파리바게뜨휘경점,파리바게뜨휘경점,서울특별시 동대문구 망우로 74,서울특별시동대문구망우로74,서울특별시,동대문구,동대문구,11230,11230,127.061356649409,37.5895963280208,소상공인시장진흥공단 상가(상권)정보,미확인,prefix,medium,3110219,삼육보건대학교,골목상권,matched,,소상공인시장진흥공단 상가(상권)정보,2026-06-30,파리바게뜨휘경점,서울특별시동대문구망우로74,파리바게뜨
BRD_20080200064,파리바게뜨,MA010120220803617036,파리바게뜨광운대역점,파리바게뜨광운대역점,서울특별시 노원구 석계로 95,서울특별시노원구석계로95,서울특별시,노원구,노원구,11350,11350,127.061168799873,37.6229150260324,소상공인시장진흥공단 상가(상권)정보,미확인,prefix,medium,3110420,광운대역 1번,골목상권,matched,,소상공인시장진흥공단 상가(상권)정보,2026-06-30,파리바게뜨광운대역점,서울특별시노원구석계로95,파리바게뜨
BRD_20080100039,뚜레쥬르,MA010120220803629004,뚜레쥬르망우역점,뚜레쥬르망우역점,서울특별시 중랑구 망우로 346,서울특별시중랑구망우로346,서울특별시,중랑구,중랑구,11260,11260,127.09135957062,37.597460594743,소상공인시장진흥공단 상가(상권)정보,미확인,prefix,medium,3120069,상봉역,발달상권,matched,,소상공인시장진흥공단 상가(상권)정보,2026-06-30,뚜레쥬르망우역점,서울특별시중랑구망우로346,뚜레쥬르
BRD_20080200064,파리바게뜨,MA010120220803635208,파리바게뜨용마산역점,파리바게뜨용마산역점,서울특별시 중랑구 답십리로75길 73,서울특별시중랑구답십리로75길73,서울특별시,중랑구,중랑구,11260,11260,127.080792181074,37.5743037776587,소상공인시장진흥공단 상가(상권)정보,미확인,prefix,medium,3110254,오거리공원,골목상권,matched_nearest_300m,,소상공인시장진흥공단 상가(상권)정보,2026-06-30,파리바게뜨용마산역점,서울특별시중랑구답십리로75길73,파리바게뜨
BRD_20080200064,파리바게뜨,MA010120220803641894,파리바게뜨휘경주공점,파리바게뜨휘경주공점,서울특별시 동대문구 사가정로25길 58,서울특별시동대문구사가정로25길58,서울특별시,동대문구,동대문구,11230,11230,127.071142771293,37.5813557605297,소상공인시장진흥공단 상가(상권)정보,미확인,prefix,medium,3110231,장안교,골목상권,matched_nearest_300m,,소상공인시장진흥공단 상가(상권)정보,2026-06-30,파리바게뜨휘경주공점,서울특별시동대문구사가정로25길58,파리바게뜨
BRD_20080200064,파리바게뜨,MA010120220803642664,파리바게뜨신설동역점,파리바게뜨신설동역점,서울특별시 동대문구 왕산로 10,서울특별시동대문구왕산로10,서울특별시,동대문구,동대문구,11230,11230,127.024859664041,37.5758965369573,소상공인시장진흥공단 상가(상권)정보,미확인,prefix,medium,3120062,신설동역,발달상권,matched,,소상공인시장진흥공단 상가(상권)정보,2026-06-30,파리바게뜨신설동역점,서울특별시동대문구왕산로10,파리바게뜨
BRD_20080200064,파리바게뜨,MA010120220803644936,파리바게뜨우림 시장점,파리바게뜨우림시장점,서울특별시 중랑구 용마산로 497,서울특별시중랑구용마산로497,서울특별시,중랑구,중랑구,11260,11260,127.099713669012,37.5953725432802,소상공인시장진흥공단 상가(상권)정보,미확인,prefix,medium,3130115,우림골목시장,전통시장,matched_nearest_300m,,소상공인시장진흥공단 상가(상권)정보,2026-06-30,파리바게뜨우림시장점,서울특별시중랑구용마산로497,파리바게뜨
BRD_20080200064,파리바게뜨,MA010120220803649093,파리바게뜨,파리바게뜨,서울특별시 동대문구 천장산로7길 4,서울특별시동대문구천장산로7길4,서울특별시,동대문구,동대문구,11230,11230,127.057547981545,37.5987072715067,소상공인시장진흥공단 상가(상권)정보,미확인,exact,high,3110214,경희대후문,골목상권,matched,,소상공인시장진흥공단 상가(상권)정보,2026-06-30,파리바게뜨,서울특별시동대문구천장산로7길4,파리바게뜨
BRD_20080100039,뚜레쥬르,MA010120220803651646,뚜레쥬르 장안점,뚜레쥬르장안점,서울특별시 동대문구 답십리로 294,서울특별시동대문구답십리로294,서울특별시,동대문구,동대문구,11230,11230,127.0729790419,37.5720383594885,소상공인시장진흥공단 상가(상권)정보,미확인,exact,high,3120067,장안동사거리,발달상권,matched,,소상공인시장진흥공단 상가(상권)정보,2026-06-30,뚜레쥬르장안점,서울특별시동대문구답십리로294,뚜레쥬르
BRD_20080100039,뚜레쥬르,MA010120220803654539,뚜레쥬르신이문점,뚜레쥬르신이문점,서울특별시 동대문구 이문로 206,서울특별시동대문구이문로206,서울특별시,동대문구,동대문구,11230,11230,127.062207241919,37.6048857019962,소상공인시장진흥공단 상가(상권)정보,미확인,prefix,medium,3130102,이문제일시장,전통시장,matched,,소상공인시장진흥공단 상가(상권)정보,2026-06-30,뚜레쥬르신이문점,서울특별시동대문구이문로206,뚜레쥬르
BRD_20080500016,던킨/던킨도너츠,MA010120220803655022,던킨도너츠먹골역점,던킨도너츠먹골역점,서울특별시 중랑구 동일로 918,서울특별시중랑구동일로918,서울특별시,중랑구,중랑구,11260,11260,127.077684750704,37.6123907797007,소상공인시장진흥공단 상가(상권)정보,미확인,prefix,medium,3110247,먹골역 1번,골목상권,matched_nearest_300m,,소상공인시장진흥공단 상가(상권)정보,2026-06-30,던킨도너츠먹골역점,서울특별시중랑구동일로918,던킨던킨도너츠
BRD_20080100039,뚜레쥬르,MA010120220803657333,뚜레쥬르신당역점,뚜레쥬르신당역점,서울특별시 중구 퇴계로 404,서울특별시중구퇴계로404,서울특별시,중구,중구,11140,11140,127.016502825298,37.565194176523,소상공인시장진흥공단 상가(상권)정보,미확인,prefix,medium,3120039,신당역,발달상권,matched,,소상공인시장진흥공단 상가(상권)정보,2026-06-30,뚜레쥬르신당역점,서울특별시중구퇴계로404,뚜레쥬르
BRD_20080200064,파리바게뜨,MA010120220803659358,파리바게뜨면목 중앙점,파리바게뜨면목중앙점,서울특별시 중랑구 면목로 362,서울특별시중랑구면목로362,서울특별시,중랑구,중랑구,11260,11260,127.088569625054,37.5842631893012,소상공인시장진흥공단 상가(상권)정보,미확인,prefix,medium,3120068,사가정역,발달상권,matched_nearest_300m,,소상공인시장진흥공단 상가(상권)정보,2026-06-30,파리바게뜨면목중앙점,서울특별시중랑구면목로362,파리바게뜨
BRD_20080100039,뚜레쥬르,MA010120220803674090,뚜레쥬르우 장산역점,뚜레쥬르우장산역점,서울특별시 강서구 강서로 266,서울특별시강서구강서로266,서울특별시,강서구,강서구,11500,11500,126.838309316458,37.5501911387,소상공인시장진흥공단 상가(상권)정보,미확인,prefix,medium,3110649,우장산역 1번,골목상권,matched_nearest_300m,,소상공인시장진흥공단 상가(상권)정보,2026-06-30,뚜레쥬르우장산역점,서울특별시강서구강서로266,뚜레쥬르
BRD_20080500016,던킨/던킨도너츠,MA010120220803685101,비알던킨도너츠청량리역사점주 코리아,비알던킨도너츠청량리역사점주코리아,서울특별시 동대문구 왕산로 210,서울특별시동대문구왕산로210,서울특별시,동대문구,동대문구,11230,11230,127.046518589705,37.5806292178592,소상공인시장진흥공단 상가(상권)정보,미확인,contains_nonprefix,low,3120063,청량리역(청량리),발달상권,matched,,소상공인시장진흥공단 상가(상권)정보,2026-06-30,비알던킨도너츠청량리역사점주코리아,서울특별시동대문구왕산로210,던킨던킨도너츠
BRD_20080200064,파리바게뜨,MA010120220803700498,파리바게뜨사당 신동아점,파리바게뜨사당신동아점,서울특별시 동작구 동작대로29길 80,서울특별시동작구동작대로29길80,서울특별시,동작구,동작구,11590,11590,126.977916837459,37.4889955284705,소상공인시장진흥공단 상가(상권)정보,미확인,prefix,medium,3130273,남성사계시장(남성시장),전통시장,matched_nearest_300m,,소상공인시장진흥공단 상가(상권)정보,2026-06-30,파리바게뜨사당신동아점,서울특별시동작구동작대로29길80,파리바게뜨
BRD_20080100039,뚜레쥬르,MA010120220803732218,뚜레쥬르구의1동점,뚜레쥬르구의1동점,서울특별시 광진구 자양로18길 56,서울특별시광진구자양로18길56,서울특별시,광진구,광진구,11215,11215,127.086647919308,37.5379714148631,소상공인시장진흥공단 상가(상권)정보,미확인,prefix,medium,3120056,구의역,발달상권,matched,,소상공인시장진흥공단 상가(상권)정보,2026-06-30,뚜레쥬르구의1동점,서울특별시광진구자양로18길56,뚜레쥬르
BRD_20080100039,뚜레쥬르,MA010120220803732233,뚜레쥬르동서울 터미널점,뚜레쥬르동서울터미널점,서울특별시 광진구 강변역로 50,서울특별시광진구강변역로50,서울특별시,광진구,광진구,11215,11215,127.094179190025,37.5345418477382,소상공인시장진흥공단 상가(상권)정보,미확인,prefix,medium,3120060,강변역(테크노마트),발달상권,matched,,소상공인시장진흥공단 상가(상권)정보,2026-06-30,뚜레쥬르동서울터미널점,서울특별시광진구강변역로50,뚜레쥬르
BRD_20080200064,파리바게뜨,MA010120220803736173,파리바게뜨,파리바게뜨,서울특별시 성동구 둘레11길 25,서울특별시성동구둘레11길25,서울특별시,성동구,성동구,11200,11200,127.05296383422,37.5376219160104,소상공인시장진흥공단 상가(상권)정보,미확인,exact,high,3110128,성원중학교,골목상권,matched,,소상공인시장진흥공단 상가(상권)정보,2026-06-30,파리바게뜨,서울특별시성동구둘레11길25,파리바게뜨
BRD_20080200064,파리바게뜨,MA010120220803745365,파리바게뜨대공원점,파리바게뜨대공원점,서울특별시 광진구 천호대로 659,서울특별시광진구천호대로659,서울특별시,광진구,광진구,11215,11215,127.089935081135,37.5523038502456,소상공인시장진흥공단 상가(상권)정보,미확인,prefix,medium,3120057,아차산역,발달상권,matched,,소상공인시장진흥공단 상가(상권)정보,2026-06-30,파리바게뜨대공원점,서울특별시광진구천호대로659,파리바게뜨
BRD_20080200064,파리바게뜨,MA010120220803750275,파리바게뜨중곡 신성점,파리바게뜨중곡신성점,서울특별시 광진구 용마산로 45,서울특별시광진구용마산로45,서울특별시,광진구,광진구,11215,11215,127.087700532596,37.5575853761409,소상공인시장진흥공단 상가(상권)정보,미확인,prefix,medium,3110167,용마초등학교,골목상권,matched,,소상공인시장진흥공단 상가(상권)정보,2026-06-30,파리바게뜨중곡신성점,서울특별시광진구용마산로45,파리바게뜨
BRD_20080200064,파리바게뜨,MA010120220803753602,파리바게뜨카페뚝섬유원지점,파리바게뜨카페뚝섬유원지점,서울특별시 광진구 능동로 18,서울특별시광진구능동로18,서울특별시,광진구,광진구,11215,11215,127.067883369591,37.5326858089833,소상공인시장진흥공단 상가(상권)정보,미확인,prefix,medium,3110139,자양4동주민센터,골목상권,matched_nearest_300m,,소상공인시장진흥공단 상가(상권)정보,2026-06-30,파리바게뜨카페뚝섬유원지점,서울특별시광진구능동로18,파리바게뜨
BRD_20080100039,뚜레쥬르,MA010120220803755203,뚜레쥬르어린이대공원점,뚜레쥬르어린이대공원점,서울특별시 광진구 광나루로 410,서울특별시광진구광나루로410,서울특별시,광진구,광진구,11215,11215,127.075013721413,37.5465749130434,소상공인시장진흥공단 상가(상권)정보,미확인,prefix,medium,3120054,어린이대공원역,발달상권,matched,,소상공인시장진흥공단 상가(상권)정보,2026-06-30,뚜레쥬르어린이대공원점,서울특별시광진구광나루로410,뚜레쥬르
BRD_20080100039,뚜레쥬르,MA010120220803755928,뚜레쥬르,뚜레쥬르,서울특별시 성동구 장터길 25,서울특별시성동구장터길25,서울특별시,성동구,성동구,11200,11200,127.018705801311,37.5484262859676,소상공인시장진흥공단 상가(상권)정보,미확인,exact,high,3120048,금호역,발달상권,matched,,소상공인시장진흥공단 상가(상권)정보,2026-06-30,뚜레쥬르,서울특별시성동구장터길25,뚜레쥬르
BRD_20080200064,파리바게뜨,MA010120220803760029,파리바게뜨답십리역점,파리바게뜨답십리역점,서울특별시 성동구 천호대로 312,서울특별시성동구천호대로312,서울특별시,성동구,성동구,11200,11200,127.0545565104,37.5649845054815,소상공인시장진흥공단 상가(상권)정보,미확인,prefix,medium,3130072,성동용답상가시장,전통시장,matched,,소상공인시장진흥공단 상가(상권)정보,2026-06-30,파리바게뜨답십리역점,서울특별시성동구천호대로312,파리바게뜨
BRD_20080200064,파리바게뜨,MA010120220803762287,파리바게뜨건대역 로데오점,파리바게뜨건대역로데오점,서울특별시 광진구 아차산로30길 3,서울특별시광진구아차산로30길3,서울특별시,광진구,광진구,11215,11215,127.067913089404,37.5405064750589,소상공인시장진흥공단 상가(상권)정보,미확인,prefix,medium,3120053,건대입구역(건대),발달상권,matched,,소상공인시장진흥공단 상가(상권)정보,2026-06-30,파리바게뜨건대역로데오점,서울특별시광진구아차산로30길3,파리바게뜨
BRD_20080200064,파리바게뜨,MA010120220803763978,파리바게뜨광장 힐스테이트점,파리바게뜨광장힐스테이트점,서울특별시 광진구 아차산로 537-17,서울특별시광진구아차산로53717,서울특별시,광진구,광진구,11215,11215,127.099666455378,37.542961692789,소상공인시장진흥공단 상가(상권)정보,미확인,prefix,medium,3120061,올림픽대교북단,발달상권,matched_nearest_300m,,소상공인시장진흥공단 상가(상권)정보,2026-06-30,파리바게뜨광장힐스테이트점,서울특별시광진구아차산로53717,파리바게뜨
BRD_20080200064,파리바게뜨,MA010120220803765130,파리바게뜨,파리바게뜨,서울특별시 광진구 뚝섬로 628,서울특별시광진구뚝섬로628,서울특별시,광진구,광진구,11215,11215,127.079230463079,37.531984970699,소상공인시장진흥공단 상가(상권)정보,미확인,exact,high,3110151,자양한강도서관,골목상권,matched,,소상공인시장진흥공단 상가(상권)정보,2026-06-30,파리바게뜨,서울특별시광진구뚝섬로628,파리바게뜨
BRD_20080200064,파리바게뜨,MA010120220803765531,파리바게뜨마장대로점,파리바게뜨마장대로점,서울특별시 성동구 고산자로 341-1,서울특별시성동구고산자로3411,서울특별시,성동구,성동구,11200,11200,127.037377233999,37.570243999267,소상공인시장진흥공단 상가(상권)정보,미확인,prefix,medium,3130068,마장축산물시장,전통시장,matched,,소상공인시장진흥공단 상가(상권)정보,2026-06-30,파리바게뜨마장대로점,서울특별시성동구고산자로3411,파리바게뜨
BRD_20080200064,파리바게뜨,MA010120220803768415,파리바게뜨까페옥수역점,파리바게뜨까페옥수역점,서울특별시 성동구 한림말3길 2,서울특별시성동구한림말3길2,서울특별시,성동구,성동구,11200,11200,127.016916307128,37.541687081692,소상공인시장진흥공단 상가(상권)정보,미확인,prefix,medium,3110102,옥수역 6번,골목상권,matched,,소상공인시장진흥공단 상가(상권)정보,2026-06-30,파리바게뜨까페옥수역점,서울특별시성동구한림말3길2,파리바게뜨
BRD_20080100039,뚜레쥬르,MA010120220803770309,뚜레쥬르 성수역점,뚜레쥬르성수역점,서울특별시 성동구 성수이로 113,서울특별시성동구성수이로113,서울특별시,성동구,성동구,11200,11200,127.05713336076,37.545143319715,소상공인시장진흥공단 상가(상권)정보,미확인,exact,high,3120052,성수역,발달상권,matched,,소상공인시장진흥공단 상가(상권)정보,2026-06-30,뚜레쥬르성수역점,서울특별시성동구성수이로113,뚜레쥬르
BRD_20080200064,파리바게뜨,MA010120220803772620,파리바게뜨광진 구청점,파리바게뜨광진구청점,서울특별시 광진구 자양로 124,서울특별시광진구자양로124,서울특별시,광진구,광진구,11215,11215,127.08353726633,37.5387665363002,소상공인시장진흥공단 상가(상권)정보,미확인,prefix,medium,3120056,구의역,발달상권,matched,,소상공인시장진흥공단 상가(상권)정보,2026-06-30,파리바게뜨광진구청점,서울특별시광진구자양로124,파리바게뜨
BRD_20260378,빵굼터,MA010120220803772827,빵굼터착한빵집,빵굼터착한빵집,서울특별시 성동구 행당로 79,서울특별시성동구행당로79,서울특별시,성동구,성동구,11200,11200,127.027502137728,37.558200392549,소상공인시장진흥공단 상가(상권)정보,미확인,prefix_short_brand,medium_short_brand,3110112,행당역 2번,골목상권,matched_nearest_300m,,소상공인시장진흥공단 상가(상권)정보,2026-06-30,빵굼터착한빵집,서울특별시성동구행당로79,빵굼터
BRD_20080200064,파리바게뜨,MA010120220803773681,파리바게뜨강변프라임점,파리바게뜨강변프라임점,서울특별시 광진구 광나루로56길 29,서울특별시광진구광나루로56길29,서울특별시,광진구,광진구,11215,11215,127.096535659546,37.5369636358513,소상공인시장진흥공단 상가(상권)정보,미확인,prefix,medium,3120060,강변역(테크노마트),발달상권,matched_nearest_300m,,소상공인시장진흥공단 상가(상권)정보,2026-06-30,파리바게뜨강변프라임점,서울특별시광진구광나루로56길29,파리바게뜨
BRD_20080200064,파리바게뜨,MA010120220803775452,파리바게뜨화양 시장점,파리바게뜨화양시장점,서울특별시 광진구 군자로 70,서울특별시광진구군자로70,서울특별시,광진구,광진구,11215,11215,127.07086310883,37.5490642330728,소상공인시장진흥공단 상가(상권)정보,미확인,prefix,medium,3120054,어린이대공원역,발달상권,matched,,소상공인시장진흥공단 상가(상권)정보,2026-06-30,파리바게뜨화양시장점,서울특별시광진구군자로70,파리바게뜨
BRD_20080100039,뚜레쥬르,MA010120220803816326,뚜레쥬르,뚜레쥬르,서울특별시 광진구 아차산로 370,서울특별시광진구아차산로370,서울특별시,광진구,광진구,11215,11215,127.084055148024,37.5364505985016,소상공인시장진흥공단 상가(상권)정보,미확인,exact,high,3120056,구의역,발달상권,matched_nearest_300m,,소상공인시장진흥공단 상가(상권)정보,2026-06-30,뚜레쥬르,서울특별시광진구아차산로370,뚜레쥬르
BRD_20080200064,파리바게뜨,MA010120220803829483,파리바게뜨 종암점,파리바게뜨종암점,서울특별시 성북구 종암로 96,서울특별시성북구종암로96,서울특별시,성북구,성북구,11290,11290,127.03483232874,37.5988332902478,소상공인시장진흥공단 상가(상권)정보,미확인,exact,high,3110319,종암동주민센터,골목상권,matched,,소상공인시장진흥공단 상가(상권)정보,2026-06-30,파리바게뜨종암점,서울특별시성북구종암로96,파리바게뜨
BRD_20080200064,파리바게뜨,MA010120220803850671,파리바게뜨 난곡점,파리바게뜨난곡점,서울특별시 관악구 난곡로 182,서울특별시관악구난곡로182,서울특별시,관악구,관악구,11620,11620,126.92004221253,37.4713918513417,소상공인시장진흥공단 상가(상권)정보,미확인,exact,high,3110866,난우중학교,골목상권,matched,,소상공인시장진흥공단 상가(상권)정보,2026-06-30,파리바게뜨난곡점,서울특별시관악구난곡로182,파리바게뜨
BRD_20141213,트윗젤(Twitzel),MA010120220803861913,트윗젤,트윗젤,서울특별시 강남구 테헤란로 340,서울특별시강남구테헤란로340,서울특별시,강남구,강남구,11680,11680,127.048948125987,37.5045027851399,소상공인시장진흥공단 상가(상권)정보,미확인,exact,high,3120210,선릉역,발달상권,matched,,소상공인시장진흥공단 상가(상권)정보,2026-06-30,트윗젤,서울특별시강남구테헤란로340,트윗젤twitzel
BRD_20080100039,뚜레쥬르,MA010120220803872027,뚜레쥬르창신점,뚜레쥬르창신점,서울특별시 종로구 지봉로 93,서울특별시종로구지봉로93,서울특별시,종로구,종로구,11110,11110,127.015135914873,37.5783669085993,소상공인시장진흥공단 상가(상권)정보,미확인,prefix,medium,3110031,창신역 1번,골목상권,matched,,소상공인시장진흥공단 상가(상권)정보,2026-06-30,뚜레쥬르창신점,서울특별시종로구지봉로93,뚜레쥬르
BRD_20080100039,뚜레쥬르,MA010120220803893779,뚜레쥬르길음뉴타운점,뚜레쥬르길음뉴타운점,서울특별시 성북구 길음로13길 22,서울특별시성북구길음로13길22,서울특별시,성북구,성북구,11290,11290,127.019321323966,37.6094415031331,소상공인시장진흥공단 상가(상권)정보,미확인,prefix,medium,3110306,미아초등학교,골목상권,matched_nearest_300m,,소상공인시장진흥공단 상가(상권)정보,2026-06-30,뚜레쥬르길음뉴타운점,서울특별시성북구길음로13길22,뚜레쥬르
BRD_20080100039,뚜레쥬르,MA010120220803896884,뚜레쥬르 종암점,뚜레쥬르종암점,서울특별시 성북구 종암로3길 18,서울특별시성북구종암로3길18,서울특별시,성북구,성북구,11290,11290,127.035078899818,37.5933912292893,소상공인시장진흥공단 상가(상권)정보,미확인,exact,high,3110317,종암중학교,골목상권,matched,,소상공인시장진흥공단 상가(상권)정보,2026-06-30,뚜레쥬르종암점,서울특별시성북구종암로3길18,뚜레쥬르
BRD_20080100039,뚜레쥬르,MA010120220803897615,뚜레쥬르종암노블레스,뚜레쥬르종암노블레스,서울특별시 성북구 종암로 90,서울특별시성북구종암로90,서울특별시,성북구,성북구,11290,11290,127.03540966414,37.5984456923232,소상공인시장진흥공단 상가(상권)정보,미확인,prefix,medium,3110319,종암동주민센터,골목상권,matched,,소상공인시장진흥공단 상가(상권)정보,2026-06-30,뚜레쥬르종암노블레스,서울특별시성북구종암로90,뚜레쥬르
BRD_20080200064,파리바게뜨,MA010120220803899192,파리바게뜨종암 사거리점,파리바게뜨종암사거리점,서울특별시 성북구 종암로27길 18,서울특별시성북구종암로27길18,서울특별시,성북구,성북구,11290,11290,127.031652025991,37.602879634056,소상공인시장진흥공단 상가(상권)정보,미확인,prefix,medium,3110314,종암경찰서,골목상권,matched,,소상공인시장진흥공단 상가(상권)정보,2026-06-30,파리바게뜨종암사거리점,서울특별시성북구종암로27길18,파리바게뜨
BRD_20080100039,뚜레쥬르,MA010120220803903977,뚜레쥬르아리랑 삼거리점,뚜레쥬르아리랑삼거리점,서울특별시 성북구 아리랑로 119,서울특별시성북구아리랑로119,서울특별시,성북구,성북구,11290,11290,127.013340219459,37.6025317382215,소상공인시장진흥공단 상가(상권)정보,미확인,prefix,medium,3130119,정릉아리랑시장,전통시장,matched,,소상공인시장진흥공단 상가(상권)정보,2026-06-30,뚜레쥬르아리랑삼거리점,서울특별시성북구아리랑로119,뚜레쥬르
BRD_20080200064,파리바게뜨,MA010120220803906350,파리바게뜨동소문점,파리바게뜨동소문점,서울특별시 성북구 아리랑로 15,서울특별시성북구아리랑로15,서울특별시,성북구,성북구,11290,11290,127.015931756202,37.5942513089532,소상공인시장진흥공단 상가(상권)정보,미확인,prefix,medium,3120072,성신여대,발달상권,matched,,소상공인시장진흥공단 상가(상권)정보,2026-06-30,파리바게뜨동소문점,서울특별시성북구아리랑로15,파리바게뜨
BRD_20080200064,파리바게뜨,MA010120220803908343,파리바게뜨길음 동부점,파리바게뜨길음동부점,서울특별시 성북구 삼양로 88,서울특별시성북구삼양로88,서울특별시,성북구,성북구,11290,11290,127.022425049766,37.6112249128501,소상공인시장진흥공단 상가(상권)정보,미확인,prefix,medium,3110308,길음역 8번,골목상권,matched,,소상공인시장진흥공단 상가(상권)정보,2026-06-30,파리바게뜨길음동부점,서울특별시성북구삼양로88,파리바게뜨
BRD_20080200064,파리바게뜨,MA010120220803908979,파리바게뜨석계 두산점,파리바게뜨석계두산점,서울특별시 성북구 한천로78길 67,서울특별시성북구한천로78길67,서울특별시,성북구,성북구,11290,11290,127.064943979966,37.6134616456424,소상공인시장진흥공단 상가(상권)정보,미확인,prefix,medium,3110335,석계역 7번,골목상권,matched,,소상공인시장진흥공단 상가(상권)정보,2026-06-30,파리바게뜨석계두산점,서울특별시성북구한천로78길67,파리바게뜨
BRD_20080200064,파리바게뜨,MA010120220803911696,파리바게뜨정릉서경점,파리바게뜨정릉서경점,서울특별시 성북구 서경로 78,서울특별시성북구서경로78,서울특별시,성북구,성북구,11290,11290,127.01489322848,37.6103431343329,소상공인시장진흥공단 상가(상권)정보,미확인,prefix,medium,3110294,서경대학교,골목상권,matched_nearest_300m,,소상공인시장진흥공단 상가(상권)정보,2026-06-30,파리바게뜨정릉서경점,서울특별시성북구서경로78,파리바게뜨
BRD_20080200064,파리바게뜨,MA010120220803944601,파리바게뜨,파리바게뜨,서울특별시 도봉구 도봉로 473,서울특별시도봉구도봉로473,서울특별시,도봉구,도봉구,11320,11320,127.033994093949,37.6480004063087,소상공인시장진흥공단 상가(상권)정보,미확인,exact,high,3130146,쌍문시장(쌍문역골목시장),전통시장,matched,,소상공인시장진흥공단 상가(상권)정보,2026-06-30,파리바게뜨,서울특별시도봉구도봉로473,파리바게뜨
BRD_20080200064,파리바게뜨,MA010120220803945759,파리바게뜨공릉,파리바게뜨공릉,서울특별시 노원구 공릉로 198,서울특별시노원구공릉로198,서울특별시,노원구,노원구,11350,11350,127.078606666696,37.6274366614983,소상공인시장진흥공단 상가(상권)정보,미확인,prefix,medium,3110438,경춘선숲길 우측,골목상권,matched_nearest_300m,,소상공인시장진흥공단 상가(상권)정보,2026-06-30,파리바게뜨공릉,서울특별시노원구공릉로198,파리바게뜨
BRD_20080200064,파리바게뜨,MA010120220803967717,파리바게뜨쌍문 사거리점,파리바게뜨쌍문사거리점,서울특별시 도봉구 도봉로 517,서울특별시도봉구도봉로517,서울특별시,도봉구,도봉구,11320,11320,127.036092148795,37.6516217353862,소상공인시장진흥공단 상가(상권)정보,미확인,prefix,medium,3130146,쌍문시장(쌍문역골목시장),전통시장,matched_nearest_300m,,소상공인시장진흥공단 상가(상권)정보,2026-06-30,파리바게뜨쌍문사거리점,서울특별시도봉구도봉로517,파리바게뜨
BRD_20080200064,파리바게뜨,MA010120220803969207,파리바게뜨미아 신일점,파리바게뜨미아신일점,서울특별시 강북구 도봉로 237,서울특별시강북구도봉로237,서울특별시,강북구,강북구,11305,11305,127.024492438993,37.6298118774446,소상공인시장진흥공단 상가(상권)정보,미확인,prefix,medium,3110364,미아역 8번,골목상권,matched,,소상공인시장진흥공단 상가(상권)정보,2026-06-30,파리바게뜨미아신일점,서울특별시강북구도봉로237,파리바게뜨
BRD_20080200064,파리바게뜨,MA010120220803969323,파리바게뜨방학중앙,파리바게뜨방학중앙,서울특별시 도봉구 도봉로 689,서울특별시도봉구도봉로689,서울특별시,도봉구,도봉구,11320,11320,127.042638879984,37.6659902098849,소상공인시장진흥공단 상가(상권)정보,미확인,prefix,medium,3110410,방학역 2번,골목상권,matched_nearest_300m,,소상공인시장진흥공단 상가(상권)정보,2026-06-30,파리바게뜨방학중앙,서울특별시도봉구도봉로689,파리바게뜨
BRD_20080200064,파리바게뜨,MA010120220803970543,삼양시장파리바게뜨,삼양시장파리바게뜨,서울특별시 강북구 삼양로 241,서울특별시강북구삼양로241,서울특별시,강북구,강북구,11305,11305,127.018034001619,37.6251189010579,소상공인시장진흥공단 상가(상권)정보,미확인,contains_nonprefix,low,3130132,삼양골목시장(삼양시장),전통시장,matched,,소상공인시장진흥공단 상가(상권)정보,2026-06-30,삼양시장파리바게뜨,서울특별시강북구삼양로241,파리바게뜨
BRD_20080200064,파리바게뜨,MA010120220803977413,파리바게뜨,파리바게뜨,서울특별시 강북구 한천로 1116,서울특별시강북구한천로1116,서울특별시,강북구,강북구,11305,11305,127.02029363187,37.6449041746479,소상공인시장진흥공단 상가(상권)정보,미확인,exact,high,3110362,우이천 계성교,골목상권,matched,,소상공인시장진흥공단 상가(상권)정보,2026-06-30,파리바게뜨,서울특별시강북구한천로1116,파리바게뜨
BRD_20170827,핫브레드 ,MA010120220803982918,핫브레드,핫브레드,서울특별시 강남구 남부순환로 2744,서울특별시강남구남부순환로2744,서울특별시,강남구,강남구,11680,11680,127.048202001324,37.4873929754408,소상공인시장진흥공단 상가(상권)정보,미확인,exact,high,3110975,매봉역 1번,골목상권,matched_nearest_300m,,소상공인시장진흥공단 상가(상권)정보,2026-06-30,핫브레드,서울특별시강남구남부순환로2744,핫브레드
BRD_20080100039,뚜레쥬르,MA010120220803985651,뚜레쥬르우이점,뚜레쥬르우이점,서울특별시 강북구 삼양로 621,서울특별시강북구삼양로621,서울특별시,강북구,강북구,11305,11305,127.01353151397,37.6582757306253,소상공인시장진흥공단 상가(상권)정보,미확인,prefix,medium,3110345,솔밭공원역 2번,골목상권,matched,,소상공인시장진흥공단 상가(상권)정보,2026-06-30,뚜레쥬르우이점,서울특별시강북구삼양로621,뚜레쥬르
BRD_20080100039,뚜레쥬르,MA010120220803989177,뚜레쥬르카페 안암역점,뚜레쥬르카페안암역점,서울특별시 성북구 고려대로24길 20,서울특별시성북구고려대로24길20,서울특별시,성북구,성북구,11290,11290,127.029199093146,37.5853830076805,소상공인시장진흥공단 상가(상권)정보,미확인,prefix,medium,3120074,안암역,발달상권,matched,,소상공인시장진흥공단 상가(상권)정보,2026-06-30,뚜레쥬르카페안암역점,서울특별시성북구고려대로24길20,뚜레쥬르
BRD_20080500016,던킨/던킨도너츠,MA010120220804003179,비알던킨도너츠구파발역 코리아,비알던킨도너츠구파발역코리아,서울특별시 은평구 진관2로 15-40,서울특별시은평구진관2로1540,서울특별시,은평구,은평구,11380,11380,126.919138804945,37.6380847876115,소상공인시장진흥공단 상가(상권)정보,미확인,contains_nonprefix,low,3120089,구파발역,발달상권,matched_nearest_300m,,소상공인시장진흥공단 상가(상권)정보,2026-06-30,비알던킨도너츠구파발역코리아,서울특별시은평구진관2로1540,던킨던킨도너츠
BRD_20210139,빵쌤(BBANGSSAEM),MA010120220804003317,빵쌤 문정점,빵쌤문정점,서울특별시 송파구 정의로8길 9,서울특별시송파구정의로8길9,서울특별시,송파구,송파구,11710,11710,127.116574055969,37.4862821079898,소상공인시장진흥공단 상가(상권)정보,미확인,exact,high,3120235,문정역,발달상권,matched,,소상공인시장진흥공단 상가(상권)정보,2026-06-30,빵쌤문정점,서울특별시송파구정의로8길9,빵쌤bbangssaem
BRD_20080500016,던킨/던킨도너츠,MA010120220804024664,던킨도너츠,던킨도너츠,서울특별시 강남구 도산대로89길 9,서울특별시강남구도산대로89길9,서울특별시,강남구,강남구,11680,11680,127.050522884694,37.5253153088488,소상공인시장진흥공단 상가(상권)정보,미확인,exact,high,3120208,청담사거리(청담동명품거리),발달상권,matched,,소상공인시장진흥공단 상가(상권)정보,2026-06-30,던킨도너츠,서울특별시강남구도산대로89길9,던킨던킨도너츠
BRD_20080200064,파리바게뜨,MA010120220804029481,파리바게뜨 압구정점,파리바게뜨압구정점,서울특별시 강남구 논현로 868,서울특별시강남구논현로868,서울특별시,강남구,강남구,11680,11680,127.028881827846,37.5260794255463,소상공인시장진흥공단 상가(상권)정보,미확인,exact,high,3120188,압구정역,발달상권,matched,,소상공인시장진흥공단 상가(상권)정보,2026-06-30,파리바게뜨압구정점,서울특별시강남구논현로868,파리바게뜨
BRD_20080200064,파리바게뜨,MA010120220804030569,파리바게뜨압구정현대점,파리바게뜨압구정현대점,서울특별시 강남구 압구정로29길 71,서울특별시강남구압구정로29길71,서울특별시,강남구,강남구,11680,11680,127.028319027209,37.5336029246409,소상공인시장진흥공단 상가(상권)정보,미확인,prefix,medium,3130304,신사상가,전통시장,matched_nearest_300m,,소상공인시장진흥공단 상가(상권)정보,2026-06-30,파리바게뜨압구정현대점,서울특별시강남구압구정로29길71,파리바게뜨
BRD_20080200064,파리바게뜨,MA010120220804051362,파리바게뜨역삼럭키점,파리바게뜨역삼럭키점,서울특별시 강남구 도곡로 181,서울특별시강남구도곡로181,서울특별시,강남구,강남구,11680,11680,127.039034424299,37.492099619868,소상공인시장진흥공단 상가(상권)정보,미확인,prefix,medium,3120201,도곡1동,발달상권,matched,,소상공인시장진흥공단 상가(상권)정보,2026-06-30,파리바게뜨역삼럭키점,서울특별시강남구도곡로181,파리바게뜨
BRD_20080500016,던킨/던킨도너츠,MA010120220804053158,던킨강남고속 터미널점,던킨강남고속터미널점,서울특별시 서초구 신반포로 194,서울특별시서초구신반포로194,서울특별시,서초구,서초구,11650,11650,127.006831199112,37.5064318700918,소상공인시장진흥공단 상가(상권)정보,영업중,prefix_short_brand_confirmed_safe,medium,3120167,고속터미널(고속터미널역),발달상권,matched,,소상공인시장진흥공단 상가(상권)정보,2026-06-30,던킨강남고속터미널점,서울특별시서초구신반포로194,던킨던킨도너츠
BRD_20080100039,뚜레쥬르,MA010120220804080000,뚜레쥬르둔촌동역점,뚜레쥬르둔촌동역점,서울특별시 강동구 양재대로 1355,서울특별시강동구양재대로1355,서울특별시,강동구,강동구,11740,11740,127.135610050517,37.5273926438685,소상공인시장진흥공단 상가(상권)정보,미확인,prefix,medium,3120245,둔촌역,발달상권,matched,,소상공인시장진흥공단 상가(상권)정보,2026-06-30,뚜레쥬르둔촌동역점,서울특별시강동구양재대로1355,뚜레쥬르
BRD_20080200064,파리바게뜨,MA010120220804087871,파리바게뜨,파리바게뜨,서울특별시 강동구 올림픽로 777,서울특별시강동구올림픽로777,서울특별시,강동구,강동구,11740,11740,127.1274134559,37.5505124105179,소상공인시장진흥공단 상가(상권)정보,미확인,exact,high,3120244,암사역,발달상권,matched,,소상공인시장진흥공단 상가(상권)정보,2026-06-30,파리바게뜨,서울특별시강동구올림픽로777,파리바게뜨
BRD_20080500016,던킨/던킨도너츠,MA010120220804089934,던킨도너츠 고덕점,던킨도너츠고덕점,서울특별시 강동구 동남로73길 17,서울특별시강동구동남로73길17,서울특별시,강동구,강동구,11740,11740,127.155075814912,37.5527498341528,소상공인시장진흥공단 상가(상권)정보,미확인,exact,high,3120249,고덕역,발달상권,matched,,소상공인시장진흥공단 상가(상권)정보,2026-06-30,던킨도너츠고덕점,서울특별시강동구동남로73길17,던킨던킨도너츠
BRD_20080100039,뚜레쥬르,MA010120220804104739,뚜레쥬르,뚜레쥬르,서울특별시 강동구 구천면로 250,서울특별시강동구구천면로250,서울특별시,강동구,강동구,11740,11740,127.131450750391,37.5425161292224,소상공인시장진흥공단 상가(상권)정보,미확인,exact,high,3130322,고분다리전통시장,전통시장,matched,,소상공인시장진흥공단 상가(상권)정보,2026-06-30,뚜레쥬르,서울특별시강동구구천면로250,뚜레쥬르
BRD_20080100039,뚜레쥬르,MA010120220804114335,뚜레쥬르길동 신명점,뚜레쥬르길동신명점,서울특별시 강동구 명일로 263-1,서울특별시강동구명일로2631,서울특별시,강동구,강동구,11740,11740,127.14734838586,37.5422811225144,소상공인시장진흥공단 상가(상권)정보,미확인,prefix,medium,3111078,굽은다리역 4번,골목상권,matched,,소상공인시장진흥공단 상가(상권)정보,2026-06-30,뚜레쥬르길동신명점,서울특별시강동구명일로2631,뚜레쥬르
BRD_20080200064,파리바게뜨,MA010120220804114895,파리바게뜨,파리바게뜨,서울특별시 강동구 진황도로 190,서울특별시강동구진황도로190,서울특별시,강동구,강동구,11740,11740,127.142989744201,37.5292580218749,소상공인시장진흥공단 상가(상권)정보,미확인,exact,high,3111079,둔촌고등학교(둔촌중학교),골목상권,matched_nearest_300m,,소상공인시장진흥공단 상가(상권)정보,2026-06-30,파리바게뜨,서울특별시강동구진황도로190,파리바게뜨
BRD_20080200064,파리바게뜨,MA010120220804172738,파리바게뜨 서초점,파리바게뜨서초점,서울특별시 서초구 효령로 223,서울특별시서초구효령로223,서울특별시,서초구,서초구,11650,11650,127.00850249668,37.4837444085232,소상공인시장진흥공단 상가(상권)정보,미확인,exact,high,3120171,서초3동사거리,발달상권,matched_nearest_300m,,소상공인시장진흥공단 상가(상권)정보,2026-06-30,파리바게뜨서초점,서울특별시서초구효령로223,파리바게뜨
BRD_20080200064,파리바게뜨,MA010120220804172808,파리바게뜨남부 터미널점,파리바게뜨남부터미널점,서울특별시 서초구 효령로 279,서울특별시서초구효령로279,서울특별시,서초구,서초구,11650,11650,127.01476653977,37.4849421330114,소상공인시장진흥공단 상가(상권)정보,미확인,prefix,medium,3120175,남부터미널역,발달상권,matched,,소상공인시장진흥공단 상가(상권)정보,2026-06-30,파리바게뜨남부터미널점,서울특별시서초구효령로279,파리바게뜨
BRD_20080500016,던킨/던킨도너츠,MA010120220804176411,던킨강남대로점,던킨강남대로점,서울특별시 서초구 강남대로 455,서울특별시서초구강남대로455,서울특별시,서초구,서초구,11650,11650,127.024541384199,37.5028615369411,소상공인시장진흥공단 상가(상권)정보,미확인,prefix_short_brand_confirmed_safe,medium,3120187,신논현역,발달상권,matched,,소상공인시장진흥공단 상가(상권)정보,2026-06-30,던킨강남대로점,서울특별시서초구강남대로455,던킨던킨도너츠
BRD_20080200064,파리바게뜨,MA010120220804182349,파리바게뜨서초중앙,파리바게뜨서초중앙,서울특별시 서초구 효령로 346,서울특별시서초구효령로346,서울특별시,서초구,서초구,11650,11650,127.022014536087,37.486328557613,소상공인시장진흥공단 상가(상권)정보,미확인,prefix,medium,3120175,남부터미널역,발달상권,matched,,소상공인시장진흥공단 상가(상권)정보,2026-06-30,파리바게뜨서초중앙,서울특별시서초구효령로346,파리바게뜨
BRD_20080200064,파리바게뜨,MA010120220804206571,파리바게뜨 전농점,파리바게뜨전농점,서울특별시 동대문구 전농로 102,서울특별시동대문구전농로102,서울특별시,동대문구,동대문구,11230,11230,127.057857235308,37.5739838779119,소상공인시장진흥공단 상가(상권)정보,미확인,exact,high,3130100,답십리시장,전통시장,matched,,소상공인시장진흥공단 상가(상권)정보,2026-06-30,파리바게뜨전농점,서울특별시동대문구전농로102,파리바게뜨
BRD_20080500016,던킨/던킨도너츠,MA010120220804211777,비알던킨도너츠양재사옥주 코리아,비알던킨도너츠양재사옥주코리아,서울특별시 서초구 남부순환로 2620,서울특별시서초구남부순환로2620,서울특별시,서초구,서초구,11650,11650,127.03732317662,37.484513686666,소상공인시장진흥공단 상가(상권)정보,미확인,contains_nonprefix,low,3120179,양재역,발달상권,matched,,소상공인시장진흥공단 상가(상권)정보,2026-06-30,비알던킨도너츠양재사옥주코리아,서울특별시서초구남부순환로2620,던킨던킨도너츠
BRD_20080200064,파리바게뜨,MA010120220804249712,파리바게뜨 삼전점,파리바게뜨삼전점,서울특별시 송파구 백제고분로 261,서울특별시송파구백제고분로261,서울특별시,송파구,송파구,11710,11710,127.095530265028,37.5027263483941,소상공인시장진흥공단 상가(상권)정보,미확인,exact,high,3120226,석촌고분역,발달상권,matched,,소상공인시장진흥공단 상가(상권)정보,2026-06-30,파리바게뜨삼전점,서울특별시송파구백제고분로261,파리바게뜨
BRD_20080200064,파리바게뜨,MA010120220804253713,파리바게뜨거여역점,파리바게뜨거여역점,서울특별시 송파구 오금로 505,서울특별시송파구오금로505,서울특별시,송파구,송파구,11710,11710,127.144843351943,37.4932156168462,소상공인시장진흥공단 상가(상권)정보,미확인,prefix,medium,3120241,거여역,발달상권,matched,,소상공인시장진흥공단 상가(상권)정보,2026-06-30,파리바게뜨거여역점,서울특별시송파구오금로505,파리바게뜨
BRD_20080200064,파리바게뜨,MA010120220804254281,파리바게뜨방이 시장점,파리바게뜨방이시장점,서울특별시 송파구 백제고분로48길 5,서울특별시송파구백제고분로48길5,서울특별시,송파구,송파구,11710,11710,127.114000884839,37.5117560530948,소상공인시장진흥공단 상가(상권)정보,미확인,prefix,medium,3130313,방이시장,전통시장,matched,,소상공인시장진흥공단 상가(상권)정보,2026-06-30,파리바게뜨방이시장점,서울특별시송파구백제고분로48길5,파리바게뜨
BRD_20080200064,파리바게뜨,MA010120220804261107,가락중앙파리바게뜨,가락중앙파리바게뜨,서울특별시 송파구 동남로 202,서울특별시송파구동남로202,서울특별시,송파구,송파구,11710,11710,127.131074099669,37.4953941112889,소상공인시장진흥공단 상가(상권)정보,미확인,contains_nonprefix,low,3120240,개롱역,발달상권,matched_nearest_300m,,소상공인시장진흥공단 상가(상권)정보,2026-06-30,가락중앙파리바게뜨,서울특별시송파구동남로202,파리바게뜨
BRD_20080200064,파리바게뜨,MA010120220804263544,파리바게뜨잠실월드비젼점,파리바게뜨잠실월드비젼점,서울특별시 송파구 백제고분로 127,서울특별시송파구백제고분로127,서울특별시,송파구,송파구,11710,11710,127.081420224004,37.5064580677609,소상공인시장진흥공단 상가(상권)정보,미확인,prefix,medium,3111004,삼전역 1번,골목상권,matched,,소상공인시장진흥공단 상가(상권)정보,2026-06-30,파리바게뜨잠실월드비젼점,서울특별시송파구백제고분로127,파리바게뜨
BRD_20080200064,파리바게뜨,MA010120220804264059,파리바게뜨잠실파크리오점,파리바게뜨잠실파크리오점,서울특별시 송파구 올림픽로 435,서울특별시송파구올림픽로435,서울특별시,송파구,송파구,11710,11710,127.104965751666,37.5213601116758,소상공인시장진흥공단 상가(상권)정보,미확인,prefix,medium,3111011,잠실나루역,골목상권,matched,,소상공인시장진흥공단 상가(상권)정보,2026-06-30,파리바게뜨잠실파크리오점,서울특별시송파구올림픽로435,파리바게뜨
BRD_20080200064,파리바게뜨,MA010120220804268098,파리바게뜨 문정동점,파리바게뜨문정동점,서울특별시 송파구 중대로 68,서울특별시송파구중대로68,서울특별시,송파구,송파구,11710,11710,127.116435261486,37.4915621478225,소상공인시장진흥공단 상가(상권)정보,미확인,exact,high,3120234,가락시장역,발달상권,matched,,소상공인시장진흥공단 상가(상권)정보,2026-06-30,파리바게뜨문정동점,서울특별시송파구중대로68,파리바게뜨
BRD_20080200064,파리바게뜨,MA010120220804268570,파리바게뜨방이1동점,파리바게뜨방이1동점,서울특별시 송파구 가락로 248,서울특별시송파구가락로248,서울특별시,송파구,송파구,11710,11710,127.11834155235,37.510075916678,소상공인시장진흥공단 상가(상권)정보,미확인,prefix,medium,3111021,방이역 4번,골목상권,matched,,소상공인시장진흥공단 상가(상권)정보,2026-06-30,파리바게뜨방이1동점,서울특별시송파구가락로248,파리바게뜨
BRD_20080100039,뚜레쥬르,MA010120220804272509,뚜레쥬르센티움점,뚜레쥬르센티움점,서울특별시 송파구 송파대로30길 16,서울특별시송파구송파대로30길16,서울특별시,송파구,송파구,11710,11710,127.119165204307,37.4945777981371,소상공인시장진흥공단 상가(상권)정보,미확인,prefix,medium,3120234,가락시장역,발달상권,matched,,소상공인시장진흥공단 상가(상권)정보,2026-06-30,뚜레쥬르센티움점,서울특별시송파구송파대로30길16,뚜레쥬르
BRD_20140778,크리스피크림,MA010120220804275667,크리스피크림강남역지하쇼핑 센터점,크리스피크림강남역지하쇼핑센터점,서울특별시 강남구 강남대로 396,서울특별시강남구강남대로396,서울특별시,강남구,강남구,11680,11680,127.028305636423,37.4981574435241,소상공인시장진흥공단 상가(상권)정보,미확인,prefix,medium,3120189,강남역,발달상권,matched,,소상공인시장진흥공단 상가(상권)정보,2026-06-30,크리스피크림강남역지하쇼핑센터점,서울특별시강남구강남대로396,크리스피크림
BRD_20080200064,파리바게뜨,MA010120220804275860,파리바게뜨오금역점,파리바게뜨오금역점,서울특별시 송파구 오금로 300,서울특별시송파구오금로300,서울특별시,송파구,송파구,11710,11710,127.125670694727,37.5033018024375,소상공인시장진흥공단 상가(상권)정보,미확인,prefix,medium,3111022,석촌중학교(방이육교),골목상권,matched,,소상공인시장진흥공단 상가(상권)정보,2026-06-30,파리바게뜨오금역점,서울특별시송파구오금로300,파리바게뜨
BRD_20080100039,뚜레쥬르,MA010120220804279869,뚜레쥬르,뚜레쥬르,서울특별시 송파구 마천로 234,서울특별시송파구마천로234,서울특별시,송파구,송파구,11710,11710,127.143555670762,37.4998666122178,소상공인시장진흥공단 상가(상권)정보,미확인,exact,high,3111042,거여역 1번(거여공원),골목상권,matched_nearest_300m,,소상공인시장진흥공단 상가(상권)정보,2026-06-30,뚜레쥬르,서울특별시송파구마천로234,뚜레쥬르
BRD_20080200064,파리바게뜨,MA010120220804314877,파리바게뜨묵동３ 거리점,파리바게뜨묵동거리점,서울특별시 중랑구 공릉로2길 3,서울특별시중랑구공릉로2길3,서울특별시,중랑구,중랑구,11260,11260,127.078058290426,37.6121833058061,소상공인시장진흥공단 상가(상권)정보,미확인,prefix,medium,3110247,먹골역 1번,골목상권,matched,,소상공인시장진흥공단 상가(상권)정보,2026-06-30,파리바게뜨묵동거리점,서울특별시중랑구공릉로2길3,파리바게뜨
BRD_20260378,빵굼터,MA010120220804323217,빵굼터,빵굼터,서울특별시 중랑구 양원역로 19,서울특별시중랑구양원역로19,서울특별시,중랑구,중랑구,11260,11260,127.107921724125,37.6022488917057,소상공인시장진흥공단 상가(상권)정보,미확인,exact,high,3110278,망우본동주민센터,골목상권,matched_nearest_300m,,소상공인시장진흥공단 상가(상권)정보,2026-06-30,빵굼터,서울특별시중랑구양원역로19,빵굼터
BRD_20080200064,파리바게뜨,MA010120220804328513,파리바게뜨목동 파라곤점,파리바게뜨목동파라곤점,서울특별시 양천구 목동서로 155,서울특별시양천구목동서로155,서울특별시,양천구,양천구,11470,11470,126.875076471087,37.5299993144468,소상공인시장진흥공단 상가(상권)정보,미확인,prefix,medium,3120114,목동신시가지,발달상권,matched,,소상공인시장진흥공단 상가(상권)정보,2026-06-30,파리바게뜨목동파라곤점,서울특별시양천구목동서로155,파리바게뜨
BRD_20260378,빵굼터,MA010120220804329285,빵굼터착한빵집,빵굼터착한빵집,서울특별시 중랑구 면목로 338,서울특별시중랑구면목로338,서울특별시,중랑구,중랑구,11260,11260,127.088804897374,37.5821727085055,소상공인시장진흥공단 상가(상권)정보,미확인,prefix_short_brand,medium_short_brand,3130112,사가정시장,전통시장,matched,,소상공인시장진흥공단 상가(상권)정보,2026-06-30,빵굼터착한빵집,서울특별시중랑구면목로338,빵굼터
BRD_20170827,핫브레드 ,MA010120220804339302,핫브레드영등포구청역점,핫브레드영등포구청역점,서울특별시 영등포구 양산로 116,서울특별시영등포구양산로116,서울특별시,영등포구,영등포구,11560,11560,126.895290424018,37.5242255262141,소상공인시장진흥공단 상가(상권)정보,미확인,prefix,medium,3120136,영등포구청역,발달상권,matched,,소상공인시장진흥공단 상가(상권)정보,2026-06-30,핫브레드영등포구청역점,서울특별시영등포구양산로116,핫브레드
BRD_20080200064,파리바게뜨,MA010120220804347802,파리바게뜨당고개점,파리바게뜨당고개점,서울특별시 노원구 덕릉로 780,서울특별시노원구덕릉로780,서울특별시,노원구,노원구,11350,11350,127.079124084874,37.6666921625299,소상공인시장진흥공단 상가(상권)정보,미확인,prefix,medium,3110437,당고개역 2번,골목상권,matched_nearest_300m,,소상공인시장진흥공단 상가(상권)정보,2026-06-30,파리바게뜨당고개점,서울특별시노원구덕릉로780,파리바게뜨
BRD_20080200064,파리바게뜨,MA010120220804352496,파리바게뜨노원 중앙점,파리바게뜨노원중앙점,서울특별시 노원구 노해로 494,서울특별시노원구노해로494,서울특별시,노원구,노원구,11350,11350,127.06304190596,37.6545386052545,소상공인시장진흥공단 상가(상권)정보,미확인,prefix,medium,3120081,노원역,발달상권,matched,,소상공인시장진흥공단 상가(상권)정보,2026-06-30,파리바게뜨노원중앙점,서울특별시노원구노해로494,파리바게뜨
BRD_20080200064,파리바게뜨,MA010120220804353749,파리바게뜨,파리바게뜨,서울특별시 노원구 석계로7길 18,서울특별시노원구석계로7길18,서울특별시,노원구,노원구,11350,11350,127.063462586621,37.6162014563771,소상공인시장진흥공단 상가(상권)정보,미확인,exact,high,3110421,석계역 1번,골목상권,matched,,소상공인시장진흥공단 상가(상권)정보,2026-06-30,파리바게뜨,서울특별시노원구석계로7길18,파리바게뜨
BRD_20080200064,파리바게뜨,MA010120220804356322,파리바게뜨중계본동,파리바게뜨중계본동,서울특별시 노원구 중계로14길 28,서울특별시노원구중계로14길28,서울특별시,노원구,노원구,11350,11350,127.082210895361,37.6496795173016,소상공인시장진흥공단 상가(상권)정보,미확인,prefix,medium,3110441,영신여고,골목상권,matched,,소상공인시장진흥공단 상가(상권)정보,2026-06-30,파리바게뜨중계본동,서울특별시노원구중계로14길28,파리바게뜨
BRD_20080100039,뚜레쥬르,MA010120220804360057,뚜레쥬르중계브라운점,뚜레쥬르중계브라운점,서울특별시 노원구 동일로203가길 29,서울특별시노원구동일로203가길29,서울특별시,노원구,노원구,11350,11350,127.064264539585,37.639923993936,소상공인시장진흥공단 상가(상권)정보,미확인,prefix,medium,3120083,등나무근린공원,발달상권,matched,,소상공인시장진흥공단 상가(상권)정보,2026-06-30,뚜레쥬르중계브라운점,서울특별시노원구동일로203가길29,뚜레쥬르
BRD_20080100039,뚜레쥬르,MA010120220804360320,뚜레쥬르공릉2동점,뚜레쥬르공릉2동점,서울특별시 노원구 공릉로38길 14,서울특별시노원구공릉로38길14,서울특별시,노원구,노원구,11350,11350,127.080221946193,37.6231018281786,소상공인시장진흥공단 상가(상권)정보,미확인,prefix,medium,3110438,경춘선숲길 우측,골목상권,matched_nearest_300m,,소상공인시장진흥공단 상가(상권)정보,2026-06-30,뚜레쥬르공릉2동점,서울특별시노원구공릉로38길14,뚜레쥬르
BRD_20080200064,파리바게뜨,MA010120220804360510,파리바게뜨창동한신,파리바게뜨창동한신,서울특별시 도봉구 도봉로110길 39-10,서울특별시도봉구도봉로110길3910,서울특별시,도봉구,도봉구,11320,11320,127.035987626933,37.6463690347835,소상공인시장진흥공단 상가(상권)정보,미확인,prefix,medium,3130147,쌍문역동측상점가,전통시장,matched,,소상공인시장진흥공단 상가(상권)정보,2026-06-30,파리바게뜨창동한신,서울특별시도봉구도봉로110길3910,파리바게뜨
BRD_20080200064,파리바게뜨,MA010120220804361895,파리바게뜨창동역 동부점,파리바게뜨창동역동부점,서울특별시 도봉구 마들로11길 73,서울특별시도봉구마들로11길73,서울특별시,도봉구,도봉구,11320,11320,127.049056934301,37.6532568449966,소상공인시장진흥공단 상가(상권)정보,미확인,prefix,medium,3130153,창동역상점가,전통시장,matched,,소상공인시장진흥공단 상가(상권)정보,2026-06-30,파리바게뜨창동역동부점,서울특별시도봉구마들로11길73,파리바게뜨
BRD_20080200064,파리바게뜨,MA010120220804363237,파리바게뜨중계 대림점,파리바게뜨중계대림점,서울특별시 노원구 덕릉로73길 12,서울특별시노원구덕릉로73길12,서울특별시,노원구,노원구,11350,11350,127.072513288558,37.6520014026611,소상공인시장진흥공단 상가(상권)정보,미확인,prefix,medium,3110426,상계2동주민센터,골목상권,matched_nearest_300m,,소상공인시장진흥공단 상가(상권)정보,2026-06-30,파리바게뜨중계대림점,서울특별시노원구덕릉로73길12,파리바게뜨
BRD_20080200064,파리바게뜨,MA010120220804363304,파리바게뜨신창초교,파리바게뜨신창초교,서울특별시 도봉구 우이천로4길 35,서울특별시도봉구우이천로4길35,서울특별시,도봉구,도봉구,11320,11320,127.041340448622,37.634104879973,소상공인시장진흥공단 상가(상권)정보,미확인,prefix,medium,3110404,신창초등학교,골목상권,matched,,소상공인시장진흥공단 상가(상권)정보,2026-06-30,파리바게뜨신창초교,서울특별시도봉구우이천로4길35,파리바게뜨
BRD_20080200064,파리바게뜨,MA010120220804363634,파리바게뜨중계두타빌점,파리바게뜨중계두타빌점,서울특별시 노원구 한글비석로 245,서울특별시노원구한글비석로245,서울특별시,노원구,노원구,11350,11350,127.076363351355,37.6492599853378,소상공인시장진흥공단 상가(상권)정보,미확인,prefix,medium,3120085,은행사거리,발달상권,matched,,소상공인시장진흥공단 상가(상권)정보,2026-06-30,파리바게뜨중계두타빌점,서울특별시노원구한글비석로245,파리바게뜨
BRD_20080500016,던킨/던킨도너츠,MA010120220804370602,던킨도너츠광운대역점,던킨도너츠광운대역점,서울특별시 노원구 석계로 98-2,서울특별시노원구석계로982,서울특별시,노원구,노원구,11350,11350,127.061769256913,37.6230318415724,소상공인시장진흥공단 상가(상권)정보,미확인,prefix,medium,3110423,석계역 2번,골목상권,matched_nearest_300m,,소상공인시장진흥공단 상가(상권)정보,2026-06-30,던킨도너츠광운대역점,서울특별시노원구석계로982,던킨던킨도너츠
BRD_20080200064,파리바게뜨,MA010120220804372233,파리바게뜨상계역점,파리바게뜨상계역점,서울특별시 노원구 한글비석로 384,서울특별시노원구한글비석로384,서울특별시,노원구,노원구,11350,11350,127.073280251037,37.6598574924422,소상공인시장진흥공단 상가(상권)정보,미확인,prefix,medium,3110431,상계역,골목상권,matched,,소상공인시장진흥공단 상가(상권)정보,2026-06-30,파리바게뜨상계역점,서울특별시노원구한글비석로384,파리바게뜨
BRD_20080200064,파리바게뜨,MA010120220804373768,파리바게뜨,파리바게뜨,서울특별시 노원구 노원로 532,서울특별시노원구노원로532,서울특별시,노원구,노원구,11350,11350,127.059820267443,37.6646132570128,소상공인시장진흥공단 상가(상권)정보,미확인,exact,high,3120080,마들역,발달상권,matched_nearest_300m,,소상공인시장진흥공단 상가(상권)정보,2026-06-30,파리바게뜨,서울특별시노원구노원로532,파리바게뜨
BRD_20080200064,파리바게뜨,MA010120220804408353,파리바게뜨롯데 캐슬점,파리바게뜨롯데캐슬점,서울특별시 금천구 벚꽃로 40,서울특별시금천구벚꽃로40,서울특별시,금천구,금천구,11545,11545,126.89284811089,37.4600536231761,소상공인시장진흥공단 상가(상권)정보,미확인,prefix,medium,3110731,금천구청역 1번 출입구,골목상권,matched_nearest_300m,,소상공인시장진흥공단 상가(상권)정보,2026-06-30,파리바게뜨롯데캐슬점,서울특별시금천구벚꽃로40,파리바게뜨
BRD_20080200064,파리바게뜨,MA010120220804418229,파리바게뜨,파리바게뜨,서울특별시 강동구 성안로 9,서울특별시강동구성안로9,서울특별시,강동구,강동구,11740,11740,127.128987500787,37.5248412180899,소상공인시장진흥공단 상가(상권)정보,미확인,exact,high,3111053,성내천어린이공원(하니사랑길),골목상권,matched,,소상공인시장진흥공단 상가(상권)정보,2026-06-30,파리바게뜨,서울특별시강동구성안로9,파리바게뜨
BRD_20080200064,파리바게뜨,MA010120220804432659,파리바게뜨신촌숲길점,파리바게뜨신촌숲길점,서울특별시 마포구 서강로 111,서울특별시마포구서강로111,서울특별시,마포구,마포구,11440,11440,126.933127993139,37.5530669926202,소상공인시장진흥공단 상가(상권)정보,미확인,prefix,medium,3110569,홍대땡땡거리,골목상권,matched,,소상공인시장진흥공단 상가(상권)정보,2026-06-30,파리바게뜨신촌숲길점,서울특별시마포구서강로111,파리바게뜨
BRD_20080200064,파리바게뜨,MA010120220804453648,파리바게뜨쌍문 신원점,파리바게뜨쌍문신원점,서울특별시 도봉구 해등로 190,서울특별시도봉구해등로190,서울특별시,도봉구,도봉구,11320,11320,127.03593665866,37.6581719247476,소상공인시장진흥공단 상가(상권)정보,미확인,prefix,medium,3110400,도봉구보건소,골목상권,matched_nearest_300m,,소상공인시장진흥공단 상가(상권)정보,2026-06-30,파리바게뜨쌍문신원점,서울특별시도봉구해등로190,파리바게뜨
BRD_20220253,곤트란쉐리에(Gontran Cherrier),MA010120220804573219,곤트란쉐리에 서초교대점,곤트란쉐리에서초교대점,서울특별시 서초구 서초대로50길 35,서울특별시서초구서초대로50길35,서울특별시,서초구,서초구,11650,11650,127.013490106834,37.4917448953046,소상공인시장진흥공단 상가(상권)정보,미확인,exact,high,3120173,교대역(법원.검찰청),발달상권,matched,,소상공인시장진흥공단 상가(상권)정보,2026-06-30,곤트란쉐리에서초교대점,서울특별시서초구서초대로50길35,곤트란쉐리에gontrancherrier
BRD_20080200064,파리바게뜨,MA010120220804653909,파리바게뜨신방화,파리바게뜨신방화,서울특별시 강서구 방화대로34길 86,서울특별시강서구방화대로34길86,서울특별시,강서구,강서구,11500,11500,126.82114953669,37.5707721665013,소상공인시장진흥공단 상가(상권)정보,미확인,prefix,medium,3110641,공항고등학교,골목상권,matched_nearest_300m,,소상공인시장진흥공단 상가(상권)정보,2026-06-30,파리바게뜨신방화,서울특별시강서구방화대로34길86,파리바게뜨
BRD_20180858,모찌모찌브레드,MA010120220804660080,모찌모찌브레드,모찌모찌브레드,서울특별시 강남구 언주로 314,서울특별시강남구언주로314,서울특별시,강남구,강남구,11680,11680,127.046477291437,37.4958991756606,소상공인시장진흥공단 상가(상권)정보,미확인,exact,high,3120206,개나리아파트,발달상권,matched,,소상공인시장진흥공단 상가(상권)정보,2026-06-30,모찌모찌브레드,서울특별시강남구언주로314,모찌모찌브레드
BRD_20080200064,파리바게뜨,MA010120220804661599,파리바게뜨카페 삼청점,파리바게뜨카페삼청점,서울특별시 종로구 창덕궁1길 42,서울특별시종로구창덕궁1길42,서울특별시,종로구,종로구,11110,11110,126.986822396789,37.5794303164282,소상공인시장진흥공단 상가(상권)정보,미확인,prefix,medium,3120007,북촌(안국역),발달상권,matched,,소상공인시장진흥공단 상가(상권)정보,2026-06-30,파리바게뜨카페삼청점,서울특별시종로구창덕궁1길42,파리바게뜨
BRD_20080200064,파리바게뜨,MA010120220804798108,파리바게뜨수유벽산점,파리바게뜨수유벽산점,서울특별시 강북구 삼양로 424,서울특별시강북구삼양로424,서울특별시,강북구,강북구,11305,11305,127.01712018341,37.6414268787951,소상공인시장진흥공단 상가(상권)정보,미확인,prefix,medium,3110357,가오리역 1번,골목상권,matched,,소상공인시장진흥공단 상가(상권)정보,2026-06-30,파리바게뜨수유벽산점,서울특별시강북구삼양로424,파리바게뜨
BRD_20212010,복호두,MA010120220804805670,복호두잠실 석촌고분역점,복호두잠실석촌고분역점,서울특별시 송파구 백제고분로 255,서울특별시송파구백제고분로255,서울특별시,송파구,송파구,11710,11710,127.094930948923,37.5027899019111,소상공인시장진흥공단 상가(상권)정보,미확인,prefix_short_brand_confirmed_safe,medium,3120226,석촌고분역,발달상권,matched,,소상공인시장진흥공단 상가(상권)정보,2026-06-30,복호두잠실석촌고분역점,서울특별시송파구백제고분로255,복호두
BRD_20080500016,던킨/던킨도너츠,MA010120220804808829,던킨상암DMC역사점,던킨상암dmc역사점,서울특별시 마포구 성암로 184,서울특별시마포구성암로184,서울특별시,마포구,마포구,11440,11440,126.899020518864,37.5768290395359,소상공인시장진흥공단 상가(상권)정보,영업중,prefix_short_brand_confirmed_safe,medium,3130183,상암동상점가,전통시장,matched_nearest_300m,,소상공인시장진흥공단 상가(상권)정보,2026-06-30,던킨상암dmc역사점,서울특별시마포구성암로184,던킨던킨도너츠
BRD_20080200064,파리바게뜨,MA010120220804821551,파리바게뜨점 역삼역,파리바게뜨점역삼역,서울특별시 강남구 논현로 509,서울특별시강남구논현로509,서울특별시,강남구,강남구,11680,11680,127.036099135927,37.5019305345367,소상공인시장진흥공단 상가(상권)정보,미확인,prefix,medium,3120197,역삼역,발달상권,matched,,소상공인시장진흥공단 상가(상권)정보,2026-06-30,파리바게뜨점역삼역,서울특별시강남구논현로509,파리바게뜨
BRD_20080200064,파리바게뜨,MA010120220804835250,파리바게뜨마장역점,파리바게뜨마장역점,서울특별시 성동구 마장로 283,서울특별시성동구마장로283,서울특별시,성동구,성동구,11200,11200,127.041438414563,37.5656475656976,소상공인시장진흥공단 상가(상권)정보,미확인,prefix,medium,3110122,마장역 2번,골목상권,matched,,소상공인시장진흥공단 상가(상권)정보,2026-06-30,파리바게뜨마장역점,서울특별시성동구마장로283,파리바게뜨
BRD_20080100039,뚜레쥬르,MA010120220804838569,뚜레쥬르카페 건대점,뚜레쥬르카페건대점,서울특별시 광진구 아차산로 237,서울특별시광진구아차산로237,서울특별시,광진구,광진구,11215,11215,127.069746130576,37.5405054066456,소상공인시장진흥공단 상가(상권)정보,미확인,prefix,medium,3120053,건대입구역(건대),발달상권,matched,,소상공인시장진흥공단 상가(상권)정보,2026-06-30,뚜레쥬르카페건대점,서울특별시광진구아차산로237,뚜레쥬르
BRD_20212010,복호두,MA010120220804839311,복호두은평 역촌점,복호두은평역촌점,서울특별시 은평구 진흥로1길 28,서울특별시은평구진흥로1길28,서울특별시,은평구,은평구,11380,11380,126.918961658277,37.602973184997,소상공인시장진흥공단 상가(상권)정보,영업중,prefix_short_brand_confirmed_safe,medium,3110468,응암역 3번,골목상권,matched,,소상공인시장진흥공단 상가(상권)정보,2026-06-30,복호두은평역촌점,서울특별시은평구진흥로1길28,복호두
BRD_20080200064,파리바게뜨,MA010120220804851378,파리바게뜨대림현대점,파리바게뜨대림현대점,서울특별시 영등포구 대림로 247,서울특별시영등포구대림로247,서울특별시,영등포구,영등포구,11560,11560,126.896259404548,37.5025302123445,소상공인시장진흥공단 상가(상권)정보,미확인,prefix,medium,3120139,대림3동사거리,발달상권,matched,,소상공인시장진흥공단 상가(상권)정보,2026-06-30,파리바게뜨대림현대점,서울특별시영등포구대림로247,파리바게뜨
BRD_20201275,호두당,MA010120220804854572,호두당,호두당,서울특별시 강남구 강남대로 616,서울특별시강남구강남대로616,서울특별시,강남구,강남구,11680,11680,127.019795133962,37.5168550291284,소상공인시장진흥공단 상가(상권)정보,미확인,exact,high,3120178,신사역,발달상권,matched,,소상공인시장진흥공단 상가(상권)정보,2026-06-30,호두당,서울특별시강남구강남대로616,호두당
BRD_20170827,핫브레드 ,MA010120220804862131,핫브레드혜화역점,핫브레드혜화역점,서울특별시 종로구 대학로 120,서울특별시종로구대학로120,서울특별시,종로구,종로구,11110,11110,127.001969910358,37.581800649182,소상공인시장진흥공단 상가(상권)정보,미확인,prefix,medium,3120012,대학로(혜화역),발달상권,matched,,소상공인시장진흥공단 상가(상권)정보,2026-06-30,핫브레드혜화역점,서울특별시종로구대학로120,핫브레드
BRD_20080500016,던킨/던킨도너츠,MA010120220804946562,비알던킨도너츠건대입구역점 코리아,비알던킨도너츠건대입구역점코리아,서울특별시 광진구 능동로 110,서울특별시광진구능동로110,서울특별시,광진구,광진구,11215,11215,127.071409591708,37.5406575824028,소상공인시장진흥공단 상가(상권)정보,미확인,contains_nonprefix,low,3120053,건대입구역(건대),발달상권,matched_nearest_300m,,소상공인시장진흥공단 상가(상권)정보,2026-06-30,비알던킨도너츠건대입구역점코리아,서울특별시광진구능동로110,던킨던킨도너츠
BRD_20080500016,던킨/던킨도너츠,MA010120220804993156,던킨이문점,던킨이문점,서울특별시 동대문구 신이문로 6,서울특별시동대문구신이문로6,서울특별시,동대문구,동대문구,11230,11230,127.062624545518,37.6028402337777,소상공인시장진흥공단 상가(상권)정보,영업중,prefix_short_brand_confirmed_safe,medium,3110221,의릉,골목상권,matched_nearest_300m,,소상공인시장진흥공단 상가(상권)정보,2026-06-30,던킨이문점,서울특별시동대문구신이문로6,던킨던킨도너츠
BRD_20251346,라미,MA010120220805012867,라미네,라미네,서울특별시 강서구 마곡중앙8로5길 63,서울특별시강서구마곡중앙8로5길63,서울특별시,강서구,강서구,11500,11500,126.838432286057,37.5666164689068,소상공인시장진흥공단 상가(상권)정보,제외,prefix_short_brand,medium_short_brand,3110648,양천향교역 7번,골목상권,matched,행안부 교차검증 결과 폐업 확인됨,소상공인시장진흥공단 상가(상권)정보,2026-06-30,라미네,서울특별시강서구마곡중앙8로5길63,라미
BRD_20080200064,파리바게뜨,MA010120220805044548,파리바게뜨서대문 구청점,파리바게뜨서대문구청점,서울특별시 서대문구 모래내로 355,서울특별시서대문구모래내로355,서울특별시,서대문구,서대문구,11410,11410,126.935559167301,37.5816389173766,소상공인시장진흥공단 상가(상권)정보,미확인,prefix,medium,3110516,정원여중,골목상권,matched_nearest_300m,,소상공인시장진흥공단 상가(상권)정보,2026-06-30,파리바게뜨서대문구청점,서울특별시서대문구모래내로355,파리바게뜨
BRD_20140306,롤링핀,MA010120220805060094,롤링핀 잠실점,롤링핀잠실점,서울특별시 송파구 올림픽로35다길 32,서울특별시송파구올림픽로35다길32,서울특별시,송파구,송파구,11710,11710,127.102061172987,37.5150015763212,소상공인시장진흥공단 상가(상권)정보,영업중,exact,high,3120227,잠실역,발달상권,matched,,소상공인시장진흥공단 상가(상권)정보,2026-06-30,롤링핀잠실점,서울특별시송파구올림픽로35다길32,롤링핀
BRD_20080200064,파리바게뜨,MA010120220805082034,파리바게뜨광흥창역점,파리바게뜨광흥창역점,서울특별시 마포구 독막로 172,서울특별시마포구독막로172,서울특별시,마포구,마포구,11440,11440,126.932771167202,37.5471472311532,소상공인시장진흥공단 상가(상권)정보,미확인,prefix,medium,3110571,신수동주민센터,골목상권,matched_nearest_300m,,소상공인시장진흥공단 상가(상권)정보,2026-06-30,파리바게뜨광흥창역점,서울특별시마포구독막로172,파리바게뜨
BRD_20080100039,뚜레쥬르,MA010120220805113336,뚜레쥬르회기역점,뚜레쥬르회기역점,서울특별시 동대문구 이문로 37,서울특별시동대문구이문로37,서울특별시,동대문구,동대문구,11230,11230,127.056036013894,37.590851353023,소상공인시장진흥공단 상가(상권)정보,미확인,prefix,medium,3130098,회기시장,전통시장,matched,,소상공인시장진흥공단 상가(상권)정보,2026-06-30,뚜레쥬르회기역점,서울특별시동대문구이문로37,뚜레쥬르
BRD_20170827,핫브레드 ,MA010120220805137491,핫브레드충정로역점,핫브레드충정로역점,서울특별시 서대문구 서소문로 17,서울특별시서대문구서소문로17,서울특별시,서대문구,서대문구,11410,11410,126.964472798677,37.5598380651683,소상공인시장진흥공단 상가(상권)정보,미확인,prefix,medium,3120097,충정로역,발달상권,matched,,소상공인시장진흥공단 상가(상권)정보,2026-06-30,핫브레드충정로역점,서울특별시서대문구서소문로17,핫브레드
BRD_20220253,곤트란쉐리에(Gontran Cherrier),MA010120220805216218,곤트란쉐리에,곤트란쉐리에,서울특별시 성동구 아차산로 97,서울특별시성동구아차산로97,서울특별시,성동구,성동구,11200,11200,127.055130535353,37.5452343716836,소상공인시장진흥공단 상가(상권)정보,제외,exact,high,3120052,성수역,발달상권,matched,행안부 교차검증 결과 폐업 확인됨,소상공인시장진흥공단 상가(상권)정보,2026-06-30,곤트란쉐리에,서울특별시성동구아차산로97,곤트란쉐리에gontrancherrier
BRD_20080200064,파리바게뜨,MA010120220805217957,파리바게뜨강동 구청점,파리바게뜨강동구청점,서울특별시 강동구 성내로 19,서울특별시강동구성내로19,서울특별시,강동구,강동구,11740,11740,127.122831114394,37.5303528995999,소상공인시장진흥공단 상가(상권)정보,미확인,prefix,medium,3120242,강동구청역,발달상권,matched,,소상공인시장진흥공단 상가(상권)정보,2026-06-30,파리바게뜨강동구청점,서울특별시강동구성내로19,파리바게뜨
BRD_20080200064,파리바게뜨,MA010120220805228515,파리바게뜨새절역점,파리바게뜨새절역점,서울특별시 은평구 증산로 389,서울특별시은평구증산로389,서울특별시,은평구,은평구,11380,11380,126.913290457548,37.591157162498,소상공인시장진흥공단 상가(상권)정보,미확인,prefix,medium,3110452,새절역 3번,골목상권,matched,,소상공인시장진흥공단 상가(상권)정보,2026-06-30,파리바게뜨새절역점,서울특별시은평구증산로389,파리바게뜨
BRD_20080100039,뚜레쥬르,MA010120220805232655,뚜레쥬르서울역,뚜레쥬르서울역,서울특별시 용산구 한강대로 405,서울특별시용산구한강대로405,서울특별시,용산구,용산구,11170,11170,126.971729524861,37.5548394905799,소상공인시장진흥공단 상가(상권)정보,미확인,prefix,medium,3120043,서울역,발달상권,matched,,소상공인시장진흥공단 상가(상권)정보,2026-06-30,뚜레쥬르서울역,서울특별시용산구한강대로405,뚜레쥬르
BRD_20080100039,뚜레쥬르,MA010120220805240409,뚜레쥬르 상계점,뚜레쥬르상계점,서울특별시 노원구 덕릉로 669,서울특별시노원구덕릉로669,서울특별시,노원구,노원구,11350,11350,127.07464908224,37.6573789345835,소상공인시장진흥공단 상가(상권)정보,미확인,exact,high,3110430,중계초등학교,골목상권,matched,,소상공인시장진흥공단 상가(상권)정보,2026-06-30,뚜레쥬르상계점,서울특별시노원구덕릉로669,뚜레쥬르
BRD_20080200064,파리바게뜨,MA010120220805242775,파리바게뜨문정현대점,파리바게뜨문정현대점,서울특별시 송파구 동남로 167,서울특별시송파구동남로167,서울특별시,송파구,송파구,11710,11710,127.128582209154,37.493018192826,소상공인시장진흥공단 상가(상권)정보,미확인,prefix,medium,3120237,경찰병원역,발달상권,matched,,소상공인시장진흥공단 상가(상권)정보,2026-06-30,파리바게뜨문정현대점,서울특별시송파구동남로167,파리바게뜨
BRD_20080200064,파리바게뜨,MA010120220805248085,파리바게뜨서대문역,파리바게뜨서대문역,서울특별시 서대문구 통일로 145,서울특별시서대문구통일로145,서울특별시,서대문구,서대문구,11410,11410,126.965012637085,37.5671633268598,소상공인시장진흥공단 상가(상권)정보,미확인,prefix,medium,3120001,서대문역,발달상권,matched,,소상공인시장진흥공단 상가(상권)정보,2026-06-30,파리바게뜨서대문역,서울특별시서대문구통일로145,파리바게뜨
BRD_20080200064,파리바게뜨,MA010120220805249579,파리바게뜨장안현대점,파리바게뜨장안현대점,서울특별시 동대문구 장안벚꽃로 107,서울특별시동대문구장안벚꽃로107,서울특별시,동대문구,동대문구,11230,11230,127.075106184925,37.5710549408357,소상공인시장진흥공단 상가(상권)정보,미확인,prefix,medium,3120067,장안동사거리,발달상권,matched_nearest_300m,,소상공인시장진흥공단 상가(상권)정보,2026-06-30,파리바게뜨장안현대점,서울특별시동대문구장안벚꽃로107,파리바게뜨
BRD_20080100039,뚜레쥬르,MA010120220805253350,뚜레쥬르상일동역점,뚜레쥬르상일동역점,서울특별시 강동구 고덕로 360,서울특별시강동구고덕로360,서울특별시,강동구,강동구,11740,11740,127.169525094233,37.556676338564,소상공인시장진흥공단 상가(상권)정보,미확인,prefix,medium,3130326,고덕 골목형상점가,전통시장,matched_nearest_300m,,소상공인시장진흥공단 상가(상권)정보,2026-06-30,뚜레쥬르상일동역점,서울특별시강동구고덕로360,뚜레쥬르
BRD_20080500016,던킨/던킨도너츠,MA010120220805263506,던킨도넛,던킨도넛,서울특별시 노원구 동일로 1541,서울특별시노원구동일로1541,서울특별시,노원구,노원구,11350,11350,127.057055613541,37.6656777839634,소상공인시장진흥공단 상가(상권)정보,미확인,prefix_short_brand_confirmed_safe,medium,3120080,마들역,발달상권,matched,,소상공인시장진흥공단 상가(상권)정보,2026-06-30,던킨도넛,서울특별시노원구동일로1541,던킨던킨도너츠
BRD_20080100039,뚜레쥬르,MA010120220805269903,뚜레쥬르양천향교역점,뚜레쥬르양천향교역점,서울특별시 강서구 강서로 463,서울특별시강서구강서로463,서울특별시,강서구,강서구,11500,11500,126.840446353644,37.5669525761717,소상공인시장진흥공단 상가(상권)정보,미확인,prefix,medium,3110648,양천향교역 7번,골목상권,matched,,소상공인시장진흥공단 상가(상권)정보,2026-06-30,뚜레쥬르양천향교역점,서울특별시강서구강서로463,뚜레쥬르
BRD_20080200064,파리바게뜨,MA010120220805298716,파리바게뜨중계역건영점,파리바게뜨중계역건영점,서울특별시 노원구 덕릉로 517,서울특별시노원구덕릉로517,서울특별시,노원구,노원구,11350,11350,127.066445983466,37.6467252150433,소상공인시장진흥공단 상가(상권)정보,미확인,prefix,medium,3120082,상계백병원,발달상권,matched_nearest_300m,,소상공인시장진흥공단 상가(상권)정보,2026-06-30,파리바게뜨중계역건영점,서울특별시노원구덕릉로517,파리바게뜨
BRD_20080200064,파리바게뜨,MA010120220805316305,파리바게뜨 독산4동점,파리바게뜨독산4동점,서울특별시 금천구 독산로75길 3,서울특별시금천구독산로75길3,서울특별시,금천구,금천구,11545,11545,126.902116443497,37.4687834520362,소상공인시장진흥공단 상가(상권)정보,미확인,exact,high,3110736,독산119안전센터,골목상권,matched,,소상공인시장진흥공단 상가(상권)정보,2026-06-30,파리바게뜨독산4동점,서울특별시금천구독산로75길3,파리바게뜨
BRD_20080100039,뚜레쥬르,MA010120220805331449,뚜레쥬르,뚜레쥬르,서울특별시 강동구 명일로 166,서울특별시강동구명일로166,서울특별시,강동구,강동구,11740,11740,127.144808449012,37.5336887286565,소상공인시장진흥공단 상가(상권)정보,미확인,exact,high,3111079,둔촌고등학교(둔촌중학교),골목상권,matched,,소상공인시장진흥공단 상가(상권)정보,2026-06-30,뚜레쥬르,서울특별시강동구명일로166,뚜레쥬르
BRD_20080200064,파리바게뜨,MA010120220805385286,파리바게뜨숙대갈월점,파리바게뜨숙대갈월점,서울특별시 용산구 두텁바위로 21,서울특별시용산구두텁바위로21,서울특별시,용산구,용산구,11170,11170,126.97443750315,37.5455958640923,소상공인시장진흥공단 상가(상권)정보,미확인,prefix,medium,3110075,숙대입구역 1번,골목상권,matched,,소상공인시장진흥공단 상가(상권)정보,2026-06-30,파리바게뜨숙대갈월점,서울특별시용산구두텁바위로21,파리바게뜨
BRD_20240478,화이트리에,MA010120220805385723,화이트리에,화이트리에,서울특별시 서초구 신반포로 219,서울특별시서초구신반포로219,서울특별시,서초구,서초구,11650,11650,127.008064098026,37.5075129984282,소상공인시장진흥공단 상가(상권)정보,미확인,exact,high,3120167,고속터미널(고속터미널역),발달상권,matched,,소상공인시장진흥공단 상가(상권)정보,2026-06-30,화이트리에,서울특별시서초구신반포로219,화이트리에
BRD_20080200064,파리바게뜨,MA010120220805402688,파리바게뜨혜화로타리점,파리바게뜨혜화로타리점,서울특별시 종로구 창경궁로 269,서울특별시종로구창경궁로269,서울특별시,종로구,종로구,11110,11110,127.000667989748,37.5853415675638,소상공인시장진흥공단 상가(상권)정보,미확인,prefix,medium,3120012,대학로(혜화역),발달상권,matched,,소상공인시장진흥공단 상가(상권)정보,2026-06-30,파리바게뜨혜화로타리점,서울특별시종로구창경궁로269,파리바게뜨
BRD_20211367,삼송빵집,MA010120220805444689,삼송빵집영등포역사점,삼송빵집영등포역사점,서울특별시 영등포구 경인로 846,서울특별시영등포구경인로846,서울특별시,영등포구,영등포구,11560,11560,126.907665657018,37.5156673130525,소상공인시장진흥공단 상가(상권)정보,미확인,prefix,medium,3130248,영등포역지하도상점가,전통시장,matched,,소상공인시장진흥공단 상가(상권)정보,2026-06-30,삼송빵집영등포역사점,서울특별시영등포구경인로846,삼송빵집
BRD_20170827,핫브레드 ,MA010120220805446079,핫브레드학동역점,핫브레드학동역점,서울특별시 강남구 학동로 208,서울특별시강남구학동로208,서울특별시,강남구,강남구,11680,11680,127.031987739046,37.5140502348422,소상공인시장진흥공단 상가(상권)정보,미확인,prefix,medium,3120191,학동역,발달상권,matched,,소상공인시장진흥공단 상가(상권)정보,2026-06-30,핫브레드학동역점,서울특별시강남구학동로208,핫브레드
BRD_20080100039,뚜레쥬르,MA010120220805455290,뚜레쥬르신촌 로터리점,뚜레쥬르신촌로터리점,서울특별시 마포구 서강로 137,서울특별시마포구서강로137,서울특별시,마포구,마포구,11440,11440,126.935593712115,37.554672139314,소상공인시장진흥공단 상가(상권)정보,미확인,prefix,medium,3120094,"신촌역(신촌역, 신촌로터리)",발달상권,matched,,소상공인시장진흥공단 상가(상권)정보,2026-06-30,뚜레쥬르신촌로터리점,서울특별시마포구서강로137,뚜레쥬르
BRD_20080200064,파리바게뜨,MA010120220805503393,파리바게뜨 상봉역점,파리바게뜨상봉역점,서울특별시 중랑구 면목로 480,서울특별시중랑구면목로480,서울특별시,중랑구,중랑구,11260,11260,127.086192936556,37.5948335867516,소상공인시장진흥공단 상가(상권)정보,미확인,exact,high,3120069,상봉역,발달상권,matched,,소상공인시장진흥공단 상가(상권)정보,2026-06-30,파리바게뜨상봉역점,서울특별시중랑구면목로480,파리바게뜨
BRD_20220529,하르당,MA010120220805685089,하르당사가정역점,하르당사가정역점,서울특별시 중랑구 면목로 319,서울특별시중랑구면목로319,서울특별시,중랑구,중랑구,11260,11260,127.088202813466,37.5804342426344,소상공인시장진흥공단 상가(상권)정보,영업중,prefix_short_brand,medium_short_brand,3120068,사가정역,발달상권,matched,,소상공인시장진흥공단 상가(상권)정보,2026-06-30,하르당사가정역점,서울특별시중랑구면목로319,하르당
BRD_20080200064,파리바게뜨,MA010120220806024213,파리바게뜨쌍문초교,파리바게뜨쌍문초교,서울특별시 도봉구 노해로41길 26,서울특별시도봉구노해로41길26,서울특별시,도봉구,도봉구,11320,11320,127.026062778694,37.6498314212484,소상공인시장진흥공단 상가(상권)정보,미확인,prefix,medium,3110387,쌍문초등학교,골목상권,matched,,소상공인시장진흥공단 상가(상권)정보,2026-06-30,파리바게뜨쌍문초교,서울특별시도봉구노해로41길26,파리바게뜨
BRD_20080100039,뚜레쥬르,MA010120220806025868,뚜레쥬르 공덕역점,뚜레쥬르공덕역점,서울특별시 마포구 백범로 178,서울특별시마포구백범로178,서울특별시,마포구,마포구,11440,11440,126.950075634029,37.5438761787329,소상공인시장진흥공단 상가(상권)정보,미확인,exact,high,3120107,공덕역(공덕오거리),발달상권,matched,,소상공인시장진흥공단 상가(상권)정보,2026-06-30,뚜레쥬르공덕역점,서울특별시마포구백범로178,뚜레쥬르
BRD_20080200064,파리바게뜨,MA010120220806029930,파리바게뜨 합정역점,파리바게뜨합정역점,서울특별시 마포구 양화로 71,서울특별시마포구양화로71,서울특별시,마포구,마포구,11440,11440,126.915905556271,37.5512900267575,소상공인시장진흥공단 상가(상권)정보,미확인,exact,high,3120101,합정역,발달상권,matched,,소상공인시장진흥공단 상가(상권)정보,2026-06-30,파리바게뜨합정역점,서울특별시마포구양화로71,파리바게뜨
BRD_20080200064,파리바게뜨,MA010120220806173781,파리바게뜨등촌그랜드점,파리바게뜨등촌그랜드점,서울특별시 강서구 공항대로41길 65,서울특별시강서구공항대로41길65,서울특별시,강서구,강서구,11500,11500,126.846118547601,37.5607972963743,소상공인시장진흥공단 상가(상권)정보,미확인,prefix,medium,3110660,등촌3동주민센터,골목상권,matched,,소상공인시장진흥공단 상가(상권)정보,2026-06-30,파리바게뜨등촌그랜드점,서울특별시강서구공항대로41길65,파리바게뜨
BRD_20220529,하르당,MA010120220806279454,하르당등촌역점,하르당등촌역점,서울특별시 양천구 공항대로 564,서울특별시양천구공항대로564,서울특별시,양천구,양천구,11470,11470,126.867870035583,37.5490926602191,소상공인시장진흥공단 상가(상권)정보,영업중,prefix_short_brand,medium_short_brand,3120112,등촌역,발달상권,matched,,소상공인시장진흥공단 상가(상권)정보,2026-06-30,하르당등촌역점,서울특별시양천구공항대로564,하르당
BRD_20080200064,파리바게뜨,MA010120220806435526,파리바게뜨장위뉴타운점,파리바게뜨장위뉴타운점,서울특별시 성북구 한천로 713,서울특별시성북구한천로713,서울특별시,성북구,성북구,11290,11290,127.052330676645,37.6191621586371,소상공인시장진흥공단 상가(상권)정보,미확인,prefix,medium,3110329,우리은행체육관,골목상권,matched_nearest_300m,,소상공인시장진흥공단 상가(상권)정보,2026-06-30,파리바게뜨장위뉴타운점,서울특별시성북구한천로713,파리바게뜨
BRD_20080200064,파리바게뜨,MA010120220806445677,파리바게뜨장안2동점,파리바게뜨장안2동점,서울특별시 동대문구 장한로32길 17,서울특별시동대문구장한로32길17,서울특별시,동대문구,동대문구,11230,11230,127.073061581507,37.5754170384057,소상공인시장진흥공단 상가(상권)정보,미확인,prefix,medium,3110232,동대부고,골목상권,matched,,소상공인시장진흥공단 상가(상권)정보,2026-06-30,파리바게뜨장안2동점,서울특별시동대문구장한로32길17,파리바게뜨
BRD_20080100039,뚜레쥬르,MA010120220806455565,뚜레쥬르사가정역점,뚜레쥬르사가정역점,서울특별시 중랑구 사가정로 398,서울특별시중랑구사가정로398,서울특별시,중랑구,중랑구,11260,11260,127.088825302891,37.5802896169044,소상공인시장진흥공단 상가(상권)정보,미확인,prefix,medium,3120068,사가정역,발달상권,matched,,소상공인시장진흥공단 상가(상권)정보,2026-06-30,뚜레쥬르사가정역점,서울특별시중랑구사가정로398,뚜레쥬르
BRD_20201275,호두당,MA010120220806490321,호두당,호두당,서울특별시 성북구 고려대로 96,서울특별시성북구고려대로96,서울특별시,성북구,성북구,11290,11290,127.030037236977,37.5861936910507,소상공인시장진흥공단 상가(상권)정보,미확인,exact,high,3120074,안암역,발달상권,matched,,소상공인시장진흥공단 상가(상권)정보,2026-06-30,호두당,서울특별시성북구고려대로96,호두당
BRD_20080200064,파리바게뜨,MA010120220806497048,파리바게뜨도원 삼성점,파리바게뜨도원삼성점,서울특별시 용산구 새창로 70,서울특별시용산구새창로70,서울특별시,용산구,용산구,11170,11170,126.954944506456,37.5386072883204,소상공인시장진흥공단 상가(상권)정보,미확인,prefix,medium,3110060,효창공원앞역 6번,골목상권,matched_nearest_300m,,소상공인시장진흥공단 상가(상권)정보,2026-06-30,파리바게뜨도원삼성점,서울특별시용산구새창로70,파리바게뜨
BRD_20080200064,파리바게뜨,MA010120220806501375,파리바게뜨당곡 사거리점,파리바게뜨당곡사거리점,서울특별시 관악구 보라매로 14,서울특별시관악구보라매로14,서울특별시,관악구,관악구,11620,11620,126.927609027546,37.490678318388,소상공인시장진흥공단 상가(상권)정보,미확인,prefix,medium,3110873,당곡중학교,골목상권,matched,,소상공인시장진흥공단 상가(상권)정보,2026-06-30,파리바게뜨당곡사거리점,서울특별시관악구보라매로14,파리바게뜨
BRD_20080200287,브레댄코(bread&co.DAILY-NEW),MA010120220806542076,브레댄코석계점,브레댄코석계점,서울특별시 노원구 화랑로 347-1,서울특별시노원구화랑로3471,서울특별시,노원구,노원구,11350,11350,127.066111973625,37.6150467368304,소상공인시장진흥공단 상가(상권)정보,미확인,prefix,medium,3110423,석계역 2번,골목상권,matched,,소상공인시장진흥공단 상가(상권)정보,2026-06-30,브레댄코석계점,서울특별시노원구화랑로3471,브레댄코breadcodailynew
BRD_20120100621,더베이크,MA010120220806548584,더베이크왕십리역점,더베이크왕십리역점,서울특별시 성동구 왕십리로 300,서울특별시성동구왕십리로300,서울특별시,성동구,성동구,11200,11200,127.036659680923,37.5612252540704,소상공인시장진흥공단 상가(상권)정보,미확인,prefix,medium,3120049,왕십리역(왕십리),발달상권,matched,,소상공인시장진흥공단 상가(상권)정보,2026-06-30,더베이크왕십리역점,서울특별시성동구왕십리로300,더베이크
BRD_20080200064,파리바게뜨,MA010120220806636756,파리바게뜨,파리바게뜨,서울특별시 서초구 신반포로 176,서울특별시서초구신반포로176,서울특별시,서초구,서초구,11650,11650,127.002408935394,37.5039362582805,소상공인시장진흥공단 상가(상권)정보,미확인,exact,high,3120167,고속터미널(고속터미널역),발달상권,matched,,소상공인시장진흥공단 상가(상권)정보,2026-06-30,파리바게뜨,서울특별시서초구신반포로176,파리바게뜨
BRD_20080200064,파리바게뜨,MA010120220806658767,응암역파리바게뜨,응암역파리바게뜨,서울특별시 은평구 진흥로 9,서울특별시은평구진흥로9,서울특별시,은평구,은평구,11380,11380,126.916575655602,37.59986310579,소상공인시장진흥공단 상가(상권)정보,미확인,contains_nonprefix,low,3110468,응암역 3번,골목상권,matched,,소상공인시장진흥공단 상가(상권)정보,2026-06-30,응암역파리바게뜨,서울특별시은평구진흥로9,파리바게뜨
BRD_20080200064,파리바게뜨,MA010120220806668649,파리바게뜨 개봉역점,파리바게뜨개봉역점,서울특별시 구로구 개봉로20길 66,서울특별시구로구개봉로20길66,서울특별시,구로구,구로구,11530,11530,126.858039856588,37.493381297726,소상공인시장진흥공단 상가(상권)정보,미확인,exact,high,3120124,개봉동 현대아파트,발달상권,matched,,소상공인시장진흥공단 상가(상권)정보,2026-06-30,파리바게뜨개봉역점,서울특별시구로구개봉로20길66,파리바게뜨
BRD_20080200064,파리바게뜨,MA010120220806691347,파리바게뜨숭실대점,파리바게뜨숭실대점,서울특별시 동작구 상도로 360,서울특별시동작구상도로360,서울특별시,동작구,동작구,11590,11590,126.953047374706,37.4965116722059,소상공인시장진흥공단 상가(상권)정보,미확인,prefix,medium,3110837,숭실대입구역 1번,골목상권,matched,,소상공인시장진흥공단 상가(상권)정보,2026-06-30,파리바게뜨숭실대점,서울특별시동작구상도로360,파리바게뜨
BRD_20080200064,파리바게뜨,MA010120220806693155,파리바게뜨신촌 2호점,파리바게뜨신촌2호점,서울특별시 서대문구 신촌로 117,서울특별시서대문구신촌로117,서울특별시,서대문구,서대문구,11410,11410,126.938953814275,37.5560344306277,소상공인시장진흥공단 상가(상권)정보,미확인,prefix,medium,3120094,"신촌역(신촌역, 신촌로터리)",발달상권,matched,,소상공인시장진흥공단 상가(상권)정보,2026-06-30,파리바게뜨신촌2호점,서울특별시서대문구신촌로117,파리바게뜨
BRD_20080200064,파리바게뜨,MA010120220806697256,파리바게뜨신림 푸르지오점,파리바게뜨신림푸르지오점,서울특별시 관악구 남부순환로 1434,서울특별시관악구남부순환로1434,서울특별시,관악구,관악구,11620,11620,126.910060368982,37.48069210346,소상공인시장진흥공단 상가(상권)정보,미확인,prefix,medium,3110856,미성초등학교,골목상권,matched,,소상공인시장진흥공단 상가(상권)정보,2026-06-30,파리바게뜨신림푸르지오점,서울특별시관악구남부순환로1434,파리바게뜨
BRD_20080200064,파리바게뜨,MA010120220806727299,파리바게뜨봉천역점,파리바게뜨봉천역점,서울특별시 관악구 남부순환로 1733,서울특별시관악구남부순환로1733,서울특별시,관악구,관악구,11620,11620,126.942756045356,37.482550525859,소상공인시장진흥공단 상가(상권)정보,미확인,prefix,medium,3130290,영림시장,전통시장,matched_nearest_300m,,소상공인시장진흥공단 상가(상권)정보,2026-06-30,파리바게뜨봉천역점,서울특별시관악구남부순환로1733,파리바게뜨
BRD_20080200064,파리바게뜨,MA010120220806729761,파리바게뜨고척2동점,파리바게뜨고척2동점,서울특별시 구로구 고척로 233,서울특별시구로구고척로233,서울특별시,구로구,구로구,11530,11530,126.858874673649,37.5064468765677,소상공인시장진흥공단 상가(상권)정보,미확인,prefix,medium,3110699,덕의초등학교,골목상권,matched,,소상공인시장진흥공단 상가(상권)정보,2026-06-30,파리바게뜨고척2동점,서울특별시구로구고척로233,파리바게뜨
BRD_20080200064,파리바게뜨,MA010120220806743040,파리바게뜨경찰병원역점,파리바게뜨경찰병원역점,서울특별시 송파구 중대로 132,서울특별시송파구중대로132,서울특별시,송파구,송파구,11710,11710,127.122749465124,37.4943218465544,소상공인시장진흥공단 상가(상권)정보,미확인,prefix,medium,3120237,경찰병원역,발달상권,matched,,소상공인시장진흥공단 상가(상권)정보,2026-06-30,파리바게뜨경찰병원역점,서울특별시송파구중대로132,파리바게뜨
BRD_20080500016,던킨/던킨도너츠,MA010120220806745024,비알던킨도너츠가재울뉴타운 코리아,비알던킨도너츠가재울뉴타운코리아,서울특별시 서대문구 가재울미래로 2,서울특별시서대문구가재울미래로2,서울특별시,서대문구,서대문구,11410,11410,126.918948489921,37.5733485456189,소상공인시장진흥공단 상가(상권)정보,미확인,contains_nonprefix,low,3110500,남가좌동현대아파트,골목상권,matched_nearest_300m,,소상공인시장진흥공단 상가(상권)정보,2026-06-30,비알던킨도너츠가재울뉴타운코리아,서울특별시서대문구가재울미래로2,던킨던킨도너츠
BRD_20080200064,파리바게뜨,MA010120220806760019,파리바게뜨천왕역점,파리바게뜨천왕역점,서울특별시 구로구 천왕로 106,서울특별시구로구천왕로106,서울특별시,구로구,구로구,11530,11530,126.838549437499,37.4860400948089,소상공인시장진흥공단 상가(상권)정보,미확인,prefix,medium,3110687,"천왕역 3번(오류2동주민센터, 서울오류남초등학교)",골목상권,matched_nearest_300m,,소상공인시장진흥공단 상가(상권)정보,2026-06-30,파리바게뜨천왕역점,서울특별시구로구천왕로106,파리바게뜨
BRD_20080100039,뚜레쥬르,MA010120220806778229,뚜레쥬르뚝섬유원지점,뚜레쥬르뚝섬유원지점,서울특별시 광진구 능동로 18,서울특별시광진구능동로18,서울특별시,광진구,광진구,11215,11215,127.067883369591,37.5326858089833,소상공인시장진흥공단 상가(상권)정보,미확인,prefix,medium,3110139,자양4동주민센터,골목상권,matched_nearest_300m,,소상공인시장진흥공단 상가(상권)정보,2026-06-30,뚜레쥬르뚝섬유원지점,서울특별시광진구능동로18,뚜레쥬르
BRD_20080100039,뚜레쥬르,MA010120220806802836,뚜레쥬르녹번역점,뚜레쥬르녹번역점,서울특별시 은평구 은평로 240,서울특별시은평구은평로240,서울특별시,은평구,은평구,11380,11380,126.934999417264,37.6004152848314,소상공인시장진흥공단 상가(상권)정보,미확인,prefix,medium,3110488,우리은행응암동지점,골목상권,matched_nearest_300m,,소상공인시장진흥공단 상가(상권)정보,2026-06-30,뚜레쥬르녹번역점,서울특별시은평구은평로240,뚜레쥬르
BRD_20080200064,파리바게뜨,MA010120220806823006,파리바게뜨을지로 3가역점,파리바게뜨을지로3가역점,서울특별시 중구 을지로 129,서울특별시중구을지로129,서울특별시,중구,중구,11140,11140,126.99265398677,37.5662672866967,소상공인시장진흥공단 상가(상권)정보,미확인,prefix,medium,3120031,을지로3가역,발달상권,matched,,소상공인시장진흥공단 상가(상권)정보,2026-06-30,파리바게뜨을지로3가역점,서울특별시중구을지로129,파리바게뜨
BRD_20080200287,브레댄코(bread&co.DAILY-NEW),MA010120220806838435,브레댄코 마포역점,브레댄코마포역점,서울특별시 마포구 마포대로 33,서울특별시마포구마포대로33,서울특별시,마포구,마포구,11440,11440,126.945925919545,37.539576583106,소상공인시장진흥공단 상가(상권)정보,미확인,exact,high,3120106,마포역,발달상권,matched,,소상공인시장진흥공단 상가(상권)정보,2026-06-30,브레댄코마포역점,서울특별시마포구마포대로33,브레댄코breadcodailynew
BRD_20220253,곤트란쉐리에(Gontran Cherrier),MA010120220806865757,곤트란쉐리에압구정현대아파트점,곤트란쉐리에압구정현대아파트점,서울특별시 강남구 압구정로29길 68,서울특별시강남구압구정로29길68,서울특별시,강남구,강남구,11680,11680,127.029189793365,37.5325395313996,소상공인시장진흥공단 상가(상권)정보,영업중,prefix,medium,3130304,신사상가,전통시장,matched_nearest_300m,,소상공인시장진흥공단 상가(상권)정보,2026-06-30,곤트란쉐리에압구정현대아파트점,서울특별시강남구압구정로29길68,곤트란쉐리에gontrancherrier
BRD_20080200064,파리바게뜨,MA010120220806882848,파리바게뜨신림 양지점,파리바게뜨신림양지점,서울특별시 관악구 남부순환로 1630,서울특별시관악구남부순환로1630,서울특별시,관악구,관악구,11620,11620,126.931753442804,37.4842475889187,소상공인시장진흥공단 상가(상권)정보,미확인,prefix,medium,3120157,신림역(신림),발달상권,matched_nearest_300m,,소상공인시장진흥공단 상가(상권)정보,2026-06-30,파리바게뜨신림양지점,서울특별시관악구남부순환로1630,파리바게뜨
BRD_20080200064,파리바게뜨,MA010120220806892808,파리바게뜨 강남구청역점,파리바게뜨강남구청역점,서울특별시 강남구 학동로 339,서울특별시강남구학동로339,서울특별시,강남구,강남구,11680,11680,127.040189928892,37.5171381714337,소상공인시장진흥공단 상가(상권)정보,미확인,exact,high,3120203,강남구청역,발달상권,matched,,소상공인시장진흥공단 상가(상권)정보,2026-06-30,파리바게뜨강남구청역점,서울특별시강남구학동로339,파리바게뜨
BRD_20080200064,파리바게뜨,MA010120220806902857,파리바게뜨올림픽승리,파리바게뜨올림픽승리,서울특별시 송파구 위례성대로 180,서울특별시송파구위례성대로180,서울특별시,송파구,송파구,11710,11710,127.130964129498,37.5101256664482,소상공인시장진흥공단 상가(상권)정보,미확인,prefix,medium,3111032,방이역 1번,골목상권,matched,,소상공인시장진흥공단 상가(상권)정보,2026-06-30,파리바게뜨올림픽승리,서울특별시송파구위례성대로180,파리바게뜨
BRD_20170827,핫브레드 ,MA010120220806905529,핫브레드논현역점,핫브레드논현역점,서울특별시 강남구 봉은사로 102,서울특별시강남구봉은사로102,서울특별시,강남구,강남구,11680,11680,127.025028277589,37.5046274056263,소상공인시장진흥공단 상가(상권)정보,미확인,prefix,medium,3120187,신논현역,발달상권,matched,,소상공인시장진흥공단 상가(상권)정보,2026-06-30,핫브레드논현역점,서울특별시강남구봉은사로102,핫브레드
BRD_20080200064,파리바게뜨,MA010120220806944758,파리바게뜨 연신내역점,파리바게뜨연신내역점,서울특별시 은평구 통일로 850,서울특별시은평구통일로850,서울특별시,은평구,은평구,11380,11380,126.921447188818,37.6193188042072,소상공인시장진흥공단 상가(상권)정보,미확인,exact,high,3130168,연서시장,전통시장,matched,,소상공인시장진흥공단 상가(상권)정보,2026-06-30,파리바게뜨연신내역점,서울특별시은평구통일로850,파리바게뜨
BRD_20080200064,파리바게뜨,MA010120220806947145,파리바게뜨방학 서부점,파리바게뜨방학서부점,서울특별시 도봉구 시루봉로 220,서울특별시도봉구시루봉로220,서울특별시,도봉구,도봉구,11320,11320,127.034513221229,37.6679119558712,소상공인시장진흥공단 상가(상권)정보,미확인,prefix,medium,3110394,방학중학교,골목상권,matched,,소상공인시장진흥공단 상가(상권)정보,2026-06-30,파리바게뜨방학서부점,서울특별시도봉구시루봉로220,파리바게뜨
BRD_20080100039,뚜레쥬르,MA010120220807018838,뚜레쥬르장안교점,뚜레쥬르장안교점,서울특별시 동대문구 사가정로 229,서울특별시동대문구사가정로229,서울특별시,동대문구,동대문구,11230,11230,127.070551796387,37.5789504620694,소상공인시장진흥공단 상가(상권)정보,미확인,prefix,medium,3110228,장안근린공원,골목상권,matched_nearest_300m,,소상공인시장진흥공단 상가(상권)정보,2026-06-30,뚜레쥬르장안교점,서울특별시동대문구사가정로229,뚜레쥬르
BRD_20080100039,뚜레쥬르,MA010120220807032690,뚜레쥬르구수동점,뚜레쥬르구수동점,서울특별시 마포구 토정로 190,서울특별시마포구토정로190,서울특별시,마포구,마포구,11440,11440,126.932026032625,37.5452456968951,소상공인시장진흥공단 상가(상권)정보,미확인,prefix,medium,3110571,신수동주민센터,골목상권,matched_nearest_300m,,소상공인시장진흥공단 상가(상권)정보,2026-06-30,뚜레쥬르구수동점,서울특별시마포구토정로190,뚜레쥬르
BRD_20080200064,파리바게뜨,MA010120220807035654,파리바게뜨신당역아크로,파리바게뜨신당역아크로,서울특별시 중구 퇴계로 447,서울특별시중구퇴계로447,서울특별시,중구,중구,11140,11140,127.021721042418,37.5660402681038,소상공인시장진흥공단 상가(상권)정보,미확인,prefix,medium,3110057,황학코아루아파트,골목상권,matched_nearest_300m,,소상공인시장진흥공단 상가(상권)정보,2026-06-30,파리바게뜨신당역아크로,서울특별시중구퇴계로447,파리바게뜨
BRD_20220253,곤트란쉐리에(Gontran Cherrier),MA010120220807047616,곤트란쉐리에 잠실점,곤트란쉐리에잠실점,서울특별시 송파구 삼전로 85,서울특별시송파구삼전로85,서울특별시,송파구,송파구,11710,11710,127.089269031795,37.5062181358085,소상공인시장진흥공단 상가(상권)정보,미확인,exact,high,3111004,삼전역 1번,골목상권,matched,,소상공인시장진흥공단 상가(상권)정보,2026-06-30,곤트란쉐리에잠실점,서울특별시송파구삼전로85,곤트란쉐리에gontrancherrier
BRD_20220529,하르당,MA010120220807053377,하르당,하르당,서울특별시 강서구 강서로 64,서울특별시강서구강서로64,서울특별시,강서구,강서구,11500,11500,126.84606149864,37.5335059904885,소상공인시장진흥공단 상가(상권)정보,영업중,exact,high,3130219,까치산시장,전통시장,matched,,소상공인시장진흥공단 상가(상권)정보,2026-06-30,하르당,서울특별시강서구강서로64,하르당
BRD_20161137,명랑시대쌀핫도그,MA010120220807059873,명랑시대쌀핫도그잠실 신천역점,명랑시대쌀핫도그잠실신천역점,서울특별시 송파구 석촌호수로 60,서울특별시송파구석촌호수로60,서울특별시,송파구,송파구,11710,11710,127.085462941167,37.5109061744786,소상공인시장진흥공단 상가(상권)정보,미확인,prefix,medium,3120225,잠실새내역(신천),발달상권,matched,,소상공인시장진흥공단 상가(상권)정보,2026-06-30,명랑시대쌀핫도그잠실신천역점,서울특별시송파구석촌호수로60,명랑시대쌀핫도그
BRD_20140306,롤링핀,MA010120220807099119,롤링핀센트럴시티점,롤링핀센트럴시티점,서울특별시 서초구 신반포로 194,서울특별시서초구신반포로194,서울특별시,서초구,서초구,11650,11650,127.006831199112,37.5064318700918,소상공인시장진흥공단 상가(상권)정보,미확인,prefix_short_brand,medium_short_brand,3120167,고속터미널(고속터미널역),발달상권,matched,,소상공인시장진흥공단 상가(상권)정보,2026-06-30,롤링핀센트럴시티점,서울특별시서초구신반포로194,롤링핀
BRD_20080100039,뚜레쥬르,MA010120220807148459,뚜레쥬르영등포도림점,뚜레쥬르영등포도림점,서울특별시 영등포구 도신로15길 38,서울특별시영등포구도신로15길38,서울특별시,영등포구,영등포구,11560,11560,126.89662441296,37.5084771646746,소상공인시장진흥공단 상가(상권)정보,미확인,prefix,medium,3110768,도림2동유수지내체육시설,골목상권,matched,,소상공인시장진흥공단 상가(상권)정보,2026-06-30,뚜레쥬르영등포도림점,서울특별시영등포구도신로15길38,뚜레쥬르
BRD_20260120,야미케이크 (YAMMY CAKE),MA010120220807204232,야미케이크,야미케이크,서울특별시 마포구 월드컵북로16길 53,서울특별시마포구월드컵북로16길53,서울특별시,마포구,마포구,11440,11440,126.91739748974,37.5632383017556,소상공인시장진흥공단 상가(상권)정보,미확인,exact,high,3110558,경성고등학교,골목상권,matched,,소상공인시장진흥공단 상가(상권)정보,2026-06-30,야미케이크,서울특별시마포구월드컵북로16길53,야미케이크yammycake
BRD_20080200064,파리바게뜨,MA010120220807281859,파리바게뜨미아풍림점,파리바게뜨미아풍림점,서울특별시 강북구 삼양로19길 69,서울특별시강북구삼양로19길69,서울특별시,강북구,강북구,11305,11305,127.018983232714,37.6160277866126,소상공인시장진흥공단 상가(상권)정보,미확인,prefix,medium,3110368,송천초등학교,골목상권,matched_nearest_300m,,소상공인시장진흥공단 상가(상권)정보,2026-06-30,파리바게뜨미아풍림점,서울특별시강북구삼양로19길69,파리바게뜨
BRD_20080100039,뚜레쥬르,MA010120220807282758,뚜레쥬르화계사점,뚜레쥬르화계사점,서울특별시 강북구 덕릉로 37,서울특별시강북구덕릉로37,서울특별시,강북구,강북구,11305,11305,127.017820987462,37.6343990919159,소상공인시장진흥공단 상가(상권)정보,미확인,prefix,medium,3110358,인수동 우편취급국,골목상권,matched_nearest_300m,,소상공인시장진흥공단 상가(상권)정보,2026-06-30,뚜레쥬르화계사점,서울특별시강북구덕릉로37,뚜레쥬르
BRD_20140306,롤링핀,MA010120220807400125,롤링핀,롤링핀,서울특별시 성북구 고려대로 73,서울특별시성북구고려대로73,서울특별시,성북구,성북구,11290,11290,127.026301345541,37.5872307243587,소상공인시장진흥공단 상가(상권)정보,영업중,exact,high,3110304,보문역 4번,골목상권,matched_nearest_300m,,소상공인시장진흥공단 상가(상권)정보,2026-06-30,롤링핀,서울특별시성북구고려대로73,롤링핀
BRD_20080200064,파리바게뜨,MA010120220807411541,파리바게뜨 무교점,파리바게뜨무교점,서울특별시 중구 남대문로9길 40,서울특별시중구남대문로9길40,서울특별시,중구,중구,11140,11140,126.980361353519,37.5671398478917,소상공인시장진흥공단 상가(상권)정보,미확인,exact,high,3001492,명동 남대문 북창동 다동 무교동 관광특구,관광특구,matched,,소상공인시장진흥공단 상가(상권)정보,2026-06-30,파리바게뜨무교점,서울특별시중구남대문로9길40,파리바게뜨
BRD_20080200064,파리바게뜨,MA010120220807470458,파리바게뜨월곡동아지점,파리바게뜨월곡동아지점,서울특별시 성북구 장월로1길 33,서울특별시성북구장월로1길33,서울특별시,성북구,성북구,11290,11290,127.046149831368,37.6068031718979,소상공인시장진흥공단 상가(상권)정보,미확인,prefix,medium,3110323,상월곡역 1번,골목상권,matched,,소상공인시장진흥공단 상가(상권)정보,2026-06-30,파리바게뜨월곡동아지점,서울특별시성북구장월로1길33,파리바게뜨
BRD_20080200064,파리바게뜨,MA010120220807494519,파리바게뜨구로 궁동점,파리바게뜨구로궁동점,서울특별시 구로구 오리로 1289,서울특별시구로구오리로1289,서울특별시,구로구,구로구,11530,11530,126.829355655489,37.4965599386072,소상공인시장진흥공단 상가(상권)정보,미확인,prefix,medium,3110684,서울공연예술고등학교,골목상권,matched_nearest_300m,,소상공인시장진흥공단 상가(상권)정보,2026-06-30,파리바게뜨구로궁동점,서울특별시구로구오리로1289,파리바게뜨
BRD_20080100039,뚜레쥬르,MA010120220807565421,뚜레쥬르마포 용강점,뚜레쥬르마포용강점,서울특별시 마포구 토정로31길 23,서울특별시마포구토정로31길23,서울특별시,마포구,마포구,11440,11440,126.941477546043,37.5416287419121,소상공인시장진흥공단 상가(상권)정보,미확인,prefix,medium,3130194,용강동 상점가,전통시장,matched,,소상공인시장진흥공단 상가(상권)정보,2026-06-30,뚜레쥬르마포용강점,서울특별시마포구토정로31길23,뚜레쥬르
BRD_20220529,하르당,MA010120220807710732,하르당중계은행 사거리점,하르당중계은행사거리점,서울특별시 노원구 한글비석로 242,서울특별시노원구한글비석로242,서울특별시,노원구,노원구,11350,11350,127.076975226941,37.64923255819,소상공인시장진흥공단 상가(상권)정보,영업중,prefix_short_brand,medium_short_brand,3120085,은행사거리,발달상권,matched,,소상공인시장진흥공단 상가(상권)정보,2026-06-30,하르당중계은행사거리점,서울특별시노원구한글비석로242,하르당
BRD_20080200064,파리바게뜨,MA010120220807719485,파리바게뜨뚝섬역점,파리바게뜨뚝섬역점,서울특별시 성동구 상원길 39,서울특별시성동구상원길39,서울특별시,성동구,성동구,11200,11200,127.048399127271,37.5475348698791,소상공인시장진흥공단 상가(상권)정보,미확인,prefix,medium,3120051,뚝섬역,발달상권,matched,,소상공인시장진흥공단 상가(상권)정보,2026-06-30,파리바게뜨뚝섬역점,서울특별시성동구상원길39,파리바게뜨
BRD_20080100039,뚜레쥬르,MA010120220807803427,뚜레쥬르카페 역삼점,뚜레쥬르카페역삼점,서울특별시 강남구 테헤란로8길 21,서울특별시강남구테헤란로8길21,서울특별시,강남구,강남구,11680,11680,127.032003333399,37.4975888656279,소상공인시장진흥공단 상가(상권)정보,미확인,prefix,medium,3120197,역삼역,발달상권,matched,,소상공인시장진흥공단 상가(상권)정보,2026-06-30,뚜레쥬르카페역삼점,서울특별시강남구테헤란로8길21,뚜레쥬르
BRD_20080200064,파리바게뜨,MA010120220807820606,파리바게뜨면목동부,파리바게뜨면목동부,서울특별시 중랑구 동일로101길 49,서울특별시중랑구동일로101길49,서울특별시,중랑구,중랑구,11260,11260,127.077116717356,37.5887671805975,소상공인시장진흥공단 상가(상권)정보,미확인,prefix,medium,3110243,중랑노인종합복지관,골목상권,matched,,소상공인시장진흥공단 상가(상권)정보,2026-06-30,파리바게뜨면목동부,서울특별시중랑구동일로101길49,파리바게뜨
BRD_20080100039,뚜레쥬르,MA010120220807981000,뚜레쥬르 마포역점,뚜레쥬르마포역점,서울특별시 마포구 삼개로 16,서울특별시마포구삼개로16,서울특별시,마포구,마포구,11440,11440,126.947272599459,37.5392888720826,소상공인시장진흥공단 상가(상권)정보,미확인,exact,high,3130195,도화동 상점가,전통시장,matched,,소상공인시장진흥공단 상가(상권)정보,2026-06-30,뚜레쥬르마포역점,서울특별시마포구삼개로16,뚜레쥬르
BRD_20080100039,뚜레쥬르,MA010120220808005814,뚜레쥬르가재울점,뚜레쥬르가재울점,서울특별시 서대문구 가재울미래로 2,서울특별시서대문구가재울미래로2,서울특별시,서대문구,서대문구,11410,11410,126.917905869953,37.5744200087413,소상공인시장진흥공단 상가(상권)정보,미확인,prefix,medium,3110500,남가좌동현대아파트,골목상권,matched_nearest_300m,,소상공인시장진흥공단 상가(상권)정보,2026-06-30,뚜레쥬르가재울점,서울특별시서대문구가재울미래로2,뚜레쥬르
BRD_20080200064,파리바게뜨,MA010120220808021254,파리바게뜨역삼뉴 스타점,파리바게뜨역삼뉴스타점,서울특별시 강남구 논현로 340,서울특별시강남구논현로340,서울특별시,강남구,강남구,11680,11680,127.039635673872,37.4957665181609,소상공인시장진흥공단 상가(상권)정보,미확인,prefix,medium,3120198,구역삼세무서,발달상권,matched,,소상공인시장진흥공단 상가(상권)정보,2026-06-30,파리바게뜨역삼뉴스타점,서울특별시강남구논현로340,파리바게뜨
BRD_20080200064,파리바게뜨,MA010120220808023175,파리바게뜨수서점,파리바게뜨수서점,서울특별시 강남구 광평로51길 8,서울특별시강남구광평로51길8,서울특별시,강남구,강남구,11680,11680,127.102488521688,37.488367483961,소상공인시장진흥공단 상가(상권)정보,미확인,prefix,medium,3120224,수서역,발달상권,matched,,소상공인시장진흥공단 상가(상권)정보,2026-06-30,파리바게뜨수서점,서울특별시강남구광평로51길8,파리바게뜨
BRD_20140306,롤링핀,MA010120220808059691,롤링핀고속 터미널점,롤링핀고속터미널점,서울특별시 서초구 신반포로 194,서울특별시서초구신반포로194,서울특별시,서초구,서초구,11650,11650,127.006831199112,37.5064318700918,소상공인시장진흥공단 상가(상권)정보,미확인,prefix_short_brand,medium_short_brand,3120167,고속터미널(고속터미널역),발달상권,matched,,소상공인시장진흥공단 상가(상권)정보,2026-06-30,롤링핀고속터미널점,서울특별시서초구신반포로194,롤링핀
BRD_20080200064,파리바게뜨,MA010120220808108225,파리바게뜨대림역점,파리바게뜨대림역점,서울특별시 영등포구 도림로 153,서울특별시영등포구도림로153,서울특별시,영등포구,영등포구,11560,11560,126.898577682029,37.494270000456,소상공인시장진흥공단 상가(상권)정보,미확인,prefix,medium,3120142,대림역,발달상권,matched,,소상공인시장진흥공단 상가(상권)정보,2026-06-30,파리바게뜨대림역점,서울특별시영등포구도림로153,파리바게뜨
BRD_20080200064,파리바게뜨,MA010120220808120569,파리바게뜨창동 제일점,파리바게뜨창동제일점,서울특별시 도봉구 해등로 145,서울특별시도봉구해등로145,서울특별시,도봉구,도봉구,11320,11320,127.040174161298,37.6563055249421,소상공인시장진흥공단 상가(상권)정보,미확인,prefix,medium,3110401,도봉구민회관,골목상권,matched,,소상공인시장진흥공단 상가(상권)정보,2026-06-30,파리바게뜨창동제일점,서울특별시도봉구해등로145,파리바게뜨
BRD_20080200287,브레댄코(bread&co.DAILY-NEW),MA010120220808141649,브레댄코신도림역점,브레댄코신도림역점,서울특별시 구로구 새말로 117-21,서울특별시구로구새말로11721,서울특별시,구로구,구로구,11530,11530,126.891081972635,37.5087695156323,소상공인시장진흥공단 상가(상권)정보,미확인,prefix,medium,3120128,신도림역,발달상권,matched,,소상공인시장진흥공단 상가(상권)정보,2026-06-30,브레댄코신도림역점,서울특별시구로구새말로11721,브레댄코breadcodailynew
BRD_20080200064,파리바게뜨,MA010120220808190416,파리바게뜨,파리바게뜨,서울특별시 은평구 서오릉로 200,서울특별시은평구서오릉로200,서울특별시,은평구,은평구,11380,11380,126.911610299126,37.61401403652,소상공인시장진흥공단 상가(상권)정보,미확인,exact,high,3110460,구산역 4번,골목상권,matched_nearest_300m,,소상공인시장진흥공단 상가(상권)정보,2026-06-30,파리바게뜨,서울특별시은평구서오릉로200,파리바게뜨
BRD_20080200064,파리바게뜨,MA010120220808234522,파리바게뜨 구로디지털점,파리바게뜨구로디지털점,서울특별시 구로구 디지털로 285,서울특별시구로구디지털로285,서울특별시,구로구,구로구,11530,11530,126.894509213817,37.484490507872,소상공인시장진흥공단 상가(상권)정보,미확인,exact,high,3120129,구로디지털단지,발달상권,matched,,소상공인시장진흥공단 상가(상권)정보,2026-06-30,파리바게뜨구로디지털점,서울특별시구로구디지털로285,파리바게뜨
BRD_20080100039,뚜레쥬르,MA010120220808295839,뚜레쥬르신림역점,뚜레쥬르신림역점,서울특별시 관악구 신림로 312,서울특별시관악구신림로312,서울특별시,관악구,관악구,11620,11620,126.930149829424,37.4821833422429,소상공인시장진흥공단 상가(상권)정보,미확인,prefix,medium,3120157,신림역(신림),발달상권,matched,,소상공인시장진흥공단 상가(상권)정보,2026-06-30,뚜레쥬르신림역점,서울특별시관악구신림로312,뚜레쥬르
BRD_20080200064,파리바게뜨,MA010120220808339734,파리바게뜨,파리바게뜨,서울특별시 용산구 효창원로 149,서울특별시용산구효창원로149,서울특별시,용산구,용산구,11170,11170,126.961856437122,37.5413667830407,소상공인시장진흥공단 상가(상권)정보,미확인,exact,high,3110061,효창동주민센터,골목상권,matched,,소상공인시장진흥공단 상가(상권)정보,2026-06-30,파리바게뜨,서울특별시용산구효창원로149,파리바게뜨
BRD_20080200064,파리바게뜨,MA010120220808340830,파리바게뜨 서울대점,파리바게뜨서울대점,서울특별시 관악구 남부순환로218길 1,서울특별시관악구남부순환로218길1,서울특별시,관악구,관악구,11620,11620,126.950637598499,37.4809683060182,소상공인시장진흥공단 상가(상권)정보,미확인,exact,high,3120159,서울대입구역,발달상권,matched,,소상공인시장진흥공단 상가(상권)정보,2026-06-30,파리바게뜨서울대점,서울특별시관악구남부순환로218길1,파리바게뜨
BRD_20080200064,파리바게뜨,MA010120220808368396,파리바게뜨 남산점,파리바게뜨남산점,서울특별시 중구 다산로 32,서울특별시중구다산로32,서울특별시,중구,중구,11140,11140,127.005680674067,37.547166232633,소상공인시장진흥공단 상가(상권)정보,미확인,exact,high,3110046,버티고개,골목상권,matched_nearest_300m,,소상공인시장진흥공단 상가(상권)정보,2026-06-30,파리바게뜨남산점,서울특별시중구다산로32,파리바게뜨
BRD_20080200064,파리바게뜨,MA010120220808409532,파리바게뜨양재하나로점,파리바게뜨양재하나로점,서울특별시 서초구 청계산로 10,서울특별시서초구청계산로10,서울특별시,서초구,서초구,11650,11650,127.043529475902,37.4632297056669,소상공인시장진흥공단 상가(상권)정보,미확인,prefix,medium,3120182,"양재시민의숲역(양재동꽃시장, aT센터)",발달상권,matched_nearest_300m,,소상공인시장진흥공단 상가(상권)정보,2026-06-30,파리바게뜨양재하나로점,서울특별시서초구청계산로10,파리바게뜨
BRD_20080100039,뚜레쥬르,MA010120220808417403,뚜레쥬르송파황실점,뚜레쥬르송파황실점,서울특별시 송파구 백제고분로 204,서울특별시송파구백제고분로204,서울특별시,송파구,송파구,11710,11710,127.089243473295,37.5037494012064,소상공인시장진흥공단 상가(상권)정보,미확인,prefix,medium,3111005,삼전역 3번,골목상권,matched,,소상공인시장진흥공단 상가(상권)정보,2026-06-30,뚜레쥬르송파황실점,서울특별시송파구백제고분로204,뚜레쥬르
BRD_20080500016,던킨/던킨도너츠,MA010120220808457658,던킨금천 독산점,던킨금천독산점,서울특별시 금천구 독산로 203,서울특별시금천구독산로203,서울특별시,금천구,금천구,11545,11545,126.90229090886,37.4650173711055,소상공인시장진흥공단 상가(상권)정보,영업중,prefix_short_brand_confirmed_safe,medium,3110741,독산2동주민센터,골목상권,matched,,소상공인시장진흥공단 상가(상권)정보,2026-06-30,던킨금천독산점,서울특별시금천구독산로203,던킨던킨도너츠
BRD_20220253,곤트란쉐리에(Gontran Cherrier),MA010120220808457697,곤트란쉐리에동부 이촌점,곤트란쉐리에동부이촌점,서울특별시 용산구 이촌로64길 26,서울특별시용산구이촌로64길26,서울특별시,용산구,용산구,11170,11170,126.969910196343,37.5198441860963,소상공인시장진흥공단 상가(상권)정보,미확인,prefix,medium,3110071,한강미주맨션아파트,골목상권,matched,,소상공인시장진흥공단 상가(상권)정보,2026-06-30,곤트란쉐리에동부이촌점,서울특별시용산구이촌로64길26,곤트란쉐리에gontrancherrier
BRD_20080200064,파리바게뜨,MA010120220808457723,파리바게뜨자양현대점,파리바게뜨자양현대점,서울특별시 광진구 뚝섬로 558,서울특별시광진구뚝섬로558,서울특별시,광진구,광진구,11215,11215,127.071844604268,37.534116056919,소상공인시장진흥공단 상가(상권)정보,미확인,prefix,medium,3110146,신자초등학교,골목상권,matched_nearest_300m,,소상공인시장진흥공단 상가(상권)정보,2026-06-30,파리바게뜨자양현대점,서울특별시광진구뚝섬로558,파리바게뜨
BRD_20080100039,뚜레쥬르,MA010120220808476371,뚜레쥬르,뚜레쥬르,서울특별시 광진구 광나루로56길 29,서울특별시광진구광나루로56길29,서울특별시,광진구,광진구,11215,11215,127.096535659546,37.5369636358513,소상공인시장진흥공단 상가(상권)정보,미확인,exact,high,3120060,강변역(테크노마트),발달상권,matched_nearest_300m,,소상공인시장진흥공단 상가(상권)정보,2026-06-30,뚜레쥬르,서울특별시광진구광나루로56길29,뚜레쥬르
BRD_20080200064,파리바게뜨,MA010120220808548684,파리바게뜨헬리오시티책박물관점,파리바게뜨헬리오시티책박물관점,서울특별시 송파구 송파대로 345,서울특별시송파구송파대로345,서울특별시,송파구,송파구,11710,11710,127.102535079859,37.4976117735384,소상공인시장진흥공단 상가(상권)정보,영업중,prefix,medium,3111009,송파책박물관,골목상권,matched_nearest_300m,,소상공인시장진흥공단 상가(상권)정보,2026-06-30,파리바게뜨헬리오시티책박물관점,서울특별시송파구송파대로345,파리바게뜨
BRD_20080200064,파리바게뜨,MA010120220808566618,파리바게뜨길동역점,파리바게뜨길동역점,서울특별시 강동구 양재대로 1482,서울특별시강동구양재대로1482,서울특별시,강동구,강동구,11740,11740,127.140336035384,37.5379288277603,소상공인시장진흥공단 상가(상권)정보,미확인,prefix,medium,3120246,길동역,발달상권,matched,,소상공인시장진흥공단 상가(상권)정보,2026-06-30,파리바게뜨길동역점,서울특별시강동구양재대로1482,파리바게뜨
BRD_20080100039,뚜레쥬르,MA010120220808629915,뚜레쥬르도봉한신점,뚜레쥬르도봉한신점,서울특별시 도봉구 도봉로180나길 34,서울특별시도봉구도봉로180나길34,서울특별시,도봉구,도봉구,11320,11320,127.049564507187,37.6837728339767,소상공인시장진흥공단 상가(상권)정보,미확인,prefix,medium,3110413,누원고등학교,골목상권,matched,,소상공인시장진흥공단 상가(상권)정보,2026-06-30,뚜레쥬르도봉한신점,서울특별시도봉구도봉로180나길34,뚜레쥬르
BRD_20140288,스트릿츄러스,MA010120220808659753,스트릿츄러스광운대학교점,스트릿츄러스광운대학교점,서울특별시 노원구 광운로 21,서울특별시노원구광운로21,서울특별시,노원구,노원구,11350,11350,127.057484959534,37.6198174813638,소상공인시장진흥공단 상가(상권)정보,미확인,prefix,medium,3110418,광운대학교 남단,골목상권,matched_nearest_300m,,소상공인시장진흥공단 상가(상권)정보,2026-06-30,스트릿츄러스광운대학교점,서울특별시노원구광운로21,스트릿츄러스
BRD_20080100039,뚜레쥬르,MA010120220808676098,뚜레쥬르은평 구청점,뚜레쥬르은평구청점,서울특별시 은평구 은평로 197,서울특별시은평구은평로197,서울특별시,은평구,은평구,11380,11380,126.929517379573,37.6016374854083,소상공인시장진흥공단 상가(상권)정보,미확인,prefix,medium,3110486,은평구청,골목상권,matched,,소상공인시장진흥공단 상가(상권)정보,2026-06-30,뚜레쥬르은평구청점,서울특별시은평구은평로197,뚜레쥬르
BRD_20170827,핫브레드 ,MA010120220808682553,핫브레드가락시장역 2호점,핫브레드가락시장역2호점,서울특별시 송파구 송파대로 257,서울특별시송파구송파대로257,서울특별시,송파구,송파구,11710,11710,127.118483813461,37.4927404300383,소상공인시장진흥공단 상가(상권)정보,미확인,prefix,medium,3120231,가락시장,발달상권,matched,,소상공인시장진흥공단 상가(상권)정보,2026-06-30,핫브레드가락시장역2호점,서울특별시송파구송파대로257,핫브레드
BRD_20080200064,파리바게뜨,MA010120220808720498,파리바게뜨신분당선 강남역점,파리바게뜨신분당선강남역점,서울특별시 강남구 강남대로 396,서울특별시강남구강남대로396,서울특별시,강남구,강남구,11680,11680,127.028305636423,37.4981574435241,소상공인시장진흥공단 상가(상권)정보,미확인,prefix,medium,3120189,강남역,발달상권,matched,,소상공인시장진흥공단 상가(상권)정보,2026-06-30,파리바게뜨신분당선강남역점,서울특별시강남구강남대로396,파리바게뜨
BRD_20220121,와플샵,MA010120220808784233,와플샵,와플샵,서울특별시 관악구 남부순환로248길 7,서울특별시관악구남부순환로248길7,서울특별시,관악구,관악구,11620,11620,126.965790199765,37.4756216690279,소상공인시장진흥공단 상가(상권)정보,제외,exact,high,3130295,인헌시장(원당종합시장),전통시장,matched_nearest_300m,행안부 교차검증 결과 폐업 확인됨,소상공인시장진흥공단 상가(상권)정보,2026-06-30,와플샵,서울특별시관악구남부순환로248길7,와플샵
BRD_20080200064,파리바게뜨,MA010120220808818262,파리바게뜨마곡역점,파리바게뜨마곡역점,서울특별시 강서구 마곡중앙6로 21,서울특별시강서구마곡중앙6로21,서울특별시,강서구,강서구,11500,11500,126.82961663774,37.5608286951995,소상공인시장진흥공단 상가(상권)정보,미확인,prefix,medium,3120118,마곡역(마곡),발달상권,matched,,소상공인시장진흥공단 상가(상권)정보,2026-06-30,파리바게뜨마곡역점,서울특별시강서구마곡중앙6로21,파리바게뜨
BRD_20080200064,파리바게뜨,MA010120220808819315,파리바게뜨가양역점,파리바게뜨가양역점,서울특별시 강서구 양천로 500,서울특별시강서구양천로500,서울특별시,강서구,강서구,11500,11500,126.855535734937,37.5605388958308,소상공인시장진흥공단 상가(상권)정보,미확인,prefix,medium,3110667,가양역 10번,골목상권,matched_nearest_300m,,소상공인시장진흥공단 상가(상권)정보,2026-06-30,파리바게뜨가양역점,서울특별시강서구양천로500,파리바게뜨
BRD_20080200064,파리바게뜨,MA010120220808998010,파리바게뜨문래SK점,파리바게뜨문래sk점,서울특별시 영등포구 선유로9길 10,서울특별시영등포구선유로9길10,서울특별시,영등포구,영등포구,11560,11560,126.88715492107,37.5178659660267,소상공인시장진흥공단 상가(상권)정보,미확인,prefix,medium,3110759,문래예술촌(문래창작촌),골목상권,matched_nearest_300m,,소상공인시장진흥공단 상가(상권)정보,2026-06-30,파리바게뜨문래sk점,서울특별시영등포구선유로9길10,파리바게뜨
BRD_20080200064,파리바게뜨,MA010120220809206799,파리바게뜨개봉푸르뫼점,파리바게뜨개봉푸르뫼점,서울특별시 구로구 고척로 101,서울특별시구로구고척로101,서울특별시,구로구,구로구,11530,11530,126.845256868253,37.5012850856322,소상공인시장진흥공단 상가(상권)정보,미확인,prefix,medium,3110691,개봉중학교,골목상권,matched,,소상공인시장진흥공단 상가(상권)정보,2026-06-30,파리바게뜨개봉푸르뫼점,서울특별시구로구고척로101,파리바게뜨
BRD_20080200064,파리바게뜨,MA010120220809233529,파리바게뜨하계미성,파리바게뜨하계미성,서울특별시 노원구 공릉로59길 18,서울특별시노원구공릉로59길18,서울특별시,노원구,노원구,11350,11350,127.070954580073,37.633541186199,소상공인시장진흥공단 상가(상권)정보,미확인,prefix,medium,3110427,노원 을지대학교병원,골목상권,matched,,소상공인시장진흥공단 상가(상권)정보,2026-06-30,파리바게뜨하계미성,서울특별시노원구공릉로59길18,파리바게뜨
BRD_20080200064,파리바게뜨,MA010120220809362900,파리바게뜨화곡본동점,파리바게뜨화곡본동점,서울특별시 강서구 화곡로 206,서울특별시강서구화곡로206,서울특별시,강서구,강서구,11500,11500,126.843630324271,37.543702109054,소상공인시장진흥공단 상가(상권)정보,미확인,prefix,medium,3130217,화곡본동시장,전통시장,matched,,소상공인시장진흥공단 상가(상권)정보,2026-06-30,파리바게뜨화곡본동점,서울특별시강서구화곡로206,파리바게뜨
BRD_20170827,핫브레드 ,MA010120220809586155,에이치비푸드핫브레드 성수역점,에이치비푸드핫브레드성수역점,서울특별시 성동구 아차산로 100,서울특별시성동구아차산로100,서울특별시,성동구,성동구,11200,11200,127.056091830386,37.5445041096513,소상공인시장진흥공단 상가(상권)정보,미확인,contains_nonprefix,low,3120052,성수역,발달상권,matched,,소상공인시장진흥공단 상가(상권)정보,2026-06-30,에이치비푸드핫브레드성수역점,서울특별시성동구아차산로100,핫브레드
BRD_20080100039,뚜레쥬르,MA010120220809593562,뚜레쥬르수락산역점,뚜레쥬르수락산역점,서울특별시 노원구 동일로 1700,서울특별시노원구동일로1700,서울특별시,노원구,노원구,11350,11350,127.055819733374,37.6801841460987,소상공인시장진흥공단 상가(상권)정보,미확인,prefix,medium,3110419,수락산디자인거리,골목상권,matched,,소상공인시장진흥공단 상가(상권)정보,2026-06-30,뚜레쥬르수락산역점,서울특별시노원구동일로1700,뚜레쥬르
BRD_20080200064,파리바게뜨,MA010120220809613138,파리바게뜨도봉1동점,파리바게뜨도봉1동점,서울특별시 도봉구 도봉로 767,서울특별시도봉구도봉로767,서울특별시,도봉구,도봉구,11320,11320,127.043867045621,37.6729273064985,소상공인시장진흥공단 상가(상권)정보,미확인,prefix,medium,3110407,도봉역 2번,골목상권,matched,,소상공인시장진흥공단 상가(상권)정보,2026-06-30,파리바게뜨도봉1동점,서울특별시도봉구도봉로767,파리바게뜨
BRD_20080200064,파리바게뜨,MA010120220809649360,파리바게뜨구청점 동대문,파리바게뜨구청점동대문,서울특별시 동대문구 고산자로 410,서울특별시동대문구고산자로410,서울특별시,동대문구,동대문구,11230,11230,127.038772666188,37.57627120488,소상공인시장진흥공단 상가(상권)정보,미확인,prefix,medium,3110195,동대문구청,골목상권,matched,,소상공인시장진흥공단 상가(상권)정보,2026-06-30,파리바게뜨구청점동대문,서울특별시동대문구고산자로410,파리바게뜨
BRD_20080100039,뚜레쥬르,MA010120220809716570,뚜레쥬르 신정네거리점,뚜레쥬르신정네거리점,서울특별시 양천구 중앙로43길 14,서울특별시양천구중앙로43길14,서울특별시,양천구,양천구,11470,11470,126.851337167736,37.5204212018935,소상공인시장진흥공단 상가(상권)정보,미확인,exact,high,3120108,신정네거리역,발달상권,matched_nearest_300m,,소상공인시장진흥공단 상가(상권)정보,2026-06-30,뚜레쥬르신정네거리점,서울특별시양천구중앙로43길14,뚜레쥬르
BRD_20080200064,파리바게뜨,MA010120220809785260,파리바게뜨강남구청 센터점,파리바게뜨강남구청센터점,서울특별시 강남구 선릉로 659,서울특별시강남구선릉로659,서울특별시,강남구,강남구,11680,11680,127.041648176824,37.5154437795267,소상공인시장진흥공단 상가(상권)정보,미확인,prefix,medium,3120203,강남구청역,발달상권,matched,,소상공인시장진흥공단 상가(상권)정보,2026-06-30,파리바게뜨강남구청센터점,서울특별시강남구선릉로659,파리바게뜨
BRD_20080200064,파리바게뜨,MA010120220809845614,파리바게뜨강서블루나인점,파리바게뜨강서블루나인점,서울특별시 강서구 양천로 583,서울특별시강서구양천로583,서울특별시,강서구,강서구,11500,11500,126.864347419079,37.5571165522596,소상공인시장진흥공단 상가(상권)정보,미확인,prefix,medium,3110671,등촌1동주민센터,골목상권,matched_nearest_300m,,소상공인시장진흥공단 상가(상권)정보,2026-06-30,파리바게뜨강서블루나인점,서울특별시강서구양천로583,파리바게뜨
BRD_20080100039,뚜레쥬르,MA010120220809881769,뚜레쥬르창동대우점,뚜레쥬르창동대우점,서울특별시 도봉구 덕릉로63가길 60,서울특별시도봉구덕릉로63가길60,서울특별시,도봉구,도봉구,11320,11320,127.037470310241,37.6429988932516,소상공인시장진흥공단 상가(상권)정보,미확인,prefix,medium,3110399,창2동주민센터,골목상권,matched,,소상공인시장진흥공단 상가(상권)정보,2026-06-30,뚜레쥬르창동대우점,서울특별시도봉구덕릉로63가길60,뚜레쥬르
BRD_20180858,모찌모찌브레드,MA010120220809887999,모찌모찌브레드,모찌모찌브레드,서울특별시 성동구 한림말3길 14,서울특별시성동구한림말3길14,서울특별시,성동구,성동구,11200,11200,127.016033867723,37.5423899845626,소상공인시장진흥공단 상가(상권)정보,미확인,exact,high,3110102,옥수역 6번,골목상권,matched,,소상공인시장진흥공단 상가(상권)정보,2026-06-30,모찌모찌브레드,서울특별시성동구한림말3길14,모찌모찌브레드
BRD_20080100039,뚜레쥬르,MA010120220809900227,뚜레쥬르독립문,뚜레쥬르독립문,서울특별시 서대문구 통일로 191,서울특별시서대문구통일로191,서울특별시,서대문구,서대문구,11410,11410,126.96176240023,37.5703968929402,소상공인시장진흥공단 상가(상권)정보,미확인,prefix,medium,3130182,영천시장,전통시장,matched,,소상공인시장진흥공단 상가(상권)정보,2026-06-30,뚜레쥬르독립문,서울특별시서대문구통일로191,뚜레쥬르
BRD_20212010,복호두,MA010120220809914640,복호두마곡역점,복호두마곡역점,서울특별시 강서구 공항대로 190,서울특별시강서구공항대로190,서울특별시,강서구,강서구,11500,11500,126.828636069523,37.5590342941861,소상공인시장진흥공단 상가(상권)정보,영업중,prefix_short_brand_confirmed_safe,medium,3120118,마곡역(마곡),발달상권,matched,,소상공인시장진흥공단 상가(상권)정보,2026-06-30,복호두마곡역점,서울특별시강서구공항대로190,복호두
BRD_20080200064,파리바게뜨,MA010120220809936206,이수태평파리바게뜨,이수태평파리바게뜨,서울특별시 동작구 동작대로27가길 6,서울특별시동작구동작대로27가길6,서울특별시,동작구,동작구,11590,11590,126.980970238765,37.4873021648446,소상공인시장진흥공단 상가(상권)정보,미확인,contains_nonprefix,low,3120156,"총신대입구역(이수, 총신대)",발달상권,matched,,소상공인시장진흥공단 상가(상권)정보,2026-06-30,이수태평파리바게뜨,서울특별시동작구동작대로27가길6,파리바게뜨
BRD_20170827,핫브레드 ,MA010120220810018765,핫브레드송파역점,핫브레드송파역점,서울특별시 송파구 송파대로 354,서울특별시송파구송파대로354,서울특별시,송파구,송파구,11710,11710,127.112184413414,37.4996843279405,소상공인시장진흥공단 상가(상권)정보,미확인,prefix,medium,3120230,송파사거리(송파역),발달상권,matched,,소상공인시장진흥공단 상가(상권)정보,2026-06-30,핫브레드송파역점,서울특별시송파구송파대로354,핫브레드
BRD_20080100039,뚜레쥬르,MA010120220810084226,뚜레쥬르강동 홈플러스점,뚜레쥬르강동홈플러스점,서울특별시 강동구 양재대로 1571,서울특별시강동구양재대로1571,서울특별시,강동구,강동구,11740,11740,127.14226301945,37.5457201634821,소상공인시장진흥공단 상가(상권)정보,영업중,prefix,medium,3120247,굽은다리역,발달상권,matched,,소상공인시장진흥공단 상가(상권)정보,2026-06-30,뚜레쥬르강동홈플러스점,서울특별시강동구양재대로1571,뚜레쥬르
BRD_20140288,스트릿츄러스,MA010120220810087338,솔라벨스트릿츄러스김포공항 롯데몰,솔라벨스트릿츄러스김포공항롯데몰,서울특별시 강서구 하늘길 77,서울특별시강서구하늘길77,서울특별시,강서구,강서구,11500,11500,126.801578126446,37.5621454060139,소상공인시장진흥공단 상가(상권)정보,영업중,contains_nonprefix,low,3120115,김포공항역(김포공항),발달상권,matched_nearest_300m,,소상공인시장진흥공단 상가(상권)정보,2026-06-30,솔라벨스트릿츄러스김포공항롯데몰,서울특별시강서구하늘길77,스트릿츄러스
BRD_20231261,치즈당,MA010120220810091551,치즈당,치즈당,서울특별시 은평구 통일로83길 5-4,서울특별시은평구통일로83길54,서울특별시,은평구,은평구,11380,11380,126.919100908646,37.6207858286771,소상공인시장진흥공단 상가(상권)정보,영업중,exact,high,3130167,연신내상점가(연빛거리),전통시장,matched,,소상공인시장진흥공단 상가(상권)정보,2026-06-30,치즈당,서울특별시은평구통일로83길54,치즈당
BRD_20140306,롤링핀,MA010120220810112295,롤링핀DDP점,롤링핀ddp점,서울특별시 중구 을지로 281,서울특별시중구을지로281,서울특별시,중구,중구,11140,11140,127.010911744526,37.5680149429348,소상공인시장진흥공단 상가(상권)정보,미확인,prefix_short_brand,medium_short_brand,3001493,동대문패션타운 관광특구,관광특구,matched,,소상공인시장진흥공단 상가(상권)정보,2026-06-30,롤링핀ddp점,서울특별시중구을지로281,롤링핀
BRD_20170827,핫브레드 ,MA010120220810123859,핫브레드 구의역점,핫브레드구의역점,서울특별시 광진구 아차산로 384-1,서울특별시광진구아차산로3841,서울특별시,광진구,광진구,11215,11215,127.086171759189,37.5371518531733,소상공인시장진흥공단 상가(상권)정보,미확인,exact,high,3120056,구의역,발달상권,matched,,소상공인시장진흥공단 상가(상권)정보,2026-06-30,핫브레드구의역점,서울특별시광진구아차산로3841,핫브레드
BRD_20080200064,파리바게뜨,MA010120220810129263,파리바게뜨이태원경리단점,파리바게뜨이태원경리단점,서울특별시 용산구 회나무로 20,서울특별시용산구회나무로20,서울특별시,용산구,용산구,11170,11170,126.988979338762,37.538984779226,소상공인시장진흥공단 상가(상권)정보,미확인,prefix,medium,3110085,경리단길남측,골목상권,matched,,소상공인시장진흥공단 상가(상권)정보,2026-06-30,파리바게뜨이태원경리단점,서울특별시용산구회나무로20,파리바게뜨
BRD_20080200064,파리바게뜨,MA010120220810184645,파리바게뜨금호역점,파리바게뜨금호역점,서울특별시 성동구 동호로 93,서울특별시성동구동호로93,서울특별시,성동구,성동구,11200,11200,127.015367319264,37.5475437888397,소상공인시장진흥공단 상가(상권)정보,미확인,prefix,medium,3120048,금호역,발달상권,matched_nearest_300m,,소상공인시장진흥공단 상가(상권)정보,2026-06-30,파리바게뜨금호역점,서울특별시성동구동호로93,파리바게뜨
BRD_20080200287,브레댄코(bread&co.DAILY-NEW),MA010120220810226667,브레댄코 왕십리점,브레댄코왕십리점,서울특별시 성동구 왕십리로24길 38,서울특별시성동구왕십리로24길38,서울특별시,성동구,성동구,11200,11200,127.034669763986,37.5657308370416,소상공인시장진흥공단 상가(상권)정보,미확인,exact,high,3130067,왕십리도선동상점가,전통시장,matched,,소상공인시장진흥공단 상가(상권)정보,2026-06-30,브레댄코왕십리점,서울특별시성동구왕십리로24길38,브레댄코breadcodailynew
BRD_20080100039,뚜레쥬르,MA010120220810252940,뚜레쥬르상월곡역,뚜레쥬르상월곡역,서울특별시 성북구 화랑로 186,서울특별시성북구화랑로186,서울특별시,성북구,성북구,11290,11290,127.051020052471,37.6074228497965,소상공인시장진흥공단 상가(상권)정보,미확인,prefix,medium,3110328,상월곡역 3번,골목상권,matched,,소상공인시장진흥공단 상가(상권)정보,2026-06-30,뚜레쥬르상월곡역,서울특별시성북구화랑로186,뚜레쥬르
BRD_20080200064,파리바게뜨,MA010120220810269129,파리바게뜨고덕리엔파크점,파리바게뜨고덕리엔파크점,서울특별시 강동구 상일로 74,서울특별시강동구상일로74,서울특별시,강동구,강동구,11740,11740,127.174786640653,37.5513617958376,소상공인시장진흥공단 상가(상권)정보,미확인,prefix,medium,3111089,상일여고(상일초등학교),골목상권,matched_nearest_300m,,소상공인시장진흥공단 상가(상권)정보,2026-06-30,파리바게뜨고덕리엔파크점,서울특별시강동구상일로74,파리바게뜨
BRD_20080200064,파리바게뜨,MA010120220810270269,파리바게뜨 사당점,파리바게뜨사당점,서울특별시 관악구 과천대로 949,서울특별시관악구과천대로949,서울특별시,관악구,관악구,11620,11620,126.981323735586,37.4753368221389,소상공인시장진흥공단 상가(상권)정보,미확인,exact,high,3120160,사당역(사당),발달상권,matched,,소상공인시장진흥공단 상가(상권)정보,2026-06-30,파리바게뜨사당점,서울특별시관악구과천대로949,파리바게뜨
BRD_20080200287,브레댄코(bread&co.DAILY-NEW),MA010120220810286831,브레댄코을지로입구역점,브레댄코을지로입구역점,서울특별시 중구 을지로 42,서울특별시중구을지로42,서울특별시,중구,중구,11140,11140,126.982376410891,37.5660499608156,소상공인시장진흥공단 상가(상권)정보,미확인,prefix,medium,3001492,명동 남대문 북창동 다동 무교동 관광특구,관광특구,matched,,소상공인시장진흥공단 상가(상권)정보,2026-06-30,브레댄코을지로입구역점,서울특별시중구을지로42,브레댄코breadcodailynew
BRD_20140288,스트릿츄러스,MA010120220810306816,솔라벨스트릿츄러스 광운대점,솔라벨스트릿츄러스광운대점,서울특별시 노원구 광운로 20,서울특별시노원구광운로20,서울특별시,노원구,노원구,11350,11350,127.058334096341,37.6193125115343,소상공인시장진흥공단 상가(상권)정보,미확인,contains_nonprefix,low,3110418,광운대학교 남단,골목상권,matched_nearest_300m,,소상공인시장진흥공단 상가(상권)정보,2026-06-30,솔라벨스트릿츄러스광운대점,서울특별시노원구광운로20,스트릿츄러스
BRD_20080100039,뚜레쥬르,MA010120220810342980,뚜레쥬르도봉쌍문점,뚜레쥬르도봉쌍문점,서울특별시 도봉구 도당로 2,서울특별시도봉구도당로2,서울특별시,도봉구,도봉구,11320,11320,127.035290798031,37.6584153848404,소상공인시장진흥공단 상가(상권)정보,미확인,prefix,medium,3110400,도봉구보건소,골목상권,matched_nearest_300m,,소상공인시장진흥공단 상가(상권)정보,2026-06-30,뚜레쥬르도봉쌍문점,서울특별시도봉구도당로2,뚜레쥬르
BRD_20080500016,던킨/던킨도너츠,MA010120220810376673,비알던킨도너츠서울대병원 코리아,비알던킨도너츠서울대병원코리아,서울특별시 종로구 대학로 101,서울특별시종로구대학로101,서울특별시,종로구,종로구,11110,11110,126.997203683209,37.580458151862,소상공인시장진흥공단 상가(상권)정보,미확인,contains_nonprefix,low,3120012,대학로(혜화역),발달상권,matched_nearest_300m,,소상공인시장진흥공단 상가(상권)정보,2026-06-30,비알던킨도너츠서울대병원코리아,서울특별시종로구대학로101,던킨던킨도너츠
BRD_20171316,슈케익하우스(Chou Cake House),MA010120220810394948,슈케익하우스,슈케익하우스,서울특별시 금천구 시흥대로63길 3,서울특별시금천구시흥대로63길3,서울특별시,금천구,금천구,11545,11545,126.899354356924,37.454788421586,소상공인시장진흥공단 상가(상권)정보,미확인,exact,high,3110731,금천구청역 1번 출입구,골목상권,matched,,소상공인시장진흥공단 상가(상권)정보,2026-06-30,슈케익하우스,서울특별시금천구시흥대로63길3,슈케익하우스choucakehouse
BRD_20170827,핫브레드 ,MA010120220810448496,핫브레드성신여대입구역점,핫브레드성신여대입구역점,서울특별시 성북구 동소문로 102,서울특별시성북구동소문로102,서울특별시,성북구,성북구,11290,11290,127.016474932586,37.5927195482993,소상공인시장진흥공단 상가(상권)정보,미확인,prefix,medium,3120072,성신여대,발달상권,matched,,소상공인시장진흥공단 상가(상권)정보,2026-06-30,핫브레드성신여대입구역점,서울특별시성북구동소문로102,핫브레드
BRD_20080200064,파리바게뜨,MA010120220810448973,파리바게뜨오목교역점,파리바게뜨오목교역점,서울특별시 양천구 오목로 320,서울특별시양천구오목로320,서울특별시,양천구,양천구,11470,11470,126.872879504631,37.5245999718828,소상공인시장진흥공단 상가(상권)정보,미확인,prefix,medium,3120113,오목교역,발달상권,matched,,소상공인시장진흥공단 상가(상권)정보,2026-06-30,파리바게뜨오목교역점,서울특별시양천구오목로320,파리바게뜨
BRD_20080200064,파리바게뜨,MA010120220810652767,파리바게뜨개포포레스트점,파리바게뜨개포포레스트점,서울특별시 강남구 개포로 264,서울특별시강남구개포로264,서울특별시,강남구,강남구,11680,11680,127.05339839941,37.4805791170654,소상공인시장진흥공단 상가(상권)정보,미확인,prefix,medium,3110983,국립국악고등학교,골목상권,matched_nearest_300m,,소상공인시장진흥공단 상가(상권)정보,2026-06-30,파리바게뜨개포포레스트점,서울특별시강남구개포로264,파리바게뜨
BRD_20080500016,던킨/던킨도너츠,MA010120220810657956,던킨도너츠테크노마트,던킨도너츠테크노마트,서울특별시 광진구 광나루로56길 85,서울특별시광진구광나루로56길85,서울특별시,광진구,광진구,11215,11215,127.095696795724,37.5357209382758,소상공인시장진흥공단 상가(상권)정보,미확인,prefix,medium,3120060,강변역(테크노마트),발달상권,matched,,소상공인시장진흥공단 상가(상권)정보,2026-06-30,던킨도너츠테크노마트,서울특별시광진구광나루로56길85,던킨던킨도너츠
BRD_20080200287,브레댄코(bread&co.DAILY-NEW),MA010120220810751643,브레댄코상도역점,브레댄코상도역점,서울특별시 동작구 상도로 272,서울특별시동작구상도로272,서울특별시,동작구,동작구,11590,11590,126.947705120213,37.5032129131744,소상공인시장진흥공단 상가(상권)정보,제외,prefix,medium,3110836,상도역 5번,골목상권,matched_nearest_300m,행안부 교차검증 결과 폐업 확인됨,소상공인시장진흥공단 상가(상권)정보,2026-06-30,브레댄코상도역점,서울특별시동작구상도로272,브레댄코breadcodailynew
BRD_20080100039,뚜레쥬르,MA010120220810963026,뚜레쥬르방이역점,뚜레쥬르방이역점,서울특별시 송파구 양재대로72길 5,서울특별시송파구양재대로72길5,서울특별시,송파구,송파구,11710,11710,127.127525458096,37.5099582381701,소상공인시장진흥공단 상가(상권)정보,미확인,prefix,medium,3120238,방이역,발달상권,matched_nearest_300m,,소상공인시장진흥공단 상가(상권)정보,2026-06-30,뚜레쥬르방이역점,서울특별시송파구양재대로72길5,뚜레쥬르
BRD_20080100039,뚜레쥬르,MA010120220811129662,뚜레쥬르신월동점,뚜레쥬르신월동점,서울특별시 양천구 남부순환로83길 48,서울특별시양천구남부순환로83길48,서울특별시,양천구,양천구,11470,11470,126.845393486183,37.5172961028997,소상공인시장진흥공단 상가(상권)정보,미확인,prefix,medium,3130205,신곡종합시장(신월6동 골목시장),전통시장,matched_nearest_300m,,소상공인시장진흥공단 상가(상권)정보,2026-06-30,뚜레쥬르신월동점,서울특별시양천구남부순환로83길48,뚜레쥬르
BRD_20080100039,뚜레쥬르,MA010120220811250538,뚜레쥬르서울여대점,뚜레쥬르서울여대점,서울특별시 노원구 화랑로 621,서울특별시노원구화랑로621,서울특별시,노원구,노원구,11350,11350,127.091622746528,37.6273822231371,소상공인시장진흥공단 상가(상권)정보,미확인,prefix,medium,3110442,화랑대철도공원,골목상권,matched_nearest_300m,,소상공인시장진흥공단 상가(상권)정보,2026-06-30,뚜레쥬르서울여대점,서울특별시노원구화랑로621,뚜레쥬르
BRD_20150085,못난이꽈배기,MA010120220811651328,못난이꽈배기,못난이꽈배기,서울특별시 양천구 목동중앙본로7길 37-20,서울특별시양천구목동중앙본로7길3720,서울특별시,양천구,양천구,11470,11470,126.866417255115,37.5388106296929,소상공인시장진흥공단 상가(상권)정보,미확인,exact,high,3130209,목사랑시장(목4동시장),전통시장,matched,,소상공인시장진흥공단 상가(상권)정보,2026-06-30,못난이꽈배기,서울특별시양천구목동중앙본로7길3720,못난이꽈배기
BRD_20080100039,뚜레쥬르,MA010120220811653466,뚜레쥬르이태원점,뚜레쥬르이태원점,서울특별시 용산구 회나무로13길 5,서울특별시용산구회나무로13길5,서울특별시,용산구,용산구,11170,11170,126.989284760985,37.539534417406,소상공인시장진흥공단 상가(상권)정보,미확인,prefix,medium,3110084,경리단길북측,골목상권,matched,,소상공인시장진흥공단 상가(상권)정보,2026-06-30,뚜레쥬르이태원점,서울특별시용산구회나무로13길5,뚜레쥬르
BRD_20080500016,던킨/던킨도너츠,MA010120220811680463,던킨신풍역점,던킨신풍역점,서울특별시 영등포구 신길로 59,서울특별시영등포구신길로59,서울특별시,영등포구,영등포구,11560,11560,126.907857156655,37.4979086583159,소상공인시장진흥공단 상가(상권)정보,영업중,prefix_short_brand_confirmed_safe,medium,3110790,대림1동주민센터,골목상권,matched,,소상공인시장진흥공단 상가(상권)정보,2026-06-30,던킨신풍역점,서울특별시영등포구신길로59,던킨던킨도너츠
BRD_20080200064,파리바게뜨,MA010120220811683301,파리바게뜨신림신화점,파리바게뜨신림신화점,서울특별시 관악구 신림로 199,서울특별시관악구신림로199,서울특별시,관악구,관악구,11620,11620,126.936193038707,37.4755283022916,소상공인시장진흥공단 상가(상권)정보,미확인,prefix,medium,3110879,신림현대아파트,골목상권,matched_nearest_300m,,소상공인시장진흥공단 상가(상권)정보,2026-06-30,파리바게뜨신림신화점,서울특별시관악구신림로199,파리바게뜨
BRD_20080200064,파리바게뜨,MA010120220811693045,파리바게뜨강서 구청점,파리바게뜨강서구청점,서울특별시 강서구 화곡로 328,서울특별시강서구화곡로328,서울특별시,강서구,강서구,11500,11500,126.850944446829,37.5529197669838,소상공인시장진흥공단 상가(상권)정보,미확인,prefix,medium,3120122,강서구청,발달상권,matched,,소상공인시장진흥공단 상가(상권)정보,2026-06-30,파리바게뜨강서구청점,서울특별시강서구화곡로328,파리바게뜨
BRD_20080100039,뚜레쥬르,MA010120220811705947,뚜레쥬르 공릉점,뚜레쥬르공릉점,서울특별시 노원구 공릉로 213,서울특별시노원구공릉로213,서울특별시,노원구,노원구,11350,11350,127.077395003671,37.6278789457985,소상공인시장진흥공단 상가(상권)정보,미확인,exact,high,3110438,경춘선숲길 우측,골목상권,matched_nearest_300m,,소상공인시장진흥공단 상가(상권)정보,2026-06-30,뚜레쥬르공릉점,서울특별시노원구공릉로213,뚜레쥬르
BRD_20080500016,던킨/던킨도너츠,MA010120220811708223,던킨도너츠 문래점,던킨도너츠문래점,서울특별시 영등포구 당산로 45,서울특별시영등포구당산로45,서울특별시,영등포구,영등포구,11560,11560,126.894607833066,37.5189090047376,소상공인시장진흥공단 상가(상권)정보,미확인,exact,high,3120137,문래역(문래로데오거리),발달상권,matched_nearest_300m,,소상공인시장진흥공단 상가(상권)정보,2026-06-30,던킨도너츠문래점,서울특별시영등포구당산로45,던킨던킨도너츠
BRD_20212413,웨인스베이글스(Wayne’s Bagels),MA010120220811741098,웨인스베이글스 강남역점,웨인스베이글스강남역점,서울특별시 서초구 효령로77길 34,서울특별시서초구효령로77길34,서울특별시,서초구,서초구,11650,11650,127.028846082749,37.491994425948,소상공인시장진흥공단 상가(상권)정보,미확인,exact,high,3120192,뱅뱅사거리,발달상권,matched,,소상공인시장진흥공단 상가(상권)정보,2026-06-30,웨인스베이글스강남역점,서울특별시서초구효령로77길34,웨인스베이글스waynesbagels
BRD_20080200287,브레댄코(bread&co.DAILY-NEW),MA010120220811744000,브레댄코을지로입구역점,브레댄코을지로입구역점,서울특별시 중구 을지로 42,서울특별시중구을지로42,서울특별시,중구,중구,11140,11140,126.982376410891,37.5660499608156,소상공인시장진흥공단 상가(상권)정보,미확인,prefix,medium,3001492,명동 남대문 북창동 다동 무교동 관광특구,관광특구,matched,,소상공인시장진흥공단 상가(상권)정보,2026-06-30,브레댄코을지로입구역점,서울특별시중구을지로42,브레댄코breadcodailynew
BRD_20140306,롤링핀,MA010120220811746629,롤링핀명일 캐슬점,롤링핀명일캐슬점,서울특별시 강동구 양재대로 1661,서울특별시강동구양재대로1661,서울특별시,강동구,강동구,11740,11740,127.143942091525,37.553854138531,소상공인시장진흥공단 상가(상권)정보,영업중,prefix_short_brand,medium_short_brand,3120248,명일역,발달상권,matched,,소상공인시장진흥공단 상가(상권)정보,2026-06-30,롤링핀명일캐슬점,서울특별시강동구양재대로1661,롤링핀
BRD_20170827,핫브레드 ,MA010120220811754554,핫브레드 화랑대역점,핫브레드화랑대역점,서울특별시 노원구 화랑로 510,서울특별시노원구화랑로510,서울특별시,노원구,노원구,11350,11350,127.083752550468,37.6198918603283,소상공인시장진흥공단 상가(상권)정보,미확인,exact,high,3110250,화랑대역 7번,골목상권,matched_nearest_300m,,소상공인시장진흥공단 상가(상권)정보,2026-06-30,핫브레드화랑대역점,서울특별시노원구화랑로510,핫브레드
BRD_20080500016,던킨/던킨도너츠,MA010120220811756737,비알던킨도너츠김포공항국내선 코리아,비알던킨도너츠김포공항국내선코리아,서울특별시 강서구 하늘길 111,서울특별시강서구하늘길111,서울특별시,강서구,강서구,11500,11500,126.804604343287,37.5605286614527,소상공인시장진흥공단 상가(상권)정보,미확인,contains_nonprefix,low,3120115,김포공항역(김포공항),발달상권,matched_nearest_300m,,소상공인시장진흥공단 상가(상권)정보,2026-06-30,비알던킨도너츠김포공항국내선코리아,서울특별시강서구하늘길111,던킨던킨도너츠
BRD_20080100039,뚜레쥬르,MA010120220811792009,뚜레쥬르신림 사거리점,뚜레쥬르신림사거리점,서울특별시 관악구 남부순환로 1619-1,서울특별시관악구남부순환로16191,서울특별시,관악구,관악구,11620,11620,126.930656279928,37.4847064643205,소상공인시장진흥공단 상가(상권)정보,미확인,prefix,medium,3120157,신림역(신림),발달상권,matched,,소상공인시장진흥공단 상가(상권)정보,2026-06-30,뚜레쥬르신림사거리점,서울특별시관악구남부순환로16191,뚜레쥬르
BRD_20080200064,파리바게뜨,MA010120220811858666,파리바게뜨독바위역,파리바게뜨독바위역,서울특별시 은평구 불광로 139,서울특별시은평구불광로139,서울특별시,은평구,은평구,11380,11380,126.932355287388,37.6191093243037,소상공인시장진흥공단 상가(상권)정보,미확인,prefix,medium,3110491,불광중학교,골목상권,matched_nearest_300m,,소상공인시장진흥공단 상가(상권)정보,2026-06-30,파리바게뜨독바위역,서울특별시은평구불광로139,파리바게뜨
BRD_20080500016,던킨/던킨도너츠,MA010120220811902352,던킨도너츠영등포역사 2호점,던킨도너츠영등포역사2호점,서울특별시 영등포구 경인로 846,서울특별시영등포구경인로846,서울특별시,영등포구,영등포구,11560,11560,126.907665657018,37.5156673130525,소상공인시장진흥공단 상가(상권)정보,미확인,prefix,medium,3130248,영등포역지하도상점가,전통시장,matched,,소상공인시장진흥공단 상가(상권)정보,2026-06-30,던킨도너츠영등포역사2호점,서울특별시영등포구경인로846,던킨던킨도너츠
BRD_20170827,핫브레드 ,MA010120220811916596,핫브레드 성수역점,핫브레드성수역점,서울특별시 성동구 아차산로 100,서울특별시성동구아차산로100,서울특별시,성동구,성동구,11200,11200,127.056091830386,37.5445041096513,소상공인시장진흥공단 상가(상권)정보,미확인,exact,high,3120052,성수역,발달상권,matched,,소상공인시장진흥공단 상가(상권)정보,2026-06-30,핫브레드성수역점,서울특별시성동구아차산로100,핫브레드
BRD_20080200064,파리바게뜨,MA010120220811924170,파리바게뜨카페전농 삼성점,파리바게뜨카페전농삼성점,서울특별시 동대문구 전농로16길 56,서울특별시동대문구전농로16길56,서울특별시,동대문구,동대문구,11230,11230,127.060475508875,37.5780910999722,소상공인시장진흥공단 상가(상권)정보,미확인,prefix,medium,3110216,전농중학교,골목상권,matched_nearest_300m,,소상공인시장진흥공단 상가(상권)정보,2026-06-30,파리바게뜨카페전농삼성점,서울특별시동대문구전농로16길56,파리바게뜨
BRD_20140288,스트릿츄러스,MA010120220811926557,솔라벨스트릿츄러스타임스퀘어,솔라벨스트릿츄러스타임스퀘어,서울특별시 영등포구 영중로 15,서울특별시영등포구영중로15,서울특별시,영등포구,영등포구,11560,11560,126.903320300637,37.5170694013628,소상공인시장진흥공단 상가(상권)정보,미확인,contains_nonprefix,low,3120145,영등포역(영등포),발달상권,matched,,소상공인시장진흥공단 상가(상권)정보,2026-06-30,솔라벨스트릿츄러스타임스퀘어,서울특별시영등포구영중로15,스트릿츄러스
BRD_20080200064,파리바게뜨,MA010120220811944927,파리바게뜨영등포대우,파리바게뜨영등포대우,서울특별시 영등포구 영신로9라길 16,서울특별시영등포구영신로9라길16,서울특별시,영등포구,영등포구,11560,11560,126.905406306156,37.5133589560641,소상공인시장진흥공단 상가(상권)정보,미확인,prefix,medium,3110792,영등포역 2번,골목상권,matched,,소상공인시장진흥공단 상가(상권)정보,2026-06-30,파리바게뜨영등포대우,서울특별시영등포구영신로9라길16,파리바게뜨
BRD_20080100039,뚜레쥬르,MA010120220812007951,뚜레쥬르염창역점,뚜레쥬르염창역점,서울특별시 양천구 공항대로 630,서울특별시양천구공항대로630,서울특별시,양천구,양천구,11470,11470,126.874709392071,37.5465412803098,소상공인시장진흥공단 상가(상권)정보,미확인,prefix,medium,3130210,목2동시장,전통시장,matched,,소상공인시장진흥공단 상가(상권)정보,2026-06-30,뚜레쥬르염창역점,서울특별시양천구공항대로630,뚜레쥬르
BRD_20080200064,파리바게뜨,MA010120220812072863,파리바게뜨관악현대점,파리바게뜨관악현대점,서울특별시 관악구 양녕로 50,서울특별시관악구양녕로50,서울특별시,관악구,관악구,11620,11620,126.947219299901,37.4864539703325,소상공인시장진흥공단 상가(상권)정보,미확인,prefix,medium,3130292,봉천현대시장,전통시장,matched_nearest_300m,,소상공인시장진흥공단 상가(상권)정보,2026-06-30,파리바게뜨관악현대점,서울특별시관악구양녕로50,파리바게뜨
BRD_20260378,빵굼터,MA010120220812081598,빵굼터명일동점,빵굼터명일동점,서울특별시 강동구 양재대로 1630,서울특별시강동구양재대로1630,서울특별시,강동구,강동구,11740,11740,127.144796784223,37.5510600016931,소상공인시장진흥공단 상가(상권)정보,영업중,prefix_short_brand,medium_short_brand,3120248,명일역,발달상권,matched,,소상공인시장진흥공단 상가(상권)정보,2026-06-30,빵굼터명일동점,서울특별시강동구양재대로1630,빵굼터
BRD_20080100039,뚜레쥬르,MA010120220812099853,뚜레쥬르용마산역점,뚜레쥬르용마산역점,서울특별시 중랑구 면목로 245,서울특별시중랑구면목로245,서울특별시,중랑구,중랑구,11260,11260,127.08507192535,37.5749314672399,소상공인시장진흥공단 상가(상권)정보,미확인,prefix,medium,3110253,중곡초등학교,골목상권,matched,,소상공인시장진흥공단 상가(상권)정보,2026-06-30,뚜레쥬르용마산역점,서울특별시중랑구면목로245,뚜레쥬르
BRD_20080200064,파리바게뜨,MA010120220812107420,파리바게뜨당산포스빌,파리바게뜨당산포스빌,서울특별시 영등포구 양평로 67,서울특별시영등포구양평로67,서울특별시,영등포구,영등포구,11560,11560,126.899314623346,37.5349419301258,소상공인시장진흥공단 상가(상권)정보,미확인,prefix,medium,3120143,당산역,발달상권,matched_nearest_300m,,소상공인시장진흥공단 상가(상권)정보,2026-06-30,파리바게뜨당산포스빌,서울특별시영등포구양평로67,파리바게뜨
BRD_20080100039,뚜레쥬르,MA010120220812113279,뚜레쥬르마포성산점,뚜레쥬르마포성산점,서울특별시 마포구 월드컵북로 184,서울특별시마포구월드컵북로184,서울특별시,마포구,마포구,11440,11440,126.90837065233,37.5681240482137,소상공인시장진흥공단 상가(상권)정보,미확인,prefix,medium,3110553,가좌역 2번,골목상권,matched_nearest_300m,,소상공인시장진흥공단 상가(상권)정보,2026-06-30,뚜레쥬르마포성산점,서울특별시마포구월드컵북로184,뚜레쥬르
BRD_20080200064,파리바게뜨,MA010120220812158458,파리바게뜨금천 독산점,파리바게뜨금천독산점,서울특별시 금천구 시흥대로 405,서울특별시금천구시흥대로405,서울특별시,금천구,금천구,11545,11545,126.897570540704,37.4699509125555,소상공인시장진흥공단 상가(상권)정보,영업중,prefix,medium,3120132,독산동,발달상권,matched,,소상공인시장진흥공단 상가(상권)정보,2026-06-30,파리바게뜨금천독산점,서울특별시금천구시흥대로405,파리바게뜨
BRD_20080200064,파리바게뜨,MA010120220812187004,파리바게뜨 삼성역점,파리바게뜨삼성역점,서울특별시 강남구 영동대로 424,서울특별시강남구영동대로424,서울특별시,강남구,강남구,11680,11680,127.064467525435,37.5074956818301,소상공인시장진흥공단 상가(상권)정보,미확인,exact,high,3120222,삼성역,발달상권,matched,,소상공인시장진흥공단 상가(상권)정보,2026-06-30,파리바게뜨삼성역점,서울특별시강남구영동대로424,파리바게뜨
BRD_20080100039,뚜레쥬르,MA010120220812196787,뚜레쥬르 헬리오시티점,뚜레쥬르헬리오시티점,서울특별시 송파구 송파대로 345,서울특별시송파구송파대로345,서울특별시,송파구,송파구,11710,11710,127.102535079859,37.4976117735384,소상공인시장진흥공단 상가(상권)정보,영업중,exact,high,3111009,송파책박물관,골목상권,matched_nearest_300m,,소상공인시장진흥공단 상가(상권)정보,2026-06-30,뚜레쥬르헬리오시티점,서울특별시송파구송파대로345,뚜레쥬르
BRD_20080100039,뚜레쥬르,MA010120220812211628,뚜레쥬르서울역센트럴 자이점,뚜레쥬르서울역센트럴자이점,서울특별시 중구 만리재로 175,서울특별시중구만리재로175,서울특별시,중구,중구,11140,11140,126.964463881129,37.5547834675458,소상공인시장진흥공단 상가(상권)정보,미확인,prefix,medium,3110066,서울역 15번,골목상권,matched_nearest_300m,,소상공인시장진흥공단 상가(상권)정보,2026-06-30,뚜레쥬르서울역센트럴자이점,서울특별시중구만리재로175,뚜레쥬르
BRD_20150085,못난이꽈배기,MA010120220812212786,못난이꽈배기,못난이꽈배기,서울특별시 중구 퇴계로 425-2,서울특별시중구퇴계로4252,서울특별시,중구,중구,11140,11140,127.019072339811,37.5657614169337,소상공인시장진흥공단 상가(상권)정보,미확인,exact,high,3130052,서울중앙시장(신중앙시장),전통시장,matched,,소상공인시장진흥공단 상가(상권)정보,2026-06-30,못난이꽈배기,서울특별시중구퇴계로4252,못난이꽈배기
BRD_20080200064,파리바게뜨,MA010120220812226192,파리바게뜨번동주공점,파리바게뜨번동주공점,서울특별시 강북구 한천로109길 53,서울특별시강북구한천로109길53,서울특별시,강북구,강북구,11305,11305,127.041416068268,37.6274645862259,소상공인시장진흥공단 상가(상권)정보,미확인,prefix,medium,3110381,번동주공2단지,골목상권,matched_nearest_300m,,소상공인시장진흥공단 상가(상권)정보,2026-06-30,파리바게뜨번동주공점,서울특별시강북구한천로109길53,파리바게뜨
BRD_20080100039,뚜레쥬르,MA010120220812242256,뚜레쥬르천호역점,뚜레쥬르천호역점,서울특별시 강동구 천호대로 1027,서울특별시강동구천호대로1027,서울특별시,강동구,강동구,11740,11740,127.126385335571,37.5381067622606,소상공인시장진흥공단 상가(상권)정보,미확인,prefix,medium,3130318,로데오거리상점가,전통시장,matched,,소상공인시장진흥공단 상가(상권)정보,2026-06-30,뚜레쥬르천호역점,서울특별시강동구천호대로1027,뚜레쥬르
BRD_20080200287,브레댄코(bread&co.DAILY-NEW),MA010120220812262151,브레댄코김포공항역점,브레댄코김포공항역점,서울특별시 강서구 하늘길 38,서울특별시강서구하늘길38,서울특별시,강서구,강서구,11500,11500,126.802957316013,37.5713648899321,소상공인시장진흥공단 상가(상권)정보,미확인,prefix,medium,3120115,김포공항역(김포공항),발달상권,matched,,소상공인시장진흥공단 상가(상권)정보,2026-06-30,브레댄코김포공항역점,서울특별시강서구하늘길38,브레댄코breadcodailynew
BRD_20170827,핫브레드 ,MA010120220812287667,핫브레드 합정역점,핫브레드합정역점,서울특별시 마포구 양화로 45,서울특별시마포구양화로45,서울특별시,마포구,마포구,11440,11440,126.913542864877,37.5491259247761,소상공인시장진흥공단 상가(상권)정보,미확인,exact,high,3120101,합정역,발달상권,matched,,소상공인시장진흥공단 상가(상권)정보,2026-06-30,핫브레드합정역점,서울특별시마포구양화로45,핫브레드
BRD_20080200287,브레댄코(bread&co.DAILY-NEW),MA010120220812302779,브레댄코학동역점,브레댄코학동역점,서울특별시 강남구 학동로 208,서울특별시강남구학동로208,서울특별시,강남구,강남구,11680,11680,127.031987739046,37.5140502348422,소상공인시장진흥공단 상가(상권)정보,미확인,prefix,medium,3120191,학동역,발달상권,matched,,소상공인시장진흥공단 상가(상권)정보,2026-06-30,브레댄코학동역점,서울특별시강남구학동로208,브레댄코breadcodailynew
BRD_20080500016,던킨/던킨도너츠,MA010120220812447334,던킨목동 홈플러스점,던킨목동홈플러스점,서울특별시 양천구 목동서로 170,서울특별시양천구목동서로170,서울특별시,양천구,양천구,11470,11470,126.87329984601,37.5302406920639,소상공인시장진흥공단 상가(상권)정보,미확인,prefix_short_brand_confirmed_safe,medium,3120114,목동신시가지,발달상권,matched,,소상공인시장진흥공단 상가(상권)정보,2026-06-30,던킨목동홈플러스점,서울특별시양천구목동서로170,던킨던킨도너츠
BRD_20080200064,파리바게뜨,MA010120220812449295,파리바게뜨 광화문점,파리바게뜨광화문점,서울특별시 종로구 세종대로23길 54,서울특별시종로구세종대로23길54,서울특별시,종로구,종로구,11110,11110,126.973307867206,37.5718596801394,소상공인시장진흥공단 상가(상권)정보,미확인,exact,high,3120003,광화문역,발달상권,matched,,소상공인시장진흥공단 상가(상권)정보,2026-06-30,파리바게뜨광화문점,서울특별시종로구세종대로23길54,파리바게뜨
BRD_20080100039,뚜레쥬르,MA010120220812457323,뚜레쥬르행당,뚜레쥬르행당,서울특별시 성동구 행당로17길 3,서울특별시성동구행당로17길3,서울특별시,성동구,성동구,11200,11200,127.033432916782,37.558820550152,소상공인시장진흥공단 상가(상권)정보,미확인,prefix,medium,3110112,행당역 2번,골목상권,matched,,소상공인시장진흥공단 상가(상권)정보,2026-06-30,뚜레쥬르행당,서울특별시성동구행당로17길3,뚜레쥬르
BRD_20211367,삼송빵집,MA010120220812484036,에스엠에이치삼송빵집잠실 광장점,에스엠에이치삼송빵집잠실광장점,서울특별시 송파구 올림픽로 265,서울특별시송파구올림픽로265,서울특별시,송파구,송파구,11710,11710,127.100960065535,37.5120922807107,소상공인시장진흥공단 상가(상권)정보,미확인,contains_nonprefix,low,3001495,잠실 관광특구,관광특구,matched,,소상공인시장진흥공단 상가(상권)정보,2026-06-30,에스엠에이치삼송빵집잠실광장점,서울특별시송파구올림픽로265,삼송빵집
BRD_20080100039,뚜레쥬르,MA010120220812501407,뚜레쥬르,뚜레쥬르,서울특별시 은평구 갈현로 81,서울특별시은평구갈현로81,서울특별시,은평구,은평구,11380,11380,126.910306913495,37.6053094987132,소상공인시장진흥공단 상가(상권)정보,미확인,exact,high,3110450,시립서북병원,골목상권,matched,,소상공인시장진흥공단 상가(상권)정보,2026-06-30,뚜레쥬르,서울특별시은평구갈현로81,뚜레쥬르
BRD_20080100039,뚜레쥬르,MA010120220812536967,뚜레쥬르 잠실점,뚜레쥬르잠실점,서울특별시 송파구 석촌호수로 142,서울특별시송파구석촌호수로142,서울특별시,송파구,송파구,11710,11710,127.092764711788,37.506963276354,소상공인시장진흥공단 상가(상권)정보,미확인,exact,high,3111006,석촌고분역 1번,골목상권,matched,,소상공인시장진흥공단 상가(상권)정보,2026-06-30,뚜레쥬르잠실점,서울특별시송파구석촌호수로142,뚜레쥬르
BRD_20080200064,파리바게뜨,MA010120220812540478,파리바게뜨고덕베네루체점,파리바게뜨고덕베네루체점,서울특별시 강동구 구천면로 636,서울특별시강동구구천면로636,서울특별시,강동구,강동구,11740,11740,127.168378731098,37.5501817909731,소상공인시장진흥공단 상가(상권)정보,미확인,prefix,medium,3111089,상일여고(상일초등학교),골목상권,matched_nearest_300m,,소상공인시장진흥공단 상가(상권)정보,2026-06-30,파리바게뜨고덕베네루체점,서울특별시강동구구천면로636,파리바게뜨
BRD_20080200064,파리바게뜨,MA010120220812550180,파리바게뜨행당점,파리바게뜨행당점,서울특별시 성동구 행당로6길 97,서울특별시성동구행당로6길97,서울특별시,성동구,성동구,11200,11200,127.030172723645,37.5571996333144,소상공인시장진흥공단 상가(상권)정보,미확인,prefix,medium,3110112,행당역 2번,골목상권,matched_nearest_300m,,소상공인시장진흥공단 상가(상권)정보,2026-06-30,파리바게뜨행당점,서울특별시성동구행당로6길97,파리바게뜨
BRD_20080200287,브레댄코(bread&co.DAILY-NEW),MA010120220812610893,브레댄코숭실대입구역점,브레댄코숭실대입구역점,서울특별시 동작구 상도로 378,서울특별시동작구상도로378,서울특별시,동작구,동작구,11590,11590,126.954054250225,37.4958182929813,소상공인시장진흥공단 상가(상권)정보,미확인,prefix,medium,3110837,숭실대입구역 1번,골목상권,matched_nearest_300m,,소상공인시장진흥공단 상가(상권)정보,2026-06-30,브레댄코숭실대입구역점,서울특별시동작구상도로378,브레댄코breadcodailynew
BRD_20170827,핫브레드 ,MA010120220812623418,핫브레드가락시장역점,핫브레드가락시장역점,서울특별시 송파구 송파대로 257,서울특별시송파구송파대로257,서울특별시,송파구,송파구,11710,11710,127.118483813461,37.4927404300383,소상공인시장진흥공단 상가(상권)정보,미확인,prefix,medium,3120231,가락시장,발달상권,matched,,소상공인시장진흥공단 상가(상권)정보,2026-06-30,핫브레드가락시장역점,서울특별시송파구송파대로257,핫브레드
BRD_20140306,롤링핀,MA010120220812680986,롤링핀 아차산역점,롤링핀아차산역점,서울특별시 광진구 천호대로 674,서울특별시광진구천호대로674,서울특별시,광진구,광진구,11215,11215,127.089854132526,37.5508623151562,소상공인시장진흥공단 상가(상권)정보,미확인,exact,high,3120057,아차산역,발달상권,matched,,소상공인시장진흥공단 상가(상권)정보,2026-06-30,롤링핀아차산역점,서울특별시광진구천호대로674,롤링핀
BRD_20080200064,파리바게뜨,MA010120220812683108,더힐링용산해링턴스퀘어파리바게뜨점,더힐링용산해링턴스퀘어파리바게뜨점,서울특별시 용산구 서빙고로 17,서울특별시용산구서빙고로17,서울특별시,용산구,용산구,11170,11170,126.967712963232,37.5261416138765,소상공인시장진흥공단 상가(상권)정보,미확인,contains_nonprefix,low,3120041,신용산역(용산역),발달상권,matched,,소상공인시장진흥공단 상가(상권)정보,2026-06-30,더힐링용산해링턴스퀘어파리바게뜨점,서울특별시용산구서빙고로17,파리바게뜨
BRD_20201332,79파운야드(79 FOUNYARD),MA010120220812695835,79파운야드을지로 3가점,79파운야드을지로3가점,서울특별시 중구 삼일대로10길 36,서울특별시중구삼일대로10길36,서울특별시,중구,중구,11140,11140,126.989416858793,37.5655732739455,소상공인시장진흥공단 상가(상권)정보,미확인,prefix,medium,3120031,을지로3가역,발달상권,matched,,소상공인시장진흥공단 상가(상권)정보,2026-06-30,79파운야드을지로3가점,서울특별시중구삼일대로10길36,79파운야드79founyard
BRD_20120100621,더베이크,MA010120220812712098,더베이크,더베이크,서울특별시 구로구 경인로40길 47,서울특별시구로구경인로40길47,서울특별시,구로구,구로구,11530,11530,126.85911196046,37.4945268591805,소상공인시장진흥공단 상가(상권)정보,미확인,exact,high,3110703,개봉역,골목상권,matched,,소상공인시장진흥공단 상가(상권)정보,2026-06-30,더베이크,서울특별시구로구경인로40길47,더베이크
BRD_20080200064,파리바게뜨,MA010120220812729058,파리바게뜨여의도 2호점,파리바게뜨여의도2호점,서울특별시 영등포구 여의대방로 417,서울특별시영등포구여의대방로417,서울특별시,영등포구,영등포구,11560,11560,126.934321723502,37.521055121863,소상공인시장진흥공단 상가(상권)정보,미확인,prefix,medium,3120149,여의도역(여의도),발달상권,matched_nearest_300m,,소상공인시장진흥공단 상가(상권)정보,2026-06-30,파리바게뜨여의도2호점,서울특별시영등포구여의대방로417,파리바게뜨
BRD_20080200064,파리바게뜨,MA010120220812735617,파리바게뜨정릉점,파리바게뜨정릉점,서울특별시 성북구 보국문로 40-3,서울특별시성북구보국문로403,서울특별시,성북구,성북구,11290,11290,127.010215464402,37.6083614552925,소상공인시장진흥공단 상가(상권)정보,미확인,prefix,medium,3110295,정릉우체국,골목상권,matched_nearest_300m,,소상공인시장진흥공단 상가(상권)정보,2026-06-30,파리바게뜨정릉점,서울특별시성북구보국문로403,파리바게뜨
BRD_20080100039,뚜레쥬르,MA010120220812749722,뚜레쥬르개화산역점,뚜레쥬르개화산역점,서울특별시 강서구 양천로10길 38,서울특별시강서구양천로10길38,서울특별시,강서구,강서구,11500,11500,126.807700307897,37.5713546911964,소상공인시장진흥공단 상가(상권)정보,미확인,prefix,medium,3110633,개화산역 1번,골목상권,matched_nearest_300m,,소상공인시장진흥공단 상가(상권)정보,2026-06-30,뚜레쥬르개화산역점,서울특별시강서구양천로10길38,뚜레쥬르
BRD_20080500016,던킨/던킨도너츠,MA010120220812755781,던킨공항철도홍대역사점,던킨공항철도홍대역사점,서울특별시 마포구 양화로 188,서울특별시마포구양화로188,서울특별시,마포구,마포구,11440,11440,126.926967316157,37.5574151606538,소상공인시장진흥공단 상가(상권)정보,영업중,prefix_short_brand_confirmed_safe,medium,3110566,경의선책거리,골목상권,matched,,소상공인시장진흥공단 상가(상권)정보,2026-06-30,던킨공항철도홍대역사점,서울특별시마포구양화로188,던킨던킨도너츠
BRD_20150052,빵장수단팥빵,MA010120220812771509,빵장수단팥빵 합정점,빵장수단팥빵합정점,서울특별시 마포구 양화로 72,서울특별시마포구양화로72,서울특별시,마포구,마포구,11440,11440,126.916551190529,37.5507679059309,소상공인시장진흥공단 상가(상권)정보,미확인,exact,high,3120103,홍대입구역(홍대),발달상권,matched,,소상공인시장진흥공단 상가(상권)정보,2026-06-30,빵장수단팥빵합정점,서울특별시마포구양화로72,빵장수단팥빵
BRD_20080200287,브레댄코(bread&co.DAILY-NEW),MA010120220812780783,브레댄코뱅뱅 사거리점,브레댄코뱅뱅사거리점,서울특별시 서초구 서운로11길 34,서울특별시서초구서운로11길34,서울특별시,서초구,서초구,11650,11650,127.026582973801,37.4875980394614,소상공인시장진흥공단 상가(상권)정보,미확인,prefix,medium,3110935,한전아트센터,골목상권,matched,,소상공인시장진흥공단 상가(상권)정보,2026-06-30,브레댄코뱅뱅사거리점,서울특별시서초구서운로11길34,브레댄코breadcodailynew
BRD_20150052,빵장수단팥빵,MA010120220812839871,빵장수단팥빵 여의도점,빵장수단팥빵여의도점,서울특별시 영등포구 여의대방로65길 17,서울특별시영등포구여의대방로65길17,서울특별시,영등포구,영등포구,11560,11560,126.929221186522,37.5197457213341,소상공인시장진흥공단 상가(상권)정보,미확인,exact,high,3120149,여의도역(여의도),발달상권,matched,,소상공인시장진흥공단 상가(상권)정보,2026-06-30,빵장수단팥빵여의도점,서울특별시영등포구여의대방로65길17,빵장수단팥빵
BRD_20080200064,파리바게뜨,MA010120220812857590,파리바게뜨공덕역사,파리바게뜨공덕역사,서울특별시 마포구 백범로 200,서울특별시마포구백범로200,서울특별시,마포구,마포구,11440,11440,126.951942930682,37.5435255636802,소상공인시장진흥공단 상가(상권)정보,미확인,prefix,medium,3120107,공덕역(공덕오거리),발달상권,matched,,소상공인시장진흥공단 상가(상권)정보,2026-06-30,파리바게뜨공덕역사,서울특별시마포구백범로200,파리바게뜨
BRD_20170827,핫브레드 ,MA010120220812903917,핫브레드까치산역점,핫브레드까치산역점,서울특별시 강서구 강서로 54,서울특별시강서구강서로54,서울특별시,강서구,강서구,11500,11500,126.846607743541,37.5319569807763,소상공인시장진흥공단 상가(상권)정보,미확인,prefix,medium,3130219,까치산시장,전통시장,matched,,소상공인시장진흥공단 상가(상권)정보,2026-06-30,핫브레드까치산역점,서울특별시강서구강서로54,핫브레드
BRD_20080100039,뚜레쥬르,MA010120220812918667,뚜레쥬르노량진 삼거리점,뚜레쥬르노량진삼거리점,서울특별시 동작구 장승배기로 169,서울특별시동작구장승배기로169,서울특별시,동작구,동작구,11590,11590,126.940007071983,37.5127418850267,소상공인시장진흥공단 상가(상권)정보,미확인,prefix,medium,3120153,노량진역(노량진),발달상권,matched,,소상공인시장진흥공단 상가(상권)정보,2026-06-30,뚜레쥬르노량진삼거리점,서울특별시동작구장승배기로169,뚜레쥬르
BRD_20080200064,파리바게뜨,MA010120220812935489,파리바게뜨신길 대신점,파리바게뜨신길대신점,서울특별시 영등포구 도신로60길 2,서울특별시영등포구도신로60길2,서울특별시,영등포구,영등포구,11560,11560,126.916820829211,37.5117817787767,소상공인시장진흥공단 상가(상권)정보,미확인,prefix,medium,3110810,영신초등학교,골목상권,matched,,소상공인시장진흥공단 상가(상권)정보,2026-06-30,파리바게뜨신길대신점,서울특별시영등포구도신로60길2,파리바게뜨
BRD_20080200064,파리바게뜨,MA010120220813029131,파리바게뜨명일역점,파리바게뜨명일역점,서울특별시 강동구 양재대로 1636,서울특별시강동구양재대로1636,서울특별시,강동구,강동구,11740,11740,127.144299929201,37.5516192284061,소상공인시장진흥공단 상가(상권)정보,미확인,prefix,medium,3120248,명일역,발달상권,matched,,소상공인시장진흥공단 상가(상권)정보,2026-06-30,파리바게뜨명일역점,서울특별시강동구양재대로1636,파리바게뜨
BRD_20080200287,브레댄코(bread&co.DAILY-NEW),MA010120220813047689,브레댄코청구역점,브레댄코청구역점,서울특별시 중구 청구로 77,서울특별시중구청구로77,서울특별시,중구,중구,11140,11140,127.013808043905,37.5602931013668,소상공인시장진흥공단 상가(상권)정보,미확인,prefix,medium,3110053,청구역 1번,골목상권,matched_nearest_300m,,소상공인시장진흥공단 상가(상권)정보,2026-06-30,브레댄코청구역점,서울특별시중구청구로77,브레댄코breadcodailynew
BRD_20170827,핫브레드 ,MA010120220813069719,핫브레드 화곡역점,핫브레드화곡역점,서울특별시 강서구 화곡로 168,서울특별시강서구화곡로168,서울특별시,강서구,강서구,11500,11500,126.84048944799,37.5414273913473,소상공인시장진흥공단 상가(상권)정보,미확인,exact,high,3120120,화곡역,발달상권,matched,,소상공인시장진흥공단 상가(상권)정보,2026-06-30,핫브레드화곡역점,서울특별시강서구화곡로168,핫브레드
BRD_20170827,핫브레드 ,MA010120220813132747,핫브레드,핫브레드,서울특별시 용산구 한강대로 112,서울특별시용산구한강대로112,서울특별시,용산구,용산구,11170,11170,126.968220572408,37.5296106085874,소상공인시장진흥공단 상가(상권)정보,미확인,exact,high,3120041,신용산역(용산역),발달상권,matched,,소상공인시장진흥공단 상가(상권)정보,2026-06-30,핫브레드,서울특별시용산구한강대로112,핫브레드
BRD_20210139,빵쌤(BBANGSSAEM),MA010120220813136785,빵쌤 영등포점,빵쌤영등포점,서울특별시 영등포구 경인로 853,서울특별시영등포구경인로853,서울특별시,영등포구,영등포구,11560,11560,126.90739263795,37.516919493935,소상공인시장진흥공단 상가(상권)정보,미확인,exact,high,3120145,영등포역(영등포),발달상권,matched,,소상공인시장진흥공단 상가(상권)정보,2026-06-30,빵쌤영등포점,서울특별시영등포구경인로853,빵쌤bbangssaem
BRD_20080200064,파리바게뜨,MA010120220813172476,파리바게뜨고덕래미안힐스점,파리바게뜨고덕래미안힐스점,서울특별시 강동구 아리수로50길 50,서울특별시강동구아리수로50길50,서울특별시,강동구,강동구,11740,11740,127.148589706047,37.5576866276403,소상공인시장진흥공단 상가(상권)정보,미확인,prefix,medium,3111085,묘곡초등학교(고덕아이파크아파트),골목상권,matched_nearest_300m,,소상공인시장진흥공단 상가(상권)정보,2026-06-30,파리바게뜨고덕래미안힐스점,서울특별시강동구아리수로50길50,파리바게뜨
BRD_20080200064,파리바게뜨,MA010120220813200498,파리바게뜨올림픽,파리바게뜨올림픽,서울특별시 송파구 양재대로 1222,서울특별시송파구양재대로1222,서울특별시,송파구,송파구,11710,11710,127.131064412778,37.5157297971983,소상공인시장진흥공단 상가(상권)정보,미확인,prefix,medium,3001495,잠실 관광특구,관광특구,matched_nearest_300m,,소상공인시장진흥공단 상가(상권)정보,2026-06-30,파리바게뜨올림픽,서울특별시송파구양재대로1222,파리바게뜨
BRD_20161137,명랑시대쌀핫도그,MA010120220813206550,명랑시대쌀핫도그우 장산점,명랑시대쌀핫도그우장산점,서울특별시 강서구 강서로45길 14,서울특별시강서구강서로45길14,서울특별시,강서구,강서구,11500,11500,126.835382901794,37.5481148005554,소상공인시장진흥공단 상가(상권)정보,미확인,prefix,medium,3130214,송화벽화시장(송화골목시장),전통시장,matched_nearest_300m,,소상공인시장진흥공단 상가(상권)정보,2026-06-30,명랑시대쌀핫도그우장산점,서울특별시강서구강서로45길14,명랑시대쌀핫도그
BRD_20080200064,파리바게뜨,MA010120220813232261,파리바게뜨 개봉점,파리바게뜨개봉점,서울특별시 구로구 개봉로 63,서울특별시구로구개봉로63,서울특별시,구로구,구로구,11530,11530,126.8556916385,37.4913872282438,소상공인시장진흥공단 상가(상권)정보,미확인,exact,high,3130225,개봉중앙시장,전통시장,matched,,소상공인시장진흥공단 상가(상권)정보,2026-06-30,파리바게뜨개봉점,서울특별시구로구개봉로63,파리바게뜨
BRD_20240814,보리원,MA010120220813239817,보리원 헬리오시티점,보리원헬리오시티점,서울특별시 송파구 송파대로 345,서울특별시송파구송파대로345,서울특별시,송파구,송파구,11710,11710,127.102535079859,37.4976117735384,소상공인시장진흥공단 상가(상권)정보,영업중,exact,high,3111009,송파책박물관,골목상권,matched_nearest_300m,,소상공인시장진흥공단 상가(상권)정보,2026-06-30,보리원헬리오시티점,서울특별시송파구송파대로345,보리원
BRD_20220529,하르당,MA010120220813246935,하르당미아사거리역점,하르당미아사거리역점,서울특별시 성북구 도봉로 33,서울특별시성북구도봉로33,서울특별시,성북구,성북구,11290,11290,127.029979736616,37.612196303601,소상공인시장진흥공단 상가(상권)정보,영업중,prefix_short_brand,medium_short_brand,3130140,숭인시장,전통시장,matched_nearest_300m,,소상공인시장진흥공단 상가(상권)정보,2026-06-30,하르당미아사거리역점,서울특별시성북구도봉로33,하르당
BRD_20141213,트윗젤(Twitzel),MA010120220813259360,트윗젤목동,트윗젤목동,서울특별시 양천구 남부순환로66길 3,서울특별시양천구남부순환로66길3,서울특별시,양천구,양천구,11470,11470,126.83538075557,37.5233553260047,소상공인시장진흥공단 상가(상권)정보,미확인,prefix_short_brand,medium_short_brand,3110600,신월7동주민센터,골목상권,matched,,소상공인시장진흥공단 상가(상권)정보,2026-06-30,트윗젤목동,서울특별시양천구남부순환로66길3,트윗젤twitzel
BRD_20211247,아이엠도넛(IamDonut),MA010120220813324778,아이엠도넛,아이엠도넛,서울특별시 용산구 새창로14길 42-1,서울특별시용산구새창로14길421,서울특별시,용산구,용산구,11170,11170,126.959278574617,37.5376808321367,소상공인시장진흥공단 상가(상권)정보,미확인,exact,high,3130056,용산용문시장,전통시장,matched,,소상공인시장진흥공단 상가(상권)정보,2026-06-30,아이엠도넛,서울특별시용산구새창로14길421,아이엠도넛iamdonut
BRD_20080200063,신라명과,MA010120220813341802,신라명과길음뉴타운점,신라명과길음뉴타운점,서울특별시 성북구 길음로7길 36-12,서울특별시성북구길음로7길3612,서울특별시,성북구,성북구,11290,11290,127.021981024172,37.6033413365481,소상공인시장진흥공단 상가(상권)정보,미확인,prefix,medium,3110307,길음역 7번,골목상권,matched,,소상공인시장진흥공단 상가(상권)정보,2026-06-30,신라명과길음뉴타운점,서울특별시성북구길음로7길3612,신라명과
BRD_20080200064,파리바게뜨,MA010120220813374395,파리바게뜨길동우성점,파리바게뜨길동우성점,서울특별시 강동구 명일로 202,서울특별시강동구명일로202,서울특별시,강동구,강동구,11740,11740,127.14594578475,37.5367327085189,소상공인시장진흥공단 상가(상권)정보,미확인,prefix,medium,3111083,GS강동자이아파트,골목상권,matched,,소상공인시장진흥공단 상가(상권)정보,2026-06-30,파리바게뜨길동우성점,서울특별시강동구명일로202,파리바게뜨
BRD_20080200064,파리바게뜨,MA010120220813430494,파리바게뜨카페서초역점,파리바게뜨카페서초역점,서울특별시 서초구 반포대로27길 13,서울특별시서초구반포대로27길13,서울특별시,서초구,서초구,11650,11650,127.007609885452,37.489691123207,소상공인시장진흥공단 상가(상권)정보,미확인,prefix,medium,3120169,서초역,발달상권,matched,,소상공인시장진흥공단 상가(상권)정보,2026-06-30,파리바게뜨카페서초역점,서울특별시서초구반포대로27길13,파리바게뜨
BRD_20080100039,뚜레쥬르,MA010120220813454204,뚜레쥬르마천 사거리점,뚜레쥬르마천사거리점,서울특별시 송파구 마천로 269,서울특별시송파구마천로269,서울특별시,송파구,송파구,11710,11710,127.147000965764,37.4978621429672,소상공인시장진흥공단 상가(상권)정보,미확인,prefix,medium,3111044,남천초등학교,골목상권,matched,,소상공인시장진흥공단 상가(상권)정보,2026-06-30,뚜레쥬르마천사거리점,서울특별시송파구마천로269,뚜레쥬르
BRD_20080100039,뚜레쥬르,MA010120220813465251,뚜레쥬르점 역삼역,뚜레쥬르점역삼역,서울특별시 강남구 테헤란로20길 9,서울특별시강남구테헤란로20길9,서울특별시,강남구,강남구,11680,11680,127.034548502342,37.4991829299187,소상공인시장진흥공단 상가(상권)정보,미확인,prefix,medium,3120197,역삼역,발달상권,matched,,소상공인시장진흥공단 상가(상권)정보,2026-06-30,뚜레쥬르점역삼역,서울특별시강남구테헤란로20길9,뚜레쥬르
BRD_20220797,타타스베이글,MA010120220813493691,타타스베이글 성수점,타타스베이글성수점,서울특별시 성동구 성수이로7가길 13,서울특별시성동구성수이로7가길13,서울특별시,성동구,성동구,11200,11200,127.05505985758,37.5414502072266,소상공인시장진흥공단 상가(상권)정보,미확인,exact,high,3110131,성수동카페거리,골목상권,matched,,소상공인시장진흥공단 상가(상권)정보,2026-06-30,타타스베이글성수점,서울특별시성동구성수이로7가길13,타타스베이글
BRD_20080200064,파리바게뜨,MA010120220813512161,파리바게뜨원효로점,파리바게뜨원효로점,서울특별시 용산구 새창로 131,서울특별시용산구새창로131,서울특별시,용산구,용산구,11170,11170,126.961440539873,37.5359966870336,소상공인시장진흥공단 상가(상권)정보,미확인,prefix,medium,3110063,효창공원앞역 5번,골목상권,matched,,소상공인시장진흥공단 상가(상권)정보,2026-06-30,파리바게뜨원효로점,서울특별시용산구새창로131,파리바게뜨
BRD_20080200064,파리바게뜨,MA010120220813518727,파리바게뜨신내 중앙점,파리바게뜨신내중앙점,서울특별시 중랑구 봉화산로 194,서울특별시중랑구봉화산로194,서울특별시,중랑구,중랑구,11260,11260,127.094711466519,37.6064588447966,소상공인시장진흥공단 상가(상권)정보,미확인,prefix,medium,3130113,신아타운,전통시장,matched,,소상공인시장진흥공단 상가(상권)정보,2026-06-30,파리바게뜨신내중앙점,서울특별시중랑구봉화산로194,파리바게뜨
BRD_20080200064,파리바게뜨,MA010120220813588106,파리바게뜨 신정점,파리바게뜨신정점,서울특별시 양천구 신목로 34,서울특별시양천구신목로34,서울특별시,양천구,양천구,11470,11470,126.873952882418,37.5186635174883,소상공인시장진흥공단 상가(상권)정보,미확인,exact,high,3110627,신정롯데캐슬아파트,골목상권,matched,,소상공인시장진흥공단 상가(상권)정보,2026-06-30,파리바게뜨신정점,서울특별시양천구신목로34,파리바게뜨
BRD_20080100039,뚜레쥬르,MA010120220813619055,뚜레쥬르 증산역점,뚜레쥬르증산역점,서울특별시 서대문구 증가로 259,서울특별시서대문구증가로259,서울특별시,서대문구,서대문구,11410,11410,126.911170682817,37.5836683387803,소상공인시장진흥공단 상가(상권)정보,미확인,exact,high,3110495,북가좌2동주민센터,골목상권,matched,,소상공인시장진흥공단 상가(상권)정보,2026-06-30,뚜레쥬르증산역점,서울특별시서대문구증가로259,뚜레쥬르
BRD_20170827,핫브레드 ,MA010120220813643581,핫브레드양재역점,핫브레드양재역점,서울특별시 서초구 남부순환로 2585,서울특별시서초구남부순환로2585,서울특별시,서초구,서초구,11650,11650,127.03454147717,37.4839288771295,소상공인시장진흥공단 상가(상권)정보,미확인,prefix,medium,3120179,양재역,발달상권,matched,,소상공인시장진흥공단 상가(상권)정보,2026-06-30,핫브레드양재역점,서울특별시서초구남부순환로2585,핫브레드
BRD_20080200064,파리바게뜨,MA010120220813645842,파리바게뜨 신대방역점,파리바게뜨신대방역점,서울특별시 관악구 신사로 102,서울특별시관악구신사로102,서울특별시,관악구,관악구,11620,11620,126.913806676842,37.4870470044771,소상공인시장진흥공단 상가(상권)정보,미확인,exact,high,3110858,신대방역 1번,골목상권,matched,,소상공인시장진흥공단 상가(상권)정보,2026-06-30,파리바게뜨신대방역점,서울특별시관악구신사로102,파리바게뜨
BRD_20080100039,뚜레쥬르,MA010120220813653186,뚜레쥬르상도래미안점,뚜레쥬르상도래미안점,서울특별시 동작구 상도로37길 74,서울특별시동작구상도로37길74,서울특별시,동작구,동작구,11590,11590,126.952831619112,37.4979351764817,소상공인시장진흥공단 상가(상권)정보,미확인,prefix,medium,3130268,상도전통시장,전통시장,matched,,소상공인시장진흥공단 상가(상권)정보,2026-06-30,뚜레쥬르상도래미안점,서울특별시동작구상도로37길74,뚜레쥬르
BRD_20080200064,파리바게뜨,MA010120220813655911,파리바게뜨역말 사거리점,파리바게뜨역말사거리점,서울특별시 은평구 연서로 73,서울특별시은평구연서로73,서울특별시,은평구,은평구,11380,11380,126.915074306001,37.6056463917987,소상공인시장진흥공단 상가(상권)정보,미확인,prefix,medium,3110455,역촌노인복지관,골목상권,matched,,소상공인시장진흥공단 상가(상권)정보,2026-06-30,파리바게뜨역말사거리점,서울특별시은평구연서로73,파리바게뜨
BRD_20080200064,파리바게뜨,MA010120220813707805,파리바게뜨,파리바게뜨,서울특별시 강서구 양천로 693,서울특별시강서구양천로693,서울특별시,강서구,강서구,11500,11500,126.873243118303,37.5503869774813,소상공인시장진흥공단 상가(상권)정보,미확인,exact,high,3110679,염창역 2번,골목상권,matched_nearest_300m,,소상공인시장진흥공단 상가(상권)정보,2026-06-30,파리바게뜨,서울특별시강서구양천로693,파리바게뜨
BRD_20080200064,파리바게뜨,MA010120220813739030,파리바게뜨독산역점,파리바게뜨독산역점,서울특별시 금천구 범안로 1152,서울특별시금천구범안로1152,서울특별시,금천구,금천구,11545,11545,126.88985488764,37.4663579504761,소상공인시장진흥공단 상가(상권)정보,미확인,prefix,medium,3110727,독산역 1번 출입구,골목상권,matched,,소상공인시장진흥공단 상가(상권)정보,2026-06-30,파리바게뜨독산역점,서울특별시금천구범안로1152,파리바게뜨
BRD_20080500016,던킨/던킨도너츠,MA010120220813752916,에이치엔드림던킨도너츠 신림양지병원점,에이치엔드림던킨도너츠신림양지병원점,서울특별시 관악구 남부순환로 1640,서울특별시관악구남부순환로1640,서울특별시,관악구,관악구,11620,11620,126.932895350927,37.4843113135827,소상공인시장진흥공단 상가(상권)정보,미확인,contains_nonprefix,low,3110880,신림역 1번,골목상권,matched,,소상공인시장진흥공단 상가(상권)정보,2026-06-30,에이치엔드림던킨도너츠신림양지병원점,서울특별시관악구남부순환로1640,던킨던킨도너츠
BRD_20080100039,뚜레쥬르,MA010120220813767508,뚜레쥬르카페오금역점,뚜레쥬르카페오금역점,서울특별시 송파구 오금로 307,서울특별시송파구오금로307,서울특별시,송파구,송파구,11710,11710,127.126654874105,37.5034539221813,소상공인시장진흥공단 상가(상권)정보,미확인,prefix,medium,3120239,오금역,발달상권,matched,,소상공인시장진흥공단 상가(상권)정보,2026-06-30,뚜레쥬르카페오금역점,서울특별시송파구오금로307,뚜레쥬르
BRD_20080200064,파리바게뜨,MA010120220813800796,이수태평파리바게뜨,이수태평파리바게뜨,서울특별시 동작구 동작대로27가길 6,서울특별시동작구동작대로27가길6,서울특별시,동작구,동작구,11590,11590,126.980970238765,37.4873021648446,소상공인시장진흥공단 상가(상권)정보,미확인,contains_nonprefix,low,3120156,"총신대입구역(이수, 총신대)",발달상권,matched,,소상공인시장진흥공단 상가(상권)정보,2026-06-30,이수태평파리바게뜨,서울특별시동작구동작대로27가길6,파리바게뜨
BRD_20080200064,파리바게뜨,MA010120220813821628,파리바게뜨수서역점,파리바게뜨수서역점,서울특별시 강남구 광평로 280,서울특별시강남구광평로280,서울특별시,강남구,강남구,11680,11680,127.103108980611,37.4873217752786,소상공인시장진흥공단 상가(상권)정보,미확인,prefix,medium,3120224,수서역,발달상권,matched,,소상공인시장진흥공단 상가(상권)정보,2026-06-30,파리바게뜨수서역점,서울특별시강남구광평로280,파리바게뜨
BRD_20080100039,뚜레쥬르,MA010120220813872925,뚜레쥬르문래역점,뚜레쥬르문래역점,서울특별시 영등포구 문래로20길 14,서울특별시영등포구문래로20길14,서울특별시,영등포구,영등포구,11560,11560,126.89332081521,37.5171328734744,소상공인시장진흥공단 상가(상권)정보,미확인,prefix,medium,3120137,문래역(문래로데오거리),발달상권,matched_nearest_300m,,소상공인시장진흥공단 상가(상권)정보,2026-06-30,뚜레쥬르문래역점,서울특별시영등포구문래로20길14,뚜레쥬르
BRD_20170827,핫브레드 ,MA010120220813878811,핫브레드면목역점,핫브레드면목역점,서울특별시 중랑구 면목로 407,서울특별시중랑구면목로407,서울특별시,중랑구,중랑구,11260,11260,127.087566829068,37.5883904837967,소상공인시장진흥공단 상가(상권)정보,미확인,prefix,medium,3110260,면목역 3번,골목상권,matched,,소상공인시장진흥공단 상가(상권)정보,2026-06-30,핫브레드면목역점,서울특별시중랑구면목로407,핫브레드
BRD_20080200287,브레댄코(bread&co.DAILY-NEW),MA010120220813887809,브레댄코 광운대점,브레댄코광운대점,서울특별시 노원구 광운로 20,서울특별시노원구광운로20,서울특별시,노원구,노원구,11350,11350,127.058334096341,37.6193125115343,소상공인시장진흥공단 상가(상권)정보,미확인,exact,high,3110418,광운대학교 남단,골목상권,matched_nearest_300m,,소상공인시장진흥공단 상가(상권)정보,2026-06-30,브레댄코광운대점,서울특별시노원구광운로20,브레댄코breadcodailynew
BRD_20080200064,파리바게뜨,MA010120220813949642,파리바게뜨강동역점,파리바게뜨강동역점,서울특별시 강동구 성안로 170,서울특별시강동구성안로170,서울특별시,강동구,강동구,11740,11740,127.136081937923,37.5380509365289,소상공인시장진흥공단 상가(상권)정보,미확인,prefix,medium,3120246,길동역,발달상권,matched_nearest_300m,,소상공인시장진흥공단 상가(상권)정보,2026-06-30,파리바게뜨강동역점,서울특별시강동구성안로170,파리바게뜨
BRD_20080500016,던킨/던킨도너츠,MA010120220813961640,던킨 중곡점,던킨중곡점,서울특별시 광진구 긴고랑로 43,서울특별시광진구긴고랑로43,서울특별시,광진구,광진구,11215,11215,127.081176017189,37.5629059225615,소상공인시장진흥공단 상가(상권)정보,영업중,exact,high,3130083,"중곡제일시장(중곡제일골목시장, 광성시장)",전통시장,matched,,소상공인시장진흥공단 상가(상권)정보,2026-06-30,던킨중곡점,서울특별시광진구긴고랑로43,던킨던킨도너츠
BRD_20080100039,뚜레쥬르,MA010120220813966678,뚜레쥬르중앙대100주년관,뚜레쥬르중앙대100주년관,서울특별시 동작구 흑석로 84,서울특별시동작구흑석로84,서울특별시,동작구,동작구,11590,11590,126.95383390613,37.5047291564945,소상공인시장진흥공단 상가(상권)정보,미확인,prefix,medium,3110836,상도역 5번,골목상권,matched_nearest_300m,,소상공인시장진흥공단 상가(상권)정보,2026-06-30,뚜레쥬르중앙대100주년관,서울특별시동작구흑석로84,뚜레쥬르
BRD_20080200064,파리바게뜨,MA010120220813975936,파리바게뜨,파리바게뜨,서울특별시 서대문구 세검정로 52-1,서울특별시서대문구세검정로521,서울특별시,서대문구,서대문구,11410,11410,126.947076641163,37.5923844761138,소상공인시장진흥공단 상가(상권)정보,미확인,exact,high,3110529,홍제3동주민센터,골목상권,matched,,소상공인시장진흥공단 상가(상권)정보,2026-06-30,파리바게뜨,서울특별시서대문구세검정로521,파리바게뜨
BRD_20080200064,파리바게뜨,MA010120220814008768,파리바게뜨관악남현점,파리바게뜨관악남현점,서울특별시 관악구 남현길 7,서울특별시관악구남현길7,서울특별시,관악구,관악구,11620,11620,126.977705840688,37.4760660128656,소상공인시장진흥공단 상가(상권)정보,미확인,prefix,medium,3110902,사당역 4번,골목상권,matched,,소상공인시장진흥공단 상가(상권)정보,2026-06-30,파리바게뜨관악남현점,서울특별시관악구남현길7,파리바게뜨
BRD_20080100039,뚜레쥬르,MA010120220814042073,뚜레쥬르불광현대점,뚜레쥬르불광현대점,서울특별시 은평구 불광로 60,서울특별시은평구불광로60,서울특별시,은평구,은평구,11380,11380,126.932157590653,37.6122977395513,소상공인시장진흥공단 상가(상권)정보,미확인,prefix,medium,3130171,불광먹자골목 골목형상점가,전통시장,matched_nearest_300m,,소상공인시장진흥공단 상가(상권)정보,2026-06-30,뚜레쥬르불광현대점,서울특별시은평구불광로60,뚜레쥬르
BRD_20080200064,파리바게뜨,MA010120220814077486,파리바게뜨KBS 여의도점,파리바게뜨kbs여의도점,서울특별시 영등포구 의사당대로 26,서울특별시영등포구의사당대로26,서울특별시,영등포구,영등포구,11560,11560,126.918105445019,37.5265320948017,소상공인시장진흥공단 상가(상권)정보,미확인,prefix,medium,3120148,국회의사당역(국회의사당),발달상권,matched,,소상공인시장진흥공단 상가(상권)정보,2026-06-30,파리바게뜨kbs여의도점,서울특별시영등포구의사당대로26,파리바게뜨
BRD_20080200064,파리바게뜨,MA010120220814090784,파리바게뜨 발산역점,파리바게뜨발산역점,서울특별시 강서구 강서로 380,서울특별시강서구강서로380,서울특별시,강서구,강서구,11500,11500,126.838866477467,37.5594721675257,소상공인시장진흥공단 상가(상권)정보,미확인,exact,high,3120119,발산역(마곡),발달상권,matched,,소상공인시장진흥공단 상가(상권)정보,2026-06-30,파리바게뜨발산역점,서울특별시강서구강서로380,파리바게뜨
BRD_20080500016,던킨/던킨도너츠,MA010120220814091081,던킨길음뉴타운점,던킨길음뉴타운점,서울특별시 성북구 길음로7길 6,서울특별시성북구길음로7길6,서울특별시,성북구,성북구,11290,11290,127.022434307972,37.6043413504016,소상공인시장진흥공단 상가(상권)정보,영업중,prefix_short_brand_confirmed_safe,medium,3110307,길음역 7번,골목상권,matched,,소상공인시장진흥공단 상가(상권)정보,2026-06-30,던킨길음뉴타운점,서울특별시성북구길음로7길6,던킨던킨도너츠
BRD_20080200064,파리바게뜨,MA010120220814209664,파리바게뜨암사 브라운스톤점,파리바게뜨암사브라운스톤점,서울특별시 강동구 상암로 54,서울특별시강동구상암로54,서울특별시,강동구,강동구,11740,11740,127.129312365548,37.5491948892611,소상공인시장진흥공단 상가(상권)정보,미확인,prefix,medium,3111060,암사역 2번(서울강동초등학교),골목상권,matched,,소상공인시장진흥공단 상가(상권)정보,2026-06-30,파리바게뜨암사브라운스톤점,서울특별시강동구상암로54,파리바게뜨
BRD_20080200064,파리바게뜨,MA010120220814235307,파리바게뜨방학역점,파리바게뜨방학역점,서울특별시 도봉구 도봉로150길 43,서울특별시도봉구도봉로150길43,서울특별시,도봉구,도봉구,11320,11320,127.045846617481,37.6662953401235,소상공인시장진흥공단 상가(상권)정보,미확인,prefix,medium,3110410,방학역 2번,골목상권,matched_nearest_300m,,소상공인시장진흥공단 상가(상권)정보,2026-06-30,파리바게뜨방학역점,서울특별시도봉구도봉로150길43,파리바게뜨
BRD_20080500016,던킨/던킨도너츠,MA010120220814250805,던킨신정뉴타운점,던킨신정뉴타운점,서울특별시 양천구 신월로 289,서울특별시양천구신월로289,서울특별시,양천구,양천구,11470,11470,126.85293010915,37.5214683586447,소상공인시장진흥공단 상가(상권)정보,미확인,prefix_short_brand_confirmed_safe,medium,3120108,신정네거리역,발달상권,matched,,소상공인시장진흥공단 상가(상권)정보,2026-06-30,던킨신정뉴타운점,서울특별시양천구신월로289,던킨던킨도너츠
BRD_20080100039,뚜레쥬르,MA010120220814304993,뚜레쥬르 낙성대점,뚜레쥬르낙성대점,서울특별시 관악구 인헌6길 21,서울특별시관악구인헌6길21,서울특별시,관악구,관악구,11620,11620,126.965530976818,37.4738826445022,소상공인시장진흥공단 상가(상권)정보,미확인,exact,high,3110900,낙성대역 1번(관악구민 종합체육센터),골목상권,matched,,소상공인시장진흥공단 상가(상권)정보,2026-06-30,뚜레쥬르낙성대점,서울특별시관악구인헌6길21,뚜레쥬르
BRD_20080200064,파리바게뜨,MA010120220814319124,파리바게뜨까페하월곡동일점,파리바게뜨까페하월곡동일점,서울특별시 성북구 종암로 186,서울특별시성북구종암로186,서울특별시,성북구,성북구,11290,11290,127.031461000441,37.6064205761518,소상공인시장진흥공단 상가(상권)정보,미확인,prefix,medium,3110316,숭곡초등학교,골목상권,matched_nearest_300m,,소상공인시장진흥공단 상가(상권)정보,2026-06-30,파리바게뜨까페하월곡동일점,서울특별시성북구종암로186,파리바게뜨
BRD_20080100039,뚜레쥬르,MA010120220814341017,뚜레쥬르신도림태영,뚜레쥬르신도림태영,서울특별시 구로구 경인로59길 8,서울특별시구로구경인로59길8,서울특별시,구로구,구로구,11530,11530,126.883428609787,37.5063925689598,소상공인시장진흥공단 상가(상권)정보,미확인,prefix,medium,3120125,구로역,발달상권,matched_nearest_300m,,소상공인시장진흥공단 상가(상권)정보,2026-06-30,뚜레쥬르신도림태영,서울특별시구로구경인로59길8,뚜레쥬르
BRD_20080500016,던킨/던킨도너츠,MA010120220814349499,던킨도너츠 뉴코아강남점,던킨도너츠뉴코아강남점,서울특별시 서초구 잠원로 69,서울특별시서초구잠원로69,서울특별시,서초구,서초구,11650,11650,127.006978584701,37.5102611320798,소상공인시장진흥공단 상가(상권)정보,미확인,exact,high,3110927,잠원역,골목상권,matched_nearest_300m,,소상공인시장진흥공단 상가(상권)정보,2026-06-30,던킨도너츠뉴코아강남점,서울특별시서초구잠원로69,던킨던킨도너츠
BRD_20212010,복호두,MA0101202209A0034955,복호두 공덕점,복호두공덕점,서울특별시 마포구 마포대로 156,서울특별시마포구마포대로156,서울특별시,마포구,마포구,11440,11440,126.954305236683,37.5478512969416,소상공인시장진흥공단 상가(상권)정보,영업중,exact,high,3110586,서울서부지방법원,골목상권,matched,,소상공인시장진흥공단 상가(상권)정보,2026-06-30,복호두공덕점,서울특별시마포구마포대로156,복호두
BRD_20080100039,뚜레쥬르,MA0101202209A0045751,뚜레쥬르홍제역점,뚜레쥬르홍제역점,서울특별시 서대문구 통일로 451,서울특별시서대문구통일로451,서울특별시,서대문구,서대문구,11410,11410,126.943852397184,37.5886708986688,소상공인시장진흥공단 상가(상권)정보,미확인,prefix,medium,3120095,홍제역,발달상권,matched,,소상공인시장진흥공단 상가(상권)정보,2026-06-30,뚜레쥬르홍제역점,서울특별시서대문구통일로451,뚜레쥬르
BRD_20080200064,파리바게뜨,MA0101202209A0049450,파리바게뜨신방화,파리바게뜨신방화,서울특별시 강서구 방화대로34길 86,서울특별시강서구방화대로34길86,서울특별시,강서구,강서구,11500,11500,126.821172175888,37.5707722007968,소상공인시장진흥공단 상가(상권)정보,미확인,prefix,medium,3110641,공항고등학교,골목상권,matched_nearest_300m,,소상공인시장진흥공단 상가(상권)정보,2026-06-30,파리바게뜨신방화,서울특별시강서구방화대로34길86,파리바게뜨
BRD_20150052,빵장수단팥빵,MA0101202209A0081890,빵장수단팥빵 천호점,빵장수단팥빵천호점,서울특별시 강동구 천호대로 1065,서울특별시강동구천호대로1065,서울특별시,강동구,강동구,11740,11740,127.130286864287,37.5369312225389,소상공인시장진흥공단 상가(상권)정보,미확인,exact,high,3111056,천호태영아파트,골목상권,matched_nearest_300m,,소상공인시장진흥공단 상가(상권)정보,2026-06-30,빵장수단팥빵천호점,서울특별시강동구천호대로1065,빵장수단팥빵
BRD_20080200064,파리바게뜨,MA0101202209A0092716,파리바게뜨거여역점,파리바게뜨거여역점,서울특별시 송파구 오금로 505,서울특별시송파구오금로505,서울특별시,송파구,송파구,11710,11710,127.144752853942,37.4931977076368,소상공인시장진흥공단 상가(상권)정보,미확인,prefix,medium,3120241,거여역,발달상권,matched,,소상공인시장진흥공단 상가(상권)정보,2026-06-30,파리바게뜨거여역점,서울특별시송파구오금로505,파리바게뜨
BRD_20170827,핫브레드 ,MA0101202209A0094153,핫브레드 발산역점,핫브레드발산역점,서울특별시 강서구 공항대로 267,서울특별시강서구공항대로267,서울특별시,강서구,강서구,11500,11500,126.837305567326,37.5590285388509,소상공인시장진흥공단 상가(상권)정보,미확인,exact,high,3120119,발산역(마곡),발달상권,matched,,소상공인시장진흥공단 상가(상권)정보,2026-06-30,핫브레드발산역점,서울특별시강서구공항대로267,핫브레드
BRD_20170827,핫브레드 ,MA0101202210A0021948,핫브레드내방역점,핫브레드내방역점,서울특별시 서초구 서초대로 103,서울특별시서초구서초대로103,서울특별시,서초구,서초구,11650,11650,126.993181829631,37.4875287526724,소상공인시장진흥공단 상가(상권)정보,미확인,prefix,medium,3120164,내방역,발달상권,matched,,소상공인시장진흥공단 상가(상권)정보,2026-06-30,핫브레드내방역점,서울특별시서초구서초대로103,핫브레드
BRD_20080200064,파리바게뜨,MA0101202210A0034429,파리바게뜨잠실스타,파리바게뜨잠실스타,서울특별시 송파구 백제고분로 200,서울특별시송파구백제고분로200,서울특별시,송파구,송파구,11710,11710,127.088779879241,37.5038308410052,소상공인시장진흥공단 상가(상권)정보,미확인,prefix,medium,3111005,삼전역 3번,골목상권,matched,,소상공인시장진흥공단 상가(상권)정보,2026-06-30,파리바게뜨잠실스타,서울특별시송파구백제고분로200,파리바게뜨
BRD_20140306,롤링핀,MA0101202210A0064463,롤링핀고대구로 병원점,롤링핀고대구로병원점,서울특별시 구로구 구로동로 148,서울특별시구로구구로동로148,서울특별시,구로구,구로구,11530,11530,126.884684723883,37.4912208636741,소상공인시장진흥공단 상가(상권)정보,미확인,prefix_short_brand,medium_short_brand,3130229,남구로시장,전통시장,matched_nearest_300m,,소상공인시장진흥공단 상가(상권)정보,2026-06-30,롤링핀고대구로병원점,서울특별시구로구구로동로148,롤링핀
BRD_20221183,바이웨이(BYWAY),MA0101202210A0074684,바이웨이 청량리점,바이웨이청량리점,서울특별시 동대문구 왕산로 272-1,서울특별시동대문구왕산로2721,서울특별시,동대문구,동대문구,11230,11230,127.051106534709,37.5848439697178,소상공인시장진흥공단 상가(상권)정보,미확인,exact,high,3120063,청량리역(청량리),발달상권,matched,,소상공인시장진흥공단 상가(상권)정보,2026-06-30,바이웨이청량리점,서울특별시동대문구왕산로2721,바이웨이byway
BRD_20080100039,뚜레쥬르,MA0101202210A0076704,뚜레쥬르암사라인점,뚜레쥬르암사라인점,서울특별시 강동구 고덕로 53,서울특별시강동구고덕로53,서울특별시,강동구,강동구,11740,11740,127.13126946177,37.5552834730105,소상공인시장진흥공단 상가(상권)정보,미확인,prefix,medium,3111061,암사역 1번,골목상권,matched_nearest_300m,,소상공인시장진흥공단 상가(상권)정보,2026-06-30,뚜레쥬르암사라인점,서울특별시강동구고덕로53,뚜레쥬르
BRD_20080200287,브레댄코(bread&co.DAILY-NEW),MA0101202210A0080353,브레댄코상 왕십리점,브레댄코상왕십리점,서울특별시 성동구 왕십리로 410,서울특별시성동구왕십리로410,서울특별시,성동구,성동구,11200,11200,127.028003092986,37.5661470647073,소상공인시장진흥공단 상가(상권)정보,미확인,prefix,medium,3110110,상왕십리역 6번,골목상권,matched_nearest_300m,,소상공인시장진흥공단 상가(상권)정보,2026-06-30,브레댄코상왕십리점,서울특별시성동구왕십리로410,브레댄코breadcodailynew
BRD_20080200064,파리바게뜨,MA0101202210A0080499,파리바게뜨은평 신사점,파리바게뜨은평신사점,서울특별시 은평구 가좌로 321,서울특별시은평구가좌로321,서울특별시,은평구,은평구,11380,11380,126.909332901297,37.5960375628894,소상공인시장진흥공단 상가(상권)정보,미확인,prefix,medium,3110453,신사1동주민센터,골목상권,matched_nearest_300m,,소상공인시장진흥공단 상가(상권)정보,2026-06-30,파리바게뜨은평신사점,서울특별시은평구가좌로321,파리바게뜨
BRD_20220529,하르당,MA0101202210A0086463,하르당남구로 시장점,하르당남구로시장점,서울특별시 구로구 구로동로26길 123,서울특별시구로구구로동로26길123,서울특별시,구로구,구로구,11530,11530,126.890939709444,37.4899383631959,소상공인시장진흥공단 상가(상권)정보,영업중,prefix_short_brand,medium_short_brand,3110714,구로4동주민센터,골목상권,matched,,소상공인시장진흥공단 상가(상권)정보,2026-06-30,하르당남구로시장점,서울특별시구로구구로동로26길123,하르당
BRD_20170827,핫브레드 ,MA0101202210A0088022,핫브레드사가정역점,핫브레드사가정역점,서울특별시 중랑구 사가정로 393,서울특별시중랑구사가정로393,서울특별시,중랑구,중랑구,11260,11260,127.088407030126,37.5808034972101,소상공인시장진흥공단 상가(상권)정보,미확인,prefix,medium,3120068,사가정역,발달상권,matched,,소상공인시장진흥공단 상가(상권)정보,2026-06-30,핫브레드사가정역점,서울특별시중랑구사가정로393,핫브레드
BRD_20080500016,던킨/던킨도너츠,MA0101202210A0095834,던킨장안 중앙점,던킨장안중앙점,서울특별시 동대문구 사가정로25길 60,서울특별시동대문구사가정로25길60,서울특별시,동대문구,동대문구,11230,11230,127.071210784596,37.5814458188694,소상공인시장진흥공단 상가(상권)정보,영업중,prefix_short_brand_confirmed_safe,medium,3110231,장안교,골목상권,matched_nearest_300m,,소상공인시장진흥공단 상가(상권)정보,2026-06-30,던킨장안중앙점,서울특별시동대문구사가정로25길60,던킨던킨도너츠
BRD_20080100039,뚜레쥬르,MA0101202210A0098498,뚜레쥬르카페 응암점,뚜레쥬르카페응암점,서울특별시 은평구 응암로 277,서울특별시은평구응암로277,서울특별시,은평구,은평구,11380,11380,126.919172439777,37.5965582762371,소상공인시장진흥공단 상가(상권)정보,미확인,prefix,medium,3110470,신진과학기술고등학교,골목상권,matched,,소상공인시장진흥공단 상가(상권)정보,2026-06-30,뚜레쥬르카페응암점,서울특별시은평구응암로277,뚜레쥬르
BRD_20080200064,파리바게뜨,MA0101202211A0007312,파리바게뜨강동 구청점,파리바게뜨강동구청점,서울특별시 강동구 성내로 19,서울특별시강동구성내로19,서울특별시,강동구,강동구,11740,11740,127.122831114394,37.5303528995999,소상공인시장진흥공단 상가(상권)정보,미확인,prefix,medium,3120242,강동구청역,발달상권,matched,,소상공인시장진흥공단 상가(상권)정보,2026-06-30,파리바게뜨강동구청점,서울특별시강동구성내로19,파리바게뜨
BRD_20080500016,던킨/던킨도너츠,MA0101202211A0058753,던킨도너츠수서역점,던킨도너츠수서역점,서울특별시 강남구 밤고개로 99,서울특별시강남구밤고개로99,서울특별시,강남구,강남구,11680,11680,127.104553631224,37.4854193791753,소상공인시장진흥공단 상가(상권)정보,미확인,prefix,medium,3120224,수서역,발달상권,matched_nearest_300m,,소상공인시장진흥공단 상가(상권)정보,2026-06-30,던킨도너츠수서역점,서울특별시강남구밤고개로99,던킨던킨도너츠
BRD_20080200064,파리바게뜨,MA0101202211A0059211,파리바게뜨 신대방역점,파리바게뜨신대방역점,서울특별시 관악구 신사로 102,서울특별시관악구신사로102,서울특별시,관악구,관악구,11620,11620,126.913806676842,37.4870470044771,소상공인시장진흥공단 상가(상권)정보,미확인,exact,high,3110858,신대방역 1번,골목상권,matched,,소상공인시장진흥공단 상가(상권)정보,2026-06-30,파리바게뜨신대방역점,서울특별시관악구신사로102,파리바게뜨
BRD_20080100039,뚜레쥬르,MA0101202211A0063738,뚜레쥬르강서증미역점,뚜레쥬르강서증미역점,서울특별시 강서구 양천로 570,서울특별시강서구양천로570,서울특별시,강서구,강서구,11500,11500,126.862005399481,37.556726409659,소상공인시장진흥공단 상가(상권)정보,미확인,prefix,medium,3110671,등촌1동주민센터,골목상권,matched_nearest_300m,,소상공인시장진흥공단 상가(상권)정보,2026-06-30,뚜레쥬르강서증미역점,서울특별시강서구양천로570,뚜레쥬르
BRD_20120100621,더베이크,MA0101202211A0076375,더베이크 서초점,더베이크서초점,서울특별시 서초구 효령로 304,서울특별시서초구효령로304,서울특별시,서초구,서초구,11650,11650,127.017807990612,37.4847344817979,소상공인시장진흥공단 상가(상권)정보,영업중,exact,high,3120175,남부터미널역,발달상권,matched,,소상공인시장진흥공단 상가(상권)정보,2026-06-30,더베이크서초점,서울특별시서초구효령로304,더베이크
BRD_20080100039,뚜레쥬르,MA0101202212A0043159,뚜레쥬르동선 브라운스톤점,뚜레쥬르동선브라운스톤점,서울특별시 성북구 아리랑로5길 25,서울특별시성북구아리랑로5길25,서울특별시,성북구,성북구,11290,11290,127.014109061398,37.5960625339467,소상공인시장진흥공단 상가(상권)정보,미확인,prefix,medium,3110296,성신여대입구역 4번,골목상권,matched_nearest_300m,,소상공인시장진흥공단 상가(상권)정보,2026-06-30,뚜레쥬르동선브라운스톤점,서울특별시성북구아리랑로5길25,뚜레쥬르
BRD_20170827,핫브레드 ,MA0101202212A0066756,핫브레드고덕역점,핫브레드고덕역점,서울특별시 강동구 고덕로 253,서울특별시강동구고덕로253,서울특별시,강동구,강동구,11740,11740,127.153948852309,37.5550488513339,소상공인시장진흥공단 상가(상권)정보,미확인,prefix,medium,3120249,고덕역,발달상권,matched_nearest_300m,,소상공인시장진흥공단 상가(상권)정보,2026-06-30,핫브레드고덕역점,서울특별시강동구고덕로253,핫브레드
BRD_20080200064,파리바게뜨,MA0101202212A0088222,파리바게뜨 사당역점,파리바게뜨사당역점,서울특별시 동작구 동작대로 25,서울특별시동작구동작대로25,서울특별시,동작구,동작구,11590,11590,126.981345499523,37.4787426419547,소상공인시장진흥공단 상가(상권)정보,미확인,exact,high,3130274,사당1동먹자골목상점가(사당1동먹자골목),전통시장,matched,,소상공인시장진흥공단 상가(상권)정보,2026-06-30,파리바게뜨사당역점,서울특별시동작구동작대로25,파리바게뜨
BRD_20080200064,파리바게뜨,MA0101202301A0098505,파리바게뜨,파리바게뜨,서울특별시 양천구 월정로 29,서울특별시양천구월정로29,서울특별시,양천구,양천구,11470,11470,126.842724365352,37.5224913616446,소상공인시장진흥공단 상가(상권)정보,미확인,exact,high,3110604,신월4동주민센터,골목상권,matched,,소상공인시장진흥공단 상가(상권)정보,2026-06-30,파리바게뜨,서울특별시양천구월정로29,파리바게뜨
BRD_20080200064,파리바게뜨,MA0101202301A0098618,파리바게뜨개봉역 북부점,파리바게뜨개봉역북부점,서울특별시 구로구 경인로40길 34,서울특별시구로구경인로40길34,서울특별시,구로구,구로구,11530,11530,126.858805013314,37.4953914586605,소상공인시장진흥공단 상가(상권)정보,미확인,prefix,medium,3110703,개봉역,골목상권,matched,,소상공인시장진흥공단 상가(상권)정보,2026-06-30,파리바게뜨개봉역북부점,서울특별시구로구경인로40길34,파리바게뜨
BRD_20080200064,파리바게뜨,MA0101202301A0099250,파리바게뜨 방학점,파리바게뜨방학점,서울특별시 도봉구 방학로 174,서울특별시도봉구방학로174,서울특별시,도봉구,도봉구,11320,11320,127.032720069967,37.6626327194514,소상공인시장진흥공단 상가(상권)정보,미확인,exact,high,3110390,방학초등학교,골목상권,matched,,소상공인시장진흥공단 상가(상권)정보,2026-06-30,파리바게뜨방학점,서울특별시도봉구방학로174,파리바게뜨
BRD_20080200064,파리바게뜨,MA0101202302A0012597,파리바게뜨문정 중앙점,파리바게뜨문정중앙점,서울특별시 송파구 새말로 140,서울특별시송파구새말로140,서울특별시,송파구,송파구,11710,11710,127.129515534554,37.4834394654784,소상공인시장진흥공단 상가(상권)정보,미확인,prefix,medium,3111026,문정역 2번,골목상권,matched_nearest_300m,,소상공인시장진흥공단 상가(상권)정보,2026-06-30,파리바게뜨문정중앙점,서울특별시송파구새말로140,파리바게뜨
BRD_20220529,하르당,MA0101202302A0026612,하르당한티역점,하르당한티역점,서울특별시 강남구 선릉로 313,서울특별시강남구선릉로313,서울특별시,강남구,강남구,11680,11680,127.051929096397,37.4976088174273,소상공인시장진흥공단 상가(상권)정보,영업중,prefix_short_brand,medium_short_brand,3130307,도곡시장,전통시장,matched,,소상공인시장진흥공단 상가(상권)정보,2026-06-30,하르당한티역점,서울특별시강남구선릉로313,하르당
BRD_20251346,라미,MA0101202302A0033590,라미에뜨,라미에뜨,서울특별시 강남구 삼성로71길 29,서울특별시강남구삼성로71길29,서울특별시,강남구,강남구,11680,11680,127.056523367904,37.5015621252434,소상공인시장진흥공단 상가(상권)정보,영업중,prefix_short_brand,medium_short_brand,3110992,도곡초등학교,골목상권,matched,,소상공인시장진흥공단 상가(상권)정보,2026-06-30,라미에뜨,서울특별시강남구삼성로71길29,라미
BRD_20080200287,브레댄코(bread&co.DAILY-NEW),MA0101202302A0050619,브레댄코 중앙대점,브레댄코중앙대점,서울특별시 동작구 흑석로 84,서울특별시동작구흑석로84,서울특별시,동작구,동작구,11590,11590,126.953856475565,37.5048102557916,소상공인시장진흥공단 상가(상권)정보,미확인,exact,high,3110836,상도역 5번,골목상권,matched_nearest_300m,,소상공인시장진흥공단 상가(상권)정보,2026-06-30,브레댄코중앙대점,서울특별시동작구흑석로84,브레댄코breadcodailynew
BRD_20080200064,파리바게뜨,MA0101202302A0059526,파리바게뜨상계 본점,파리바게뜨상계본점,서울특별시 노원구 한글비석로15길 3,서울특별시노원구한글비석로15길3,서울특별시,노원구,노원구,11350,11350,127.074434487987,37.6581088654399,소상공인시장진흥공단 상가(상권)정보,미확인,prefix,medium,3110430,중계초등학교,골목상권,matched,,소상공인시장진흥공단 상가(상권)정보,2026-06-30,파리바게뜨상계본점,서울특별시노원구한글비석로15길3,파리바게뜨
BRD_20080200064,파리바게뜨,MA0101202302A0059905,파리바게뜨레이크펠리스점,파리바게뜨레이크펠리스점,서울특별시 송파구 석촌호수로 140,서울특별시송파구석촌호수로140,서울특별시,송파구,송파구,11710,11710,127.092504648549,37.5070175405828,소상공인시장진흥공단 상가(상권)정보,미확인,prefix,medium,3111006,석촌고분역 1번,골목상권,matched_nearest_300m,,소상공인시장진흥공단 상가(상권)정보,2026-06-30,파리바게뜨레이크펠리스점,서울특별시송파구석촌호수로140,파리바게뜨
BRD_20080200064,파리바게뜨,MA0101202302A0083824,파리바게뜨문정카페점,파리바게뜨문정카페점,서울특별시 송파구 송이로 238,서울특별시송파구송이로238,서울특별시,송파구,송파구,11710,11710,127.131309583672,37.4877983625321,소상공인시장진흥공단 상가(상권)정보,미확인,prefix,medium,3111031,장지동주민센터(한림연예예술고교),골목상권,matched,,소상공인시장진흥공단 상가(상권)정보,2026-06-30,파리바게뜨문정카페점,서울특별시송파구송이로238,파리바게뜨
BRD_20220529,하르당,MA0101202302A0084008,하르당 불광역점,하르당불광역점,서울특별시 은평구 통일로 731,서울특별시은평구통일로731,서울특별시,은평구,은평구,11380,11380,126.929463600419,37.6106203207268,소상공인시장진흥공단 상가(상권)정보,영업중,exact,high,3130170,제일시장,전통시장,matched,,소상공인시장진흥공단 상가(상권)정보,2026-06-30,하르당불광역점,서울특별시은평구통일로731,하르당
BRD_20080100039,뚜레쥬르,MA0101202302A0092222,뚜레쥬르도봉 구청점,뚜레쥬르도봉구청점,서울특별시 도봉구 도봉로150길 43,서울특별시도봉구도봉로150길43,서울특별시,도봉구,도봉구,11320,11320,127.045722140887,37.6666197414487,소상공인시장진흥공단 상가(상권)정보,미확인,prefix,medium,3110410,방학역 2번,골목상권,matched_nearest_300m,,소상공인시장진흥공단 상가(상권)정보,2026-06-30,뚜레쥬르도봉구청점,서울특별시도봉구도봉로150길43,뚜레쥬르
BRD_20220253,곤트란쉐리에(Gontran Cherrier),MA0101202302A0093210,곤트란쉐리에 선릉점,곤트란쉐리에선릉점,서울특별시 강남구 테헤란로52길 6,서울특별시강남구테헤란로52길6,서울특별시,강남구,강남구,11680,11680,127.047115149402,37.5032060825836,소상공인시장진흥공단 상가(상권)정보,미확인,exact,high,3120210,선릉역,발달상권,matched,,소상공인시장진흥공단 상가(상권)정보,2026-06-30,곤트란쉐리에선릉점,서울특별시강남구테헤란로52길6,곤트란쉐리에gontrancherrier
BRD_20260378,빵굼터,MA0101202302A0093742,빵굼터영등포구청역점,빵굼터영등포구청역점,서울특별시 영등포구 당산로 121,서울특별시영등포구당산로121,서울특별시,영등포구,영등포구,11560,11560,126.896623284244,37.5256953335083,소상공인시장진흥공단 상가(상권)정보,미확인,prefix_short_brand,medium_short_brand,3120136,영등포구청역,발달상권,matched,,소상공인시장진흥공단 상가(상권)정보,2026-06-30,빵굼터영등포구청역점,서울특별시영등포구당산로121,빵굼터
BRD_20080100039,뚜레쥬르,MA0101202303A0012561,뚜레쥬르충암점,뚜레쥬르충암점,서울특별시 서대문구 가좌로 141,서울특별시서대문구가좌로141,서울특별시,서대문구,서대문구,11410,11410,126.923634885218,37.5845330037272,소상공인시장진흥공단 상가(상권)정보,미확인,prefix,medium,3110503,명지대학교교회,골목상권,matched,,소상공인시장진흥공단 상가(상권)정보,2026-06-30,뚜레쥬르충암점,서울특별시서대문구가좌로141,뚜레쥬르
BRD_20080500016,던킨/던킨도너츠,MA0101202303A0020852,던킨은평성모병원,던킨은평성모병원,서울특별시 은평구 통일로 1021,서울특별시은평구통일로1021,서울특별시,은평구,은평구,11380,11380,126.916152747157,37.6336138172402,소상공인시장진흥공단 상가(상권)정보,영업중,prefix_short_brand_confirmed_safe,medium,3120089,구파발역,발달상권,matched_nearest_300m,,소상공인시장진흥공단 상가(상권)정보,2026-06-30,던킨은평성모병원,서울특별시은평구통일로1021,던킨던킨도너츠
BRD_20080200064,파리바게뜨,MA0101202303A0026607,파리바게뜨 장한평점,파리바게뜨장한평점,서울특별시 동대문구 장한로2길 7,서울특별시동대문구장한로2길7,서울특별시,동대문구,동대문구,11230,11230,127.066008809986,37.562374778818,소상공인시장진흥공단 상가(상권)정보,미확인,exact,high,3120066,장한평역(장한평),발달상권,matched,,소상공인시장진흥공단 상가(상권)정보,2026-06-30,파리바게뜨장한평점,서울특별시동대문구장한로2길7,파리바게뜨
BRD_20080100675,호밀호두,MA0101202303A0033776,호밀호두선정릉역점,호밀호두선정릉역점,서울특별시 강남구 선릉로 580,서울특별시강남구선릉로580,서울특별시,강남구,강남구,11680,11680,127.043636293555,37.5108569511784,소상공인시장진흥공단 상가(상권)정보,미확인,prefix,medium,3120207,선정릉역,발달상권,matched,,소상공인시장진흥공단 상가(상권)정보,2026-06-30,호밀호두선정릉역점,서울특별시강남구선릉로580,호밀호두
BRD_20080200064,파리바게뜨,MA0101202303A0034134,파리바게뜨,파리바게뜨,서울특별시 강동구 고덕로 131,서울특별시강동구고덕로131,서울특별시,강동구,강동구,11740,11740,127.143865244976,37.5550885981567,소상공인시장진흥공단 상가(상권)정보,미확인,exact,high,3120248,명일역,발달상권,matched_nearest_300m,,소상공인시장진흥공단 상가(상권)정보,2026-06-30,파리바게뜨,서울특별시강동구고덕로131,파리바게뜨
BRD_20080200064,파리바게뜨,MA0101202303A0034951,파리바게뜨 헬리오시티점,파리바게뜨헬리오시티점,서울특별시 송파구 송파대로 345,서울특별시송파구송파대로345,서울특별시,송파구,송파구,11710,11710,127.102535079859,37.4976117735384,소상공인시장진흥공단 상가(상권)정보,영업중,exact,high,3111009,송파책박물관,골목상권,matched_nearest_300m,,소상공인시장진흥공단 상가(상권)정보,2026-06-30,파리바게뜨헬리오시티점,서울특별시송파구송파대로345,파리바게뜨
BRD_20170827,핫브레드 ,MA0101202303A0045797,핫브레드수유역점,핫브레드수유역점,서울특별시 강북구 도봉로 338,서울특별시강북구도봉로338,서울특별시,강북구,강북구,11305,11305,127.025356109701,37.6377493784458,소상공인시장진흥공단 상가(상권)정보,미확인,prefix,medium,3120076,수유역,발달상권,matched,,소상공인시장진흥공단 상가(상권)정보,2026-06-30,핫브레드수유역점,서울특별시강북구도봉로338,핫브레드
BRD_20220121,와플샵,MA0101202303A0046003,와플샵 서울대입구역점,와플샵서울대입구역점,서울특별시 관악구 남부순환로 1827,서울특별시관악구남부순환로1827,서울특별시,관악구,관악구,11620,11620,126.953407361013,37.4813388443707,소상공인시장진흥공단 상가(상권)정보,미확인,exact,high,3120159,서울대입구역,발달상권,matched,,소상공인시장진흥공단 상가(상권)정보,2026-06-30,와플샵서울대입구역점,서울특별시관악구남부순환로1827,와플샵
BRD_20240814,보리원,MA0101202303A0064151,보리원 압구정점,보리원압구정점,서울특별시 강남구 압구정로29길 68,서울특별시강남구압구정로29길68,서울특별시,강남구,강남구,11680,11680,127.029189793365,37.5325395313996,소상공인시장진흥공단 상가(상권)정보,영업중,exact,high,3130304,신사상가,전통시장,matched_nearest_300m,,소상공인시장진흥공단 상가(상권)정보,2026-06-30,보리원압구정점,서울특별시강남구압구정로29길68,보리원
BRD_20080100039,뚜레쥬르,MA0101202303A0067390,뚜레쥬르마포 홍대점,뚜레쥬르마포홍대점,서울특별시 마포구 홍익로 10,서울특별시마포구홍익로10,서울특별시,마포구,마포구,11440,11440,126.923756865524,37.5537280517289,소상공인시장진흥공단 상가(상권)정보,미확인,prefix,medium,3120103,홍대입구역(홍대),발달상권,matched,,소상공인시장진흥공단 상가(상권)정보,2026-06-30,뚜레쥬르마포홍대점,서울특별시마포구홍익로10,뚜레쥬르
BRD_20212010,복호두,MA0101202303A0069501,복호두강동상일점,복호두강동상일점,서울특별시 강동구 고덕로 385,서울특별시강동구고덕로385,서울특별시,강동구,강동구,11740,11740,127.168417523053,37.5573626808699,소상공인시장진흥공단 상가(상권)정보,영업중,prefix_short_brand_confirmed_safe,medium,3130326,고덕 골목형상점가,전통시장,matched_nearest_300m,,소상공인시장진흥공단 상가(상권)정보,2026-06-30,복호두강동상일점,서울특별시강동구고덕로385,복호두
BRD_20120100621,더베이크,MA0101202303A0094366,더베이크,더베이크,서울특별시 성동구 왕십리광장로 17,서울특별시성동구왕십리광장로17,서울특별시,성동구,성동구,11200,11200,127.038391477602,37.5614409428511,소상공인시장진흥공단 상가(상권)정보,미확인,exact,high,3120049,왕십리역(왕십리),발달상권,matched,,소상공인시장진흥공단 상가(상권)정보,2026-06-30,더베이크,서울특별시성동구왕십리광장로17,더베이크
BRD_20170827,핫브레드 ,MA0101202303A0111911,핫브레드이수역점,핫브레드이수역점,서울특별시 동작구 동작대로 117,서울특별시동작구동작대로117,서울특별시,동작구,동작구,11590,11590,126.98219133997,37.487554637466,소상공인시장진흥공단 상가(상권)정보,미확인,prefix,medium,3120156,"총신대입구역(이수, 총신대)",발달상권,matched,,소상공인시장진흥공단 상가(상권)정보,2026-06-30,핫브레드이수역점,서울특별시동작구동작대로117,핫브레드
BRD_20170827,핫브레드 ,MA0101202305A0003416,핫브레드망원역점,핫브레드망원역점,서울특별시 마포구 월드컵로 77,서울특별시마포구월드컵로77,서울특별시,마포구,마포구,11440,11440,126.910026451473,37.5560609807251,소상공인시장진흥공단 상가(상권)정보,미확인,prefix,medium,3120100,망원역,발달상권,matched,,소상공인시장진흥공단 상가(상권)정보,2026-06-30,핫브레드망원역점,서울특별시마포구월드컵로77,핫브레드
BRD_20080200064,파리바게뜨,MA0101202305A0015110,파리바게뜨삼성카페점,파리바게뜨삼성카페점,서울특별시 강남구 테헤란로88길 17,서울특별시강남구테헤란로88길17,서울특별시,강남구,강남구,11680,11680,127.06028203278,37.50655183678,소상공인시장진흥공단 상가(상권)정보,미확인,prefix,medium,3120222,삼성역,발달상권,matched,,소상공인시장진흥공단 상가(상권)정보,2026-06-30,파리바게뜨삼성카페점,서울특별시강남구테헤란로88길17,파리바게뜨
BRD_20220253,곤트란쉐리에(Gontran Cherrier),MA0101202305A0029603,곤트란쉐리에 청계점,곤트란쉐리에청계점,서울특별시 중구 난계로15길 63,서울특별시중구난계로15길63,서울특별시,중구,중구,11140,11140,127.01993344019,37.5690048595845,소상공인시장진흥공단 상가(상권)정보,미확인,exact,high,3130054,황학동주방가구거리상점가,전통시장,matched,,소상공인시장진흥공단 상가(상권)정보,2026-06-30,곤트란쉐리에청계점,서울특별시중구난계로15길63,곤트란쉐리에gontrancherrier
BRD_20240814,보리원,MA0101202305A0030473,보리원,보리원,서울특별시 서초구 마방로2길 59,서울특별시서초구마방로2길59,서울특별시,서초구,서초구,11650,11650,127.03949820341,37.4709257566592,소상공인시장진흥공단 상가(상권)정보,미확인,exact,high,3120182,"양재시민의숲역(양재동꽃시장, aT센터)",발달상권,matched,,소상공인시장진흥공단 상가(상권)정보,2026-06-30,보리원,서울특별시서초구마방로2길59,보리원
BRD_20080500016,던킨/던킨도너츠,MA0101202305A0039256,던킨도너츠경복궁도반 병원점,던킨도너츠경복궁도반병원점,서울특별시 종로구 새문안로5가길 33,서울특별시종로구새문안로5가길33,서울특별시,종로구,종로구,11110,11110,126.97293324042,37.5748238680022,소상공인시장진흥공단 상가(상권)정보,미확인,prefix,medium,3120003,광화문역,발달상권,matched,,소상공인시장진흥공단 상가(상권)정보,2026-06-30,던킨도너츠경복궁도반병원점,서울특별시종로구새문안로5가길33,던킨던킨도너츠
BRD_20170827,핫브레드 ,MA0101202305A0046435,핫브레드 남성역점,핫브레드남성역점,서울특별시 동작구 사당로 218,서울특별시동작구사당로218,서울특별시,동작구,동작구,11590,11590,126.971710844578,37.4844441144296,소상공인시장진흥공단 상가(상권)정보,미확인,exact,high,3130271,남성역골목시장,전통시장,matched,,소상공인시장진흥공단 상가(상권)정보,2026-06-30,핫브레드남성역점,서울특별시동작구사당로218,핫브레드
BRD_20080100039,뚜레쥬르,MA0101202305A0050580,뚜레쥬르구로지타워,뚜레쥬르구로지타워,서울특별시 구로구 디지털로26길 38,서울특별시구로구디지털로26길38,서울특별시,구로구,구로구,11530,11530,126.895318456557,37.4798510340822,소상공인시장진흥공단 상가(상권)정보,미확인,prefix,medium,3110722,G타워,골목상권,matched,,소상공인시장진흥공단 상가(상권)정보,2026-06-30,뚜레쥬르구로지타워,서울특별시구로구디지털로26길38,뚜레쥬르
BRD_20221121,솔트앤스낵,MA0101202305A0062350,솔트앤스낵까치산역점,솔트앤스낵까치산역점,서울특별시 강서구 강서로 55,서울특별시강서구강서로55,서울특별시,강서구,강서구,11500,11500,126.845882236326,37.5326498064759,소상공인시장진흥공단 상가(상권)정보,미확인,prefix,medium,3120121,까치산역,발달상권,matched,,소상공인시장진흥공단 상가(상권)정보,2026-06-30,솔트앤스낵까치산역점,서울특별시강서구강서로55,솔트앤스낵
BRD_20080100039,뚜레쥬르,MA0101202305A0066442,뚜레쥬르 자양점,뚜레쥬르자양점,서울특별시 광진구 능동로 50,서울특별시광진구능동로50,서울특별시,광진구,광진구,11215,11215,127.069175915672,37.5356763813577,소상공인시장진흥공단 상가(상권)정보,미확인,exact,high,3110140,건대입구역 6번,골목상권,matched_nearest_300m,,소상공인시장진흥공단 상가(상권)정보,2026-06-30,뚜레쥬르자양점,서울특별시광진구능동로50,뚜레쥬르
BRD_20080100039,뚜레쥬르,MA0101202305A0070529,뚜레쥬르군자역점,뚜레쥬르군자역점,서울특별시 광진구 능동로 302,서울특별시광진구능동로302,서울특별시,광진구,광진구,11215,11215,127.07953944564,37.5565910491538,소상공인시장진흥공단 상가(상권)정보,미확인,prefix,medium,3120055,군자역,발달상권,matched,,소상공인시장진흥공단 상가(상권)정보,2026-06-30,뚜레쥬르군자역점,서울특별시광진구능동로302,뚜레쥬르
BRD_20080200064,파리바게뜨,MA0101202305A0073918,파리바게뜨신길역점,파리바게뜨신길역점,서울특별시 영등포구 영등포로 359,서울특별시영등포구영등포로359,서울특별시,영등포구,영등포구,11560,11560,126.91850298287,37.5146751737661,소상공인시장진흥공단 상가(상권)정보,미확인,prefix,medium,3110810,영신초등학교,골목상권,matched_nearest_300m,,소상공인시장진흥공단 상가(상권)정보,2026-06-30,파리바게뜨신길역점,서울특별시영등포구영등포로359,파리바게뜨
BRD_20080200064,파리바게뜨,MA0101202305A0107882,파리바게뜨신길돈보스코,파리바게뜨신길돈보스코,서울특별시 영등포구 여의대방로 55,서울특별시영등포구여의대방로55,서울특별시,영등포구,영등포구,11560,11560,126.912811689289,37.4967501207765,소상공인시장진흥공단 상가(상권)정보,미확인,prefix,medium,3110812,신길6동주민센터,골목상권,matched_nearest_300m,,소상공인시장진흥공단 상가(상권)정보,2026-06-30,파리바게뜨신길돈보스코,서울특별시영등포구여의대방로55,파리바게뜨
BRD_20260730,르말뒤페이,MA0101202305A0117129,르말뒤페이,르말뒤페이,서울특별시 송파구 가락로 139,서울특별시송파구가락로139,서울특별시,송파구,송파구,11710,11710,127.111159351247,37.5024153436698,소상공인시장진흥공단 상가(상권)정보,미확인,exact,high,3120230,송파사거리(송파역),발달상권,matched,,소상공인시장진흥공단 상가(상권)정보,2026-06-30,르말뒤페이,서울특별시송파구가락로139,르말뒤페이
BRD_20080200064,파리바게뜨,MA0101202305A0133076,파리바게뜨강남구청카페점,파리바게뜨강남구청카페점,서울특별시 강남구 학동로 421,서울특별시강남구학동로421,서울특별시,강남구,강남구,11680,11680,127.046276313228,37.5183883382768,소상공인시장진흥공단 상가(상권)정보,미확인,prefix,medium,3120209,"강남구청(청담역_8번, 강남세무서)",발달상권,matched,,소상공인시장진흥공단 상가(상권)정보,2026-06-30,파리바게뜨강남구청카페점,서울특별시강남구학동로421,파리바게뜨
BRD_20240814,보리원,MA0101202305A0146063,보리원잠실엘스점,보리원잠실엘스점,서울특별시 송파구 올림픽로 119,서울특별시송파구올림픽로119,서울특별시,송파구,송파구,11710,11710,127.0841861696,37.5120874067389,소상공인시장진흥공단 상가(상권)정보,영업중,prefix_short_brand,medium_short_brand,3120225,잠실새내역(신천),발달상권,matched,,소상공인시장진흥공단 상가(상권)정보,2026-06-30,보리원잠실엘스점,서울특별시송파구올림픽로119,보리원
BRD_20170827,핫브레드 ,MA0101202305A0185384,핫브레드상도역점,핫브레드상도역점,서울특별시 동작구 상도로 272,서울특별시동작구상도로272,서울특별시,동작구,동작구,11590,11590,126.947705120213,37.5032129131744,소상공인시장진흥공단 상가(상권)정보,미확인,prefix,medium,3110836,상도역 5번,골목상권,matched_nearest_300m,,소상공인시장진흥공단 상가(상권)정보,2026-06-30,핫브레드상도역점,서울특별시동작구상도로272,핫브레드
BRD_20080200064,파리바게뜨,MA0101202305A0204506,파리바게뜨발산 중앙점,파리바게뜨발산중앙점,서울특별시 강서구 강서로 301,서울특별시강서구강서로301,서울특별시,강서구,강서구,11500,11500,126.83608562045,37.5527739349649,소상공인시장진흥공단 상가(상권)정보,미확인,prefix,medium,3110645,우장산역 4번,골목상권,matched,,소상공인시장진흥공단 상가(상권)정보,2026-06-30,파리바게뜨발산중앙점,서울특별시강서구강서로301,파리바게뜨
BRD_20080100039,뚜레쥬르,MA0101202306A0016982,뚜레쥬르용산리첸시아점,뚜레쥬르용산리첸시아점,서울특별시 용산구 백범로 341,서울특별시용산구백범로341,서울특별시,용산구,용산구,11170,11170,126.967945475553,37.5379628127896,소상공인시장진흥공단 상가(상권)정보,미확인,prefix,medium,3110072,열정도,골목상권,matched_nearest_300m,,소상공인시장진흥공단 상가(상권)정보,2026-06-30,뚜레쥬르용산리첸시아점,서울특별시용산구백범로341,뚜레쥬르
BRD_20220121,와플샵,MA0101202306A0022953,와플샵왕십리역사점,와플샵왕십리역사점,서울특별시 성동구 왕십리광장로 17,서울특별시성동구왕십리광장로17,서울특별시,성동구,성동구,11200,11200,127.038391477602,37.5614409428511,소상공인시장진흥공단 상가(상권)정보,영업중,prefix_short_brand,medium_short_brand,3120049,왕십리역(왕십리),발달상권,matched,,소상공인시장진흥공단 상가(상권)정보,2026-06-30,와플샵왕십리역사점,서울특별시성동구왕십리광장로17,와플샵
BRD_20212038,컵넛(cupnut),MA0101202306A0057058,컵넛 중앙대점,컵넛중앙대점,서울특별시 동작구 흑석로 97-1,서울특별시동작구흑석로971,서울특별시,동작구,동작구,11590,11590,126.960391969107,37.5076598040925,소상공인시장진흥공단 상가(상권)정보,미확인,exact,high,3110840,중앙대학교,골목상권,matched,,소상공인시장진흥공단 상가(상권)정보,2026-06-30,컵넛중앙대점,서울특별시동작구흑석로971,컵넛cupnut
BRD_20080500016,던킨/던킨도너츠,MA0101202306A0063233,던킨홍대역점,던킨홍대역점,서울특별시 마포구 양화로 157,서울특별시마포구양화로157,서울특별시,마포구,마포구,11440,11440,126.922950301959,37.5566918098356,소상공인시장진흥공단 상가(상권)정보,영업중,prefix_short_brand_confirmed_safe,medium,3120104,연남동(홍대),발달상권,matched,,소상공인시장진흥공단 상가(상권)정보,2026-06-30,던킨홍대역점,서울특별시마포구양화로157,던킨던킨도너츠
BRD_20080500016,던킨/던킨도너츠,MA0101202306A0096092,던킨 가든파이브점,던킨가든파이브점,서울특별시 송파구 충민로 66,서울특별시송파구충민로66,서울특별시,송파구,송파구,11710,11710,127.12496063833,37.4776148454472,소상공인시장진흥공단 상가(상권)정보,영업중,exact,high,3120236,장지역(가든파이브),발달상권,matched,,소상공인시장진흥공단 상가(상권)정보,2026-06-30,던킨가든파이브점,서울특별시송파구충민로66,던킨던킨도너츠
BRD_20080100039,뚜레쥬르,MA0101202307A0001032,뚜레쥬르경희궁의아침점 광화문,뚜레쥬르경희궁의아침점광화문,서울특별시 종로구 사직로8길 34,서울특별시종로구사직로8길34,서울특별시,종로구,종로구,11110,11110,126.971790478097,37.5732738894533,소상공인시장진흥공단 상가(상권)정보,미확인,prefix,medium,3120003,광화문역,발달상권,matched,,소상공인시장진흥공단 상가(상권)정보,2026-06-30,뚜레쥬르경희궁의아침점광화문,서울특별시종로구사직로8길34,뚜레쥬르
BRD_20240814,보리원,MA0101202307A0051128,보리원 목동점,보리원목동점,서울특별시 양천구 오목로 286,서울특별시양천구오목로286,서울특별시,양천구,양천구,11470,11470,126.869281155864,37.5251276350766,소상공인시장진흥공단 상가(상권)정보,영업중,exact,high,3110621,목동역 5번,골목상권,matched,,소상공인시장진흥공단 상가(상권)정보,2026-06-30,보리원목동점,서울특별시양천구오목로286,보리원
BRD_20080500016,던킨/던킨도너츠,MA0101202307A0104018,던킨양재하나로점,던킨양재하나로점,서울특별시 서초구 청계산로 10,서울특별시서초구청계산로10,서울특별시,서초구,서초구,11650,11650,127.043529632605,37.4635000091067,소상공인시장진흥공단 상가(상권)정보,제외,prefix_short_brand_confirmed_safe,medium,3120182,"양재시민의숲역(양재동꽃시장, aT센터)",발달상권,matched_nearest_300m,행안부 교차검증 결과 폐업 확인됨,소상공인시장진흥공단 상가(상권)정보,2026-06-30,던킨양재하나로점,서울특별시서초구청계산로10,던킨던킨도너츠
BRD_20080100675,호밀호두,MA0101202308A0002206,호밀호두 선릉역점,호밀호두선릉역점,서울특별시 강남구 테헤란로 340,서울특별시강남구테헤란로340,서울특별시,강남구,강남구,11680,11680,127.048948125987,37.5045027851399,소상공인시장진흥공단 상가(상권)정보,미확인,exact,high,3120210,선릉역,발달상권,matched,,소상공인시장진흥공단 상가(상권)정보,2026-06-30,호밀호두선릉역점,서울특별시강남구테헤란로340,호밀호두
BRD_20080200064,파리바게뜨,MA0101202308A0007020,파리바게뜨 안암역점,파리바게뜨안암역점,서울특별시 성북구 고려대로24길 9,서울특별시성북구고려대로24길9,서울특별시,성북구,성북구,11290,11290,127.029504954195,37.5858154082652,소상공인시장진흥공단 상가(상권)정보,미확인,exact,high,3120074,안암역,발달상권,matched,,소상공인시장진흥공단 상가(상권)정보,2026-06-30,파리바게뜨안암역점,서울특별시성북구고려대로24길9,파리바게뜨
BRD_20080200064,파리바게뜨,MA0101202308A0013318,파리바게뜨도봉점,파리바게뜨도봉점,서울특별시 도봉구 도봉로 891,서울특별시도봉구도봉로891,서울특별시,도봉구,도봉구,11320,11320,127.04574416032,37.6840266514904,소상공인시장진흥공단 상가(상권)정보,미확인,prefix,medium,3110397,도봉산입구,골목상권,matched,,소상공인시장진흥공단 상가(상권)정보,2026-06-30,파리바게뜨도봉점,서울특별시도봉구도봉로891,파리바게뜨
BRD_20080100675,호밀호두,MA0101202308A0019780,호밀호두&케이푸드서울숲역점,호밀호두케이푸드서울숲역점,서울특별시 성동구 왕십리로 77,서울특별시성동구왕십리로77,서울특별시,성동구,성동구,11200,11200,127.044707726276,37.5436169791971,소상공인시장진흥공단 상가(상권)정보,미확인,prefix,medium,3120050,서울숲역,발달상권,matched_nearest_300m,,소상공인시장진흥공단 상가(상권)정보,2026-06-30,호밀호두케이푸드서울숲역점,서울특별시성동구왕십리로77,호밀호두
BRD_20080200064,파리바게뜨,MA0101202308A0021652,파리바게뜨디지털미디어시티역점,파리바게뜨디지털미디어시티역점,서울특별시 은평구 수색로 195,서울특별시은평구수색로195,서울특별시,은평구,은평구,11380,11380,126.900682330657,37.5785693675626,소상공인시장진흥공단 상가(상권)정보,미확인,prefix,medium,3110444,수색성당,골목상권,matched_nearest_300m,,소상공인시장진흥공단 상가(상권)정보,2026-06-30,파리바게뜨디지털미디어시티역점,서울특별시은평구수색로195,파리바게뜨
BRD_20080200064,파리바게뜨,MA0101202308A0023151,파리바게뜨구의파크점,파리바게뜨구의파크점,서울특별시 광진구 광나루로 545,서울특별시광진구광나루로545,서울특별시,광진구,광진구,11215,11215,127.089871356833,37.5463573100308,소상공인시장진흥공단 상가(상권)정보,미확인,prefix,medium,3110172,광진초등학교,골목상권,matched_nearest_300m,,소상공인시장진흥공단 상가(상권)정보,2026-06-30,파리바게뜨구의파크점,서울특별시광진구광나루로545,파리바게뜨
BRD_20080100039,뚜레쥬르,MA0101202308A0045405,뚜레쥬르강남대로점,뚜레쥬르강남대로점,서울특별시 강남구 강남대로 524,서울특별시강남구강남대로524,서울특별시,강남구,강남구,11680,11680,127.022767681064,37.5090247676686,소상공인시장진흥공단 상가(상권)정보,미확인,prefix,medium,3120185,논현역,발달상권,matched,,소상공인시장진흥공단 상가(상권)정보,2026-06-30,뚜레쥬르강남대로점,서울특별시강남구강남대로524,뚜레쥬르
BRD_20260378,빵굼터,MA0101202308A0057096,빵굼터,빵굼터,서울특별시 중구 다산로 139,서울특별시중구다산로139,서울특별시,중구,중구,11140,11140,127.011192966266,37.556256910748,소상공인시장진흥공단 상가(상권)정보,미확인,exact,high,3120038,약수역,발달상권,matched,,소상공인시장진흥공단 상가(상권)정보,2026-06-30,빵굼터,서울특별시중구다산로139,빵굼터
BRD_20212010,복호두,MA0101202308A0067674,복호두 문정점,복호두문정점,서울특별시 송파구 법원로 90,서울특별시송파구법원로90,서울특별시,송파구,송파구,11710,11710,127.121352168955,37.4833760514064,소상공인시장진흥공단 상가(상권)정보,영업중,exact,high,3120235,문정역,발달상권,matched,,소상공인시장진흥공단 상가(상권)정보,2026-06-30,복호두문정점,서울특별시송파구법원로90,복호두
BRD_20210139,빵쌤(BBANGSSAEM),MA0101202308A0068785,빵쌤충무로역점,빵쌤충무로역점,서울특별시 중구 충무로 3,서울특별시중구충무로3,서울특별시,중구,중구,11140,11140,126.992880820652,37.5614920199195,소상공인시장진흥공단 상가(상권)정보,미확인,prefix_short_brand,medium_short_brand,3120032,충무로역,발달상권,matched,,소상공인시장진흥공단 상가(상권)정보,2026-06-30,빵쌤충무로역점,서울특별시중구충무로3,빵쌤bbangssaem
BRD_20080500016,던킨/던킨도너츠,MA0101202308A0076599,던킨송파 방이점,던킨송파방이점,서울특별시 송파구 마천로7길 5,서울특별시송파구마천로7길5,서울특별시,송파구,송파구,11710,11710,127.127749348188,37.5085974800192,소상공인시장진흥공단 상가(상권)정보,영업중,prefix_short_brand_confirmed_safe,medium,3111032,방이역 1번,골목상권,matched,,소상공인시장진흥공단 상가(상권)정보,2026-06-30,던킨송파방이점,서울특별시송파구마천로7길5,던킨던킨도너츠
BRD_20080200064,파리바게뜨,MA0101202309A0001537,파리바게뜨수색점,파리바게뜨수색점,서울특별시 은평구 은평터널로 15,서울특별시은평구은평터널로15,서울특별시,은평구,은평구,11380,11380,126.894005799434,37.5846092262317,소상공인시장진흥공단 상가(상권)정보,미확인,prefix,medium,3110443,수색역 1번,골목상권,matched_nearest_300m,,소상공인시장진흥공단 상가(상권)정보,2026-06-30,파리바게뜨수색점,서울특별시은평구은평터널로15,파리바게뜨
BRD_20080200064,파리바게뜨,MA0101202309A0008478,파리바게뜨방학역점,파리바게뜨방학역점,서울특별시 도봉구 도봉로150길 43,서울특별시도봉구도봉로150길43,서울특별시,도봉구,도봉구,11320,11320,127.045846617481,37.6662953401235,소상공인시장진흥공단 상가(상권)정보,미확인,prefix,medium,3110410,방학역 2번,골목상권,matched_nearest_300m,,소상공인시장진흥공단 상가(상권)정보,2026-06-30,파리바게뜨방학역점,서울특별시도봉구도봉로150길43,파리바게뜨
BRD_20080100039,뚜레쥬르,MA0101202309A0032490,뚜레쥬르마곡수명산,뚜레쥬르마곡수명산,서울특별시 강서구 수명로 68-35,서울특별시강서구수명로6835,서울특별시,강서구,강서구,11500,11500,126.826771305617,37.5529858864968,소상공인시장진흥공단 상가(상권)정보,미확인,prefix,medium,3120117,강서농산물도매시장,발달상권,matched_nearest_300m,,소상공인시장진흥공단 상가(상권)정보,2026-06-30,뚜레쥬르마곡수명산,서울특별시강서구수명로6835,뚜레쥬르
BRD_20080100039,뚜레쥬르,MA0101202309A0035678,뚜레쥬르이수역점,뚜레쥬르이수역점,서울특별시 서초구 동작대로 70,서울특별시서초구동작대로70,서울특별시,서초구,서초구,11650,11650,126.982362054093,37.4828423892593,소상공인시장진흥공단 상가(상권)정보,미확인,prefix,medium,3120156,"총신대입구역(이수, 총신대)",발달상권,matched,,소상공인시장진흥공단 상가(상권)정보,2026-06-30,뚜레쥬르이수역점,서울특별시서초구동작대로70,뚜레쥬르
BRD_20080200064,파리바게뜨,MA0101202309A0042093,파리바게뜨강남포이점,파리바게뜨강남포이점,서울특별시 강남구 개포로 209,서울특별시강남구개포로209,서울특별시,강남구,강남구,11680,11680,127.045663901143,37.4786541998145,소상공인시장진흥공단 상가(상권)정보,미확인,prefix,medium,3120184,포이사거리(삼호물산),발달상권,matched,,소상공인시장진흥공단 상가(상권)정보,2026-06-30,파리바게뜨강남포이점,서울특별시강남구개포로209,파리바게뜨
BRD_20080200064,파리바게뜨,MA0101202309A0051984,파리바게뜨가산디지털역점,파리바게뜨가산디지털역점,서울특별시 금천구 가산디지털1로 181,서울특별시금천구가산디지털1로181,서울특별시,금천구,금천구,11545,11545,126.880392123783,37.4814316521548,소상공인시장진흥공단 상가(상권)정보,미확인,prefix,medium,3120131,가산디지털단지,발달상권,matched,,소상공인시장진흥공단 상가(상권)정보,2026-06-30,파리바게뜨가산디지털역점,서울특별시금천구가산디지털1로181,파리바게뜨
BRD_20220121,와플샵,MA0101202309A0053903,와플샵경복궁점,와플샵경복궁점,서울특별시 종로구 자하문로 8,서울특별시종로구자하문로8,서울특별시,종로구,종로구,11110,11110,126.972626854472,37.5768420250361,소상공인시장진흥공단 상가(상권)정보,영업중,prefix_short_brand,medium_short_brand,3120002,서촌(경복궁역),발달상권,matched,,소상공인시장진흥공단 상가(상권)정보,2026-06-30,와플샵경복궁점,서울특별시종로구자하문로8,와플샵
BRD_20080200064,파리바게뜨,MA0101202309A0082210,파리바게뜨월계사슴점,파리바게뜨월계사슴점,서울특별시 노원구 월계로 370,서울특별시노원구월계로370,서울특별시,노원구,노원구,11350,11350,127.061062069171,37.6309158421108,소상공인시장진흥공단 상가(상권)정보,미확인,prefix,medium,3110417,월계역 3번,골목상권,matched_nearest_300m,,소상공인시장진흥공단 상가(상권)정보,2026-06-30,파리바게뜨월계사슴점,서울특별시노원구월계로370,파리바게뜨
BRD_20240611,에그서울,MA0101202310A0041946,에그서울인한옥,에그서울인한옥,서울특별시 종로구 백석동길 8,서울특별시종로구백석동길8,서울특별시,종로구,종로구,11110,11110,126.965963036695,37.5929230185994,소상공인시장진흥공단 상가(상권)정보,미확인,prefix,medium,3110009,자하문터널,골목상권,matched,,소상공인시장진흥공단 상가(상권)정보,2026-06-30,에그서울인한옥,서울특별시종로구백석동길8,에그서울
BRD_20120100621,더베이크,MA0101202310A0071724,더베이크드바이셰프리,더베이크드바이셰프리,서울특별시 강남구 삼성로 150,서울특별시강남구삼성로150,서울특별시,강남구,강남구,11680,11680,127.06856229277,37.4956902012517,소상공인시장진흥공단 상가(상권)정보,미확인,prefix,medium,3120220,대치역,발달상권,matched_nearest_300m,,소상공인시장진흥공단 상가(상권)정보,2026-06-30,더베이크드바이셰프리,서울특별시강남구삼성로150,더베이크
BRD_20080200064,파리바게뜨,MA0101202310A0076167,파리바게뜨상계 중앙점,파리바게뜨상계중앙점,서울특별시 노원구 동일로 1596,서울특별시노원구동일로1596,서울특별시,노원구,노원구,11350,11350,127.056844307135,37.6709756498786,소상공인시장진흥공단 상가(상권)정보,미확인,prefix,medium,3110416,노원초등학교,골목상권,matched,,소상공인시장진흥공단 상가(상권)정보,2026-06-30,파리바게뜨상계중앙점,서울특별시노원구동일로1596,파리바게뜨
BRD_20080200064,파리바게뜨,MA0101202310A0076253,파리바게뜨충정디오빌점,파리바게뜨충정디오빌점,서울특별시 서대문구 서소문로 37,서울특별시서대문구서소문로37,서울특별시,서대문구,서대문구,11410,11410,126.96559284543,37.5607844435855,소상공인시장진흥공단 상가(상권)정보,미확인,prefix,medium,3110538,충정로역 3번,골목상권,matched,,소상공인시장진흥공단 상가(상권)정보,2026-06-30,파리바게뜨충정디오빌점,서울특별시서대문구서소문로37,파리바게뜨
BRD_20260120,야미케이크 (YAMMY CAKE),MA0101202310A0080115,야미케이크,야미케이크,서울특별시 강남구 논현로151길 42,서울특별시강남구논현로151길42,서울특별시,강남구,강남구,11680,11680,127.02471659522,37.5197553324371,소상공인시장진흥공단 상가(상권)정보,미확인,exact,high,3110951,신사은행나무공원,골목상권,matched,,소상공인시장진흥공단 상가(상권)정보,2026-06-30,야미케이크,서울특별시강남구논현로151길42,야미케이크yammycake
BRD_20212010,복호두,MA0101202310A0087066,복호두잠실스타파크점,복호두잠실스타파크점,서울특별시 송파구 올림픽로35가길 10,서울특별시송파구올림픽로35가길10,서울특별시,송파구,송파구,11710,11710,127.102233127197,37.5166772938077,소상공인시장진흥공단 상가(상권)정보,영업중,prefix_short_brand_confirmed_safe,medium,3120227,잠실역,발달상권,matched,,소상공인시장진흥공단 상가(상권)정보,2026-06-30,복호두잠실스타파크점,서울특별시송파구올림픽로35가길10,복호두
BRD_20080200064,파리바게뜨,MA0101202310A0088701,파리바게뜨개봉한진점,파리바게뜨개봉한진점,서울특별시 구로구 개봉로3길 14-2,서울특별시구로구개봉로3길142,서울특별시,구로구,구로구,11530,11530,126.855610612043,37.4864856507921,소상공인시장진흥공단 상가(상권)정보,미확인,prefix,medium,3120124,개봉동 현대아파트,발달상권,matched,,소상공인시장진흥공단 상가(상권)정보,2026-06-30,파리바게뜨개봉한진점,서울특별시구로구개봉로3길142,파리바게뜨
BRD_20080200064,파리바게뜨,MA0101202310A0094970,파리바게뜨중랑역점,파리바게뜨중랑역점,서울특별시 중랑구 망우로 203,서울특별시중랑구망우로203,서울특별시,중랑구,중랑구,11260,11260,127.074936703432,37.5939582983693,소상공인시장진흥공단 상가(상권)정보,미확인,prefix,medium,3110234,중랑역 4번,골목상권,matched,,소상공인시장진흥공단 상가(상권)정보,2026-06-30,파리바게뜨중랑역점,서울특별시중랑구망우로203,파리바게뜨
BRD_20080200287,브레댄코(bread&co.DAILY-NEW),MA0101202311A0017592,브레댄코 강남역점,브레댄코강남역점,서울특별시 서초구 서초대로74길 27,서울특별시서초구서초대로74길27,서울특별시,서초구,서초구,11650,11650,127.027252884411,37.4952834800215,소상공인시장진흥공단 상가(상권)정보,영업중,exact,high,3120189,강남역,발달상권,matched,,소상공인시장진흥공단 상가(상권)정보,2026-06-30,브레댄코강남역점,서울특별시서초구서초대로74길27,브레댄코breadcodailynew
BRD_20080100039,뚜레쥬르,MA0101202311A0017758,뚜레쥬르,뚜레쥬르,서울특별시 송파구 송파대로 111,서울특별시송파구송파대로111,서울특별시,송파구,송파구,11710,11710,127.124884843051,37.4796241752814,소상공인시장진흥공단 상가(상권)정보,미확인,exact,high,3120236,장지역(가든파이브),발달상권,matched_nearest_300m,,소상공인시장진흥공단 상가(상권)정보,2026-06-30,뚜레쥬르,서울특별시송파구송파대로111,뚜레쥬르
BRD_20080100039,뚜레쥬르,MA0101202311A0048182,뚜레쥬르DMC수색초교점,뚜레쥬르dmc수색초교점,서울특별시 은평구 수색로 322,서울특별시은평구수색로322,서울특별시,은평구,은평구,11380,11380,126.89207751536,37.5870942185103,소상공인시장진흥공단 상가(상권)정보,미확인,prefix,medium,3110443,수색역 1번,골목상권,matched_nearest_300m,,소상공인시장진흥공단 상가(상권)정보,2026-06-30,뚜레쥬르dmc수색초교점,서울특별시은평구수색로322,뚜레쥬르
BRD_20080500016,던킨/던킨도너츠,MA0101202311A0075451,던킨도너츠강동 구청점,던킨도너츠강동구청점,서울특별시 강동구 올림픽로 552,서울특별시강동구올림픽로552,서울특별시,강동구,강동구,11740,11740,127.121010409523,37.5308323097046,소상공인시장진흥공단 상가(상권)정보,미확인,prefix,medium,3120242,강동구청역,발달상권,matched,,소상공인시장진흥공단 상가(상권)정보,2026-06-30,던킨도너츠강동구청점,서울특별시강동구올림픽로552,던킨던킨도너츠
BRD_20080100039,뚜레쥬르,MA0101202311A0082672,뚜레쥬르카페목동승희점,뚜레쥬르카페목동승희점,서울특별시 양천구 목동동로 189,서울특별시양천구목동동로189,서울특별시,양천구,양천구,11470,11470,126.870042937517,37.5229210212328,소상공인시장진흥공단 상가(상권)정보,미확인,prefix,medium,3120113,오목교역,발달상권,matched_nearest_300m,,소상공인시장진흥공단 상가(상권)정보,2026-06-30,뚜레쥬르카페목동승희점,서울특별시양천구목동동로189,뚜레쥬르
BRD_20080200287,브레댄코(bread&co.DAILY-NEW),MA0101202406A0001704,브레댄코 고척점,브레댄코고척점,서울특별시 구로구 중앙로 23,서울특별시구로구중앙로23,서울특별시,구로구,구로구,11530,11530,126.863557370567,37.5000192027623,소상공인시장진흥공단 상가(상권)정보,미확인,exact,high,3110704,고척중학교,골목상권,matched,,소상공인시장진흥공단 상가(상권)정보,2026-06-30,브레댄코고척점,서울특별시구로구중앙로23,브레댄코breadcodailynew
BRD_20080200064,파리바게뜨,MA0101202406A0005776,파리바게뜨왕십리역사점,파리바게뜨왕십리역사점,서울특별시 성동구 왕십리광장로 17,서울특별시성동구왕십리광장로17,서울특별시,성동구,성동구,11200,11200,127.038391477602,37.5614409428511,소상공인시장진흥공단 상가(상권)정보,미확인,prefix,medium,3120049,왕십리역(왕십리),발달상권,matched,,소상공인시장진흥공단 상가(상권)정보,2026-06-30,파리바게뜨왕십리역사점,서울특별시성동구왕십리광장로17,파리바게뜨
BRD_20080200064,파리바게뜨,MA0101202406A0030222,파리바게뜨잠실엘스점,파리바게뜨잠실엘스점,서울특별시 송파구 올림픽로 119,서울특별시송파구올림픽로119,서울특별시,송파구,송파구,11710,11710,127.0841861696,37.5120874067389,소상공인시장진흥공단 상가(상권)정보,미확인,prefix,medium,3120225,잠실새내역(신천),발달상권,matched,,소상공인시장진흥공단 상가(상권)정보,2026-06-30,파리바게뜨잠실엘스점,서울특별시송파구올림픽로119,파리바게뜨
BRD_20080200064,파리바게뜨,MA0101202406A0064116,파리바게뜨내발산,파리바게뜨내발산,서울특별시 강서구 강서로47길 165,서울특별시강서구강서로47길165,서울특별시,강서구,강서구,11500,11500,126.826917383628,37.5534365991788,소상공인시장진흥공단 상가(상권)정보,미확인,prefix,medium,3120117,강서농산물도매시장,발달상권,matched_nearest_300m,,소상공인시장진흥공단 상가(상권)정보,2026-06-30,파리바게뜨내발산,서울특별시강서구강서로47길165,파리바게뜨
BRD_20240478,화이트리에,MA0101202406A0086255,화이트리에 여의도점,화이트리에여의도점,서울특별시 영등포구 국제금융로 86,서울특별시영등포구국제금융로86,서울특별시,영등포구,영등포구,11560,11560,126.931799889087,37.5202067499671,소상공인시장진흥공단 상가(상권)정보,미확인,exact,high,3120149,여의도역(여의도),발달상권,matched,,소상공인시장진흥공단 상가(상권)정보,2026-06-30,화이트리에여의도점,서울특별시영등포구국제금융로86,화이트리에
BRD_20212010,복호두,MA0101202406A0088720,복호두 강남역점,복호두강남역점,서울특별시 서초구 강남대로 375,서울특별시서초구강남대로375,서울특별시,서초구,서초구,11650,11650,127.027807416252,37.4964366394126,소상공인시장진흥공단 상가(상권)정보,영업중,exact,high,3120189,강남역,발달상권,matched,,소상공인시장진흥공단 상가(상권)정보,2026-06-30,복호두강남역점,서울특별시서초구강남대로375,복호두
BRD_20080200064,파리바게뜨,MA0101202406A0106150,파리바게뜨면목역점,파리바게뜨면목역점,서울특별시 중랑구 겸재로 181,서울특별시중랑구겸재로181,서울특별시,중랑구,중랑구,11260,11260,127.08778225979,37.588651611551,소상공인시장진흥공단 상가(상권)정보,미확인,prefix,medium,3130111,"동원전통종합시장(동원시장, 동원전통시장 상점가)",전통시장,matched,,소상공인시장진흥공단 상가(상권)정보,2026-06-30,파리바게뜨면목역점,서울특별시중랑구겸재로181,파리바게뜨
BRD_20230232,뉴욕베이글,MA0101202406A0107421,뉴욕베이글,뉴욕베이글,서울특별시 강서구 양천로10길 38,서울특별시강서구양천로10길38,서울특별시,강서구,강서구,11500,11500,126.80863970294,37.5714102772745,소상공인시장진흥공단 상가(상권)정보,미확인,exact,high,3110633,개화산역 1번,골목상권,matched_nearest_300m,,소상공인시장진흥공단 상가(상권)정보,2026-06-30,뉴욕베이글,서울특별시강서구양천로10길38,뉴욕베이글
BRD_20211367,삼송빵집,MA0101202406A0108336,삼송빵집 상봉역점,삼송빵집상봉역점,서울특별시 중랑구 망우로 297,서울특별시중랑구망우로297,서울특별시,중랑구,중랑구,11260,11260,127.085436429372,37.5967172084179,소상공인시장진흥공단 상가(상권)정보,미확인,exact,high,3120069,상봉역,발달상권,matched,,소상공인시장진흥공단 상가(상권)정보,2026-06-30,삼송빵집상봉역점,서울특별시중랑구망우로297,삼송빵집
BRD_20080200064,파리바게뜨,MA0101202406A0109418,파리바게뜨 화곡역점,파리바게뜨화곡역점,서울특별시 강서구 화곡로 161,서울특별시강서구화곡로161,서울특별시,강서구,강서구,11500,11500,126.839164701927,37.5418310439474,소상공인시장진흥공단 상가(상권)정보,미확인,exact,high,3120120,화곡역,발달상권,matched,,소상공인시장진흥공단 상가(상권)정보,2026-06-30,파리바게뜨화곡역점,서울특별시강서구화곡로161,파리바게뜨
BRD_20140306,롤링핀,MA0101202406A0110088,롤링핀 여의도점,롤링핀여의도점,서울특별시 영등포구 국제금융로8길 27-8,서울특별시영등포구국제금융로8길278,서울특별시,영등포구,영등포구,11560,11560,126.928395682336,37.5194659128485,소상공인시장진흥공단 상가(상권)정보,미확인,exact,high,3120149,여의도역(여의도),발달상권,matched,,소상공인시장진흥공단 상가(상권)정보,2026-06-30,롤링핀여의도점,서울특별시영등포구국제금융로8길278,롤링핀
BRD_20240358,돗꽈비,MA0101202406A0124948,돗꽈비 송파점,돗꽈비송파점,서울특별시 송파구 송이로23길 8,서울특별시송파구송이로23길8,서울특별시,송파구,송파구,11710,11710,127.124412978375,37.4950589316399,소상공인시장진흥공단 상가(상권)정보,미확인,exact,high,3111025,경찰병원역 3번,골목상권,matched,,소상공인시장진흥공단 상가(상권)정보,2026-06-30,돗꽈비송파점,서울특별시송파구송이로23길8,돗꽈비
BRD_20080100039,뚜레쥬르,MA0101202406A0127935,뚜레쥬르아현역점,뚜레쥬르아현역점,서울특별시 서대문구 신촌로35길 10,서울특별시서대문구신촌로35길10,서울특별시,서대문구,서대문구,11410,11410,126.955973682702,37.5586458858008,소상공인시장진흥공단 상가(상권)정보,미확인,prefix,medium,3110532,아현역 2번,골목상권,matched_nearest_300m,,소상공인시장진흥공단 상가(상권)정보,2026-06-30,뚜레쥬르아현역점,서울특별시서대문구신촌로35길10,뚜레쥬르
BRD_20080200064,파리바게뜨,MA0101202406A0137657,파리바게뜨신내역점,파리바게뜨신내역점,서울특별시 중랑구 용마산로 670,서울특별시중랑구용마산로670,서울특별시,중랑구,중랑구,11260,11260,127.102454034238,37.6119664302143,소상공인시장진흥공단 상가(상권)정보,미확인,prefix,medium,3110279,신내역 2번,골목상권,matched_nearest_300m,,소상공인시장진흥공단 상가(상권)정보,2026-06-30,파리바게뜨신내역점,서울특별시중랑구용마산로670,파리바게뜨
BRD_20080200064,파리바게뜨,MA0101202406A0144904,파리바게뜨금호1가점,파리바게뜨금호1가점,서울특별시 성동구 난계로 35,서울특별시성동구난계로35,서울특별시,성동구,성동구,11200,11200,127.024479422778,37.5555250956425,소상공인시장진흥공단 상가(상권)정보,미확인,prefix,medium,3110106,금북초등학교,골목상권,matched_nearest_300m,,소상공인시장진흥공단 상가(상권)정보,2026-06-30,파리바게뜨금호1가점,서울특별시성동구난계로35,파리바게뜨
BRD_20080200064,파리바게뜨,MA0101202406A0145285,파리바게뜨압구정신구초교점,파리바게뜨압구정신구초교점,서울특별시 강남구 압구정로18길 31,서울특별시강남구압구정로18길31,서울특별시,강남구,강남구,11680,11680,127.025588740913,37.5230528170624,소상공인시장진흥공단 상가(상권)정보,미확인,prefix,medium,3120188,압구정역,발달상권,matched,,소상공인시장진흥공단 상가(상권)정보,2026-06-30,파리바게뜨압구정신구초교점,서울특별시강남구압구정로18길31,파리바게뜨
BRD_20080200064,파리바게뜨,MA0101202406A0147320,파리바게뜨봉화산역점,파리바게뜨봉화산역점,서울특별시 중랑구 신내로 211,서울특별시중랑구신내로211,서울특별시,중랑구,중랑구,11260,11260,127.092673908406,37.6163533191773,소상공인시장진흥공단 상가(상권)정보,미확인,prefix,medium,3110271,신내역 1번,골목상권,matched_nearest_300m,,소상공인시장진흥공단 상가(상권)정보,2026-06-30,파리바게뜨봉화산역점,서울특별시중랑구신내로211,파리바게뜨
BRD_20080100039,뚜레쥬르,MA0101202406A0147452,뚜레쥬르왕십리민자역사점,뚜레쥬르왕십리민자역사점,서울특별시 성동구 왕십리광장로 17,서울특별시성동구왕십리광장로17,서울특별시,성동구,성동구,11200,11200,127.038391477602,37.5614409428511,소상공인시장진흥공단 상가(상권)정보,미확인,prefix,medium,3120049,왕십리역(왕십리),발달상권,matched,,소상공인시장진흥공단 상가(상권)정보,2026-06-30,뚜레쥬르왕십리민자역사점,서울특별시성동구왕십리광장로17,뚜레쥬르
BRD_20080200064,파리바게뜨,MA0101202406A0150278,파리바게뜨 홍은점,파리바게뜨홍은점,서울특별시 서대문구 홍은중앙로 104,서울특별시서대문구홍은중앙로104,서울특별시,서대문구,서대문구,11410,11410,126.948713530494,37.5995751096836,소상공인시장진흥공단 상가(상권)정보,미확인,exact,high,3130180,포방터시장,전통시장,matched,,소상공인시장진흥공단 상가(상권)정보,2026-06-30,파리바게뜨홍은점,서울특별시서대문구홍은중앙로104,파리바게뜨
BRD_20080200064,파리바게뜨,MA0101202406A0175760,파리바게뜨화곡3동점,파리바게뜨화곡3동점,서울특별시 강서구 화곡로 111,서울특별시강서구화곡로111,서울특별시,강서구,강서구,11500,11500,126.834223496956,37.5402204326208,소상공인시장진흥공단 상가(상권)정보,미확인,prefix,medium,3120120,화곡역,발달상권,matched,,소상공인시장진흥공단 상가(상권)정보,2026-06-30,파리바게뜨화곡3동점,서울특별시강서구화곡로111,파리바게뜨
BRD_20080200064,파리바게뜨,MA0101202406A0204194,파리바게뜨 청량리점,파리바게뜨청량리점,서울특별시 동대문구 답십리로 27,서울특별시동대문구답십리로27,서울특별시,동대문구,동대문구,11230,11230,127.045351681293,37.5792601613273,소상공인시장진흥공단 상가(상권)정보,미확인,exact,high,3120063,청량리역(청량리),발달상권,matched_nearest_300m,,소상공인시장진흥공단 상가(상권)정보,2026-06-30,파리바게뜨청량리점,서울특별시동대문구답십리로27,파리바게뜨
BRD_20080100039,뚜레쥬르,MA0101202406A0230730,뚜레쥬르카페노원역점,뚜레쥬르카페노원역점,서울특별시 노원구 상계로 64,서울특별시노원구상계로64,서울특별시,노원구,노원구,11350,11350,127.062272351939,37.6557913793224,소상공인시장진흥공단 상가(상권)정보,미확인,prefix,medium,3120081,노원역,발달상권,matched,,소상공인시장진흥공단 상가(상권)정보,2026-06-30,뚜레쥬르카페노원역점,서울특별시노원구상계로64,뚜레쥬르
BRD_20150085,못난이꽈배기,MA0101202406A0243748,못난이꽈배기수유역점,못난이꽈배기수유역점,서울특별시 강북구 오패산로 413,서울특별시강북구오패산로413,서울특별시,강북구,강북구,11305,11305,127.026160415409,37.6374338580824,소상공인시장진흥공단 상가(상권)정보,미확인,prefix,medium,3120076,수유역,발달상권,matched,,소상공인시장진흥공단 상가(상권)정보,2026-06-30,못난이꽈배기수유역점,서울특별시강북구오패산로413,못난이꽈배기
BRD_20080200064,파리바게뜨,MA0101202406A0268721,파리바게뜨마곡신방화역점,파리바게뜨마곡신방화역점,서울특별시 강서구 마곡중앙5로 81,서울특별시강서구마곡중앙5로81,서울특별시,강서구,강서구,11500,11500,126.818600157263,37.567119249384,소상공인시장진흥공단 상가(상권)정보,미확인,prefix,medium,3110639,신방화역 8번,골목상권,matched_nearest_300m,,소상공인시장진흥공단 상가(상권)정보,2026-06-30,파리바게뜨마곡신방화역점,서울특별시강서구마곡중앙5로81,파리바게뜨
BRD_20240723,올드몬트베이글,MA0101202406A0302356,올드몬트베이글 송파점,올드몬트베이글송파점,서울특별시 송파구 송파대로37길 60,서울특별시송파구송파대로37길60,서울특별시,송파구,송파구,11710,11710,127.105840505148,37.499960483788,소상공인시장진흥공단 상가(상권)정보,미확인,exact,high,3130312,석촌시장,전통시장,matched,,소상공인시장진흥공단 상가(상권)정보,2026-06-30,올드몬트베이글송파점,서울특별시송파구송파대로37길60,올드몬트베이글
BRD_20201275,호두당,MA0101202406A0318617,호두당,호두당,서울특별시 서초구 서초대로 224,서울특별시서초구서초대로224,서울특별시,서초구,서초구,11650,11650,127.006739333241,37.4910066471694,소상공인시장진흥공단 상가(상권)정보,미확인,exact,high,3120169,서초역,발달상권,matched,,소상공인시장진흥공단 상가(상권)정보,2026-06-30,호두당,서울특별시서초구서초대로224,호두당
BRD_20080200064,파리바게뜨,MA0101202406A0322793,파리바게뜨연남하늘채점,파리바게뜨연남하늘채점,서울특별시 마포구 연남로 42,서울특별시마포구연남로42,서울특별시,마포구,마포구,11440,11440,126.921540222598,37.5630879581404,소상공인시장진흥공단 상가(상권)정보,미확인,prefix,medium,3110562,연트럴파크(연남동주민센터),골목상권,matched,,소상공인시장진흥공단 상가(상권)정보,2026-06-30,파리바게뜨연남하늘채점,서울특별시마포구연남로42,파리바게뜨
BRD_20080100039,뚜레쥬르,MA0101202406A0324076,뚜레쥬르카페 성수낙낙점,뚜레쥬르카페성수낙낙점,서울특별시 성동구 아차산로17길 49,서울특별시성동구아차산로17길49,서울특별시,성동구,성동구,11200,11200,127.065282130301,37.5467608939666,소상공인시장진흥공단 상가(상권)정보,미확인,prefix,medium,3110137,성수초등학교,골목상권,matched,,소상공인시장진흥공단 상가(상권)정보,2026-06-30,뚜레쥬르카페성수낙낙점,서울특별시성동구아차산로17길49,뚜레쥬르
BRD_20080200064,파리바게뜨,MA0101202406A0326370,파리바게뜨대치 삼성점,파리바게뜨대치삼성점,서울특별시 강남구 도곡로 444,서울특별시강남구도곡로444,서울특별시,강남구,강남구,11680,11680,127.059178233462,37.4980198714036,소상공인시장진흥공단 상가(상권)정보,미확인,prefix,medium,3120219,은마아파트,발달상권,matched,,소상공인시장진흥공단 상가(상권)정보,2026-06-30,파리바게뜨대치삼성점,서울특별시강남구도곡로444,파리바게뜨
BRD_20080200064,파리바게뜨,MA0101202406A0331542,파리바게뜨굽은다리역점,파리바게뜨굽은다리역점,서울특별시 강동구 양재대로 1564,서울특별시강동구양재대로1564,서울특별시,강동구,강동구,11740,11740,127.143053939568,37.5450975190227,소상공인시장진흥공단 상가(상권)정보,미확인,prefix,medium,3120247,굽은다리역,발달상권,matched,,소상공인시장진흥공단 상가(상권)정보,2026-06-30,파리바게뜨굽은다리역점,서울특별시강동구양재대로1564,파리바게뜨
BRD_20220529,하르당,MA0101202406A0335902,하르당시흥 사거리점,하르당시흥사거리점,서울특별시 금천구 시흥대로 232,서울특별시금천구시흥대로232,서울특별시,금천구,금천구,11545,11545,126.900948195481,37.4546095656347,소상공인시장진흥공단 상가(상권)정보,미확인,prefix_short_brand,medium_short_brand,3130235,대명여울빛거리시장(대명시장),전통시장,matched,,소상공인시장진흥공단 상가(상권)정보,2026-06-30,하르당시흥사거리점,서울특별시금천구시흥대로232,하르당
BRD_20080200064,파리바게뜨,MA0101202406A0342402,파리바게뜨용산산천점,파리바게뜨용산산천점,서울특별시 용산구 원효로 51,서울특별시용산구원효로51,서울특별시,용산구,용산구,11170,11170,126.950070999467,37.5338570557418,소상공인시장진흥공단 상가(상권)정보,미확인,prefix,medium,3110058,성심여자고등학교,골목상권,matched_nearest_300m,,소상공인시장진흥공단 상가(상권)정보,2026-06-30,파리바게뜨용산산천점,서울특별시용산구원효로51,파리바게뜨
BRD_20080200064,파리바게뜨,MA0101202406A0350641,파리바게뜨대청 타워점,파리바게뜨대청타워점,서울특별시 강남구 개포로 623,서울특별시강남구개포로623,서울특별시,강남구,강남구,11680,11680,127.079654311412,37.49434074324,소상공인시장진흥공단 상가(상권)정보,미확인,prefix,medium,3110997,대청초등학교,골목상권,matched_nearest_300m,,소상공인시장진흥공단 상가(상권)정보,2026-06-30,파리바게뜨대청타워점,서울특별시강남구개포로623,파리바게뜨
BRD_20080100039,뚜레쥬르,MA0101202406A0358028,뚜레쥬르목동 사거리점,뚜레쥬르목동사거리점,서울특별시 강서구 곰달래로 245,서울특별시강서구곰달래로245,서울특별시,강서구,강서구,11500,11500,126.860240509279,37.5321360810476,소상공인시장진흥공단 상가(상권)정보,미확인,prefix,medium,3130221,"남부골목시장(남부화곡시장, 남부시장)",전통시장,matched,,소상공인시장진흥공단 상가(상권)정보,2026-06-30,뚜레쥬르목동사거리점,서울특별시강서구곰달래로245,뚜레쥬르
BRD_20080100039,뚜레쥬르,MA0101202406A0361357,뚜레쥬르독산지식 센터점,뚜레쥬르독산지식센터점,서울특별시 금천구 두산로 70,서울특별시금천구두산로70,서울특별시,금천구,금천구,11545,11545,126.895627546782,37.4689671109965,소상공인시장진흥공단 상가(상권)정보,미확인,prefix,medium,3120132,독산동,발달상권,matched,,소상공인시장진흥공단 상가(상권)정보,2026-06-30,뚜레쥬르독산지식센터점,서울특별시금천구두산로70,뚜레쥬르
BRD_20080200064,파리바게뜨,MA0101202406A0373928,파리바게뜨마곡힐스테이트,파리바게뜨마곡힐스테이트,서울특별시 강서구 마곡중앙1로 71,서울특별시강서구마곡중앙1로71,서울특별시,강서구,강서구,11500,11500,126.817877973046,37.5569008490056,소상공인시장진흥공단 상가(상권)정보,미확인,prefix,medium,3110643,강서구다솔마을,골목상권,matched_nearest_300m,,소상공인시장진흥공단 상가(상권)정보,2026-06-30,파리바게뜨마곡힐스테이트,서울특별시강서구마곡중앙1로71,파리바게뜨
BRD_20080200064,파리바게뜨,MA0101202406A0375289,파리바게뜨,파리바게뜨,서울특별시 노원구 월계로45길 28,서울특별시노원구월계로45길28,서울특별시,노원구,노원구,11350,11350,127.050965358376,37.6268481771542,소상공인시장진흥공단 상가(상권)정보,미확인,exact,high,3110414,장석교회,골목상권,matched_nearest_300m,,소상공인시장진흥공단 상가(상권)정보,2026-06-30,파리바게뜨,서울특별시노원구월계로45길28,파리바게뜨
BRD_20212010,복호두,MA0101202406A0392146,복호두 구로디지털점,복호두구로디지털점,서울특별시 구로구 디지털로26길 110,서울특별시구로구디지털로26길110,서울특별시,구로구,구로구,11530,11530,126.897701030297,37.482033561914,소상공인시장진흥공단 상가(상권)정보,영업중,exact,high,3120129,구로디지털단지,발달상권,matched,,소상공인시장진흥공단 상가(상권)정보,2026-06-30,복호두구로디지털점,서울특별시구로구디지털로26길110,복호두
BRD_20080100039,뚜레쥬르,MA0101202406A0401702,뚜레쥬르길동역점,뚜레쥬르길동역점,서울특별시 강동구 양재대로 1478,서울특별시강동구양재대로1478,서울특별시,강동구,강동구,11740,11740,127.140222450184,37.5376947027802,소상공인시장진흥공단 상가(상권)정보,미확인,prefix,medium,3120246,길동역,발달상권,matched,,소상공인시장진흥공단 상가(상권)정보,2026-06-30,뚜레쥬르길동역점,서울특별시강동구양재대로1478,뚜레쥬르
BRD_20212010,복호두,MA0101202406A0414598,복호두 화곡역점,복호두화곡역점,서울특별시 강서구 화곡로 143,서울특별시강서구화곡로143,서울특별시,강서구,강서구,11500,11500,126.837627315355,37.5411441808898,소상공인시장진흥공단 상가(상권)정보,영업중,exact,high,3120120,화곡역,발달상권,matched,,소상공인시장진흥공단 상가(상권)정보,2026-06-30,복호두화곡역점,서울특별시강서구화곡로143,복호두
BRD_20170827,핫브레드 ,MA0101202406A0416787,핫브레드가산디지털단지역점,핫브레드가산디지털단지역점,서울특별시 금천구 벚꽃로 309,서울특별시금천구벚꽃로309,서울특별시,금천구,금천구,11545,11545,126.882562648639,37.481596010993,소상공인시장진흥공단 상가(상권)정보,제외,prefix,medium,3120131,가산디지털단지,발달상권,matched,행안부 교차검증 결과 폐업 확인됨,소상공인시장진흥공단 상가(상권)정보,2026-06-30,핫브레드가산디지털단지역점,서울특별시금천구벚꽃로309,핫브레드
BRD_20080200064,파리바게뜨,MA0101202406A0421901,파리바게뜨반포가든점,파리바게뜨반포가든점,서울특별시 서초구 고무래로 32,서울특별시서초구고무래로32,서울특별시,서초구,서초구,11650,11650,127.012157526962,37.5024219677637,소상공인시장진흥공단 상가(상권)정보,미확인,prefix,medium,3120170,삼호가든사거리,발달상권,matched,,소상공인시장진흥공단 상가(상권)정보,2026-06-30,파리바게뜨반포가든점,서울특별시서초구고무래로32,파리바게뜨
BRD_20212010,복호두,MA0101202406A0425536,복호두 대치점,복호두대치점,서울특별시 강남구 선릉로 310,서울특별시강남구선릉로310,서울특별시,강남구,강남구,11680,11680,127.052788302402,37.497257044116,소상공인시장진흥공단 상가(상권)정보,영업중,exact,high,3120212,한티역,발달상권,matched,,소상공인시장진흥공단 상가(상권)정보,2026-06-30,복호두대치점,서울특별시강남구선릉로310,복호두
BRD_20080200064,파리바게뜨,MA0101202406A0437808,파리바게뜨잠실장미점,파리바게뜨잠실장미점,서울특별시 송파구 올림픽로35길 112,서울특별시송파구올림픽로35길112,서울특별시,송파구,송파구,11710,11710,127.098116368707,37.517149306956,소상공인시장진흥공단 상가(상권)정보,미확인,prefix,medium,3120227,잠실역,발달상권,matched_nearest_300m,,소상공인시장진흥공단 상가(상권)정보,2026-06-30,파리바게뜨잠실장미점,서울특별시송파구올림픽로35길112,파리바게뜨
BRD_20211367,삼송빵집,MA0101202406A0444137,삼송빵집마곡 발산점,삼송빵집마곡발산점,서울특별시 강서구 공항대로 261,서울특별시강서구공항대로261,서울특별시,강서구,강서구,11500,11500,126.836513043521,37.5591535835773,소상공인시장진흥공단 상가(상권)정보,미확인,prefix,medium,3120119,발산역(마곡),발달상권,matched,,소상공인시장진흥공단 상가(상권)정보,2026-06-30,삼송빵집마곡발산점,서울특별시강서구공항대로261,삼송빵집
BRD_20240240,호두가 ,MA0101202406A0454237,호두가서울시청 직영점,호두가서울시청직영점,서울특별시 중구 세종대로 82,서울특별시중구세종대로82,서울특별시,중구,중구,11140,11140,126.977079959037,37.5634001225325,소상공인시장진흥공단 상가(상권)정보,미확인,prefix_short_brand,medium_short_brand,3001492,명동 남대문 북창동 다동 무교동 관광특구,관광특구,matched,,소상공인시장진흥공단 상가(상권)정보,2026-06-30,호두가서울시청직영점,서울특별시중구세종대로82,호두가
BRD_20212010,복호두,MA0101202406A0475429,복호두 왕십리점,복호두왕십리점,서울특별시 성동구 고산자로 201,서울특별시성동구고산자로201,서울특별시,성동구,성동구,11200,11200,127.033760788723,37.5580546092798,소상공인시장진흥공단 상가(상권)정보,미확인,exact,high,3110118,왕십리역 9번,골목상권,matched_nearest_300m,,소상공인시장진흥공단 상가(상권)정보,2026-06-30,복호두왕십리점,서울특별시성동구고산자로201,복호두
BRD_20080200064,파리바게뜨,MA0101202406A0488052,파리바게뜨뱅뱅 사거리점,파리바게뜨뱅뱅사거리점,서울특별시 강남구 강남대로 302,서울특별시강남구강남대로302,서울특별시,강남구,강남구,11680,11680,127.031661005966,37.4903178312635,소상공인시장진흥공단 상가(상권)정보,미확인,prefix,medium,3120192,뱅뱅사거리,발달상권,matched,,소상공인시장진흥공단 상가(상권)정보,2026-06-30,파리바게뜨뱅뱅사거리점,서울특별시강남구강남대로302,파리바게뜨
BRD_20080200064,파리바게뜨,MA0101202406A0488590,파리바게뜨신내 제일점,파리바게뜨신내제일점,서울특별시 중랑구 신내로14길 18,서울특별시중랑구신내로14길18,서울특별시,중랑구,중랑구,11260,11260,127.096533541121,37.6054842997267,소상공인시장진흥공단 상가(상권)정보,미확인,prefix,medium,3110272,신내1동주민센터,골목상권,matched,,소상공인시장진흥공단 상가(상권)정보,2026-06-30,파리바게뜨신내제일점,서울특별시중랑구신내로14길18,파리바게뜨
BRD_20080200064,파리바게뜨,MA0101202406A0489464,파리바게뜨송파래미안점,파리바게뜨송파래미안점,서울특별시 송파구 오금로32길 30,서울특별시송파구오금로32길30,서울특별시,송파구,송파구,11710,11710,127.119032771716,37.5037591801827,소상공인시장진흥공단 상가(상권)정보,미확인,prefix,medium,3111016,송파역 2번,골목상권,matched_nearest_300m,,소상공인시장진흥공단 상가(상권)정보,2026-06-30,파리바게뜨송파래미안점,서울특별시송파구오금로32길30,파리바게뜨
BRD_20140288,스트릿츄러스,MA0101202406A0491218,스트릿츄러스 신촌세브란스점,스트릿츄러스신촌세브란스점,서울특별시 서대문구 연세로 50-1,서울특별시서대문구연세로501,서울특별시,서대문구,서대문구,11410,11410,126.941935683988,37.5636763879728,소상공인시장진흥공단 상가(상권)정보,미확인,exact,high,3110524,연희세브란스병원,골목상권,matched_nearest_300m,,소상공인시장진흥공단 상가(상권)정보,2026-06-30,스트릿츄러스신촌세브란스점,서울특별시서대문구연세로501,스트릿츄러스
BRD_20080200064,파리바게뜨,MA0101202406A0514390,파리바게뜨서초우면점,파리바게뜨서초우면점,서울특별시 서초구 바우뫼로7길 7,서울특별시서초구바우뫼로7길7,서울특별시,서초구,서초구,11650,11650,127.024949135386,37.4707044715715,소상공인시장진흥공단 상가(상권)정보,미확인,prefix,medium,3110934,우면주공아파트,골목상권,matched,,소상공인시장진흥공단 상가(상권)정보,2026-06-30,파리바게뜨서초우면점,서울특별시서초구바우뫼로7길7,파리바게뜨
BRD_20201275,호두당,MA0101202406A0518172,호두당 구로디지털점,호두당구로디지털점,서울특별시 구로구 시흥대로163길 33,서울특별시구로구시흥대로163길33,서울특별시,구로구,구로구,11530,11530,126.898096797495,37.4819978635753,소상공인시장진흥공단 상가(상권)정보,영업중,exact,high,3120129,구로디지털단지,발달상권,matched,,소상공인시장진흥공단 상가(상권)정보,2026-06-30,호두당구로디지털점,서울특별시구로구시흥대로163길33,호두당
BRD_20170827,핫브레드 ,MA0101202406A0549813,핫브레드 보라매역점,핫브레드보라매역점,서울특별시 동작구 상도로 2,서울특별시동작구상도로2,서울특별시,동작구,동작구,11590,11590,126.920486790304,37.4999090574645,소상공인시장진흥공단 상가(상권)정보,미확인,exact,high,3120147,보라매역,발달상권,matched,,소상공인시장진흥공단 상가(상권)정보,2026-06-30,핫브레드보라매역점,서울특별시동작구상도로2,핫브레드
BRD_20220253,곤트란쉐리에(Gontran Cherrier),MA0101202406A0555315,곤트란쉐리에 대학로점,곤트란쉐리에대학로점,서울특별시 종로구 동숭길 113,서울특별시종로구동숭길113,서울특별시,종로구,종로구,11110,11110,127.003577594398,37.5829719029853,소상공인시장진흥공단 상가(상권)정보,미확인,exact,high,3120012,대학로(혜화역),발달상권,matched,,소상공인시장진흥공단 상가(상권)정보,2026-06-30,곤트란쉐리에대학로점,서울특별시종로구동숭길113,곤트란쉐리에gontrancherrier
BRD_20220253,곤트란쉐리에(Gontran Cherrier),MA0101202406A0561783,곤트란쉐리에개포자이프레지던스점,곤트란쉐리에개포자이프레지던스점,서울특별시 강남구 삼성로 14,서울특별시강남구삼성로14,서울특별시,강남구,강남구,11680,11680,127.068417889537,37.4861486171741,소상공인시장진흥공단 상가(상권)정보,미확인,prefix,medium,3130310,강남개포시장,전통시장,matched_nearest_300m,,소상공인시장진흥공단 상가(상권)정보,2026-06-30,곤트란쉐리에개포자이프레지던스점,서울특별시강남구삼성로14,곤트란쉐리에gontrancherrier
BRD_20240455,밀키샵,MA0101202406A0591260,밀키샵세브란스 병원점,밀키샵세브란스병원점,서울특별시 서대문구 연세로 50-1,서울특별시서대문구연세로501,서울특별시,서대문구,서대문구,11410,11410,126.941935683988,37.5636763879728,소상공인시장진흥공단 상가(상권)정보,미확인,prefix_short_brand,medium_short_brand,3110524,연희세브란스병원,골목상권,matched_nearest_300m,,소상공인시장진흥공단 상가(상권)정보,2026-06-30,밀키샵세브란스병원점,서울특별시서대문구연세로501,밀키샵
BRD_20080200287,브레댄코(bread&co.DAILY-NEW),MA0101202409A0007795,브레댄코강동성심 병원점,브레댄코강동성심병원점,서울특별시 강동구 성안로 150,서울특별시강동구성안로150,서울특별시,강동구,강동구,11740,11740,127.135343048095,37.5361506761013,소상공인시장진흥공단 상가(상권)정보,미확인,prefix,medium,3111068,강동성심병원,골목상권,matched,,소상공인시장진흥공단 상가(상권)정보,2026-06-30,브레댄코강동성심병원점,서울특별시강동구성안로150,브레댄코breadcodailynew
BRD_20080200064,파리바게뜨,MA0101202409A0011277,파리바게뜨반포 자이점,파리바게뜨반포자이점,서울특별시 서초구 사평대로45길 10-25,서울특별시서초구사평대로45길1025,서울특별시,서초구,서초구,11650,11650,127.013956493222,37.5066294642661,소상공인시장진흥공단 상가(상권)정보,미확인,prefix,medium,3120176,논현역 4번,발달상권,matched_nearest_300m,,소상공인시장진흥공단 상가(상권)정보,2026-06-30,파리바게뜨반포자이점,서울특별시서초구사평대로45길1025,파리바게뜨
BRD_20080200064,파리바게뜨,MA0101202409A0012499,파리바게뜨고덕역점,파리바게뜨고덕역점,서울특별시 강동구 동남로71길 38,서울특별시강동구동남로71길38,서울특별시,강동구,강동구,11740,11740,127.154067202395,37.5520663966008,소상공인시장진흥공단 상가(상권)정보,미확인,prefix,medium,3120249,고덕역,발달상권,matched,,소상공인시장진흥공단 상가(상권)정보,2026-06-30,파리바게뜨고덕역점,서울특별시강동구동남로71길38,파리바게뜨
BRD_20212010,복호두,MA0101202409A0032759,복호두영등포 시장점,복호두영등포시장점,서울특별시 영등포구 국회대로50길 20,서울특별시영등포구국회대로50길20,서울특별시,영등포구,영등포구,11560,11560,126.905664590051,37.523828817066,소상공인시장진흥공단 상가(상권)정보,영업중,prefix_short_brand_confirmed_safe,medium,3110783,영등포시장역 1번,골목상권,matched_nearest_300m,,소상공인시장진흥공단 상가(상권)정보,2026-06-30,복호두영등포시장점,서울특별시영등포구국회대로50길20,복호두
BRD_20080200064,파리바게뜨,MA0101202409A0036030,파리바게뜨선정릉역점,파리바게뜨선정릉역점,서울특별시 강남구 봉은사로 327,서울특별시강남구봉은사로327,서울특별시,강남구,강남구,11680,11680,127.042651887121,37.5101815573973,소상공인시장진흥공단 상가(상권)정보,미확인,prefix,medium,3120207,선정릉역,발달상권,matched,,소상공인시장진흥공단 상가(상권)정보,2026-06-30,파리바게뜨선정릉역점,서울특별시강남구봉은사로327,파리바게뜨
BRD_20080200064,파리바게뜨,MA0101202409A0038174,파리바게뜨양재 정원점,파리바게뜨양재정원점,서울특별시 서초구 바우뫼로 175,서울특별시서초구바우뫼로175,서울특별시,서초구,서초구,11650,11650,127.039117773392,37.4784583263101,소상공인시장진흥공단 상가(상권)정보,미확인,prefix,medium,3120181,교육개발원입구사거리,발달상권,matched,,소상공인시장진흥공단 상가(상권)정보,2026-06-30,파리바게뜨양재정원점,서울특별시서초구바우뫼로175,파리바게뜨
BRD_20080200064,파리바게뜨,MA0101202409A0052096,파리바게뜨청담 사거리점,파리바게뜨청담사거리점,서울특별시 강남구 도산대로 518,서울특별시강남구도산대로518,서울특별시,강남구,강남구,11680,11680,127.049775481086,37.5241713533455,소상공인시장진흥공단 상가(상권)정보,미확인,prefix,medium,3120208,청담사거리(청담동명품거리),발달상권,matched,,소상공인시장진흥공단 상가(상권)정보,2026-06-30,파리바게뜨청담사거리점,서울특별시강남구도산대로518,파리바게뜨
BRD_20080100039,뚜레쥬르,MA0101202409A0055268,뚜레쥬르중계은행 사거리점,뚜레쥬르중계은행사거리점,서울특별시 노원구 한글비석로 245,서울특별시노원구한글비석로245,서울특별시,노원구,노원구,11350,11350,127.076363351355,37.6492599853378,소상공인시장진흥공단 상가(상권)정보,미확인,prefix,medium,3120085,은행사거리,발달상권,matched,,소상공인시장진흥공단 상가(상권)정보,2026-06-30,뚜레쥬르중계은행사거리점,서울특별시노원구한글비석로245,뚜레쥬르
BRD_20080200064,파리바게뜨,MA0101202409A0056558,파리바게뜨 서울대입구역점,파리바게뜨서울대입구역점,서울특별시 관악구 봉천로 475,서울특별시관악구봉천로475,서울특별시,관악구,관악구,11620,11620,126.952977100745,37.4823387937117,소상공인시장진흥공단 상가(상권)정보,미확인,exact,high,3110892,관악구 중앙길,골목상권,matched,,소상공인시장진흥공단 상가(상권)정보,2026-06-30,파리바게뜨서울대입구역점,서울특별시관악구봉천로475,파리바게뜨
BRD_20211367,삼송빵집,MA0101202409A0057515,삼송빵집강남 대치점,삼송빵집강남대치점,서울특별시 강남구 선릉로 319,서울특별시강남구선릉로319,서울특별시,강남구,강남구,11680,11680,127.051759759725,37.4980323647323,소상공인시장진흥공단 상가(상권)정보,미확인,prefix,medium,3130307,도곡시장,전통시장,matched,,소상공인시장진흥공단 상가(상권)정보,2026-06-30,삼송빵집강남대치점,서울특별시강남구선릉로319,삼송빵집
BRD_20080500016,던킨/던킨도너츠,MA0101202409A0064397,비알던킨도너츠청담원더스 코리아,비알던킨도너츠청담원더스코리아,서울특별시 강남구 도산대로 329,서울특별시강남구도산대로329,서울특별시,강남구,강남구,11680,11680,127.03791938587,37.5232206923653,소상공인시장진흥공단 상가(상권)정보,미확인,contains_nonprefix,low,3120200,학동사거리,발달상권,matched,,소상공인시장진흥공단 상가(상권)정보,2026-06-30,비알던킨도너츠청담원더스코리아,서울특별시강남구도산대로329,던킨던킨도너츠
BRD_20080200064,파리바게뜨,MA0101202409A0074966,파리바게뜨성산시영,파리바게뜨성산시영,서울특별시 마포구 월드컵북로 218,서울특별시마포구월드컵북로218,서울특별시,마포구,마포구,11440,11440,126.904995768431,37.5694999033928,소상공인시장진흥공단 상가(상권)정보,미확인,prefix,medium,3110549,새터산,골목상권,matched_nearest_300m,,소상공인시장진흥공단 상가(상권)정보,2026-06-30,파리바게뜨성산시영,서울특별시마포구월드컵북로218,파리바게뜨
BRD_20080200064,파리바게뜨,MA0101202409A0083556,파리바게뜨신당대림,파리바게뜨신당대림,서울특별시 중구 다산로36길 25,서울특별시중구다산로36길25,서울특별시,중구,중구,11140,11140,127.016671976964,37.5623650241851,소상공인시장진흥공단 상가(상권)정보,미확인,prefix,medium,3130051,동화동 골목형상점가,전통시장,matched,,소상공인시장진흥공단 상가(상권)정보,2026-06-30,파리바게뜨신당대림,서울특별시중구다산로36길25,파리바게뜨
BRD_20080200064,파리바게뜨,MA0101202409A0090242,파리바게뜨신정네거리역점,파리바게뜨신정네거리역점,서울특별시 양천구 중앙로 251,서울특별시양천구중앙로251,서울특별시,양천구,양천구,11470,11470,126.853218314118,37.5187116501823,소상공인시장진흥공단 상가(상권)정보,미확인,prefix,medium,3130206,신정3동 골목시장,전통시장,matched,,소상공인시장진흥공단 상가(상권)정보,2026-06-30,파리바게뜨신정네거리역점,서울특별시양천구중앙로251,파리바게뜨
BRD_20230468,소림사,MA0101202409A0094099,소림사,소림사,서울특별시 관악구 신림로59길 14,서울특별시관악구신림로59길14,서울특별시,관악구,관악구,11620,11620,126.928780719132,37.483290765466,소상공인시장진흥공단 상가(상권)정보,영업중,exact,high,3130285,서원동상점가,전통시장,matched,,소상공인시장진흥공단 상가(상권)정보,2026-06-30,소림사,서울특별시관악구신림로59길14,소림사
BRD_20080200064,파리바게뜨,MA0101202409A0099363,파리바게뜨 자곡점,파리바게뜨자곡점,서울특별시 강남구 자곡로 201,서울특별시강남구자곡로201,서울특별시,강남구,강남구,11680,11680,127.104709213026,37.4753729940681,소상공인시장진흥공단 상가(상권)정보,미확인,exact,high,3110999,윗방죽마을공원,골목상권,matched_nearest_300m,,소상공인시장진흥공단 상가(상권)정보,2026-06-30,파리바게뜨자곡점,서울특별시강남구자곡로201,파리바게뜨
BRD_20212413,웨인스베이글스(Wayne’s Bagels),MA0101202409A0142533,웨인스베이글스 홍대점,웨인스베이글스홍대점,서울특별시 마포구 양화로16길 14,서울특별시마포구양화로16길14,서울특별시,마포구,마포구,11440,11440,126.920407416661,37.5533474223712,소상공인시장진흥공단 상가(상권)정보,미확인,exact,high,3120103,홍대입구역(홍대),발달상권,matched,,소상공인시장진흥공단 상가(상권)정보,2026-06-30,웨인스베이글스홍대점,서울특별시마포구양화로16길14,웨인스베이글스waynesbagels
BRD_20240723,올드몬트베이글,MA0101202409A0146330,올드몬트베이글잠실파크리오점,올드몬트베이글잠실파크리오점,서울특별시 송파구 올림픽로 435,서울특별시송파구올림픽로435,서울특별시,송파구,송파구,11710,11710,127.104965751666,37.5213601116758,소상공인시장진흥공단 상가(상권)정보,미확인,prefix,medium,3111011,잠실나루역,골목상권,matched,,소상공인시장진흥공단 상가(상권)정보,2026-06-30,올드몬트베이글잠실파크리오점,서울특별시송파구올림픽로435,올드몬트베이글
BRD_20080200064,파리바게뜨,MA0101202409A0154002,파리바게뜨압구정중앙,파리바게뜨압구정중앙,서울특별시 강남구 압구정로 214,서울특별시강남구압구정로214,서울특별시,강남구,강남구,11680,11680,127.030737930276,37.5279980912295,소상공인시장진흥공단 상가(상권)정보,미확인,prefix,medium,3120188,압구정역,발달상권,matched,,소상공인시장진흥공단 상가(상권)정보,2026-06-30,파리바게뜨압구정중앙,서울특별시강남구압구정로214,파리바게뜨
BRD_20080200064,파리바게뜨,MA0101202409A0184093,파리바게뜨 장안점,파리바게뜨장안점,서울특별시 동대문구 장한로 110,서울특별시동대문구장한로110,서울특별시,동대문구,동대문구,11230,11230,127.070962401174,37.5702375987814,소상공인시장진흥공단 상가(상권)정보,미확인,exact,high,3120067,장안동사거리,발달상권,matched,,소상공인시장진흥공단 상가(상권)정보,2026-06-30,파리바게뜨장안점,서울특별시동대문구장한로110,파리바게뜨
BRD_20080100039,뚜레쥬르,MA0101202409A0187885,뚜레쥬르발산 마곡점,뚜레쥬르발산마곡점,서울특별시 강서구 공항대로 261,서울특별시강서구공항대로261,서울특별시,강서구,강서구,11500,11500,126.836513043521,37.5591535835773,소상공인시장진흥공단 상가(상권)정보,미확인,prefix,medium,3120119,발산역(마곡),발달상권,matched,,소상공인시장진흥공단 상가(상권)정보,2026-06-30,뚜레쥬르발산마곡점,서울특별시강서구공항대로261,뚜레쥬르
BRD_20220529,하르당,MA0101202409A0190469,하르당노원역점,하르당노원역점,서울특별시 노원구 상계로 76,서울특별시노원구상계로76,서울특별시,노원구,노원구,11350,11350,127.063439895041,37.656133130416,소상공인시장진흥공단 상가(상권)정보,미확인,prefix_short_brand,medium_short_brand,3120081,노원역,발달상권,matched,,소상공인시장진흥공단 상가(상권)정보,2026-06-30,하르당노원역점,서울특별시노원구상계로76,하르당
BRD_20220253,곤트란쉐리에(Gontran Cherrier),MA0101202409A0210219,비에쓰마트곤트란쉐리에 개포점,비에쓰마트곤트란쉐리에개포점,서울특별시 강남구 선릉로4길 5,서울특별시강남구선릉로4길5,서울특별시,강남구,강남구,11680,11680,127.061687214589,37.4823951181013,소상공인시장진흥공단 상가(상권)정보,미확인,contains_nonprefix,low,3110994,개포고등학교,골목상권,matched,,소상공인시장진흥공단 상가(상권)정보,2026-06-30,비에쓰마트곤트란쉐리에개포점,서울특별시강남구선릉로4길5,곤트란쉐리에gontrancherrier
BRD_20080200064,파리바게뜨,MA0101202409A0215861,파리바게뜨구로보건소점,파리바게뜨구로보건소점,서울특별시 구로구 구로중앙로28길 65,서울특별시구로구구로중앙로28길65,서울특별시,구로구,구로구,11530,11530,126.888934005965,37.5004692596817,소상공인시장진흥공단 상가(상권)정보,미확인,prefix,medium,3110713,구로보건소,골목상권,matched,,소상공인시장진흥공단 상가(상권)정보,2026-06-30,파리바게뜨구로보건소점,서울특별시구로구구로중앙로28길65,파리바게뜨
BRD_20080100039,뚜레쥬르,MA0101202409A0217938,뚜레쥬르정릉풍림점,뚜레쥬르정릉풍림점,서울특별시 성북구 솔샘로25길 20,서울특별시성북구솔샘로25길20,서울특별시,성북구,성북구,11290,11290,127.008121208625,37.6169480421,소상공인시장진흥공단 상가(상권)정보,미확인,prefix,medium,3110290,북한산보국문역 1번,골목상권,matched_nearest_300m,,소상공인시장진흥공단 상가(상권)정보,2026-06-30,뚜레쥬르정릉풍림점,서울특별시성북구솔샘로25길20,뚜레쥬르
BRD_20170827,핫브레드 ,MA0101202409A0232853,핫브레드망우역점,핫브레드망우역점,서울특별시 중랑구 망우로55길 11-10,서울특별시중랑구망우로55길1110,서울특별시,중랑구,중랑구,11260,11260,127.092754653897,37.5992885178929,소상공인시장진흥공단 상가(상권)정보,미확인,prefix,medium,3110265,망우역 1번,골목상권,matched,,소상공인시장진흥공단 상가(상권)정보,2026-06-30,핫브레드망우역점,서울특별시중랑구망우로55길1110,핫브레드
BRD_20080200064,파리바게뜨,MA0101202409A0234947,파리바게뜨 마천점,파리바게뜨마천점,서울특별시 송파구 거마로 62,서울특별시송파구거마로62,서울특별시,송파구,송파구,11710,11710,127.147013369493,37.4984207510252,소상공인시장진흥공단 상가(상권)정보,미확인,exact,high,3111044,남천초등학교,골목상권,matched,,소상공인시장진흥공단 상가(상권)정보,2026-06-30,파리바게뜨마천점,서울특별시송파구거마로62,파리바게뜨
BRD_20080200064,파리바게뜨,MA0101202410A0864811,파리바게뜨지회,파리바게뜨지회,서울특별시 영등포구 경인로71길 70,서울특별시영등포구경인로71길70,서울특별시,영등포구,영등포구,11560,11560,126.88607326396,37.5150628078848,소상공인시장진흥공단 상가(상권)정보,미확인,prefix,medium,3110759,문래예술촌(문래창작촌),골목상권,matched,,소상공인시장진흥공단 상가(상권)정보,2026-06-30,파리바게뜨지회,서울특별시영등포구경인로71길70,파리바게뜨
BRD_20080200064,파리바게뜨,MA0101202411A0016085,파리바게뜨카페 이대역점,파리바게뜨카페이대역점,서울특별시 서대문구 이화여대길 6,서울특별시서대문구이화여대길6,서울특별시,서대문구,서대문구,11410,11410,126.946015038888,37.5572091668861,소상공인시장진흥공단 상가(상권)정보,미확인,prefix,medium,3120096,"이화여대(이대역, 이대)",발달상권,matched,,소상공인시장진흥공단 상가(상권)정보,2026-06-30,파리바게뜨카페이대역점,서울특별시서대문구이화여대길6,파리바게뜨
BRD_20080100039,뚜레쥬르,MA0101202411A0045187,뚜레쥬르카페서울대입구역,뚜레쥬르카페서울대입구역,서울특별시 관악구 남부순환로 1830,서울특별시관악구남부순환로1830,서울특별시,관악구,관악구,11620,11620,126.953170280592,37.4807801250978,소상공인시장진흥공단 상가(상권)정보,미확인,prefix,medium,3120159,서울대입구역,발달상권,matched,,소상공인시장진흥공단 상가(상권)정보,2026-06-30,뚜레쥬르카페서울대입구역,서울특별시관악구남부순환로1830,뚜레쥬르
BRD_20080100039,뚜레쥬르,MA0101202411A0046465,뚜레쥬르 상암DMC점,뚜레쥬르상암dmc점,서울특별시 마포구 월드컵북로 396,서울특별시마포구월드컵북로396,서울특별시,마포구,마포구,11440,11440,126.890322502933,37.5794341606735,소상공인시장진흥공단 상가(상권)정보,미확인,exact,high,3120098,DMC(디지털미디어시티),발달상권,matched,,소상공인시장진흥공단 상가(상권)정보,2026-06-30,뚜레쥬르상암dmc점,서울특별시마포구월드컵북로396,뚜레쥬르
BRD_20080200064,파리바게뜨,MA0101202411A0061712,파리바게뜨도림 푸르지오점,파리바게뜨도림푸르지오점,서울특별시 영등포구 도신로29길 15,서울특별시영등포구도신로29길15,서울특별시,영등포구,영등포구,11560,11560,126.904494676061,37.5097812364781,소상공인시장진흥공단 상가(상권)정보,미확인,prefix,medium,3110785,영등포푸르지오아파트,골목상권,matched,,소상공인시장진흥공단 상가(상권)정보,2026-06-30,파리바게뜨도림푸르지오점,서울특별시영등포구도신로29길15,파리바게뜨
BRD_20240478,화이트리에,MA0101202411A0070940,화이트리에 답십리점,화이트리에답십리점,서울특별시 동대문구 사가정로 80,서울특별시동대문구사가정로80,서울특별시,동대문구,동대문구,11230,11230,127.054926226921,37.5752196406189,소상공인시장진흥공단 상가(상권)정보,미확인,exact,high,3110211,전곡마을마당공원,골목상권,matched_nearest_300m,,소상공인시장진흥공단 상가(상권)정보,2026-06-30,화이트리에답십리점,서울특별시동대문구사가정로80,화이트리에
BRD_20212010,복호두,MA0101202411A0072673,복호두 상봉역점,복호두상봉역점,서울특별시 중랑구 면목로 478,서울특별시중랑구면목로478,서울특별시,중랑구,중랑구,11260,11260,127.086226438587,37.5944281161578,소상공인시장진흥공단 상가(상권)정보,영업중,exact,high,3120069,상봉역,발달상권,matched,,소상공인시장진흥공단 상가(상권)정보,2026-06-30,복호두상봉역점,서울특별시중랑구면목로478,복호두
BRD_20080100039,뚜레쥬르,MA0101202411A0114731,뚜레쥬르영등포시장역점,뚜레쥬르영등포시장역점,서울특별시 영등포구 국회대로50길 20,서울특별시영등포구국회대로50길20,서울특별시,영등포구,영등포구,11560,11560,126.905664590051,37.523828817066,소상공인시장진흥공단 상가(상권)정보,미확인,prefix,medium,3110783,영등포시장역 1번,골목상권,matched_nearest_300m,,소상공인시장진흥공단 상가(상권)정보,2026-06-30,뚜레쥬르영등포시장역점,서울특별시영등포구국회대로50길20,뚜레쥬르
BRD_20080200064,파리바게뜨,MA0101202411A0118980,파리바게뜨난곡 사거리점,파리바게뜨난곡사거리점,서울특별시 관악구 난곡로 316,서울특별시관악구난곡로316,서울특별시,관악구,관악구,11620,11620,126.914739390004,37.482173226794,소상공인시장진흥공단 상가(상권)정보,미확인,prefix,medium,3110861,관악구신사동주민센터,골목상권,matched,,소상공인시장진흥공단 상가(상권)정보,2026-06-30,파리바게뜨난곡사거리점,서울특별시관악구난곡로316,파리바게뜨
BRD_20080200064,파리바게뜨,MA0101202411A0125173,파리바게뜨보문역점,파리바게뜨보문역점,서울특별시 성북구 보문로 119,서울특별시성북구보문로119,서울특별시,성북구,성북구,11290,11290,127.018986834486,37.5856373701347,소상공인시장진흥공단 상가(상권)정보,미확인,prefix,medium,3110304,보문역 4번,골목상권,matched_nearest_300m,,소상공인시장진흥공단 상가(상권)정보,2026-06-30,파리바게뜨보문역점,서울특별시성북구보문로119,파리바게뜨
BRD_20080500016,던킨/던킨도너츠,MA0101202411A0131334,던킨용산 이마트점,던킨용산이마트점,서울특별시 용산구 한강대로23길 55,서울특별시용산구한강대로23길55,서울특별시,용산구,용산구,11170,11170,126.964735959893,37.5297717997901,소상공인시장진흥공단 상가(상권)정보,영업중,prefix_short_brand_confirmed_safe,medium,3120041,신용산역(용산역),발달상권,matched,,소상공인시장진흥공단 상가(상권)정보,2026-06-30,던킨용산이마트점,서울특별시용산구한강대로23길55,던킨던킨도너츠
BRD_20080200064,파리바게뜨,MA0101202411A0140023,파리바게뜨염창역점,파리바게뜨염창역점,서울특별시 강서구 공항대로 629,서울특별시강서구공항대로629,서울특별시,강서구,강서구,11500,11500,126.874866640788,37.547244225802,소상공인시장진흥공단 상가(상권)정보,미확인,prefix,medium,3130210,목2동시장,전통시장,matched_nearest_300m,,소상공인시장진흥공단 상가(상권)정보,2026-06-30,파리바게뜨염창역점,서울특별시강서구공항대로629,파리바게뜨
BRD_20080200064,파리바게뜨,MA0101202412A0024213,파리바게뜨당산역 삼성점,파리바게뜨당산역삼성점,서울특별시 영등포구 당산로 214,서울특별시영등포구당산로214,서울특별시,영등포구,영등포구,11560,11560,126.902824638499,37.5329356392059,소상공인시장진흥공단 상가(상권)정보,미확인,prefix,medium,3120143,당산역,발달상권,matched_nearest_300m,,소상공인시장진흥공단 상가(상권)정보,2026-06-30,파리바게뜨당산역삼성점,서울특별시영등포구당산로214,파리바게뜨
BRD_20080100039,뚜레쥬르,MA0101202412A0026130,뚜레쥬르연신내GTX점,뚜레쥬르연신내gtx점,서울특별시 은평구 연서로 219,서울특별시은평구연서로219,서울특별시,은평구,은평구,11380,11380,126.919726550454,37.6183265597748,소상공인시장진흥공단 상가(상권)정보,미확인,prefix,medium,3130167,연신내상점가(연빛거리),전통시장,matched,,소상공인시장진흥공단 상가(상권)정보,2026-06-30,뚜레쥬르연신내gtx점,서울특별시은평구연서로219,뚜레쥬르
BRD_20080200064,파리바게뜨,MA0101202412A0033854,파리바게뜨양재행운,파리바게뜨양재행운,서울특별시 서초구 남부순환로356길 23,서울특별시서초구남부순환로356길23,서울특별시,서초구,서초구,11650,11650,127.038148253307,37.483909747459,소상공인시장진흥공단 상가(상권)정보,미확인,prefix,medium,3130301,양재시장,전통시장,matched,,소상공인시장진흥공단 상가(상권)정보,2026-06-30,파리바게뜨양재행운,서울특별시서초구남부순환로356길23,파리바게뜨
BRD_20080100039,뚜레쥬르,MA0101202412A0044081,뚜레쥬르숭실대학생회관점,뚜레쥬르숭실대학생회관점,서울특별시 동작구 상도로 369,서울특별시동작구상도로369,서울특별시,동작구,동작구,11590,11590,126.955162100069,37.496431403169,소상공인시장진흥공단 상가(상권)정보,미확인,prefix,medium,3110838,상도1동주민센터앞,골목상권,matched_nearest_300m,,소상공인시장진흥공단 상가(상권)정보,2026-06-30,뚜레쥬르숭실대학생회관점,서울특별시동작구상도로369,뚜레쥬르
BRD_20220253,곤트란쉐리에(Gontran Cherrier),MA0101202412A0046913,곤트란쉐리에 잠원점,곤트란쉐리에잠원점,서울특별시 서초구 잠원로 51,서울특별시서초구잠원로51,서울특별시,서초구,서초구,11650,11650,127.007442214525,37.5092429685439,소상공인시장진흥공단 상가(상권)정보,미확인,exact,high,3120167,고속터미널(고속터미널역),발달상권,matched_nearest_300m,,소상공인시장진흥공단 상가(상권)정보,2026-06-30,곤트란쉐리에잠원점,서울특별시서초구잠원로51,곤트란쉐리에gontrancherrier
BRD_20080200064,파리바게뜨,MA0101202412A0063141,파리바게뜨 월곡역점,파리바게뜨월곡역점,서울특별시 성북구 화랑로11길 7,서울특별시성북구화랑로11길7,서울특별시,성북구,성북구,11290,11290,127.041379704494,37.6027324658535,소상공인시장진흥공단 상가(상권)정보,미확인,exact,high,3120075,월곡역,발달상권,matched,,소상공인시장진흥공단 상가(상권)정보,2026-06-30,파리바게뜨월곡역점,서울특별시성북구화랑로11길7,파리바게뜨
BRD_20240478,화이트리에,MA0101202412A0066648,화이트리에 가양점,화이트리에가양점,서울특별시 강서구 양천로 452,서울특별시강서구양천로452,서울특별시,강서구,강서구,11500,11500,126.850822783756,37.5628576045027,소상공인시장진흥공단 상가(상권)정보,미확인,exact,high,3110667,가양역 10번,골목상권,matched_nearest_300m,,소상공인시장진흥공단 상가(상권)정보,2026-06-30,화이트리에가양점,서울특별시강서구양천로452,화이트리에
BRD_20080200064,파리바게뜨,MA0101202412A0070930,파리바게뜨연대이화점,파리바게뜨연대이화점,서울특별시 서대문구 성산로 523,서울특별시서대문구성산로523,서울특별시,서대문구,서대문구,11410,11410,126.943893946128,37.5634791156327,소상공인시장진흥공단 상가(상권)정보,미확인,prefix,medium,3110524,연희세브란스병원,골목상권,matched,,소상공인시장진흥공단 상가(상권)정보,2026-06-30,파리바게뜨연대이화점,서울특별시서대문구성산로523,파리바게뜨
BRD_20212010,복호두,MA0101202412A0073191,복호두강동 구청점,복호두강동구청점,서울특별시 강동구 성내로 11,서울특별시강동구성내로11,서울특별시,강동구,강동구,11740,11740,127.122163866682,37.5305067618549,소상공인시장진흥공단 상가(상권)정보,영업중,prefix_short_brand_confirmed_safe,medium,3120242,강동구청역,발달상권,matched,,소상공인시장진흥공단 상가(상권)정보,2026-06-30,복호두강동구청점,서울특별시강동구성내로11,복호두
BRD_20080200064,파리바게뜨,MA0101202412A0085950,파리바게뜨은천길 입구점,파리바게뜨은천길입구점,서울특별시 관악구 은천로 1,서울특별시관악구은천로1,서울특별시,관악구,관악구,11620,11620,126.935380891627,37.4865291793148,소상공인시장진흥공단 상가(상권)정보,미확인,prefix,medium,3110883,은천초등학교(은천교앞),골목상권,matched,,소상공인시장진흥공단 상가(상권)정보,2026-06-30,파리바게뜨은천길입구점,서울특별시관악구은천로1,파리바게뜨
BRD_20080200064,파리바게뜨,MA0101202412A0087507,파리바게뜨돈암아리랑점,파리바게뜨돈암아리랑점,서울특별시 성북구 아리랑로 75,서울특별시성북구아리랑로75,서울특별시,성북구,성북구,11290,11290,127.013192485943,37.5996125450965,소상공인시장진흥공단 상가(상권)정보,미확인,prefix,medium,3110296,성신여대입구역 4번,골목상권,matched_nearest_300m,,소상공인시장진흥공단 상가(상권)정보,2026-06-30,파리바게뜨돈암아리랑점,서울특별시성북구아리랑로75,파리바게뜨
BRD_20230468,소림사,MA0101202501A0007547,소림사,소림사,서울특별시 용산구 한강대로15길 9,서울특별시용산구한강대로15길9,서울특별시,용산구,용산구,11170,11170,126.963889392394,37.5257440657767,소상공인시장진흥공단 상가(상권)정보,영업중,exact,high,3110062,한강로동땡땡거리(은행나무길),골목상권,matched,,소상공인시장진흥공단 상가(상권)정보,2026-06-30,소림사,서울특별시용산구한강대로15길9,소림사
BRD_20170827,핫브레드 ,MA0101202501A0012820,핫브레드회기역점,핫브레드회기역점,서울특별시 동대문구 회기로 196,서울특별시동대문구회기로196,서울특별시,동대문구,동대문구,11230,11230,127.058039276267,37.5897511745121,소상공인시장진흥공단 상가(상권)정보,미확인,prefix,medium,3120065,회기역,발달상권,matched,,소상공인시장진흥공단 상가(상권)정보,2026-06-30,핫브레드회기역점,서울특별시동대문구회기로196,핫브레드
BRD_20080200064,파리바게뜨,MA0101202501A0031325,파리바게뜨공릉화랑,파리바게뜨공릉화랑,서울특별시 노원구 화랑로51길 38,서울특별시노원구화랑로51길38,서울특별시,노원구,노원구,11350,11350,127.089082321987,37.6249515047566,소상공인시장진흥공단 상가(상권)정보,미확인,prefix,medium,3110442,화랑대철도공원,골목상권,matched,,소상공인시장진흥공단 상가(상권)정보,2026-06-30,파리바게뜨공릉화랑,서울특별시노원구화랑로51길38,파리바게뜨
BRD_20080100675,호밀호두,MA0101202501A0059191,호밀호두흑석역점,호밀호두흑석역점,서울특별시 동작구 현충로 90,서울특별시동작구현충로90,서울특별시,동작구,동작구,11590,11590,126.963569419636,37.5090844143616,소상공인시장진흥공단 상가(상권)정보,미확인,prefix,medium,3110842,흑리단길,골목상권,matched_nearest_300m,,소상공인시장진흥공단 상가(상권)정보,2026-06-30,호밀호두흑석역점,서울특별시동작구현충로90,호밀호두
BRD_20080200064,파리바게뜨,MA0101202501A0066374,파리바게뜨 연신내점,파리바게뜨연신내점,서울특별시 은평구 연서로 217,서울특별시은평구연서로217,서울특별시,은평구,은평구,11380,11380,126.919624841588,37.6181102534681,소상공인시장진흥공단 상가(상권)정보,미확인,exact,high,3130167,연신내상점가(연빛거리),전통시장,matched,,소상공인시장진흥공단 상가(상권)정보,2026-06-30,파리바게뜨연신내점,서울특별시은평구연서로217,파리바게뜨
BRD_20212010,복호두,MA0101202502A0027735,복호두 월곡점,복호두월곡점,서울특별시 성북구 장월로1길 113,서울특별시성북구장월로1길113,서울특별시,성북구,성북구,11290,11290,127.042807406213,37.6041555212224,소상공인시장진흥공단 상가(상권)정보,미확인,exact,high,3120075,월곡역,발달상권,matched,,소상공인시장진흥공단 상가(상권)정보,2026-06-30,복호두월곡점,서울특별시성북구장월로1길113,복호두
BRD_20212010,복호두,MA0101202502A0070864,복호두강남 논현점,복호두강남논현점,서울특별시 강남구 언주로 615,서울특별시강남구언주로615,서울특별시,강남구,강남구,11680,11680,127.036205078746,37.5105441111104,소상공인시장진흥공단 상가(상권)정보,미확인,prefix_short_brand_confirmed_safe,medium,3120199,경복아파트교차로,발달상권,matched,,소상공인시장진흥공단 상가(상권)정보,2026-06-30,복호두강남논현점,서울특별시강남구언주로615,복호두
BRD_20212010,복호두,MA0101202502A0076353,복호두목동파리공원점,복호두목동파리공원점,서울특별시 양천구 목동서로 37,서울특별시양천구목동서로37,서울특별시,양천구,양천구,11470,11470,126.881671734116,37.5374754004753,소상공인시장진흥공단 상가(상권)정보,영업중,prefix_short_brand_confirmed_safe,medium,3120114,목동신시가지,발달상권,matched,,소상공인시장진흥공단 상가(상권)정보,2026-06-30,복호두목동파리공원점,서울특별시양천구목동서로37,복호두
BRD_20080200064,파리바게뜨,MA0101202502A0077524,파리바게뜨카페 방배역점,파리바게뜨카페방배역점,서울특별시 서초구 방배로 94,서울특별시서초구방배로94,서울특별시,서초구,서초구,11650,11650,126.997116877282,37.4827625798118,소상공인시장진흥공단 상가(상권)정보,미확인,prefix,medium,3120166,방배역,발달상권,matched,,소상공인시장진흥공단 상가(상권)정보,2026-06-30,파리바게뜨카페방배역점,서울특별시서초구방배로94,파리바게뜨
BRD_20080200064,파리바게뜨,MA0101202503A0011016,파리바게뜨관악벽산,파리바게뜨관악벽산,서울특별시 관악구 은천로 92,서울특별시관악구은천로92,서울특별시,관악구,관악구,11620,11620,126.945376036612,37.4867774954063,소상공인시장진흥공단 상가(상권)정보,미확인,prefix,medium,3130292,봉천현대시장,전통시장,matched_nearest_300m,,소상공인시장진흥공단 상가(상권)정보,2026-06-30,파리바게뜨관악벽산,서울특별시관악구은천로92,파리바게뜨
BRD_20080200064,파리바게뜨,MA0101202503A0018675,파리바게뜨중곡역점,파리바게뜨중곡역점,서울특별시 광진구 능동로 409,서울특별시광진구능동로409,서울특별시,광진구,광진구,11215,11215,127.083816244817,37.5656070658761,소상공인시장진흥공단 상가(상권)정보,미확인,prefix,medium,3110161,중곡역 3번,골목상권,matched,,소상공인시장진흥공단 상가(상권)정보,2026-06-30,파리바게뜨중곡역점,서울특별시광진구능동로409,파리바게뜨
BRD_20080200064,파리바게뜨,MA0101202503A0030566,파리바게뜨래미안라그란데,파리바게뜨래미안라그란데,서울특별시 동대문구 이문로35길 12,서울특별시동대문구이문로35길12,서울특별시,동대문구,동대문구,11230,11230,127.061263085531,37.5997685707541,소상공인시장진흥공단 상가(상권)정보,미확인,prefix,medium,3110220,외대앞역 1번,골목상권,matched_nearest_300m,,소상공인시장진흥공단 상가(상권)정보,2026-06-30,파리바게뜨래미안라그란데,서울특별시동대문구이문로35길12,파리바게뜨
BRD_20080200064,파리바게뜨,MA0101202503A0031706,파리바게뜨둔촌오륜역포레온점,파리바게뜨둔촌오륜역포레온점,서울특별시 강동구 양재대로 1300,서울특별시강동구양재대로1300,서울특별시,강동구,강동구,11740,11740,127.138821023708,37.5263437517166,소상공인시장진흥공단 상가(상권)정보,미확인,prefix,medium,3111073,둔촌동역 1번(한산중학교),골목상권,matched_nearest_300m,,소상공인시장진흥공단 상가(상권)정보,2026-06-30,파리바게뜨둔촌오륜역포레온점,서울특별시강동구양재대로1300,파리바게뜨
BRD_20080200064,파리바게뜨,MA0101202503A0041598,파리바게뜨역삼포스틸,파리바게뜨역삼포스틸,서울특별시 강남구 테헤란로20길 5,서울특별시강남구테헤란로20길5,서울특별시,강남구,강남구,11680,11680,127.034333745825,37.4994262642008,소상공인시장진흥공단 상가(상권)정보,미확인,prefix,medium,3120197,역삼역,발달상권,matched,,소상공인시장진흥공단 상가(상권)정보,2026-06-30,파리바게뜨역삼포스틸,서울특별시강남구테헤란로20길5,파리바게뜨
BRD_20080200064,파리바게뜨,MA0101202503A0049209,파리바게뜨도곡 렉슬점,파리바게뜨도곡렉슬점,서울특별시 강남구 선릉로 221,서울특별시강남구선릉로221,서울특별시,강남구,강남구,11680,11680,127.049732975978,37.4942129672526,소상공인시장진흥공단 상가(상권)정보,미확인,prefix,medium,3120212,한티역,발달상권,matched_nearest_300m,,소상공인시장진흥공단 상가(상권)정보,2026-06-30,파리바게뜨도곡렉슬점,서울특별시강남구선릉로221,파리바게뜨
BRD_20212010,복호두,MA0101202503A0050369,복호두 사당역점,복호두사당역점,서울특별시 관악구 과천대로 945,서울특별시관악구과천대로945,서울특별시,관악구,관악구,11620,11620,126.981380351218,37.4749764271093,소상공인시장진흥공단 상가(상권)정보,영업중,exact,high,3120160,사당역(사당),발달상권,matched,,소상공인시장진흥공단 상가(상권)정보,2026-06-30,복호두사당역점,서울특별시관악구과천대로945,복호두
BRD_20080100039,뚜레쥬르,MA0101202503A0054551,뚜레쥬르 약수역점,뚜레쥬르약수역점,서울특별시 중구 동호로 189,서울특별시중구동호로189,서울특별시,중구,중구,11140,11140,127.010230786473,37.5548244118128,소상공인시장진흥공단 상가(상권)정보,영업중,exact,high,3120038,약수역,발달상권,matched,,소상공인시장진흥공단 상가(상권)정보,2026-06-30,뚜레쥬르약수역점,서울특별시중구동호로189,뚜레쥬르
BRD_20230468,소림사,MA0101202503A0059848,소림사잠실엘스점,소림사잠실엘스점,서울특별시 송파구 올림픽로 119,서울특별시송파구올림픽로119,서울특별시,송파구,송파구,11710,11710,127.0841861696,37.5120874067389,소상공인시장진흥공단 상가(상권)정보,미확인,prefix_short_brand,medium_short_brand,3120225,잠실새내역(신천),발달상권,matched,,소상공인시장진흥공단 상가(상권)정보,2026-06-30,소림사잠실엘스점,서울특별시송파구올림픽로119,소림사
BRD_20080100039,뚜레쥬르,MA0101202503A0071801,뚜레쥬르봉화산역점,뚜레쥬르봉화산역점,서울특별시 중랑구 신내로 225,서울특별시중랑구신내로225,서울특별시,중랑구,중랑구,11260,11260,127.091360778687,37.6169670149357,소상공인시장진흥공단 상가(상권)정보,미확인,prefix,medium,3110271,신내역 1번,골목상권,matched_nearest_300m,,소상공인시장진흥공단 상가(상권)정보,2026-06-30,뚜레쥬르봉화산역점,서울특별시중랑구신내로225,뚜레쥬르
BRD_20080200064,파리바게뜨,MA0101202503A0077088,파리바게뜨둔촌동역포레온점,파리바게뜨둔촌동역포레온점,서울특별시 강동구 양재대로 1360,서울특별시강동구양재대로1360,서울특별시,강동구,강동구,11740,11740,127.137046974468,37.5274810853224,소상공인시장진흥공단 상가(상권)정보,미확인,prefix,medium,3120245,둔촌역,발달상권,matched_nearest_300m,,소상공인시장진흥공단 상가(상권)정보,2026-06-30,파리바게뜨둔촌동역포레온점,서울특별시강동구양재대로1360,파리바게뜨
BRD_20120100621,더베이크,MA0101202504A0004478,더베이크공항철도김포공항역점,더베이크공항철도김포공항역점,서울특별시 강서구 하늘길 77,서울특별시강서구하늘길77,서울특별시,강서구,강서구,11500,11500,126.802382319376,37.5619215060045,소상공인시장진흥공단 상가(상권)정보,미확인,prefix,medium,3120115,김포공항역(김포공항),발달상권,matched_nearest_300m,,소상공인시장진흥공단 상가(상권)정보,2026-06-30,더베이크공항철도김포공항역점,서울특별시강서구하늘길77,더베이크
BRD_20080200064,파리바게뜨,MA0101202504A0005638,파리바게뜨용두 신동아점,파리바게뜨용두신동아점,서울특별시 동대문구 천호대로 68,서울특별시동대문구천호대로68,서울특별시,동대문구,동대문구,11230,11230,127.030971773747,37.5736696348164,소상공인시장진흥공단 상가(상권)정보,미확인,prefix,medium,3110188,용두동신동아아파트,골목상권,matched,,소상공인시장진흥공단 상가(상권)정보,2026-06-30,파리바게뜨용두신동아점,서울특별시동대문구천호대로68,파리바게뜨
BRD_20240723,올드몬트베이글,MA0101202504A0009109,올드몬트베이글둔촌 성내점,올드몬트베이글둔촌성내점,서울특별시 강동구 양재대로91가길 53,서울특별시강동구양재대로91가길53,서울특별시,강동구,강동구,11740,11740,127.133401243159,37.52584543701,소상공인시장진흥공단 상가(상권)정보,미확인,prefix,medium,3120245,둔촌역,발달상권,matched,,소상공인시장진흥공단 상가(상권)정보,2026-06-30,올드몬트베이글둔촌성내점,서울특별시강동구양재대로91가길53,올드몬트베이글
BRD_20080200064,파리바게뜨,MA0101202504A0009111,파리바게뜨휘경 중앙점,파리바게뜨휘경중앙점,서울특별시 동대문구 망우로 123,서울특별시동대문구망우로123,서울특별시,동대문구,동대문구,11230,11230,127.066600852387,37.5917108169478,소상공인시장진흥공단 상가(상권)정보,미확인,prefix,medium,3110219,삼육보건대학교,골목상권,matched_nearest_300m,,소상공인시장진흥공단 상가(상권)정보,2026-06-30,파리바게뜨휘경중앙점,서울특별시동대문구망우로123,파리바게뜨
BRD_20080200064,파리바게뜨,MA0101202504A0012929,파리바게뜨까페안암 오거리점,파리바게뜨까페안암오거리점,서울특별시 동대문구 안암로 80,서울특별시동대문구안암로80,서울특별시,동대문구,동대문구,11230,11230,127.030126502076,37.582941083003,소상공인시장진흥공단 상가(상권)정보,미확인,prefix,medium,3110313,안암역 3번,골목상권,matched_nearest_300m,,소상공인시장진흥공단 상가(상권)정보,2026-06-30,파리바게뜨까페안암오거리점,서울특별시동대문구안암로80,파리바게뜨
BRD_20080200064,파리바게뜨,MA0101202504A0020200,파리바게뜨강서 등촌점,파리바게뜨강서등촌점,서울특별시 강서구 공항대로 425,서울특별시강서구공항대로425,서울특별시,강서구,강서구,11500,11500,126.854617614023,37.5554110987465,소상공인시장진흥공단 상가(상권)정보,미확인,prefix,medium,3120122,강서구청,발달상권,matched,,소상공인시장진흥공단 상가(상권)정보,2026-06-30,파리바게뜨강서등촌점,서울특별시강서구공항대로425,파리바게뜨
BRD_20080200064,파리바게뜨,MA0101202504A0037102,파리바게뜨미아경남점,파리바게뜨미아경남점,서울특별시 강북구 오패산로 130,서울특별시강북구오패산로130,서울특별시,강북구,강북구,11305,11305,127.034261553377,37.6135376115023,소상공인시장진흥공단 상가(상권)정보,미확인,prefix,medium,3110378,송중동주민센터,골목상권,matched,,소상공인시장진흥공단 상가(상권)정보,2026-06-30,파리바게뜨미아경남점,서울특별시강북구오패산로130,파리바게뜨
BRD_20080200064,파리바게뜨,MA0101202504A0053898,파리바게뜨연희점,파리바게뜨연희점,서울특별시 서대문구 연희로 114,서울특별시서대문구연희로114,서울특별시,서대문구,서대문구,11410,11410,126.93191495816,37.5678336355429,소상공인시장진흥공단 상가(상권)정보,미확인,prefix,medium,3120093,연희동,발달상권,matched,,소상공인시장진흥공단 상가(상권)정보,2026-06-30,파리바게뜨연희점,서울특별시서대문구연희로114,파리바게뜨
BRD_20220253,곤트란쉐리에(Gontran Cherrier),MA0101202504A0061122,곤트란쉐리에개포자이프레지던스,곤트란쉐리에개포자이프레지던스,서울특별시 강남구 삼성로 14,서울특별시강남구삼성로14,서울특별시,강남구,강남구,11680,11680,127.068417889537,37.4861486171741,소상공인시장진흥공단 상가(상권)정보,미확인,prefix,medium,3130310,강남개포시장,전통시장,matched_nearest_300m,,소상공인시장진흥공단 상가(상권)정보,2026-06-30,곤트란쉐리에개포자이프레지던스,서울특별시강남구삼성로14,곤트란쉐리에gontrancherrier
BRD_20080100039,뚜레쥬르,MA0101202504A0062917,뚜레쥬르월계역점,뚜레쥬르월계역점,서울특별시 노원구 초안산로2라길 26,서울특별시노원구초안산로2라길26,서울특별시,노원구,노원구,11350,11350,127.056677146234,37.6300080339765,소상공인시장진흥공단 상가(상권)정보,미확인,prefix,medium,3110417,월계역 3번,골목상권,matched_nearest_300m,,소상공인시장진흥공단 상가(상권)정보,2026-06-30,뚜레쥬르월계역점,서울특별시노원구초안산로2라길26,뚜레쥬르
BRD_20200530,그여행(B.H.F.H),MA0101202504A0066441,그여행,그여행,서울특별시 관악구 봉천로 534,서울특별시관악구봉천로534,서울특별시,관악구,관악구,11620,11620,126.95698162682,37.4786822228969,소상공인시장진흥공단 상가(상권)정보,미확인,exact,high,3110895,샤로수길,골목상권,matched,,소상공인시장진흥공단 상가(상권)정보,2026-06-30,그여행,서울특별시관악구봉천로534,그여행bhfh
BRD_20080500016,던킨/던킨도너츠,MA0101202504A0069813,던킨서울역트윈시티점,던킨서울역트윈시티점,서울특별시 용산구 한강대로 366,서울특별시용산구한강대로366,서울특별시,용산구,용산구,11170,11170,126.972907874925,37.5510916151593,소상공인시장진흥공단 상가(상권)정보,영업중,prefix_short_brand_confirmed_safe,medium,3110074,서울역 12번,골목상권,matched,,소상공인시장진흥공단 상가(상권)정보,2026-06-30,던킨서울역트윈시티점,서울특별시용산구한강대로366,던킨던킨도너츠
BRD_20080200064,파리바게뜨,MA0101202504A0074192,파리바게뜨청담역점,파리바게뜨청담역점,서울특별시 강남구 영동대로128길 15,서울특별시강남구영동대로128길15,서울특별시,강남구,강남구,11680,11680,127.05922958453,37.5200764386808,소상공인시장진흥공단 상가(상권)정보,미확인,prefix,medium,3120216,경기고교사거리(경기고교앞사거리),발달상권,matched_nearest_300m,,소상공인시장진흥공단 상가(상권)정보,2026-06-30,파리바게뜨청담역점,서울특별시강남구영동대로128길15,파리바게뜨
BRD_20080100039,뚜레쥬르,MA0101202504A0085408,뚜레쥬르올림픽공원역점,뚜레쥬르올림픽공원역점,서울특별시 송파구 양재대로 1222,서울특별시송파구양재대로1222,서울특별시,송파구,송파구,11710,11710,127.131064412778,37.5157297971983,소상공인시장진흥공단 상가(상권)정보,미확인,prefix,medium,3001495,잠실 관광특구,관광특구,matched_nearest_300m,,소상공인시장진흥공단 상가(상권)정보,2026-06-30,뚜레쥬르올림픽공원역점,서울특별시송파구양재대로1222,뚜레쥬르
BRD_20080200287,브레댄코(bread&co.DAILY-NEW),MA0101202505A0008392,브레댄코신설동역점,브레댄코신설동역점,서울특별시 동대문구 천호대로 26,서울특별시동대문구천호대로26,서울특별시,동대문구,동대문구,11230,11230,127.026036292241,37.5738960751999,소상공인시장진흥공단 상가(상권)정보,미확인,prefix,medium,3120062,신설동역,발달상권,matched,,소상공인시장진흥공단 상가(상권)정보,2026-06-30,브레댄코신설동역점,서울특별시동대문구천호대로26,브레댄코breadcodailynew
BRD_20080200064,파리바게뜨,MA0101202505A0012441,파리바게뜨당산 행복점,파리바게뜨당산행복점,서울특별시 영등포구 국회대로 553,서울특별시영등포구국회대로553,서울특별시,영등포구,영등포구,11560,11560,126.896121534635,37.5285690883371,소상공인시장진흥공단 상가(상권)정보,미확인,prefix,medium,3120138,당산2동(영등포우체국),발달상권,matched,,소상공인시장진흥공단 상가(상권)정보,2026-06-30,파리바게뜨당산행복점,서울특별시영등포구국회대로553,파리바게뜨
BRD_20080200064,파리바게뜨,MA0101202505A0016942,파리바게뜨연희 안산점,파리바게뜨연희안산점,서울특별시 서대문구 연희로 198,서울특별시서대문구연희로198,서울특별시,서대문구,서대문구,11410,11410,126.935633082915,37.5746832838473,소상공인시장진흥공단 상가(상권)정보,미확인,prefix,medium,3110517,서대문소방서,골목상권,matched,,소상공인시장진흥공단 상가(상권)정보,2026-06-30,파리바게뜨연희안산점,서울특별시서대문구연희로198,파리바게뜨
BRD_20240347,우스블랑,MA0101202505A0018214,우스블랑 잠실점,우스블랑잠실점,서울특별시 송파구 송파대로49길 58,서울특별시송파구송파대로49길58,서울특별시,송파구,송파구,11710,11710,127.098497707969,37.5060666403253,소상공인시장진흥공단 상가(상권)정보,미확인,exact,high,3001495,잠실 관광특구,관광특구,matched,,소상공인시장진흥공단 상가(상권)정보,2026-06-30,우스블랑잠실점,서울특별시송파구송파대로49길58,우스블랑
BRD_20251346,라미,MA0101202505A0033022,라미듀빵,라미듀빵,서울특별시 강동구 올림픽로80길 47,서울특별시강동구올림픽로80길47,서울특별시,강동구,강동구,11740,11740,127.127898499382,37.5429705295724,소상공인시장진흥공단 상가(상권)정보,미확인,prefix_short_brand,medium_short_brand,3111057,천호공원(해공체육문화센터),골목상권,matched,,소상공인시장진흥공단 상가(상권)정보,2026-06-30,라미듀빵,서울특별시강동구올림픽로80길47,라미
BRD_20080200064,파리바게뜨,MA0101202505A0047263,파리바게뜨카페 교대점,파리바게뜨카페교대점,서울특별시 서초구 서초중앙로 95,서울특별시서초구서초중앙로95,서울특별시,서초구,서초구,11650,11650,127.013953468471,37.4903753101082,소상공인시장진흥공단 상가(상권)정보,미확인,prefix,medium,3120173,교대역(법원.검찰청),발달상권,matched,,소상공인시장진흥공단 상가(상권)정보,2026-06-30,파리바게뜨카페교대점,서울특별시서초구서초중앙로95,파리바게뜨
BRD_20212010,복호두,MA0101202505A0050024,복호두 구파발역점,복호두구파발역점,서울특별시 은평구 진관3로 21,서울특별시은평구진관3로21,서울특별시,은평구,은평구,11380,11380,126.919001232866,37.6395713179227,소상공인시장진흥공단 상가(상권)정보,영업중,exact,high,3120089,구파발역,발달상권,matched,,소상공인시장진흥공단 상가(상권)정보,2026-06-30,복호두구파발역점,서울특별시은평구진관3로21,복호두
BRD_20080200064,파리바게뜨,MA0101202505A0062294,파리바게뜨전농 사거리점,파리바게뜨전농사거리점,서울특별시 동대문구 전농로 151,서울특별시동대문구전농로151,서울특별시,동대문구,동대문구,11230,11230,127.057022898051,37.5783811363339,소상공인시장진흥공단 상가(상권)정보,미확인,prefix,medium,3130099,전농로터리시장,전통시장,matched,,소상공인시장진흥공단 상가(상권)정보,2026-06-30,파리바게뜨전농사거리점,서울특별시동대문구전농로151,파리바게뜨
BRD_20240478,화이트리에,MA0101202505A0063202,화이트리에 대치점,화이트리에대치점,서울특별시 강남구 도곡로 510,서울특별시강남구도곡로510,서울특별시,강남구,강남구,11680,11680,127.062175856792,37.4990184486466,소상공인시장진흥공단 상가(상권)정보,미확인,exact,high,3120219,은마아파트,발달상권,matched,,소상공인시장진흥공단 상가(상권)정보,2026-06-30,화이트리에대치점,서울특별시강남구도곡로510,화이트리에
BRD_20080200064,파리바게뜨,MA0101202505A0072569,파리바게뜨성내 삼성점,파리바게뜨성내삼성점,서울특별시 강동구 풍성로37길 3,서울특별시강동구풍성로37길3,서울특별시,강동구,강동구,11740,11740,127.125730263282,37.5320707602195,소상공인시장진흥공단 상가(상권)정보,미확인,prefix,medium,3111051,천호역 6번,골목상권,matched_nearest_300m,,소상공인시장진흥공단 상가(상권)정보,2026-06-30,파리바게뜨성내삼성점,서울특별시강동구풍성로37길3,파리바게뜨
BRD_20180144,파더스베이글(father'sbagel),MA0101202505A0077290,파더스베이글가산디지털단지점,파더스베이글가산디지털단지점,서울특별시 금천구 가산디지털2로 101,서울특별시금천구가산디지털2로101,서울특별시,금천구,금천구,11545,11545,126.879574265702,37.4767635958112,소상공인시장진흥공단 상가(상권)정보,영업중,prefix,medium,3120131,가산디지털단지,발달상권,matched,,소상공인시장진흥공단 상가(상권)정보,2026-06-30,파더스베이글가산디지털단지점,서울특별시금천구가산디지털2로101,파더스베이글fathersbagel
BRD_20140306,롤링핀,MA0101202506A0004731,롤링핀우 장산점,롤링핀우장산점,서울특별시 강서구 강서로48길 6,서울특별시강서구강서로48길6,서울특별시,강서구,강서구,11500,11500,126.836878391556,37.5525047337073,소상공인시장진흥공단 상가(상권)정보,미확인,prefix_short_brand,medium_short_brand,3110649,우장산역 1번,골목상권,matched,,소상공인시장진흥공단 상가(상권)정보,2026-06-30,롤링핀우장산점,서울특별시강서구강서로48길6,롤링핀
BRD_20080100039,뚜레쥬르,MA0101202506A0006677,뚜레쥬르 무교점,뚜레쥬르무교점,서울특별시 중구 남대문로9길 40,서울특별시중구남대문로9길40,서울특별시,중구,중구,11140,11140,126.980361353519,37.5671398478917,소상공인시장진흥공단 상가(상권)정보,미확인,exact,high,3001492,명동 남대문 북창동 다동 무교동 관광특구,관광특구,matched,,소상공인시장진흥공단 상가(상권)정보,2026-06-30,뚜레쥬르무교점,서울특별시중구남대문로9길40,뚜레쥬르
BRD_20180144,파더스베이글(father'sbagel),MA0101202506A0032393,파더스베이글 불광역점,파더스베이글불광역점,서울특별시 은평구 통일로 767,서울특별시은평구통일로767,서울특별시,은평구,은평구,11380,11380,126.92649295511,37.6139882057219,소상공인시장진흥공단 상가(상권)정보,미확인,exact,high,3110481,불광역 7번,골목상권,matched,,소상공인시장진흥공단 상가(상권)정보,2026-06-30,파더스베이글불광역점,서울특별시은평구통일로767,파더스베이글fathersbagel
BRD_20080100039,뚜레쥬르,MA0101202507A0000032,뚜레쥬르둔촌오륜역점,뚜레쥬르둔촌오륜역점,서울특별시 강동구 양재대로 1300,서울특별시강동구양재대로1300,서울특별시,강동구,강동구,11740,11740,127.138821023708,37.5263437517166,소상공인시장진흥공단 상가(상권)정보,미확인,prefix,medium,3111073,둔촌동역 1번(한산중학교),골목상권,matched_nearest_300m,,소상공인시장진흥공단 상가(상권)정보,2026-06-30,뚜레쥬르둔촌오륜역점,서울특별시강동구양재대로1300,뚜레쥬르
BRD_20212010,복호두,MA0101202507A0005953,복호두삼각산점,복호두삼각산점,서울특별시 강북구 솔샘로 211,서울특별시강북구솔샘로211,서울특별시,강북구,강북구,11305,11305,127.016027914671,37.6202268293004,소상공인시장진흥공단 상가(상권)정보,영업중,prefix_short_brand_confirmed_safe,medium,3110354,삼각산119안전센터,골목상권,matched_nearest_300m,,소상공인시장진흥공단 상가(상권)정보,2026-06-30,복호두삼각산점,서울특별시강북구솔샘로211,복호두
BRD_20080100039,뚜레쥬르,MA0101202507A0017262,뚜레쥬르가양역점,뚜레쥬르가양역점,서울특별시 강서구 양천로57길 16,서울특별시강서구양천로57길16,서울특별시,강서구,강서구,11500,11500,126.852496897214,37.5633732754666,소상공인시장진흥공단 상가(상권)정보,미확인,prefix,medium,3110667,가양역 10번,골목상권,matched_nearest_300m,,소상공인시장진흥공단 상가(상권)정보,2026-06-30,뚜레쥬르가양역점,서울특별시강서구양천로57길16,뚜레쥬르
BRD_20080100675,호밀호두,MA0101202507A0022876,호밀호두신당역점,호밀호두신당역점,서울특별시 중구 퇴계로 431-1,서울특별시중구퇴계로4311,서울특별시,중구,중구,11140,11140,127.019536386288,37.5656532215294,소상공인시장진흥공단 상가(상권)정보,미확인,prefix,medium,3130053,백학시장,전통시장,matched,,소상공인시장진흥공단 상가(상권)정보,2026-06-30,호밀호두신당역점,서울특별시중구퇴계로4311,호밀호두
BRD_20080100039,뚜레쥬르,MA0101202507A0023589,뚜레쥬르까페워커힐점,뚜레쥬르까페워커힐점,서울특별시 광진구 광장로 89,서울특별시광진구광장로89,서울특별시,광진구,광진구,11215,11215,127.106859237845,37.5481992156149,소상공인시장진흥공단 상가(상권)정보,미확인,prefix,medium,3110180,광진정보도서관,골목상권,matched_nearest_300m,,소상공인시장진흥공단 상가(상권)정보,2026-06-30,뚜레쥬르까페워커힐점,서울특별시광진구광장로89,뚜레쥬르
BRD_20080200064,파리바게뜨,MA0101202507A0035240,파리바게뜨신림 신원점,파리바게뜨신림신원점,서울특별시 관악구 신원로 2,서울특별시관악구신원로2,서울특별시,관악구,관악구,11620,11620,126.928151121982,37.4795692180196,소상공인시장진흥공단 상가(상권)정보,미확인,prefix,medium,3110871,신원동주민센터,골목상권,matched,,소상공인시장진흥공단 상가(상권)정보,2026-06-30,파리바게뜨신림신원점,서울특별시관악구신원로2,파리바게뜨
BRD_20212413,웨인스베이글스(Wayne’s Bagels),MA0101202507A0042419,웨인스베이글스오목교역점,웨인스베이글스오목교역점,서울특별시 양천구 오목로 329-1,서울특별시양천구오목로3291,서울특별시,양천구,양천구,11470,11470,126.873953493615,37.5250245937918,소상공인시장진흥공단 상가(상권)정보,미확인,prefix,medium,3120113,오목교역,발달상권,matched,,소상공인시장진흥공단 상가(상권)정보,2026-06-30,웨인스베이글스오목교역점,서울특별시양천구오목로3291,웨인스베이글스waynesbagels
BRD_20212010,복호두,MA0101202508A0023457,복호두 여의도점,복호두여의도점,서울특별시 영등포구 여의대방로65길 12,서울특별시영등포구여의대방로65길12,서울특별시,영등포구,영등포구,11560,11560,126.930024443148,37.5196290695765,소상공인시장진흥공단 상가(상권)정보,영업중,exact,high,3120149,여의도역(여의도),발달상권,matched,,소상공인시장진흥공단 상가(상권)정보,2026-06-30,복호두여의도점,서울특별시영등포구여의대방로65길12,복호두
BRD_20080200064,파리바게뜨,MA0101202508A0026992,파리바게뜨장위레디언트점,파리바게뜨장위레디언트점,서울특별시 성북구 돌곶이로30길 24,서울특별시성북구돌곶이로30길24,서울특별시,성북구,성북구,11290,11290,127.056822770951,37.612961281847,소상공인시장진흥공단 상가(상권)정보,미확인,prefix,medium,3110332,돌곶이역 3번,골목상권,matched_nearest_300m,,소상공인시장진흥공단 상가(상권)정보,2026-06-30,파리바게뜨장위레디언트점,서울특별시성북구돌곶이로30길24,파리바게뜨
BRD_20212010,복호두,MA0101202508A0030065,복호두신용산역점,복호두신용산역점,서울특별시 용산구 한강대로 95,서울특별시용산구한강대로95,서울특별시,용산구,용산구,11170,11170,126.966659672077,37.5288172968287,소상공인시장진흥공단 상가(상권)정보,영업중,prefix_short_brand_confirmed_safe,medium,3120041,신용산역(용산역),발달상권,matched,,소상공인시장진흥공단 상가(상권)정보,2026-06-30,복호두신용산역점,서울특별시용산구한강대로95,복호두
BRD_20212010,복호두,MA0101202508A0034410,복호두경복궁역점,복호두경복궁역점,서울특별시 종로구 자하문로 13-1,서울특별시종로구자하문로131,서울특별시,종로구,종로구,11110,11110,126.971981413082,37.5772923707623,소상공인시장진흥공단 상가(상권)정보,영업중,prefix_short_brand_confirmed_safe,medium,3130002,세종마을음식문화거리(금천교시장),전통시장,matched,,소상공인시장진흥공단 상가(상권)정보,2026-06-30,복호두경복궁역점,서울특별시종로구자하문로131,복호두
BRD_20240478,화이트리에,MA0101202508A0035474,화이트리에우 장산역점,화이트리에우장산역점,서울특별시 강서구 강서로45길 9,서울특별시강서구강서로45길9,서울특별시,강서구,강서구,11500,11500,126.835643866338,37.5477998148414,소상공인시장진흥공단 상가(상권)정보,미확인,prefix,medium,3110646,푸른들청소년도서관,골목상권,matched_nearest_300m,,소상공인시장진흥공단 상가(상권)정보,2026-06-30,화이트리에우장산역점,서울특별시강서구강서로45길9,화이트리에
BRD_20080200064,파리바게뜨,MA0101202509A0002795,파리바게뜨황학 롯데점,파리바게뜨황학롯데점,서울특별시 중구 청계천로 400,서울특별시중구청계천로400,서울특별시,중구,중구,11140,11140,127.021462076959,37.5708155923725,소상공인시장진흥공단 상가(상권)정보,미확인,prefix,medium,3130054,황학동주방가구거리상점가,전통시장,matched_nearest_300m,,소상공인시장진흥공단 상가(상권)정보,2026-06-30,파리바게뜨황학롯데점,서울특별시중구청계천로400,파리바게뜨
BRD_20080200287,브레댄코(bread&co.DAILY-NEW),MA0101202509A0004915,브레댄코숭실대입구역점,브레댄코숭실대입구역점,서울특별시 동작구 상도로 378,서울특별시동작구상도로378,서울특별시,동작구,동작구,11590,11590,126.954054250225,37.4958182929813,소상공인시장진흥공단 상가(상권)정보,미확인,prefix,medium,3110837,숭실대입구역 1번,골목상권,matched_nearest_300m,,소상공인시장진흥공단 상가(상권)정보,2026-06-30,브레댄코숭실대입구역점,서울특별시동작구상도로378,브레댄코breadcodailynew
BRD_20080100039,뚜레쥬르,MA0101202509A0005959,뚜레쥬르뱅뱅 사거리점,뚜레쥬르뱅뱅사거리점,서울특별시 강남구 도곡로 112,서울특별시강남구도곡로112,서울특별시,강남구,강남구,11680,11680,127.032836698092,37.4896597747811,소상공인시장진흥공단 상가(상권)정보,미확인,prefix,medium,3120192,뱅뱅사거리,발달상권,matched,,소상공인시장진흥공단 상가(상권)정보,2026-06-30,뚜레쥬르뱅뱅사거리점,서울특별시강남구도곡로112,뚜레쥬르
BRD_20080100039,뚜레쥬르,MA0101202509A0013005,뚜레쥬르보문역점,뚜레쥬르보문역점,서울특별시 성북구 지봉로 184,서울특별시성북구지봉로184,서울특별시,성북구,성북구,11290,11290,127.019179145047,37.5850066439018,소상공인시장진흥공단 상가(상권)정보,미확인,prefix,medium,3110302,보문역 8번,골목상권,matched,,소상공인시장진흥공단 상가(상권)정보,2026-06-30,뚜레쥬르보문역점,서울특별시성북구지봉로184,뚜레쥬르
BRD_20080200064,파리바게뜨,MA0101202509A0016466,파리바게뜨잠원역메이플 자이점,파리바게뜨잠원역메이플자이점,서울특별시 서초구 잠원로4길 50,서울특별시서초구잠원로4길50,서울특별시,서초구,서초구,11650,11650,127.012837871693,37.5128465230872,소상공인시장진흥공단 상가(상권)정보,미확인,prefix,medium,3110927,잠원역,골목상권,matched_nearest_300m,,소상공인시장진흥공단 상가(상권)정보,2026-06-30,파리바게뜨잠원역메이플자이점,서울특별시서초구잠원로4길50,파리바게뜨
BRD_20260267,스테이브래드,MA0101202509A0020791,스테이브래드 명일점,스테이브래드명일점,서울특별시 강동구 양재대로151길 18,서울특별시강동구양재대로151길18,서울특별시,강동구,강동구,11740,11740,127.143195648307,37.5541073253472,소상공인시장진흥공단 상가(상권)정보,미확인,exact,high,3120248,명일역,발달상권,matched,,소상공인시장진흥공단 상가(상권)정보,2026-06-30,스테이브래드명일점,서울특별시강동구양재대로151길18,스테이브래드
BRD_20080500016,던킨/던킨도너츠,MA0101202509A0022139,던킨도너츠 잠원점,던킨도너츠잠원점,서울특별시 서초구 잠원로 204,서울특별시서초구잠원로204,서울특별시,서초구,서초구,11650,11650,127.014332238944,37.51979308915,소상공인시장진흥공단 상가(상권)정보,미확인,exact,high,3120178,신사역,발달상권,matched_nearest_300m,,소상공인시장진흥공단 상가(상권)정보,2026-06-30,던킨도너츠잠원점,서울특별시서초구잠원로204,던킨던킨도너츠
BRD_20180858,모찌모찌브레드,MA0101202509A0030165,모찌모찌브레드,모찌모찌브레드,서울특별시 성동구 한림말3길 14,서울특별시성동구한림말3길14,서울특별시,성동구,성동구,11200,11200,127.016045183084,37.5423899830256,소상공인시장진흥공단 상가(상권)정보,미확인,exact,high,3110102,옥수역 6번,골목상권,matched,,소상공인시장진흥공단 상가(상권)정보,2026-06-30,모찌모찌브레드,서울특별시성동구한림말3길14,모찌모찌브레드
BRD_20212010,복호두,MA0101202509A0042464,복호두서대문역점,복호두서대문역점,서울특별시 서대문구 충정로6길 59,서울특별시서대문구충정로6길59,서울특별시,서대문구,서대문구,11410,11410,126.968534573197,37.5631368653811,소상공인시장진흥공단 상가(상권)정보,영업중,prefix_short_brand_confirmed_safe,medium,3120019,경찰청앞교차로,발달상권,matched,,소상공인시장진흥공단 상가(상권)정보,2026-06-30,복호두서대문역점,서울특별시서대문구충정로6길59,복호두
BRD_20080100039,뚜레쥬르,MA0101202510A0000766,뚜레쥬르카페강남세곡점,뚜레쥬르카페강남세곡점,서울특별시 강남구 헌릉로569길 23,서울특별시강남구헌릉로569길23,서울특별시,강남구,강남구,11680,11680,127.099214837271,37.4668001182401,소상공인시장진흥공단 상가(상권)정보,미확인,prefix,medium,3110998,은곡마을(은곡마을공원),골목상권,matched,,소상공인시장진흥공단 상가(상권)정보,2026-06-30,뚜레쥬르카페강남세곡점,서울특별시강남구헌릉로569길23,뚜레쥬르
BRD_20080200064,파리바게뜨,MA0101202510A0009444,파리바게뜨 마포역점,파리바게뜨마포역점,서울특별시 마포구 마포대로 33,서울특별시마포구마포대로33,서울특별시,마포구,마포구,11440,11440,126.945506912993,37.5400629304589,소상공인시장진흥공단 상가(상권)정보,미확인,exact,high,3120106,마포역,발달상권,matched,,소상공인시장진흥공단 상가(상권)정보,2026-06-30,파리바게뜨마포역점,서울특별시마포구마포대로33,파리바게뜨
BRD_20080200287,브레댄코(bread&co.DAILY-NEW),MA0101202510A0016281,브레댄코경희의료원점,브레댄코경희의료원점,서울특별시 동대문구 경희대로 23,서울특별시동대문구경희대로23,서울특별시,동대문구,동대문구,11230,11230,127.050738976836,37.593772962698,소상공인시장진흥공단 상가(상권)정보,미확인,prefix,medium,3120064,경희대학교(경희대),발달상권,matched_nearest_300m,,소상공인시장진흥공단 상가(상권)정보,2026-06-30,브레댄코경희의료원점,서울특별시동대문구경희대로23,브레댄코breadcodailynew
BRD_20080200064,파리바게뜨,MA0101202510A0029659,파리바게뜨봉은사역점,파리바게뜨봉은사역점,서울특별시 강남구 봉은사로103길 8,서울특별시강남구봉은사로103길8,서울특별시,강남구,강남구,11680,11680,127.061748110898,37.5151646808952,소상공인시장진흥공단 상가(상권)정보,미확인,prefix,medium,3120221,봉은사역,발달상권,matched,,소상공인시장진흥공단 상가(상권)정보,2026-06-30,파리바게뜨봉은사역점,서울특별시강남구봉은사로103길8,파리바게뜨
BRD_20080100039,뚜레쥬르,MA0101202511A0005742,뚜레쥬르신도림역점,뚜레쥬르신도림역점,서울특별시 구로구 경인로 661,서울특별시구로구경인로661,서울특별시,구로구,구로구,11530,11530,126.887766918746,37.5095322660295,소상공인시장진흥공단 상가(상권)정보,미확인,prefix,medium,3120128,신도림역,발달상권,matched,,소상공인시장진흥공단 상가(상권)정보,2026-06-30,뚜레쥬르신도림역점,서울특별시구로구경인로661,뚜레쥬르
BRD_20080100039,뚜레쥬르,MA0101202511A0006308,뚜레쥬르강남 자곡점,뚜레쥬르강남자곡점,서울특별시 강남구 자곡로 180,서울특별시강남구자곡로180,서울특별시,강남구,강남구,11680,11680,127.103361607327,37.4737163228632,소상공인시장진흥공단 상가(상권)정보,미확인,prefix,medium,3110999,윗방죽마을공원,골목상권,matched,,소상공인시장진흥공단 상가(상권)정보,2026-06-30,뚜레쥬르강남자곡점,서울특별시강남구자곡로180,뚜레쥬르
BRD_20240814,보리원,MA0101202511A0020658,보리원파크리오점,보리원파크리오점,서울특별시 송파구 올림픽로 435,서울특별시송파구올림픽로435,서울특별시,송파구,송파구,11710,11710,127.104965751666,37.5213601116758,소상공인시장진흥공단 상가(상권)정보,미확인,prefix_short_brand,medium_short_brand,3111011,잠실나루역,골목상권,matched,,소상공인시장진흥공단 상가(상권)정보,2026-06-30,보리원파크리오점,서울특별시송파구올림픽로435,보리원
BRD_20080100039,뚜레쥬르,MA0101202511A0021612,뚜레쥬르카페답십리역점,뚜레쥬르카페답십리역점,서울특별시 동대문구 천호대로 281,서울특별시동대문구천호대로281,서울특별시,동대문구,동대문구,11230,11230,127.052204010001,37.5675714273417,소상공인시장진흥공단 상가(상권)정보,미확인,prefix,medium,3130096,동부시장,전통시장,matched,,소상공인시장진흥공단 상가(상권)정보,2026-06-30,뚜레쥬르카페답십리역점,서울특별시동대문구천호대로281,뚜레쥬르
BRD_20212010,복호두,MA0101202511A0022364,복호두 서울대입구역점,복호두서울대입구역점,서울특별시 관악구 남부순환로 1840,서울특별시관악구남부순환로1840,서울특별시,관악구,관악구,11620,11620,126.954301139125,37.480366103747,소상공인시장진흥공단 상가(상권)정보,영업중,exact,high,3120159,서울대입구역,발달상권,matched,,소상공인시장진흥공단 상가(상권)정보,2026-06-30,복호두서울대입구역점,서울특별시관악구남부순환로1840,복호두
BRD_20080200064,파리바게뜨,MA0101202511A0030717,파리바게뜨성동구민회관점,파리바게뜨성동구민회관점,서울특별시 성동구 고산자로6길 40,서울특별시성동구고산자로6길40,서울특별시,성동구,성동구,11200,11200,127.035481164567,37.5582252942886,소상공인시장진흥공단 상가(상권)정보,미확인,prefix,medium,3110118,왕십리역 9번,골목상권,matched,,소상공인시장진흥공단 상가(상권)정보,2026-06-30,파리바게뜨성동구민회관점,서울특별시성동구고산자로6길40,파리바게뜨
BRD_20080100039,뚜레쥬르,MA0101202511A0034752,뚜레쥬르온수역 북부점,뚜레쥬르온수역북부점,서울특별시 구로구 부일로15길 33,서울특별시구로구부일로15길33,서울특별시,구로구,구로구,11530,11530,126.832967869487,37.4943936771062,소상공인시장진흥공단 상가(상권)정보,미확인,prefix,medium,3110686,수궁동주민센터,골목상권,matched,,소상공인시장진흥공단 상가(상권)정보,2026-06-30,뚜레쥬르온수역북부점,서울특별시구로구부일로15길33,뚜레쥬르
BRD_20080100039,뚜레쥬르,MA0101202511A0038583,뚜레쥬르가산 센트럴점,뚜레쥬르가산센트럴점,서울특별시 금천구 디지털로10길 69,서울특별시금천구디지털로10길69,서울특별시,금천구,금천구,11545,11545,126.890847936311,37.4752968926736,소상공인시장진흥공단 상가(상권)정보,미확인,prefix,medium,3120131,가산디지털단지,발달상권,matched,,소상공인시장진흥공단 상가(상권)정보,2026-06-30,뚜레쥬르가산센트럴점,서울특별시금천구디지털로10길69,뚜레쥬르
BRD_20080200064,파리바게뜨,MA0101202512A0011847,파리바게뜨풍납 사랑점,파리바게뜨풍납사랑점,서울특별시 송파구 바람드리길 59,서울특별시송파구바람드리길59,서울특별시,송파구,송파구,11710,11710,127.122457208611,37.5369305911438,소상공인시장진흥공단 상가(상권)정보,미확인,prefix,medium,3130314,풍납시장,전통시장,matched,,소상공인시장진흥공단 상가(상권)정보,2026-06-30,파리바게뜨풍납사랑점,서울특별시송파구바람드리길59,파리바게뜨
BRD_20180144,파더스베이글(father'sbagel),MA0101202512A0031529,파더스베이글 개봉역점,파더스베이글개봉역점,서울특별시 구로구 개봉로24길 46,서울특별시구로구개봉로24길46,서울특별시,구로구,구로구,11530,11530,126.85761734102,37.4955522143116,소상공인시장진흥공단 상가(상권)정보,미확인,exact,high,3110703,개봉역,골목상권,matched,,소상공인시장진흥공단 상가(상권)정보,2026-06-30,파더스베이글개봉역점,서울특별시구로구개봉로24길46,파더스베이글fathersbagel
BRD_20250749,디에그,MA0101202512A0032691,디에그 신촌점,디에그신촌점,서울특별시 마포구 신촌로14길 11,서울특별시마포구신촌로14길11,서울특별시,마포구,마포구,11440,11440,126.933827557953,37.5554280006505,소상공인시장진흥공단 상가(상권)정보,미확인,exact,high,3120094,"신촌역(신촌역, 신촌로터리)",발달상권,matched,,소상공인시장진흥공단 상가(상권)정보,2026-06-30,디에그신촌점,서울특별시마포구신촌로14길11,디에그
BRD_20230468,소림사,MA0101202512A0034114,소림사,소림사,서울특별시 광진구 광나루로 386,서울특별시광진구광나루로386,서울특별시,광진구,광진구,11215,11215,127.072434417845,37.5473423723644,소상공인시장진흥공단 상가(상권)정보,영업중,exact,high,3120054,어린이대공원역,발달상권,matched,,소상공인시장진흥공단 상가(상권)정보,2026-06-30,소림사,서울특별시광진구광나루로386,소림사
BRD_20080500016,던킨/던킨도너츠,MA0101202512A0037972,던킨마곡양천향교역점,던킨마곡양천향교역점,서울특별시 강서구 마곡중앙8로1길 81,서울특별시강서구마곡중앙8로1길81,서울특별시,강서구,강서구,11500,11500,126.837568169793,37.56839925301,소상공인시장진흥공단 상가(상권)정보,영업중,prefix_short_brand_confirmed_safe,medium,3110648,양천향교역 7번,골목상권,matched,,소상공인시장진흥공단 상가(상권)정보,2026-06-30,던킨마곡양천향교역점,서울특별시강서구마곡중앙8로1길81,던킨던킨도너츠
BRD_20080200064,파리바게뜨,MA0101202512A0038686,파리바게뜨양재 드림점,파리바게뜨양재드림점,서울특별시 서초구 동산로 65,서울특별시서초구동산로65,서울특별시,서초구,서초구,11650,11650,127.045840836034,37.472175870775,소상공인시장진흥공단 상가(상권)정보,미확인,prefix,medium,3110943,법제교육센터(버들어린이공원),골목상권,matched,,소상공인시장진흥공단 상가(상권)정보,2026-06-30,파리바게뜨양재드림점,서울특별시서초구동산로65,파리바게뜨
BRD_20080200064,파리바게뜨,MA0101202601A0009506,파리크라상파리바게뜨카페 신사점,파리크라상파리바게뜨카페신사점,서울특별시 서초구 강남대로 603,서울특별시서초구강남대로603,서울특별시,서초구,서초구,11650,11650,127.019297093676,37.5155576663131,소상공인시장진흥공단 상가(상권)정보,미확인,contains_nonprefix,low,3120178,신사역,발달상권,matched,,소상공인시장진흥공단 상가(상권)정보,2026-06-30,파리크라상파리바게뜨카페신사점,서울특별시서초구강남대로603,파리바게뜨
BRD_20080200064,파리바게뜨,MA0101202601A0010073,파리바게뜨이태원점,파리바게뜨이태원점,서울특별시 용산구 이태원로 186,서울특별시용산구이태원로186,서울특별시,용산구,용산구,11170,11170,126.994614469617,37.534299967959,소상공인시장진흥공단 상가(상권)정보,미확인,prefix,medium,3001491,이태원 관광특구,관광특구,matched,,소상공인시장진흥공단 상가(상권)정보,2026-06-30,파리바게뜨이태원점,서울특별시용산구이태원로186,파리바게뜨
BRD_20080200064,파리바게뜨,MA0101202601A0011228,1945파리바게뜨 광화문,1945파리바게뜨광화문,서울특별시 종로구 세종대로 178,서울특별시종로구세종대로178,서울특별시,종로구,종로구,11110,11110,126.977801746692,37.5721579390524,소상공인시장진흥공단 상가(상권)정보,미확인,contains_nonprefix,low,3120003,광화문역,발달상권,matched_nearest_300m,,소상공인시장진흥공단 상가(상권)정보,2026-06-30,1945파리바게뜨광화문,서울특별시종로구세종대로178,파리바게뜨
BRD_20080100039,뚜레쥬르,MA0101202601A0012567,뚜레쥬르카페 화곡역점,뚜레쥬르카페화곡역점,서울특별시 강서구 화곡로 157,서울특별시강서구화곡로157,서울특별시,강서구,강서구,11500,11500,126.839108667879,37.5415786879447,소상공인시장진흥공단 상가(상권)정보,미확인,prefix,medium,3120120,화곡역,발달상권,matched,,소상공인시장진흥공단 상가(상권)정보,2026-06-30,뚜레쥬르카페화곡역점,서울특별시강서구화곡로157,뚜레쥬르
BRD_20080200064,파리바게뜨,MA0101202601A0013841,파리바게뜨대치역점,파리바게뜨대치역점,서울특별시 강남구 삼성로 155,서울특별시강남구삼성로155,서울특별시,강남구,강남구,11680,11680,127.062951853381,37.4938823004773,소상공인시장진흥공단 상가(상권)정보,미확인,prefix,medium,3120220,대치역,발달상권,matched,,소상공인시장진흥공단 상가(상권)정보,2026-06-30,파리바게뜨대치역점,서울특별시강남구삼성로155,파리바게뜨
BRD_20080200064,파리바게뜨,MA0101202601A0022560,파리크라상파리바게뜨카페수유역,파리크라상파리바게뜨카페수유역,서울특별시 강북구 도봉로 337,서울특별시강북구도봉로337,서울특별시,강북구,강북구,11305,11305,127.025265562775,37.6380196933725,소상공인시장진흥공단 상가(상권)정보,미확인,contains_nonprefix,low,3120076,수유역,발달상권,matched,,소상공인시장진흥공단 상가(상권)정보,2026-06-30,파리크라상파리바게뜨카페수유역,서울특별시강북구도봉로337,파리바게뜨
BRD_20080200064,파리바게뜨,MA0101202601A0031094,파리바게뜨이수역점,파리바게뜨이수역점,서울특별시 서초구 서초대로 3-4,서울특별시서초구서초대로34,서울특별시,서초구,서초구,11650,11650,126.983062337456,37.4859960214662,소상공인시장진흥공단 상가(상권)정보,미확인,prefix,medium,3120156,"총신대입구역(이수, 총신대)",발달상권,matched,,소상공인시장진흥공단 상가(상권)정보,2026-06-30,파리바게뜨이수역점,서울특별시서초구서초대로34,파리바게뜨
BRD_20212010,복호두,MA0101202601A0034021,복호두동작 구청점,복호두동작구청점,서울특별시 동작구 상도로30길 40,서울특별시동작구상도로30길40,서울특별시,동작구,동작구,11590,11590,126.942467998485,37.5043187153324,소상공인시장진흥공단 상가(상권)정보,영업중,prefix_short_brand_confirmed_safe,medium,3110833,상도역 2번,골목상권,matched_nearest_300m,,소상공인시장진흥공단 상가(상권)정보,2026-06-30,복호두동작구청점,서울특별시동작구상도로30길40,복호두
BRD_20080200064,파리바게뜨,MA0101202601A0037932,파리바게뜨선릉아이 타워점,파리바게뜨선릉아이타워점,서울특별시 강남구 테헤란로 326,서울특별시강남구테헤란로326,서울특별시,강남구,강남구,11680,11680,127.047036198099,37.5035484961479,소상공인시장진흥공단 상가(상권)정보,미확인,prefix,medium,3120210,선릉역,발달상권,matched,,소상공인시장진흥공단 상가(상권)정보,2026-06-30,파리바게뜨선릉아이타워점,서울특별시강남구테헤란로326,파리바게뜨
BRD_20250749,디에그,MA0101202601A0038100,디에그 성북점,디에그성북점,서울특별시 성북구 종암로19길 46,서울특별시성북구종암로19길46,서울특별시,성북구,성북구,11290,11290,127.032227500888,37.5980681878791,소상공인시장진흥공단 상가(상권)정보,미확인,exact,high,3110315,종암아이파크2차,골목상권,matched,,소상공인시장진흥공단 상가(상권)정보,2026-06-30,디에그성북점,서울특별시성북구종암로19길46,디에그
BRD_20080200064,파리바게뜨,MA0101202601A0038234,파리바게뜨 오목교점,파리바게뜨오목교점,서울특별시 양천구 목동동로12길 54,서울특별시양천구목동동로12길54,서울특별시,양천구,양천구,11470,11470,126.877069116751,37.5222077416308,소상공인시장진흥공단 상가(상권)정보,미확인,exact,high,3110627,신정롯데캐슬아파트,골목상권,matched,,소상공인시장진흥공단 상가(상권)정보,2026-06-30,파리바게뜨오목교점,서울특별시양천구목동동로12길54,파리바게뜨
BRD_20080200064,파리바게뜨,MA0101202601A0041429,파리크라상파리바게뜨 김포공항점,파리크라상파리바게뜨김포공항점,서울특별시 강서구 하늘길 38,서울특별시강서구하늘길38,서울특별시,강서구,강서구,11500,11500,126.802957316013,37.5713648899321,소상공인시장진흥공단 상가(상권)정보,미확인,contains_nonprefix,low,3120115,김포공항역(김포공항),발달상권,matched,,소상공인시장진흥공단 상가(상권)정보,2026-06-30,파리크라상파리바게뜨김포공항점,서울특별시강서구하늘길38,파리바게뜨
BRD_20080200064,파리바게뜨,MA0101202601A0042068,파리크라상파리바게뜨한양대학교 병원점,파리크라상파리바게뜨한양대학교병원점,서울특별시 성동구 왕십리로 222-1,서울특별시성동구왕십리로2221,서울특별시,성동구,성동구,11200,11200,127.045633441693,37.5586362656176,소상공인시장진흥공단 상가(상권)정보,미확인,contains_nonprefix,low,3110125,사근동살곶이상점가,골목상권,matched_nearest_300m,,소상공인시장진흥공단 상가(상권)정보,2026-06-30,파리크라상파리바게뜨한양대학교병원점,서울특별시성동구왕십리로2221,파리바게뜨
BRD_20080200064,파리바게뜨,MA0101202601A0046469,파리바게뜨양재 본점,파리바게뜨양재본점,서울특별시 강남구 남부순환로 2627,서울특별시강남구남부순환로2627,서울특별시,강남구,강남구,11680,11680,127.037233103683,37.485279572213,소상공인시장진흥공단 상가(상권)정보,미확인,prefix,medium,3120179,양재역,발달상권,matched,,소상공인시장진흥공단 상가(상권)정보,2026-06-30,파리바게뜨양재본점,서울특별시강남구남부순환로2627,파리바게뜨
BRD_20250749,디에그,MA0101202601A0047961,디에그 가산점,디에그가산점,서울특별시 금천구 디지털로 121,서울특별시금천구디지털로121,서울특별시,금천구,금천구,11545,11545,126.880095323367,37.4761334192738,소상공인시장진흥공단 상가(상권)정보,미확인,exact,high,3120131,가산디지털단지,발달상권,matched,,소상공인시장진흥공단 상가(상권)정보,2026-06-30,디에그가산점,서울특별시금천구디지털로121,디에그
BRD_20080200064,파리바게뜨,MA0101202602A0005045,파리바게뜨 목2동점,파리바게뜨목2동점,서울특별시 양천구 목동중앙본로 119,서울특별시양천구목동중앙본로119,서울특별시,양천구,양천구,11470,11470,126.87130382989,37.5462222682823,소상공인시장진흥공단 상가(상권)정보,미확인,exact,high,3110622,달마을공원,골목상권,matched,,소상공인시장진흥공단 상가(상권)정보,2026-06-30,파리바게뜨목2동점,서울특별시양천구목동중앙본로119,파리바게뜨
BRD_20260378,빵굼터,MA0101202602A0006596,빵굼터,빵굼터,서울특별시 동작구 상도로 76,서울특별시동작구상도로76,서울특별시,동작구,동작구,11590,11590,126.928222285635,37.4997247995769,소상공인시장진흥공단 상가(상권)정보,미확인,exact,high,3120152,신대방삼거리역,발달상권,matched,,소상공인시장진흥공단 상가(상권)정보,2026-06-30,빵굼터,서울특별시동작구상도로76,빵굼터
BRD_20230468,소림사,MA0101202602A0014802,소림사삼성타운점,소림사삼성타운점,서울특별시 서초구 강남대로53길 7,서울특별시서초구강남대로53길7,서울특별시,서초구,서초구,11650,11650,127.0282702397,37.4942560930879,소상공인시장진흥공단 상가(상권)정보,미확인,prefix_short_brand,medium_short_brand,3120189,강남역,발달상권,matched,,소상공인시장진흥공단 상가(상권)정보,2026-06-30,소림사삼성타운점,서울특별시서초구강남대로53길7,소림사
BRD_20230468,소림사,MA0101202602A0023585,소림사,소림사,서울특별시 종로구 율곡로8길 71,서울특별시종로구율곡로8길71,서울특별시,종로구,종로구,11110,11110,126.991453275906,37.5741419055445,소상공인시장진흥공단 상가(상권)정보,영업중,exact,high,3120009,종로3가역,발달상권,matched,,소상공인시장진흥공단 상가(상권)정보,2026-06-30,소림사,서울특별시종로구율곡로8길71,소림사
BRD_20221183,바이웨이(BYWAY),MA0101202602A0026902,바이웨이베이커스 발산역점,바이웨이베이커스발산역점,서울특별시 강서구 강서로56가길 45,서울특별시강서구강서로56가길45,서울특별시,강서구,강서구,11500,11500,126.840073005683,37.561573128557,소상공인시장진흥공단 상가(상권)정보,미확인,prefix,medium,3120119,발산역(마곡),발달상권,matched,,소상공인시장진흥공단 상가(상권)정보,2026-06-30,바이웨이베이커스발산역점,서울특별시강서구강서로56가길45,바이웨이byway
BRD_20080500016,던킨/던킨도너츠,MA0101202602A0027035,비알던킨도너츠원더스서울역 코리아,비알던킨도너츠원더스서울역코리아,서울특별시 용산구 청파로 378,서울특별시용산구청파로378,서울특별시,용산구,용산구,11170,11170,126.97048688433,37.5491178482926,소상공인시장진흥공단 상가(상권)정보,미확인,contains_nonprefix,low,3110067,배문고등학교,골목상권,matched_nearest_300m,,소상공인시장진흥공단 상가(상권)정보,2026-06-30,비알던킨도너츠원더스서울역코리아,서울특별시용산구청파로378,던킨던킨도너츠
BRD_20080100039,뚜레쥬르,MA0101202602A0028850,뚜레쥬르송천센트레빌점,뚜레쥬르송천센트레빌점,서울특별시 강북구 숭인로 39,서울특별시강북구숭인로39,서울특별시,강북구,강북구,11305,11305,127.02668409094,37.6127557079263,소상공인시장진흥공단 상가(상권)정보,미확인,prefix,medium,3110368,송천초등학교,골목상권,matched_nearest_300m,,소상공인시장진흥공단 상가(상권)정보,2026-06-30,뚜레쥬르송천센트레빌점,서울특별시강북구숭인로39,뚜레쥬르
BRD_20080200064,파리바게뜨,MA0101202603A0001215,파리바게뜨 방배점,파리바게뜨방배점,서울특별시 서초구 방배로 52,서울특별시서초구방배로52,서울특별시,서초구,서초구,11650,11650,126.999434707546,37.4793477894415,소상공인시장진흥공단 상가(상권)정보,미확인,exact,high,3120166,방배역,발달상권,matched,,소상공인시장진흥공단 상가(상권)정보,2026-06-30,파리바게뜨방배점,서울특별시서초구방배로52,파리바게뜨
BRD_20080100039,뚜레쥬르,MA0101202603A0001942,뚜레쥬르송파 석촌점,뚜레쥬르송파석촌점,서울특별시 송파구 송파대로 416,서울특별시송파구송파대로416,서울특별시,송파구,송파구,11710,11710,127.108414017026,37.504373076357,소상공인시장진흥공단 상가(상권)정보,미확인,prefix,medium,3120228,석촌역(석촌호수),발달상권,matched,,소상공인시장진흥공단 상가(상권)정보,2026-06-30,뚜레쥬르송파석촌점,서울특별시송파구송파대로416,뚜레쥬르
BRD_20230468,소림사,MA0101202603A0010064,소림사 구로디지털점,소림사구로디지털점,서울특별시 구로구 디지털로26길 43,서울특별시구로구디지털로26길43,서울특별시,구로구,구로구,11530,11530,126.894400953798,37.4810755894878,소상공인시장진흥공단 상가(상권)정보,영업중,exact,high,3120129,구로디지털단지,발달상권,matched,,소상공인시장진흥공단 상가(상권)정보,2026-06-30,소림사구로디지털점,서울특별시구로구디지털로26길43,소림사
BRD_20080200064,파리바게뜨,MA0101202603A0011572,파리바게뜨국방부점,파리바게뜨국방부점,서울특별시 용산구 이태원로 22,서울특별시용산구이태원로22,서울특별시,용산구,용산구,11170,11170,126.977688727079,37.5335952024558,소상공인시장진흥공단 상가(상권)정보,미확인,prefix,medium,3120044,삼각지역,발달상권,matched_nearest_300m,,소상공인시장진흥공단 상가(상권)정보,2026-06-30,파리바게뜨국방부점,서울특별시용산구이태원로22,파리바게뜨
BRD_20212010,복호두,MA0101202603A0016442,복호두DMC점,복호두dmc점,서울특별시 서대문구 거북골로14길 32,서울특별시서대문구거북골로14길32,서울특별시,서대문구,서대문구,11410,11410,126.914472955551,37.576949365508,소상공인시장진흥공단 상가(상권)정보,영업중,prefix_short_brand_confirmed_safe,medium,3110496,모래내우체국,골목상권,matched_nearest_300m,,소상공인시장진흥공단 상가(상권)정보,2026-06-30,복호두dmc점,서울특별시서대문구거북골로14길32,복호두
BRD_20080100039,뚜레쥬르,MA0101202603A0018337,뚜레쥬르창동역 서부점,뚜레쥬르창동역서부점,서울특별시 도봉구 노해로63길 84-8,서울특별시도봉구노해로63길848,서울특별시,도봉구,도봉구,11320,11320,127.046688106795,37.6526090987873,소상공인시장진흥공단 상가(상권)정보,미확인,prefix,medium,3120079,창동역,발달상권,matched,,소상공인시장진흥공단 상가(상권)정보,2026-06-30,뚜레쥬르창동역서부점,서울특별시도봉구노해로63길848,뚜레쥬르
BRD_20080200064,파리바게뜨,MA0101202603A0019373,파리바게뜨잠실르엘점,파리바게뜨잠실르엘점,서울특별시 송파구 올림픽로 329,서울특별시송파구올림픽로329,서울특별시,송파구,송파구,11710,11710,127.10687001598,37.5161055573437,소상공인시장진흥공단 상가(상권)정보,미확인,prefix,medium,3120227,잠실역,발달상권,matched_nearest_300m,,소상공인시장진흥공단 상가(상권)정보,2026-06-30,파리바게뜨잠실르엘점,서울특별시송파구올림픽로329,파리바게뜨
BRD_20212010,복호두,MA0101202603A0030304,복호두을지로 3가점,복호두을지로3가점,서울특별시 중구 수표로 28,서울특별시중구수표로28,서울특별시,중구,중구,11140,11140,126.990367884955,37.5636992831946,소상공인시장진흥공단 상가(상권)정보,미확인,prefix_short_brand_confirmed_safe,medium,3120030,중부경찰서(영화인의거리),발달상권,matched,,소상공인시장진흥공단 상가(상권)정보,2026-06-30,복호두을지로3가점,서울특별시중구수표로28,복호두
BRD_20230468,소림사,MA0101202603A0034821,소림사 천호점,소림사천호점,서울특별시 강동구 천호대로157길 40,서울특별시강동구천호대로157길40,서울특별시,강동구,강동구,11740,11740,127.127802008788,37.5394747569967,소상공인시장진흥공단 상가(상권)정보,영업중,exact,high,3130318,로데오거리상점가,전통시장,matched,,소상공인시장진흥공단 상가(상권)정보,2026-06-30,소림사천호점,서울특별시강동구천호대로157길40,소림사
BRD_20080200064,파리바게뜨,MA0101202603A0040408,카페드디저트파리바게뜨서초역,카페드디저트파리바게뜨서초역,서울특별시 서초구 서초대로38길 12,서울특별시서초구서초대로38길12,서울특별시,서초구,서초구,11650,11650,127.005371077425,37.4905111631513,소상공인시장진흥공단 상가(상권)정보,미확인,contains_nonprefix,low,3120169,서초역,발달상권,matched,,소상공인시장진흥공단 상가(상권)정보,2026-06-30,카페드디저트파리바게뜨서초역,서울특별시서초구서초대로38길12,파리바게뜨
BRD_20140288,스트릿츄러스,MA0101202603A0041075,솔라벨스트릿츄러스 김포공항점,솔라벨스트릿츄러스김포공항점,서울특별시 강서구 하늘길 112,서울특별시강서구하늘길112,서울특별시,강서구,강서구,11500,11500,126.808473481221,37.5567508187594,소상공인시장진흥공단 상가(상권)정보,미확인,contains_nonprefix,low,3110629,송정역 4번,골목상권,matched_nearest_300m,,소상공인시장진흥공단 상가(상권)정보,2026-06-30,솔라벨스트릿츄러스김포공항점,서울특별시강서구하늘길112,스트릿츄러스
BRD_20080200064,파리바게뜨,MA0101202604A0001726,파리바게뜨성수역,파리바게뜨성수역,서울특별시 성동구 성수일로8길 37,서울특별시성동구성수일로8길37,서울특별시,성동구,성동구,11200,11200,127.054633094437,37.5458562922268,소상공인시장진흥공단 상가(상권)정보,미확인,prefix,medium,3120052,성수역,발달상권,matched,,소상공인시장진흥공단 상가(상권)정보,2026-06-30,파리바게뜨성수역,서울특별시성동구성수일로8길37,파리바게뜨
BRD_20250749,디에그,MA0101202604A0008084,디에그약수점,디에그약수점,서울특별시 중구 동호로7길 37,서울특별시중구동호로7길37,서울특별시,중구,중구,11140,11140,127.010875481683,37.5521574002876,소상공인시장진흥공단 상가(상권)정보,영업중,prefix_short_brand,medium_short_brand,3130042,약수시장,전통시장,matched,,소상공인시장진흥공단 상가(상권)정보,2026-06-30,디에그약수점,서울특별시중구동호로7길37,디에그
BRD_20080200064,파리바게뜨,MA0101202604A0019173,파리바게뜨신대방삼거리역점,파리바게뜨신대방삼거리역점,서울특별시 동작구 국사봉1길 4,서울특별시동작구국사봉1길4,서울특별시,동작구,동작구,11590,11590,126.928856490805,37.4987701167952,소상공인시장진흥공단 상가(상권)정보,미확인,prefix,medium,3120152,신대방삼거리역,발달상권,matched,,소상공인시장진흥공단 상가(상권)정보,2026-06-30,파리바게뜨신대방삼거리역점,서울특별시동작구국사봉1길4,파리바게뜨
BRD_20080200064,파리바게뜨,MA0101202604A0022984,파리바게뜨가재울래미안점,파리바게뜨가재울래미안점,서울특별시 서대문구 응암로 54,서울특별시서대문구응암로54,서울특별시,서대문구,서대문구,11410,11410,126.910215283111,37.5778922477266,소상공인시장진흥공단 상가(상권)정보,미확인,prefix,medium,3110496,모래내우체국,골목상권,matched,,소상공인시장진흥공단 상가(상권)정보,2026-06-30,파리바게뜨가재울래미안점,서울특별시서대문구응암로54,파리바게뜨
BRD_20250749,디에그,MA0101202604A0027564,디에그 잠실점,디에그잠실점,서울특별시 송파구 오금로18길 6,서울특별시송파구오금로18길6,서울특별시,송파구,송파구,11710,11710,127.110605490169,37.5102816347244,소상공인시장진흥공단 상가(상권)정보,미확인,exact,high,3111013,송파나루역 1번(송리단길),골목상권,matched,,소상공인시장진흥공단 상가(상권)정보,2026-06-30,디에그잠실점,서울특별시송파구오금로18길6,디에그
BRD_20080200064,파리바게뜨,MA0101202604A0029361,파리바게뜨 여의도점,파리바게뜨여의도점,서울특별시 영등포구 여의나루로 42,서울특별시영등포구여의나루로42,서울특별시,영등포구,영등포구,11560,11560,126.924966167732,37.5214730201695,소상공인시장진흥공단 상가(상권)정보,미확인,exact,high,3120149,여의도역(여의도),발달상권,matched,,소상공인시장진흥공단 상가(상권)정보,2026-06-30,파리바게뜨여의도점,서울특별시영등포구여의나루로42,파리바게뜨
BRD_20080200064,파리바게뜨,MA0101202604A0031664,파리바게뜨양재천점,파리바게뜨양재천점,서울특별시 서초구 논현로17길 3,서울특별시서초구논현로17길3,서울특별시,서초구,서초구,11650,11650,127.045492938623,37.4763837218517,소상공인시장진흥공단 상가(상권)정보,미확인,prefix,medium,3120184,포이사거리(삼호물산),발달상권,matched,,소상공인시장진흥공단 상가(상권)정보,2026-06-30,파리바게뜨양재천점,서울특별시서초구논현로17길3,파리바게뜨
BRD_20080500016,던킨/던킨도너츠,MA0101202604A0034330,던킨연세세브란스빌딩점,던킨연세세브란스빌딩점,서울특별시 중구 통일로 10,서울특별시중구통일로10,서울특별시,중구,중구,11140,11140,126.973630024742,37.5571014341516,소상공인시장진흥공단 상가(상권)정보,미확인,prefix_short_brand_confirmed_safe,medium,3120043,서울역,발달상권,matched,,소상공인시장진흥공단 상가(상권)정보,2026-06-30,던킨연세세브란스빌딩점,서울특별시중구통일로10,던킨던킨도너츠
BRD_20212010,복호두,MA0101202604A0035718,복호두 광화문점,복호두광화문점,서울특별시 종로구 종로 19,서울특별시종로구종로19,서울특별시,종로구,종로구,11110,11110,126.979918911908,37.5708518751644,소상공인시장진흥공단 상가(상권)정보,영업중,exact,high,3120006,종각역,발달상권,matched,,소상공인시장진흥공단 상가(상권)정보,2026-06-30,복호두광화문점,서울특별시종로구종로19,복호두
BRD_20240478,화이트리에,MA0101202604A0038807,화이트리에길음점,화이트리에길음점,서울특별시 성북구 길음로 11,서울특별시성북구길음로11,서울특별시,성북구,성북구,11290,11290,127.023464689341,37.6038005559279,소상공인시장진흥공단 상가(상권)정보,미확인,prefix,medium,3110307,길음역 7번,골목상권,matched,,소상공인시장진흥공단 상가(상권)정보,2026-06-30,화이트리에길음점,서울특별시성북구길음로11,화이트리에
BRD_20080100039,뚜레쥬르,MA0101202604A0048384,뚜레쥬르월곡 두산점,뚜레쥬르월곡두산점,서울특별시 성북구 오패산로 46,서울특별시성북구오패산로46,서울특별시,성북구,성북구,11290,11290,127.038709580015,37.6074725791937,소상공인시장진흥공단 상가(상권)정보,미확인,prefix,medium,3110321,동덕여대,골목상권,matched_nearest_300m,,소상공인시장진흥공단 상가(상권)정보,2026-06-30,뚜레쥬르월곡두산점,서울특별시성북구오패산로46,뚜레쥬르
BRD_20215016,테이블비(Table.B),MA0101202604A0056479,테이블비고대구로 병원점,테이블비고대구로병원점,서울특별시 구로구 구로동로 148,서울특별시구로구구로동로148,서울특별시,구로구,구로구,11530,11530,126.884639548849,37.4911847792917,소상공인시장진흥공단 상가(상권)정보,영업중,prefix,medium,3130229,남구로시장,전통시장,matched_nearest_300m,,소상공인시장진흥공단 상가(상권)정보,2026-06-30,테이블비고대구로병원점,서울특별시구로구구로동로148,테이블비tableb
BRD_20140778,크리스피크림,MA0106202201A0045995,크리스피크림서울대 입구점,크리스피크림서울대입구점,서울특별시 관악구 관악로 202,서울특별시관악구관악로202,서울특별시,관악구,관악구,11620,11620,126.954231802831,37.4828258311091,소상공인시장진흥공단 상가(상권)정보,영업중,prefix,medium,3120159,서울대입구역,발달상권,matched,,소상공인시장진흥공단 상가(상권)정보,2026-06-30,크리스피크림서울대입구점,서울특별시관악구관악로202,크리스피크림
BRD_20140778,크리스피크림,MA0106202201A0046044,롯데지알에스크리스피크림화곡역,롯데지알에스크리스피크림화곡역,서울특별시 강서구 화곡로 152,서울특별시강서구화곡로152,서울특별시,강서구,강서구,11500,11500,126.838680165846,37.5408933441856,소상공인시장진흥공단 상가(상권)정보,미확인,contains_nonprefix,low,3120120,화곡역,발달상권,matched,,소상공인시장진흥공단 상가(상권)정보,2026-06-30,롯데지알에스크리스피크림화곡역,서울특별시강서구화곡로152,크리스피크림
BRD_20080200064,파리바게뜨,MA0106202201A0391425,파리바게뜨서소문,파리바게뜨서소문,서울특별시 중구 서소문로 129,서울특별시중구서소문로129,서울특별시,중구,중구,11140,11140,126.975223587545,37.5637961859619,소상공인시장진흥공단 상가(상권)정보,미확인,prefix,medium,3120020,시청역_1번,발달상권,matched,,소상공인시장진흥공단 상가(상권)정보,2026-06-30,파리바게뜨서소문,서울특별시중구서소문로129,파리바게뜨
BRD_20080200064,파리바게뜨,MA0106202201A0558367,파리바게뜨,파리바게뜨,서울특별시 광진구 아차산로30길 3,서울특별시광진구아차산로30길3,서울특별시,광진구,광진구,11215,11215,127.067913089404,37.5405064750589,소상공인시장진흥공단 상가(상권)정보,미확인,exact,high,3120053,건대입구역(건대),발달상권,matched,,소상공인시장진흥공단 상가(상권)정보,2026-06-30,파리바게뜨,서울특별시광진구아차산로30길3,파리바게뜨
BRD_20080200064,파리바게뜨,MA0106202201A0588911,파리바게뜨 중계동점,파리바게뜨중계동점,서울특별시 노원구 동일로203가길 29,서울특별시노원구동일로203가길29,서울특별시,노원구,노원구,11350,11350,127.064264539585,37.639923993936,소상공인시장진흥공단 상가(상권)정보,미확인,exact,high,3120083,등나무근린공원,발달상권,matched,,소상공인시장진흥공단 상가(상권)정보,2026-06-30,파리바게뜨중계동점,서울특별시노원구동일로203가길29,파리바게뜨
BRD_20080200064,파리바게뜨,MA0106202201A0590594,삼양시장파리바게뜨,삼양시장파리바게뜨,서울특별시 강북구 삼양로 239,서울특별시강북구삼양로239,서울특별시,강북구,강북구,11305,11305,127.018215159915,37.6247584784321,소상공인시장진흥공단 상가(상권)정보,미확인,contains_nonprefix,low,3130132,삼양골목시장(삼양시장),전통시장,matched,,소상공인시장진흥공단 상가(상권)정보,2026-06-30,삼양시장파리바게뜨,서울특별시강북구삼양로239,파리바게뜨
BRD_20080200064,파리바게뜨,MA0106202201A0620596,서초파리바게뜨,서초파리바게뜨,서울특별시 서초구 효령로 223,서울특별시서초구효령로223,서울특별시,서초구,서초구,11650,11650,127.00850249668,37.4837444085232,소상공인시장진흥공단 상가(상권)정보,미확인,contains_nonprefix,low,3120171,서초3동사거리,발달상권,matched_nearest_300m,,소상공인시장진흥공단 상가(상권)정보,2026-06-30,서초파리바게뜨,서울특별시서초구효령로223,파리바게뜨
BRD_20080200064,파리바게뜨,MA0106202201A0629794,파리바게뜨,파리바게뜨,서울특별시 송파구 토성로 58,서울특별시송파구토성로58,서울특별시,송파구,송파구,11710,11710,127.116074877086,37.5290262516309,소상공인시장진흥공단 상가(상권)정보,미확인,exact,high,3120242,강동구청역,발달상권,matched_nearest_300m,,소상공인시장진흥공단 상가(상권)정보,2026-06-30,파리바게뜨,서울특별시송파구토성로58,파리바게뜨
BRD_20080100039,뚜레쥬르,MA0106202201A0955173,뚜레쥬르건국대 병원점,뚜레쥬르건국대병원점,서울특별시 광진구 능동로 120-1,서울특별시광진구능동로1201,서울특별시,광진구,광진구,11215,11215,127.072055106825,37.5412338300817,소상공인시장진흥공단 상가(상권)정보,미확인,prefix,medium,3120053,건대입구역(건대),발달상권,matched_nearest_300m,,소상공인시장진흥공단 상가(상권)정보,2026-06-30,뚜레쥬르건국대병원점,서울특별시광진구능동로1201,뚜레쥬르
BRD_20080100039,뚜레쥬르,MA0106202201A0955188,CJ푸드빌뚜레쥬르대학로,cj푸드빌뚜레쥬르대학로,서울특별시 종로구 대명길 9,서울특별시종로구대명길9,서울특별시,종로구,종로구,11110,11110,127.00095101115,37.5833683904661,소상공인시장진흥공단 상가(상권)정보,미확인,contains_nonprefix,low,3120012,대학로(혜화역),발달상권,matched,,소상공인시장진흥공단 상가(상권)정보,2026-06-30,cj푸드빌뚜레쥬르대학로,서울특별시종로구대명길9,뚜레쥬르
BRD_20080100039,뚜레쥬르,MA0106202201A0955194,뚜레쥬르오쇼핑사옥점,뚜레쥬르오쇼핑사옥점,서울특별시 서초구 과천대로 870-13,서울특별시서초구과천대로87013,서울특별시,서초구,서초구,11650,11650,126.988006135723,37.4690756673261,소상공인시장진흥공단 상가(상권)정보,미확인,prefix,medium,3110909,남태령역(서울전자고등학교),골목상권,matched_nearest_300m,,소상공인시장진흥공단 상가(상권)정보,2026-06-30,뚜레쥬르오쇼핑사옥점,서울특별시서초구과천대로87013,뚜레쥬르
BRD_20080100039,뚜레쥬르,MA0106202201A0955284,뚜레쥬르구로디지털 직영점,뚜레쥬르구로디지털직영점,서울특별시 구로구 디지털로32길 79,서울특별시구로구디지털로32길79,서울특별시,구로구,구로구,11530,11530,126.899756767095,37.4835309978726,소상공인시장진흥공단 상가(상권)정보,미확인,prefix,medium,3120130,구로디지털단지역,발달상권,matched,,소상공인시장진흥공단 상가(상권)정보,2026-06-30,뚜레쥬르구로디지털직영점,서울특별시구로구디지털로32길79,뚜레쥬르
BRD_20080100039,뚜레쥬르,MA0106202201A0955286,씨제이푸드빌-뚜레쥬르 강남점,씨제이푸드빌뚜레쥬르강남점,서울특별시 서초구 서초대로77길 3,서울특별시서초구서초대로77길3,서울특별시,서초구,서초구,11650,11650,127.026507520792,37.4980587499735,소상공인시장진흥공단 상가(상권)정보,미확인,contains_nonprefix,low,3120189,강남역,발달상권,matched,,소상공인시장진흥공단 상가(상권)정보,2026-06-30,씨제이푸드빌뚜레쥬르강남점,서울특별시서초구서초대로77길3,뚜레쥬르
BRD_20080100039,뚜레쥬르,MA0106202204A0957496,씨제이푸드빌뚜레쥬르카페 교대역점,씨제이푸드빌뚜레쥬르카페교대역점,서울특별시 서초구 서초중앙로24길 19,서울특별시서초구서초중앙로24길19,서울특별시,서초구,서초구,11650,11650,127.015684493518,37.495042310443,소상공인시장진흥공단 상가(상권)정보,미확인,contains_nonprefix,low,3120173,교대역(법원.검찰청),발달상권,matched,,소상공인시장진흥공단 상가(상권)정보,2026-06-30,씨제이푸드빌뚜레쥬르카페교대역점,서울특별시서초구서초중앙로24길19,뚜레쥬르
BRD_20080100039,뚜레쥬르,MA0106202208A0957608,씨제이푸드빌뚜레쥬르잠실트리지움점,씨제이푸드빌뚜레쥬르잠실트리지움점,서울특별시 송파구 잠실로 62,서울특별시송파구잠실로62,서울특별시,송파구,송파구,11710,11710,127.090221209203,37.5080014017991,소상공인시장진흥공단 상가(상권)정보,미확인,contains_nonprefix,low,3111004,삼전역 1번,골목상권,matched_nearest_300m,,소상공인시장진흥공단 상가(상권)정보,2026-06-30,씨제이푸드빌뚜레쥬르잠실트리지움점,서울특별시송파구잠실로62,뚜레쥬르
BRD_20140778,크리스피크림,MA0106202402A0046722,크리스피크림도넛구로디지털역점,크리스피크림도넛구로디지털역점,서울특별시 관악구 시흥대로 578,서울특별시관악구시흥대로578,서울특별시,관악구,관악구,11620,11620,126.903249441699,37.4843267968146,소상공인시장진흥공단 상가(상권)정보,미확인,prefix,medium,3120130,구로디지털단지역,발달상권,matched,,소상공인시장진흥공단 상가(상권)정보,2026-06-30,크리스피크림도넛구로디지털역점,서울특별시관악구시흥대로578,크리스피크림
BRD_20240478,화이트리에,MA0106202406A2445265,화이트리에반포 본점,화이트리에반포본점,서울특별시 서초구 신반포로 219,서울특별시서초구신반포로219,서울특별시,서초구,서초구,11650,11650,127.008064098026,37.5075129984282,소상공인시장진흥공단 상가(상권)정보,미확인,prefix,medium,3120167,고속터미널(고속터미널역),발달상권,matched,,소상공인시장진흥공단 상가(상권)정보,2026-06-30,화이트리에반포본점,서울특별시서초구신반포로219,화이트리에
BRD_20221183,바이웨이(BYWAY),MA0106202409A2140286,바이웨이베이커스 영등포점,바이웨이베이커스영등포점,서울특별시 영등포구 당산로27길 16,서울특별시영등포구당산로27길16,서울특별시,영등포구,영등포구,11560,11560,126.894757263685,37.5252702145827,소상공인시장진흥공단 상가(상권)정보,미확인,prefix,medium,3110763,영등포구청역 2번,골목상권,matched,,소상공인시장진흥공단 상가(상권)정보,2026-06-30,바이웨이베이커스영등포점,서울특별시영등포구당산로27길16,바이웨이byway
BRD_20240478,화이트리에,MA0106202411A2444663,화이트리에 잠실새내점,화이트리에잠실새내점,서울특별시 송파구 올림픽로 145,서울특별시송파구올림픽로145,서울특별시,송파구,송파구,11710,11710,127.087036369263,37.5119862305153,소상공인시장진흥공단 상가(상권)정보,미확인,exact,high,3120225,잠실새내역(신천),발달상권,matched,,소상공인시장진흥공단 상가(상권)정보,2026-06-30,화이트리에잠실새내점,서울특별시송파구올림픽로145,화이트리에
BRD_20211367,삼송빵집,MA0106202501A2120066,삼송빵집 청량리점,삼송빵집청량리점,서울특별시 동대문구 왕산로 214,서울특별시동대문구왕산로214,서울특별시,동대문구,동대문구,11230,11230,127.051151377953,37.584195235259,소상공인시장진흥공단 상가(상권)정보,미확인,exact,high,3120063,청량리역(청량리),발달상권,matched,,소상공인시장진흥공단 상가(상권)정보,2026-06-30,삼송빵집청량리점,서울특별시동대문구왕산로214,삼송빵집
BRD_20080200064,파리바게뜨,MA0106202605A0164505,파리바게뜨석계역점,파리바게뜨석계역점,서울특별시 노원구 마들로 31,서울특별시노원구마들로31,서울특별시,노원구,노원구,11350,11350,127.0670780241,37.6187312329276,소상공인시장진흥공단 상가(상권)정보,미확인,prefix,medium,3110423,석계역 2번,골목상권,matched_nearest_300m,,소상공인시장진흥공단 상가(상권)정보,2026-06-30,파리바게뜨석계역점,서울특별시노원구마들로31,파리바게뜨
BRD_20080200064,파리바게뜨,MA0106202605A2069282,파리바게뜨언주역점,파리바게뜨언주역점,서울특별시 강남구 논현로 604,서울특별시강남구논현로604,서울특별시,강남구,강남구,11680,11680,127.034043450047,37.5076525288226,소상공인시장진흥공단 상가(상권)정보,미확인,prefix,medium,3120194,언주역(차병원),발달상권,matched,,소상공인시장진흥공단 상가(상권)정보,2026-06-30,파리바게뜨언주역점,서울특별시강남구논현로604,파리바게뜨
BRD_20080200064,파리바게뜨,MA0106202605A2144129,파리바게뜨구로 대림점,파리바게뜨구로대림점,서울특별시 구로구 신도림로 2,서울특별시구로구신도림로2,서울특별시,구로구,구로구,11530,11530,126.87727732147,37.5055934543377,소상공인시장진흥공단 상가(상권)정보,미확인,prefix,medium,3120125,구로역,발달상권,matched_nearest_300m,,소상공인시장진흥공단 상가(상권)정보,2026-06-30,파리바게뜨구로대림점,서울특별시구로구신도림로2,파리바게뜨
BRD_20150052,빵장수단팥빵,MA0106202605A2391707,빵장수단팥빵우 장산점,빵장수단팥빵우장산점,서울특별시 강서구 우현로 67,서울특별시강서구우현로67,서울특별시,강서구,강서구,11500,11500,126.837398434609,37.5475409545992,소상공인시장진흥공단 상가(상권)정보,미확인,prefix,medium,3130214,송화벽화시장(송화골목시장),전통시장,matched_nearest_300m,,소상공인시장진흥공단 상가(상권)정보,2026-06-30,빵장수단팥빵우장산점,서울특별시강서구우현로67,빵장수단팥빵
