brand_id,brand_name,area_id,area_name,robust_rank,top_dna_match_features,market_opportunity_score,competition_risk_score,same_brand_nearest_distance_m,size_note
BRD_20080100039,뚜레쥬르,3120165,서래마을카페거리(서래마을),1.3333333333333333,bc_age_cd_1_share_amt | bc_age_cd_6_share_amt | bc_corporate_share_amt,0.9718244803695151,0.5923787528868361,1207.6444013237394,매장 면적·좌석·점포별 매출이 없어 규모별 적합도와 argmax 규모는 산출하지 않음
BRD_20080100039,뚜레쥬르,3120114,목동신시가지,2.6666666666666665,bc_age_cd_1_share_amt | bc_corporate_share_amt | bc_age_cd_4_share_amt,0.885565819861432,0.23325635103926096,691.6024870223345,매장 면적·좌석·점포별 매출이 없어 규모별 적합도와 argmax 규모는 산출하지 않음
BRD_20080100039,뚜레쥬르,3120166,방배역,3.0,bc_age_cd_1_share_amt | bc_age_cd_6_share_amt | bc_corporate_share_amt,0.9176674364896074,0.28290993071593534,1324.494243056971,매장 면적·좌석·점포별 매출이 없어 규모별 적합도와 argmax 규모는 산출하지 않음
BRD_20080100039,뚜레쥬르,3120173,교대역(법원.검찰청),5.333333333333333,bc_age_cd_1_share_amt | bc_age_cd_6_share_amt | bc_corporate_share_amt,0.8990762124711317,0.6899538106235565,1577.3246336985053,매장 면적·좌석·점포별 매출이 없어 규모별 적합도와 argmax 규모는 산출하지 않음
BRD_20080100039,뚜레쥬르,3120160,사당역(사당),6.333333333333333,bc_age_cd_1_share_amt | bc_age_cd_6_share_amt | bc_corporate_share_amt,0.8801385681293303,0.9220554272517321,590.5726035186335,매장 면적·좌석·점포별 매출이 없어 규모별 적합도와 argmax 규모는 산출하지 않음
BRD_20080100039,뚜레쥬르,3120249,고덕역,7.0,bc_age_cd_4_share_amt | bc_age_cd_2_share_amt | bc_age_cd_3_share_amt,0.9460739030023095,0.5508083140877598,899.5487757503338,매장 면적·좌석·점포별 매출이 없어 규모별 적합도와 argmax 규모는 산출하지 않음
BRD_20080100039,뚜레쥬르,3120110,목동역 8번출구,7.0,bc_age_cd_1_share_amt | bc_corporate_share_amt | bc_age_cd_4_share_amt,0.8209006928406467,0.773094688221709,717.6363982012809,매장 면적·좌석·점포별 매출이 없어 규모별 적합도와 argmax 규모는 산출하지 않음
BRD_20080100039,뚜레쥬르,3120118,마곡역(마곡),7.666666666666667,bc_age_cd_6_share_amt | bc_corporate_share_amt | bc_age_cd_4_share_amt,0.9669745958429561,0.6414549653579676,775.0780605715588,매장 면적·좌석·점포별 매출이 없어 규모별 적합도와 argmax 규모는 산출하지 않음
BRD_20080100039,뚜레쥬르,3120164,내방역,8.666666666666666,bc_age_cd_1_share_amt | bc_age_cd_6_share_amt | bc_corporate_share_amt,0.8489607390300231,0.6466512702078522,1159.1656481663501,매장 면적·좌석·점포별 매출이 없어 규모별 적합도와 argmax 규모는 산출하지 않음
BRD_20080100039,뚜레쥬르,3120175,남부터미널역,10.0,bc_age_cd_1_share_amt | bc_age_cd_6_share_amt | bc_corporate_share_amt,0.8390300230946882,0.49653579676674364,1396.5059971083842,매장 면적·좌석·점포별 매출이 없어 규모별 적합도와 argmax 규모는 산출하지 않음
BRD_20080100039,뚜레쥬르,3110943,법제교육센터(버들어린이공원),11.666666666666666,bc_age_cd_1_share_amt | bc_age_cd_6_share_amt | bc_corporate_share_amt,0.812471131639723,0.663972286374134,2159.448309203446,매장 면적·좌석·점포별 매출이 없어 규모별 적합도와 argmax 규모는 산출하지 않음
BRD_20080100039,뚜레쥬르,3120007,북촌(안국역),12.0,bc_age_cd_6_share_amt | bc_foreign_share_amt | bc_corporate_share_amt,0.9692840646651271,0.874133949191686,1395.241197779413,매장 면적·좌석·점포별 매출이 없어 규모별 적합도와 argmax 규모는 산출하지 않음
BRD_20080100039,뚜레쥬르,3120179,양재역,12.666666666666666,bc_age_cd_1_share_amt | bc_age_cd_6_share_amt | bc_corporate_share_amt,0.8101616628175519,0.4849884526558892,582.7220606998086,매장 면적·좌석·점포별 매출이 없어 규모별 적합도와 argmax 규모는 산출하지 않음
BRD_20080100039,뚜레쥬르,3120008,인사동,13.666666666666666,bc_age_cd_6_share_amt | bc_foreign_share_amt | bc_corporate_share_amt,0.9304849884526558,0.9653579676674364,865.3906631938786,매장 면적·좌석·점포별 매출이 없어 규모별 적합도와 argmax 규모는 산출하지 않음
BRD_20080100039,뚜레쥬르,3120171,서초3동사거리,18.333333333333332,bc_age_cd_1_share_amt | bc_age_cd_6_share_amt | bc_corporate_share_amt,0.6878752886836027,0.5121247113163973,2017.3856844798497,매장 면적·좌석·점포별 매출이 없어 규모별 적합도와 argmax 규모는 산출하지 않음
BRD_20080100039,뚜레쥬르,3110274,서일대학교,19.0,bc_age_cd_2_share_amt | bc_age_cd_3_share_amt | bc_corporate_share_amt,0.7133949191685912,0.17898383371824483,1016.919367535483,매장 면적·좌석·점포별 매출이 없어 규모별 적합도와 argmax 규모는 산출하지 않음
BRD_20080100039,뚜레쥬르,3120005,삼청동,22.0,bc_age_cd_6_share_amt | bc_foreign_share_amt | bc_corporate_share_amt,0.8296766743648961,0.46247113163972287,1398.8270085907545,매장 면적·좌석·점포별 매출이 없어 규모별 적합도와 argmax 규모는 산출하지 않음
BRD_20080100039,뚜레쥬르,3130219,까치산시장,22.333333333333332,bc_age_cd_6_share_amt | bc_corporate_share_amt | bc_age_cd_4_share_amt,0.7635103926096998,0.7794457274826789,1153.3342967519477,매장 면적·좌석·점포별 매출이 없어 규모별 적합도와 argmax 규모는 산출하지 않음
BRD_20080100039,뚜레쥬르,3120009,종로3가역,23.333333333333332,bc_age_cd_6_share_amt | bc_foreign_share_amt | bc_corporate_share_amt,0.8273672055427251,0.46824480369515015,650.2983930178112,매장 면적·좌석·점포별 매출이 없어 규모별 적합도와 argmax 규모는 산출하지 않음
BRD_20080100039,뚜레쥬르,3110930,서초동성당,23.666666666666668,bc_age_cd_1_share_amt | bc_age_cd_6_share_amt | bc_corporate_share_amt,0.6435334872979215,0.3048498845265589,1082.7506637915606,매장 면적·좌석·점포별 매출이 없어 규모별 적합도와 argmax 규모는 산출하지 않음
BRD_20080100675,호밀호두,3120165,서래마을카페거리(서래마을),1.0,bc_age_cd_1_share_amt | bc_corporate_share_amt | bc_age_cd_3_share_amt,0.9718244803695151,0.5825635103926097,1430.8577846845546,매장 면적·좌석·점포별 매출이 없어 규모별 적합도와 argmax 규모는 산출하지 않음
BRD_20080100675,호밀호두,3120189,강남역,2.0,bc_age_cd_1_share_amt | bc_corporate_share_amt | bc_age_cd_3_share_amt,0.9191685912240184,0.5531177829099307,1389.8640221170936,매장 면적·좌석·점포별 매출이 없어 규모별 적합도와 argmax 규모는 산출하지 않음
BRD_20080100675,호밀호두,3120166,방배역,3.0,bc_age_cd_1_share_amt | bc_corporate_share_amt | bc_age_cd_3_share_amt,0.9176674364896074,0.2684757505773672,1891.230816174945,매장 면적·좌석·점포별 매출이 없어 규모별 적합도와 argmax 규모는 산출하지 않음
BRD_20080100675,호밀호두,3120160,사당역(사당),5.0,bc_age_cd_1_share_amt | bc_corporate_share_amt | bc_age_cd_3_share_amt,0.8801385681293303,0.9197459584295613,3242.8100468688594,매장 면적·좌석·점포별 매출이 없어 규모별 적합도와 argmax 규모는 산출하지 않음
BRD_20080100675,호밀호두,3120164,내방역,7.333333333333333,bc_age_cd_1_share_amt | bc_corporate_share_amt | bc_age_cd_3_share_amt,0.8489607390300231,0.6293302540415704,1803.8564244499744,매장 면적·좌석·점포별 매출이 없어 규모별 적합도와 argmax 규모는 산출하지 않음
BRD_20080100675,호밀호두,3120114,목동신시가지,8.0,bc_age_cd_1_share_amt | bc_age_cd_5_share_amt | bc_age_cd_4_share_amt,0.885565819861432,0.22113163972286373,1980.1891323475504,매장 면적·좌석·점포별 매출이 없어 규모별 적합도와 argmax 규모는 산출하지 않음
BRD_20080100675,호밀호두,3120249,고덕역,8.666666666666666,bc_age_cd_2_share_amt | bc_age_cd_4_share_amt | bc_age_cd_3_share_amt,0.9460739030023095,0.5363741339491916,2681.662543988391,매장 면적·좌석·점포별 매출이 없어 규모별 적합도와 argmax 규모는 산출하지 않음
BRD_20080100675,호밀호두,3120069,상봉역,9.0,bc_foreign_share_amt | bc_age_cd_2_share_amt | bc_age_cd_5_share_amt,0.9086605080831409,0.39260969976905313,3504.160384444981,매장 면적·좌석·점포별 매출이 없어 규모별 적합도와 argmax 규모는 산출하지 않음
BRD_20080100675,호밀호두,3120175,남부터미널역,9.333333333333334,bc_age_cd_1_share_amt | bc_corporate_share_amt | bc_age_cd_3_share_amt,0.8390300230946882,0.4832563510392609,1000.418412477851,매장 면적·좌석·점포별 매출이 없어 규모별 적합도와 argmax 규모는 산출하지 않음
BRD_20080100675,호밀호두,3120118,마곡역(마곡),11.666666666666666,bc_corporate_share_amt | bc_age_cd_6_share_amt | bc_age_cd_4_share_amt,0.9669745958429561,0.6327944572748267,7207.040030379954,매장 면적·좌석·점포별 매출이 없어 규모별 적합도와 argmax 규모는 산출하지 않음
BRD_20080100675,호밀호두,3110943,법제교육센터(버들어린이공원),12.666666666666666,bc_age_cd_1_share_amt | bc_corporate_share_amt | bc_age_cd_3_share_amt,0.812471131639723,0.6483833718244805,3451.3419129527238,매장 면적·좌석·점포별 매출이 없어 규모별 적합도와 argmax 규모는 산출하지 않음
BRD_20080100675,호밀호두,3120119,발산역(마곡),13.333333333333334,bc_corporate_share_amt | bc_age_cd_6_share_amt | bc_age_cd_4_share_amt,0.9505773672055428,0.7782909930715936,6544.64804245017,매장 면적·좌석·점포별 매출이 없어 규모별 적합도와 argmax 규모는 산출하지 않음
BRD_20080100675,호밀호두,3120179,양재역,13.666666666666666,bc_age_cd_1_share_amt | bc_corporate_share_amt | bc_age_cd_3_share_amt,0.8101616628175519,0.46709006928406466,2091.3854259836535,매장 면적·좌석·점포별 매출이 없어 규모별 적합도와 argmax 규모는 산출하지 않음
BRD_20080100675,호밀호두,3120245,둔촌역,15.0,bc_age_cd_2_share_amt | bc_age_cd_4_share_amt | bc_age_cd_3_share_amt,0.89364896073903,0.7852193995381063,1087.3352749028522,매장 면적·좌석·점포별 매출이 없어 규모별 적합도와 argmax 규모는 산출하지 않음
BRD_20080100675,호밀호두,3120110,목동역 8번출구,16.666666666666668,bc_age_cd_1_share_amt | bc_age_cd_5_share_amt | bc_age_cd_4_share_amt,0.8209006928406467,0.7650115473441108,3164.7491211487704,매장 면적·좌석·점포별 매출이 없어 규모별 적합도와 argmax 규모는 산출하지 않음
BRD_20080100675,호밀호두,3120068,사가정역,16.666666666666668,bc_foreign_share_amt | bc_age_cd_2_share_amt | bc_age_cd_5_share_amt,0.8467667436489608,0.7725173210161662,3283.649798617601,매장 면적·좌석·점포별 매출이 없어 규모별 적합도와 argmax 규모는 산출하지 않음
BRD_20080100675,호밀호두,3120120,화곡역,20.666666666666668,bc_corporate_share_amt | bc_age_cd_6_share_amt | bc_age_cd_4_share_amt,0.8866050808314089,0.819284064665127,5393.713099492108,매장 면적·좌석·점포별 매출이 없어 규모별 적합도와 argmax 규모는 산출하지 않음
BRD_20080100675,호밀호두,3120188,압구정역,21.666666666666668,bc_age_cd_1_share_amt | bc_age_cd_6_share_amt | bc_age_cd_4_share_amt,0.9404157043879908,0.5340646651270208,2126.2683273518624,매장 면적·좌석·점포별 매출이 없어 규모별 적합도와 argmax 규모는 산출하지 않음
BRD_20080100675,호밀호두,3120248,명일역,23.333333333333332,bc_age_cd_2_share_amt | bc_age_cd_4_share_amt | bc_age_cd_3_share_amt,0.8340646651270208,0.7465357967667436,1922.3761338199893,매장 면적·좌석·점포별 매출이 없어 규모별 적합도와 argmax 규모는 산출하지 않음
BRD_20080100675,호밀호두,3120006,종각역,26.333333333333332,bc_foreign_share_amt | bc_age_cd_6_share_amt | bc_corporate_share_amt,0.9732101616628176,0.8273672055427252,3226.8300234146627,매장 면적·좌석·점포별 매출이 없어 규모별 적합도와 argmax 규모는 산출하지 않음
BRD_20080200064,파리바게뜨,3120165,서래마을카페거리(서래마을),1.0,bc_age_cd_1_share_amt | bc_age_cd_6_share_amt | bc_age_cd_4_share_amt,0.9718244803695151,0.6073903002309469,754.4461544881242,매장 면적·좌석·점포별 매출이 없어 규모별 적합도와 argmax 규모는 산출하지 않음
BRD_20080200064,파리바게뜨,3120164,내방역,2.0,bc_age_cd_1_share_amt | bc_age_cd_6_share_amt | bc_age_cd_4_share_amt,0.8489607390300231,0.663972286374134,676.672003259978,매장 면적·좌석·점포별 매출이 없어 규모별 적합도와 argmax 규모는 산출하지 않음
BRD_20080200064,파리바게뜨,3110640,방화역 1번,4.0,bc_age_cd_6_share_amt | bc_corporate_share_amt | bc_age_cd_4_share_amt,0.7871824480369516,0.031177829099307157,719.8694326105474,매장 면적·좌석·점포별 매출이 없어 규모별 적합도와 argmax 규모는 산출하지 않음
BRD_20080200064,파리바게뜨,3110930,서초동성당,4.333333333333333,bc_age_cd_1_share_amt | bc_age_cd_6_share_amt | bc_age_cd_4_share_amt,0.6435334872979215,0.32678983833718245,678.4880249541898,매장 면적·좌석·점포별 매출이 없어 규모별 적합도와 argmax 규모는 산출하지 않음
BRD_20080200064,파리바게뜨,3110274,서일대학교,5.0,bc_age_cd_2_share_amt | bc_age_cd_5_share_amt | bc_age_cd_3_share_amt,0.7133949191685912,0.18879907621247113,650.4467695524278,매장 면적·좌석·점포별 매출이 없어 규모별 적합도와 argmax 규모는 산출하지 않음
BRD_20080200064,파리바게뜨,3110905,방배노인종합복지관(이수중학교),6.0,bc_age_cd_1_share_amt | bc_age_cd_6_share_amt | bc_age_cd_4_share_amt,0.6131639722863742,0.7263279445727483,534.3416510097215,매장 면적·좌석·점포별 매출이 없어 규모별 적합도와 argmax 규모는 산출하지 않음
BRD_20080200064,파리바게뜨,3120005,삼청동,8.0,bc_foreign_share_amt | bc_age_cd_6_share_amt | bc_corporate_share_amt,0.8296766743648961,0.47575057736720555,680.0602914343795,매장 면적·좌석·점포별 매출이 없어 규모별 적합도와 argmax 규모는 산출하지 않음
BRD_20080200064,파리바게뜨,3120185,논현역,8.333333333333334,bc_age_cd_1_share_amt | bc_age_cd_6_share_amt | bc_age_cd_4_share_amt,0.7160508083140878,0.5306004618937644,825.5913032727934,매장 면적·좌석·점포별 매출이 없어 규모별 적합도와 argmax 규모는 산출하지 않음
BRD_20080200064,파리바게뜨,3110593,신월3동주민센터,9.333333333333334,bc_age_cd_1_share_amt | bc_age_cd_4_share_amt | bc_corporate_share_amt,0.5892609699769054,0.03060046189376444,632.7566673113736,매장 면적·좌석·점포별 매출이 없어 규모별 적합도와 argmax 규모는 산출하지 않음
BRD_20080200064,파리바게뜨,3110278,망우본동주민센터,11.333333333333334,bc_age_cd_2_share_amt | bc_age_cd_5_share_amt | bc_age_cd_3_share_amt,0.5566974595842956,0.29041570438799075,759.213408738555,매장 면적·좌석·점포별 매출이 없어 규모별 적합도와 argmax 규모는 산출하지 않음
BRD_20080200064,파리바게뜨,3110994,개포고등학교,12.0,bc_age_cd_1_share_amt | bc_age_cd_6_share_amt | bc_age_cd_4_share_amt,0.6401847575057736,0.28002309468822173,775.5282070739156,매장 면적·좌석·점포별 매출이 없어 규모별 적합도와 argmax 규모는 산출하지 않음
BRD_20080200064,파리바게뜨,3111090,강일동주민센터,12.666666666666666,bc_age_cd_2_share_amt | bc_age_cd_4_share_amt | bc_age_cd_3_share_amt,0.6680138568129331,0.3262124711316397,1525.8368195663447,매장 면적·좌석·점포별 매출이 없어 규모별 적합도와 argmax 규모는 산출하지 않음
BRD_20080200064,파리바게뜨,3120178,신사역,14.333333333333334,bc_age_cd_1_share_amt | bc_age_cd_6_share_amt | bc_age_cd_4_share_amt,0.4397228637413395,0.6535796766743649,687.424177647332,매장 면적·좌석·점포별 매출이 없어 규모별 적합도와 argmax 규모는 산출하지 않음
BRD_20080200064,파리바게뜨,3110002,독립문역 1번,16.666666666666668,bc_foreign_share_amt | bc_age_cd_6_share_amt | bc_corporate_share_amt,0.61824480369515,0.14376443418013857,1175.9804419885481,매장 면적·좌석·점포별 매출이 없어 규모별 적합도와 argmax 규모는 산출하지 않음
BRD_20080200064,파리바게뜨,3110648,양천향교역 7번,17.0,bc_age_cd_6_share_amt | bc_corporate_share_amt | bc_age_cd_4_share_amt,0.470554272517321,0.42782909930715934,832.8511271344252,매장 면적·좌석·점포별 매출이 없어 규모별 적합도와 argmax 규모는 산출하지 않음
BRD_20080200064,파리바게뜨,3130222,오류시장,17.333333333333332,bc_corporate_share_amt | bc_age_cd_1_share_amt | bc_age_cd_3_share_amt,0.7894919168591223,0.5548498845265589,555.6518694649683,매장 면적·좌석·점포별 매출이 없어 규모별 적합도와 argmax 규모는 산출하지 않음
BRD_20080200064,파리바게뜨,3130209,목사랑시장(목4동시장),17.666666666666668,bc_age_cd_1_share_amt | bc_age_cd_4_share_amt | bc_corporate_share_amt,0.39676674364896075,0.7124711316397229,935.2780335407737,매장 면적·좌석·점포별 매출이 없어 규모별 적합도와 argmax 규모는 산출하지 않음
BRD_20080200064,파리바게뜨,3110069,숙대입구,20.0,bc_corporate_share_amt | bc_age_cd_1_share_amt | bc_age_cd_6_share_amt,0.6160508083140878,0.609122401847575,581.447332124122,매장 면적·좌석·점포별 매출이 없어 규모별 적합도와 argmax 규모는 산출하지 않음
BRD_20080200064,파리바게뜨,3120213,삼성중앙역,22.0,bc_age_cd_1_share_amt | bc_age_cd_6_share_amt | bc_age_cd_4_share_amt,0.4255196304849885,0.41397228637413397,801.3170408410954,매장 면적·좌석·점포별 매출이 없어 규모별 적합도와 argmax 규모는 산출하지 않음
BRD_20080200064,파리바게뜨,3001494,종로·청계 관광특구,22.333333333333332,bc_foreign_share_amt | bc_age_cd_6_share_amt | bc_corporate_share_amt,0.4983833718244804,0.17551963048498842,608.4817170728808,매장 면적·좌석·점포별 매출이 없어 규모별 적합도와 argmax 규모는 산출하지 않음
BRD_20080200287,브레댄코(bread&co.DAILY-NEW),3120165,서래마을카페거리(서래마을),1.0,bc_age_cd_4_share_amt | bc_age_cd_1_share_amt | bc_age_cd_3_share_amt,0.9718244803695151,0.581986143187067,1133.1248827814322,매장 면적·좌석·점포별 매출이 없어 규모별 적합도와 argmax 규모는 산출하지 않음
BRD_20080200287,브레댄코(bread&co.DAILY-NEW),3120166,방배역,2.3333333333333335,bc_age_cd_4_share_amt | bc_age_cd_1_share_amt | bc_age_cd_3_share_amt,0.9176674364896074,0.2678983833718245,841.522429909372,매장 면적·좌석·점포별 매출이 없어 규모별 적합도와 argmax 규모는 산출하지 않음
BRD_20080200287,브레댄코(bread&co.DAILY-NEW),3120173,교대역(법원.검찰청),3.6666666666666665,bc_age_cd_4_share_amt | bc_age_cd_1_share_amt | bc_age_cd_3_share_amt,0.8990762124711317,0.674364896073903,1116.7963108881336,매장 면적·좌석·점포별 매출이 없어 규모별 적합도와 argmax 규모는 산출하지 않음
BRD_20080200287,브레댄코(bread&co.DAILY-NEW),3120160,사당역(사당),5.0,bc_age_cd_4_share_amt | bc_age_cd_1_share_amt | bc_age_cd_3_share_amt,0.8801385681293303,0.9197459584295613,1582.886287768421,매장 면적·좌석·점포별 매출이 없어 규모별 적합도와 argmax 규모는 산출하지 않음
BRD_20080200287,브레댄코(bread&co.DAILY-NEW),3120210,선릉역,5.333333333333333,bc_age_cd_4_share_amt | bc_age_cd_1_share_amt | bc_age_cd_6_share_amt,0.9580831408775982,0.5612009237875288,1858.8988676380068,매장 면적·좌석·점포별 매출이 없어 규모별 적합도와 argmax 규모는 산출하지 않음
BRD_20080200287,브레댄코(bread&co.DAILY-NEW),3120188,압구정역,6.666666666666667,bc_age_cd_4_share_amt | bc_age_cd_1_share_amt | bc_age_cd_6_share_amt,0.9404157043879908,0.5340646651270208,1313.3944570980261,매장 면적·좌석·점포별 매출이 없어 규모별 적합도와 argmax 규모는 산출하지 않음
BRD_20080200287,브레댄코(bread&co.DAILY-NEW),3120175,남부터미널역,8.666666666666666,bc_age_cd_4_share_amt | bc_age_cd_1_share_amt | bc_age_cd_3_share_amt,0.8390300230946882,0.483256351039261,798.2336750735635,매장 면적·좌석·점포별 매출이 없어 규모별 적합도와 argmax 규모는 산출하지 않음
BRD_20080200287,브레댄코(bread&co.DAILY-NEW),3120061,올림픽대교북단,9.0,bc_age_cd_3_share_amt | bc_foreign_share_amt | bc_corporate_share_amt,0.8699769053117784,0.401270207852194,3530.0205382135173,매장 면적·좌석·점포별 매출이 없어 규모별 적합도와 argmax 규모는 산출하지 않음
BRD_20080200287,브레댄코(bread&co.DAILY-NEW),3001496,강남 마이스 관광특구,10.0,bc_age_cd_4_share_amt | bc_age_cd_1_share_amt | bc_age_cd_6_share_amt,0.9066974595842956,0.4590069284064665,2475.8230954808814,매장 면적·좌석·점포별 매출이 없어 규모별 적합도와 argmax 규모는 산출하지 않음
BRD_20080200287,브레댄코(bread&co.DAILY-NEW),3110943,법제교육센터(버들어린이공원),11.666666666666666,bc_age_cd_4_share_amt | bc_age_cd_1_share_amt | bc_age_cd_3_share_amt,0.812471131639723,0.6495381062355658,2350.530365689879,매장 면적·좌석·점포별 매출이 없어 규모별 적합도와 argmax 규모는 산출하지 않음
BRD_20080200287,브레댄코(bread&co.DAILY-NEW),3120197,역삼역,11.666666666666666,bc_age_cd_4_share_amt | bc_age_cd_1_share_amt | bc_age_cd_6_share_amt,0.9050808314087759,0.674364896073903,956.0256272562775,매장 면적·좌석·점포별 매출이 없어 규모별 적합도와 argmax 규모는 산출하지 않음
BRD_20080200287,브레댄코(bread&co.DAILY-NEW),3120220,대치역,13.0,bc_age_cd_4_share_amt | bc_age_cd_1_share_amt | bc_age_cd_6_share_amt,0.8922632794457275,0.2892609699769053,3100.3232089557787,매장 면적·좌석·점포별 매출이 없어 규모별 적합도와 argmax 규모는 산출하지 않음
BRD_20080200287,브레댄코(bread&co.DAILY-NEW),3120179,양재역,13.0,bc_age_cd_4_share_amt | bc_age_cd_1_share_amt | bc_age_cd_3_share_amt,0.8101616628175519,0.4688221709006929,743.3821359182938,매장 면적·좌석·점포별 매출이 없어 규모별 적합도와 argmax 규모는 산출하지 않음
BRD_20080200287,브레댄코(bread&co.DAILY-NEW),3120007,북촌(안국역),16.0,bc_corporate_share_amt | bc_age_cd_6_share_amt | bc_foreign_share_amt,0.9692840646651271,0.8666281755196306,1485.2033530678382,매장 면적·좌석·점포별 매출이 없어 규모별 적합도와 argmax 규모는 산출하지 않음
BRD_20080200287,브레댄코(bread&co.DAILY-NEW),3120055,군자역,16.333333333333332,bc_age_cd_3_share_amt | bc_foreign_share_amt | bc_corporate_share_amt,0.8148960739030023,0.8106235565819861,4061.158455418617,매장 면적·좌석·점포별 매출이 없어 규모별 적합도와 argmax 규모는 산출하지 않음
BRD_20080200287,브레댄코(bread&co.DAILY-NEW),3120053,건대입구역(건대),18.333333333333332,bc_age_cd_3_share_amt | bc_foreign_share_amt | bc_corporate_share_amt,0.8086605080831409,0.8602771362586605,4153.889743371862,매장 면적·좌석·점포별 매출이 없어 규모별 적합도와 argmax 규모는 산출하지 않음
BRD_20080200287,브레댄코(bread&co.DAILY-NEW),3120222,삼성역,20.666666666666668,bc_age_cd_4_share_amt | bc_age_cd_1_share_amt | bc_age_cd_6_share_amt,0.833718244803695,0.338337182448037,2819.707786303357,매장 면적·좌석·점포별 매출이 없어 규모별 적합도와 argmax 규모는 산출하지 않음
BRD_20080200287,브레댄코(bread&co.DAILY-NEW),3120219,은마아파트,21.666666666666668,bc_age_cd_4_share_amt | bc_age_cd_1_share_amt | bc_age_cd_6_share_amt,0.8327944572748268,0.2569284064665127,2975.602460001586,매장 면적·좌석·점포별 매출이 없어 규모별 적합도와 argmax 규모는 산출하지 않음
BRD_20080200287,브레댄코(bread&co.DAILY-NEW),3120008,인사동,22.333333333333332,bc_corporate_share_amt | bc_age_cd_6_share_amt | bc_foreign_share_amt,0.9304849884526558,0.964203233256351,907.6827639567699,매장 면적·좌석·점포별 매출이 없어 규모별 적합도와 argmax 규모는 산출하지 않음
BRD_20080200287,브레댄코(bread&co.DAILY-NEW),3120218,코엑스,22.666666666666668,bc_age_cd_4_share_amt | bc_age_cd_1_share_amt | bc_age_cd_6_share_amt,0.8325635103926097,0.703810623556582,2407.0039468412742,매장 면적·좌석·점포별 매출이 없어 규모별 적합도와 argmax 규모는 산출하지 않음
BRD_20080500016,던킨/던킨도너츠,3120165,서래마을카페거리(서래마을),1.0,bc_age_cd_1_share_amt | bc_age_cd_3_share_amt | bc_age_cd_6_share_amt,0.9718244803695151,0.5866050808314087,1207.6444013237394,매장 면적·좌석·점포별 매출이 없어 규모별 적합도와 argmax 규모는 산출하지 않음
BRD_20080500016,던킨/던킨도너츠,3120189,강남역,2.0,bc_age_cd_1_share_amt | bc_age_cd_3_share_amt | bc_age_cd_6_share_amt,0.9191685912240184,0.5548498845265589,652.0927848359695,매장 면적·좌석·점포별 매출이 없어 규모별 적합도와 argmax 규모는 산출하지 않음
BRD_20080500016,던킨/던킨도너츠,3120166,방배역,3.0,bc_age_cd_1_share_amt | bc_age_cd_3_share_amt | bc_age_cd_6_share_amt,0.9176674364896074,0.2736720554272517,2084.6997385898185,매장 면적·좌석·점포별 매출이 없어 규모별 적합도와 argmax 규모는 산출하지 않음
BRD_20080500016,던킨/던킨도너츠,3120173,교대역(법원.검찰청),4.666666666666667,bc_age_cd_1_share_amt | bc_age_cd_3_share_amt | bc_age_cd_6_share_amt,0.8990762124711317,0.6784064665127021,1333.0510117801111,매장 면적·좌석·점포별 매출이 없어 규모별 적합도와 argmax 규모는 산출하지 않음
BRD_20080500016,던킨/던킨도너츠,3120160,사당역(사당),5.666666666666667,bc_age_cd_1_share_amt | bc_age_cd_3_share_amt | bc_age_cd_6_share_amt,0.8801385681293303,0.920323325635104,964.6926972088041,매장 면적·좌석·점포별 매출이 없어 규모별 적합도와 argmax 규모는 산출하지 않음
BRD_20080500016,던킨/던킨도너츠,3120164,내방역,7.666666666666667,bc_age_cd_1_share_amt | bc_age_cd_3_share_amt | bc_age_cd_6_share_amt,0.8489607390300231,0.6333718244803694,1842.2228421227346,매장 면적·좌석·점포별 매출이 없어 규모별 적합도와 argmax 규모는 산출하지 않음
BRD_20080500016,던킨/던킨도너츠,3120069,상봉역,8.666666666666666,bc_age_cd_2_share_amt | bc_age_cd_5_share_amt | bc_corporate_share_amt,0.9086605080831409,0.39722863741339487,1987.86568964834,매장 면적·좌석·점포별 매출이 없어 규모별 적합도와 argmax 규모는 산출하지 않음
BRD_20080500016,던킨/던킨도너츠,3120175,남부터미널역,9.333333333333334,bc_age_cd_1_share_amt | bc_age_cd_3_share_amt | bc_age_cd_6_share_amt,0.8390300230946882,0.48903002309468824,2050.2497408995264,매장 면적·좌석·점포별 매출이 없어 규모별 적합도와 argmax 규모는 산출하지 않음
BRD_20080500016,던킨/던킨도너츠,3120006,종각역,10.333333333333334,bc_age_cd_6_share_amt | bc_foreign_share_amt | bc_corporate_share_amt,0.9732101616628176,0.8279445727482679,898.6389708803102,매장 면적·좌석·점포별 매출이 없어 규모별 적합도와 argmax 규모는 산출하지 않음
BRD_20080500016,던킨/던킨도너츠,3110943,법제교육센터(버들어린이공원),11.666666666666666,bc_age_cd_1_share_amt | bc_age_cd_3_share_amt | bc_age_cd_6_share_amt,0.812471131639723,0.6512702078521939,1135.3206595276852,매장 면적·좌석·점포별 매출이 없어 규모별 적합도와 argmax 규모는 산출하지 않음
BRD_20080500016,던킨/던킨도너츠,3120007,북촌(안국역),12.0,bc_age_cd_6_share_amt | bc_foreign_share_amt | bc_corporate_share_amt,0.9692840646651271,0.8683602771362586,1229.9532511739453,매장 면적·좌석·점포별 매출이 없어 규모별 적합도와 argmax 규모는 산출하지 않음
BRD_20080500016,던킨/던킨도너츠,3120179,양재역,12.666666666666666,bc_age_cd_1_share_amt | bc_age_cd_3_share_amt | bc_age_cd_6_share_amt,0.8101616628175519,0.47170900692840645,1963.8299315565498,매장 면적·좌석·점포별 매출이 없어 규모별 적합도와 argmax 규모는 산출하지 않음
BRD_20080500016,던킨/던킨도너츠,3120245,둔촌역,14.0,bc_age_cd_4_share_amt | bc_age_cd_2_share_amt | bc_age_cd_3_share_amt,0.89364896073903,0.7886836027713626,1326.6156187775803,매장 면적·좌석·점포별 매출이 없어 규모별 적합도와 argmax 규모는 산출하지 않음
BRD_20080500016,던킨/던킨도너츠,3120110,목동역 8번출구,14.333333333333334,bc_age_cd_1_share_amt | bc_corporate_share_amt | bc_age_cd_5_share_amt,0.8209006928406467,0.7661662817551963,894.8502668245544,매장 면적·좌석·점포별 매출이 없어 규모별 적합도와 argmax 규모는 산출하지 않음
BRD_20080500016,던킨/던킨도너츠,3120068,사가정역,15.0,bc_age_cd_2_share_amt | bc_age_cd_5_share_amt | bc_corporate_share_amt,0.8467667436489608,0.7748267898383372,1494.4336719767546,매장 면적·좌석·점포별 매출이 없어 규모별 적합도와 argmax 규모는 산출하지 않음
BRD_20080500016,던킨/던킨도너츠,3120008,인사동,16.0,bc_age_cd_6_share_amt | bc_foreign_share_amt | bc_corporate_share_amt,0.9304849884526558,0.9636258660508084,1090.7795378066087,매장 면적·좌석·점포별 매출이 없어 규모별 적합도와 argmax 규모는 산출하지 않음
BRD_20080500016,던킨/던킨도너츠,3120246,길동역,20.0,bc_age_cd_4_share_amt | bc_age_cd_2_share_amt | bc_age_cd_3_share_amt,0.8409930715935335,0.579676674364896,1651.0944854621914,매장 면적·좌석·점포별 매출이 없어 규모별 적합도와 argmax 규모는 산출하지 않음
BRD_20080500016,던킨/던킨도너츠,3120118,마곡역(마곡),20.666666666666668,bc_age_cd_6_share_amt | bc_corporate_share_amt | bc_age_cd_4_share_amt,0.9669745958429561,0.6339491916859122,1329.3878290662417,매장 면적·좌석·점포별 매출이 없어 규모별 적합도와 argmax 규모는 산출하지 않음
BRD_20080500016,던킨/던킨도너츠,3120248,명일역,21.333333333333332,bc_age_cd_4_share_amt | bc_age_cd_2_share_amt | bc_age_cd_3_share_amt,0.8340646651270208,0.7476905311778291,959.8171701201012,매장 면적·좌석·점포별 매출이 없어 규모별 적합도와 argmax 규모는 산출하지 않음
BRD_20080500016,던킨/던킨도너츠,3120171,서초3동사거리,23.333333333333332,bc_age_cd_1_share_amt | bc_age_cd_3_share_amt | bc_age_cd_6_share_amt,0.6878752886836027,0.49653579676674364,2507.541026593128,매장 면적·좌석·점포별 매출이 없어 규모별 적합도와 argmax 규모는 산출하지 않음
BRD_20120100621,더베이크,3120165,서래마을카페거리(서래마을),1.0,bc_age_cd_4_share_amt | bc_age_cd_1_share_amt | bc_age_cd_3_share_amt,0.9718244803695151,0.5825635103926097,2288.752061701909,매장 면적·좌석·점포별 매출이 없어 규모별 적합도와 argmax 규모는 산출하지 않음
BRD_20120100621,더베이크,3120189,강남역,3.3333333333333335,bc_age_cd_4_share_amt | bc_age_cd_1_share_amt | bc_age_cd_3_share_amt,0.9191685912240184,0.552540415704388,1674.2956727875498,매장 면적·좌석·점포별 매출이 없어 규모별 적합도와 argmax 규모는 산출하지 않음
BRD_20120100621,더베이크,3120006,종각역,3.3333333333333335,bc_corporate_share_amt | bc_age_cd_6_share_amt | bc_foreign_share_amt,0.9732101616628176,0.8273672055427252,4141.753855584292,매장 면적·좌석·점포별 매출이 없어 규모별 적합도와 argmax 규모는 산출하지 않음
BRD_20120100621,더베이크,3120166,방배역,4.333333333333333,bc_age_cd_4_share_amt | bc_age_cd_1_share_amt | bc_age_cd_3_share_amt,0.9176674364896074,0.26963048498845266,1848.7211796374902,매장 면적·좌석·점포별 매출이 없어 규모별 적합도와 argmax 규모는 산출하지 않음
BRD_20120100621,더베이크,3120007,북촌(안국역),4.333333333333333,bc_corporate_share_amt | bc_age_cd_6_share_amt | bc_foreign_share_amt,0.9692840646651271,0.8654734411085451,4862.936664221727,매장 면적·좌석·점포별 매출이 없어 규모별 적합도와 argmax 규모는 산출하지 않음
BRD_20120100621,더베이크,3120173,교대역(법원.검찰청),6.0,bc_age_cd_4_share_amt | bc_age_cd_1_share_amt | bc_age_cd_3_share_amt,0.8990762124711317,0.674364896073903,1031.4261970454354,매장 면적·좌석·점포별 매출이 없어 규모별 적합도와 argmax 규모는 산출하지 않음
BRD_20120100621,더베이크,3120008,인사동,7.666666666666667,bc_corporate_share_amt | bc_age_cd_6_share_amt | bc_foreign_share_amt,0.9304849884526558,0.9624711316397228,4479.48144323064,매장 면적·좌석·점포별 매출이 없어 규모별 적합도와 argmax 규모는 산출하지 않음
BRD_20120100621,더베이크,3120160,사당역(사당),8.0,bc_age_cd_4_share_amt | bc_age_cd_1_share_amt | bc_age_cd_3_share_amt,0.8801385681293303,0.9197459584295613,3260.662662723749,매장 면적·좌석·점포별 매출이 없어 규모별 적합도와 argmax 규모는 산출하지 않음
BRD_20120100621,더베이크,3130002,세종마을음식문화거리(금천교시장),9.666666666666666,bc_corporate_share_amt | bc_age_cd_6_share_amt | bc_foreign_share_amt,0.9169745958429562,0.9359122401847575,3729.864474766252,매장 면적·좌석·점포별 매출이 없어 규모별 적합도와 argmax 규모는 산출하지 않음
BRD_20120100621,더베이크,3120210,선릉역,10.0,bc_age_cd_4_share_amt | bc_age_cd_1_share_amt | bc_age_cd_6_share_amt,0.9580831408775982,0.5612009237875288,1965.889620489426,매장 면적·좌석·점포별 매출이 없어 규모별 적합도와 argmax 규모는 산출하지 않음
BRD_20120100621,더베이크,3120164,내방역,11.333333333333334,bc_age_cd_4_share_amt | bc_age_cd_1_share_amt | bc_age_cd_3_share_amt,0.8489607390300231,0.6287528868360277,2173.0186377494865,매장 면적·좌석·점포별 매출이 없어 규모별 적합도와 argmax 규모는 산출하지 않음
BRD_20120100621,더베이크,3120188,압구정역,12.666666666666666,bc_age_cd_4_share_amt | bc_age_cd_1_share_amt | bc_age_cd_6_share_amt,0.9404157043879908,0.5340646651270209,3611.5266855028485,매장 면적·좌석·점포별 매출이 없어 규모별 적합도와 argmax 규모는 산출하지 않음
BRD_20120100621,더베이크,3110943,법제교육센터(버들어린이공원),14.0,bc_age_cd_4_share_amt | bc_age_cd_1_share_amt | bc_age_cd_3_share_amt,0.812471131639723,0.6483833718244804,2819.7136379486315,매장 면적·좌석·점포별 매출이 없어 규모별 적합도와 argmax 규모는 산출하지 않음
BRD_20120100621,더베이크,3001496,강남 마이스 관광특구,15.333333333333334,bc_age_cd_4_share_amt | bc_age_cd_1_share_amt | bc_age_cd_6_share_amt,0.9066974595842956,0.4578521939953811,1878.0907858617018,매장 면적·좌석·점포별 매출이 없어 규모별 적합도와 argmax 규모는 산출하지 않음
BRD_20120100621,더베이크,3120179,양재역,15.666666666666666,bc_age_cd_4_share_amt | bc_age_cd_1_share_amt | bc_age_cd_3_share_amt,0.8101616628175519,0.4676674364896074,1435.2355207364255,매장 면적·좌석·점포별 매출이 없어 규모별 적합도와 argmax 규모는 산출하지 않음
BRD_20120100621,더베이크,3120197,역삼역,16.333333333333332,bc_age_cd_4_share_amt | bc_age_cd_1_share_amt | bc_age_cd_6_share_amt,0.9050808314087759,0.6732101616628176,2365.7846478261336,매장 면적·좌석·점포별 매출이 없어 규모별 적합도와 argmax 규모는 산출하지 않음
BRD_20120100621,더베이크,3120005,삼청동,16.666666666666668,bc_corporate_share_amt | bc_age_cd_6_share_amt | bc_foreign_share_amt,0.8296766743648961,0.4584295612009238,4886.54090335676,매장 면적·좌석·점포별 매출이 없어 규모별 적합도와 argmax 규모는 산출하지 않음
BRD_20120100621,더베이크,3120009,종로3가역,18.333333333333332,bc_corporate_share_amt | bc_age_cd_6_share_amt | bc_foreign_share_amt,0.8273672055427251,0.45496535796766746,4222.602278200804,매장 면적·좌석·점포별 매출이 없어 규모별 적합도와 argmax 규모는 산출하지 않음
BRD_20120100621,더베이크,3120003,광화문역,22.0,bc_corporate_share_amt | bc_age_cd_6_share_amt | bc_foreign_share_amt,0.8042725173210161,0.6414549653579678,3595.252981386886,매장 면적·좌석·점포별 매출이 없어 규모별 적합도와 argmax 규모는 산출하지 않음
BRD_20120100621,더베이크,3120222,삼성역,23.666666666666668,bc_age_cd_4_share_amt | bc_age_cd_1_share_amt | bc_age_cd_6_share_amt,0.833718244803695,0.33833718244803695,1517.5773456238123,매장 면적·좌석·점포별 매출이 없어 규모별 적합도와 argmax 규모는 산출하지 않음
BRD_20140288,스트릿츄러스,3120165,서래마을카페거리(서래마을),1.0,bc_age_cd_3_share_amt | bc_age_cd_1_share_amt | bc_age_cd_6_share_amt,0.9718244803695151,0.5814087759815242,754.4461544881242,매장 면적·좌석·점포별 매출이 없어 규모별 적합도와 argmax 규모는 산출하지 않음
BRD_20140288,스트릿츄러스,3120189,강남역,2.6666666666666665,bc_age_cd_3_share_amt | bc_age_cd_1_share_amt | bc_age_cd_6_share_amt,0.9191685912240184,0.5513856812933026,2225.6828165770316,매장 면적·좌석·점포별 매출이 없어 규모별 적합도와 argmax 규모는 산출하지 않음
BRD_20140288,스트릿츄러스,3120166,방배역,3.6666666666666665,bc_age_cd_3_share_amt | bc_age_cd_1_share_amt | bc_age_cd_6_share_amt,0.9176674364896074,0.2673210161662818,2513.5252137350526,매장 면적·좌석·점포별 매출이 없어 규모별 적합도와 argmax 규모는 산출하지 않음
BRD_20140288,스트릿츄러스,3120173,교대역(법원.검찰청),4.666666666666667,bc_age_cd_3_share_amt | bc_age_cd_1_share_amt | bc_age_cd_6_share_amt,0.8990762124711317,0.6726327944572748,1576.4076249611346,매장 면적·좌석·점포별 매출이 없어 규모별 적합도와 argmax 규모는 산출하지 않음
BRD_20140288,스트릿츄러스,3120160,사당역(사당),6.333333333333333,bc_age_cd_3_share_amt | bc_age_cd_1_share_amt | bc_age_cd_6_share_amt,0.8801385681293303,0.9197459584295613,3439.064116892697,매장 면적·좌석·점포별 매출이 없어 규모별 적합도와 argmax 규모는 산출하지 않음
BRD_20140288,스트릿츄러스,3120069,상봉역,7.0,bc_corporate_share_amt | bc_age_cd_5_share_amt | bc_age_cd_2_share_amt,0.9086605080831409,0.3920323325635104,3730.3652636260695,매장 면적·좌석·점포별 매출이 없어 규모별 적합도와 argmax 규모는 산출하지 않음
BRD_20140288,스트릿츄러스,3120006,종각역,7.333333333333333,bc_corporate_share_amt | bc_age_cd_6_share_amt | bc_foreign_share_amt,0.9732101616628176,0.8273672055427252,3746.21782604944,매장 면적·좌석·점포별 매출이 없어 규모별 적합도와 argmax 규모는 산출하지 않음
BRD_20140288,스트릿츄러스,3120007,북촌(안국역),8.333333333333334,bc_corporate_share_amt | bc_age_cd_6_share_amt | bc_foreign_share_amt,0.9692840646651271,0.8648960739030023,4234.705420708973,매장 면적·좌석·점포별 매출이 없어 규모별 적합도와 argmax 규모는 산출하지 않음
BRD_20140288,스트릿츄러스,3120164,내방역,9.666666666666666,bc_age_cd_3_share_amt | bc_age_cd_1_share_amt | bc_age_cd_6_share_amt,0.8489607390300231,0.6287528868360277,1912.9121778217004,매장 면적·좌석·점포별 매출이 없어 규모별 적합도와 argmax 규모는 산출하지 않음
BRD_20140288,스트릿츄러스,3120175,남부터미널역,11.0,bc_age_cd_3_share_amt | bc_age_cd_1_share_amt | bc_age_cd_6_share_amt,0.8390300230946882,0.4815242494226327,2508.6334925744886,매장 면적·좌석·점포별 매출이 없어 규모별 적합도와 argmax 규모는 산출하지 않음
BRD_20140288,스트릿츄러스,3120008,인사동,11.666666666666666,bc_corporate_share_amt | bc_age_cd_6_share_amt | bc_foreign_share_amt,0.9304849884526558,0.9624711316397228,3989.5589982106917,매장 면적·좌석·점포별 매출이 없어 규모별 적합도와 argmax 규모는 산출하지 않음
BRD_20140288,스트릿츄러스,3120114,목동신시가지,12.666666666666666,bc_corporate_share_amt | bc_age_cd_1_share_amt | bc_age_cd_5_share_amt,0.885565819861432,0.21939953810623555,3121.672948950991,매장 면적·좌석·점포별 매출이 없어 규모별 적합도와 argmax 규모는 산출하지 않음
BRD_20140288,스트릿츄러스,3110943,법제교육센터(버들어린이공원),13.666666666666666,bc_age_cd_3_share_amt | bc_age_cd_1_share_amt | bc_age_cd_6_share_amt,0.812471131639723,0.6466512702078522,5153.29991365776,매장 면적·좌석·점포별 매출이 없어 규모별 적합도와 argmax 규모는 산출하지 않음
BRD_20140288,스트릿츄러스,3120068,사가정역,14.333333333333334,bc_corporate_share_amt | bc_age_cd_5_share_amt | bc_age_cd_2_share_amt,0.8467667436489608,0.7713625866050808,5077.116996891556,매장 면적·좌석·점포별 매출이 없어 규모별 적합도와 argmax 규모는 산출하지 않음
BRD_20140288,스트릿츄러스,3120179,양재역,15.0,bc_age_cd_3_share_amt | bc_age_cd_1_share_amt | bc_age_cd_6_share_amt,0.8101616628175519,0.4665127020785219,3519.5194274285395,매장 면적·좌석·점포별 매출이 없어 규모별 적합도와 argmax 규모는 산출하지 않음
BRD_20140288,스트릿츄러스,3130002,세종마을음식문화거리(금천교시장),15.333333333333334,bc_corporate_share_amt | bc_age_cd_6_share_amt | bc_foreign_share_amt,0.9169745958429562,0.9359122401847575,2939.4996172998726,매장 면적·좌석·점포별 매출이 없어 규모별 적합도와 argmax 규모는 산출하지 않음
BRD_20140288,스트릿츄러스,3120249,고덕역,16.666666666666668,bc_age_cd_2_share_amt | bc_age_cd_3_share_amt | bc_age_cd_4_share_amt,0.9460739030023095,0.535796766743649,11335.397699250989,매장 면적·좌석·점포별 매출이 없어 규모별 적합도와 argmax 규모는 산출하지 않음
BRD_20140288,스트릿츄러스,3120110,목동역 8번출구,20.333333333333332,bc_corporate_share_amt | bc_age_cd_1_share_amt | bc_age_cd_5_share_amt,0.8209006928406467,0.7650115473441108,3314.0911273004567,매장 면적·좌석·점포별 매출이 없어 규모별 적합도와 argmax 규모는 산출하지 않음
BRD_20140288,스트릿츄러스,3120118,마곡역(마곡),20.666666666666668,bc_age_cd_6_share_amt | bc_age_cd_4_share_amt | bc_corporate_share_amt,0.9669745958429561,0.6327944572748267,1203.0149624622134,매장 면적·좌석·점포별 매출이 없어 규모별 적합도와 argmax 규모는 산출하지 않음
BRD_20140288,스트릿츄러스,3120245,둔촌역,23.333333333333332,bc_age_cd_2_share_amt | bc_age_cd_3_share_amt | bc_age_cd_4_share_amt,0.89364896073903,0.7869515011547344,11696.686753084485,매장 면적·좌석·점포별 매출이 없어 규모별 적합도와 argmax 규모는 산출하지 않음
BRD_20140306,롤링핀,3120165,서래마을카페거리(서래마을),1.0,bc_age_cd_1_share_amt | bc_age_cd_6_share_amt | bc_age_cd_4_share_amt,0.9718244803695151,0.5814087759815242,6602.346249669988,매장 면적·좌석·점포별 매출이 없어 규모별 적합도와 argmax 규모는 산출하지 않음
BRD_20140306,롤링핀,3120189,강남역,2.0,bc_age_cd_1_share_amt | bc_age_cd_6_share_amt | bc_age_cd_4_share_amt,0.9191685912240184,0.5513856812933026,6849.195719171672,매장 면적·좌석·점포별 매출이 없어 규모별 적합도와 argmax 규모는 산출하지 않음
BRD_20140306,롤링핀,3120166,방배역,3.0,bc_age_cd_1_share_amt | bc_age_cd_6_share_amt | bc_age_cd_4_share_amt,0.9176674364896074,0.2673210161662818,7395.062406808486,매장 면적·좌석·점포별 매출이 없어 규모별 적합도와 argmax 규모는 산출하지 않음
BRD_20140306,롤링핀,3120173,교대역(법원.검찰청),4.333333333333333,bc_age_cd_1_share_amt | bc_age_cd_6_share_amt | bc_age_cd_4_share_amt,0.8990762124711317,0.6726327944572748,8071.188264403159,매장 면적·좌석·점포별 매출이 없어 규모별 적합도와 argmax 규모는 산출하지 않음
BRD_20140306,롤링핀,3120160,사당역(사당),5.666666666666667,bc_age_cd_1_share_amt | bc_age_cd_6_share_amt | bc_age_cd_4_share_amt,0.8801385681293303,0.9197459584295613,6647.7954992998675,매장 면적·좌석·점포별 매출이 없어 규모별 적합도와 argmax 규모는 산출하지 않음
BRD_20140306,롤링핀,3120164,내방역,8.333333333333334,bc_age_cd_1_share_amt | bc_age_cd_6_share_amt | bc_age_cd_4_share_amt,0.8489607390300231,0.6287528868360277,6731.673788928176,매장 면적·좌석·점포별 매출이 없어 규모별 적합도와 argmax 규모는 산출하지 않음
BRD_20140306,롤링핀,3120114,목동신시가지,8.666666666666666,bc_age_cd_4_share_amt | bc_age_cd_1_share_amt | bc_age_cd_5_share_amt,0.885565819861432,0.21939953810623555,4858.432051558866,매장 면적·좌석·점포별 매출이 없어 규모별 적합도와 argmax 규모는 산출하지 않음
BRD_20140306,롤링핀,3120210,선릉역,9.333333333333334,bc_age_cd_1_share_amt | bc_age_cd_6_share_amt | bc_age_cd_4_share_amt,0.9580831408775982,0.5612009237875288,4800.5135141618475,매장 면적·좌석·점포별 매출이 없어 규모별 적합도와 argmax 규모는 산출하지 않음
BRD_20140306,롤링핀,3120069,상봉역,9.666666666666666,bc_age_cd_2_share_amt | bc_foreign_share_amt | bc_age_cd_3_share_amt,0.9086605080831409,0.39260969976905313,5054.572286534185,매장 면적·좌석·점포별 매출이 없어 규모별 적합도와 argmax 규모는 산출하지 않음
BRD_20140306,롤링핀,3120175,남부터미널역,10.0,bc_age_cd_1_share_amt | bc_age_cd_6_share_amt | bc_age_cd_4_share_amt,0.8390300230946882,0.4815242494226327,8130.616520258622,매장 면적·좌석·점포별 매출이 없어 규모별 적합도와 argmax 규모는 산출하지 않음
BRD_20140306,롤링핀,3120188,압구정역,11.666666666666666,bc_age_cd_1_share_amt | bc_age_cd_6_share_amt | bc_age_cd_4_share_amt,0.9404157043879908,0.5323325635103926,6144.3834515708595,매장 면적·좌석·점포별 매출이 없어 규모별 적합도와 argmax 규모는 산출하지 않음
BRD_20140306,롤링핀,3110943,법제교육센터(버들어린이공원),13.666666666666666,bc_age_cd_1_share_amt | bc_age_cd_6_share_amt | bc_age_cd_4_share_amt,0.812471131639723,0.6466512702078522,6744.343481745748,매장 면적·좌석·점포별 매출이 없어 규모별 적합도와 argmax 규모는 산출하지 않음
BRD_20140306,롤링핀,3001496,강남 마이스 관광특구,15.0,bc_age_cd_1_share_amt | bc_age_cd_6_share_amt | bc_age_cd_4_share_amt,0.9066974595842956,0.45727482678983833,3766.5534643357696,매장 면적·좌석·점포별 매출이 없어 규모별 적합도와 argmax 규모는 산출하지 않음
BRD_20140306,롤링핀,3120179,양재역,15.0,bc_age_cd_1_share_amt | bc_age_cd_6_share_amt | bc_age_cd_4_share_amt,0.8101616628175519,0.4665127020785219,6902.772558879852,매장 면적·좌석·점포별 매출이 없어 규모별 적합도와 argmax 규모는 산출하지 않음
BRD_20140306,롤링핀,3120197,역삼역,16.333333333333332,bc_age_cd_1_share_amt | bc_age_cd_6_share_amt | bc_age_cd_4_share_amt,0.9050808314087759,0.6726327944572749,6065.720155065563,매장 면적·좌석·점포별 매출이 없어 규모별 적합도와 argmax 규모는 산출하지 않음
BRD_20140306,롤링핀,3120110,목동역 8번출구,17.0,bc_age_cd_4_share_amt | bc_age_cd_1_share_amt | bc_age_cd_5_share_amt,0.8209006928406467,0.7650115473441108,5953.768554415523,매장 면적·좌석·점포별 매출이 없어 규모별 적합도와 argmax 규모는 산출하지 않음
BRD_20140306,롤링핀,3120068,사가정역,17.333333333333332,bc_age_cd_2_share_amt | bc_foreign_share_amt | bc_age_cd_3_share_amt,0.8467667436489608,0.7719399538106235,3360.622710133608,매장 면적·좌석·점포별 매출이 없어 규모별 적합도와 argmax 규모는 산출하지 않음
BRD_20140306,롤링핀,3120220,대치역,18.666666666666668,bc_age_cd_1_share_amt | bc_age_cd_6_share_amt | bc_age_cd_4_share_amt,0.8922632794457275,0.2881062355658198,4207.754032710782,매장 면적·좌석·점포별 매출이 없어 규모별 적합도와 argmax 규모는 산출하지 않음
BRD_20140306,롤링핀,3120222,삼성역,24.333333333333332,bc_age_cd_1_share_amt | bc_age_cd_6_share_amt | bc_age_cd_4_share_amt,0.833718244803695,0.3371824480369515,3510.720296425811,매장 면적·좌석·점포별 매출이 없어 규모별 적합도와 argmax 규모는 산출하지 않음
BRD_20140306,롤링핀,3120219,은마아파트,25.333333333333332,bc_age_cd_1_share_amt | bc_age_cd_6_share_amt | bc_age_cd_4_share_amt,0.8327944572748268,0.25635103926096997,4080.503890423406,매장 면적·좌석·점포별 매출이 없어 규모별 적합도와 argmax 규모는 산출하지 않음
BRD_20140778,크리스피크림,3120165,서래마을카페거리(서래마을),1.0,bc_age_cd_1_share_amt | bc_age_cd_3_share_amt | bc_age_cd_4_share_amt,0.9718244803695151,0.581986143187067,2673.0151514713366,매장 면적·좌석·점포별 매출이 없어 규모별 적합도와 argmax 규모는 산출하지 않음
BRD_20140778,크리스피크림,3120006,종각역,2.6666666666666665,bc_age_cd_6_share_amt | bc_foreign_share_amt | bc_corporate_share_amt,0.9732101616628176,0.8273672055427252,3344.5023545909357,매장 면적·좌석·점포별 매출이 없어 규모별 적합도와 argmax 규모는 산출하지 않음
BRD_20140778,크리스피크림,3120166,방배역,3.3333333333333335,bc_age_cd_1_share_amt | bc_age_cd_3_share_amt | bc_age_cd_4_share_amt,0.9176674364896074,0.2678983833718245,1583.7540844204636,매장 면적·좌석·점포별 매출이 없어 규모별 적합도와 argmax 규모는 산출하지 않음
BRD_20140778,크리스피크림,3120007,북촌(안국역),3.6666666666666665,bc_age_cd_6_share_amt | bc_foreign_share_amt | bc_corporate_share_amt,0.9692840646651271,0.8654734411085451,4334.656849143145,매장 면적·좌석·점포별 매출이 없어 규모별 적합도와 argmax 규모는 산출하지 않음
BRD_20140778,크리스피크림,3120173,교대역(법원.검찰청),5.0,bc_age_cd_1_share_amt | bc_age_cd_3_share_amt | bc_age_cd_4_share_amt,0.8990762124711317,0.6737875288683602,1277.9409220002185,매장 면적·좌석·점포별 매출이 없어 규모별 적합도와 argmax 규모는 산출하지 않음
BRD_20140778,크리스피크림,3120008,인사동,6.666666666666667,bc_age_cd_6_share_amt | bc_foreign_share_amt | bc_corporate_share_amt,0.9304849884526558,0.9624711316397228,3764.6918864426875,매장 면적·좌석·점포별 매출이 없어 규모별 적합도와 argmax 규모는 산출하지 않음
BRD_20140778,크리스피크림,3130002,세종마을음식문화거리(금천교시장),8.333333333333334,bc_age_cd_6_share_amt | bc_foreign_share_amt | bc_corporate_share_amt,0.9169745958429562,0.9359122401847575,3895.8842385065445,매장 면적·좌석·점포별 매출이 없어 규모별 적합도와 argmax 규모는 산출하지 않음
BRD_20140778,크리스피크림,3120210,선릉역,8.666666666666666,bc_age_cd_1_share_amt | bc_age_cd_4_share_amt | bc_age_cd_6_share_amt,0.9580831408775982,0.5612009237875288,1994.3445038354314,매장 면적·좌석·점포별 매출이 없어 규모별 적합도와 argmax 규모는 산출하지 않음
BRD_20140778,크리스피크림,3120164,내방역,10.0,bc_age_cd_1_share_amt | bc_age_cd_3_share_amt | bc_age_cd_4_share_amt,0.8489607390300231,0.6287528868360277,1812.8058362387226,매장 면적·좌석·점포별 매출이 없어 규모별 적합도와 argmax 규모는 산출하지 않음
BRD_20140778,크리스피크림,3120175,남부터미널역,11.333333333333334,bc_age_cd_1_share_amt | bc_age_cd_3_share_amt | bc_age_cd_4_share_amt,0.8390300230946882,0.4821016166281755,1582.621243426453,매장 면적·좌석·점포별 매출이 없어 규모별 적합도와 argmax 규모는 산출하지 않음
BRD_20140778,크리스피크림,3120188,압구정역,11.333333333333334,bc_age_cd_1_share_amt | bc_age_cd_4_share_amt | bc_age_cd_6_share_amt,0.9404157043879908,0.5329099307159353,3031.0727473775373,매장 면적·좌석·점포별 매출이 없어 규모별 적합도와 argmax 규모는 산출하지 않음
BRD_20140778,크리스피크림,3110943,법제교육센터(버들어린이공원),12.666666666666666,bc_age_cd_1_share_amt | bc_age_cd_3_share_amt | bc_age_cd_4_share_amt,0.812471131639723,0.6483833718244804,2998.534308623579,매장 면적·좌석·점포별 매출이 없어 규모별 적합도와 argmax 규모는 산출하지 않음
BRD_20140778,크리스피크림,3001496,강남 마이스 관광특구,14.333333333333334,bc_age_cd_1_share_amt | bc_age_cd_4_share_amt | bc_age_cd_6_share_amt,0.9066974595842956,0.45669745958429564,3128.088393884572,매장 면적·좌석·점포별 매출이 없어 규모별 적합도와 argmax 규모는 산출하지 않음
BRD_20140778,크리스피크림,3120179,양재역,14.333333333333334,bc_age_cd_1_share_amt | bc_age_cd_3_share_amt | bc_age_cd_4_share_amt,0.8101616628175519,0.46709006928406466,1417.44347330903,매장 면적·좌석·점포별 매출이 없어 규모별 적합도와 argmax 규모는 산출하지 않음
BRD_20140778,크리스피크림,3120197,역삼역,15.333333333333334,bc_age_cd_1_share_amt | bc_age_cd_4_share_amt | bc_age_cd_6_share_amt,0.9050808314087759,0.6737875288683604,720.4005830040818,매장 면적·좌석·점포별 매출이 없어 규모별 적합도와 argmax 규모는 산출하지 않음
BRD_20140778,크리스피크림,3120005,삼청동,15.666666666666666,bc_age_cd_6_share_amt | bc_foreign_share_amt | bc_corporate_share_amt,0.8296766743648961,0.4584295612009238,4708.135193450507,매장 면적·좌석·점포별 매출이 없어 규모별 적합도와 argmax 규모는 산출하지 않음
BRD_20140778,크리스피크림,3120220,대치역,16.666666666666668,bc_age_cd_1_share_amt | bc_age_cd_4_share_amt | bc_age_cd_6_share_amt,0.8922632794457275,0.2892609699769053,2974.560975968875,매장 면적·좌석·점포별 매출이 없어 규모별 적합도와 argmax 규모는 산출하지 않음
BRD_20140778,크리스피크림,3120009,종로3가역,17.333333333333332,bc_age_cd_6_share_amt | bc_foreign_share_amt | bc_corporate_share_amt,0.8273672055427251,0.45438799076212466,3719.0412742874914,매장 면적·좌석·점포별 매출이 없어 규모별 적합도와 argmax 규모는 산출하지 않음
BRD_20140778,크리스피크림,3120003,광화문역,21.333333333333332,bc_age_cd_6_share_amt | bc_foreign_share_amt | bc_corporate_share_amt,0.8042725173210161,0.6414549653579678,3366.2960356841686,매장 면적·좌석·점포별 매출이 없어 규모별 적합도와 argmax 규모는 산출하지 않음
BRD_20140778,크리스피크림,3120222,삼성역,23.333333333333332,bc_age_cd_1_share_amt | bc_age_cd_4_share_amt | bc_age_cd_6_share_amt,0.833718244803695,0.33775981524249427,3294.9635809770675,매장 면적·좌석·점포별 매출이 없어 규모별 적합도와 argmax 규모는 산출하지 않음
BRD_20150052,빵장수단팥빵,3120165,서래마을카페거리(서래마을),1.0,bc_age_cd_1_share_amt | bc_corporate_share_amt | bc_age_cd_4_share_amt,0.9718244803695151,0.5814087759815242,6100.988280571182,매장 면적·좌석·점포별 매출이 없어 규모별 적합도와 argmax 규모는 산출하지 않음
BRD_20150052,빵장수단팥빵,3120189,강남역,3.0,bc_age_cd_1_share_amt | bc_corporate_share_amt | bc_age_cd_4_share_amt,0.9191685912240184,0.5519630484988454,8660.04861415659,매장 면적·좌석·점포별 매출이 없어 규모별 적합도와 argmax 규모는 산출하지 않음
BRD_20150052,빵장수단팥빵,3120166,방배역,4.0,bc_age_cd_1_share_amt | bc_corporate_share_amt | bc_age_cd_4_share_amt,0.9176674364896074,0.2673210161662818,5854.592214643349,매장 면적·좌석·점포별 매출이 없어 규모별 적합도와 argmax 규모는 산출하지 않음
BRD_20150052,빵장수단팥빵,3120210,선릉역,4.666666666666667,bc_age_cd_1_share_amt | bc_age_cd_4_share_amt | bc_corporate_share_amt,0.9580831408775982,0.5612009237875288,8003.351610428342,매장 면적·좌석·점포별 매출이 없어 규모별 적합도와 argmax 규모는 산출하지 않음
BRD_20150052,빵장수단팥빵,3120173,교대역(법원.검찰청),6.0,bc_age_cd_1_share_amt | bc_corporate_share_amt | bc_age_cd_4_share_amt,0.8990762124711317,0.6732101616628176,7461.584282149952,매장 면적·좌석·점포별 매출이 없어 규모별 적합도와 argmax 규모는 산출하지 않음
BRD_20150052,빵장수단팥빵,3120188,압구정역,8.0,bc_age_cd_1_share_amt | bc_age_cd_4_share_amt | bc_corporate_share_amt,0.9404157043879908,0.5329099307159353,8761.89534289066,매장 면적·좌석·점포별 매출이 없어 규모별 적합도와 argmax 규모는 산출하지 않음
BRD_20150052,빵장수단팥빵,3120006,종각역,8.666666666666666,bc_foreign_share_amt | bc_age_cd_6_share_amt | bc_age_cd_1_share_amt,0.9732101616628176,0.8279445727482679,6302.458647213328,매장 면적·좌석·점포별 매출이 없어 규모별 적합도와 argmax 규모는 산출하지 않음
BRD_20150052,빵장수단팥빵,3120160,사당역(사당),9.333333333333334,bc_age_cd_1_share_amt | bc_corporate_share_amt | bc_age_cd_4_share_amt,0.8801385681293303,0.920323325635104,4570.496362523914,매장 면적·좌석·점포별 매출이 없어 규모별 적합도와 argmax 규모는 산출하지 않음
BRD_20150052,빵장수단팥빵,3120007,북촌(안국역),9.666666666666666,bc_foreign_share_amt | bc_age_cd_6_share_amt | bc_age_cd_1_share_amt,0.9692840646651271,0.8654734411085451,6877.727022774106,매장 면적·좌석·점포별 매출이 없어 규모별 적합도와 argmax 규모는 산출하지 않음
BRD_20150052,빵장수단팥빵,3001496,강남 마이스 관광특구,12.0,bc_age_cd_1_share_amt | bc_age_cd_4_share_amt | bc_corporate_share_amt,0.9066974595842956,0.45669745958429564,6864.103291772209,매장 면적·좌석·점포별 매출이 없어 규모별 적합도와 argmax 규모는 산출하지 않음
BRD_20150052,빵장수단팥빵,3120164,내방역,12.0,bc_age_cd_1_share_amt | bc_corporate_share_amt | bc_age_cd_4_share_amt,0.8489607390300231,0.6287528868360277,5536.682219501115,매장 면적·좌석·점포별 매출이 없어 규모별 적합도와 argmax 규모는 산출하지 않음
BRD_20150052,빵장수단팥빵,3120175,남부터미널역,13.333333333333334,bc_age_cd_1_share_amt | bc_corporate_share_amt | bc_age_cd_4_share_amt,0.8390300230946882,0.4815242494226327,7689.149822942897,매장 면적·좌석·점포별 매출이 없어 규모별 적합도와 argmax 규모는 산출하지 않음
BRD_20150052,빵장수단팥빵,3120197,역삼역,13.333333333333334,bc_age_cd_1_share_amt | bc_age_cd_4_share_amt | bc_corporate_share_amt,0.9050808314087759,0.6732101616628176,9273.011377118308,매장 면적·좌석·점포별 매출이 없어 규모별 적합도와 argmax 규모는 산출하지 않음
BRD_20150052,빵장수단팥빵,3120220,대치역,15.333333333333334,bc_age_cd_1_share_amt | bc_age_cd_4_share_amt | bc_corporate_share_amt,0.8922632794457275,0.2881062355658198,7658.103485862792,매장 면적·좌석·점포별 매출이 없어 규모별 적합도와 argmax 규모는 산출하지 않음
BRD_20150052,빵장수단팥빵,3110943,법제교육센터(버들어린이공원),16.0,bc_age_cd_1_share_amt | bc_corporate_share_amt | bc_age_cd_4_share_amt,0.812471131639723,0.647228637413395,10229.381408485506,매장 면적·좌석·점포별 매출이 없어 규모별 적합도와 argmax 규모는 산출하지 않음
BRD_20150052,빵장수단팥빵,3120008,인사동,16.666666666666668,bc_foreign_share_amt | bc_age_cd_6_share_amt | bc_age_cd_1_share_amt,0.9304849884526558,0.9624711316397228,6588.77727653759,매장 면적·좌석·점포별 매출이 없어 규모별 적합도와 argmax 규모는 산출하지 않음
BRD_20150052,빵장수단팥빵,3120179,양재역,17.333333333333332,bc_age_cd_1_share_amt | bc_corporate_share_amt | bc_age_cd_4_share_amt,0.8101616628175519,0.4665127020785219,9097.021985221589,매장 면적·좌석·점포별 매출이 없어 규모별 적합도와 argmax 규모는 산출하지 않음
BRD_20150052,빵장수단팥빵,3120118,마곡역(마곡),18.333333333333332,bc_age_cd_4_share_amt | bc_age_cd_6_share_amt | bc_corporate_share_amt,0.9669745958429561,0.6333718244803694,1663.2768861189347,매장 면적·좌석·점포별 매출이 없어 규모별 적합도와 argmax 규모는 산출하지 않음
BRD_20150052,빵장수단팥빵,3130002,세종마을음식문화거리(금천교시장),20.0,bc_foreign_share_amt | bc_age_cd_6_share_amt | bc_age_cd_1_share_amt,0.9169745958429562,0.9359122401847575,5599.263612282099,매장 면적·좌석·점포별 매출이 없어 규모별 적합도와 argmax 규모는 산출하지 않음
BRD_20150052,빵장수단팥빵,3120222,삼성역,21.0,bc_age_cd_1_share_amt | bc_age_cd_4_share_amt | bc_corporate_share_amt,0.833718244803695,0.3371824480369515,6712.31778152128,매장 면적·좌석·점포별 매출이 없어 규모별 적합도와 argmax 규모는 산출하지 않음
BRD_20150085,못난이꽈배기,3120165,서래마을카페거리(서래마을),1.6666666666666667,bc_age_cd_1_share_amt | bc_age_cd_6_share_amt | bc_age_cd_4_share_amt,0.9718244803695151,0.5814087759815242,7102.502727931249,매장 면적·좌석·점포별 매출이 없어 규모별 적합도와 argmax 규모는 산출하지 않음
BRD_20150085,못난이꽈배기,3120069,상봉역,2.3333333333333335,bc_corporate_share_amt | bc_age_cd_2_share_amt | bc_age_cd_3_share_amt,0.9086605080831409,0.3920323325635104,2726.7689671002063,매장 면적·좌석·점포별 매출이 없어 규모별 적합도와 argmax 규모는 산출하지 않음
BRD_20150085,못난이꽈배기,3120189,강남역,5.0,bc_age_cd_1_share_amt | bc_age_cd_6_share_amt | bc_age_cd_4_share_amt,0.9191685912240184,0.5513856812933026,7606.96950173179,매장 면적·좌석·점포별 매출이 없어 규모별 적합도와 argmax 규모는 산출하지 않음
BRD_20150085,못난이꽈배기,3120006,종각역,5.0,bc_corporate_share_amt | bc_age_cd_6_share_amt | bc_foreign_share_amt,0.9732101616628176,0.8273672055427252,1024.2153093763256,매장 면적·좌석·점포별 매출이 없어 규모별 적합도와 argmax 규모는 산출하지 않음
BRD_20150085,못난이꽈배기,3120166,방배역,6.0,bc_age_cd_1_share_amt | bc_age_cd_6_share_amt | bc_age_cd_4_share_amt,0.9176674364896074,0.2673210161662818,8603.508586644733,매장 면적·좌석·점포별 매출이 없어 규모별 적합도와 argmax 규모는 산출하지 않음
BRD_20150085,못난이꽈배기,3120007,북촌(안국역),6.0,bc_corporate_share_amt | bc_age_cd_6_share_amt | bc_foreign_share_amt,0.9692840646651271,0.8654734411085451,1986.3083849049635,매장 면적·좌석·점포별 매출이 없어 규모별 적합도와 argmax 규모는 산출하지 않음
BRD_20150085,못난이꽈배기,3120173,교대역(법원.검찰청),7.333333333333333,bc_age_cd_1_share_amt | bc_age_cd_6_share_amt | bc_age_cd_4_share_amt,0.8990762124711317,0.6732101616628176,7936.32188109647,매장 면적·좌석·점포별 매출이 없어 규모별 적합도와 argmax 규모는 산출하지 않음
BRD_20150085,못난이꽈배기,3120110,목동역 8번출구,8.0,bc_corporate_share_amt | bc_age_cd_1_share_amt | bc_age_cd_2_share_amt,0.8209006928406467,0.7655889145496535,1513.174477717333,매장 면적·좌석·점포별 매출이 없어 규모별 적합도와 argmax 규모는 산출하지 않음
BRD_20150085,못난이꽈배기,3120068,사가정역,9.0,bc_corporate_share_amt | bc_age_cd_2_share_amt | bc_age_cd_3_share_amt,0.8467667436489608,0.7713625866050808,2825.635680691528,매장 면적·좌석·점포별 매출이 없어 규모별 적합도와 argmax 규모는 산출하지 않음
BRD_20150085,못난이꽈배기,3120160,사당역(사당),10.0,bc_age_cd_1_share_amt | bc_age_cd_6_share_amt | bc_age_cd_4_share_amt,0.8801385681293303,0.9197459584295613,7397.167904030661,매장 면적·좌석·점포별 매출이 없어 규모별 적합도와 argmax 규모는 산출하지 않음
BRD_20150085,못난이꽈배기,3120008,인사동,10.666666666666666,bc_corporate_share_amt | bc_age_cd_6_share_amt | bc_foreign_share_amt,0.9304849884526558,0.9630484988452656,1403.0431212041217,매장 면적·좌석·점포별 매출이 없어 규모별 적합도와 argmax 규모는 산출하지 않음
BRD_20150085,못난이꽈배기,3130002,세종마을음식문화거리(금천교시장),13.666666666666666,bc_corporate_share_amt | bc_age_cd_6_share_amt | bc_foreign_share_amt,0.9169745958429562,0.9364896073903002,2150.6196781102553,매장 면적·좌석·점포별 매출이 없어 규모별 적합도와 argmax 규모는 산출하지 않음
BRD_20150085,못난이꽈배기,3120164,내방역,14.0,bc_age_cd_1_share_amt | bc_age_cd_6_share_amt | bc_age_cd_4_share_amt,0.8489607390300231,0.6293302540415704,8143.784194112724,매장 면적·좌석·점포별 매출이 없어 규모별 적합도와 argmax 규모는 산출하지 않음
BRD_20150085,못난이꽈배기,3120175,남부터미널역,15.333333333333334,bc_age_cd_1_share_amt | bc_age_cd_6_share_amt | bc_age_cd_4_share_amt,0.8390300230946882,0.4815242494226327,8934.378545842776,매장 면적·좌석·점포별 매출이 없어 규모별 적합도와 argmax 규모는 산출하지 않음
BRD_20150085,못난이꽈배기,3110943,법제교육센터(버들어린이공원),19.333333333333332,bc_age_cd_1_share_amt | bc_age_cd_6_share_amt | bc_age_cd_4_share_amt,0.812471131639723,0.647228637413395,10523.55871368584,매장 면적·좌석·점포별 매출이 없어 규모별 적합도와 argmax 규모는 산출하지 않음
BRD_20150085,못난이꽈배기,3120179,양재역,21.0,bc_age_cd_1_share_amt | bc_age_cd_6_share_amt | bc_age_cd_4_share_amt,0.8101616628175519,0.4676674364896074,9115.809673327762,매장 면적·좌석·점포별 매출이 없어 규모별 적합도와 argmax 규모는 산출하지 않음
BRD_20150085,못난이꽈배기,3110627,신정롯데캐슬아파트,22.0,bc_corporate_share_amt | bc_age_cd_1_share_amt | bc_age_cd_2_share_amt,0.7125866050808314,0.6414549653579676,1834.9280640030534,매장 면적·좌석·점포별 매출이 없어 규모별 적합도와 argmax 규모는 산출하지 않음
BRD_20150085,못난이꽈배기,3001491,이태원 관광특구,22.333333333333332,bc_age_cd_1_share_amt | bc_age_cd_6_share_amt | bc_corporate_share_amt,0.8719399538106235,0.7205542725173211,3096.015665356633,매장 면적·좌석·점포별 매출이 없어 규모별 적합도와 argmax 규모는 산출하지 않음
BRD_20150085,못난이꽈배기,3120249,고덕역,22.666666666666668,bc_age_cd_4_share_amt | bc_age_cd_2_share_amt | bc_age_cd_3_share_amt,0.9460739030023095,0.5369515011547344,2284.33447636197,매장 면적·좌석·점포별 매출이 없어 규모별 적합도와 argmax 규모는 산출하지 않음
BRD_20150085,못난이꽈배기,3120005,삼청동,23.0,bc_corporate_share_amt | bc_age_cd_6_share_amt | bc_foreign_share_amt,0.8296766743648961,0.4584295612009238,2495.9427076569036,매장 면적·좌석·점포별 매출이 없어 규모별 적합도와 argmax 규모는 산출하지 않음
BRD_20160521,심봉사도로케,3120165,서래마을카페거리(서래마을),2.0,bc_age_cd_6_share_amt | bc_age_cd_1_share_amt | bc_age_cd_4_share_amt,0.9718244803695151,0.5814087759815242,5336.985291370834,매장 면적·좌석·점포별 매출이 없어 규모별 적합도와 argmax 규모는 산출하지 않음
BRD_20160521,심봉사도로케,3120069,상봉역,3.3333333333333335,bc_corporate_share_amt | bc_age_cd_3_share_amt | bc_foreign_share_amt,0.9086605080831409,0.3920323325635104,5834.943358744293,매장 면적·좌석·점포별 매출이 없어 규모별 적합도와 argmax 규모는 산출하지 않음
BRD_20160521,심봉사도로케,3120114,목동신시가지,3.6666666666666665,bc_corporate_share_amt | bc_age_cd_2_share_amt | bc_age_cd_1_share_amt,0.885565819861432,0.2199769053117783,3468.3497517006126,매장 면적·좌석·점포별 매출이 없어 규모별 적합도와 argmax 규모는 산출하지 않음
BRD_20160521,심봉사도로케,3120189,강남역,5.333333333333333,bc_age_cd_6_share_amt | bc_age_cd_1_share_amt | bc_age_cd_4_share_amt,0.9191685912240184,0.5513856812933026,7150.787718862258,매장 면적·좌석·점포별 매출이 없어 규모별 적합도와 argmax 규모는 산출하지 않음
BRD_20160521,심봉사도로케,3120166,방배역,6.333333333333333,bc_age_cd_6_share_amt | bc_age_cd_1_share_amt | bc_age_cd_4_share_amt,0.9176674364896074,0.2673210161662818,5788.72075681363,매장 면적·좌석·점포별 매출이 없어 규모별 적합도와 argmax 규모는 산출하지 않음
BRD_20160521,심봉사도로케,3120249,고덕역,8.0,bc_age_cd_4_share_amt | bc_age_cd_2_share_amt | bc_age_cd_3_share_amt,0.9460739030023095,0.5363741339491916,10341.509367578092,매장 면적·좌석·점포별 매출이 없어 규모별 적합도와 argmax 규모는 산출하지 않음
BRD_20160521,심봉사도로케,3120173,교대역(법원.검찰청),8.333333333333334,bc_age_cd_6_share_amt | bc_age_cd_1_share_amt | bc_age_cd_4_share_amt,0.8990762124711317,0.6726327944572748,6869.8152813889055,매장 면적·좌석·점포별 매출이 없어 규모별 적합도와 argmax 규모는 산출하지 않음
BRD_20160521,심봉사도로케,3120110,목동역 8번출구,9.333333333333334,bc_corporate_share_amt | bc_age_cd_2_share_amt | bc_age_cd_1_share_amt,0.8209006928406467,0.7650115473441108,2100.8236480179157,매장 면적·좌석·점포별 매출이 없어 규모별 적합도와 argmax 규모는 산출하지 않음
BRD_20160521,심봉사도로케,3120068,사가정역,10.0,bc_corporate_share_amt | bc_age_cd_3_share_amt | bc_foreign_share_amt,0.8467667436489608,0.7713625866050808,4905.941296000329,매장 면적·좌석·점포별 매출이 없어 규모별 적합도와 argmax 규모는 산출하지 않음
BRD_20160521,심봉사도로케,3120006,종각역,11.333333333333334,bc_corporate_share_amt | bc_foreign_share_amt | bc_age_cd_6_share_amt,0.9732101616628176,0.8273672055427252,4950.210197569615,매장 면적·좌석·점포별 매출이 없어 규모별 적합도와 argmax 규모는 산출하지 않음
BRD_20160521,심봉사도로케,3120160,사당역(사당),11.666666666666666,bc_age_cd_6_share_amt | bc_age_cd_1_share_amt | bc_age_cd_4_share_amt,0.8801385681293303,0.9197459584295613,4876.754351031787,매장 면적·좌석·점포별 매출이 없어 규모별 적합도와 argmax 규모는 산출하지 않음
BRD_20160521,심봉사도로케,3120007,북촌(안국역),12.333333333333334,bc_corporate_share_amt | bc_foreign_share_amt | bc_age_cd_6_share_amt,0.9692840646651271,0.8648960739030023,5049.451158303071,매장 면적·좌석·점포별 매출이 없어 규모별 적합도와 argmax 규모는 산출하지 않음
BRD_20160521,심봉사도로케,3120164,내방역,14.666666666666666,bc_age_cd_6_share_amt | bc_age_cd_1_share_amt | bc_age_cd_4_share_amt,0.8489607390300231,0.6287528868360277,5211.245148745511,매장 면적·좌석·점포별 매출이 없어 규모별 적합도와 argmax 규모는 산출하지 않음
BRD_20160521,심봉사도로케,3120175,남부터미널역,16.666666666666668,bc_age_cd_6_share_amt | bc_age_cd_1_share_amt | bc_age_cd_4_share_amt,0.8390300230946882,0.4821016166281755,7375.74274229057,매장 면적·좌석·점포별 매출이 없어 규모별 적합도와 argmax 규모는 산출하지 않음
BRD_20160521,심봉사도로케,3120245,둔촌역,16.666666666666668,bc_age_cd_4_share_amt | bc_age_cd_2_share_amt | bc_age_cd_3_share_amt,0.89364896073903,0.7852193995381063,9377.936873313134,매장 면적·좌석·점포별 매출이 없어 규모별 적합도와 argmax 규모는 산출하지 않음
BRD_20160521,심봉사도로케,3120008,인사동,18.0,bc_corporate_share_amt | bc_foreign_share_amt | bc_age_cd_6_share_amt,0.9304849884526558,0.9624711316397228,4896.376006814252,매장 면적·좌석·점포별 매출이 없어 규모별 적합도와 argmax 규모는 산출하지 않음
BRD_20160521,심봉사도로케,3120118,마곡역(마곡),19.333333333333332,bc_age_cd_6_share_amt | bc_age_cd_4_share_amt | bc_corporate_share_amt,0.9669745958429561,0.6327944572748267,1858.9741794921251,매장 면적·좌석·점포별 매출이 없어 규모별 적합도와 argmax 규모는 산출하지 않음
BRD_20160521,심봉사도로케,3130002,세종마을음식문화거리(금천교시장),20.333333333333332,bc_corporate_share_amt | bc_foreign_share_amt | bc_age_cd_6_share_amt,0.9169745958429562,0.9359122401847575,6208.0107119862905,매장 면적·좌석·점포별 매출이 없어 규모별 적합도와 argmax 규모는 산출하지 않음
BRD_20160521,심봉사도로케,3110943,법제교육센터(버들어린이공원),20.666666666666668,bc_age_cd_6_share_amt | bc_age_cd_1_share_amt | bc_age_cd_4_share_amt,0.812471131639723,0.6466512702078522,9788.855397862224,매장 면적·좌석·점포별 매출이 없어 규모별 적합도와 argmax 규모는 산출하지 않음
BRD_20160521,심봉사도로케,3120119,발산역(마곡),21.666666666666668,bc_age_cd_6_share_amt | bc_age_cd_4_share_amt | bc_corporate_share_amt,0.9505773672055428,0.7782909930715936,1085.764707479316,매장 면적·좌석·점포별 매출이 없어 규모별 적합도와 argmax 규모는 산출하지 않음
BRD_20161137,명랑시대쌀핫도그,3120165,서래마을카페거리(서래마을),1.0,bc_age_cd_1_share_amt | bc_age_cd_6_share_amt | bc_corporate_share_amt,0.9718244803695151,0.5814087759815242,4763.231886001956,매장 면적·좌석·점포별 매출이 없어 규모별 적합도와 argmax 규모는 산출하지 않음
BRD_20161137,명랑시대쌀핫도그,3120189,강남역,2.3333333333333335,bc_age_cd_1_share_amt | bc_age_cd_6_share_amt | bc_corporate_share_amt,0.9191685912240184,0.5554272517321016,2139.018933979566,매장 면적·좌석·점포별 매출이 없어 규모별 적합도와 argmax 규모는 산출하지 않음
BRD_20161137,명랑시대쌀핫도그,3120166,방배역,3.3333333333333335,bc_age_cd_1_share_amt | bc_age_cd_6_share_amt | bc_corporate_share_amt,0.9176674364896074,0.2684757505773672,5150.519391275384,매장 면적·좌석·점포별 매출이 없어 규모별 적합도와 argmax 규모는 산출하지 않음
BRD_20161137,명랑시대쌀핫도그,3120173,교대역(법원.검찰청),5.333333333333333,bc_age_cd_1_share_amt | bc_age_cd_6_share_amt | bc_corporate_share_amt,0.8990762124711317,0.6749422632794457,3315.062593662539,매장 면적·좌석·점포별 매출이 없어 규모별 적합도와 argmax 규모는 산출하지 않음
BRD_20161137,명랑시대쌀핫도그,3120160,사당역(사당),6.666666666666667,bc_age_cd_1_share_amt | bc_age_cd_6_share_amt | bc_corporate_share_amt,0.8801385681293303,0.920323325635104,4636.770966963975,매장 면적·좌석·점포별 매출이 없어 규모별 적합도와 argmax 규모는 산출하지 않음
BRD_20161137,명랑시대쌀핫도그,3120069,상봉역,8.0,bc_age_cd_2_share_amt | bc_age_cd_3_share_amt | bc_foreign_share_amt,0.9086605080831409,0.3943418013856813,885.5873756853189,매장 면적·좌석·점포별 매출이 없어 규모별 적합도와 argmax 규모는 산출하지 않음
BRD_20161137,명랑시대쌀핫도그,3120249,고덕역,8.666666666666666,bc_age_cd_4_share_amt | bc_age_cd_2_share_amt | bc_age_cd_3_share_amt,0.9460739030023095,0.5381062355658198,2256.596773897674,매장 면적·좌석·점포별 매출이 없어 규모별 적합도와 argmax 규모는 산출하지 않음
BRD_20161137,명랑시대쌀핫도그,3120110,목동역 8번출구,8.666666666666666,bc_age_cd_1_share_amt | bc_age_cd_4_share_amt | bc_corporate_share_amt,0.8209006928406467,0.7673210161662818,845.723950273723,매장 면적·좌석·점포별 매출이 없어 규모별 적합도와 argmax 규모는 산출하지 않음
BRD_20161137,명랑시대쌀핫도그,3120164,내방역,10.666666666666666,bc_age_cd_1_share_amt | bc_age_cd_6_share_amt | bc_corporate_share_amt,0.8489607390300231,0.6327944572748267,5263.007695211939,매장 면적·좌석·점포별 매출이 없어 규모별 적합도와 argmax 규모는 산출하지 않음
BRD_20161137,명랑시대쌀핫도그,3120118,마곡역(마곡),10.666666666666666,bc_age_cd_6_share_amt | bc_corporate_share_amt | bc_age_cd_4_share_amt,0.9669745958429561,0.6339491916859122,821.3434117097922,매장 면적·좌석·점포별 매출이 없어 규모별 적합도와 argmax 규모는 산출하지 않음
BRD_20161137,명랑시대쌀핫도그,3120175,남부터미널역,12.0,bc_age_cd_1_share_amt | bc_age_cd_6_share_amt | bc_corporate_share_amt,0.8390300230946882,0.4821016166281755,3299.0521365921854,매장 면적·좌석·점포별 매출이 없어 규모별 적합도와 argmax 규모는 산출하지 않음
BRD_20161137,명랑시대쌀핫도그,3120119,발산역(마곡),13.333333333333334,bc_age_cd_6_share_amt | bc_corporate_share_amt | bc_age_cd_4_share_amt,0.9505773672055428,0.7800230946882217,892.6102172861183,매장 면적·좌석·점포별 매출이 없어 규모별 적합도와 argmax 규모는 산출하지 않음
BRD_20161137,명랑시대쌀핫도그,3120245,둔촌역,14.0,bc_age_cd_4_share_amt | bc_age_cd_2_share_amt | bc_age_cd_3_share_amt,0.89364896073903,0.7869515011547344,1264.051027466222,매장 면적·좌석·점포별 매출이 없어 규모별 적합도와 argmax 규모는 산출하지 않음
BRD_20161137,명랑시대쌀핫도그,3110943,법제교육센터(버들어린이공원),16.0,bc_age_cd_1_share_amt | bc_age_cd_6_share_amt | bc_corporate_share_amt,0.812471131639723,0.6495381062355658,2727.3776783021776,매장 면적·좌석·점포별 매출이 없어 규모별 적합도와 argmax 규모는 산출하지 않음
BRD_20161137,명랑시대쌀핫도그,3120179,양재역,17.0,bc_age_cd_1_share_amt | bc_age_cd_6_share_amt | bc_corporate_share_amt,0.8101616628175519,0.4688221709006929,2153.482992736968,매장 면적·좌석·점포별 매출이 없어 규모별 적합도와 argmax 규모는 산출하지 않음
BRD_20161137,명랑시대쌀핫도그,3120068,사가정역,17.0,bc_age_cd_2_share_amt | bc_age_cd_3_share_amt | bc_foreign_share_amt,0.8467667436489608,0.7759815242494226,810.2228088748763,매장 면적·좌석·점포별 매출이 없어 규모별 적합도와 argmax 규모는 산출하지 않음
BRD_20161137,명랑시대쌀핫도그,3120120,화곡역,20.666666666666668,bc_age_cd_6_share_amt | bc_corporate_share_amt | bc_age_cd_4_share_amt,0.8866050808314089,0.819284064665127,834.197218890034,매장 면적·좌석·점포별 매출이 없어 규모별 적합도와 argmax 규모는 산출하지 않음
BRD_20161137,명랑시대쌀핫도그,3110627,신정롯데캐슬아파트,22.0,bc_age_cd_1_share_amt | bc_age_cd_4_share_amt | bc_corporate_share_amt,0.7125866050808314,0.6443418013856812,884.2652317122494,매장 면적·좌석·점포별 매출이 없어 규모별 적합도와 argmax 규모는 산출하지 않음
BRD_20161137,명랑시대쌀핫도그,3120248,명일역,22.333333333333332,bc_age_cd_4_share_amt | bc_age_cd_2_share_amt | bc_age_cd_3_share_amt,0.8340646651270208,0.7465357967667436,1548.8398884365079,매장 면적·좌석·점포별 매출이 없어 규모별 적합도와 argmax 규모는 산출하지 않음
BRD_20161137,명랑시대쌀핫도그,3120210,선릉역,23.0,bc_age_cd_1_share_amt | bc_age_cd_6_share_amt | bc_age_cd_4_share_amt,0.9580831408775982,0.5635103926096998,806.2071693786446,매장 면적·좌석·점포별 매출이 없어 규모별 적합도와 argmax 규모는 산출하지 않음
BRD_20170827,핫브레드 ,3120165,서래마을카페거리(서래마을),1.0,bc_female_share_amt | bc_age_cd_6_share_amt | bc_age_cd_1_share_amt,0.9718244803695151,0.5825635103926097,1096.8049051252747,매장 면적·좌석·점포별 매출이 없어 규모별 적합도와 argmax 규모는 산출하지 않음
BRD_20170827,핫브레드 ,3120189,강남역,2.6666666666666665,bc_female_share_amt | bc_age_cd_6_share_amt | bc_age_cd_1_share_amt,0.9191685912240184,0.5577367205542725,819.2496567269291,매장 면적·좌석·점포별 매출이 없어 규모별 적합도와 argmax 규모는 산출하지 않음
BRD_20170827,핫브레드 ,3120166,방배역,3.6666666666666665,bc_female_share_amt | bc_age_cd_6_share_amt | bc_age_cd_1_share_amt,0.9176674364896074,0.26963048498845266,744.3937130431206,매장 면적·좌석·점포별 매출이 없어 규모별 적합도와 argmax 규모는 산출하지 않음
BRD_20170827,핫브레드 ,3120173,교대역(법원.검찰청),4.666666666666667,bc_female_share_amt | bc_age_cd_6_share_amt | bc_age_cd_1_share_amt,0.8990762124711317,0.6784064665127021,771.7000712945643,매장 면적·좌석·점포별 매출이 없어 규모별 적합도와 argmax 규모는 산출하지 않음
BRD_20170827,핫브레드 ,3120006,종각역,5.0,bc_foreign_share_amt | bc_corporate_share_amt | bc_age_cd_4_share_amt,0.9732101616628176,0.8290993071593533,2047.5160561045222,매장 면적·좌석·점포별 매출이 없어 규모별 적합도와 argmax 규모는 산출하지 않음
BRD_20170827,핫브레드 ,3120007,북촌(안국역),6.0,bc_foreign_share_amt | bc_corporate_share_amt | bc_age_cd_4_share_amt,0.9692840646651271,0.8677829099307159,1462.6475994127413,매장 면적·좌석·점포별 매출이 없어 규모별 적합도와 argmax 규모는 산출하지 않음
BRD_20170827,핫브레드 ,3120160,사당역(사당),7.333333333333333,bc_female_share_amt | bc_age_cd_6_share_amt | bc_age_cd_1_share_amt,0.8801385681293303,0.920323325635104,1113.0543562838532,매장 면적·좌석·점포별 매출이 없어 규모별 적합도와 argmax 규모는 산출하지 않음
BRD_20170827,핫브레드 ,3120008,인사동,8.666666666666666,bc_foreign_share_amt | bc_corporate_share_amt | bc_age_cd_4_share_amt,0.9304849884526558,0.9624711316397228,1718.9581146996188,매장 면적·좌석·점포별 매출이 없어 규모별 적합도와 argmax 규모는 산출하지 않음
BRD_20170827,핫브레드 ,3120175,남부터미널역,10.0,bc_female_share_amt | bc_age_cd_6_share_amt | bc_age_cd_1_share_amt,0.8390300230946882,0.4849884526558892,1199.8966622604814,매장 면적·좌석·점포별 매출이 없어 규모별 적합도와 argmax 규모는 산출하지 않음
BRD_20170827,핫브레드 ,3130002,세종마을음식문화거리(금천교시장),10.333333333333334,bc_foreign_share_amt | bc_corporate_share_amt | bc_age_cd_4_share_amt,0.9169745958429562,0.9359122401847575,1966.0366222257308,매장 면적·좌석·점포별 매출이 없어 규모별 적합도와 argmax 규모는 산출하지 않음
BRD_20170827,핫브레드 ,3120061,올림픽대교북단,11.666666666666666,bc_age_cd_3_share_amt | bc_corporate_share_amt | bc_age_cd_6_share_amt,0.8699769053117784,0.4030023094688222,939.9537222265133,매장 면적·좌석·점포별 매출이 없어 규모별 적합도와 argmax 규모는 산출하지 않음
BRD_20170827,핫브레드 ,3110943,법제교육센터(버들어린이공원),12.666666666666666,bc_female_share_amt | bc_age_cd_6_share_amt | bc_age_cd_1_share_amt,0.812471131639723,0.6518475750577367,1553.262695120467,매장 면적·좌석·점포별 매출이 없어 규모별 적합도와 argmax 규모는 산출하지 않음
BRD_20170827,핫브레드 ,3120210,선릉역,14.666666666666666,bc_age_cd_1_share_amt | bc_female_share_amt | bc_age_cd_6_share_amt,0.9580831408775982,0.5635103926096998,1858.8988676380068,매장 면적·좌석·점포별 매출이 없어 규모별 적합도와 argmax 규모는 산출하지 않음
BRD_20170827,핫브레드 ,3120055,군자역,15.666666666666666,bc_age_cd_3_share_amt | bc_corporate_share_amt | bc_age_cd_6_share_amt,0.8148960739030023,0.8106235565819861,1029.3551379233747,매장 면적·좌석·점포별 매출이 없어 규모별 적합도와 argmax 규모는 산출하지 않음
BRD_20170827,핫브레드 ,3120053,건대입구역(건대),17.666666666666668,bc_age_cd_3_share_amt | bc_corporate_share_amt | bc_age_cd_6_share_amt,0.8086605080831409,0.8602771362586605,1257.8414049785767,매장 면적·좌석·점포별 매출이 없어 규모별 적합도와 argmax 규모는 산출하지 않음
BRD_20170827,핫브레드 ,3120188,압구정역,18.0,bc_age_cd_1_share_amt | bc_female_share_amt | bc_age_cd_6_share_amt,0.9404157043879908,0.5363741339491916,1313.3944570980261,매장 면적·좌석·점포별 매출이 없어 규모별 적합도와 argmax 규모는 산출하지 않음
BRD_20170827,핫브레드 ,3120005,삼청동,19.0,bc_foreign_share_amt | bc_corporate_share_amt | bc_age_cd_4_share_amt,0.8296766743648961,0.4584295612009238,1856.5432933454913,매장 면적·좌석·점포별 매출이 없어 규모별 적합도와 argmax 규모는 산출하지 않음
BRD_20170827,핫브레드 ,3120009,종로3가역,20.0,bc_foreign_share_amt | bc_corporate_share_amt | bc_age_cd_4_share_amt,0.8273672055427251,0.4578521939953811,1503.2937171697195,매장 면적·좌석·점포별 매출이 없어 규모별 적합도와 argmax 규모는 산출하지 않음
BRD_20170827,핫브레드 ,3001496,강남 마이스 관광특구,21.666666666666668,bc_age_cd_1_share_amt | bc_female_share_amt | bc_age_cd_6_share_amt,0.9066974595842956,0.4607390300230947,2475.8230954808814,매장 면적·좌석·점포별 매출이 없어 규모별 적합도와 argmax 규모는 산출하지 않음
BRD_20170827,핫브레드 ,3120197,역삼역,22.666666666666668,bc_age_cd_1_share_amt | bc_female_share_amt | bc_age_cd_6_share_amt,0.9050808314087759,0.6772517321016166,1073.8328547992007,매장 면적·좌석·점포별 매출이 없어 규모별 적합도와 argmax 규모는 산출하지 않음
BRD_20201275,호두당,3120165,서래마을카페거리(서래마을),1.3333333333333333,bc_age_cd_6_share_amt | bc_age_cd_1_share_amt | bc_age_cd_4_share_amt,0.9718244803695151,0.581986143187067,1096.8049051252747,매장 면적·좌석·점포별 매출이 없어 규모별 적합도와 argmax 규모는 산출하지 않음
BRD_20201275,호두당,3120114,목동신시가지,2.3333333333333335,bc_age_cd_1_share_amt | bc_age_cd_4_share_amt | bc_corporate_share_amt,0.885565819861432,0.2199769053117783,5811.269482643144,매장 면적·좌석·점포별 매출이 없어 규모별 적합도와 argmax 규모는 산출하지 않음
BRD_20201275,호두당,3120189,강남역,3.0,bc_age_cd_6_share_amt | bc_age_cd_1_share_amt | bc_age_cd_4_share_amt,0.9191685912240184,0.5513856812933026,1995.8970414570144,매장 면적·좌석·점포별 매출이 없어 규모별 적합도와 argmax 규모는 산출하지 않음
BRD_20201275,호두당,3120166,방배역,4.0,bc_age_cd_6_share_amt | bc_age_cd_1_share_amt | bc_age_cd_4_share_amt,0.9176674364896074,0.2678983833718245,1333.2715402314047,매장 면적·좌석·점포별 매출이 없어 규모별 적합도와 argmax 규모는 산출하지 않음
BRD_20201275,호두당,3120173,교대역(법원.검찰청),5.333333333333333,bc_age_cd_6_share_amt | bc_age_cd_1_share_amt | bc_age_cd_4_share_amt,0.8990762124711317,0.6726327944572748,771.7000712945643,매장 면적·좌석·점포별 매출이 없어 규모별 적합도와 argmax 규모는 산출하지 않음
BRD_20201275,호두당,3120160,사당역(사당),6.666666666666667,bc_age_cd_6_share_amt | bc_age_cd_1_share_amt | bc_age_cd_4_share_amt,0.8801385681293303,0.920323325635104,2645.5887813334875,매장 면적·좌석·점포별 매출이 없어 규모별 적합도와 argmax 규모는 산출하지 않음
BRD_20201275,호두당,3120110,목동역 8번출구,7.0,bc_age_cd_1_share_amt | bc_age_cd_4_share_amt | bc_corporate_share_amt,0.8209006928406467,0.7650115473441108,5834.898542388986,매장 면적·좌석·점포별 매출이 없어 규모별 적합도와 argmax 규모는 산출하지 않음
BRD_20201275,호두당,3120069,상봉역,7.666666666666667,bc_age_cd_2_share_amt | bc_age_cd_3_share_amt | bc_age_cd_5_share_amt,0.9086605080831409,0.3931870669745958,5221.40766462329,매장 면적·좌석·점포별 매출이 없어 규모별 적합도와 argmax 규모는 산출하지 않음
BRD_20201275,호두당,3120164,내방역,8.666666666666666,bc_age_cd_6_share_amt | bc_age_cd_1_share_amt | bc_age_cd_4_share_amt,0.8489607390300231,0.6293302540415704,1201.4861630216803,매장 면적·좌석·점포별 매출이 없어 규모별 적합도와 argmax 규모는 산출하지 않음
BRD_20201275,호두당,3120175,남부터미널역,10.0,bc_age_cd_6_share_amt | bc_age_cd_1_share_amt | bc_age_cd_4_share_amt,0.8390300230946882,0.4821016166281755,1199.8966622604814,매장 면적·좌석·점포별 매출이 없어 규모별 적합도와 argmax 규모는 산출하지 않음
BRD_20201275,호두당,3110943,법제교육센터(버들어린이공원),13.0,bc_age_cd_6_share_amt | bc_age_cd_1_share_amt | bc_age_cd_4_share_amt,0.812471131639723,0.6466512702078522,4010.246127152995,매장 면적·좌석·점포별 매출이 없어 규모별 적합도와 argmax 규모는 산출하지 않음
BRD_20201275,호두당,3120179,양재역,14.0,bc_age_cd_6_share_amt | bc_age_cd_1_share_amt | bc_age_cd_4_share_amt,0.8101616628175519,0.46709006928406466,2519.6587070886517,매장 면적·좌석·점포별 매출이 없어 규모별 적합도와 argmax 규모는 산출하지 않음
BRD_20201275,호두당,3120068,사가정역,14.0,bc_age_cd_2_share_amt | bc_age_cd_3_share_amt | bc_age_cd_5_share_amt,0.8467667436489608,0.7713625866050808,5161.577472075663,매장 면적·좌석·점포별 매출이 없어 규모별 적합도와 argmax 규모는 산출하지 않음
BRD_20201275,호두당,3110627,신정롯데캐슬아파트,20.0,bc_age_cd_1_share_amt | bc_age_cd_4_share_amt | bc_corporate_share_amt,0.7125866050808314,0.640877598152425,4738.398991215138,매장 면적·좌석·점포별 매출이 없어 규모별 적합도와 argmax 규모는 산출하지 않음
BRD_20201275,호두당,3120061,올림픽대교북단,20.666666666666668,bc_foreign_share_amt | bc_corporate_share_amt | bc_age_cd_6_share_amt,0.8699769053117784,0.40011547344110854,5882.259599829758,매장 면적·좌석·점포별 매출이 없어 규모별 적합도와 argmax 규모는 산출하지 않음
BRD_20201275,호두당,3130170,제일시장,24.333333333333332,bc_corporate_share_amt | bc_age_cd_3_share_amt | bc_age_cd_2_share_amt,0.8967667436489607,0.7095842956120093,9280.600842592878,매장 면적·좌석·점포별 매출이 없어 규모별 적합도와 argmax 규모는 산출하지 않음
BRD_20201275,호두당,3130206,신정3동 골목시장,24.666666666666668,bc_age_cd_1_share_amt | bc_age_cd_4_share_amt | bc_corporate_share_amt,0.6855658198614318,0.7084295612009238,5677.076184096192,매장 면적·좌석·점포별 매출이 없어 규모별 적합도와 argmax 규모는 산출하지 않음
BRD_20201275,호두당,3120210,선릉역,25.333333333333332,bc_age_cd_6_share_amt | bc_age_cd_1_share_amt | bc_age_cd_4_share_amt,0.9580831408775982,0.5617782909930716,2945.701953720037,매장 면적·좌석·점포별 매출이 없어 규모별 적합도와 argmax 규모는 산출하지 않음
BRD_20201275,호두당,3110319,종암동주민센터,26.666666666666668,bc_corporate_share_amt | bc_age_cd_5_share_amt | bc_foreign_share_amt,0.7633949191685913,0.38510392609699773,1539.2166838945334,매장 면적·좌석·점포별 매출이 없어 규모별 적합도와 argmax 규모는 산출하지 않음
BRD_20201275,호두당,3110601,신월1동우편취급국,27.0,bc_age_cd_1_share_amt | bc_age_cd_4_share_amt | bc_corporate_share_amt,0.6785219399538106,0.048498845265588904,7459.340453422135,매장 면적·좌석·점포별 매출이 없어 규모별 적합도와 argmax 규모는 산출하지 않음
BRD_20211367,삼송빵집,3120165,서래마을카페거리(서래마을),1.6666666666666667,bc_age_cd_6_share_amt | bc_age_cd_4_share_amt | bc_age_cd_1_share_amt,0.9718244803695151,0.5814087759815242,4747.001685280006,매장 면적·좌석·점포별 매출이 없어 규모별 적합도와 argmax 규모는 산출하지 않음
BRD_20211367,삼송빵집,3120114,목동신시가지,2.3333333333333335,bc_age_cd_4_share_amt | bc_age_cd_1_share_amt | bc_corporate_share_amt,0.885565819861432,0.21939953810623555,3327.6034919969156,매장 면적·좌석·점포별 매출이 없어 규모별 적합도와 argmax 규모는 산출하지 않음
BRD_20211367,삼송빵집,3120189,강남역,3.3333333333333335,bc_age_cd_6_share_amt | bc_age_cd_4_share_amt | bc_age_cd_1_share_amt,0.9191685912240184,0.5513856812933026,2123.63673918711,매장 면적·좌석·점포별 매출이 없어 규모별 적합도와 argmax 규모는 산출하지 않음
BRD_20211367,삼송빵집,3120166,방배역,4.333333333333333,bc_age_cd_6_share_amt | bc_age_cd_4_share_amt | bc_age_cd_1_share_amt,0.9176674364896074,0.2673210161662818,5150.52278901198,매장 면적·좌석·점포별 매출이 없어 규모별 적합도와 argmax 규모는 산출하지 않음
BRD_20211367,삼송빵집,3120173,교대역(법원.검찰청),6.333333333333333,bc_age_cd_6_share_amt | bc_age_cd_4_share_amt | bc_age_cd_1_share_amt,0.8990762124711317,0.6726327944572748,3305.1869841291063,매장 면적·좌석·점포별 매출이 없어 규모별 적합도와 argmax 규모는 산출하지 않음
BRD_20211367,삼송빵집,3120110,목동역 8번출구,6.666666666666667,bc_age_cd_4_share_amt | bc_age_cd_1_share_amt | bc_corporate_share_amt,0.8209006928406467,0.7655889145496535,4231.030252785605,매장 면적·좌석·점포별 매출이 없어 규모별 적합도와 argmax 규모는 산출하지 않음
BRD_20211367,삼송빵집,3120068,사가정역,7.333333333333333,bc_age_cd_2_share_amt | bc_age_cd_3_share_amt | bc_foreign_share_amt,0.8467667436489608,0.773094688221709,1748.4121367867892,매장 면적·좌석·점포별 매출이 없어 규모별 적합도와 argmax 규모는 산출하지 않음
BRD_20211367,삼송빵집,3120160,사당역(사당),8.666666666666666,bc_age_cd_6_share_amt | bc_age_cd_4_share_amt | bc_age_cd_1_share_amt,0.8801385681293303,0.9197459584295613,6570.182493672942,매장 면적·좌석·점포별 매출이 없어 규모별 적합도와 argmax 규모는 산출하지 않음
BRD_20211367,삼송빵집,3120210,선릉역,11.333333333333334,bc_age_cd_6_share_amt | bc_age_cd_4_share_amt | bc_age_cd_1_share_amt,0.9580831408775982,0.5612009237875288,760.4400041885963,매장 면적·좌석·점포별 매출이 없어 규모별 적합도와 argmax 규모는 산출하지 않음
BRD_20211367,삼송빵집,3120164,내방역,12.0,bc_age_cd_6_share_amt | bc_age_cd_4_share_amt | bc_age_cd_1_share_amt,0.8489607390300231,0.6304849884526559,5256.112346602149,매장 면적·좌석·점포별 매출이 없어 규모별 적합도와 argmax 규모는 산출하지 않음
BRD_20211367,삼송빵집,3120188,압구정역,13.0,bc_age_cd_6_share_amt | bc_age_cd_4_share_amt | bc_age_cd_1_share_amt,0.9404157043879908,0.5323325635103926,3136.502510755413,매장 면적·좌석·점포별 매출이 없어 규모별 적합도와 argmax 규모는 산출하지 않음
BRD_20211367,삼송빵집,3120175,남부터미널역,13.333333333333334,bc_age_cd_6_share_amt | bc_age_cd_4_share_amt | bc_age_cd_1_share_amt,0.8390300230946882,0.4815242494226327,3303.006206487512,매장 면적·좌석·점포별 매출이 없어 규모별 적합도와 argmax 규모는 산출하지 않음
BRD_20211367,삼송빵집,3110943,법제교육센터(버들어린이공원),15.333333333333334,bc_age_cd_6_share_amt | bc_age_cd_4_share_amt | bc_age_cd_1_share_amt,0.812471131639723,0.6466512702078522,2766.902961819307,매장 면적·좌석·점포별 매출이 없어 규모별 적합도와 argmax 규모는 산출하지 않음
BRD_20211367,삼송빵집,3120179,양재역,16.333333333333332,bc_age_cd_6_share_amt | bc_age_cd_4_share_amt | bc_age_cd_1_share_amt,0.8101616628175519,0.4676674364896074,2171.2894786469064,매장 면적·좌석·점포별 매출이 없어 규모별 적합도와 argmax 규모는 산출하지 않음
BRD_20211367,삼송빵집,3120197,역삼역,16.666666666666668,bc_age_cd_6_share_amt | bc_age_cd_4_share_amt | bc_age_cd_1_share_amt,0.9050808314087759,0.6737875288683604,1422.3389188247882,매장 면적·좌석·점포별 매출이 없어 규모별 적합도와 argmax 규모는 산출하지 않음
BRD_20211367,삼송빵집,3120220,대치역,18.333333333333332,bc_age_cd_6_share_amt | bc_age_cd_4_share_amt | bc_age_cd_1_share_amt,0.8922632794457275,0.2881062355658198,1023.8344592797057,매장 면적·좌석·점포별 매출이 없어 규모별 적합도와 argmax 규모는 산출하지 않음
BRD_20211367,삼송빵집,3110627,신정롯데캐슬아파트,20.0,bc_age_cd_4_share_amt | bc_age_cd_1_share_amt | bc_corporate_share_amt,0.7125866050808314,0.640877598152425,3043.728141606188,매장 면적·좌석·점포별 매출이 없어 규모별 적합도와 argmax 규모는 산출하지 않음
BRD_20211367,삼송빵집,3120118,마곡역(마곡),23.333333333333332,bc_age_cd_4_share_amt | bc_corporate_share_amt | bc_age_cd_6_share_amt,0.9669745958429561,0.6327944572748267,855.9585270585195,매장 면적·좌석·점포별 매출이 없어 규모별 적합도와 argmax 규모는 산출하지 않음
BRD_20211367,삼송빵집,3130206,신정3동 골목시장,24.0,bc_age_cd_4_share_amt | bc_age_cd_1_share_amt | bc_corporate_share_amt,0.6855658198614318,0.7090069284064665,4740.691194336969,매장 면적·좌석·점포별 매출이 없어 규모별 적합도와 argmax 규모는 산출하지 않음
BRD_20211367,삼송빵집,3110601,신월1동우편취급국,25.0,bc_age_cd_4_share_amt | bc_age_cd_1_share_amt | bc_corporate_share_amt,0.6785219399538106,0.048498845265588904,3463.0023101511056,매장 면적·좌석·점포별 매출이 없어 규모별 적합도와 argmax 규모는 산출하지 않음
BRD_20212010,복호두,3120165,서래마을카페거리(서래마을),1.0,bc_age_cd_1_share_amt | bc_age_cd_3_share_amt | bc_corporate_share_amt,0.9718244803695151,0.5825635103926097,2635.2922038739644,매장 면적·좌석·점포별 매출이 없어 규모별 적합도와 argmax 규모는 산출하지 않음
BRD_20212010,복호두,3120166,방배역,2.3333333333333335,bc_age_cd_1_share_amt | bc_age_cd_3_share_amt | bc_corporate_share_amt,0.9176674364896074,0.2684757505773672,1588.8955283185733,매장 면적·좌석·점포별 매출이 없어 규모별 적합도와 argmax 규모는 산출하지 않음
BRD_20212010,복호두,3120173,교대역(법원.검찰청),3.3333333333333335,bc_age_cd_1_share_amt | bc_age_cd_3_share_amt | bc_corporate_share_amt,0.8990762124711317,0.674364896073903,1191.1813463654426,매장 면적·좌석·점포별 매출이 없어 규모별 적합도와 argmax 규모는 산출하지 않음
BRD_20212010,복호두,3120007,북촌(안국역),4.666666666666667,bc_age_cd_6_share_amt | bc_foreign_share_amt | bc_corporate_share_amt,0.9692840646651271,0.8672055427251733,1056.0819096736423,매장 면적·좌석·점포별 매출이 없어 규모별 적합도와 argmax 규모는 산출하지 않음
BRD_20212010,복호두,3120164,내방역,5.666666666666667,bc_age_cd_1_share_amt | bc_age_cd_3_share_amt | bc_corporate_share_amt,0.8489607390300231,0.6299076212471131,1822.647799188923,매장 면적·좌석·점포별 매출이 없어 규모별 적합도와 argmax 규모는 산출하지 않음
BRD_20212010,복호두,3120008,인사동,6.666666666666667,bc_age_cd_6_share_amt | bc_foreign_share_amt | bc_corporate_share_amt,0.9304849884526558,0.964203233256351,578.6898996571196,매장 면적·좌석·점포별 매출이 없어 규모별 적합도와 argmax 규모는 산출하지 않음
BRD_20212010,복호두,3120175,남부터미널역,7.333333333333333,bc_age_cd_1_share_amt | bc_age_cd_3_share_amt | bc_corporate_share_amt,0.8390300230946882,0.4826789838337182,1521.3474290882043,매장 면적·좌석·점포별 매출이 없어 규모별 적합도와 argmax 규모는 산출하지 않음
BRD_20212010,복호두,3110943,법제교육센터(버들어린이공원),9.333333333333334,bc_age_cd_1_share_amt | bc_age_cd_3_share_amt | bc_corporate_share_amt,0.812471131639723,0.6489607390300232,2699.782398652221,매장 면적·좌석·점포별 매출이 없어 규모별 적합도와 argmax 규모는 산출하지 않음
BRD_20212010,복호두,3120179,양재역,10.333333333333334,bc_age_cd_1_share_amt | bc_age_cd_3_share_amt | bc_corporate_share_amt,0.8101616628175519,0.4688221709006928,1435.0003484667436,매장 면적·좌석·점포별 매출이 없어 규모별 적합도와 argmax 규모는 산출하지 않음
BRD_20212010,복호두,3120249,고덕역,11.666666666666666,bc_age_cd_4_share_amt | bc_age_cd_2_share_amt | bc_age_cd_3_share_amt,0.9460739030023095,0.5381062355658198,1264.0510274331943,매장 면적·좌석·점포별 매출이 없어 규모별 적합도와 argmax 규모는 산출하지 않음
BRD_20212010,복호두,3120110,목동역 8번출구,12.666666666666666,bc_age_cd_1_share_amt | bc_age_cd_5_share_amt | bc_corporate_share_amt,0.8209006928406467,0.766743648960739,2206.820563659353,매장 면적·좌석·점포별 매출이 없어 규모별 적합도와 argmax 규모는 산출하지 않음
BRD_20212010,복호두,3120005,삼청동,15.0,bc_age_cd_6_share_amt | bc_foreign_share_amt | bc_corporate_share_amt,0.8296766743648961,0.4590069284064665,1056.6683490924088,매장 면적·좌석·점포별 매출이 없어 규모별 적합도와 argmax 규모는 산출하지 않음
BRD_20212010,복호두,3120009,종로3가역,16.333333333333332,bc_age_cd_6_share_amt | bc_foreign_share_amt | bc_corporate_share_amt,0.8273672055427251,0.4549653579676674,883.4760890729258,매장 면적·좌석·점포별 매출이 없어 규모별 적합도와 argmax 규모는 산출하지 않음
BRD_20212010,복호두,3120210,선릉역,17.0,bc_age_cd_1_share_amt | bc_age_cd_6_share_amt | bc_age_cd_4_share_amt,0.9580831408775982,0.5635103926096998,870.7881487237248,매장 면적·좌석·점포별 매출이 없어 규모별 적합도와 argmax 규모는 산출하지 않음
BRD_20212010,복호두,3120245,둔촌역,17.0,bc_age_cd_4_share_amt | bc_age_cd_2_share_amt | bc_age_cd_3_share_amt,0.89364896073903,0.7863741339491916,1218.5667811402361,매장 면적·좌석·점포별 매출이 없어 규모별 적합도와 argmax 규모는 산출하지 않음
BRD_20212010,복호두,3120068,사가정역,18.666666666666668,bc_age_cd_2_share_amt | bc_age_cd_5_share_amt | bc_foreign_share_amt,0.8467667436489608,0.7742494226327945,1487.6306665477487,매장 면적·좌석·점포별 매출이 없어 규모별 적합도와 argmax 규모는 산출하지 않음
BRD_20212010,복호두,3120188,압구정역,19.333333333333332,bc_age_cd_1_share_amt | bc_age_cd_6_share_amt | bc_age_cd_4_share_amt,0.9404157043879908,0.5346420323325635,1805.3523201613307,매장 면적·좌석·점포별 매출이 없어 규모별 적합도와 argmax 규모는 산출하지 않음
BRD_20212010,복호두,3001496,강남 마이스 관광특구,22.333333333333332,bc_age_cd_1_share_amt | bc_age_cd_6_share_amt | bc_age_cd_4_share_amt,0.9066974595842956,0.45727482678983833,1653.24559578117,매장 면적·좌석·점포별 매출이 없어 규모별 적합도와 argmax 규모는 산출하지 않음
BRD_20212010,복호두,3120171,서초3동사거리,22.666666666666668,bc_age_cd_1_share_amt | bc_age_cd_3_share_amt | bc_corporate_share_amt,0.6878752886836027,0.4924942263279446,2083.122656005675,매장 면적·좌석·점포별 매출이 없어 규모별 적합도와 argmax 규모는 산출하지 않음
BRD_20212010,복호두,3120197,역삼역,23.333333333333332,bc_age_cd_1_share_amt | bc_age_cd_6_share_amt | bc_age_cd_4_share_amt,0.9050808314087759,0.6749422632794457,843.8009244088196,매장 면적·좌석·점포별 매출이 없어 규모별 적합도와 argmax 규모는 산출하지 않음
BRD_20220253,곤트란쉐리에(Gontran Cherrier),3120165,서래마을카페거리(서래마을),1.0,bc_corporate_share_amt | bc_age_cd_1_share_amt | bc_foreign_share_amt,0.9718244803695151,0.581986143187067,1490.2030062984322,매장 면적·좌석·점포별 매출이 없어 규모별 적합도와 argmax 규모는 산출하지 않음
BRD_20220253,곤트란쉐리에(Gontran Cherrier),3120189,강남역,3.0,bc_corporate_share_amt | bc_age_cd_1_share_amt | bc_foreign_share_amt,0.9191685912240184,0.5519630484988454,868.8365784034527,매장 면적·좌석·점포별 매출이 없어 규모별 적합도와 argmax 규모는 산출하지 않음
BRD_20220253,곤트란쉐리에(Gontran Cherrier),3120166,방배역,4.0,bc_corporate_share_amt | bc_age_cd_1_share_amt | bc_foreign_share_amt,0.9176674364896074,0.2678983833718245,1819.7214072476397,매장 면적·좌석·점포별 매출이 없어 규모별 적합도와 argmax 규모는 산출하지 않음
BRD_20220253,곤트란쉐리에(Gontran Cherrier),3120188,압구정역,6.666666666666667,bc_age_cd_1_share_amt | bc_age_cd_4_share_amt | bc_age_cd_6_share_amt,0.9404157043879908,0.5323325635103926,791.0935469567722,매장 면적·좌석·점포별 매출이 없어 규모별 적합도와 argmax 규모는 산출하지 않음
BRD_20220253,곤트란쉐리에(Gontran Cherrier),3120160,사당역(사당),6.666666666666667,bc_corporate_share_amt | bc_age_cd_1_share_amt | bc_foreign_share_amt,0.8801385681293303,0.920323325635104,3195.7667311553273,매장 면적·좌석·점포별 매출이 없어 규모별 적합도와 argmax 규모는 산출하지 않음
BRD_20220253,곤트란쉐리에(Gontran Cherrier),3120118,마곡역(마곡),7.666666666666667,bc_age_cd_6_share_amt | bc_age_cd_4_share_amt | bc_corporate_share_amt,0.9669745958429561,0.6327944572748267,13402.33505774193,매장 면적·좌석·점포별 매출이 없어 규모별 적합도와 argmax 규모는 산출하지 않음
BRD_20220253,곤트란쉐리에(Gontran Cherrier),3001496,강남 마이스 관광특구,8.666666666666666,bc_age_cd_1_share_amt | bc_age_cd_4_share_amt | bc_age_cd_6_share_amt,0.9066974595842956,0.45669745958429564,1418.1258758899294,매장 면적·좌석·점포별 매출이 없어 규모별 적합도와 argmax 규모는 산출하지 않음
BRD_20220253,곤트란쉐리에(Gontran Cherrier),3120164,내방역,9.666666666666666,bc_corporate_share_amt | bc_age_cd_1_share_amt | bc_foreign_share_amt,0.8489607390300231,0.6287528868360277,1800.8536864336659,매장 면적·좌석·점포별 매출이 없어 규모별 적합도와 argmax 규모는 산출하지 않음
BRD_20220253,곤트란쉐리에(Gontran Cherrier),3120197,역삼역,10.0,bc_age_cd_1_share_amt | bc_age_cd_4_share_amt | bc_age_cd_6_share_amt,0.9050808314087759,0.6726327944572749,970.7399239562154,매장 면적·좌석·점포별 매출이 없어 규모별 적합도와 argmax 규모는 산출하지 않음
BRD_20220253,곤트란쉐리에(Gontran Cherrier),3120175,남부터미널역,11.666666666666666,bc_corporate_share_amt | bc_age_cd_1_share_amt | bc_foreign_share_amt,0.8390300230946882,0.4826789838337182,842.0077197141321,매장 면적·좌석·점포별 매출이 없어 규모별 적합도와 argmax 규모는 산출하지 않음
BRD_20220253,곤트란쉐리에(Gontran Cherrier),3120220,대치역,12.0,bc_age_cd_1_share_amt | bc_age_cd_4_share_amt | bc_age_cd_6_share_amt,0.8922632794457275,0.2881062355658198,1044.2763044173516,매장 면적·좌석·점포별 매출이 없어 규모별 적합도와 argmax 규모는 산출하지 않음
BRD_20220253,곤트란쉐리에(Gontran Cherrier),3120119,발산역(마곡),12.0,bc_age_cd_6_share_amt | bc_age_cd_4_share_amt | bc_corporate_share_amt,0.9505773672055428,0.7782909930715936,12669.360086443505,매장 면적·좌석·점포별 매출이 없어 규모별 적합도와 argmax 규모는 산출하지 않음
BRD_20220253,곤트란쉐리에(Gontran Cherrier),3001495,잠실 관광특구,13.666666666666666,bc_corporate_share_amt | bc_age_cd_3_share_amt | bc_age_cd_4_share_amt,0.9944572748267899,0.08198614318706698,2560.7657058002615,매장 면적·좌석·점포별 매출이 없어 규모별 적합도와 argmax 규모는 산출하지 않음
BRD_20220253,곤트란쉐리에(Gontran Cherrier),3110943,법제교육센터(버들어린이공원),14.333333333333334,bc_corporate_share_amt | bc_age_cd_1_share_amt | bc_foreign_share_amt,0.812471131639723,0.6466512702078522,2292.031413415874,매장 면적·좌석·점포별 매출이 없어 규모별 적합도와 argmax 규모는 산출하지 않음
BRD_20220253,곤트란쉐리에(Gontran Cherrier),3120227,잠실역,14.666666666666666,bc_corporate_share_amt | bc_age_cd_3_share_amt | bc_age_cd_4_share_amt,0.9931870669745958,0.7488452655889146,1366.8829503612571,매장 면적·좌석·점포별 매출이 없어 규모별 적합도와 argmax 규모는 산출하지 않음
BRD_20220253,곤트란쉐리에(Gontran Cherrier),3120179,양재역,15.333333333333334,bc_corporate_share_amt | bc_age_cd_1_share_amt | bc_foreign_share_amt,0.8101616628175519,0.46709006928406466,805.3881052212328,매장 면적·좌석·점포별 매출이 없어 규모별 적합도와 argmax 규모는 산출하지 않음
BRD_20220253,곤트란쉐리에(Gontran Cherrier),3120222,삼성역,18.0,bc_age_cd_1_share_amt | bc_age_cd_4_share_amt | bc_age_cd_6_share_amt,0.833718244803695,0.33775981524249427,1542.4568064799755,매장 면적·좌석·점포별 매출이 없어 규모별 적합도와 argmax 규모는 산출하지 않음
BRD_20220253,곤트란쉐리에(Gontran Cherrier),3120219,은마아파트,19.0,bc_age_cd_1_share_amt | bc_age_cd_4_share_amt | bc_age_cd_6_share_amt,0.8327944572748268,0.25635103926096997,1287.0656548619538,매장 면적·좌석·점포별 매출이 없어 규모별 적합도와 argmax 규모는 산출하지 않음
BRD_20220253,곤트란쉐리에(Gontran Cherrier),3120218,코엑스,20.0,bc_age_cd_1_share_amt | bc_age_cd_4_share_amt | bc_age_cd_6_share_amt,0.8325635103926097,0.7015011547344111,1453.831145583138,매장 면적·좌석·점포별 매출이 없어 규모별 적합도와 argmax 규모는 산출하지 않음
BRD_20220253,곤트란쉐리에(Gontran Cherrier),3120120,화곡역,20.0,bc_age_cd_6_share_amt | bc_age_cd_4_share_amt | bc_corporate_share_amt,0.8866050808314089,0.8175519630484989,11826.31726278543,매장 면적·좌석·점포별 매출이 없어 규모별 적합도와 argmax 규모는 산출하지 않음
BRD_20230468,소림사,3120165,서래마을카페거리(서래마을),1.0,bc_age_cd_6_share_amt | bc_age_cd_4_share_amt | bc_female_share_amt,0.9718244803695151,0.5814087759815242,4308.540936317609,매장 면적·좌석·점포별 매출이 없어 규모별 적합도와 argmax 규모는 산출하지 않음
BRD_20230468,소림사,3120189,강남역,2.0,bc_age_cd_6_share_amt | bc_age_cd_4_share_amt | bc_female_share_amt,0.9191685912240184,0.5531177829099307,6454.102958563836,매장 면적·좌석·점포별 매출이 없어 규모별 적합도와 argmax 규모는 산출하지 않음
BRD_20230468,소림사,3120166,방배역,3.0,bc_age_cd_6_share_amt | bc_age_cd_4_share_amt | bc_female_share_amt,0.9176674364896074,0.2684757505773672,5713.48833901069,매장 면적·좌석·점포별 매출이 없어 규모별 적합도와 argmax 규모는 산출하지 않음
BRD_20230468,소림사,3120173,교대역(법원.검찰청),4.0,bc_age_cd_6_share_amt | bc_age_cd_4_share_amt | bc_female_share_amt,0.8990762124711317,0.674364896073903,5734.643580889954,매장 면적·좌석·점포별 매출이 없어 규모별 적합도와 argmax 규모는 산출하지 않음
BRD_20230468,소림사,3120160,사당역(사당),5.666666666666667,bc_age_cd_6_share_amt | bc_age_cd_4_share_amt | bc_female_share_amt,0.8801385681293303,0.920323325635104,4756.525307375093,매장 면적·좌석·점포별 매출이 없어 규모별 적합도와 argmax 규모는 산출하지 않음
BRD_20230468,소림사,3120164,내방역,8.0,bc_age_cd_6_share_amt | bc_age_cd_4_share_amt | bc_female_share_amt,0.8489607390300231,0.6299076212471131,4928.178669650831,매장 면적·좌석·점포별 매출이 없어 규모별 적합도와 argmax 규모는 산출하지 않음
BRD_20230468,소림사,3120061,올림픽대교북단,9.666666666666666,bc_foreign_share_amt | bc_age_cd_3_share_amt | bc_corporate_share_amt,0.8699769053117784,0.4018475750577367,2193.1206076954645,매장 면적·좌석·점포별 매출이 없어 규모별 적합도와 argmax 규모는 산출하지 않음
BRD_20230468,소림사,3120175,남부터미널역,9.666666666666666,bc_age_cd_6_share_amt | bc_age_cd_4_share_amt | bc_female_share_amt,0.8390300230946882,0.4826789838337182,6581.985718600751,매장 면적·좌석·점포별 매출이 없어 규모별 적합도와 argmax 규모는 산출하지 않음
BRD_20230468,소림사,3120156,"총신대입구역(이수, 총신대)",10.666666666666666,bc_age_cd_3_share_amt | bc_foreign_share_amt | bc_age_cd_6_share_amt,0.8872979214780601,0.46420323325635104,4684.359081036217,매장 면적·좌석·점포별 매출이 없어 규모별 적합도와 argmax 규모는 산출하지 않음
BRD_20230468,소림사,3110943,법제교육센터(버들어린이공원),11.666666666666666,bc_age_cd_6_share_amt | bc_age_cd_4_share_amt | bc_female_share_amt,0.812471131639723,0.6495381062355658,8515.914748307383,매장 면적·좌석·점포별 매출이 없어 규모별 적합도와 argmax 규모는 산출하지 않음
BRD_20230468,소림사,3120069,상봉역,12.0,bc_corporate_share_amt | bc_age_cd_5_share_amt | bc_age_cd_2_share_amt,0.9086605080831409,0.3937644341801385,5607.677772457989,매장 면적·좌석·점포별 매출이 없어 규모별 적합도와 argmax 규모는 산출하지 않음
BRD_20230468,소림사,3120179,양재역,13.0,bc_age_cd_6_share_amt | bc_age_cd_4_share_amt | bc_female_share_amt,0.8101616628175519,0.4693995381062356,7708.6242611615335,매장 면적·좌석·점포별 매출이 없어 규모별 적합도와 argmax 규모는 산출하지 않음
BRD_20230468,소림사,3120006,종각역,14.666666666666666,bc_corporate_share_amt | bc_foreign_share_amt | bc_age_cd_4_share_amt,0.9732101616628176,0.8285219399538106,817.883243487563,매장 면적·좌석·점포별 매출이 없어 규모별 적합도와 argmax 규모는 산출하지 않음
BRD_20230468,소림사,3120055,군자역,16.0,bc_foreign_share_amt | bc_age_cd_3_share_amt | bc_corporate_share_amt,0.8148960739030023,0.8100461893764435,1246.4625946745718,매장 면적·좌석·점포별 매출이 없어 규모별 적합도와 argmax 규모는 산출하지 않음
BRD_20230468,소림사,3120007,북촌(안국역),16.0,bc_corporate_share_amt | bc_foreign_share_amt | bc_age_cd_4_share_amt,0.9692840646651271,0.8654734411085451,751.1757450478785,매장 면적·좌석·점포별 매출이 없어 규모별 적합도와 argmax 규모는 산출하지 않음
BRD_20230468,소림사,3120053,건대입구역(건대),17.0,bc_foreign_share_amt | bc_age_cd_3_share_amt | bc_corporate_share_amt,0.8086605080831409,0.8596997690531178,802.3746008217618,매장 면적·좌석·점포별 매출이 없어 규모별 적합도와 argmax 규모는 산출하지 않음
BRD_20230468,소림사,3120152,신대방삼거리역,18.0,bc_age_cd_3_share_amt | bc_foreign_share_amt | bc_age_cd_6_share_amt,0.8353348729792147,0.4797921478060046,1796.6371364095767,매장 면적·좌석·점포별 매출이 없어 규모별 적합도와 argmax 규모는 산출하지 않음
BRD_20230468,소림사,3120008,인사동,20.0,bc_corporate_share_amt | bc_foreign_share_amt | bc_age_cd_4_share_amt,0.9304849884526558,0.9624711316397228,550.6142024775612,매장 면적·좌석·점포별 매출이 없어 규모별 적합도와 argmax 규모는 산출하지 않음
BRD_20230468,소림사,3120125,구로역,21.0,bc_corporate_share_amt | bc_age_cd_1_share_amt | bc_age_cd_2_share_amt,0.8808314087759815,0.10046189376443419,2763.830855890081,매장 면적·좌석·점포별 매출이 없어 규모별 적합도와 argmax 규모는 산출하지 않음
BRD_20230468,소림사,3120068,사가정역,21.0,bc_corporate_share_amt | bc_age_cd_5_share_amt | bc_age_cd_2_share_amt,0.8467667436489608,0.773094688221709,3995.9592089733114,매장 면적·좌석·점포별 매출이 없어 규모별 적합도와 argmax 규모는 산출하지 않음
BRD_20240478,화이트리에,3120165,서래마을카페거리(서래마을),1.0,bc_age_cd_1_share_amt | bc_corporate_share_amt | bc_age_cd_3_share_amt,0.9718244803695151,0.5814087759815242,1369.634257778366,매장 면적·좌석·점포별 매출이 없어 규모별 적합도와 argmax 규모는 산출하지 않음
BRD_20240478,화이트리에,3120189,강남역,2.0,bc_age_cd_1_share_amt | bc_corporate_share_amt | bc_age_cd_3_share_amt,0.9191685912240184,0.5513856812933026,2060.9924793558916,매장 면적·좌석·점포별 매출이 없어 규모별 적합도와 argmax 규모는 산출하지 않음
BRD_20240478,화이트리에,3120166,방배역,3.0,bc_age_cd_1_share_amt | bc_corporate_share_amt | bc_age_cd_3_share_amt,0.9176674364896074,0.2673210161662818,3023.7701632485446,매장 면적·좌석·점포별 매출이 없어 규모별 적합도와 argmax 규모는 산출하지 않음
BRD_20240478,화이트리에,3120173,교대역(법원.검찰청),4.333333333333333,bc_age_cd_1_share_amt | bc_corporate_share_amt | bc_age_cd_3_share_amt,0.8990762124711317,0.6726327944572748,1643.125071329164,매장 면적·좌석·점포별 매출이 없어 규모별 적합도와 argmax 규모는 산출하지 않음
BRD_20240478,화이트리에,3120160,사당역(사당),5.666666666666667,bc_age_cd_1_share_amt | bc_corporate_share_amt | bc_age_cd_3_share_amt,0.8801385681293303,0.9197459584295613,4044.8714442156556,매장 면적·좌석·점포별 매출이 없어 규모별 적합도와 argmax 규모는 산출하지 않음
BRD_20240478,화이트리에,3120249,고덕역,6.666666666666667,bc_age_cd_4_share_amt | bc_age_cd_3_share_amt | bc_corporate_share_amt,0.9460739030023095,0.5369515011547344,7564.868604272658,매장 면적·좌석·점포별 매출이 없어 규모별 적합도와 argmax 규모는 산출하지 않음
BRD_20240478,화이트리에,3120164,내방역,9.333333333333334,bc_age_cd_1_share_amt | bc_corporate_share_amt | bc_age_cd_3_share_amt,0.8489607390300231,0.6293302540415704,2496.348132801118,매장 면적·좌석·점포별 매출이 없어 규모별 적합도와 argmax 규모는 산출하지 않음
BRD_20240478,화이트리에,3120175,남부터미널역,10.333333333333334,bc_age_cd_1_share_amt | bc_corporate_share_amt | bc_age_cd_3_share_amt,0.8390300230946882,0.4815242494226327,2640.1736685401756,매장 면적·좌석·점포별 매출이 없어 규모별 적합도와 argmax 규모는 산출하지 않음
BRD_20240478,화이트리에,3120245,둔촌역,11.333333333333334,bc_age_cd_4_share_amt | bc_age_cd_3_share_amt | bc_corporate_share_amt,0.89364896073903,0.785796766743649,4522.716550924494,매장 면적·좌석·점포별 매출이 없어 규모별 적합도와 argmax 규모는 산출하지 않음
BRD_20240478,화이트리에,3110943,법제교육센터(버들어린이공원),12.666666666666666,bc_age_cd_1_share_amt | bc_corporate_share_amt | bc_age_cd_3_share_amt,0.812471131639723,0.6466512702078522,3160.525431006278,매장 면적·좌석·점포별 매출이 없어 규모별 적합도와 argmax 규모는 산출하지 않음
BRD_20240478,화이트리에,3120179,양재역,13.666666666666666,bc_age_cd_1_share_amt | bc_corporate_share_amt | bc_age_cd_3_share_amt,0.8101616628175519,0.4665127020785219,2965.116017954099,매장 면적·좌석·점포별 매출이 없어 규모별 적합도와 argmax 규모는 산출하지 않음
BRD_20240478,화이트리에,3120210,선릉역,13.666666666666666,bc_age_cd_1_share_amt | bc_corporate_share_amt | bc_age_cd_6_share_amt,0.9580831408775982,0.5623556581986143,1292.4225314936998,매장 면적·좌석·점포별 매출이 없어 규모별 적합도와 argmax 규모는 산출하지 않음
BRD_20240478,화이트리에,3120069,상봉역,14.0,bc_foreign_share_amt | bc_age_cd_2_share_amt | bc_age_cd_5_share_amt,0.9086605080831409,0.3920323325635104,2222.724679294381,매장 면적·좌석·점포별 매출이 없어 규모별 적합도와 argmax 규모는 산출하지 않음
BRD_20240478,화이트리에,3120188,압구정역,16.666666666666668,bc_age_cd_1_share_amt | bc_corporate_share_amt | bc_age_cd_6_share_amt,0.9404157043879908,0.5323325635103926,2664.8470875161825,매장 면적·좌석·점포별 매출이 없어 규모별 적합도와 argmax 규모는 산출하지 않음
BRD_20240478,화이트리에,3120110,목동역 8번출구,17.0,bc_age_cd_1_share_amt | bc_age_cd_2_share_amt | bc_age_cd_5_share_amt,0.8209006928406467,0.7650115473441108,1959.256236430172,매장 면적·좌석·점포별 매출이 없어 규모별 적합도와 argmax 규모는 산출하지 않음
BRD_20240478,화이트리에,3120246,길동역,18.666666666666668,bc_age_cd_4_share_amt | bc_age_cd_3_share_amt | bc_corporate_share_amt,0.8409930715935335,0.575635103926097,5283.702584359192,매장 면적·좌석·점포별 매출이 없어 규모별 적합도와 argmax 규모는 산출하지 않음
BRD_20240478,화이트리에,3120248,명일역,20.333333333333332,bc_age_cd_4_share_amt | bc_age_cd_3_share_amt | bc_corporate_share_amt,0.8340646651270208,0.7442263279445728,6684.195164707864,매장 면적·좌석·점포별 매출이 없어 규모별 적합도와 argmax 규모는 산출하지 않음
BRD_20240478,화이트리에,3120118,마곡역(마곡),22.0,bc_corporate_share_amt | bc_age_cd_6_share_amt | bc_age_cd_4_share_amt,0.9669745958429561,0.6327944572748267,1556.8840676203906,매장 면적·좌석·점포별 매출이 없어 규모별 적합도와 argmax 규모는 산출하지 않음
BRD_20240478,화이트리에,3001496,강남 마이스 관광특구,22.333333333333332,bc_age_cd_1_share_amt | bc_corporate_share_amt | bc_age_cd_6_share_amt,0.9066974595842956,0.45727482678983833,1356.3100677699667,매장 면적·좌석·점포별 매출이 없어 규모별 적합도와 argmax 규모는 산출하지 않음
BRD_20240478,화이트리에,3120197,역삼역,23.333333333333332,bc_age_cd_1_share_amt | bc_corporate_share_amt | bc_age_cd_6_share_amt,0.9050808314087759,0.6726327944572749,2323.9761186092646,매장 면적·좌석·점포별 매출이 없어 규모별 적합도와 argmax 규모는 산출하지 않음
BRD_20240723,올드몬트베이글,3120165,서래마을카페거리(서래마을),1.0,bc_age_cd_6_share_amt | bc_foreign_share_amt | bc_age_cd_4_share_amt,0.9718244803695151,0.5814087759815242,9531.402677491673,매장 면적·좌석·점포별 매출이 없어 규모별 적합도와 argmax 규모는 산출하지 않음
BRD_20240723,올드몬트베이글,3120189,강남역,2.0,bc_age_cd_6_share_amt | bc_foreign_share_amt | bc_age_cd_4_share_amt,0.9191685912240184,0.5519630484988454,6910.276767276635,매장 면적·좌석·점포별 매출이 없어 규모별 적합도와 argmax 규모는 산출하지 않음
BRD_20240723,올드몬트베이글,3120166,방배역,3.0,bc_age_cd_6_share_amt | bc_foreign_share_amt | bc_age_cd_4_share_amt,0.9176674364896074,0.2673210161662818,9814.504419509225,매장 면적·좌석·점포별 매출이 없어 규모별 적합도와 argmax 규모는 산출하지 않음
BRD_20240723,올드몬트베이글,3120173,교대역(법원.검찰청),4.0,bc_age_cd_6_share_amt | bc_foreign_share_amt | bc_age_cd_4_share_amt,0.8990762124711317,0.6732101616628176,8082.283402630576,매장 면적·좌석·점포별 매출이 없어 규모별 적합도와 argmax 규모는 산출하지 않음
BRD_20240723,올드몬트베이글,3120160,사당역(사당),5.333333333333333,bc_age_cd_6_share_amt | bc_foreign_share_amt | bc_age_cd_4_share_amt,0.8801385681293303,0.9197459584295613,11225.776142461233,매장 면적·좌석·점포별 매출이 없어 규모별 적합도와 argmax 규모는 산출하지 않음
BRD_20240723,올드몬트베이글,3120114,목동신시가지,8.333333333333334,bc_age_cd_5_share_amt | bc_age_cd_4_share_amt | bc_age_cd_1_share_amt,0.885565819861432,0.2199769053117783,20319.149686961428,매장 면적·좌석·점포별 매출이 없어 규모별 적합도와 argmax 규모는 산출하지 않음
BRD_20240723,올드몬트베이글,3120164,내방역,8.666666666666666,bc_age_cd_6_share_amt | bc_foreign_share_amt | bc_age_cd_4_share_amt,0.8489607390300231,0.6293302540415704,10009.359270230836,매장 면적·좌석·점포별 매출이 없어 규모별 적합도와 argmax 규모는 산출하지 않음
BRD_20240723,올드몬트베이글,3120175,남부터미널역,10.0,bc_age_cd_6_share_amt | bc_foreign_share_amt | bc_age_cd_4_share_amt,0.8390300230946882,0.4821016166281755,7931.170027206434,매장 면적·좌석·점포별 매출이 없어 규모별 적합도와 argmax 규모는 산출하지 않음
BRD_20240723,올드몬트베이글,3110943,법제교육센터(버들어린이공원),12.0,bc_age_cd_6_share_amt | bc_foreign_share_amt | bc_age_cd_4_share_amt,0.812471131639723,0.6466512702078522,6024.33996387797,매장 면적·좌석·점포별 매출이 없어 규모별 적합도와 argmax 규모는 산출하지 않음
BRD_20240723,올드몬트베이글,3120210,선릉역,12.666666666666666,bc_age_cd_6_share_amt | bc_age_cd_4_share_amt | bc_age_cd_1_share_amt,0.9580831408775982,0.5617782909930716,5021.172074350443,매장 면적·좌석·점포별 매출이 없어 규모별 적합도와 argmax 규모는 산출하지 않음
BRD_20240723,올드몬트베이글,3120069,상봉역,13.0,bc_age_cd_2_share_amt | bc_age_cd_5_share_amt | bc_age_cd_3_share_amt,0.9086605080831409,0.3920323325635104,7681.828753615662,매장 면적·좌석·점포별 매출이 없어 규모별 적합도와 argmax 규모는 산출하지 않음
BRD_20240723,올드몬트베이글,3120179,양재역,13.0,bc_age_cd_6_share_amt | bc_foreign_share_amt | bc_age_cd_4_share_amt,0.8101616628175519,0.4665127020785219,6578.118424016715,매장 면적·좌석·점포별 매출이 없어 규모별 적합도와 argmax 규모는 산출하지 않음
BRD_20240723,올드몬트베이글,3120110,목동역 8번출구,15.333333333333334,bc_age_cd_5_share_amt | bc_age_cd_4_share_amt | bc_age_cd_1_share_amt,0.8209006928406467,0.7650115473441108,21526.60033542791,매장 면적·좌석·점포별 매출이 없어 규모별 적합도와 argmax 규모는 산출하지 않음
BRD_20240723,올드몬트베이글,3120188,압구정역,16.0,bc_age_cd_6_share_amt | bc_age_cd_4_share_amt | bc_age_cd_1_share_amt,0.9404157043879908,0.5323325635103926,6811.946124301002,매장 면적·좌석·점포별 매출이 없어 규모별 적합도와 argmax 규모는 산출하지 않음
BRD_20240723,올드몬트베이글,3120246,길동역,16.666666666666668,bc_age_cd_2_share_amt | bc_age_cd_4_share_amt | bc_corporate_share_amt,0.8409930715935335,0.5750577367205543,1256.2487810873629,매장 면적·좌석·점포별 매출이 없어 규모별 적합도와 argmax 규모는 산출하지 않음
BRD_20240723,올드몬트베이글,3120248,명일역,18.0,bc_age_cd_2_share_amt | bc_age_cd_4_share_amt | bc_corporate_share_amt,0.8340646651270208,0.7448036951501156,898.0317366368881,매장 면적·좌석·점포별 매출이 없어 규모별 적합도와 argmax 규모는 산출하지 않음
BRD_20240723,올드몬트베이글,3120118,마곡역(마곡),21.0,bc_corporate_share_amt | bc_age_cd_4_share_amt | bc_foreign_share_amt,0.9669745958429561,0.6327944572748267,24947.325728447293,매장 면적·좌석·점포별 매출이 없어 규모별 적합도와 argmax 규모는 산출하지 않음
BRD_20240723,올드몬트베이글,3001496,강남 마이스 관광특구,21.333333333333332,bc_age_cd_6_share_amt | bc_age_cd_4_share_amt | bc_age_cd_1_share_amt,0.9066974595842956,0.45727482678983833,4157.492633822529,매장 면적·좌석·점포별 매출이 없어 규모별 적합도와 argmax 규모는 산출하지 않음
BRD_20240723,올드몬트베이글,3120068,사가정역,22.0,bc_age_cd_2_share_amt | bc_age_cd_5_share_amt | bc_age_cd_3_share_amt,0.8467667436489608,0.7713625866050808,6694.8601927096925,매장 면적·좌석·점포별 매출이 없어 규모별 적합도와 argmax 규모는 산출하지 않음
BRD_20240723,올드몬트베이글,3120197,역삼역,22.333333333333332,bc_age_cd_6_share_amt | bc_age_cd_4_share_amt | bc_age_cd_1_share_amt,0.9050808314087759,0.6720554272517321,6180.156632344732,매장 면적·좌석·점포별 매출이 없어 규모별 적합도와 argmax 규모는 산출하지 않음
BRD_20240814,보리원,3120165,서래마을카페거리(서래마을),1.0,bc_age_cd_6_share_amt | bc_age_cd_4_share_amt | bc_age_cd_1_share_amt,0.9718244803695151,0.581986143187067,4710.957970558344,매장 면적·좌석·점포별 매출이 없어 규모별 적합도와 argmax 규모는 산출하지 않음
BRD_20240814,보리원,3120189,강남역,2.0,bc_age_cd_6_share_amt | bc_age_cd_4_share_amt | bc_age_cd_1_share_amt,0.9191685912240184,0.5513856812933026,3134.5572254855592,매장 면적·좌석·점포별 매출이 없어 규모별 적합도와 argmax 규모는 산출하지 않음
BRD_20240814,보리원,3120166,방배역,3.0,bc_age_cd_6_share_amt | bc_age_cd_4_share_amt | bc_age_cd_1_share_amt,0.9176674364896074,0.2678983833718245,3921.2468680019656,매장 면적·좌석·점포별 매출이 없어 규모별 적합도와 argmax 규모는 산출하지 않음
BRD_20240814,보리원,3120173,교대역(법원.검찰청),4.333333333333333,bc_age_cd_6_share_amt | bc_age_cd_4_share_amt | bc_age_cd_1_share_amt,0.8990762124711317,0.6726327944572748,3342.716410319417,매장 면적·좌석·점포별 매출이 없어 규모별 적합도와 argmax 규모는 산출하지 않음
BRD_20240814,보리원,3120160,사당역(사당),5.666666666666667,bc_age_cd_6_share_amt | bc_age_cd_4_share_amt | bc_age_cd_1_share_amt,0.8801385681293303,0.9197459584295613,5132.467632609502,매장 면적·좌석·점포별 매출이 없어 규모별 적합도와 argmax 규모는 산출하지 않음
BRD_20240814,보리원,3120114,목동신시가지,8.666666666666666,bc_age_cd_1_share_amt | bc_age_cd_4_share_amt | bc_age_cd_5_share_amt,0.885565819861432,0.21939953810623555,860.7119146052664,매장 면적·좌석·점포별 매출이 없어 규모별 적합도와 argmax 규모는 산출하지 않음
BRD_20240814,보리원,3120164,내방역,8.666666666666666,bc_age_cd_6_share_amt | bc_age_cd_4_share_amt | bc_age_cd_1_share_amt,0.8489607390300231,0.6287528868360277,4487.158232085702,매장 면적·좌석·점포별 매출이 없어 규모별 적합도와 argmax 규모는 산출하지 않음
BRD_20240814,보리원,3120210,선릉역,9.333333333333334,bc_age_cd_6_share_amt | bc_age_cd_4_share_amt | bc_age_cd_1_share_amt,0.9580831408775982,0.5612009237875288,3575.8155713018086,매장 면적·좌석·점포별 매출이 없어 규모별 적합도와 argmax 규모는 산출하지 않음
BRD_20240814,보리원,3120069,상봉역,9.666666666666666,bc_age_cd_5_share_amt | bc_foreign_share_amt | bc_age_cd_2_share_amt,0.9086605080831409,0.3920323325635104,8773.177531505527,매장 면적·좌석·점포별 매출이 없어 규모별 적합도와 argmax 규모는 산출하지 않음
BRD_20240814,보리원,3120175,남부터미널역,10.0,bc_age_cd_6_share_amt | bc_age_cd_4_share_amt | bc_age_cd_1_share_amt,0.8390300230946882,0.4815242494226327,2461.1257586453517,매장 면적·좌석·점포별 매출이 없어 규모별 적합도와 argmax 규모는 산출하지 않음
BRD_20240814,보리원,3120188,압구정역,11.666666666666666,bc_age_cd_6_share_amt | bc_age_cd_4_share_amt | bc_age_cd_1_share_amt,0.9404157043879908,0.5323325635103926,791.0935469567722,매장 면적·좌석·점포별 매출이 없어 규모별 적합도와 argmax 규모는 산출하지 않음
BRD_20240814,보리원,3110943,법제교육센터(버들어린이공원),12.666666666666666,bc_age_cd_6_share_amt | bc_age_cd_4_share_amt | bc_age_cd_1_share_amt,0.812471131639723,0.6466512702078522,671.5429993761142,매장 면적·좌석·점포별 매출이 없어 규모별 적합도와 argmax 규모는 산출하지 않음
BRD_20240814,보리원,3120179,양재역,14.0,bc_age_cd_6_share_amt | bc_age_cd_4_share_amt | bc_age_cd_1_share_amt,0.8101616628175519,0.4665127020785219,1581.8634580525868,매장 면적·좌석·점포별 매출이 없어 규모별 적합도와 argmax 규모는 산출하지 않음
BRD_20240814,보리원,3001496,강남 마이스 관광특구,15.0,bc_age_cd_6_share_amt | bc_age_cd_4_share_amt | bc_age_cd_1_share_amt,0.9066974595842956,0.45669745958429564,3600.722705216575,매장 면적·좌석·점포별 매출이 없어 규모별 적합도와 argmax 규모는 산출하지 않음
BRD_20240814,보리원,3120068,사가정역,16.333333333333332,bc_age_cd_5_share_amt | bc_foreign_share_amt | bc_age_cd_2_share_amt,0.8467667436489608,0.7713625866050808,7495.121880221303,매장 면적·좌석·점포별 매출이 없어 규모별 적합도와 argmax 규모는 산출하지 않음
BRD_20240814,보리원,3120197,역삼역,16.666666666666668,bc_age_cd_6_share_amt | bc_age_cd_4_share_amt | bc_age_cd_1_share_amt,0.9050808314087759,0.6720554272517321,3286.1323771050093,매장 면적·좌석·점포별 매출이 없어 규모별 적합도와 argmax 규모는 산출하지 않음
BRD_20240814,보리원,3120110,목동역 8번출구,17.333333333333332,bc_age_cd_1_share_amt | bc_age_cd_4_share_amt | bc_age_cd_5_share_amt,0.8209006928406467,0.7650115473441108,690.5570215663945,매장 면적·좌석·점포별 매출이 없어 규모별 적합도와 argmax 규모는 산출하지 않음
BRD_20240814,보리원,3120220,대치역,18.666666666666668,bc_age_cd_6_share_amt | bc_age_cd_4_share_amt | bc_age_cd_1_share_amt,0.8922632794457275,0.2881062355658198,3275.375550982029,매장 면적·좌석·점포별 매출이 없어 규모별 적합도와 argmax 규모는 산출하지 않음
BRD_20240814,보리원,3120222,삼성역,24.333333333333332,bc_age_cd_6_share_amt | bc_age_cd_4_share_amt | bc_age_cd_1_share_amt,0.833718244803695,0.3371824480369515,3691.81053144483,매장 면적·좌석·점포별 매출이 없어 규모별 적합도와 argmax 규모는 산출하지 않음
BRD_20240814,보리원,3120249,고덕역,24.666666666666668,bc_age_cd_2_share_amt | bc_age_cd_4_share_amt | bc_age_cd_3_share_amt,0.9460739030023095,0.535796766743649,7737.4182386334915,매장 면적·좌석·점포별 매출이 없어 규모별 적합도와 argmax 규모는 산출하지 않음
BRD_20250749,디에그,3120165,서래마을카페거리(서래마을),1.3333333333333333,bc_age_cd_4_share_amt | bc_age_cd_6_share_amt | bc_age_cd_1_share_amt,0.9718244803695151,0.5814087759815242,8530.358609108265,매장 면적·좌석·점포별 매출이 없어 규모별 적합도와 argmax 규모는 산출하지 않음
BRD_20250749,디에그,3120069,상봉역,1.6666666666666667,bc_age_cd_5_share_amt | bc_age_cd_2_share_amt | bc_foreign_share_amt,0.9086605080831409,0.39376443418013857,4907.488257794786,매장 면적·좌석·점포별 매출이 없어 규모별 적합도와 argmax 규모는 산출하지 않음
BRD_20250749,디에그,3120189,강남역,3.3333333333333335,bc_age_cd_4_share_amt | bc_age_cd_6_share_amt | bc_age_cd_1_share_amt,0.9191685912240184,0.5513856812933026,7460.608621306474,매장 면적·좌석·점포별 매출이 없어 규모별 적합도와 argmax 규모는 산출하지 않음
BRD_20250749,디에그,3120166,방배역,4.333333333333333,bc_age_cd_4_share_amt | bc_age_cd_6_share_amt | bc_age_cd_1_share_amt,0.9176674364896074,0.2673210161662818,9923.494646548654,매장 면적·좌석·점포별 매출이 없어 규모별 적합도와 argmax 규모는 산출하지 않음
BRD_20250749,디에그,3120173,교대역(법원.검찰청),5.333333333333333,bc_age_cd_4_share_amt | bc_age_cd_6_share_amt | bc_age_cd_1_share_amt,0.8990762124711317,0.6726327944572748,8670.571434477142,매장 면적·좌석·점포별 매출이 없어 규모별 적합도와 argmax 규모는 산출하지 않음
BRD_20250749,디에그,3120068,사가정역,7.0,bc_age_cd_5_share_amt | bc_age_cd_2_share_amt | bc_foreign_share_amt,0.8467667436489608,0.7719399538106235,5283.416035148064,매장 면적·좌석·점포별 매출이 없어 규모별 적합도와 argmax 규모는 산출하지 않음
BRD_20250749,디에그,3120160,사당역(사당),7.0,bc_age_cd_4_share_amt | bc_age_cd_6_share_amt | bc_age_cd_1_share_amt,0.8801385681293303,0.920323325635104,9021.214108938284,매장 면적·좌석·점포별 매출이 없어 규모별 적합도와 argmax 규모는 산출하지 않음
BRD_20250749,디에그,3120164,내방역,9.666666666666666,bc_age_cd_4_share_amt | bc_age_cd_6_share_amt | bc_age_cd_1_share_amt,0.8489607390300231,0.6287528868360277,9145.289169843834,매장 면적·좌석·점포별 매출이 없어 규모별 적합도와 argmax 규모는 산출하지 않음
BRD_20250749,디에그,3120114,목동신시가지,10.666666666666666,bc_corporate_share_amt | bc_age_cd_1_share_amt | bc_age_cd_5_share_amt,0.885565819861432,0.21939953810623555,5822.627929073104,매장 면적·좌석·점포별 매출이 없어 규모별 적합도와 argmax 규모는 산출하지 않음
BRD_20250749,디에그,3120175,남부터미널역,11.333333333333334,bc_age_cd_4_share_amt | bc_age_cd_6_share_amt | bc_age_cd_1_share_amt,0.8390300230946882,0.4815242494226327,8642.784852141425,매장 면적·좌석·점포별 매출이 없어 규모별 적합도와 argmax 규모는 산출하지 않음
BRD_20250749,디에그,3110943,법제교육센터(버들어린이공원),14.666666666666666,bc_age_cd_4_share_amt | bc_age_cd_6_share_amt | bc_age_cd_1_share_amt,0.812471131639723,0.647228637413395,6996.075757192799,매장 면적·좌석·점포별 매출이 없어 규모별 적합도와 argmax 규모는 산출하지 않음
BRD_20250749,디에그,3120179,양재역,15.666666666666666,bc_age_cd_4_share_amt | bc_age_cd_6_share_amt | bc_age_cd_1_share_amt,0.8101616628175519,0.4676674364896074,7351.125764150751,매장 면적·좌석·점포별 매출이 없어 규모별 적합도와 argmax 규모는 산출하지 않음
BRD_20250749,디에그,3120210,선릉역,16.0,bc_age_cd_6_share_amt | bc_age_cd_4_share_amt | bc_age_cd_1_share_amt,0.9580831408775982,0.5612009237875288,5451.988719743638,매장 면적·좌석·점포별 매출이 없어 규모별 적합도와 argmax 규모는 산출하지 않음
BRD_20250749,디에그,3130170,제일시장,17.0,bc_corporate_share_amt | bc_age_cd_2_share_amt | bc_age_cd_1_share_amt,0.8967667436489607,0.7095842956120093,6069.931218698368,매장 면적·좌석·점포별 매출이 없어 규모별 적합도와 argmax 규모는 산출하지 않음
BRD_20250749,디에그,3120110,목동역 8번출구,18.0,bc_corporate_share_amt | bc_age_cd_1_share_amt | bc_age_cd_5_share_amt,0.8209006928406467,0.7650115473441108,5746.788407435777,매장 면적·좌석·점포별 매출이 없어 규모별 적합도와 argmax 규모는 산출하지 않음
BRD_20250749,디에그,3120188,압구정역,19.666666666666668,bc_age_cd_6_share_amt | bc_age_cd_4_share_amt | bc_age_cd_1_share_amt,0.9404157043879908,0.5329099307159353,7487.897501980652,매장 면적·좌석·점포별 매출이 없어 규모별 적합도와 argmax 규모는 산출하지 않음
BRD_20250749,디에그,3110274,서일대학교,22.333333333333332,bc_age_cd_5_share_amt | bc_age_cd_2_share_amt | bc_foreign_share_amt,0.7133949191685912,0.16801385681293304,5950.712226322037,매장 면적·좌석·점포별 매출이 없어 규모별 적합도와 argmax 규모는 산출하지 않음
BRD_20250749,디에그,3120006,종각역,23.333333333333332,bc_foreign_share_amt | bc_corporate_share_amt | bc_age_cd_6_share_amt,0.9732101616628176,0.8273672055427252,4691.371867553423,매장 면적·좌석·점포별 매출이 없어 규모별 적합도와 argmax 규모는 산출하지 않음
BRD_20250749,디에그,3001496,강남 마이스 관광특구,24.0,bc_age_cd_6_share_amt | bc_age_cd_4_share_amt | bc_age_cd_1_share_amt,0.9066974595842956,0.45669745958429564,4497.803241600017,매장 면적·좌석·점포별 매출이 없어 규모별 적합도와 argmax 규모는 산출하지 않음
BRD_20250749,디에그,3120007,북촌(안국역),24.333333333333332,bc_foreign_share_amt | bc_corporate_share_amt | bc_age_cd_6_share_amt,0.9692840646651271,0.8654734411085451,4610.512552824758,매장 면적·좌석·점포별 매출이 없어 규모별 적합도와 argmax 규모는 산출하지 않음
BRD_20260378,빵굼터,3120165,서래마을카페거리(서래마을),1.3333333333333333,bc_age_cd_6_share_amt | bc_age_cd_4_share_amt | bc_female_share_amt,0.9718244803695151,0.5814087759815242,6179.769736795707,매장 면적·좌석·점포별 매출이 없어 규모별 적합도와 argmax 규모는 산출하지 않음
BRD_20260378,빵굼터,3120069,상봉역,1.6666666666666667,bc_age_cd_2_share_amt | bc_age_cd_5_share_amt | bc_age_cd_3_share_amt,0.9086605080831409,0.3920323325635104,1896.3427959917062,매장 면적·좌석·점포별 매출이 없어 규모별 적합도와 argmax 규모는 산출하지 않음
BRD_20260378,빵굼터,3120189,강남역,3.3333333333333335,bc_age_cd_6_share_amt | bc_age_cd_4_share_amt | bc_female_share_amt,0.9191685912240184,0.5513856812933026,6675.731720225221,매장 면적·좌석·점포별 매출이 없어 규모별 적합도와 argmax 규모는 산출하지 않음
BRD_20260378,빵굼터,3120166,방배역,4.333333333333333,bc_age_cd_6_share_amt | bc_age_cd_4_share_amt | bc_female_share_amt,0.9176674364896074,0.2673210161662818,6426.435559461285,매장 면적·좌석·점포별 매출이 없어 규모별 적합도와 argmax 규모는 산출하지 않음
BRD_20260378,빵굼터,3120173,교대역(법원.검찰청),5.333333333333333,bc_age_cd_6_share_amt | bc_age_cd_4_share_amt | bc_female_share_amt,0.8990762124711317,0.6726327944572748,6949.279674926387,매장 면적·좌석·점포별 매출이 없어 규모별 적합도와 argmax 규모는 산출하지 않음
BRD_20260378,빵굼터,3120068,사가정역,5.666666666666667,bc_age_cd_2_share_amt | bc_age_cd_5_share_amt | bc_age_cd_3_share_amt,0.8467667436489608,0.7713625866050808,2926.024606863104,매장 면적·좌석·점포별 매출이 없어 규모별 적합도와 argmax 규모는 산출하지 않음
BRD_20260378,빵굼터,3120160,사당역(사당),6.666666666666667,bc_age_cd_6_share_amt | bc_age_cd_4_share_amt | bc_female_share_amt,0.8801385681293303,0.9197459584295613,5361.741974393508,매장 면적·좌석·점포별 매출이 없어 규모별 적합도와 argmax 규모는 산출하지 않음
BRD_20260378,빵굼터,3120164,내방역,8.333333333333334,bc_age_cd_6_share_amt | bc_age_cd_4_share_amt | bc_female_share_amt,0.8489607390300231,0.6293302540415704,5923.611904900819,매장 면적·좌석·점포별 매출이 없어 규모별 적합도와 argmax 규모는 산출하지 않음
BRD_20260378,빵굼터,3120114,목동신시가지,9.666666666666666,bc_age_cd_5_share_amt | bc_corporate_share_amt | bc_age_cd_4_share_amt,0.885565819861432,0.2199769053117783,5233.440646439788,매장 면적·좌석·점포별 매출이 없어 규모별 적합도와 argmax 규모는 산출하지 않음
BRD_20260378,빵굼터,3120175,남부터미널역,10.0,bc_age_cd_6_share_amt | bc_age_cd_4_share_amt | bc_female_share_amt,0.8390300230946882,0.4821016166281755,7919.7591504043485,매장 면적·좌석·점포별 매출이 없어 규모별 적합도와 argmax 규모는 산출하지 않음
BRD_20260378,빵굼터,3110943,법제교육센터(버들어린이공원),12.333333333333334,bc_age_cd_6_share_amt | bc_age_cd_4_share_amt | bc_female_share_amt,0.812471131639723,0.6466512702078522,9700.410558356882,매장 면적·좌석·점포별 매출이 없어 규모별 적합도와 argmax 규모는 산출하지 않음
BRD_20260378,빵굼터,3120125,구로역,13.333333333333334,bc_corporate_share_amt | bc_age_cd_1_share_amt | bc_age_cd_2_share_amt,0.8808314087759815,0.10046189376443419,2094.0797501350485,매장 면적·좌석·점포별 매출이 없어 규모별 적합도와 argmax 규모는 산출하지 않음
BRD_20260378,빵굼터,3120179,양재역,13.333333333333334,bc_age_cd_6_share_amt | bc_age_cd_4_share_amt | bc_female_share_amt,0.8101616628175519,0.4676674364896074,8216.430916190693,매장 면적·좌석·점포별 매출이 없어 규모별 적합도와 argmax 규모는 산출하지 않음
BRD_20260378,빵굼터,3120110,목동역 8번출구,16.0,bc_age_cd_5_share_amt | bc_corporate_share_amt | bc_age_cd_4_share_amt,0.8209006928406467,0.7655889145496535,5073.227473691982,매장 면적·좌석·점포별 매출이 없어 규모별 적합도와 argmax 규모는 산출하지 않음
BRD_20260378,빵굼터,3120061,올림픽대교북단,18.0,bc_foreign_share_amt | bc_corporate_share_amt | bc_age_cd_6_share_amt,0.8699769053117784,0.40011547344110854,6912.072337596102,매장 면적·좌석·점포별 매출이 없어 규모별 적합도와 argmax 규모는 산출하지 않음
BRD_20260378,빵굼터,3110274,서일대학교,20.333333333333332,bc_age_cd_2_share_amt | bc_age_cd_5_share_amt | bc_age_cd_3_share_amt,0.7133949191685912,0.16801385681293304,1624.2367438265092,매장 면적·좌석·점포별 매출이 없어 규모별 적합도와 argmax 규모는 산출하지 않음
BRD_20260378,빵굼터,3120129,구로디지털단지,21.0,bc_corporate_share_amt | bc_age_cd_1_share_amt | bc_age_cd_2_share_amt,0.8051963048498845,0.42205542725173206,690.8726366035022,매장 면적·좌석·점포별 매출이 없어 규모별 적합도와 argmax 규모는 산출하지 않음
BRD_20260378,빵굼터,3130170,제일시장,21.666666666666668,bc_corporate_share_amt | bc_age_cd_1_share_amt | bc_age_cd_2_share_amt,0.8967667436489607,0.710161662817552,9375.868653043397,매장 면적·좌석·점포별 매출이 없어 규모별 적합도와 argmax 규모는 산출하지 않음
BRD_20260378,빵굼터,3130222,오류시장,23.666666666666668,bc_corporate_share_amt | bc_age_cd_1_share_amt | bc_age_cd_2_share_amt,0.7894919168591223,0.516743648960739,4116.66879891156,매장 면적·좌석·점포별 매출이 없어 규모별 적합도와 argmax 규모는 산출하지 않음
BRD_20260378,빵굼터,3120055,군자역,26.0,bc_foreign_share_amt | bc_corporate_share_amt | bc_age_cd_6_share_amt,0.8148960739030023,0.8100461893764435,5607.625254954953,매장 면적·좌석·점포별 매출이 없어 규모별 적합도와 argmax 규모는 산출하지 않음
