brand_id,brand_name,area_id,area_name,robust_rank,top_dna_match_features,competition_risk_score,same_brand_nearest_distance_m,size_note
BRD_20080100039,뚜레쥬르,3110001,이북5도청사,41.333333333333336,bakery_age_40_share_amt | bakery_weekend_share_amt | bakery_age_50_share_amt,0.02696969696969698,2241.893173192025,매장 면적·좌석·브랜드별 매출 자료가 없어 규모별 적합도와 argmax 규모는 산출하지 않음
BRD_20080100039,뚜레쥬르,3110005,세검정,42.333333333333336,bakery_age_40_share_amt | bakery_weekend_share_amt | bakery_age_50_share_amt,0.04287878787878787,2135.296232344417,매장 면적·좌석·브랜드별 매출 자료가 없어 규모별 적합도와 argmax 규모는 산출하지 않음
BRD_20080100039,뚜레쥬르,3110006,부암동주민센터,43.333333333333336,bakery_age_40_share_amt | bakery_weekend_share_amt | bakery_age_50_share_amt,0.20727272727272728,1530.8148156823481,매장 면적·좌석·브랜드별 매출 자료가 없어 규모별 적합도와 argmax 규모는 산출하지 않음
BRD_20080100039,뚜레쥬르,3110009,자하문터널,44.333333333333336,bakery_age_40_share_amt | bakery_weekend_share_amt | bakery_age_50_share_amt,0.1471212121212121,1976.803733274369,매장 면적·좌석·브랜드별 매출 자료가 없어 규모별 적합도와 argmax 규모는 산출하지 않음
BRD_20080100039,뚜레쥬르,3110011,청운초등학교,45.333333333333336,bakery_age_40_share_amt | bakery_weekend_share_amt | bakery_age_50_share_amt,0.2946969696969697,1531.514609772558,매장 면적·좌석·브랜드별 매출 자료가 없어 규모별 적합도와 argmax 규모는 산출하지 않음
BRD_20080100039,뚜레쥬르,3110013,체부동홍종문가옥,46.333333333333336,bakery_age_40_share_amt | bakery_weekend_share_amt | bakery_age_50_share_amt,0.7659090909090909,589.4480468877937,매장 면적·좌석·브랜드별 매출 자료가 없어 규모별 적합도와 argmax 규모는 산출하지 않음
BRD_20080100039,뚜레쥬르,3110014,경복고등학교,47.333333333333336,bakery_age_40_share_amt | bakery_weekend_share_amt | bakery_age_50_share_amt,0.10136363636363638,1315.2189931544312,매장 면적·좌석·브랜드별 매출 자료가 없어 규모별 적합도와 argmax 규모는 산출하지 않음
BRD_20080100039,뚜레쥬르,3110015,청와대사랑채,48.333333333333336,bakery_age_40_share_amt | bakery_weekend_share_amt | bakery_age_50_share_amt,0.5690909090909091,989.0020222253885,매장 면적·좌석·브랜드별 매출 자료가 없어 규모별 적합도와 argmax 규모는 산출하지 않음
BRD_20080100039,뚜레쥬르,3110016,평창동동측,49.333333333333336,bakery_age_40_share_amt | bakery_weekend_share_amt | bakery_age_50_share_amt,0.04106060606060604,2923.90765931673,매장 면적·좌석·브랜드별 매출 자료가 없어 규모별 적합도와 argmax 규모는 산출하지 않음
BRD_20080100039,뚜레쥬르,3110017,정독도서관,50.333333333333336,bakery_age_40_share_amt | bakery_weekend_share_amt | bakery_age_50_share_amt,0.31242424242424244,1568.4594352304318,매장 면적·좌석·브랜드별 매출 자료가 없어 규모별 적합도와 argmax 규모는 산출하지 않음
BRD_20080100039,뚜레쥬르,3110018,중앙고등학교,51.333333333333336,bakery_age_40_share_amt | bakery_weekend_share_amt | bakery_age_50_share_amt,0.4190909090909091,1731.8874097259986,매장 면적·좌석·브랜드별 매출 자료가 없어 규모별 적합도와 argmax 규모는 산출하지 않음
BRD_20080100039,뚜레쥬르,3110019,창덕궁,52.333333333333336,bakery_age_40_share_amt | bakery_weekend_share_amt | bakery_age_50_share_amt,0.8733333333333333,1077.3694816315765,매장 면적·좌석·브랜드별 매출 자료가 없어 규모별 적합도와 argmax 규모는 산출하지 않음
BRD_20080100039,뚜레쥬르,3110020,서울국제고등학교,53.333333333333336,bakery_age_40_share_amt | bakery_weekend_share_amt | bakery_age_50_share_amt,0.35863636363636364,1860.7525359187587,매장 면적·좌석·브랜드별 매출 자료가 없어 규모별 적합도와 argmax 규모는 산출하지 않음
BRD_20080100039,뚜레쥬르,3110021,성균관대학교,54.333333333333336,bakery_age_40_share_amt | bakery_weekend_share_amt | bakery_age_50_share_amt,0.740909090909091,1679.1545491575712,매장 면적·좌석·브랜드별 매출 자료가 없어 규모별 적합도와 argmax 규모는 산출하지 않음
BRD_20080100039,뚜레쥬르,3110022,경신고등학교,55.333333333333336,bakery_age_40_share_amt | bakery_weekend_share_amt | bakery_age_50_share_amt,0.6581818181818182,1660.0075300898218,매장 면적·좌석·브랜드별 매출 자료가 없어 규모별 적합도와 argmax 규모는 산출하지 않음
BRD_20080100039,뚜레쥬르,3110023,서울대병원,56.333333333333336,bakery_age_40_share_amt | bakery_weekend_share_amt | bakery_age_50_share_amt,0.8309090909090909,1199.6553671690037,매장 면적·좌석·브랜드별 매출 자료가 없어 규모별 적합도와 argmax 규모는 산출하지 않음
BRD_20080100039,뚜레쥬르,3110024,혜화동주민센터,57.333333333333336,bakery_age_40_share_amt | bakery_weekend_share_amt | bakery_age_50_share_amt,0.5443939393939394,1488.052754430072,매장 면적·좌석·브랜드별 매출 자료가 없어 규모별 적합도와 argmax 규모는 산출하지 않음
BRD_20080100039,뚜레쥬르,3110025,충신시장옆,58.333333333333336,bakery_age_40_share_amt | bakery_weekend_share_amt | bakery_age_50_share_amt,0.3977272727272727,1042.3099347094383,매장 면적·좌석·브랜드별 매출 자료가 없어 규모별 적합도와 argmax 규모는 산출하지 않음
BRD_20080100039,뚜레쥬르,3110026,종로5가역 4번,59.333333333333336,bakery_age_40_share_amt | bakery_weekend_share_amt | bakery_age_50_share_amt,0.39121212121212123,1049.19064044708,매장 면적·좌석·브랜드별 매출 자료가 없어 규모별 적합도와 argmax 규모는 산출하지 않음
BRD_20080100039,뚜레쥬르,3110027,혜화역 1번,60.333333333333336,bakery_age_40_share_amt | bakery_weekend_share_amt | bakery_age_50_share_amt,0.571969696969697,928.4158550854138,매장 면적·좌석·브랜드별 매출 자료가 없어 규모별 적합도와 argmax 규모는 산출하지 않음
BRD_20080100675,호밀호두,3110001,이북5도청사,82.33333333333333,bakery_sun_selng_amt | bakery_age_30_share_amt | bakery_age_20_share_amt,0.0246969696969697,6357.597344929635,매장 면적·좌석·브랜드별 매출 자료가 없어 규모별 적합도와 argmax 규모는 산출하지 않음
BRD_20080100675,호밀호두,3110004,대신고등학교,83.33333333333333,bakery_sun_selng_amt | bakery_age_30_share_amt | bakery_age_20_share_amt,0.24803030303030305,5275.658916194019,매장 면적·좌석·브랜드별 매출 자료가 없어 규모별 적합도와 argmax 규모는 산출하지 않음
BRD_20080100675,호밀호두,3110005,세검정,84.33333333333333,bakery_sun_selng_amt | bakery_age_30_share_amt | bakery_age_20_share_amt,0.040909090909090895,6296.206159288865,매장 면적·좌석·브랜드별 매출 자료가 없어 규모별 적합도와 argmax 규모는 산출하지 않음
BRD_20080100675,호밀호두,3110006,부암동주민센터,85.33333333333333,bakery_sun_selng_amt | bakery_age_30_share_amt | bakery_age_20_share_amt,0.19742424242424245,5813.308352388747,매장 면적·좌석·브랜드별 매출 자료가 없어 규모별 적합도와 argmax 규모는 산출하지 않음
BRD_20080100675,호밀호두,3110007,사직공원(한국사회과학도서관),86.33333333333333,bakery_sun_selng_amt | bakery_age_30_share_amt | bakery_age_20_share_amt,0.22409090909090906,4918.382864317469,매장 면적·좌석·브랜드별 매출 자료가 없어 규모별 적합도와 argmax 규모는 산출하지 않음
BRD_20080100675,호밀호두,3110009,자하문터널,87.33333333333333,bakery_sun_selng_amt | bakery_age_30_share_amt | bakery_age_20_share_amt,0.13803030303030306,5752.128388687096,매장 면적·좌석·브랜드별 매출 자료가 없어 규모별 적합도와 argmax 규모는 산출하지 않음
BRD_20080100675,호밀호두,3110011,청운초등학교,88.33333333333333,bakery_sun_selng_amt | bakery_age_30_share_amt | bakery_age_20_share_amt,0.29000000000000004,5082.8681863654365,매장 면적·좌석·브랜드별 매출 자료가 없어 규모별 적합도와 argmax 규모는 산출하지 않음
BRD_20080100675,호밀호두,3110013,체부동홍종문가옥,89.33333333333333,bakery_sun_selng_amt | bakery_age_30_share_amt | bakery_age_20_share_amt,0.7616666666666667,4607.376368389421,매장 면적·좌석·브랜드별 매출 자료가 없어 규모별 적합도와 argmax 규모는 산출하지 않음
BRD_20080100675,호밀호두,3110014,경복고등학교,90.33333333333333,bakery_sun_selng_amt | bakery_age_30_share_amt | bakery_age_20_share_amt,0.09606060606060605,4760.723159349786,매장 면적·좌석·브랜드별 매출 자료가 없어 규모별 적합도와 argmax 규모는 산출하지 않음
BRD_20080100675,호밀호두,3110015,청와대사랑채,91.33333333333333,bakery_sun_selng_amt | bakery_age_30_share_amt | bakery_age_20_share_amt,0.5590909090909091,4528.145867789435,매장 면적·좌석·브랜드별 매출 자료가 없어 규모별 적합도와 argmax 규모는 산출하지 않음
BRD_20080100675,호밀호두,3110016,평창동동측,92.33333333333333,bakery_sun_selng_amt | bakery_age_30_share_amt | bakery_age_20_share_amt,0.03848484848484851,4748.906084583325,매장 면적·좌석·브랜드별 매출 자료가 없어 규모별 적합도와 argmax 규모는 산출하지 않음
BRD_20080100675,호밀호두,3110017,정독도서관,93.33333333333333,bakery_sun_selng_amt | bakery_age_30_share_amt | bakery_age_20_share_amt,0.29348484848484846,3721.709956453563,매장 면적·좌석·브랜드별 매출 자료가 없어 규모별 적합도와 argmax 규모는 산출하지 않음
BRD_20080100675,호밀호두,3110018,중앙고등학교,94.33333333333333,bakery_sun_selng_amt | bakery_age_30_share_amt | bakery_age_20_share_amt,0.40515151515151515,3418.8960206426073,매장 면적·좌석·브랜드별 매출 자료가 없어 규모별 적합도와 argmax 규모는 산출하지 않음
BRD_20080100675,호밀호두,3110019,창덕궁,95.33333333333333,bakery_sun_selng_amt | bakery_age_30_share_amt | bakery_age_20_share_amt,0.8672727272727273,2749.225527305135,매장 면적·좌석·브랜드별 매출 자료가 없어 규모별 적합도와 argmax 규모는 산출하지 않음
BRD_20080100675,호밀호두,3110020,서울국제고등학교,96.33333333333333,bakery_sun_selng_amt | bakery_age_30_share_amt | bakery_age_20_share_amt,0.34893939393939394,3291.4290209484184,매장 면적·좌석·브랜드별 매출 자료가 없어 규모별 적합도와 argmax 규모는 산출하지 않음
BRD_20080100675,호밀호두,3110021,성균관대학교,97.33333333333333,bakery_sun_selng_amt | bakery_age_30_share_amt | bakery_age_20_share_amt,0.7306060606060607,2794.5149847435177,매장 면적·좌석·브랜드별 매출 자료가 없어 규모별 적합도와 argmax 규모는 산출하지 않음
BRD_20080100675,호밀호두,3110022,경신고등학교,98.33333333333333,bakery_sun_selng_amt | bakery_age_30_share_amt | bakery_age_20_share_amt,0.6448484848484848,2983.0605089308747,매장 면적·좌석·브랜드별 매출 자료가 없어 규모별 적합도와 argmax 규모는 산출하지 않음
BRD_20080100675,호밀호두,3110023,서울대병원,99.33333333333333,bakery_sun_selng_amt | bakery_age_30_share_amt | bakery_age_20_share_amt,0.8224242424242424,2165.928207482513,매장 면적·좌석·브랜드별 매출 자료가 없어 규모별 적합도와 argmax 규모는 산출하지 않음
BRD_20080100675,호밀호두,3110024,혜화동주민센터,100.33333333333333,bakery_sun_selng_amt | bakery_age_30_share_amt | bakery_age_20_share_amt,0.533030303030303,2888.0488222917043,매장 면적·좌석·브랜드별 매출 자료가 없어 규모별 적합도와 argmax 규모는 산출하지 않음
BRD_20080100675,호밀호두,3110025,충신시장옆,101.33333333333333,bakery_sun_selng_amt | bakery_age_30_share_amt | bakery_age_20_share_amt,0.38606060606060605,1698.004711412838,매장 면적·좌석·브랜드별 매출 자료가 없어 규모별 적합도와 argmax 규모는 산출하지 않음
BRD_20080200064,파리바게뜨,3110004,대신고등학교,13.666666666666666,bakery_age_30_share_amt | bakery_age_20_share_amt | bakery_weekend_share_cnt,0.2843939393939394,774.5243701527122,매장 면적·좌석·브랜드별 매출 자료가 없어 규모별 적합도와 argmax 규모는 산출하지 않음
BRD_20080200064,파리바게뜨,3110005,세검정,14.666666666666666,bakery_age_30_share_amt | bakery_age_20_share_amt | bakery_weekend_share_cnt,0.051060606060606084,674.2766494866364,매장 면적·좌석·브랜드별 매출 자료가 없어 규모별 적합도와 argmax 규모는 산출하지 않음
BRD_20080200064,파리바게뜨,3110006,부암동주민센터,15.666666666666666,bakery_age_30_share_amt | bakery_age_20_share_amt | bakery_weekend_share_cnt,0.21909090909090911,1375.7361665875426,매장 면적·좌석·브랜드별 매출 자료가 없어 규모별 적합도와 argmax 규모는 산출하지 않음
BRD_20080200064,파리바게뜨,3110007,사직공원(한국사회과학도서관),16.666666666666668,bakery_age_30_share_amt | bakery_age_20_share_amt | bakery_weekend_share_cnt,0.26045454545454544,715.2202457911794,매장 면적·좌석·브랜드별 매출 자료가 없어 규모별 적합도와 argmax 규모는 산출하지 않음
BRD_20080200064,파리바게뜨,3110009,자하문터널,17.666666666666668,bakery_age_30_share_amt | bakery_age_20_share_amt | bakery_weekend_share_cnt,0.16454545454545455,1215.7388700032448,매장 면적·좌석·브랜드별 매출 자료가 없어 규모별 적합도와 argmax 규모는 산출하지 않음
BRD_20080200064,파리바게뜨,3110011,청운초등학교,18.666666666666668,bakery_age_30_share_amt | bakery_age_20_share_amt | bakery_weekend_share_cnt,0.30136363636363633,1179.5223609305879,매장 면적·좌석·브랜드별 매출 자료가 없어 규모별 적합도와 argmax 규모는 산출하지 않음
BRD_20080200064,파리바게뜨,3110014,경복고등학교,19.666666666666668,bakery_age_30_share_amt | bakery_age_20_share_amt | bakery_weekend_share_cnt,0.10969696969696968,946.0998889936657,매장 면적·좌석·브랜드별 매출 자료가 없어 규모별 적합도와 argmax 규모는 산출하지 않음
BRD_20080200064,파리바게뜨,3110015,청와대사랑채,20.666666666666668,bakery_age_30_share_amt | bakery_age_20_share_amt | bakery_weekend_share_cnt,0.5816666666666667,616.1728653331269,매장 면적·좌석·브랜드별 매출 자료가 없어 규모별 적합도와 argmax 규모는 산출하지 않음
BRD_20080200064,파리바게뜨,3110016,평창동동측,21.666666666666668,bakery_age_30_share_amt | bakery_age_20_share_amt | bakery_weekend_share_cnt,0.04833333333333334,1088.9453613110863,매장 면적·좌석·브랜드별 매출 자료가 없어 규모별 적합도와 argmax 규모는 산출하지 않음
BRD_20080200064,파리바게뜨,3110017,정독도서관,22.666666666666668,bakery_age_30_share_amt | bakery_age_20_share_amt | bakery_weekend_share_cnt,0.32939393939393935,526.8263470840718,매장 면적·좌석·브랜드별 매출 자료가 없어 규모별 적합도와 argmax 규모는 산출하지 않음
BRD_20080200064,파리바게뜨,3110026,종로5가역 4번,23.666666666666668,bakery_age_30_share_amt | bakery_age_20_share_amt | bakery_weekend_share_cnt,0.40742424242424247,687.8146552928184,매장 면적·좌석·브랜드별 매출 자료가 없어 규모별 적합도와 argmax 규모는 산출하지 않음
BRD_20080200064,파리바게뜨,3110027,혜화역 1번,24.666666666666668,bakery_age_30_share_amt | bakery_age_20_share_amt | bakery_weekend_share_cnt,0.5887878787878789,525.2123380037871,매장 면적·좌석·브랜드별 매출 자료가 없어 규모별 적합도와 argmax 규모는 산출하지 않음
BRD_20080200064,파리바게뜨,3110031,창신역 1번,25.666666666666668,bakery_age_30_share_amt | bakery_age_20_share_amt | bakery_weekend_share_cnt,0.25333333333333335,593.5697094499188,매장 면적·좌석·브랜드별 매출 자료가 없어 규모별 적합도와 argmax 규모는 산출하지 않음
BRD_20080200064,파리바게뜨,3110039,회현역 1번,26.666666666666668,bakery_age_30_share_amt | bakery_age_20_share_amt | bakery_weekend_share_cnt,0.7777272727272728,791.1763394019817,매장 면적·좌석·브랜드별 매출 자료가 없어 규모별 적합도와 argmax 규모는 산출하지 않음
BRD_20080200064,파리바게뜨,3110040,중구회현체육센터(정화예술대남산캠퍼스),27.666666666666668,bakery_age_30_share_amt | bakery_age_20_share_amt | bakery_weekend_share_cnt,0.18833333333333335,804.9074480871848,매장 면적·좌석·브랜드별 매출 자료가 없어 규모별 적합도와 argmax 규모는 산출하지 않음
BRD_20080200064,파리바게뜨,3110041,남산케이블카,28.666666666666668,bakery_age_30_share_amt | bakery_age_20_share_amt | bakery_weekend_share_cnt,0.11151515151515153,841.7559028688756,매장 면적·좌석·브랜드별 매출 자료가 없어 규모별 적합도와 argmax 규모는 산출하지 않음
BRD_20080200064,파리바게뜨,3110042,남산골공원옆,29.666666666666668,bakery_age_30_share_amt | bakery_age_20_share_amt | bakery_weekend_share_cnt,0.5006060606060606,522.0277770524375,매장 면적·좌석·브랜드별 매출 자료가 없어 규모별 적합도와 argmax 규모는 산출하지 않음
BRD_20080200064,파리바게뜨,3110047,다산성곽길,30.666666666666668,bakery_age_30_share_amt | bakery_age_20_share_amt | bakery_weekend_share_cnt,0.4356060606060606,880.7207275636314,매장 면적·좌석·브랜드별 매출 자료가 없어 규모별 적합도와 argmax 규모는 산출하지 않음
BRD_20080200064,파리바게뜨,3110049,장충단 고개,31.666666666666668,bakery_age_30_share_amt | bakery_age_20_share_amt | bakery_weekend_share_cnt,0.6807575757575758,786.7617174232327,매장 면적·좌석·브랜드별 매출 자료가 없어 규모별 적합도와 argmax 규모는 산출하지 않음
BRD_20080200064,파리바게뜨,3110050,약수역 7번,32.666666666666664,bakery_age_30_share_amt | bakery_age_20_share_amt | bakery_weekend_share_cnt,0.7031818181818182,683.2898359802473,매장 면적·좌석·브랜드별 매출 자료가 없어 규모별 적합도와 argmax 규모는 산출하지 않음
BRD_20080200287,브레댄코(bread&co.DAILY-NEW),3110001,이북5도청사,82.66666666666667,bakery_tmzon_21_24_selng_amt | bakery_age_40_share_amt | bakery_age_60_above_share_amt,0.025000000000000005,5295.034088618293,매장 면적·좌석·브랜드별 매출 자료가 없어 규모별 적합도와 argmax 규모는 산출하지 않음
BRD_20080200287,브레댄코(bread&co.DAILY-NEW),3110004,대신고등학교,83.66666666666667,bakery_tmzon_21_24_selng_amt | bakery_age_40_share_amt | bakery_age_60_above_share_amt,0.2490909090909091,2082.484093532335,매장 면적·좌석·브랜드별 매출 자료가 없어 규모별 적합도와 argmax 규모는 산출하지 않음
BRD_20080200287,브레댄코(bread&co.DAILY-NEW),3110005,세검정,84.66666666666667,bakery_tmzon_21_24_selng_amt | bakery_age_40_share_amt | bakery_age_60_above_share_amt,0.0412121212121212,4250.254815855462,매장 면적·좌석·브랜드별 매출 자료가 없어 규모별 적합도와 argmax 규모는 산출하지 않음
BRD_20080200287,브레댄코(bread&co.DAILY-NEW),3110006,부암동주민센터,85.66666666666667,bakery_tmzon_21_24_selng_amt | bakery_age_40_share_amt | bakery_age_60_above_share_amt,0.19893939393939392,3364.9970281924807,매장 면적·좌석·브랜드별 매출 자료가 없어 규모별 적합도와 argmax 규모는 산출하지 않음
BRD_20080200287,브레댄코(bread&co.DAILY-NEW),3110007,사직공원(한국사회과학도서관),86.66666666666667,bakery_tmzon_21_24_selng_amt | bakery_age_40_share_amt | bakery_age_60_above_share_amt,0.22515151515151513,1780.153083260405,매장 면적·좌석·브랜드별 매출 자료가 없어 규모별 적합도와 argmax 규모는 산출하지 않음
BRD_20080200287,브레댄코(bread&co.DAILY-NEW),3110009,자하문터널,87.66666666666667,bakery_tmzon_21_24_selng_amt | bakery_age_40_share_amt | bakery_age_60_above_share_amt,0.1396969696969697,3534.0611199798327,매장 면적·좌석·브랜드별 매출 자료가 없어 규모별 적합도와 argmax 규모는 산출하지 않음
BRD_20080200287,브레댄코(bread&co.DAILY-NEW),3110011,청운초등학교,88.66666666666667,bakery_tmzon_21_24_selng_amt | bakery_age_40_share_amt | bakery_age_60_above_share_amt,0.29060606060606065,2610.711014227481,매장 면적·좌석·브랜드별 매출 자료가 없어 규모별 적합도와 argmax 규모는 산출하지 않음
BRD_20080200287,브레댄코(bread&co.DAILY-NEW),3110013,체부동홍종문가옥,89.66666666666667,bakery_tmzon_21_24_selng_amt | bakery_age_40_share_amt | bakery_age_60_above_share_amt,0.7627272727272727,1756.5016367361377,매장 면적·좌석·브랜드별 매출 자료가 없어 규모별 적합도와 argmax 규모는 산출하지 않음
BRD_20080200287,브레댄코(bread&co.DAILY-NEW),3110014,경복고등학교,90.66666666666667,bakery_tmzon_21_24_selng_amt | bakery_age_40_share_amt | bakery_age_60_above_share_amt,0.09681818181818182,2324.084766061124,매장 면적·좌석·브랜드별 매출 자료가 없어 규모별 적합도와 argmax 규모는 산출하지 않음
BRD_20080200287,브레댄코(bread&co.DAILY-NEW),3110015,청와대사랑채,91.66666666666667,bakery_tmzon_21_24_selng_amt | bakery_age_40_share_amt | bakery_age_60_above_share_amt,0.5595454545454546,1983.2064945080376,매장 면적·좌석·브랜드별 매출 자료가 없어 규모별 적합도와 argmax 규모는 산출하지 않음
BRD_20080200287,브레댄코(bread&co.DAILY-NEW),3110016,평창동동측,92.66666666666667,bakery_tmzon_21_24_selng_amt | bakery_age_40_share_amt | bakery_age_60_above_share_amt,0.03878787878787876,5241.3243555172185,매장 면적·좌석·브랜드별 매출 자료가 없어 규모별 적합도와 argmax 규모는 산출하지 않음
BRD_20080200287,브레댄코(bread&co.DAILY-NEW),3110017,정독도서관,93.66666666666667,bakery_tmzon_21_24_selng_amt | bakery_age_40_share_amt | bakery_age_60_above_share_amt,0.2943939393939394,1950.886977744014,매장 면적·좌석·브랜드별 매출 자료가 없어 규모별 적합도와 argmax 규모는 산출하지 않음
BRD_20080200287,브레댄코(bread&co.DAILY-NEW),3110018,중앙고등학교,94.66666666666667,bakery_tmzon_21_24_selng_amt | bakery_age_40_share_amt | bakery_age_60_above_share_amt,0.4056060606060606,1906.4692496756384,매장 면적·좌석·브랜드별 매출 자료가 없어 규모별 적합도와 argmax 규모는 산출하지 않음
BRD_20080200287,브레댄코(bread&co.DAILY-NEW),3110019,창덕궁,95.66666666666667,bakery_tmzon_21_24_selng_amt | bakery_age_40_share_amt | bakery_age_60_above_share_amt,0.8674242424242424,1340.5677901609135,매장 면적·좌석·브랜드별 매출 자료가 없어 규모별 적합도와 argmax 규모는 산출하지 않음
BRD_20080200287,브레댄코(bread&co.DAILY-NEW),3110020,서울국제고등학교,96.66666666666667,bakery_tmzon_21_24_selng_amt | bakery_age_40_share_amt | bakery_age_60_above_share_amt,0.3506060606060606,2723.9886196513876,매장 면적·좌석·브랜드별 매출 자료가 없어 규모별 적합도와 argmax 규모는 산출하지 않음
BRD_20080200287,브레댄코(bread&co.DAILY-NEW),3110021,성균관대학교,97.66666666666667,bakery_tmzon_21_24_selng_amt | bakery_age_40_share_amt | bakery_age_60_above_share_amt,0.7322727272727272,2345.0665235819138,매장 면적·좌석·브랜드별 매출 자료가 없어 규모별 적합도와 argmax 규모는 산출하지 않음
BRD_20080200287,브레댄코(bread&co.DAILY-NEW),3110022,경신고등학교,98.66666666666667,bakery_tmzon_21_24_selng_amt | bakery_age_40_share_amt | bakery_age_60_above_share_amt,0.6456060606060605,2760.080614768597,매장 면적·좌석·브랜드별 매출 자료가 없어 규모별 적합도와 argmax 규모는 산출하지 않음
BRD_20080200287,브레댄코(bread&co.DAILY-NEW),3110023,서울대병원,99.66666666666667,bakery_tmzon_21_24_selng_amt | bakery_age_40_share_amt | bakery_age_60_above_share_amt,0.823030303030303,2218.403930774457,매장 면적·좌석·브랜드별 매출 자료가 없어 규모별 적합도와 argmax 규모는 산출하지 않음
BRD_20080200287,브레댄코(bread&co.DAILY-NEW),3110024,혜화동주민센터,100.66666666666667,bakery_tmzon_21_24_selng_amt | bakery_age_40_share_amt | bakery_age_60_above_share_amt,0.5354545454545454,2637.467914463214,매장 면적·좌석·브랜드별 매출 자료가 없어 규모별 적합도와 argmax 규모는 산출하지 않음
BRD_20080200287,브레댄코(bread&co.DAILY-NEW),3110025,충신시장옆,101.66666666666667,bakery_tmzon_21_24_selng_amt | bakery_age_40_share_amt | bakery_age_60_above_share_amt,0.38696969696969696,1761.5640777200806,매장 면적·좌석·브랜드별 매출 자료가 없어 규모별 적합도와 argmax 규모는 산출하지 않음
BRD_20080500016,던킨/던킨도너츠,3110001,이북5도청사,69.66666666666667,bakery_tmzon_21_24_selng_amt | bakery_tmzon_21_24_selng_co | bakery_sun_selng_co,0.025000000000000005,2641.754152070837,매장 면적·좌석·브랜드별 매출 자료가 없어 규모별 적합도와 argmax 규모는 산출하지 않음
BRD_20080500016,던킨/던킨도너츠,3110004,대신고등학교,70.66666666666667,bakery_tmzon_21_24_selng_amt | bakery_tmzon_21_24_selng_co | bakery_sun_selng_co,0.2521212121212121,1107.0627804761616,매장 면적·좌석·브랜드별 매출 자료가 없어 규모별 적합도와 argmax 규모는 산출하지 않음
BRD_20080500016,던킨/던킨도너츠,3110005,세검정,71.66666666666667,bakery_tmzon_21_24_selng_amt | bakery_tmzon_21_24_selng_co | bakery_sun_selng_co,0.04196969696969696,2079.606934021927,매장 면적·좌석·브랜드별 매출 자료가 없어 규모별 적합도와 argmax 규모는 산출하지 않음
BRD_20080500016,던킨/던킨도너츠,3110006,부암동주민센터,72.66666666666667,bakery_tmzon_21_24_selng_amt | bakery_tmzon_21_24_selng_co | bakery_sun_selng_co,0.20075757575757575,1556.5101991509443,매장 면적·좌석·브랜드별 매출 자료가 없어 규모별 적합도와 argmax 규모는 산출하지 않음
BRD_20080500016,던킨/던킨도너츠,3110007,사직공원(한국사회과학도서관),73.66666666666667,bakery_tmzon_21_24_selng_amt | bakery_tmzon_21_24_selng_co | bakery_sun_selng_co,0.22818181818181818,720.2923017384417,매장 면적·좌석·브랜드별 매출 자료가 없어 규모별 적합도와 argmax 규모는 산출하지 않음
BRD_20080500016,던킨/던킨도너츠,3110009,자하문터널,74.66666666666667,bakery_tmzon_21_24_selng_amt | bakery_tmzon_21_24_selng_co | bakery_sun_selng_co,0.1416666666666667,1952.8248769579386,매장 면적·좌석·브랜드별 매출 자료가 없어 규모별 적합도와 argmax 규모는 산출하지 않음
BRD_20080500016,던킨/던킨도너츠,3110011,청운초등학교,75.66666666666667,bakery_tmzon_21_24_selng_amt | bakery_tmzon_21_24_selng_co | bakery_sun_selng_co,0.2913636363636364,1387.920746981746,매장 면적·좌석·브랜드별 매출 자료가 없어 규모별 적합도와 argmax 규모는 산출하지 않음
BRD_20080500016,던킨/던킨도너츠,3110014,경복고등학교,76.66666666666667,bakery_tmzon_21_24_selng_amt | bakery_tmzon_21_24_selng_co | bakery_sun_selng_co,0.09727272727272727,1149.8147676622145,매장 면적·좌석·브랜드별 매출 자료가 없어 규모별 적합도와 argmax 규모는 산출하지 않음
BRD_20080500016,던킨/던킨도너츠,3110015,청와대사랑채,77.66666666666667,bakery_tmzon_21_24_selng_amt | bakery_tmzon_21_24_selng_co | bakery_sun_selng_co,0.563030303030303,814.353731469701,매장 면적·좌석·브랜드별 매출 자료가 없어 규모별 적합도와 argmax 규모는 산출하지 않음
BRD_20080500016,던킨/던킨도너츠,3110016,평창동동측,78.66666666666667,bakery_tmzon_21_24_selng_amt | bakery_tmzon_21_24_selng_co | bakery_sun_selng_co,0.03954545454545452,3830.939832476047,매장 면적·좌석·브랜드별 매출 자료가 없어 규모별 적합도와 argmax 규모는 산출하지 않음
BRD_20080500016,던킨/던킨도너츠,3110017,정독도서관,79.66666666666667,bakery_tmzon_21_24_selng_amt | bakery_tmzon_21_24_selng_co | bakery_sun_selng_co,0.29742424242424237,1374.6155826397369,매장 면적·좌석·브랜드별 매출 자료가 없어 규모별 적합도와 argmax 규모는 산출하지 않음
BRD_20080500016,던킨/던킨도너츠,3110018,중앙고등학교,80.66666666666667,bakery_tmzon_21_24_selng_amt | bakery_tmzon_21_24_selng_co | bakery_sun_selng_co,0.40954545454545455,1548.9470617377956,매장 면적·좌석·브랜드별 매출 자료가 없어 규모별 적합도와 argmax 규모는 산출하지 않음
BRD_20080500016,던킨/던킨도너츠,3110019,창덕궁,81.66666666666667,bakery_tmzon_21_24_selng_amt | bakery_tmzon_21_24_selng_co | bakery_sun_selng_co,0.8690909090909091,1536.6359360391723,매장 면적·좌석·브랜드별 매출 자료가 없어 규모별 적합도와 argmax 규모는 산출하지 않음
BRD_20080500016,던킨/던킨도너츠,3110020,서울국제고등학교,82.66666666666667,bakery_tmzon_21_24_selng_amt | bakery_tmzon_21_24_selng_co | bakery_sun_selng_co,0.3528787878787879,2215.1302444536013,매장 면적·좌석·브랜드별 매출 자료가 없어 규모별 적합도와 argmax 규모는 산출하지 않음
BRD_20080500016,던킨/던킨도너츠,3110021,성균관대학교,83.66666666666667,bakery_tmzon_21_24_selng_amt | bakery_tmzon_21_24_selng_co | bakery_sun_selng_co,0.7345454545454545,1679.0381174700499,매장 면적·좌석·브랜드별 매출 자료가 없어 규모별 적합도와 argmax 규모는 산출하지 않음
BRD_20080500016,던킨/던킨도너츠,3110022,경신고등학교,84.66666666666667,bakery_tmzon_21_24_selng_amt | bakery_tmzon_21_24_selng_co | bakery_sun_selng_co,0.6483333333333334,1954.8148249667588,매장 면적·좌석·브랜드별 매출 자료가 없어 규모별 적합도와 argmax 규모는 산출하지 않음
BRD_20080500016,던킨/던킨도너츠,3110023,서울대병원,85.66666666666667,bakery_tmzon_21_24_selng_amt | bakery_tmzon_21_24_selng_co | bakery_sun_selng_co,0.8246969696969697,1045.6863774331625,매장 면적·좌석·브랜드별 매출 자료가 없어 규모별 적합도와 argmax 규모는 산출하지 않음
BRD_20080500016,던킨/던킨도너츠,3110024,혜화동주민센터,86.66666666666667,bakery_tmzon_21_24_selng_amt | bakery_tmzon_21_24_selng_co | bakery_sun_selng_co,0.5375757575757576,1914.6689008589328,매장 면적·좌석·브랜드별 매출 자료가 없어 규모별 적합도와 argmax 규모는 산출하지 않음
BRD_20080500016,던킨/던킨도너츠,3110025,충신시장옆,87.66666666666667,bakery_tmzon_21_24_selng_amt | bakery_tmzon_21_24_selng_co | bakery_sun_selng_co,0.38999999999999996,538.6770832081273,매장 면적·좌석·브랜드별 매출 자료가 없어 규모별 적합도와 argmax 규모는 산출하지 않음
BRD_20080500016,던킨/던킨도너츠,3110027,혜화역 1번,88.66666666666667,bakery_tmzon_21_24_selng_amt | bakery_tmzon_21_24_selng_co | bakery_sun_selng_co,0.5628787878787879,1274.7113398533374,매장 면적·좌석·브랜드별 매출 자료가 없어 규모별 적합도와 argmax 규모는 산출하지 않음
BRD_20120100621,더베이크,3110001,이북5도청사,86.0,bakery_age_20_share_amt | bakery_age_50_share_amt | bakery_age_60_above_share_amt,0.0246969696969697,6566.755667747694,매장 면적·좌석·브랜드별 매출 자료가 없어 규모별 적합도와 argmax 규모는 산출하지 않음
BRD_20120100621,더베이크,3110004,대신고등학교,87.0,bakery_age_20_share_amt | bakery_age_50_share_amt | bakery_age_60_above_share_amt,0.24772727272727274,2860.6688029298825,매장 면적·좌석·브랜드별 매출 자료가 없어 규모별 적합도와 argmax 규모는 산출하지 않음
BRD_20120100621,더베이크,3110005,세검정,88.0,bakery_age_20_share_amt | bakery_age_50_share_amt | bakery_age_60_above_share_amt,0.040909090909090895,5747.404283671618,매장 면적·좌석·브랜드별 매출 자료가 없어 규모별 적합도와 argmax 규모는 산출하지 않음
BRD_20120100621,더베이크,3110006,부암동주민센터,89.0,bakery_age_20_share_amt | bakery_age_50_share_amt | bakery_age_60_above_share_amt,0.1975757575757576,4814.701756080198,매장 면적·좌석·브랜드별 매출 자료가 없어 규모별 적합도와 argmax 규모는 산출하지 않음
BRD_20120100621,더베이크,3110007,사직공원(한국사회과학도서관),90.0,bakery_age_20_share_amt | bakery_age_50_share_amt | bakery_age_60_above_share_amt,0.22378787878787876,3150.1417428565046,매장 면적·좌석·브랜드별 매출 자료가 없어 규모별 적합도와 argmax 규모는 산출하지 않음
BRD_20120100621,더베이크,3110009,자하문터널,91.0,bakery_age_20_share_amt | bakery_age_50_share_amt | bakery_age_60_above_share_amt,0.13803030303030306,5241.159604516535,매장 면적·좌석·브랜드별 매출 자료가 없어 규모별 적합도와 argmax 규모는 산출하지 않음
BRD_20120100621,더베이크,3110011,청운초등학교,92.0,bakery_age_20_share_amt | bakery_age_50_share_amt | bakery_age_60_above_share_amt,0.2903030303030303,4519.464791329542,매장 면적·좌석·브랜드별 매출 자료가 없어 규모별 적합도와 argmax 규모는 산출하지 않음
BRD_20120100621,더베이크,3110013,체부동홍종문가옥,93.0,bakery_age_20_share_amt | bakery_age_50_share_amt | bakery_age_60_above_share_amt,0.761969696969697,3808.7772316204164,매장 면적·좌석·브랜드별 매출 자료가 없어 규모별 적합도와 argmax 규모는 산출하지 않음
BRD_20120100621,더베이크,3110014,경복고등학교,94.0,bakery_age_20_share_amt | bakery_age_50_share_amt | bakery_age_60_above_share_amt,0.09606060606060605,4499.23949130266,매장 면적·좌석·브랜드별 매출 자료가 없어 규모별 적합도와 argmax 규모는 산출하지 않음
BRD_20120100621,더베이크,3110015,청와대사랑채,95.0,bakery_age_20_share_amt | bakery_age_50_share_amt | bakery_age_60_above_share_amt,0.5586363636363636,4291.327300511766,매장 면적·좌석·브랜드별 매출 자료가 없어 규모별 적합도와 argmax 규모는 산출하지 않음
BRD_20120100621,더베이크,3110016,평창동동측,96.0,bakery_age_20_share_amt | bakery_age_50_share_amt | bakery_age_60_above_share_amt,0.03848484848484851,7393.172864205396,매장 면적·좌석·브랜드별 매출 자료가 없어 규모별 적합도와 argmax 규모는 산출하지 않음
BRD_20120100621,더베이크,3110017,정독도서관,97.0,bakery_age_20_share_amt | bakery_age_50_share_amt | bakery_age_60_above_share_amt,0.29333333333333333,5071.513580796269,매장 면적·좌석·브랜드별 매출 자료가 없어 규모별 적합도와 argmax 규모는 산출하지 않음
BRD_20120100621,더베이크,3110018,중앙고등학교,98.0,bakery_age_20_share_amt | bakery_age_50_share_amt | bakery_age_60_above_share_amt,0.40469696969696967,4968.584909187589,매장 면적·좌석·브랜드별 매출 자료가 없어 규모별 적합도와 argmax 규모는 산출하지 않음
BRD_20120100621,더베이크,3110019,창덕궁,99.0,bakery_age_20_share_amt | bakery_age_50_share_amt | bakery_age_60_above_share_amt,0.8668181818181818,4333.608773279723,매장 면적·좌석·브랜드별 매출 자료가 없어 규모별 적합도와 argmax 규모는 산출하지 않음
BRD_20120100621,더베이크,3110020,서울국제고등학교,100.0,bakery_age_20_share_amt | bakery_age_50_share_amt | bakery_age_60_above_share_amt,0.34924242424242424,4718.9919474178405,매장 면적·좌석·브랜드별 매출 자료가 없어 규모별 적합도와 argmax 규모는 산출하지 않음
BRD_20120100621,더베이크,3110021,성균관대학교,101.0,bakery_age_20_share_amt | bakery_age_50_share_amt | bakery_age_60_above_share_amt,0.7307575757575757,4270.945562732066,매장 면적·좌석·브랜드별 매출 자료가 없어 규모별 적합도와 argmax 규모는 산출하지 않음
BRD_20120100621,더베이크,3110022,경신고등학교,102.0,bakery_age_20_share_amt | bakery_age_50_share_amt | bakery_age_60_above_share_amt,0.6446969696969698,4384.413301663855,매장 면적·좌석·브랜드별 매출 자료가 없어 규모별 적합도와 argmax 규모는 산출하지 않음
BRD_20120100621,더베이크,3110023,서울대병원,103.0,bakery_age_20_share_amt | bakery_age_50_share_amt | bakery_age_60_above_share_amt,0.8227272727272728,3670.3167438043865,매장 면적·좌석·브랜드별 매출 자료가 없어 규모별 적합도와 argmax 규모는 산출하지 않음
BRD_20120100621,더베이크,3110024,혜화동주민센터,104.0,bakery_age_20_share_amt | bakery_age_50_share_amt | bakery_age_60_above_share_amt,0.5328787878787878,4252.715367833814,매장 면적·좌석·브랜드별 매출 자료가 없어 규모별 적합도와 argmax 규모는 산출하지 않음
BRD_20120100621,더베이크,3110025,충신시장옆,105.0,bakery_age_20_share_amt | bakery_age_50_share_amt | bakery_age_60_above_share_amt,0.38530303030303026,3243.5058193065297,매장 면적·좌석·브랜드별 매출 자료가 없어 규모별 적합도와 argmax 규모는 산출하지 않음
BRD_20140288,스트릿츄러스,3110001,이북5도청사,75.66666666666667,bakery_age_30_share_amt | bakery_age_20_share_amt | bakery_agrde_60_above_selng_amt,0.0246969696969697,5274.01488430531,매장 면적·좌석·브랜드별 매출 자료가 없어 규모별 적합도와 argmax 규모는 산출하지 않음
BRD_20140288,스트릿츄러스,3110004,대신고등학교,76.66666666666667,bakery_age_30_share_amt | bakery_age_20_share_amt | bakery_agrde_60_above_selng_amt,0.24772727272727274,1955.3835940969639,매장 면적·좌석·브랜드별 매출 자료가 없어 규모별 적합도와 argmax 규모는 산출하지 않음
BRD_20140288,스트릿츄러스,3110005,세검정,77.66666666666667,bakery_age_30_share_amt | bakery_age_20_share_amt | bakery_agrde_60_above_selng_amt,0.040909090909090895,4515.175854819272,매장 면적·좌석·브랜드별 매출 자료가 없어 규모별 적합도와 argmax 규모는 산출하지 않음
BRD_20140288,스트릿츄러스,3110006,부암동주민센터,78.66666666666667,bakery_age_30_share_amt | bakery_age_20_share_amt | bakery_agrde_60_above_selng_amt,0.1975757575757576,3635.7175357811143,매장 면적·좌석·브랜드별 매출 자료가 없어 규모별 적합도와 argmax 규모는 산출하지 않음
BRD_20140288,스트릿츄러스,3110007,사직공원(한국사회과학도서관),79.66666666666667,bakery_age_30_share_amt | bakery_age_20_share_amt | bakery_agrde_60_above_selng_amt,0.22378787878787876,2324.329150547483,매장 면적·좌석·브랜드별 매출 자료가 없어 규모별 적합도와 argmax 규모는 산출하지 않음
BRD_20140288,스트릿츄러스,3110009,자하문터널,80.66666666666667,bakery_age_30_share_amt | bakery_age_20_share_amt | bakery_agrde_60_above_selng_amt,0.13833333333333336,4078.8352504104337,매장 면적·좌석·브랜드별 매출 자료가 없어 규모별 적합도와 argmax 규모는 산출하지 않음
BRD_20140288,스트릿츄러스,3110011,청운초등학교,81.66666666666667,bakery_age_30_share_amt | bakery_age_20_share_amt | bakery_agrde_60_above_selng_amt,0.29000000000000004,3480.2909361208635,매장 면적·좌석·브랜드별 매출 자료가 없어 규모별 적합도와 argmax 규모는 산출하지 않음
BRD_20140288,스트릿츄러스,3110013,체부동홍종문가옥,82.66666666666667,bakery_age_30_share_amt | bakery_age_20_share_amt | bakery_agrde_60_above_selng_amt,0.7616666666666667,2958.8073610989363,매장 면적·좌석·브랜드별 매출 자료가 없어 규모별 적합도와 argmax 규모는 산출하지 않음
BRD_20140288,스트릿츄러스,3110014,경복고등학교,83.66666666666667,bakery_age_30_share_amt | bakery_age_20_share_amt | bakery_agrde_60_above_selng_amt,0.09621212121212121,3534.49246711188,매장 면적·좌석·브랜드별 매출 자료가 없어 규모별 적합도와 argmax 규모는 산출하지 않음
BRD_20140288,스트릿츄러스,3110015,청와대사랑채,84.66666666666667,bakery_age_30_share_amt | bakery_age_20_share_amt | bakery_agrde_60_above_selng_amt,0.5586363636363636,3402.017783623623,매장 면적·좌석·브랜드별 매출 자료가 없어 규모별 적합도와 argmax 규모는 산출하지 않음
BRD_20140288,스트릿츄러스,3110016,평창동동측,85.66666666666667,bakery_age_30_share_amt | bakery_age_20_share_amt | bakery_agrde_60_above_selng_amt,0.03848484848484851,6215.459596840846,매장 면적·좌석·브랜드별 매출 자료가 없어 규모별 적합도와 argmax 규모는 산출하지 않음
BRD_20140288,스트릿츄러스,3110017,정독도서관,86.66666666666667,bakery_age_30_share_amt | bakery_age_20_share_amt | bakery_agrde_60_above_selng_amt,0.29348484848484846,4318.1923301481565,매장 면적·좌석·브랜드별 매출 자료가 없어 규모별 적합도와 argmax 규모는 산출하지 않음
BRD_20140288,스트릿츄러스,3110018,중앙고등학교,87.66666666666667,bakery_age_30_share_amt | bakery_age_20_share_amt | bakery_agrde_60_above_selng_amt,0.40454545454545454,4537.164092268891,매장 면적·좌석·브랜드별 매출 자료가 없어 규모별 적합도와 argmax 규모는 산출하지 않음
BRD_20140288,스트릿츄러스,3110019,창덕궁,88.66666666666667,bakery_age_30_share_amt | bakery_age_20_share_amt | bakery_agrde_60_above_selng_amt,0.8668181818181818,4557.467827668046,매장 면적·좌석·브랜드별 매출 자료가 없어 규모별 적합도와 argmax 규모는 산출하지 않음
BRD_20140288,스트릿츄러스,3110020,서울국제고등학교,89.66666666666667,bakery_age_30_share_amt | bakery_age_20_share_amt | bakery_agrde_60_above_selng_amt,0.34924242424242424,5459.068143941342,매장 면적·좌석·브랜드별 매출 자료가 없어 규모별 적합도와 argmax 규모는 산출하지 않음
BRD_20140288,스트릿츄러스,3110021,성균관대학교,90.66666666666667,bakery_age_30_share_amt | bakery_age_20_share_amt | bakery_agrde_60_above_selng_amt,0.7304545454545455,5362.418297767187,매장 면적·좌석·브랜드별 매출 자료가 없어 규모별 적합도와 argmax 규모는 산출하지 않음
BRD_20140288,스트릿츄러스,3110022,경신고등학교,91.66666666666667,bakery_age_30_share_amt | bakery_age_20_share_amt | bakery_agrde_60_above_selng_amt,0.6442424242424243,5677.697596757185,매장 면적·좌석·브랜드별 매출 자료가 없어 규모별 적합도와 argmax 규모는 산출하지 않음
BRD_20140288,스트릿츄러스,3110023,서울대병원,92.66666666666667,bakery_age_30_share_amt | bakery_age_20_share_amt | bakery_agrde_60_above_selng_amt,0.8218181818181818,5534.006234210015,매장 면적·좌석·브랜드별 매출 자료가 없어 규모별 적합도와 argmax 규모는 산출하지 않음
BRD_20140288,스트릿츄러스,3110024,혜화동주민센터,93.66666666666667,bakery_age_30_share_amt | bakery_age_20_share_amt | bakery_agrde_60_above_selng_amt,0.5327272727272727,5867.892466655673,매장 면적·좌석·브랜드별 매출 자료가 없어 규모별 적합도와 argmax 규모는 산출하지 않음
BRD_20140288,스트릿츄러스,3110025,충신시장옆,94.66666666666667,bakery_age_30_share_amt | bakery_age_20_share_amt | bakery_agrde_60_above_selng_amt,0.38530303030303026,5638.049308077211,매장 면적·좌석·브랜드별 매출 자료가 없어 규모별 적합도와 argmax 규모는 산출하지 않음
BRD_20140306,롤링핀,3110001,이북5도청사,89.0,bakery_weekend_share_cnt | bakery_weekend_share_amt | bakery_age_40_share_amt,0.0246969696969697,6546.479741005122,매장 면적·좌석·브랜드별 매출 자료가 없어 규모별 적합도와 argmax 규모는 산출하지 않음
BRD_20140306,롤링핀,3110004,대신고등학교,90.0,bakery_weekend_share_cnt | bakery_weekend_share_amt | bakery_age_40_share_amt,0.24772727272727274,6011.66507713057,매장 면적·좌석·브랜드별 매출 자료가 없어 규모별 적합도와 argmax 규모는 산출하지 않음
BRD_20140306,롤링핀,3110005,세검정,91.0,bakery_weekend_share_cnt | bakery_weekend_share_amt | bakery_age_40_share_amt,0.040909090909090895,5836.405143533827,매장 면적·좌석·브랜드별 매출 자료가 없어 규모별 적합도와 argmax 규모는 산출하지 않음
BRD_20140306,롤링핀,3110006,부암동주민센터,92.0,bakery_weekend_share_cnt | bakery_weekend_share_amt | bakery_age_40_share_amt,0.19742424242424245,5646.739590198348,매장 면적·좌석·브랜드별 매출 자료가 없어 규모별 적합도와 argmax 규모는 산출하지 않음
BRD_20140306,롤링핀,3110007,사직공원(한국사회과학도서관),93.0,bakery_weekend_share_cnt | bakery_weekend_share_amt | bakery_age_40_share_amt,0.22378787878787876,5624.052631298765,매장 면적·좌석·브랜드별 매출 자료가 없어 규모별 적합도와 argmax 규모는 산출하지 않음
BRD_20140306,롤링핀,3110009,자하문터널,94.0,bakery_weekend_share_cnt | bakery_weekend_share_amt | bakery_age_40_share_amt,0.13803030303030306,5402.67202405643,매장 면적·좌석·브랜드별 매출 자료가 없어 규모별 적합도와 argmax 규모는 산출하지 않음
BRD_20140306,롤링핀,3110011,청운초등학교,95.0,bakery_weekend_share_cnt | bakery_weekend_share_amt | bakery_age_40_share_amt,0.29000000000000004,5104.198369928585,매장 면적·좌석·브랜드별 매출 자료가 없어 규모별 적합도와 argmax 규모는 산출하지 않음
BRD_20140306,롤링핀,3110013,체부동홍종문가옥,96.0,bakery_weekend_share_cnt | bakery_weekend_share_amt | bakery_age_40_share_amt,0.7616666666666667,5079.226811202021,매장 면적·좌석·브랜드별 매출 자료가 없어 규모별 적합도와 argmax 규모는 산출하지 않음
BRD_20140306,롤링핀,3110014,경복고등학교,97.0,bakery_weekend_share_cnt | bakery_weekend_share_amt | bakery_age_40_share_amt,0.09606060606060605,4844.654476803467,매장 면적·좌석·브랜드별 매출 자료가 없어 규모별 적합도와 argmax 규모는 산출하지 않음
BRD_20140306,롤링핀,3110015,청와대사랑채,98.0,bakery_weekend_share_cnt | bakery_weekend_share_amt | bakery_age_40_share_amt,0.5583333333333333,4771.332413449608,매장 면적·좌석·브랜드별 매출 자료가 없어 규모별 적합도와 argmax 규모는 산출하지 않음
BRD_20140306,롤링핀,3110016,평창동동측,99.0,bakery_weekend_share_cnt | bakery_weekend_share_amt | bakery_age_40_share_amt,0.03848484848484851,5325.348063695221,매장 면적·좌석·브랜드별 매출 자료가 없어 규모별 적합도와 argmax 규모는 산출하지 않음
BRD_20140306,롤링핀,3110017,정독도서관,100.0,bakery_weekend_share_cnt | bakery_weekend_share_amt | bakery_age_40_share_amt,0.29348484848484846,3763.8529460793034,매장 면적·좌석·브랜드별 매출 자료가 없어 규모별 적합도와 argmax 규모는 산출하지 않음
BRD_20140306,롤링핀,3110018,중앙고등학교,101.0,bakery_weekend_share_cnt | bakery_weekend_share_amt | bakery_age_40_share_amt,0.40484848484848485,3475.5741971275456,매장 면적·좌석·브랜드별 매출 자료가 없어 규모별 적합도와 argmax 규모는 산출하지 않음
BRD_20140306,롤링핀,3110019,창덕궁,102.0,bakery_weekend_share_cnt | bakery_weekend_share_amt | bakery_age_40_share_amt,0.8665151515151516,3347.207940926403,매장 면적·좌석·브랜드별 매출 자료가 없어 규모별 적합도와 argmax 규모는 산출하지 않음
BRD_20140306,롤링핀,3110020,서울국제고등학교,103.0,bakery_weekend_share_cnt | bakery_weekend_share_amt | bakery_age_40_share_amt,0.34893939393939394,2727.4678732792413,매장 면적·좌석·브랜드별 매출 자료가 없어 규모별 적합도와 argmax 규모는 산출하지 않음
BRD_20140306,롤링핀,3110021,성균관대학교,104.0,bakery_weekend_share_cnt | bakery_weekend_share_amt | bakery_age_40_share_amt,0.7306060606060607,2596.573896465706,매장 면적·좌석·브랜드별 매출 자료가 없어 규모별 적합도와 argmax 규모는 산출하지 않음
BRD_20140306,롤링핀,3110022,경신고등학교,105.0,bakery_weekend_share_cnt | bakery_weekend_share_amt | bakery_age_40_share_amt,0.6445454545454545,2402.0832624626178,매장 면적·좌석·브랜드별 매출 자료가 없어 규모별 적합도와 argmax 규모는 산출하지 않음
BRD_20140306,롤링핀,3110023,서울대병원,106.0,bakery_weekend_share_cnt | bakery_weekend_share_amt | bakery_age_40_share_amt,0.8218181818181818,2370.2525181636624,매장 면적·좌석·브랜드별 매출 자료가 없어 규모별 적합도와 argmax 규모는 산출하지 않음
BRD_20140306,롤링핀,3110024,혜화동주민센터,107.0,bakery_weekend_share_cnt | bakery_weekend_share_amt | bakery_age_40_share_amt,0.5328787878787878,2202.008174330506,매장 면적·좌석·브랜드별 매출 자료가 없어 규모별 적합도와 argmax 규모는 산출하지 않음
BRD_20140306,롤링핀,3110025,충신시장옆,108.0,bakery_weekend_share_cnt | bakery_weekend_share_amt | bakery_age_40_share_amt,0.38530303030303026,2387.328632572475,매장 면적·좌석·브랜드별 매출 자료가 없어 규모별 적합도와 argmax 규모는 산출하지 않음
BRD_20140778,크리스피크림,3110001,이북5도청사,88.0,bakery_weekend_share_cnt | bakery_weekend_share_amt | bakery_age_10_share_amt,0.0246969696969697,5849.000769365813,매장 면적·좌석·브랜드별 매출 자료가 없어 규모별 적합도와 argmax 규모는 산출하지 않음
BRD_20140778,크리스피크림,3110004,대신고등학교,89.0,bakery_weekend_share_cnt | bakery_weekend_share_amt | bakery_age_10_share_amt,0.2478787878787879,3629.350492838436,매장 면적·좌석·브랜드별 매출 자료가 없어 규모별 적합도와 argmax 규모는 산출하지 않음
BRD_20140778,크리스피크림,3110005,세검정,90.0,bakery_weekend_share_cnt | bakery_weekend_share_amt | bakery_age_10_share_amt,0.040909090909090895,5523.849563493579,매장 면적·좌석·브랜드별 매출 자료가 없어 규모별 적합도와 argmax 규모는 산출하지 않음
BRD_20140778,크리스피크림,3110006,부암동주민센터,91.0,bakery_weekend_share_cnt | bakery_weekend_share_amt | bakery_age_10_share_amt,0.19742424242424245,4999.900499025193,매장 면적·좌석·브랜드별 매출 자료가 없어 규모별 적합도와 argmax 규모는 산출하지 않음
BRD_20140778,크리스피크림,3110007,사직공원(한국사회과학도서관),92.0,bakery_weekend_share_cnt | bakery_weekend_share_amt | bakery_age_10_share_amt,0.2239393939393939,3630.7798060279447,매장 면적·좌석·브랜드별 매출 자료가 없어 규모별 적합도와 argmax 규모는 산출하지 않음
BRD_20140778,크리스피크림,3110009,자하문터널,93.0,bakery_weekend_share_cnt | bakery_weekend_share_amt | bakery_age_10_share_amt,0.13803030303030306,5419.3283716853775,매장 면적·좌석·브랜드별 매출 자료가 없어 규모별 적합도와 argmax 규모는 산출하지 않음
BRD_20140778,크리스피크림,3110011,청운초등학교,94.0,bakery_weekend_share_cnt | bakery_weekend_share_amt | bakery_age_10_share_amt,0.29000000000000004,5014.220278348416,매장 면적·좌석·브랜드별 매출 자료가 없어 규모별 적합도와 argmax 규모는 산출하지 않음
BRD_20140778,크리스피크림,3110013,체부동홍종문가옥,95.0,bakery_weekend_share_cnt | bakery_weekend_share_amt | bakery_age_10_share_amt,0.7616666666666667,4070.3863452794503,매장 면적·좌석·브랜드별 매출 자료가 없어 규모별 적합도와 argmax 규모는 산출하지 않음
BRD_20140778,크리스피크림,3110014,경복고등학교,96.0,bakery_weekend_share_cnt | bakery_weekend_share_amt | bakery_age_10_share_amt,0.09606060606060605,4817.050238455702,매장 면적·좌석·브랜드별 매출 자료가 없어 규모별 적합도와 argmax 규모는 산출하지 않음
BRD_20140778,크리스피크림,3110015,청와대사랑채,97.0,bakery_weekend_share_cnt | bakery_weekend_share_amt | bakery_age_10_share_amt,0.5589393939393938,4488.695244702924,매장 면적·좌석·브랜드별 매출 자료가 없어 규모별 적합도와 argmax 규모는 산출하지 않음
BRD_20140778,크리스피크림,3110016,평창동동측,98.0,bakery_weekend_share_cnt | bakery_weekend_share_amt | bakery_age_10_share_amt,0.03848484848484851,7246.849315400143,매장 면적·좌석·브랜드별 매출 자료가 없어 규모별 적합도와 argmax 규모는 산출하지 않음
BRD_20140778,크리스피크림,3110017,정독도서관,99.0,bakery_weekend_share_cnt | bakery_weekend_share_amt | bakery_age_10_share_amt,0.2936363636363636,4768.746271275604,매장 면적·좌석·브랜드별 매출 자료가 없어 규모별 적합도와 argmax 규모는 산출하지 않음
BRD_20140778,크리스피크림,3110018,중앙고등학교,100.0,bakery_weekend_share_cnt | bakery_weekend_share_amt | bakery_age_10_share_amt,0.40454545454545454,4758.587395415411,매장 면적·좌석·브랜드별 매출 자료가 없어 규모별 적합도와 argmax 규모는 산출하지 않음
BRD_20140778,크리스피크림,3110019,창덕궁,101.0,bakery_weekend_share_cnt | bakery_weekend_share_amt | bakery_age_10_share_amt,0.8671212121212122,4161.290304681315,매장 면적·좌석·브랜드별 매출 자료가 없어 규모별 적합도와 argmax 규모는 산출하지 않음
BRD_20140778,크리스피크림,3110020,서울국제고등학교,102.0,bakery_weekend_share_cnt | bakery_weekend_share_amt | bakery_age_10_share_amt,0.34893939393939394,5574.437460387957,매장 면적·좌석·브랜드별 매출 자료가 없어 규모별 적합도와 argmax 규모는 산출하지 않음
BRD_20140778,크리스피크림,3110021,성균관대학교,103.0,bakery_weekend_share_cnt | bakery_weekend_share_amt | bakery_age_10_share_amt,0.7313636363636364,5158.962104900223,매장 면적·좌석·브랜드별 매출 자료가 없어 규모별 적합도와 argmax 규모는 산출하지 않음
BRD_20140778,크리스피크림,3110022,경신고등학교,104.0,bakery_weekend_share_cnt | bakery_weekend_share_amt | bakery_age_10_share_amt,0.6445454545454545,5580.608031368951,매장 면적·좌석·브랜드별 매출 자료가 없어 규모별 적합도와 argmax 규모는 산출하지 않음
BRD_20140778,크리스피크림,3110023,서울대병원,105.0,bakery_weekend_share_cnt | bakery_weekend_share_amt | bakery_age_10_share_amt,0.8222727272727273,4897.916802051086,매장 면적·좌석·브랜드별 매출 자료가 없어 규모별 적합도와 argmax 규모는 산출하지 않음
BRD_20140778,크리스피크림,3110024,혜화동주민센터,106.0,bakery_weekend_share_cnt | bakery_weekend_share_amt | bakery_age_10_share_amt,0.5327272727272727,5693.107587230117,매장 면적·좌석·브랜드별 매출 자료가 없어 규모별 적합도와 argmax 규모는 산출하지 않음
BRD_20140778,크리스피크림,3110025,충신시장옆,107.0,bakery_weekend_share_cnt | bakery_weekend_share_amt | bakery_age_10_share_amt,0.38636363636363635,4661.564115168947,매장 면적·좌석·브랜드별 매출 자료가 없어 규모별 적합도와 argmax 규모는 산출하지 않음
BRD_20150052,빵장수단팥빵,3110001,이북5도청사,90.33333333333333,bakery_age_50_share_amt | bakery_age_40_share_amt | bakery_age_60_above_share_amt,0.0246969696969697,7463.56617172503,매장 면적·좌석·브랜드별 매출 자료가 없어 규모별 적합도와 argmax 규모는 산출하지 않음
BRD_20150052,빵장수단팥빵,3110004,대신고등학교,91.33333333333333,bakery_age_50_share_amt | bakery_age_40_share_amt | bakery_age_60_above_share_amt,0.2475757575757576,4616.8285651358365,매장 면적·좌석·브랜드별 매출 자료가 없어 규모별 적합도와 argmax 규모는 산출하지 않음
BRD_20150052,빵장수단팥빵,3110005,세검정,92.33333333333333,bakery_age_50_share_amt | bakery_age_40_share_amt | bakery_age_60_above_share_amt,0.040909090909090895,6888.972347146183,매장 면적·좌석·브랜드별 매출 자료가 없어 규모별 적합도와 argmax 규모는 산출하지 않음
BRD_20150052,빵장수단팥빵,3110006,부암동주민센터,93.33333333333333,bakery_age_50_share_amt | bakery_age_40_share_amt | bakery_age_60_above_share_amt,0.19742424242424245,6124.44356654374,매장 면적·좌석·브랜드별 매출 자료가 없어 규모별 적합도와 argmax 규모는 산출하지 않음
BRD_20150052,빵장수단팥빵,3110007,사직공원(한국사회과학도서관),94.33333333333333,bakery_age_50_share_amt | bakery_age_40_share_amt | bakery_age_60_above_share_amt,0.2236363636363636,4983.928671223678,매장 면적·좌석·브랜드별 매출 자료가 없어 규모별 적합도와 argmax 규모는 산출하지 않음
BRD_20150052,빵장수단팥빵,3110009,자하문터널,95.33333333333333,bakery_age_50_share_amt | bakery_age_40_share_amt | bakery_age_60_above_share_amt,0.13803030303030306,6573.4656004091685,매장 면적·좌석·브랜드별 매출 자료가 없어 규모별 적합도와 argmax 규모는 산출하지 않음
BRD_20150052,빵장수단팥빵,3110011,청운초등학교,96.33333333333333,bakery_age_50_share_amt | bakery_age_40_share_amt | bakery_age_60_above_share_amt,0.29000000000000004,6089.96305405796,매장 면적·좌석·브랜드별 매출 자료가 없어 규모별 적합도와 argmax 규모는 산출하지 않음
BRD_20150052,빵장수단팥빵,3110013,체부동홍종문가옥,97.33333333333333,bakery_age_50_share_amt | bakery_age_40_share_amt | bakery_age_60_above_share_amt,0.7616666666666667,5620.088611385205,매장 면적·좌석·브랜드별 매출 자료가 없어 규모별 적합도와 argmax 규모는 산출하지 않음
BRD_20150052,빵장수단팥빵,3110014,경복고등학교,98.33333333333333,bakery_age_50_share_amt | bakery_age_40_share_amt | bakery_age_60_above_share_amt,0.09606060606060605,6173.837056466056,매장 면적·좌석·브랜드별 매출 자료가 없어 규모별 적합도와 argmax 규모는 산출하지 않음
BRD_20150052,빵장수단팥빵,3110015,청와대사랑채,99.33333333333333,bakery_age_50_share_amt | bakery_age_40_share_amt | bakery_age_60_above_share_amt,0.5587878787878788,6058.79872580393,매장 면적·좌석·브랜드별 매출 자료가 없어 규모별 적합도와 argmax 규모는 산출하지 않음
BRD_20150052,빵장수단팥빵,3110016,평창동동측,100.33333333333333,bakery_age_50_share_amt | bakery_age_40_share_amt | bakery_age_60_above_share_amt,0.03848484848484851,8639.028012437573,매장 면적·좌석·브랜드별 매출 자료가 없어 규모별 적합도와 argmax 규모는 산출하지 않음
BRD_20150052,빵장수단팥빵,3110017,정독도서관,101.33333333333333,bakery_age_50_share_amt | bakery_age_40_share_amt | bakery_age_60_above_share_amt,0.29333333333333333,6978.849905233856,매장 면적·좌석·브랜드별 매출 자료가 없어 규모별 적합도와 argmax 규모는 산출하지 않음
BRD_20150052,빵장수단팥빵,3110018,중앙고등학교,102.33333333333333,bakery_age_50_share_amt | bakery_age_40_share_amt | bakery_age_60_above_share_amt,0.40484848484848485,7192.937716940216,매장 면적·좌석·브랜드별 매출 자료가 없어 규모별 적합도와 argmax 규모는 산출하지 않음
BRD_20150052,빵장수단팥빵,3110019,창덕궁,103.33333333333333,bakery_age_50_share_amt | bakery_age_40_share_amt | bakery_age_60_above_share_amt,0.866969696969697,7159.460314842344,매장 면적·좌석·브랜드별 매출 자료가 없어 규모별 적합도와 argmax 규모는 산출하지 않음
BRD_20150052,빵장수단팥빵,3110020,서울국제고등학교,104.33333333333333,bakery_age_50_share_amt | bakery_age_40_share_amt | bakery_age_60_above_share_amt,0.34893939393939394,8118.767394115252,매장 면적·좌석·브랜드별 매출 자료가 없어 규모별 적합도와 argmax 규모는 산출하지 않음
BRD_20150052,빵장수단팥빵,3110021,성균관대학교,105.33333333333333,bakery_age_50_share_amt | bakery_age_40_share_amt | bakery_age_60_above_share_amt,0.7304545454545455,8005.35102289492,매장 면적·좌석·브랜드별 매출 자료가 없어 규모별 적합도와 argmax 규모는 산출하지 않음
BRD_20150052,빵장수단팥빵,3110022,경신고등학교,106.33333333333333,bakery_age_50_share_amt | bakery_age_40_share_amt | bakery_age_60_above_share_amt,0.6445454545454545,8331.242464347602,매장 면적·좌석·브랜드별 매출 자료가 없어 규모별 적합도와 argmax 규모는 산출하지 않음
BRD_20150052,빵장수단팥빵,3110023,서울대병원,107.33333333333333,bakery_age_50_share_amt | bakery_age_40_share_amt | bakery_age_60_above_share_amt,0.8222727272727273,8136.2336495319905,매장 면적·좌석·브랜드별 매출 자료가 없어 규모별 적합도와 argmax 규모는 산출하지 않음
BRD_20150052,빵장수단팥빵,3110024,혜화동주민센터,108.33333333333333,bakery_age_50_share_amt | bakery_age_40_share_amt | bakery_age_60_above_share_amt,0.5327272727272727,8519.244391361523,매장 면적·좌석·브랜드별 매출 자료가 없어 규모별 적합도와 argmax 규모는 산출하지 않음
BRD_20150052,빵장수단팥빵,3110025,충신시장옆,109.33333333333333,bakery_age_50_share_amt | bakery_age_40_share_amt | bakery_age_60_above_share_amt,0.38530303030303026,8191.689508263164,매장 면적·좌석·브랜드별 매출 자료가 없어 규모별 적합도와 argmax 규모는 산출하지 않음
BRD_20150085,못난이꽈배기,3110001,이북5도청사,88.66666666666667,bakery_age_20_share_amt | bakery_age_40_share_amt | bakery_age_60_above_share_amt,0.0246969696969697,5887.263540873751,매장 면적·좌석·브랜드별 매출 자료가 없어 규모별 적합도와 argmax 규모는 산출하지 않음
BRD_20150085,못난이꽈배기,3110004,대신고등학교,89.66666666666667,bakery_age_20_share_amt | bakery_age_40_share_amt | bakery_age_60_above_share_amt,0.24893939393939396,2557.743145789743,매장 면적·좌석·브랜드별 매출 자료가 없어 규모별 적합도와 argmax 규모는 산출하지 않음
BRD_20150085,못난이꽈배기,3110005,세검정,90.66666666666667,bakery_age_20_share_amt | bakery_age_40_share_amt | bakery_age_60_above_share_amt,0.04106060606060605,4842.512570944343,매장 면적·좌석·브랜드별 매출 자료가 없어 규모별 적합도와 argmax 규모는 산출하지 않음
BRD_20150085,못난이꽈배기,3110006,부암동주민센터,91.66666666666667,bakery_age_20_share_amt | bakery_age_40_share_amt | bakery_age_60_above_share_amt,0.1975757575757576,3955.7711005294327,매장 면적·좌석·브랜드별 매출 자료가 없어 규모별 적합도와 argmax 규모는 산출하지 않음
BRD_20150085,못난이꽈배기,3110007,사직공원(한국사회과학도서관),92.66666666666667,bakery_age_20_share_amt | bakery_age_40_share_amt | bakery_age_60_above_share_amt,0.22499999999999998,2295.173413895723,매장 면적·좌석·브랜드별 매출 자료가 없어 규모별 적합도와 argmax 규모는 산출하지 않음
BRD_20150085,못난이꽈배기,3110009,자하문터널,93.66666666666667,bakery_age_20_share_amt | bakery_age_40_share_amt | bakery_age_60_above_share_amt,0.1398484848484849,4126.285738989796,매장 면적·좌석·브랜드별 매출 자료가 없어 규모별 적합도와 argmax 규모는 산출하지 않음
BRD_20150085,못난이꽈배기,3110011,청운초등학교,94.66666666666667,bakery_age_20_share_amt | bakery_age_40_share_amt | bakery_age_60_above_share_amt,0.29075757575757577,3203.0825777414248,매장 면적·좌석·브랜드별 매출 자료가 없어 규모별 적합도와 argmax 규모는 산출하지 않음
BRD_20150085,못난이꽈배기,3110013,체부동홍종문가옥,95.66666666666667,bakery_age_20_share_amt | bakery_age_40_share_amt | bakery_age_60_above_share_amt,0.7624242424242424,2338.452479710718,매장 면적·좌석·브랜드별 매출 자료가 없어 규모별 적합도와 argmax 규모는 산출하지 않음
BRD_20150085,못난이꽈배기,3110014,경복고등학교,96.66666666666667,bakery_age_20_share_amt | bakery_age_40_share_amt | bakery_age_60_above_share_amt,0.09651515151515151,2916.3655463352916,매장 면적·좌석·브랜드별 매출 자료가 없어 규모별 적합도와 argmax 규모는 산출하지 않음
BRD_20150085,못난이꽈배기,3110015,청와대사랑채,97.66666666666667,bakery_age_20_share_amt | bakery_age_40_share_amt | bakery_age_60_above_share_amt,0.5584848484848485,2575.7332936208754,매장 면적·좌석·브랜드별 매출 자료가 없어 규모별 적합도와 argmax 규모는 산출하지 않음
BRD_20150085,못난이꽈배기,3110016,평창동동측,98.66666666666667,bakery_age_20_share_amt | bakery_age_40_share_amt | bakery_age_60_above_share_amt,0.03863636363636366,5241.740932161373,매장 면적·좌석·브랜드별 매출 자료가 없어 규모별 적합도와 argmax 규모는 산출하지 않음
BRD_20150085,못난이꽈배기,3110017,정독도서관,99.66666666666667,bakery_age_20_share_amt | bakery_age_40_share_amt | bakery_age_60_above_share_amt,0.2948484848484848,2480.1520114541554,매장 면적·좌석·브랜드별 매출 자료가 없어 규모별 적합도와 argmax 규모는 산출하지 않음
BRD_20150085,못난이꽈배기,3110018,중앙고등학교,100.66666666666667,bakery_age_20_share_amt | bakery_age_40_share_amt | bakery_age_60_above_share_amt,0.4053030303030303,2392.5561644275467,매장 면적·좌석·브랜드별 매출 자료가 없어 규모별 적합도와 argmax 규모는 산출하지 않음
BRD_20150085,못난이꽈배기,3110019,창덕궁,101.66666666666667,bakery_age_20_share_amt | bakery_age_40_share_amt | bakery_age_60_above_share_amt,0.8672727272727272,1702.0987045357567,매장 면적·좌석·브랜드별 매출 자료가 없어 규모별 적합도와 argmax 규모는 산출하지 않음
BRD_20150085,못난이꽈배기,3110020,서울국제고등학교,102.66666666666667,bakery_age_20_share_amt | bakery_age_40_share_amt | bakery_age_60_above_share_amt,0.3513636363636364,3127.885547772442,매장 면적·좌석·브랜드별 매출 자료가 없어 규모별 적합도와 argmax 규모는 산출하지 않음
BRD_20150085,못난이꽈배기,3110021,성균관대학교,103.66666666666667,bakery_age_20_share_amt | bakery_age_40_share_amt | bakery_age_60_above_share_amt,0.7312121212121212,2686.9300325815084,매장 면적·좌석·브랜드별 매출 자료가 없어 규모별 적합도와 argmax 규모는 산출하지 않음
BRD_20150085,못난이꽈배기,3110022,경신고등학교,104.66666666666667,bakery_age_20_share_amt | bakery_age_40_share_amt | bakery_age_60_above_share_amt,0.645,2948.8073860281193,매장 면적·좌석·브랜드별 매출 자료가 없어 규모별 적합도와 argmax 규모는 산출하지 않음
BRD_20150085,못난이꽈배기,3110023,서울대병원,105.66666666666667,bakery_age_20_share_amt | bakery_age_40_share_amt | bakery_age_60_above_share_amt,0.8225757575757575,2127.806382152437,매장 면적·좌석·브랜드별 매출 자료가 없어 규모별 적합도와 argmax 규모는 산출하지 않음
BRD_20150085,못난이꽈배기,3110024,혜화동주민센터,106.66666666666667,bakery_age_20_share_amt | bakery_age_40_share_amt | bakery_age_60_above_share_amt,0.5333333333333333,2855.418883438226,매장 면적·좌석·브랜드별 매출 자료가 없어 규모별 적합도와 argmax 규모는 산출하지 않음
BRD_20150085,못난이꽈배기,3110025,충신시장옆,107.66666666666667,bakery_age_20_share_amt | bakery_age_40_share_amt | bakery_age_60_above_share_amt,0.38575757575757574,1658.1088625140299,매장 면적·좌석·브랜드별 매출 자료가 없어 규모별 적합도와 argmax 규모는 산출하지 않음
BRD_20160521,심봉사도로케,3110001,이북5도청사,70.0,bakery_fri_selng_co | bakery_mon_selng_co | bakery_agrde_60_above_selng_co,0.0246969696969697,8905.604752068723,매장 면적·좌석·브랜드별 매출 자료가 없어 규모별 적합도와 argmax 규모는 산출하지 않음
BRD_20160521,심봉사도로케,3110004,대신고등학교,71.0,bakery_fri_selng_co | bakery_mon_selng_co | bakery_agrde_60_above_selng_co,0.24803030303030305,6997.3876554165645,매장 면적·좌석·브랜드별 매출 자료가 없어 규모별 적합도와 argmax 규모는 산출하지 않음
BRD_20160521,심봉사도로케,3110005,세검정,72.0,bakery_fri_selng_co | bakery_mon_selng_co | bakery_agrde_60_above_selng_co,0.040909090909090895,8009.091084516583,매장 면적·좌석·브랜드별 매출 자료가 없어 규모별 적합도와 argmax 규모는 산출하지 않음
BRD_20160521,심봉사도로케,3110006,부암동주민센터,73.0,bakery_fri_selng_co | bakery_mon_selng_co | bakery_agrde_60_above_selng_co,0.1977272727272727,7500.77202693902,매장 면적·좌석·브랜드별 매출 자료가 없어 규모별 적합도와 argmax 규모는 산출하지 않음
BRD_20160521,심봉사도로케,3110007,사직공원(한국사회과학도서관),74.0,bakery_fri_selng_co | bakery_mon_selng_co | bakery_agrde_60_above_selng_co,0.22409090909090906,6644.028070392383,매장 면적·좌석·브랜드별 매출 자료가 없어 규모별 적합도와 argmax 규모는 산출하지 않음
BRD_20160521,심봉사도로케,3110009,자하문터널,75.0,bakery_fri_selng_co | bakery_mon_selng_co | bakery_agrde_60_above_selng_co,0.13863636363636367,7409.999325242353,매장 면적·좌석·브랜드별 매출 자료가 없어 규모별 적합도와 argmax 규모는 산출하지 않음
BRD_20160521,심봉사도로케,3110011,청운초등학교,76.0,bakery_fri_selng_co | bakery_mon_selng_co | bakery_agrde_60_above_selng_co,0.29000000000000004,6785.3826716045405,매장 면적·좌석·브랜드별 매출 자료가 없어 규모별 적합도와 argmax 규모는 산출하지 않음
BRD_20160521,심봉사도로케,3110013,체부동홍종문가옥,77.0,bakery_fri_selng_co | bakery_mon_selng_co | bakery_agrde_60_above_selng_co,0.7616666666666667,6336.685884603576,매장 면적·좌석·브랜드별 매출 자료가 없어 규모별 적합도와 argmax 규모는 산출하지 않음
BRD_20160521,심봉사도로케,3110014,경복고등학교,78.0,bakery_fri_selng_co | bakery_mon_selng_co | bakery_agrde_60_above_selng_co,0.09606060606060605,6466.130836915407,매장 면적·좌석·브랜드별 매출 자료가 없어 규모별 적합도와 argmax 규모는 산출하지 않음
BRD_20160521,심봉사도로케,3110015,청와대사랑채,79.0,bakery_fri_selng_co | bakery_mon_selng_co | bakery_agrde_60_above_selng_co,0.5589393939393938,6245.530401824539,매장 면적·좌석·브랜드별 매출 자료가 없어 규모별 적합도와 argmax 규모는 산출하지 않음
BRD_20160521,심봉사도로케,3110016,평창동동측,80.0,bakery_fri_selng_co | bakery_mon_selng_co | bakery_agrde_60_above_selng_co,0.03848484848484851,7977.586163747128,매장 면적·좌석·브랜드별 매출 자료가 없어 규모별 적합도와 argmax 규모는 산출하지 않음
BRD_20160521,심봉사도로케,3110017,정독도서관,81.0,bakery_fri_selng_co | bakery_mon_selng_co | bakery_agrde_60_above_selng_co,0.29378787878787876,5402.089410596532,매장 면적·좌석·브랜드별 매출 자료가 없어 규모별 적합도와 argmax 규모는 산출하지 않음
BRD_20160521,심봉사도로케,3110018,중앙고등학교,82.0,bakery_fri_selng_co | bakery_mon_selng_co | bakery_agrde_60_above_selng_co,0.40484848484848485,5092.056264425248,매장 면적·좌석·브랜드별 매출 자료가 없어 규모별 적합도와 argmax 규모는 산출하지 않음
BRD_20160521,심봉사도로케,3110019,창덕궁,83.0,bakery_fri_selng_co | bakery_mon_selng_co | bakery_agrde_60_above_selng_co,0.8668181818181818,4467.135995252851,매장 면적·좌석·브랜드별 매출 자료가 없어 규모별 적합도와 argmax 규모는 산출하지 않음
BRD_20160521,심봉사도로케,3110020,서울국제고등학교,84.0,bakery_fri_selng_co | bakery_mon_selng_co | bakery_agrde_60_above_selng_co,0.34954545454545455,4823.164936017923,매장 면적·좌석·브랜드별 매출 자료가 없어 규모별 적합도와 argmax 규모는 산출하지 않음
BRD_20160521,심봉사도로케,3110021,성균관대학교,85.0,bakery_fri_selng_co | bakery_mon_selng_co | bakery_agrde_60_above_selng_co,0.730909090909091,4383.034679310988,매장 면적·좌석·브랜드별 매출 자료가 없어 규모별 적합도와 argmax 규모는 산출하지 않음
BRD_20160521,심봉사도로케,3110022,경신고등학교,86.0,bakery_fri_selng_co | bakery_mon_selng_co | bakery_agrde_60_above_selng_co,0.6448484848484849,4486.06787733162,매장 면적·좌석·브랜드별 매출 자료가 없어 규모별 적합도와 argmax 규모는 산출하지 않음
BRD_20160521,심봉사도로케,3110023,서울대병원,87.0,bakery_fri_selng_co | bakery_mon_selng_co | bakery_agrde_60_above_selng_co,0.8224242424242425,3788.072069014205,매장 면적·좌석·브랜드별 매출 자료가 없어 규모별 적합도와 argmax 규모는 산출하지 않음
BRD_20160521,심봉사도로케,3110024,혜화동주민센터,88.0,bakery_fri_selng_co | bakery_mon_selng_co | bakery_agrde_60_above_selng_co,0.533030303030303,4350.271830589403,매장 면적·좌석·브랜드별 매출 자료가 없어 규모별 적합도와 argmax 규모는 산출하지 않음
BRD_20160521,심봉사도로케,3110025,충신시장옆,89.0,bakery_fri_selng_co | bakery_mon_selng_co | bakery_agrde_60_above_selng_co,0.38575757575757574,3368.917481929661,매장 면적·좌석·브랜드별 매출 자료가 없어 규모별 적합도와 argmax 규모는 산출하지 않음
BRD_20161137,명랑시대쌀핫도그,3110001,이북5도청사,74.33333333333333,bakery_weekend_share_cnt | bakery_weekend_share_amt | bakery_tmzon_06_11_selng_co,0.0246969696969697,3486.848720563552,매장 면적·좌석·브랜드별 매출 자료가 없어 규모별 적합도와 argmax 규모는 산출하지 않음
BRD_20161137,명랑시대쌀핫도그,3110004,대신고등학교,75.33333333333333,bakery_weekend_share_cnt | bakery_weekend_share_amt | bakery_tmzon_06_11_selng_co,0.25030303030303036,2621.203540393902,매장 면적·좌석·브랜드별 매출 자료가 없어 규모별 적합도와 argmax 규모는 산출하지 않음
BRD_20161137,명랑시대쌀핫도그,3110005,세검정,76.33333333333333,bakery_weekend_share_cnt | bakery_weekend_share_amt | bakery_tmzon_06_11_selng_co,0.04106060606060605,3744.95527344977,매장 면적·좌석·브랜드별 매출 자료가 없어 규모별 적합도와 argmax 규모는 산출하지 않음
BRD_20161137,명랑시대쌀핫도그,3110006,부암동주민센터,77.33333333333333,bakery_weekend_share_cnt | bakery_weekend_share_amt | bakery_tmzon_06_11_selng_co,0.1983333333333333,3428.792936307434,매장 면적·좌석·브랜드별 매출 자료가 없어 규모별 적합도와 argmax 규모는 산출하지 않음
BRD_20161137,명랑시대쌀핫도그,3110007,사직공원(한국사회과학도서관),78.33333333333333,bakery_weekend_share_cnt | bakery_weekend_share_amt | bakery_tmzon_06_11_selng_co,0.22636363636363635,2262.2168331401053,매장 면적·좌석·브랜드별 매출 자료가 없어 규모별 적합도와 argmax 규모는 산출하지 않음
BRD_20161137,명랑시대쌀핫도그,3110009,자하문터널,79.33333333333333,bakery_weekend_share_cnt | bakery_weekend_share_amt | bakery_tmzon_06_11_selng_co,0.13863636363636367,3496.95009973494,매장 면적·좌석·브랜드별 매출 자료가 없어 규모별 적합도와 argmax 규모는 산출하지 않음
BRD_20161137,명랑시대쌀핫도그,3110011,청운초등학교,80.33333333333333,bakery_weekend_share_cnt | bakery_weekend_share_amt | bakery_tmzon_06_11_selng_co,0.29075757575757577,2657.4160381954684,매장 면적·좌석·브랜드별 매출 자료가 없어 규모별 적합도와 argmax 규모는 산출하지 않음
BRD_20161137,명랑시대쌀핫도그,3110013,체부동홍종문가옥,81.33333333333333,bakery_weekend_share_cnt | bakery_weekend_share_amt | bakery_tmzon_06_11_selng_co,0.7622727272727272,2000.6383981343354,매장 면적·좌석·브랜드별 매출 자료가 없어 규모별 적합도와 argmax 규모는 산출하지 않음
BRD_20161137,명랑시대쌀핫도그,3110014,경복고등학교,82.33333333333333,bakery_weekend_share_cnt | bakery_weekend_share_amt | bakery_tmzon_06_11_selng_co,0.09651515151515151,2336.469558981521,매장 면적·좌석·브랜드별 매출 자료가 없어 규모별 적합도와 argmax 규모는 산출하지 않음
BRD_20161137,명랑시대쌀핫도그,3110015,청와대사랑채,83.33333333333333,bakery_weekend_share_cnt | bakery_weekend_share_amt | bakery_tmzon_06_11_selng_co,0.5606060606060606,2036.47636864608,매장 면적·좌석·브랜드별 매출 자료가 없어 규모별 적합도와 argmax 규모는 산출하지 않음
BRD_20161137,명랑시대쌀핫도그,3110016,평창동동측,84.33333333333333,bakery_weekend_share_cnt | bakery_weekend_share_amt | bakery_tmzon_06_11_selng_co,0.03863636363636366,4336.03470927389,매장 면적·좌석·브랜드별 매출 자료가 없어 규모별 적합도와 argmax 규모는 산출하지 않음
BRD_20161137,명랑시대쌀핫도그,3110017,정독도서관,85.33333333333333,bakery_weekend_share_cnt | bakery_weekend_share_amt | bakery_tmzon_06_11_selng_co,0.296060606060606,1594.1016278691427,매장 면적·좌석·브랜드별 매출 자료가 없어 규모별 적합도와 argmax 규모는 산출하지 않음
BRD_20161137,명랑시대쌀핫도그,3110018,중앙고등학교,86.33333333333333,bakery_weekend_share_cnt | bakery_weekend_share_amt | bakery_tmzon_06_11_selng_co,0.4068181818181818,1429.9458031537495,매장 면적·좌석·브랜드별 매출 자료가 없어 규모별 적합도와 argmax 규모는 산출하지 않음
BRD_20161137,명랑시대쌀핫도그,3110019,창덕궁,87.33333333333333,bakery_weekend_share_cnt | bakery_weekend_share_amt | bakery_tmzon_06_11_selng_co,0.8681818181818182,655.7880754975872,매장 면적·좌석·브랜드별 매출 자료가 없어 규모별 적합도와 argmax 규모는 산출하지 않음
BRD_20161137,명랑시대쌀핫도그,3110020,서울국제고등학교,88.33333333333333,bakery_weekend_share_cnt | bakery_weekend_share_amt | bakery_tmzon_06_11_selng_co,0.35015151515151516,1999.47693161723,매장 면적·좌석·브랜드별 매출 자료가 없어 규모별 적합도와 argmax 규모는 산출하지 않음
BRD_20161137,명랑시대쌀핫도그,3110021,성균관대학교,89.33333333333333,bakery_weekend_share_cnt | bakery_weekend_share_amt | bakery_tmzon_06_11_selng_co,0.7322727272727273,1629.6456669748472,매장 면적·좌석·브랜드별 매출 자료가 없어 규모별 적합도와 argmax 규모는 산출하지 않음
BRD_20161137,명랑시대쌀핫도그,3110022,경신고등학교,90.33333333333333,bakery_weekend_share_cnt | bakery_weekend_share_amt | bakery_tmzon_06_11_selng_co,0.6465151515151515,1732.8037973368653,매장 면적·좌석·브랜드별 매출 자료가 없어 규모별 적합도와 argmax 규모는 산출하지 않음
BRD_20161137,명랑시대쌀핫도그,3110023,서울대병원,91.33333333333333,bakery_weekend_share_cnt | bakery_weekend_share_amt | bakery_tmzon_06_11_selng_co,0.8228787878787879,1421.5386030227987,매장 면적·좌석·브랜드별 매출 자료가 없어 규모별 적합도와 argmax 규모는 산출하지 않음
BRD_20161137,명랑시대쌀핫도그,3110024,혜화동주민센터,92.33333333333333,bakery_weekend_share_cnt | bakery_weekend_share_amt | bakery_tmzon_06_11_selng_co,0.5356060606060606,1537.7350227066786,매장 면적·좌석·브랜드별 매출 자료가 없어 규모별 적합도와 argmax 규모는 산출하지 않음
BRD_20161137,명랑시대쌀핫도그,3110025,충신시장옆,93.33333333333333,bakery_weekend_share_cnt | bakery_weekend_share_amt | bakery_tmzon_06_11_selng_co,0.3865151515151515,1363.884525862224,매장 면적·좌석·브랜드별 매출 자료가 없어 규모별 적합도와 argmax 규모는 산출하지 않음
BRD_20170827,핫브레드 ,3110001,이북5도청사,82.66666666666667,bakery_age_60_above_share_amt | bakery_weekend_share_cnt | bakery_weekend_share_amt,0.0246969696969697,4977.114927348876,매장 면적·좌석·브랜드별 매출 자료가 없어 규모별 적합도와 argmax 규모는 산출하지 않음
BRD_20170827,핫브레드 ,3110004,대신고등학교,83.66666666666667,bakery_age_60_above_share_amt | bakery_weekend_share_cnt | bakery_weekend_share_amt,0.2484848484848485,1520.4265848501552,매장 면적·좌석·브랜드별 매출 자료가 없어 규모별 적합도와 argmax 규모는 산출하지 않음
BRD_20170827,핫브레드 ,3110005,세검정,84.66666666666667,bakery_age_60_above_share_amt | bakery_weekend_share_cnt | bakery_weekend_share_amt,0.040909090909090895,4081.5836387434356,매장 면적·좌석·브랜드별 매출 자료가 없어 규모별 적합도와 argmax 규모는 산출하지 않음
BRD_20170827,핫브레드 ,3110006,부암동주민센터,85.66666666666667,bakery_age_60_above_share_amt | bakery_weekend_share_cnt | bakery_weekend_share_amt,0.19787878787878785,3571.5856422363686,매장 면적·좌석·브랜드별 매출 자료가 없어 규모별 적합도와 argmax 규모는 산출하지 않음
BRD_20170827,핫브레드 ,3110007,사직공원(한국사회과학도서관),86.66666666666667,bakery_age_60_above_share_amt | bakery_weekend_share_cnt | bakery_weekend_share_amt,0.22454545454545452,1568.3685791065066,매장 면적·좌석·브랜드별 매출 자료가 없어 규모별 적합도와 argmax 규모는 산출하지 않음
BRD_20170827,핫브레드 ,3110009,자하문터널,87.66666666666667,bakery_age_60_above_share_amt | bakery_weekend_share_cnt | bakery_weekend_share_amt,0.1387878787878788,3507.729322520564,매장 면적·좌석·브랜드별 매출 자료가 없어 규모별 적합도와 argmax 규모는 산출하지 않음
BRD_20170827,핫브레드 ,3110011,청운초등학교,88.66666666666667,bakery_age_60_above_share_amt | bakery_weekend_share_cnt | bakery_weekend_share_amt,0.2912121212121212,3007.2228051968627,매장 면적·좌석·브랜드별 매출 자료가 없어 규모별 적합도와 argmax 규모는 산출하지 않음
BRD_20170827,핫브레드 ,3110013,체부동홍종문가옥,89.66666666666667,bakery_age_60_above_share_amt | bakery_weekend_share_cnt | bakery_weekend_share_amt,0.7628787878787879,2111.060633880948,매장 면적·좌석·브랜드별 매출 자료가 없어 규모별 적합도와 argmax 규모는 산출하지 않음
BRD_20170827,핫브레드 ,3110014,경복고등학교,90.66666666666667,bakery_age_60_above_share_amt | bakery_weekend_share_cnt | bakery_weekend_share_amt,0.09606060606060605,2715.190785210629,매장 면적·좌석·브랜드별 매출 자료가 없어 규모별 적합도와 argmax 규모는 산출하지 않음
BRD_20170827,핫브레드 ,3110015,청와대사랑채,91.66666666666667,bakery_age_60_above_share_amt | bakery_weekend_share_cnt | bakery_weekend_share_amt,0.5616666666666666,2580.640424373583,매장 면적·좌석·브랜드별 매출 자료가 없어 규모별 적합도와 argmax 규모는 산출하지 않음
BRD_20170827,핫브레드 ,3110016,평창동동측,92.66666666666667,bakery_age_60_above_share_amt | bakery_weekend_share_cnt | bakery_weekend_share_amt,0.03848484848484851,4178.427694715159,매장 면적·좌석·브랜드별 매출 자료가 없어 규모별 적합도와 argmax 규모는 산출하지 않음
BRD_20170827,핫브레드 ,3110017,정독도서관,93.66666666666667,bakery_age_60_above_share_amt | bakery_weekend_share_cnt | bakery_weekend_share_amt,0.29515151515151516,1605.2579232184705,매장 면적·좌석·브랜드별 매출 자료가 없어 규모별 적합도와 argmax 규모는 산출하지 않음
BRD_20170827,핫브레드 ,3110018,중앙고등학교,94.66666666666667,bakery_age_60_above_share_amt | bakery_weekend_share_cnt | bakery_weekend_share_amt,0.4066666666666667,1295.4265706890294,매장 면적·좌석·브랜드별 매출 자료가 없어 규모별 적합도와 argmax 규모는 산출하지 않음
BRD_20170827,핫브레드 ,3110019,창덕궁,95.66666666666667,bakery_age_60_above_share_amt | bakery_weekend_share_cnt | bakery_weekend_share_amt,0.8701515151515151,1156.699183047398,매장 면적·좌석·브랜드별 매출 자료가 없어 규모별 적합도와 argmax 규모는 산출하지 않음
BRD_20170827,핫브레드 ,3110020,서울국제고등학교,96.66666666666667,bakery_age_60_above_share_amt | bakery_weekend_share_cnt | bakery_weekend_share_amt,0.3506060606060606,921.2692331754669,매장 면적·좌석·브랜드별 매출 자료가 없어 규모별 적합도와 argmax 규모는 산출하지 않음
BRD_20170827,핫브레드 ,3110022,경신고등학교,97.66666666666667,bakery_age_60_above_share_amt | bakery_weekend_share_cnt | bakery_weekend_share_amt,0.646969696969697,635.5297003193783,매장 면적·좌석·브랜드별 매출 자료가 없어 규모별 적합도와 argmax 규모는 산출하지 않음
BRD_20170827,핫브레드 ,3110024,혜화동주민센터,98.66666666666667,bakery_age_60_above_share_amt | bakery_weekend_share_cnt | bakery_weekend_share_amt,0.5360606060606061,611.3018893960088,매장 면적·좌석·브랜드별 매출 자료가 없어 규모별 적합도와 argmax 규모는 산출하지 않음
BRD_20170827,핫브레드 ,3110025,충신시장옆,99.66666666666667,bakery_age_60_above_share_amt | bakery_weekend_share_cnt | bakery_weekend_share_amt,0.3878787878787879,794.5539629384992,매장 면적·좌석·브랜드별 매출 자료가 없어 규모별 적합도와 argmax 규모는 산출하지 않음
BRD_20170827,핫브레드 ,3110026,종로5가역 4번,100.66666666666667,bakery_age_60_above_share_amt | bakery_weekend_share_cnt | bakery_weekend_share_amt,0.3778787878787879,1027.6833169926565,매장 면적·좌석·브랜드별 매출 자료가 없어 규모별 적합도와 argmax 규모는 산출하지 않음
BRD_20170827,핫브레드 ,3110029,동대문역 1번,101.66666666666667,bakery_age_60_above_share_amt | bakery_weekend_share_cnt | bakery_weekend_share_amt,0.2687878787878788,987.1676655936603,매장 면적·좌석·브랜드별 매출 자료가 없어 규모별 적합도와 argmax 규모는 산출하지 않음
BRD_20201275,호두당,3110001,이북5도청사,69.0,bakery_mon_selng_co | bakery_agrde_20_selng_co | bakery_tmzon_06_11_selng_amt,0.0246969696969697,6895.491425536382,매장 면적·좌석·브랜드별 매출 자료가 없어 규모별 적합도와 argmax 규모는 산출하지 않음
BRD_20201275,호두당,3110004,대신고등학교,70.0,bakery_mon_selng_co | bakery_agrde_20_selng_co | bakery_tmzon_06_11_selng_amt,0.24772727272727274,6303.620546937885,매장 면적·좌석·브랜드별 매출 자료가 없어 규모별 적합도와 argmax 규모는 산출하지 않음
BRD_20201275,호두당,3110005,세검정,71.0,bakery_mon_selng_co | bakery_agrde_20_selng_co | bakery_tmzon_06_11_selng_amt,0.040909090909090895,6185.018189115756,매장 면적·좌석·브랜드별 매출 자료가 없어 규모별 적합도와 argmax 규모는 산출하지 않음
BRD_20201275,호두당,3110006,부암동주민센터,72.0,bakery_mon_selng_co | bakery_agrde_20_selng_co | bakery_tmzon_06_11_selng_amt,0.1977272727272727,5986.631189552519,매장 면적·좌석·브랜드별 매출 자료가 없어 규모별 적합도와 argmax 규모는 산출하지 않음
BRD_20201275,호두당,3110007,사직공원(한국사회과학도서관),73.0,bakery_mon_selng_co | bakery_agrde_20_selng_co | bakery_tmzon_06_11_selng_amt,0.22378787878787876,5915.74281048384,매장 면적·좌석·브랜드별 매출 자료가 없어 규모별 적합도와 argmax 규모는 산출하지 않음
BRD_20201275,호두당,3110009,자하문터널,74.0,bakery_mon_selng_co | bakery_agrde_20_selng_co | bakery_tmzon_06_11_selng_amt,0.13803030303030306,5747.2114977374285,매장 면적·좌석·브랜드별 매출 자료가 없어 규모별 적합도와 argmax 규모는 산출하지 않음
BRD_20201275,호두당,3110011,청운초등학교,75.0,bakery_mon_selng_co | bakery_agrde_20_selng_co | bakery_tmzon_06_11_selng_amt,0.29000000000000004,5434.4508461998785,매장 면적·좌석·브랜드별 매출 자료가 없어 규모별 적합도와 argmax 규모는 산출하지 않음
BRD_20201275,호두당,3110013,체부동홍종문가옥,76.0,bakery_mon_selng_co | bakery_agrde_20_selng_co | bakery_tmzon_06_11_selng_amt,0.7616666666666667,5383.598239077272,매장 면적·좌석·브랜드별 매출 자료가 없어 규모별 적합도와 argmax 규모는 산출하지 않음
BRD_20201275,호두당,3110014,경복고등학교,77.0,bakery_mon_selng_co | bakery_agrde_20_selng_co | bakery_tmzon_06_11_selng_amt,0.09606060606060605,5170.369619261249,매장 면적·좌석·브랜드별 매출 자료가 없어 규모별 적합도와 argmax 규모는 산출하지 않음
BRD_20201275,호두당,3110015,청와대사랑채,78.0,bakery_mon_selng_co | bakery_agrde_20_selng_co | bakery_tmzon_06_11_selng_amt,0.5587878787878788,5087.762573056444,매장 면적·좌석·브랜드별 매출 자료가 없어 규모별 적합도와 argmax 규모는 산출하지 않음
BRD_20201275,호두당,3110016,평창동동측,79.0,bakery_mon_selng_co | bakery_agrde_20_selng_co | bakery_tmzon_06_11_selng_amt,0.03848484848484851,5666.148339013212,매장 면적·좌석·브랜드별 매출 자료가 없어 규모별 적합도와 argmax 규모는 산출하지 않음
BRD_20201275,호두당,3110017,정독도서관,80.0,bakery_mon_selng_co | bakery_agrde_20_selng_co | bakery_tmzon_06_11_selng_amt,0.29348484848484846,4082.313559714924,매장 면적·좌석·브랜드별 매출 자료가 없어 규모별 적합도와 argmax 규모는 산출하지 않음
BRD_20201275,호두당,3110018,중앙고등학교,81.0,bakery_mon_selng_co | bakery_agrde_20_selng_co | bakery_tmzon_06_11_selng_amt,0.4053030303030303,3789.203214377415,매장 면적·좌석·브랜드별 매출 자료가 없어 규모별 적합도와 argmax 규모는 산출하지 않음
BRD_20201275,호두당,3110019,창덕궁,82.0,bakery_mon_selng_co | bakery_agrde_20_selng_co | bakery_tmzon_06_11_selng_amt,0.8666666666666667,3617.0134088617465,매장 면적·좌석·브랜드별 매출 자료가 없어 규모별 적합도와 argmax 규모는 산출하지 않음
BRD_20201275,호두당,3110020,서울국제고등학교,83.0,bakery_mon_selng_co | bakery_agrde_20_selng_co | bakery_tmzon_06_11_selng_amt,0.34893939393939394,3063.7209402719413,매장 면적·좌석·브랜드별 매출 자료가 없어 규모별 적합도와 argmax 규모는 산출하지 않음
BRD_20201275,호두당,3110021,성균관대학교,84.0,bakery_mon_selng_co | bakery_agrde_20_selng_co | bakery_tmzon_06_11_selng_amt,0.7307575757575757,2908.996562370519,매장 면적·좌석·브랜드별 매출 자료가 없어 규모별 적합도와 argmax 규모는 산출하지 않음
BRD_20201275,호두당,3110022,경신고등학교,85.0,bakery_mon_selng_co | bakery_agrde_20_selng_co | bakery_tmzon_06_11_selng_amt,0.645,2733.6512213299716,매장 면적·좌석·브랜드별 매출 자료가 없어 규모별 적합도와 argmax 규모는 산출하지 않음
BRD_20201275,호두당,3110023,서울대병원,86.0,bakery_mon_selng_co | bakery_agrde_20_selng_co | bakery_tmzon_06_11_selng_amt,0.8218181818181818,2640.043939012236,매장 면적·좌석·브랜드별 매출 자료가 없어 규모별 적합도와 argmax 규모는 산출하지 않음
BRD_20201275,호두당,3110024,혜화동주민센터,87.0,bakery_mon_selng_co | bakery_agrde_20_selng_co | bakery_tmzon_06_11_selng_amt,0.5331818181818182,2534.889543922324,매장 면적·좌석·브랜드별 매출 자료가 없어 규모별 적합도와 argmax 규모는 산출하지 않음
BRD_20201275,호두당,3110025,충신시장옆,88.0,bakery_mon_selng_co | bakery_agrde_20_selng_co | bakery_tmzon_06_11_selng_amt,0.38560606060606056,2606.655519998523,매장 면적·좌석·브랜드별 매출 자료가 없어 규모별 적합도와 argmax 규모는 산출하지 않음
BRD_20211367,삼송빵집,3110001,이북5도청사,88.66666666666667,bakery_age_40_share_amt | bakery_age_10_share_amt | bakery_tmzon_21_24_selng_amt,0.0246969696969697,8721.102911905233,매장 면적·좌석·브랜드별 매출 자료가 없어 규모별 적합도와 argmax 규모는 산출하지 않음
BRD_20211367,삼송빵집,3110004,대신고등학교,89.66666666666667,bakery_age_40_share_amt | bakery_age_10_share_amt | bakery_tmzon_21_24_selng_amt,0.24772727272727274,7912.445892369822,매장 면적·좌석·브랜드별 매출 자료가 없어 규모별 적합도와 argmax 규모는 산출하지 않음
BRD_20211367,삼송빵집,3110005,세검정,90.66666666666667,bakery_age_40_share_amt | bakery_age_10_share_amt | bakery_tmzon_21_24_selng_amt,0.040909090909090895,8046.964396594708,매장 면적·좌석·브랜드별 매출 자료가 없어 규모별 적합도와 argmax 규모는 산출하지 않음
BRD_20211367,삼송빵집,3110006,부암동주민센터,91.66666666666667,bakery_age_40_share_amt | bakery_age_10_share_amt | bakery_tmzon_21_24_selng_amt,0.19742424242424245,7864.603295786185,매장 면적·좌석·브랜드별 매출 자료가 없어 규모별 적합도와 argmax 규모는 산출하지 않음
BRD_20211367,삼송빵집,3110007,사직공원(한국사회과학도서관),92.66666666666667,bakery_age_40_share_amt | bakery_age_10_share_amt | bakery_tmzon_21_24_selng_amt,0.22378787878787876,7707.180093921843,매장 면적·좌석·브랜드별 매출 자료가 없어 규모별 적합도와 argmax 규모는 산출하지 않음
BRD_20211367,삼송빵집,3110009,자하문터널,93.66666666666667,bakery_age_40_share_amt | bakery_age_10_share_amt | bakery_tmzon_21_24_selng_amt,0.13803030303030306,7623.1606306096455,매장 면적·좌석·브랜드별 매출 자료가 없어 규모별 적합도와 argmax 규모는 산출하지 않음
BRD_20211367,삼송빵집,3110011,청운초등학교,94.66666666666667,bakery_age_40_share_amt | bakery_age_10_share_amt | bakery_tmzon_21_24_selng_amt,0.29000000000000004,7304.798559857733,매장 면적·좌석·브랜드별 매출 자료가 없어 규모별 적합도와 argmax 규모는 산출하지 않음
BRD_20211367,삼송빵집,3110013,체부동홍종문가옥,95.66666666666667,bakery_age_40_share_amt | bakery_age_10_share_amt | bakery_tmzon_21_24_selng_amt,0.7616666666666667,7207.190021091757,매장 면적·좌석·브랜드별 매출 자료가 없어 규모별 적합도와 argmax 규모는 산출하지 않음
BRD_20211367,삼송빵집,3110014,경복고등학교,96.66666666666667,bakery_age_40_share_amt | bakery_age_10_share_amt | bakery_tmzon_21_24_selng_amt,0.09606060606060605,7034.739511886783,매장 면적·좌석·브랜드별 매출 자료가 없어 규모별 적합도와 argmax 규모는 산출하지 않음
BRD_20211367,삼송빵집,3110015,청와대사랑채,97.66666666666667,bakery_age_40_share_amt | bakery_age_10_share_amt | bakery_tmzon_21_24_selng_amt,0.5586363636363636,6936.715216881041,매장 면적·좌석·브랜드별 매출 자료가 없어 규모별 적합도와 argmax 규모는 산출하지 않음
BRD_20211367,삼송빵집,3110016,평창동동측,98.66666666666667,bakery_age_40_share_amt | bakery_age_10_share_amt | bakery_tmzon_21_24_selng_amt,0.03848484848484851,7412.528650872652,매장 면적·좌석·브랜드별 매출 자료가 없어 규모별 적합도와 argmax 규모는 산출하지 않음
BRD_20211367,삼송빵집,3110017,정독도서관,99.66666666666667,bakery_age_40_share_amt | bakery_age_10_share_amt | bakery_tmzon_21_24_selng_amt,0.2936363636363636,5937.400946549739,매장 면적·좌석·브랜드별 매출 자료가 없어 규모별 적합도와 argmax 규모는 산출하지 않음
BRD_20211367,삼송빵집,3110018,중앙고등학교,100.66666666666667,bakery_age_40_share_amt | bakery_age_10_share_amt | bakery_tmzon_21_24_selng_amt,0.40484848484848485,5637.271059660683,매장 면적·좌석·브랜드별 매출 자료가 없어 규모별 적합도와 argmax 규모는 산출하지 않음
BRD_20211367,삼송빵집,3110019,창덕궁,101.66666666666667,bakery_age_40_share_amt | bakery_age_10_share_amt | bakery_tmzon_21_24_selng_amt,0.8668181818181818,5376.0014881047655,매장 면적·좌석·브랜드별 매출 자료가 없어 규모별 적합도와 argmax 규모는 산출하지 않음
BRD_20211367,삼송빵집,3110020,서울국제고등학교,102.66666666666667,bakery_age_40_share_amt | bakery_age_10_share_amt | bakery_tmzon_21_24_selng_amt,0.34893939393939394,4940.71897602564,매장 면적·좌석·브랜드별 매출 자료가 없어 규모별 적합도와 argmax 규모는 산출하지 않음
BRD_20211367,삼송빵집,3110021,성균관대학교,103.66666666666667,bakery_age_40_share_amt | bakery_age_10_share_amt | bakery_tmzon_21_24_selng_amt,0.7307575757575757,4759.575296186885,매장 면적·좌석·브랜드별 매출 자료가 없어 규모별 적합도와 argmax 규모는 산출하지 않음
BRD_20211367,삼송빵집,3110022,경신고등학교,104.66666666666667,bakery_age_40_share_amt | bakery_age_10_share_amt | bakery_tmzon_21_24_selng_amt,0.6445454545454545,4607.848196290645,매장 면적·좌석·브랜드별 매출 자료가 없어 규모별 적합도와 argmax 규모는 산출하지 않음
BRD_20211367,삼송빵집,3110023,서울대병원,105.66666666666667,bakery_age_40_share_amt | bakery_age_10_share_amt | bakery_tmzon_21_24_selng_amt,0.821969696969697,4417.902896180656,매장 면적·좌석·브랜드별 매출 자료가 없어 규모별 적합도와 argmax 규모는 산출하지 않음
BRD_20211367,삼송빵집,3110024,혜화동주민센터,106.66666666666667,bakery_age_40_share_amt | bakery_age_10_share_amt | bakery_tmzon_21_24_selng_amt,0.5331818181818182,4410.280376580979,매장 면적·좌석·브랜드별 매출 자료가 없어 규모별 적합도와 argmax 규모는 산출하지 않음
BRD_20211367,삼송빵집,3110025,충신시장옆,107.66666666666667,bakery_age_40_share_amt | bakery_age_10_share_amt | bakery_tmzon_21_24_selng_amt,0.38590909090909087,4275.660533776145,매장 면적·좌석·브랜드별 매출 자료가 없어 규모별 적합도와 argmax 규모는 산출하지 않음
BRD_20212010,복호두,3110001,이북5도청사,81.66666666666667,bakery_weekend_share_cnt | bakery_age_10_share_amt | bakery_weekend_share_amt,0.0246969696969697,3493.8374318035535,매장 면적·좌석·브랜드별 매출 자료가 없어 규모별 적합도와 argmax 규모는 산출하지 않음
BRD_20212010,복호두,3110004,대신고등학교,82.66666666666667,bakery_weekend_share_cnt | bakery_age_10_share_amt | bakery_weekend_share_amt,0.24863636363636366,1106.3453348810888,매장 면적·좌석·브랜드별 매출 자료가 없어 규모별 적합도와 argmax 규모는 산출하지 않음
BRD_20212010,복호두,3110005,세검정,83.66666666666667,bakery_weekend_share_cnt | bakery_age_10_share_amt | bakery_weekend_share_amt,0.040909090909090895,2753.3067391528507,매장 면적·좌석·브랜드별 매출 자료가 없어 규모별 적합도와 argmax 규모는 산출하지 않음
BRD_20212010,복호두,3110006,부암동주민센터,84.66666666666667,bakery_weekend_share_cnt | bakery_age_10_share_amt | bakery_weekend_share_amt,0.19742424242424245,1827.3305666772526,매장 면적·좌석·브랜드별 매출 자료가 없어 규모별 적합도와 argmax 규모는 산출하지 않음
BRD_20212010,복호두,3110007,사직공원(한국사회과학도서관),85.66666666666667,bakery_weekend_share_cnt | bakery_age_10_share_amt | bakery_weekend_share_amt,0.22469696969696967,730.1102656532883,매장 면적·좌석·브랜드별 매출 자료가 없어 규모별 적합도와 argmax 규모는 산출하지 않음
BRD_20212010,복호두,3110009,자하문터널,86.66666666666667,bakery_weekend_share_cnt | bakery_age_10_share_amt | bakery_weekend_share_amt,0.1384848484848485,2044.9528111667746,매장 면적·좌석·브랜드별 매출 자료가 없어 규모별 적합도와 argmax 규모는 산출하지 않음
BRD_20212010,복호두,3110011,청운초등학교,87.66666666666667,bakery_weekend_share_cnt | bakery_age_10_share_amt | bakery_weekend_share_amt,0.29060606060606065,1101.362792155987,매장 면적·좌석·브랜드별 매출 자료가 없어 규모별 적합도와 argmax 규모는 산출하지 않음
BRD_20212010,복호두,3110014,경복고등학교,88.66666666666667,bakery_weekend_share_cnt | bakery_age_10_share_amt | bakery_weekend_share_amt,0.09606060606060605,869.9666660034981,매장 면적·좌석·브랜드별 매출 자료가 없어 규모별 적합도와 argmax 규모는 산출하지 않음
BRD_20212010,복호두,3110015,청와대사랑채,89.66666666666667,bakery_weekend_share_cnt | bakery_age_10_share_amt | bakery_weekend_share_amt,0.5598484848484848,543.3231082645033,매장 면적·좌석·브랜드별 매출 자료가 없어 규모별 적합도와 argmax 규모는 산출하지 않음
BRD_20212010,복호두,3110016,평창동동측,90.66666666666667,bakery_weekend_share_cnt | bakery_age_10_share_amt | bakery_weekend_share_amt,0.03848484848484851,3677.8537219056016,매장 면적·좌석·브랜드별 매출 자료가 없어 규모별 적합도와 argmax 규모는 산출하지 않음
BRD_20212010,복호두,3110017,정독도서관,91.66666666666667,bakery_weekend_share_cnt | bakery_age_10_share_amt | bakery_weekend_share_amt,0.2943939393939394,1265.8356923295694,매장 면적·좌석·브랜드별 매출 자료가 없어 규모별 적합도와 argmax 규모는 산출하지 않음
BRD_20212010,복호두,3110018,중앙고등학교,92.66666666666667,bakery_weekend_share_cnt | bakery_age_10_share_amt | bakery_weekend_share_amt,0.4065151515151515,1476.2564140140344,매장 면적·좌석·브랜드별 매출 자료가 없어 규모별 적합도와 argmax 규모는 산출하지 않음
BRD_20212010,복호두,3110019,창덕궁,93.66666666666667,bakery_weekend_share_cnt | bakery_age_10_share_amt | bakery_weekend_share_amt,0.868030303030303,1141.6566909244016,매장 면적·좌석·브랜드별 매출 자료가 없어 규모별 적합도와 argmax 규모는 산출하지 않음
BRD_20212010,복호두,3110020,서울국제고등학교,94.66666666666667,bakery_weekend_share_cnt | bakery_age_10_share_amt | bakery_weekend_share_amt,0.3496969696969697,2371.231747396423,매장 면적·좌석·브랜드별 매출 자료가 없어 규모별 적합도와 argmax 규모는 산출하지 않음
BRD_20212010,복호두,3110021,성균관대학교,95.66666666666667,bakery_weekend_share_cnt | bakery_age_10_share_amt | bakery_weekend_share_amt,0.7313636363636364,2081.4785609931796,매장 면적·좌석·브랜드별 매출 자료가 없어 규모별 적합도와 argmax 규모는 산출하지 않음
BRD_20212010,복호두,3110022,경신고등학교,96.66666666666667,bakery_weekend_share_cnt | bakery_age_10_share_amt | bakery_weekend_share_amt,0.6462121212121212,2470.997571801998,매장 면적·좌석·브랜드별 매출 자료가 없어 규모별 적합도와 argmax 규모는 산출하지 않음
BRD_20212010,복호두,3110023,서울대병원,97.66666666666667,bakery_weekend_share_cnt | bakery_age_10_share_amt | bakery_weekend_share_amt,0.823030303030303,1959.4848812718603,매장 면적·좌석·브랜드별 매출 자료가 없어 규모별 적합도와 argmax 규모는 산출하지 않음
BRD_20212010,복호두,3110024,혜화동주민센터,98.66666666666667,bakery_weekend_share_cnt | bakery_age_10_share_amt | bakery_weekend_share_amt,0.5336363636363637,2630.209307230363,매장 면적·좌석·브랜드별 매출 자료가 없어 규모별 적합도와 argmax 규모는 산출하지 않음
BRD_20212010,복호두,3110025,충신시장옆,99.66666666666667,bakery_weekend_share_cnt | bakery_age_10_share_amt | bakery_weekend_share_amt,0.3862121212121212,1739.5292466504693,매장 면적·좌석·브랜드별 매출 자료가 없어 규모별 적합도와 argmax 규모는 산출하지 않음
BRD_20212010,복호두,3110026,종로5가역 4번,100.66666666666667,bakery_weekend_share_cnt | bakery_age_10_share_amt | bakery_weekend_share_amt,0.37803030303030305,1678.7831902784296,매장 면적·좌석·브랜드별 매출 자료가 없어 규모별 적합도와 argmax 규모는 산출하지 않음
BRD_20220253,곤트란쉐리에(Gontran Cherrier),3110001,이북5도청사,89.0,bakery_age_30_share_amt | bakery_age_20_share_amt | bakery_age_10_share_amt,0.0246969696969697,5011.958200151899,매장 면적·좌석·브랜드별 매출 자료가 없어 규모별 적합도와 argmax 규모는 산출하지 않음
BRD_20220253,곤트란쉐리에(Gontran Cherrier),3110004,대신고등학교,90.0,bakery_age_30_share_amt | bakery_age_20_share_amt | bakery_age_10_share_amt,0.24803030303030305,3951.176660209938,매장 면적·좌석·브랜드별 매출 자료가 없어 규모별 적합도와 argmax 규모는 산출하지 않음
BRD_20220253,곤트란쉐리에(Gontran Cherrier),3110005,세검정,91.0,bakery_age_30_share_amt | bakery_age_20_share_amt | bakery_age_10_share_amt,0.040909090909090895,4139.375919155327,매장 면적·좌석·브랜드별 매출 자료가 없어 규모별 적합도와 argmax 규모는 산출하지 않음
BRD_20220253,곤트란쉐리에(Gontran Cherrier),3110006,부암동주민센터,92.0,bakery_age_30_share_amt | bakery_age_20_share_amt | bakery_age_10_share_amt,0.19848484848484846,3751.0299918974265,매장 면적·좌석·브랜드별 매출 자료가 없어 규모별 적합도와 argmax 규모는 산출하지 않음
BRD_20220253,곤트란쉐리에(Gontran Cherrier),3110007,사직공원(한국사회과학도서관),93.0,bakery_age_30_share_amt | bakery_age_20_share_amt | bakery_age_10_share_amt,0.22409090909090906,3563.8801888068215,매장 면적·좌석·브랜드별 매출 자료가 없어 규모별 적합도와 argmax 규모는 산출하지 않음
BRD_20220253,곤트란쉐리에(Gontran Cherrier),3110009,자하문터널,94.0,bakery_age_30_share_amt | bakery_age_20_share_amt | bakery_age_10_share_amt,0.1384848484848485,3586.357623005744,매장 면적·좌석·브랜드별 매출 자료가 없어 규모별 적합도와 argmax 규모는 산출하지 않음
BRD_20220253,곤트란쉐리에(Gontran Cherrier),3110011,청운초등학교,95.0,bakery_age_30_share_amt | bakery_age_20_share_amt | bakery_age_10_share_amt,0.2903030303030303,3126.4345507480757,매장 면적·좌석·브랜드별 매출 자료가 없어 규모별 적합도와 argmax 규모는 산출하지 않음
BRD_20220253,곤트란쉐리에(Gontran Cherrier),3110013,체부동홍종문가옥,96.0,bakery_age_30_share_amt | bakery_age_20_share_amt | bakery_age_10_share_amt,0.761969696969697,3019.5524503039,매장 면적·좌석·브랜드별 매출 자료가 없어 규모별 적합도와 argmax 규모는 산출하지 않음
BRD_20220253,곤트란쉐리에(Gontran Cherrier),3110014,경복고등학교,97.0,bakery_age_30_share_amt | bakery_age_20_share_amt | bakery_age_10_share_amt,0.09636363636363636,2842.0670294886854,매장 면적·좌석·브랜드별 매출 자료가 없어 규모별 적합도와 argmax 규모는 산출하지 않음
BRD_20220253,곤트란쉐리에(Gontran Cherrier),3110015,청와대사랑채,98.0,bakery_age_30_share_amt | bakery_age_20_share_amt | bakery_age_10_share_amt,0.5587878787878788,2732.4825708708595,매장 면적·좌석·브랜드별 매출 자료가 없어 규모별 적합도와 argmax 규모는 산출하지 않음
BRD_20220253,곤트란쉐리에(Gontran Cherrier),3110016,평창동동측,99.0,bakery_age_30_share_amt | bakery_age_20_share_amt | bakery_age_10_share_amt,0.03848484848484851,4155.003008421855,매장 면적·좌석·브랜드별 매출 자료가 없어 규모별 적합도와 argmax 규모는 산출하지 않음
BRD_20220253,곤트란쉐리에(Gontran Cherrier),3110017,정독도서관,100.0,bakery_age_30_share_amt | bakery_age_20_share_amt | bakery_age_10_share_amt,0.29409090909090907,1736.3320535162118,매장 면적·좌석·브랜드별 매출 자료가 없어 규모별 적합도와 argmax 규모는 산출하지 않음
BRD_20220253,곤트란쉐리에(Gontran Cherrier),3110018,중앙고등학교,101.0,bakery_age_30_share_amt | bakery_age_20_share_amt | bakery_age_10_share_amt,0.40575757575757576,1433.184565943457,매장 면적·좌석·브랜드별 매출 자료가 없어 규모별 적합도와 argmax 규모는 산출하지 않음
BRD_20220253,곤트란쉐리에(Gontran Cherrier),3110019,창덕궁,102.0,bakery_age_30_share_amt | bakery_age_20_share_amt | bakery_age_10_share_amt,0.8666666666666667,1347.6665017982534,매장 면적·좌석·브랜드별 매출 자료가 없어 규모별 적합도와 argmax 규모는 산출하지 않음
BRD_20220253,곤트란쉐리에(Gontran Cherrier),3110020,서울국제고등학교,103.0,bakery_age_30_share_amt | bakery_age_20_share_amt | bakery_age_10_share_amt,0.34939393939393937,928.6791695791628,매장 면적·좌석·브랜드별 매출 자료가 없어 규모별 적합도와 argmax 규모는 산출하지 않음
BRD_20220253,곤트란쉐리에(Gontran Cherrier),3110021,성균관대학교,104.0,bakery_age_30_share_amt | bakery_age_20_share_amt | bakery_age_10_share_amt,0.7306060606060607,560.5515141541106,매장 면적·좌석·브랜드별 매출 자료가 없어 규모별 적합도와 argmax 규모는 산출하지 않음
BRD_20220253,곤트란쉐리에(Gontran Cherrier),3110022,경신고등학교,105.0,bakery_age_30_share_amt | bakery_age_20_share_amt | bakery_age_10_share_amt,0.6448484848484848,601.0274536171676,매장 면적·좌석·브랜드별 매출 자료가 없어 규모별 적합도와 argmax 규모는 산출하지 않음
BRD_20220253,곤트란쉐리에(Gontran Cherrier),3110024,혜화동주민센터,106.0,bakery_age_30_share_amt | bakery_age_20_share_amt | bakery_age_10_share_amt,0.5331818181818182,517.1711515471861,매장 면적·좌석·브랜드별 매출 자료가 없어 규모별 적합도와 argmax 규모는 산출하지 않음
BRD_20220253,곤트란쉐리에(Gontran Cherrier),3110025,충신시장옆,107.0,bakery_age_30_share_amt | bakery_age_20_share_amt | bakery_age_10_share_amt,0.38636363636363635,901.6185446331641,매장 면적·좌석·브랜드별 매출 자료가 없어 규모별 적합도와 argmax 규모는 산출하지 않음
BRD_20220253,곤트란쉐리에(Gontran Cherrier),3110026,종로5가역 4번,108.0,bakery_age_30_share_amt | bakery_age_20_share_amt | bakery_age_10_share_amt,0.376969696969697,1123.5946778215205,매장 면적·좌석·브랜드별 매출 자료가 없어 규모별 적합도와 argmax 규모는 산출하지 않음
BRD_20230468,소림사,3110001,이북5도청사,91.0,bakery_agrde_60_above_selng_co | bakery_agrde_60_above_selng_amt | bakery_agrde_40_selng_amt,0.0246969696969697,4931.492471825064,매장 면적·좌석·브랜드별 매출 자료가 없어 규모별 적합도와 argmax 규모는 산출하지 않음
BRD_20230468,소림사,3110004,대신고등학교,92.0,bakery_agrde_60_above_selng_co | bakery_agrde_60_above_selng_amt | bakery_agrde_40_selng_amt,0.2478787878787879,2730.058607402091,매장 면적·좌석·브랜드별 매출 자료가 없어 규모별 적합도와 argmax 규모는 산출하지 않음
BRD_20230468,소림사,3110005,세검정,93.0,bakery_agrde_60_above_selng_co | bakery_agrde_60_above_selng_amt | bakery_agrde_40_selng_amt,0.040909090909090895,3921.349002541246,매장 면적·좌석·브랜드별 매출 자료가 없어 규모별 적합도와 argmax 규모는 산출하지 않음
BRD_20230468,소림사,3110006,부암동주민센터,94.0,bakery_agrde_60_above_selng_co | bakery_agrde_60_above_selng_amt | bakery_agrde_40_selng_amt,0.19742424242424245,3224.328922391979,매장 면적·좌석·브랜드별 매출 자료가 없어 규모별 적합도와 argmax 규모는 산출하지 않음
BRD_20230468,소림사,3110007,사직공원(한국사회과학도서관),95.0,bakery_agrde_60_above_selng_co | bakery_agrde_60_above_selng_amt | bakery_agrde_40_selng_amt,0.2239393939393939,2350.0768072273663,매장 면적·좌석·브랜드별 매출 자료가 없어 규모별 적합도와 argmax 규모는 산출하지 않음
BRD_20230468,소림사,3110009,자하문터널,96.0,bakery_agrde_60_above_selng_co | bakery_agrde_60_above_selng_amt | bakery_agrde_40_selng_amt,0.13803030303030306,3237.513243181482,매장 면적·좌석·브랜드별 매출 자료가 없어 규모별 적합도와 argmax 규모는 산출하지 않음
BRD_20230468,소림사,3110011,청운초등학교,97.0,bakery_agrde_60_above_selng_co | bakery_agrde_60_above_selng_amt | bakery_agrde_40_selng_amt,0.2903030303030303,2467.2130025246393,매장 면적·좌석·브랜드별 매출 자료가 없어 규모별 적합도와 argmax 규모는 산출하지 않음
BRD_20230468,소림사,3110013,체부동홍종문가옥,98.0,bakery_agrde_60_above_selng_co | bakery_agrde_60_above_selng_amt | bakery_agrde_40_selng_amt,0.761969696969697,1961.883278860577,매장 면적·좌석·브랜드별 매출 자료가 없어 규모별 적합도와 argmax 규모는 산출하지 않음
BRD_20230468,소림사,3110014,경복고등학교,99.0,bakery_agrde_60_above_selng_co | bakery_agrde_60_above_selng_amt | bakery_agrde_40_selng_amt,0.09606060606060605,2141.7474173789783,매장 면적·좌석·브랜드별 매출 자료가 없어 규모별 적합도와 argmax 규모는 산출하지 않음
BRD_20230468,소림사,3110015,청와대사랑채,100.0,bakery_agrde_60_above_selng_co | bakery_agrde_60_above_selng_amt | bakery_agrde_40_selng_amt,0.5586363636363636,1883.5339125879793,매장 면적·좌석·브랜드별 매출 자료가 없어 규모별 적합도와 argmax 규모는 산출하지 않음
BRD_20230468,소림사,3110016,평창동동측,101.0,bakery_agrde_60_above_selng_co | bakery_agrde_60_above_selng_amt | bakery_agrde_40_selng_amt,0.03848484848484851,4534.420911179272,매장 면적·좌석·브랜드별 매출 자료가 없어 규모별 적합도와 argmax 규모는 산출하지 않음
BRD_20230468,소림사,3110017,정독도서관,102.0,bakery_agrde_60_above_selng_co | bakery_agrde_60_above_selng_amt | bakery_agrde_40_selng_amt,0.29378787878787876,1240.6449935088892,매장 면적·좌석·브랜드별 매출 자료가 없어 규모별 적합도와 argmax 규모는 산출하지 않음
BRD_20230468,소림사,3110018,중앙고등학교,103.0,bakery_agrde_60_above_selng_co | bakery_agrde_60_above_selng_amt | bakery_agrde_40_selng_amt,0.40499999999999997,1023.1778926166963,매장 면적·좌석·브랜드별 매출 자료가 없어 규모별 적합도와 argmax 규모는 산출하지 않음
BRD_20230468,소림사,3110020,서울국제고등학교,104.0,bakery_agrde_60_above_selng_co | bakery_agrde_60_above_selng_amt | bakery_agrde_40_selng_amt,0.34924242424242424,1608.2195123658892,매장 면적·좌석·브랜드별 매출 자료가 없어 규모별 적합도와 argmax 규모는 산출하지 않음
BRD_20230468,소림사,3110021,성균관대학교,105.0,bakery_agrde_60_above_selng_co | bakery_agrde_60_above_selng_amt | bakery_agrde_40_selng_amt,0.731060606060606,1162.7746987208918,매장 면적·좌석·브랜드별 매출 자료가 없어 규모별 적합도와 argmax 규모는 산출하지 않음
BRD_20230468,소림사,3110022,경신고등학교,106.0,bakery_agrde_60_above_selng_co | bakery_agrde_60_above_selng_amt | bakery_agrde_40_selng_amt,0.6453030303030303,1584.4446976711804,매장 면적·좌석·브랜드별 매출 자료가 없어 규모별 적합도와 argmax 규모는 산출하지 않음
BRD_20230468,소림사,3110023,서울대병원,107.0,bakery_agrde_60_above_selng_co | bakery_agrde_60_above_selng_amt | bakery_agrde_40_selng_amt,0.8225757575757575,1040.3172593148183,매장 면적·좌석·브랜드별 매출 자료가 없어 규모별 적합도와 argmax 규모는 산출하지 않음
BRD_20230468,소림사,3110024,혜화동주민센터,108.0,bakery_agrde_60_above_selng_co | bakery_agrde_60_above_selng_amt | bakery_agrde_40_selng_amt,0.533030303030303,1701.780538138962,매장 면적·좌석·브랜드별 매출 자료가 없어 규모별 적합도와 argmax 규모는 산출하지 않음
BRD_20230468,소림사,3110025,충신시장옆,109.0,bakery_agrde_60_above_selng_co | bakery_agrde_60_above_selng_amt | bakery_agrde_40_selng_amt,0.38590909090909087,1127.84085759483,매장 면적·좌석·브랜드별 매출 자료가 없어 규모별 적합도와 argmax 규모는 산출하지 않음
BRD_20230468,소림사,3110026,종로5가역 4번,110.0,bakery_agrde_60_above_selng_co | bakery_agrde_60_above_selng_amt | bakery_agrde_40_selng_amt,0.3765151515151515,1239.0512499792528,매장 면적·좌석·브랜드별 매출 자료가 없어 규모별 적합도와 argmax 규모는 산출하지 않음
BRD_20240478,화이트리에,3110001,이북5도청사,87.0,bakery_tmzon_00_06_selng_amt | bakery_weekend_share_cnt | bakery_weekend_share_amt,0.0246969696969697,4382.715596523315,매장 면적·좌석·브랜드별 매출 자료가 없어 규모별 적합도와 argmax 규모는 산출하지 않음
BRD_20240478,화이트리에,3110004,대신고등학교,88.0,bakery_tmzon_00_06_selng_amt | bakery_weekend_share_cnt | bakery_weekend_share_amt,0.24772727272727274,6405.700586169663,매장 면적·좌석·브랜드별 매출 자료가 없어 규모별 적합도와 argmax 규모는 산출하지 않음
BRD_20240478,화이트리에,3110005,세검정,89.0,bakery_tmzon_00_06_selng_amt | bakery_weekend_share_cnt | bakery_weekend_share_amt,0.040909090909090895,5341.49978938767,매장 면적·좌석·브랜드별 매출 자료가 없어 규모별 적합도와 argmax 규모는 산출하지 않음
BRD_20240478,화이트리에,3110006,부암동주민센터,90.0,bakery_tmzon_00_06_selng_amt | bakery_weekend_share_cnt | bakery_weekend_share_amt,0.1977272727272727,5528.685377178648,매장 면적·좌석·브랜드별 매출 자료가 없어 규모별 적합도와 argmax 규모는 산출하지 않음
BRD_20240478,화이트리에,3110007,사직공원(한국사회과학도서관),91.0,bakery_tmzon_00_06_selng_amt | bakery_weekend_share_cnt | bakery_weekend_share_amt,0.22378787878787876,6145.246130132976,매장 면적·좌석·브랜드별 매출 자료가 없어 규모별 적합도와 argmax 규모는 산출하지 않음
BRD_20240478,화이트리에,3110009,자하문터널,92.0,bakery_tmzon_00_06_selng_amt | bakery_weekend_share_cnt | bakery_weekend_share_amt,0.13818181818181818,5172.386779797865,매장 면적·좌석·브랜드별 매출 자료가 없어 규모별 적합도와 argmax 규모는 산출하지 않음
BRD_20240478,화이트리에,3110011,청운초등학교,93.0,bakery_tmzon_00_06_selng_amt | bakery_weekend_share_cnt | bakery_weekend_share_amt,0.29000000000000004,5205.868323332097,매장 면적·좌석·브랜드별 매출 자료가 없어 규모별 적합도와 argmax 규모는 산출하지 않음
BRD_20240478,화이트리에,3110013,체부동홍종문가옥,94.0,bakery_tmzon_00_06_selng_amt | bakery_weekend_share_cnt | bakery_weekend_share_amt,0.7616666666666667,5510.095552702677,매장 면적·좌석·브랜드별 매출 자료가 없어 규모별 적합도와 argmax 규모는 산출하지 않음
BRD_20240478,화이트리에,3110014,경복고등학교,95.0,bakery_tmzon_00_06_selng_amt | bakery_weekend_share_cnt | bakery_weekend_share_amt,0.09606060606060605,5034.587669302301,매장 면적·좌석·브랜드별 매출 자료가 없어 규모별 적합도와 argmax 규모는 산출하지 않음
BRD_20240478,화이트리에,3110015,청와대사랑채,96.0,bakery_tmzon_00_06_selng_amt | bakery_weekend_share_cnt | bakery_weekend_share_amt,0.5587878787878788,5089.476692147009,매장 면적·좌석·브랜드별 매출 자료가 없어 규모별 적합도와 argmax 규모는 산출하지 않음
BRD_20240478,화이트리에,3110016,평창동동측,97.0,bakery_tmzon_00_06_selng_amt | bakery_weekend_share_cnt | bakery_weekend_share_amt,0.03848484848484851,4364.6592077487085,매장 면적·좌석·브랜드별 매출 자료가 없어 규모별 적합도와 argmax 규모는 산출하지 않음
BRD_20240478,화이트리에,3110017,정독도서관,98.0,bakery_tmzon_00_06_selng_amt | bakery_weekend_share_cnt | bakery_weekend_share_amt,0.2936363636363636,4150.014096354693,매장 면적·좌석·브랜드별 매출 자료가 없어 규모별 적합도와 argmax 규모는 산출하지 않음
BRD_20240478,화이트리에,3110018,중앙고등학교,99.0,bakery_tmzon_00_06_selng_amt | bakery_weekend_share_cnt | bakery_weekend_share_amt,0.40499999999999997,3952.46075248808,매장 면적·좌석·브랜드별 매출 자료가 없어 규모별 적합도와 argmax 규모는 산출하지 않음
BRD_20240478,화이트리에,3110019,창덕궁,100.0,bakery_tmzon_00_06_selng_amt | bakery_weekend_share_cnt | bakery_weekend_share_amt,0.8666666666666667,4210.261393310652,매장 면적·좌석·브랜드별 매출 자료가 없어 규모별 적합도와 argmax 규모는 산출하지 않음
BRD_20240478,화이트리에,3110020,서울국제고등학교,101.0,bakery_tmzon_00_06_selng_amt | bakery_weekend_share_cnt | bakery_weekend_share_amt,0.34909090909090906,3014.86401019424,매장 면적·좌석·브랜드별 매출 자료가 없어 규모별 적합도와 argmax 규모는 산출하지 않음
BRD_20240478,화이트리에,3110021,성균관대학교,102.0,bakery_tmzon_00_06_selng_amt | bakery_weekend_share_cnt | bakery_weekend_share_amt,0.7306060606060607,3226.138558709385,매장 면적·좌석·브랜드별 매출 자료가 없어 규모별 적합도와 argmax 규모는 산출하지 않음
BRD_20240478,화이트리에,3110022,경신고등학교,103.0,bakery_tmzon_00_06_selng_amt | bakery_weekend_share_cnt | bakery_weekend_share_amt,0.6446969696969697,2843.0058037195563,매장 면적·좌석·브랜드별 매출 자료가 없어 규모별 적합도와 argmax 규모는 산출하지 않음
BRD_20240478,화이트리에,3110023,서울대병원,104.0,bakery_tmzon_00_06_selng_amt | bakery_weekend_share_cnt | bakery_weekend_share_amt,0.821969696969697,3369.582911878991,매장 면적·좌석·브랜드별 매출 자료가 없어 규모별 적합도와 argmax 규모는 산출하지 않음
BRD_20240478,화이트리에,3110024,혜화동주민센터,105.0,bakery_tmzon_00_06_selng_amt | bakery_weekend_share_cnt | bakery_weekend_share_amt,0.5328787878787878,2676.9927157148427,매장 면적·좌석·브랜드별 매출 자료가 없어 규모별 적합도와 argmax 규모는 산출하지 않음
BRD_20240478,화이트리에,3110025,충신시장옆,106.0,bakery_tmzon_00_06_selng_amt | bakery_weekend_share_cnt | bakery_weekend_share_amt,0.38560606060606056,3635.071938772863,매장 면적·좌석·브랜드별 매출 자료가 없어 규모별 적합도와 argmax 규모는 산출하지 않음
BRD_20240723,올드몬트베이글,3110001,이북5도청사,89.66666666666667,bakery_age_60_above_share_amt | bakery_age_20_share_amt | bakery_age_30_share_amt,0.0246969696969697,16281.605848328121,매장 면적·좌석·브랜드별 매출 자료가 없어 규모별 적합도와 argmax 규모는 산출하지 않음
BRD_20240723,올드몬트베이글,3110004,대신고등학교,90.66666666666667,bakery_age_60_above_share_amt | bakery_age_20_share_amt | bakery_age_30_share_amt,0.24772727272727274,13996.308549059813,매장 면적·좌석·브랜드별 매출 자료가 없어 규모별 적합도와 argmax 규모는 산출하지 않음
BRD_20240723,올드몬트베이글,3110005,세검정,91.66666666666667,bakery_age_60_above_share_amt | bakery_age_20_share_amt | bakery_age_30_share_amt,0.040909090909090895,15376.331064344697,매장 면적·좌석·브랜드별 매출 자료가 없어 규모별 적합도와 argmax 규모는 산출하지 않음
BRD_20240723,올드몬트베이글,3110006,부암동주민센터,92.66666666666667,bakery_age_60_above_share_amt | bakery_age_20_share_amt | bakery_age_30_share_amt,0.19742424242424245,14818.15238146703,매장 면적·좌석·브랜드별 매출 자료가 없어 규모별 적합도와 argmax 규모는 산출하지 않음
BRD_20240723,올드몬트베이글,3110007,사직공원(한국사회과학도서관),93.66666666666667,bakery_age_60_above_share_amt | bakery_age_20_share_amt | bakery_age_30_share_amt,0.22378787878787876,13689.375880603853,매장 면적·좌석·브랜드별 매출 자료가 없어 규모별 적합도와 argmax 규모는 산출하지 않음
BRD_20240723,올드몬트베이글,3110009,자하문터널,94.66666666666667,bakery_age_60_above_share_amt | bakery_age_20_share_amt | bakery_age_30_share_amt,0.13818181818181818,14760.022798097028,매장 면적·좌석·브랜드별 매출 자료가 없어 규모별 적합도와 argmax 규모는 산출하지 않음
BRD_20240723,올드몬트베이글,3110011,청운초등학교,95.66666666666667,bakery_age_60_above_share_amt | bakery_age_20_share_amt | bakery_age_30_share_amt,0.29000000000000004,14077.134687157508,매장 면적·좌석·브랜드별 매출 자료가 없어 규모별 적합도와 argmax 규모는 산출하지 않음
BRD_20240723,올드몬트베이글,3110013,체부동홍종문가옥,96.66666666666667,bakery_age_60_above_share_amt | bakery_age_20_share_amt | bakery_age_30_share_amt,0.7616666666666667,13509.530154687454,매장 면적·좌석·브랜드별 매출 자료가 없어 규모별 적합도와 argmax 규모는 산출하지 않음
BRD_20240723,올드몬트베이글,3110014,경복고등학교,97.66666666666667,bakery_age_60_above_share_amt | bakery_age_20_share_amt | bakery_age_30_share_amt,0.09606060606060605,13752.64370949696,매장 면적·좌석·브랜드별 매출 자료가 없어 규모별 적합도와 argmax 규모는 산출하지 않음
BRD_20240723,올드몬트베이글,3110015,청와대사랑채,98.66666666666667,bakery_age_60_above_share_amt | bakery_age_20_share_amt | bakery_age_30_share_amt,0.5584848484848485,13498.803095103493,매장 면적·좌석·브랜드별 매출 자료가 없어 규모별 적합도와 argmax 규모는 산출하지 않음
BRD_20240723,올드몬트베이글,3110016,평창동동측,99.66666666666667,bakery_age_60_above_share_amt | bakery_age_20_share_amt | bakery_age_30_share_amt,0.03848484848484851,15309.275097149526,매장 면적·좌석·브랜드별 매출 자료가 없어 규모별 적합도와 argmax 규모는 산출하지 않음
BRD_20240723,올드몬트베이글,3110017,정독도서관,100.66666666666667,bakery_age_60_above_share_amt | bakery_age_20_share_amt | bakery_age_30_share_amt,0.29348484848484846,12730.711095626577,매장 면적·좌석·브랜드별 매출 자료가 없어 규모별 적합도와 argmax 규모는 산출하지 않음
BRD_20240723,올드몬트베이글,3110018,중앙고등학교,101.66666666666667,bakery_age_60_above_share_amt | bakery_age_20_share_amt | bakery_age_30_share_amt,0.40454545454545454,12427.90875410244,매장 면적·좌석·브랜드별 매출 자료가 없어 규모별 적합도와 argmax 규모는 산출하지 않음
BRD_20240723,올드몬트베이글,3110019,창덕궁,102.66666666666667,bakery_age_60_above_share_amt | bakery_age_20_share_amt | bakery_age_30_share_amt,0.8666666666666667,11734.452053688387,매장 면적·좌석·브랜드별 매출 자료가 없어 규모별 적합도와 argmax 규모는 산출하지 않음
BRD_20240723,올드몬트베이글,3110020,서울국제고등학교,103.66666666666667,bakery_age_60_above_share_amt | bakery_age_20_share_amt | bakery_age_30_share_amt,0.34909090909090906,12198.682100957689,매장 면적·좌석·브랜드별 매출 자료가 없어 규모별 적합도와 argmax 규모는 산출하지 않음
BRD_20240723,올드몬트베이글,3110021,성균관대학교,104.66666666666667,bakery_age_60_above_share_amt | bakery_age_20_share_amt | bakery_age_30_share_amt,0.7307575757575757,11755.220797596296,매장 면적·좌석·브랜드별 매출 자료가 없어 규모별 적합도와 argmax 규모는 산출하지 않음
BRD_20240723,올드몬트베이글,3110022,경신고등학교,105.66666666666667,bakery_age_60_above_share_amt | bakery_age_20_share_amt | bakery_age_30_share_amt,0.6442424242424243,11859.930859841166,매장 면적·좌석·브랜드별 매출 자료가 없어 규모별 적합도와 argmax 규모는 산출하지 않음
BRD_20240723,올드몬트베이글,3110023,서울대병원,106.66666666666667,bakery_age_60_above_share_amt | bakery_age_20_share_amt | bakery_age_30_share_amt,0.821969696969697,11149.34190884116,매장 면적·좌석·브랜드별 매출 자료가 없어 규모별 적합도와 argmax 규모는 산출하지 않음
BRD_20240723,올드몬트베이글,3110024,혜화동주민센터,107.66666666666667,bakery_age_60_above_share_amt | bakery_age_20_share_amt | bakery_age_30_share_amt,0.5331818181818182,11718.972139236437,매장 면적·좌석·브랜드별 매출 자료가 없어 규모별 적합도와 argmax 규모는 산출하지 않음
BRD_20240723,올드몬트베이글,3110025,충신시장옆,108.66666666666667,bakery_age_60_above_share_amt | bakery_age_20_share_amt | bakery_age_30_share_amt,0.38530303030303026,10703.773633641978,매장 면적·좌석·브랜드별 매출 자료가 없어 규모별 적합도와 argmax 규모는 산출하지 않음
BRD_20240814,보리원,3110001,이북5도청사,69.66666666666667,bakery_tmzon_00_06_selng_amt | bakery_tmzon_06_11_selng_co | bakery_age_10_share_amt,0.0246969696969697,10626.243927193374,매장 면적·좌석·브랜드별 매출 자료가 없어 규모별 적합도와 argmax 규모는 산출하지 않음
BRD_20240814,보리원,3110004,대신고등학교,70.66666666666667,bakery_tmzon_00_06_selng_amt | bakery_tmzon_06_11_selng_co | bakery_age_10_share_amt,0.2475757575757576,7557.055643591584,매장 면적·좌석·브랜드별 매출 자료가 없어 규모별 적합도와 argmax 규모는 산출하지 않음
BRD_20240814,보리원,3110005,세검정,71.66666666666667,bakery_tmzon_00_06_selng_amt | bakery_tmzon_06_11_selng_co | bakery_age_10_share_amt,0.040909090909090895,9608.525589298984,매장 면적·좌석·브랜드별 매출 자료가 없어 규모별 적합도와 argmax 규모는 산출하지 않음
BRD_20240814,보리원,3110006,부암동주민센터,72.66666666666667,bakery_tmzon_00_06_selng_amt | bakery_tmzon_06_11_selng_co | bakery_age_10_share_amt,0.1975757575757576,8837.207986703059,매장 면적·좌석·브랜드별 매출 자료가 없어 규모별 적합도와 argmax 규모는 산출하지 않음
BRD_20240814,보리원,3110007,사직공원(한국사회과학도서관),73.66666666666667,bakery_tmzon_00_06_selng_amt | bakery_tmzon_06_11_selng_co | bakery_age_10_share_amt,0.2236363636363636,7311.691254443453,매장 면적·좌석·브랜드별 매출 자료가 없어 규모별 적합도와 argmax 규모는 산출하지 않음
BRD_20240814,보리원,3110009,자하문터널,74.66666666666667,bakery_tmzon_00_06_selng_amt | bakery_tmzon_06_11_selng_co | bakery_age_10_share_amt,0.13803030303030306,8911.47585982321,매장 면적·좌석·브랜드별 매출 자료가 없어 규모별 적합도와 argmax 규모는 산출하지 않음
BRD_20240814,보리원,3110011,청운초등학교,75.66666666666667,bakery_tmzon_00_06_selng_amt | bakery_tmzon_06_11_selng_co | bakery_age_10_share_amt,0.29000000000000004,8064.796711649101,매장 면적·좌석·브랜드별 매출 자료가 없어 규모별 적합도와 argmax 규모는 산출하지 않음
BRD_20240814,보리원,3110013,체부동홍종문가옥,76.66666666666667,bakery_tmzon_00_06_selng_amt | bakery_tmzon_06_11_selng_co | bakery_age_10_share_amt,0.7616666666666667,7302.396592917302,매장 면적·좌석·브랜드별 매출 자료가 없어 규모별 적합도와 argmax 규모는 산출하지 않음
BRD_20240814,보리원,3110014,경복고등학교,77.66666666666667,bakery_tmzon_00_06_selng_amt | bakery_tmzon_06_11_selng_co | bakery_age_10_share_amt,0.09606060606060605,7747.781101722674,매장 면적·좌석·브랜드별 매출 자료가 없어 규모별 적합도와 argmax 규모는 산출하지 않음
BRD_20240814,보리원,3110015,청와대사랑채,78.66666666666667,bakery_tmzon_00_06_selng_amt | bakery_tmzon_06_11_selng_co | bakery_age_10_share_amt,0.5584848484848485,7434.8553449421315,매장 면적·좌석·브랜드별 매출 자료가 없어 규모별 적합도와 argmax 규모는 산출하지 않음
BRD_20240814,보리원,3110016,평창동동측,79.66666666666667,bakery_tmzon_00_06_selng_amt | bakery_tmzon_06_11_selng_co | bakery_age_10_share_amt,0.03848484848484851,10110.825139427068,매장 면적·좌석·브랜드별 매출 자료가 없어 규모별 적합도와 argmax 규모는 산출하지 않음
BRD_20240814,보리원,3110017,정독도서관,80.66666666666667,bakery_tmzon_00_06_selng_amt | bakery_tmzon_06_11_selng_co | bakery_age_10_share_amt,0.29348484848484846,6934.279054099725,매장 면적·좌석·브랜드별 매출 자료가 없어 규모별 적합도와 argmax 규모는 산출하지 않음
BRD_20240814,보리원,3110018,중앙고등학교,81.66666666666667,bakery_tmzon_00_06_selng_amt | bakery_tmzon_06_11_selng_co | bakery_age_10_share_amt,0.40454545454545454,6688.593648899925,매장 면적·좌석·브랜드별 매출 자료가 없어 규모별 적합도와 argmax 규모는 산출하지 않음
BRD_20240814,보리원,3110019,창덕궁,82.66666666666667,bakery_tmzon_00_06_selng_amt | bakery_tmzon_06_11_selng_co | bakery_age_10_share_amt,0.8666666666666667,5866.196723610966,매장 면적·좌석·브랜드별 매출 자료가 없어 규모별 적합도와 argmax 규모는 산출하지 않음
BRD_20240814,보리원,3110020,서울국제고등학교,83.66666666666667,bakery_tmzon_00_06_selng_amt | bakery_tmzon_06_11_selng_co | bakery_age_10_share_amt,0.34893939393939394,6867.235251542125,매장 면적·좌석·브랜드별 매출 자료가 없어 규모별 적합도와 argmax 규모는 산출하지 않음
BRD_20240814,보리원,3110021,성균관대학교,84.66666666666667,bakery_tmzon_00_06_selng_amt | bakery_tmzon_06_11_selng_co | bakery_age_10_share_amt,0.7306060606060607,6324.052577266303,매장 면적·좌석·브랜드별 매출 자료가 없어 규모별 적합도와 argmax 규모는 산출하지 않음
BRD_20240814,보리원,3110022,경신고등학교,85.66666666666667,bakery_tmzon_00_06_selng_amt | bakery_tmzon_06_11_selng_co | bakery_age_10_share_amt,0.6442424242424243,6608.538491981488,매장 면적·좌석·브랜드별 매출 자료가 없어 규모별 적합도와 argmax 규모는 산출하지 않음
BRD_20240814,보리원,3110023,서울대병원,86.66666666666667,bakery_tmzon_00_06_selng_amt | bakery_tmzon_06_11_selng_co | bakery_age_10_share_amt,0.8221212121212121,5698.305186633618,매장 면적·좌석·브랜드별 매출 자료가 없어 규모별 적합도와 argmax 규모는 산출하지 않음
BRD_20240814,보리원,3110024,혜화동주민센터,87.66666666666667,bakery_tmzon_00_06_selng_amt | bakery_tmzon_06_11_selng_co | bakery_age_10_share_amt,0.5328787878787878,6554.727835691076,매장 면적·좌석·브랜드별 매출 자료가 없어 규모별 적합도와 argmax 규모는 산출하지 않음
BRD_20240814,보리원,3110025,충신시장옆,88.66666666666667,bakery_tmzon_00_06_selng_amt | bakery_tmzon_06_11_selng_co | bakery_age_10_share_amt,0.38530303030303026,5190.944904351503,매장 면적·좌석·브랜드별 매출 자료가 없어 규모별 적합도와 argmax 규모는 산출하지 않음
BRD_20250749,디에그,3110001,이북5도청사,73.33333333333333,bakery_tmzon_11_14_selng_amt | bakery_tmzon_14_17_selng_amt | bakery_tues_selng_amt,0.0246969696969697,6361.751724139361,매장 면적·좌석·브랜드별 매출 자료가 없어 규모별 적합도와 argmax 규모는 산출하지 않음
BRD_20250749,디에그,3110004,대신고등학교,74.33333333333333,bakery_tmzon_11_14_selng_amt | bakery_tmzon_14_17_selng_amt | bakery_tues_selng_amt,0.2475757575757576,3076.598283782111,매장 면적·좌석·브랜드별 매출 자료가 없어 규모별 적합도와 argmax 규모는 산출하지 않음
BRD_20250749,디에그,3110005,세검정,75.33333333333333,bakery_tmzon_11_14_selng_amt | bakery_tmzon_14_17_selng_amt | bakery_tues_selng_amt,0.040909090909090895,5648.763492978995,매장 면적·좌석·브랜드별 매출 자료가 없어 규모별 적합도와 argmax 규모는 산출하지 않음
BRD_20250749,디에그,3110006,부암동주민센터,76.33333333333333,bakery_tmzon_11_14_selng_amt | bakery_tmzon_14_17_selng_amt | bakery_tues_selng_amt,0.19742424242424245,4789.931105940832,매장 면적·좌석·브랜드별 매출 자료가 없어 규모별 적합도와 argmax 규모는 산출하지 않음
BRD_20250749,디에그,3110007,사직공원(한국사회과학도서관),77.33333333333333,bakery_tmzon_11_14_selng_amt | bakery_tmzon_14_17_selng_amt | bakery_tues_selng_amt,0.2236363636363636,3427.200023305534,매장 면적·좌석·브랜드별 매출 자료가 없어 규모별 적합도와 argmax 규모는 산출하지 않음
BRD_20250749,디에그,3110009,자하문터널,78.33333333333333,bakery_tmzon_11_14_selng_amt | bakery_tmzon_14_17_selng_amt | bakery_tues_selng_amt,0.13803030303030306,5235.0210123385905,매장 면적·좌석·브랜드별 매출 자료가 없어 규모별 적합도와 argmax 규모는 산출하지 않음
BRD_20250749,디에그,3110011,청운초등학교,79.33333333333333,bakery_tmzon_11_14_selng_amt | bakery_tmzon_14_17_selng_amt | bakery_tues_selng_amt,0.29000000000000004,4640.2203611098075,매장 면적·좌석·브랜드별 매출 자료가 없어 규모별 적합도와 argmax 규모는 산출하지 않음
BRD_20250749,디에그,3110013,체부동홍종문가옥,80.33333333333333,bakery_tmzon_11_14_selng_amt | bakery_tmzon_14_17_selng_amt | bakery_tues_selng_amt,0.7616666666666667,4077.855441245639,매장 면적·좌석·브랜드별 매출 자료가 없어 규모별 적합도와 argmax 규모는 산출하지 않음
BRD_20250749,디에그,3110014,경복고등학교,81.33333333333333,bakery_tmzon_11_14_selng_amt | bakery_tmzon_14_17_selng_amt | bakery_tues_selng_amt,0.09621212121212121,4684.6554835603665,매장 면적·좌석·브랜드별 매출 자료가 없어 규모별 적합도와 argmax 규모는 산출하지 않음
BRD_20250749,디에그,3110015,청와대사랑채,82.33333333333333,bakery_tmzon_11_14_selng_amt | bakery_tmzon_14_17_selng_amt | bakery_tues_selng_amt,0.5586363636363636,4535.399541348307,매장 면적·좌석·브랜드별 매출 자료가 없어 규모별 적합도와 argmax 규모는 산출하지 않음
BRD_20250749,디에그,3110016,평창동동측,83.33333333333333,bakery_tmzon_11_14_selng_amt | bakery_tmzon_14_17_selng_amt | bakery_tues_selng_amt,0.03848484848484851,5283.574736818099,매장 면적·좌석·브랜드별 매출 자료가 없어 규모별 적합도와 argmax 규모는 산출하지 않음
BRD_20250749,디에그,3110017,정독도서관,84.33333333333333,bakery_tmzon_11_14_selng_amt | bakery_tmzon_14_17_selng_amt | bakery_tues_selng_amt,0.29333333333333333,4558.0575906545655,매장 면적·좌석·브랜드별 매출 자료가 없어 규모별 적합도와 argmax 규모는 산출하지 않음
BRD_20250749,디에그,3110018,중앙고등학교,85.33333333333333,bakery_tmzon_11_14_selng_amt | bakery_tmzon_14_17_selng_amt | bakery_tues_selng_amt,0.40484848484848485,4311.840674207585,매장 면적·좌석·브랜드별 매출 자료가 없어 규모별 적합도와 argmax 규모는 산출하지 않음
BRD_20250749,디에그,3110019,창덕궁,86.33333333333333,bakery_tmzon_11_14_selng_amt | bakery_tmzon_14_17_selng_amt | bakery_tues_selng_amt,0.8668181818181818,4381.751362161734,매장 면적·좌석·브랜드별 매출 자료가 없어 규모별 적합도와 argmax 규모는 산출하지 않음
BRD_20250749,디에그,3110020,서울국제고등학교,87.33333333333333,bakery_tmzon_11_14_selng_amt | bakery_tmzon_14_17_selng_amt | bakery_tues_selng_amt,0.34893939393939394,3425.0654008039683,매장 면적·좌석·브랜드별 매출 자료가 없어 규모별 적합도와 argmax 규모는 산출하지 않음
BRD_20250749,디에그,3110021,성균관대학교,88.33333333333333,bakery_tmzon_11_14_selng_amt | bakery_tmzon_14_17_selng_amt | bakery_tues_selng_amt,0.7304545454545455,3483.007034132547,매장 면적·좌석·브랜드별 매출 자료가 없어 규모별 적합도와 argmax 규모는 산출하지 않음
BRD_20250749,디에그,3110022,경신고등학교,89.33333333333333,bakery_tmzon_11_14_selng_amt | bakery_tmzon_14_17_selng_amt | bakery_tues_selng_amt,0.6445454545454545,3170.387042588807,매장 면적·좌석·브랜드별 매출 자료가 없어 규모별 적합도와 argmax 규모는 산출하지 않음
BRD_20250749,디에그,3110023,서울대병원,90.33333333333333,bakery_tmzon_11_14_selng_amt | bakery_tmzon_14_17_selng_amt | bakery_tues_selng_amt,0.8221212121212121,3440.8174900546333,매장 면적·좌석·브랜드별 매출 자료가 없어 규모별 적합도와 argmax 규모는 산출하지 않음
BRD_20250749,디에그,3110024,혜화동주민센터,91.33333333333333,bakery_tmzon_11_14_selng_amt | bakery_tmzon_14_17_selng_amt | bakery_tues_selng_amt,0.5327272727272727,2976.312147579586,매장 면적·좌석·브랜드별 매출 자료가 없어 규모별 적합도와 argmax 규모는 산출하지 않음
BRD_20250749,디에그,3110025,충신시장옆,92.33333333333333,bakery_tmzon_11_14_selng_amt | bakery_tmzon_14_17_selng_amt | bakery_tues_selng_amt,0.38560606060606056,3573.0032185685163,매장 면적·좌석·브랜드별 매출 자료가 없어 규모별 적합도와 argmax 규모는 산출하지 않음
BRD_20260378,빵굼터,3110001,이북5도청사,83.66666666666667,bakery_age_40_share_amt | bakery_age_20_share_amt | bakery_agrde_10_selng_co,0.0246969696969697,7569.430163449143,매장 면적·좌석·브랜드별 매출 자료가 없어 규모별 적합도와 argmax 규모는 산출하지 않음
BRD_20260378,빵굼터,3110004,대신고등학교,84.66666666666667,bakery_age_40_share_amt | bakery_age_20_share_amt | bakery_agrde_10_selng_co,0.2478787878787879,4850.713864941945,매장 면적·좌석·브랜드별 매출 자료가 없어 규모별 적합도와 argmax 규모는 산출하지 않음
BRD_20260378,빵굼터,3110005,세검정,85.66666666666667,bakery_age_40_share_amt | bakery_age_20_share_amt | bakery_agrde_10_selng_co,0.040909090909090895,6563.563437601032,매장 면적·좌석·브랜드별 매출 자료가 없어 규모별 적합도와 argmax 규모는 산출하지 않음
BRD_20260378,빵굼터,3110006,부암동주민센터,86.66666666666667,bakery_age_40_share_amt | bakery_age_20_share_amt | bakery_agrde_10_selng_co,0.19742424242424245,5840.898903376061,매장 면적·좌석·브랜드별 매출 자료가 없어 규모별 적합도와 argmax 규모는 산출하지 않음
BRD_20260378,빵굼터,3110007,사직공원(한국사회과학도서관),87.66666666666667,bakery_age_40_share_amt | bakery_age_20_share_amt | bakery_agrde_10_selng_co,0.2239393939393939,4541.584745390933,매장 면적·좌석·브랜드별 매출 자료가 없어 규모별 적합도와 argmax 규모는 산출하지 않음
BRD_20260378,빵굼터,3110009,자하문터널,88.66666666666667,bakery_age_40_share_amt | bakery_age_20_share_amt | bakery_agrde_10_selng_co,0.13803030303030306,5878.051122563343,매장 면적·좌석·브랜드별 매출 자료가 없어 규모별 적합도와 argmax 규모는 산출하지 않음
BRD_20260378,빵굼터,3110011,청운초등학교,89.66666666666667,bakery_age_40_share_amt | bakery_age_20_share_amt | bakery_agrde_10_selng_co,0.29000000000000004,5072.016265700382,매장 면적·좌석·브랜드별 매출 자료가 없어 규모별 적합도와 argmax 규모는 산출하지 않음
BRD_20260378,빵굼터,3110013,체부동홍종문가옥,90.66666666666667,bakery_age_40_share_amt | bakery_age_20_share_amt | bakery_agrde_10_selng_co,0.7616666666666667,4397.421630863071,매장 면적·좌석·브랜드별 매출 자료가 없어 규모별 적합도와 argmax 규모는 산출하지 않음
BRD_20260378,빵굼터,3110014,경복고등학교,91.66666666666667,bakery_age_40_share_amt | bakery_age_20_share_amt | bakery_agrde_10_selng_co,0.09606060606060605,4748.751520090314,매장 면적·좌석·브랜드별 매출 자료가 없어 규모별 적합도와 argmax 규모는 산출하지 않음
BRD_20260378,빵굼터,3110015,청와대사랑채,92.66666666666667,bakery_age_40_share_amt | bakery_age_20_share_amt | bakery_agrde_10_selng_co,0.5583333333333333,4455.652701859022,매장 면적·좌석·브랜드별 매출 자료가 없어 규모별 적합도와 argmax 규모는 산출하지 않음
BRD_20260378,빵굼터,3110016,평창동동측,93.66666666666667,bakery_age_40_share_amt | bakery_age_20_share_amt | bakery_agrde_10_selng_co,0.03848484848484851,7041.839816372359,매장 면적·좌석·브랜드별 매출 자료가 없어 규모별 적합도와 argmax 규모는 산출하지 않음
BRD_20260378,빵굼터,3110017,정독도서관,94.66666666666667,bakery_age_40_share_amt | bakery_age_20_share_amt | bakery_agrde_10_selng_co,0.2936363636363636,3872.6674269370983,매장 면적·좌석·브랜드별 매출 자료가 없어 규모별 적합도와 argmax 규모는 산출하지 않음
BRD_20260378,빵굼터,3110018,중앙고등학교,95.66666666666667,bakery_age_40_share_amt | bakery_age_20_share_amt | bakery_agrde_10_selng_co,0.40484848484848485,3618.0934205309054,매장 면적·좌석·브랜드별 매출 자료가 없어 규모별 적합도와 argmax 규모는 산출하지 않음
BRD_20260378,빵굼터,3110019,창덕궁,96.66666666666667,bakery_age_40_share_amt | bakery_age_20_share_amt | bakery_agrde_10_selng_co,0.8665151515151516,2804.6342007029016,매장 면적·좌석·브랜드별 매출 자료가 없어 규모별 적합도와 argmax 규모는 산출하지 않음
BRD_20260378,빵굼터,3110020,서울국제고등학교,97.66666666666667,bakery_age_40_share_amt | bakery_age_20_share_amt | bakery_agrde_10_selng_co,0.34893939393939394,3816.516343436868,매장 면적·좌석·브랜드별 매출 자료가 없어 규모별 적합도와 argmax 규모는 산출하지 않음
BRD_20260378,빵굼터,3110021,성균관대학교,98.66666666666667,bakery_age_40_share_amt | bakery_age_20_share_amt | bakery_agrde_10_selng_co,0.7310606060606061,3268.284565296954,매장 면적·좌석·브랜드별 매출 자료가 없어 규모별 적합도와 argmax 규모는 산출하지 않음
BRD_20260378,빵굼터,3110022,경신고등학교,99.66666666666667,bakery_age_40_share_amt | bakery_age_20_share_amt | bakery_agrde_10_selng_co,0.6445454545454545,3580.970259546141,매장 면적·좌석·브랜드별 매출 자료가 없어 규모별 적합도와 argmax 규모는 산출하지 않음
BRD_20260378,빵굼터,3110023,서울대병원,100.66666666666667,bakery_age_40_share_amt | bakery_age_20_share_amt | bakery_agrde_10_selng_co,0.8218181818181818,2656.6499580888526,매장 면적·좌석·브랜드별 매출 자료가 없어 규모별 적합도와 argmax 규모는 산출하지 않음
BRD_20260378,빵굼터,3110024,혜화동주민센터,101.66666666666667,bakery_age_40_share_amt | bakery_age_20_share_amt | bakery_agrde_10_selng_co,0.5334848484848485,3551.698185343101,매장 면적·좌석·브랜드별 매출 자료가 없어 규모별 적합도와 argmax 규모는 산출하지 않음
BRD_20260378,빵굼터,3110025,충신시장옆,102.66666666666667,bakery_age_40_share_amt | bakery_age_20_share_amt | bakery_agrde_10_selng_co,0.38606060606060605,2155.7796733092982,매장 면적·좌석·브랜드별 매출 자료가 없어 규모별 적합도와 argmax 규모는 산출하지 않음
