area_id,area_name,ccg_id_model,bakery_thsmon_selng_amt,bakery_thsmon_selng_co,bakery_avg_ticket,market_opportunity_score,bc_female_share_amt,bc_foreign_share_amt,bc_corporate_share_amt,bc_age_cd_1_share_amt,bc_age_cd_2_share_amt,bc_age_cd_3_share_amt,bc_age_cd_4_share_amt,bc_age_cd_5_share_amt,bc_age_cd_6_share_amt,brand_id,brand_name,brand_dna_affinity_score,brand_already_present_in_area,same_brand_nearest_distance_m,bakery_competitor_nearest_m_excl_brand,bakery_competitor_count_500m_excl_brand,bakery_competitor_count_1000m_excl_brand,competition_risk_score,eligible_new_opening,score_brand_fit_first,score_balanced,score_market_first,rank_brand_fit_first,rank_balanced,rank_market_first,robust_rank,pareto_front_da,store_size_recommendation,store_size_note,area_dna_distance,area_dna_fit_score,profile_status,eligible_new_opening_fit_first,scenario,scenario_eligible,fit_first_score,fit_first_rank,area_fit_mean,area_fit_std,relative_brand_advantage_raw,relative_brand_advantage_score,absolute_fit_pass,contrastive_eligible,contrastive_score,contrastive_rank
3120201,도곡1동,11680,649721874.0,58337.0,11137.38920410717,0.7846420323325634,0.7817460317460317,0.18253968253968253,0.75,0.6468253968253969,0.8531746031746031,0.9206349206349206,0.4365079365079365,0.027777777777777776,0.4880952380952381,BRD_20220253,곤트란쉐리에(Gontran Cherrier),0.9214780600461894,False,504.2786927865908,87.09190547353441,10,64,0.2644341801385681,True,0.8804272517321015,0.8530600461893764,0.825692840646651,21.0,24.0,30.0,25.0,False,direct_size_estimation_deferred,매장 면적·좌석·점포별 매출이 없어 규모별 적합도와 argmax 규모는 산출하지 않음,0.5008925104151823,0.9607390300230947,usable_area_profile,True,balanced,True,0.7153290993071594,4.0,0.8283294842186297,0.06578741047462766,2.0126882157116,0.9861431870669746,True,True,0.8784064665127019,1.0
3110943,법제교육센터(버들어린이공원),11650,849985150.0,98576.0,8622.637863171563,0.812471131639723,0.7619047619047619,0.2857142857142857,0.7023809523809523,0.6785714285714286,0.8293650793650794,0.7777777777777778,0.42857142857142855,0.08333333333333333,0.5198412698412699,BRD_20220253,곤트란쉐리에(Gontran Cherrier),0.9780600461893765,False,2292.031413415874,67.35725648954265,25,54,0.6466512702078522,True,0.9283833718244804,0.8952655889145498,0.862147806004619,7.0,15.0,21.0,14.333333333333334,False,direct_size_estimation_deferred,매장 면적·좌석·점포별 매출이 없어 규모별 적합도와 argmax 규모는 산출하지 않음,0.49447806412681716,0.9653579676674365,usable_area_profile,True,balanced,True,0.6700461893764436,14.0,0.8574865280985374,0.06302143766630533,1.7116626272487119,0.9515011547344111,True,True,0.8169515011547345,2.0
3130147,쌍문역동측상점가,11320,2520521582.0,295704.0,8523.799414279145,0.8990762124711316,0.7182539682539683,0.11904761904761904,0.6071428571428571,0.25793650793650796,0.3611111111111111,0.24603174603174602,0.19047619047619047,0.4246031746031746,0.9126984126984127,BRD_20220253,곤트란쉐리에(Gontran Cherrier),0.03579676674364896,False,7608.334508922631,76.05918750239688,27,48,0.6385681293302541,True,0.29478060046189375,0.46743648960739026,0.6400923787528868,335.0,222.0,119.0,225.33333333333334,False,direct_size_estimation_deferred,매장 면적·좌석·점포별 매출이 없어 규모별 적합도와 argmax 규모는 산출하지 않음,0.6968078858662622,0.8083140877598153,usable_area_profile,True,balanced,True,0.6230484988452656,33.0,0.6961123941493456,0.054715264551979156,2.050647009188429,0.9884526558891455,True,True,0.8118129330254041,3.0
3120188,압구정역,11680,1784647410.0,134975.0,13222.058973884052,0.9404157043879908,0.7817460317460317,0.18253968253968253,0.75,0.6468253968253969,0.8531746031746031,0.9206349206349206,0.4365079365079365,0.027777777777777776,0.4880952380952381,BRD_20220253,곤트란쉐리에(Gontran Cherrier),0.9214780600461894,False,791.0935469567722,98.31073190628577,25,97,0.5323325635103926,True,0.9271593533487297,0.9309468822170901,0.9347344110854503,9.0,4.0,7.0,6.666666666666667,False,direct_size_estimation_deferred,매장 면적·좌석·점포별 매출이 없어 규모별 적합도와 argmax 규모는 산출하지 않음,0.4268908830610167,0.9815242494226328,usable_area_profile,True,balanced,True,0.7400577367205543,1.0,0.9592956120092379,0.027451419670695573,0.8097445480068952,0.76905311778291,True,True,0.804353348729792,4.0
3120151,보라매공원,11590,648870341.0,67412.0,9625.442665994186,0.7726327944572748,0.8611111111111112,0.5158730158730159,0.42857142857142855,0.753968253968254,0.9563492063492064,0.6626984126984127,0.11507936507936507,0.09523809523809523,0.5674603174603174,BRD_20220253,곤트란쉐리에(Gontran Cherrier),0.4792147806004619,False,5082.831494373608,16.492422502230646,17,70,0.7118937644341802,True,0.5672401847575058,0.6259237875288683,0.684607390300231,160.0,112.0,93.0,121.66666666666667,False,direct_size_estimation_deferred,매장 면적·좌석·점포별 매출이 없어 규모별 적합도와 argmax 규모는 산출하지 않음,0.36217878850681606,0.9884526558891455,usable_area_profile,True,balanced,True,0.6578637413394919,19.0,0.9259045419553503,0.04022615119855289,1.5549117196189863,0.9422632794457275,True,True,0.7984468822170901,5.0
3120062,신설동역,11230,583819931.0,56521.0,10329.256931052176,0.748498845265589,0.6904761904761905,0.5396825396825397,0.5714285714285714,0.9603174603174603,0.9126984126984127,0.4087301587301587,0.1865079365079365,0.09126984126984126,0.6825396825396826,BRD_20220253,곤트란쉐리에(Gontran Cherrier),0.31524249422632794,False,773.3104163069894,109.76793705062819,8,36,0.16743648960739027,True,0.4452193995381062,0.5318706697459584,0.6185219399538107,238.0,178.0,129.0,181.66666666666666,False,direct_size_estimation_deferred,매장 면적·좌석·점포별 매출이 없어 규모별 적합도와 argmax 규모는 산출하지 않음,0.6400866601208315,0.8614318706697459,usable_area_profile,True,balanced,True,0.6675750577367205,15.0,0.7826212471131639,0.07792402283278821,1.0113777586367205,0.8244803695150116,True,True,0.7876558891454966,6.0
3120205,매봉역,11680,580733796.0,60594.0,9584.014852955737,0.7444572748267898,0.7817460317460317,0.18253968253968253,0.75,0.6468253968253969,0.8531746031746031,0.9206349206349206,0.4365079365079365,0.027777777777777776,0.4880952380952381,BRD_20220253,곤트란쉐리에(Gontran Cherrier),0.9214780600461894,False,1178.9016074449341,70.4911341990284,16,64,0.4676674364896074,True,0.8683718244803694,0.8329676674364896,0.7975635103926095,25.0,29.0,37.0,30.333333333333332,False,direct_size_estimation_deferred,매장 면적·좌석·점포별 매출이 없어 규모별 적합도와 argmax 규모는 산출하지 않음,0.5325718699211961,0.9445727482678984,usable_area_profile,True,balanced,True,0.6626963048498845,18.0,0.855080831408776,0.08079051653086988,1.1077032392153072,0.8637413394919169,True,True,0.7820554272517322,7.0
3120107,공덕역(공덕오거리),11440,1051109080.0,111230.0,9449.870358716174,0.8578521939953809,0.9404761904761905,0.4246031746031746,0.5833333333333334,0.9642857142857143,0.9880952380952381,0.9841269841269841,0.1111111111111111,0.011904761904761904,0.051587301587301584,BRD_20220253,곤트란쉐리에(Gontran Cherrier),0.10969976905311778,False,3001.075973698278,80.05623025110103,24,77,0.5762124711316398,True,0.3341454965357967,0.48377598152424933,0.6334064665127019,310.0,211.0,122.0,214.33333333333334,False,direct_size_estimation_deferred,매장 면적·좌석·점포별 매출이 없어 규모별 적합도와 argmax 규모는 산출하지 않음,0.4311497730043973,0.976905311778291,usable_area_profile,True,balanced,True,0.7022690531177829,6.0,0.9156081601231717,0.06710078505723298,0.9135087108569067,0.7944572748267898,True,True,0.7817782909930715,8.0
3120166,방배역,11650,1455145059.0,122673.0,11861.983150326478,0.9176674364896074,0.7619047619047619,0.2857142857142857,0.7023809523809523,0.6785714285714286,0.8293650793650794,0.7777777777777778,0.42857142857142855,0.08333333333333333,0.5198412698412699,BRD_20220253,곤트란쉐리에(Gontran Cherrier),0.9780600461893765,False,1819.7214072476397,99.2975326976693,12,28,0.2678983833718245,True,0.9599422632794457,0.9478637413394919,0.935785219399538,3.0,3.0,6.0,4.0,False,direct_size_estimation_deferred,매장 면적·좌석·점포별 매출이 없어 규모별 적합도와 argmax 규모는 산출하지 않음,0.5876605016838531,0.9030023094688222,usable_area_profile,True,balanced,True,0.7324999999999999,2.0,0.8795227097767513,0.05651551828195008,0.4154540275988202,0.6812933025404158,True,True,0.7785334872979215,9.0
3111090,강일동주민센터,11740,428404856.0,36116.0,11861.913168678702,0.6680138568129331,0.8452380952380952,0.06746031746031746,0.7063492063492064,0.38492063492063494,0.6626984126984127,0.7182539682539683,0.5833333333333334,0.06746031746031746,0.6507936507936508,BRD_20220253,곤트란쉐리에(Gontran Cherrier),0.7575057736720554,False,9922.732335395305,59.13543778863246,4,13,0.31177829099307164,True,0.7306581986143187,0.7127598152424943,0.6948614318706697,79.0,74.0,82.0,78.33333333333333,False,direct_size_estimation_deferred,매장 면적·좌석·점포별 매출이 없어 규모별 적합도와 argmax 규모는 산출하지 않음,0.7324799223876617,0.7829099307159353,usable_area_profile,True,balanced,True,0.5784930715935335,61.0,0.6291377983063895,0.08289762773977448,1.854964208291398,0.9699769053117783,True,True,0.7765011547344112,10.0
3120009,종로3가역,11110,773341001.0,64864.0,11922.499398741984,0.8273672055427251,0.876984126984127,0.42857142857142855,0.503968253968254,0.75,0.9444444444444444,0.8531746031746031,0.2619047619047619,0.05952380952380952,0.3611111111111111,BRD_20220253,곤트란쉐리에(Gontran Cherrier),0.7136258660508084,False,1694.8687265053368,125.80143085865113,24,103,0.45381062355658197,True,0.7477482678983833,0.7704965357967668,0.79324480369515,70.0,48.0,40.0,52.666666666666664,False,direct_size_estimation_deferred,매장 면적·좌석·점포별 매출이 없어 규모별 적합도와 argmax 규모는 산출하지 않음,0.3581728422365785,0.9907621247113164,usable_area_profile,True,balanced,True,0.7168879907621246,3.0,0.9535219399538106,0.05047087142510804,0.7378549984571833,0.74364896073903,True,True,0.774826789838337,11.0
3120175,남부터미널역,11650,960650667.0,103198.0,9308.810897498013,0.8390300230946882,0.7619047619047619,0.2857142857142857,0.7023809523809523,0.6785714285714286,0.8293650793650794,0.7777777777777778,0.42857142857142855,0.08333333333333333,0.5198412698412699,BRD_20220253,곤트란쉐리에(Gontran Cherrier),0.9780600461893765,False,842.0077197141321,49.929950906089985,13,45,0.4826789838337182,True,0.93635103926097,0.9085450346420323,0.8807390300230946,6.0,11.0,18.0,11.666666666666666,False,direct_size_estimation_deferred,매장 면적·좌석·점포별 매출이 없어 규모별 적합도와 argmax 규모는 산출하지 않음,0.5585627675959842,0.930715935334873,usable_area_profile,True,balanced,True,0.6866166281755196,8.0,0.8356428021555042,0.10952373119230398,0.868059662909378,0.7782909930715936,True,True,0.7698383371824481,12.0
3120066,장한평역(장한평),11230,274354373.0,24121.0,11374.087848762489,0.5446882217090069,0.6904761904761905,0.5396825396825397,0.5714285714285714,0.9603174603174603,0.9126984126984127,0.4087301587301587,0.1865079365079365,0.09126984126984126,0.6825396825396826,BRD_20220253,곤트란쉐리에(Gontran Cherrier),0.31524249422632794,False,2050.1963320255477,70.34912932850425,9,28,0.3146651270207852,True,0.38407621247113155,0.42996535796766744,0.4758545034642032,277.0,249.0,227.0,251.0,False,direct_size_estimation_deferred,매장 면적·좌석·점포별 매출이 없어 규모별 적합도와 argmax 규모는 산출하지 않음,0.5701159170652009,0.9145496535796767,usable_area_profile,True,balanced,True,0.600715935334873,48.0,0.8251539645881447,0.05832407008066144,1.5327409227082207,0.9399538106235565,True,True,0.7665531177829099,13.0
3130225,개봉중앙시장,11530,344218588.0,30618.0,11242.360310928212,0.6080831408775981,0.8412698412698413,0.8373015873015873,0.5753968253968254,0.5238095238095238,0.7579365079365079,0.7380952380952381,0.18253968253968253,0.12698412698412698,0.7658730158730159,BRD_20220253,곤트란쉐리에(Gontran Cherrier),0.41570438799076215,False,10665.247582699703,10.630145801632635,11,31,0.5877598152424942,True,0.4734180138568129,0.5118937644341801,0.5503695150115473,219.0,193.0,180.0,197.33333333333334,False,direct_size_estimation_deferred,매장 면적·좌석·점포별 매출이 없어 규모별 적합도와 argmax 규모는 산출하지 않음,0.5082992941895126,0.9561200923787528,usable_area_profile,True,balanced,True,0.6027251732101617,46.0,0.8553695150115473,0.05916228831081867,1.7029526788736773,0.9491916859122402,True,True,0.7607736720554272,14.0
3120209,"강남구청(청담역_8번, 강남세무서)",11680,483776692.0,36343.0,13311.413257023361,0.7004618937644341,0.7817460317460317,0.18253968253968253,0.75,0.6468253968253969,0.8531746031746031,0.9206349206349206,0.4365079365079365,0.027777777777777776,0.4880952380952381,BRD_20220253,곤트란쉐리에(Gontran Cherrier),0.9214780600461894,False,1737.8567259423007,63.65532180510046,17,57,0.5213625866050808,True,0.8551732101616627,0.8109699769053118,0.7667667436489607,30.0,37.0,52.0,39.666666666666664,False,direct_size_estimation_deferred,매장 면적·좌석·점포별 매출이 없어 규모별 적합도와 argmax 규모는 산출하지 않음,0.746851899060157,0.7782909930715936,usable_area_profile,True,balanced,True,0.5561027713625866,73.0,0.618841416474211,0.08037678346957473,1.9837765299197312,0.9838337182448037,True,True,0.7589549653579677,15.0
3120164,내방역,11650,960846805.0,94433.0,10174.905012019104,0.8489607390300231,0.7619047619047619,0.2857142857142857,0.7023809523809523,0.6785714285714286,0.8293650793650794,0.7777777777777778,0.42857142857142855,0.08333333333333333,0.5198412698412699,BRD_20220253,곤트란쉐리에(Gontran Cherrier),0.9780600461893765,False,1800.8536864336659,49.19349552951682,19,50,0.6287528868360277,True,0.9393302540415704,0.9135103926096998,0.8876905311778291,5.0,8.0,16.0,9.666666666666666,False,direct_size_estimation_deferred,매장 면적·좌석·점포별 매출이 없어 규모별 적합도와 argmax 규모는 산출하지 않음,0.7648769107772823,0.7598152424942264,usable_area_profile,True,balanced,True,0.5827309468822172,60.0,0.6326982294072364,0.09166173985085503,1.3868055886111812,0.9145496535796767,True,True,0.7541397228637413,16.0
3130139,강북종합전통시장(강북종합골목시장),11305,556143075.0,53488.0,10397.529819772659,0.7376443418013857,0.8253968253968254,0.373015873015873,0.31746031746031744,0.42857142857142855,0.5396825396825397,0.1626984126984127,0.051587301587301584,0.5515873015873016,0.9365079365079365,BRD_20220253,곤트란쉐리에(Gontran Cherrier),0.009237875288683603,False,6857.1272410325355,27.730849249436897,16,47,0.6443418013856813,True,0.22775981524249422,0.37344110854503465,0.519122401847575,365.0,304.0,194.0,287.6666666666667,False,direct_size_estimation_deferred,매장 면적·좌석·점포별 매출이 없어 규모별 적합도와 argmax 규모는 산출하지 않음,0.6068219781816886,0.8845265588914549,usable_area_profile,True,balanced,True,0.6037875288683603,45.0,0.7953233256351039,0.06734513734613744,1.3245682876533218,0.9030023094688222,True,True,0.7512009237875288,17.0
3120148,국회의사당역(국회의사당),11560,658683908.0,52751.0,12486.662015885955,0.7863741339491918,0.8571428571428571,0.7698412698412699,0.5277777777777778,0.23809523809523808,0.9007936507936508,0.9761904761904762,0.3373015873015873,0.047619047619047616,0.25,BRD_20220253,곤트란쉐리에(Gontran Cherrier),0.18706697459584296,False,4452.71568820846,117.8346298709127,7,35,0.13741339491916857,True,0.3668591224018476,0.48672055427251737,0.6065819861431871,289.0,210.0,136.0,211.66666666666666,False,direct_size_estimation_deferred,매장 면적·좌석·점포별 매출이 없어 규모별 적합도와 argmax 규모는 산출하지 않음,0.7958042269661532,0.7274826789838338,usable_area_profile,True,balanced,True,0.6183602771362587,36.0,0.6668591224018475,0.06752546032082155,0.8977881275293272,0.789838337182448,True,True,0.7494803695150115,18.0
3110690,오류2동버들시장,11530,236340399.0,20521.0,11517.002046683885,0.5033487297921478,0.8412698412698413,0.8373015873015873,0.5753968253968254,0.5238095238095238,0.7579365079365079,0.7380952380952381,0.18253968253968253,0.12698412698412698,0.7658730158730159,BRD_20220253,곤트란쉐리에(Gontran Cherrier),0.41570438799076215,False,11626.899887772835,56.612719422528826,14,25,0.47921478060046185,True,0.4419976905311779,0.459526558891455,0.4770554272517321,239.0,225.0,223.0,229.0,False,direct_size_estimation_deferred,매장 면적·좌석·점포별 매출이 없어 규모별 적합도와 argmax 규모는 산출하지 않음,0.5607224690887508,0.9284064665127021,usable_area_profile,True,balanced,True,0.5684930715935335,68.0,0.8571016166281754,0.039805398718689856,1.7913361548881273,0.9630484988452656,True,True,0.7428637413394921,19.0
3120039,신당역,11140,297493143.0,26257.0,11330.050767414405,0.5739030023094689,0.873015873015873,0.5793650793650794,0.6428571428571429,0.34523809523809523,0.8571428571428571,0.8214285714285714,0.0873015873015873,0.023809523809523808,0.8293650793650794,BRD_20220253,곤트란쉐리에(Gontran Cherrier),0.2702078521939954,False,544.052387204701,73.73601565834801,25,76,0.628175519630485,True,0.3613163972286374,0.4220554272517322,0.48279445727482684,292.0,254.0,216.0,254.0,False,direct_size_estimation_deferred,매장 면적·좌석·점포별 매출이 없어 규모별 적합도와 argmax 규모는 산출하지 않음,0.5912663691894823,0.9006928406466512,usable_area_profile,True,balanced,True,0.556986143187067,72.0,0.7810816012317168,0.061299755814496704,1.9512514825817258,0.9815242494226328,True,True,0.7407621247113164,20.0
3110640,방화역 1번,11500,671414576.0,62982.0,10660.420056524086,0.7871824480369516,0.8373015873015873,0.23809523809523808,0.623015873015873,0.32142857142857145,0.8333333333333334,0.9246031746031746,0.46825396825396826,0.05555555555555555,0.42063492063492064,BRD_20120100621,더베이크,0.7170900692840647,False,2125.892048039374,241.56986569432095,5,25,0.02482678983833718,True,0.7381177829099308,0.7521362586605082,0.7661547344110855,80.0,60.0,54.0,64.66666666666667,False,direct_size_estimation_deferred,매장 면적·좌석·점포별 매출이 없어 규모별 적합도와 argmax 규모는 산출하지 않음,0.5875355859589195,0.8706697459584296,usable_area_profile,True,balanced,True,0.7071247113163973,6.0,0.8122594303310239,0.05032439479240749,1.160675967755864,0.9792147806004619,True,True,0.8853175519630485,1.0
3120038,약수역,11140,1550178516.0,134777.0,11501.803096967584,0.9235565819861433,0.873015873015873,0.5793650793650794,0.6428571428571429,0.34523809523809523,0.8571428571428571,0.8214285714285714,0.0873015873015873,0.023809523809523808,0.8293650793650794,BRD_20120100621,더베이크,0.23094688221709006,False,2476.095717048477,62.64183906448842,18,44,0.5513856812933025,True,0.43872979214780605,0.5772517321016167,0.7157736720554273,248.0,147.0,77.0,157.33333333333334,False,direct_size_estimation_deferred,매장 면적·좌석·점포별 매출이 없어 규모별 적합도와 argmax 규모는 산출하지 않음,0.39286514167556136,0.9838337182448037,usable_area_profile,True,balanced,True,0.7324538106235566,2.0,0.9359122401847575,0.04410525527649033,1.0865253530363324,0.9653579676674365,True,True,0.8756524249422634,2.0
3120166,방배역,11650,1455145059.0,122673.0,11861.983150326478,0.9176674364896074,0.7619047619047619,0.2857142857142857,0.7023809523809523,0.6785714285714286,0.8293650793650794,0.7777777777777778,0.42857142857142855,0.08333333333333333,0.5198412698412699,BRD_20120100621,더베이크,0.9780600461893765,False,1848.7211796374902,99.2975326976693,12,28,0.26963048498845266,True,0.9599422632794457,0.9478637413394919,0.935785219399538,3.0,5.0,5.0,4.333333333333333,False,direct_size_estimation_deferred,매장 면적·좌석·점포별 매출이 없어 규모별 적합도와 argmax 규모는 산출하지 않음,0.5201640403123772,0.9191685912240185,usable_area_profile,True,balanced,True,0.740323325635104,1.0,0.8795227097767513,0.05651551828195008,0.7015043416832526,0.8660508083140878,True,True,0.857026558891455,3.0
3120246,길동역,11740,916043297.0,88020.0,10407.217643717337,0.8409930715935335,0.8452380952380952,0.06746031746031746,0.7063492063492064,0.38492063492063494,0.6626984126984127,0.7182539682539683,0.5833333333333334,0.06746031746031746,0.6507936507936508,BRD_20120100621,더베이크,0.43187066974595845,False,7648.116696281863,87.92041856413586,26,72,0.5762124711316396,True,0.554607390300231,0.636431870669746,0.718256351039261,178.0,119.0,75.0,124.0,False,direct_size_estimation_deferred,매장 면적·좌석·점포별 매출이 없어 규모별 적합도와 argmax 규모는 산출하지 않음,0.3924936608668946,0.9861431870669746,usable_area_profile,True,balanced,True,0.700987297921478,8.0,0.9336989992301771,0.045263740311288866,1.1586357529476594,0.976905311778291,True,True,0.8524711316397229,4.0
3130072,성동용답상가시장,11200,441220675.0,42751.0,10320.710041870365,0.6748267898383372,0.9206349206349206,0.38492063492063494,0.5555555555555556,0.9920634920634921,0.9841269841269841,0.9563492063492064,0.10317460317460317,0.015873015873015872,0.07936507936507936,BRD_20120100621,더베이크,0.16397228637413394,False,1255.4238328076387,135.0925608781212,10,28,0.15011547344110854,True,0.3172286374133949,0.4193995381062356,0.5215704387990762,324.0,275.0,207.0,268.6666666666667,False,direct_size_estimation_deferred,매장 면적·좌석·점포별 매출이 없어 규모별 적합도와 argmax 규모는 산출하지 않음,0.30676186207579903,0.9976905311778291,usable_area_profile,True,balanced,True,0.7125173210161663,5.0,0.9837374903772133,0.015581629901107024,0.8954801833423448,0.9330254041570438,True,True,0.8524480369515012,5.0
3110883,은천초등학교(은천교앞),11620,384324031.0,36658.0,10484.042528233946,0.6409930715935335,0.6944444444444444,0.5833333333333334,0.49603174603174605,0.8611111111111112,0.9801587301587301,0.8690476190476191,0.027777777777777776,0.051587301587301584,0.3412698412698413,BRD_20120100621,더베이크,0.6778290993071594,False,6938.38770899471,165.06059494972328,13,69,0.17898383371824483,True,0.6667782909930716,0.6594110854503464,0.6520438799076212,116.0,105.0,106.0,109.0,False,direct_size_estimation_deferred,매장 면적·좌석·점포별 매출이 없어 규모별 적합도와 argmax 규모는 산출하지 않음,0.35374096935792476,0.9953810623556582,usable_area_profile,True,balanced,True,0.695190531177829,9.0,0.9701693610469592,0.026750654894371177,0.9424704332754106,0.9376443418013857,True,True,0.839122401847575,6.0
3130222,오류시장,11530,677800421.0,66656.0,10168.633296327413,0.7894919168591223,0.8412698412698413,0.8373015873015873,0.5753968253968254,0.5238095238095238,0.7579365079365079,0.7380952380952381,0.18253968253968253,0.12698412698412698,0.7658730158730159,BRD_20120100621,더베이크,0.6420323325635104,False,1424.2067967573487,48.414873764798386,14,33,0.5161662817551963,True,0.686270207852194,0.7157621247113164,0.7452540415704387,107.0,75.0,67.0,83.0,False,direct_size_estimation_deferred,매장 면적·좌석·점포별 매출이 없어 규모별 적합도와 argmax 규모는 산출하지 않음,0.4535814706177749,0.953810623556582,usable_area_profile,True,balanced,True,0.6758025404157043,12.0,0.9045419553502695,0.04485297674145903,1.0984481250889173,0.9699769053117783,True,True,0.8335565819861431,7.0
3120165,서래마을카페거리(서래마을),11650,2971488955.0,159582.0,18620.45189933702,0.9718244803695151,0.7619047619047619,0.2857142857142857,0.7023809523809523,0.6785714285714286,0.8293650793650794,0.7777777777777778,0.42857142857142855,0.08333333333333333,0.5198412698412699,BRD_20120100621,더베이크,0.9780600461893765,False,2288.752061701909,18.110770263065373,12,56,0.5825635103926097,True,0.976189376443418,0.9749422632794458,0.9736951501154734,1.0,1.0,1.0,1.0,True,direct_size_estimation_deferred,매장 면적·좌석·점포별 매출이 없어 규모별 적합도와 argmax 규모는 산출하지 않음,0.6511878512601736,0.8290993071593533,usable_area_profile,True,balanced,True,0.6673036951501155,15.0,0.7512509622786759,0.08110629650978349,0.9598310887156201,0.9422632794457275,True,True,0.82979792147806,8.0
3111021,방이역 4번,11710,394829518.0,38606.0,10227.154276537325,0.6466512702078522,0.8531746031746031,0.13095238095238096,0.6746031746031746,0.9325396825396826,0.8928571428571429,0.7063492063492064,0.4087301587301587,0.03968253968253968,0.5436507936507936,BRD_20120100621,더베이크,0.5912240184757506,False,5095.9218989316705,115.2085066609535,15,51,0.2996535796766744,True,0.607852193995381,0.6189376443418013,0.6300230946882217,142.0,129.0,127.0,132.66666666666666,False,direct_size_estimation_deferred,매장 면적·좌석·점포별 매출이 없어 규모별 적합도와 argmax 규모는 산출하지 않음,0.39972535241414797,0.9815242494226328,usable_area_profile,True,balanced,True,0.6721420323325635,13.0,0.9355273287143957,0.04949472960279674,0.9293296695904778,0.9353348729792148,True,True,0.8176385681293303,9.0
3120068,사가정역,11260,944293896.0,91431.0,10327.940151589723,0.8467667436489608,0.8492063492063492,0.40476190476190477,0.5,0.39285714285714285,0.623015873015873,0.5714285714285714,0.16666666666666666,0.32936507936507936,0.8134920634920635,BRD_20120100621,더베이크,0.5427251732101617,False,4849.438936616375,42.201895677975386,26,50,0.7713625866050808,True,0.6339376443418013,0.6947459584295612,0.755554272517321,127.0,86.0,61.0,91.33333333333333,False,direct_size_estimation_deferred,매장 면적·좌석·점포별 매출이 없어 규모별 적합도와 argmax 규모는 산출하지 않음,0.3878899304186891,0.9907621247113164,usable_area_profile,True,balanced,True,0.6760450346420324,11.0,0.9523672055427251,0.03852949356737861,0.9965072367600163,0.9491916859122402,True,True,0.8152309468822171,10.0
3120226,석촌고분역,11710,497422151.0,44126.0,11272.767778633912,0.7166281755196304,0.8531746031746031,0.13095238095238096,0.6746031746031746,0.9325396825396826,0.8928571428571429,0.7063492063492064,0.4087301587301587,0.03968253968253968,0.5436507936507936,BRD_20120100621,더베이크,0.5912240184757506,False,2657.277742353577,58.872744129090485,22,78,0.6356812933025404,True,0.6288452655889145,0.6539260969976906,0.6790069284064664,133.0,109.0,91.0,111.0,False,direct_size_estimation_deferred,매장 면적·좌석·점포별 매출이 없어 규모별 적합도와 argmax 규모는 산출하지 않음,0.40423434677412157,0.976905311778291,usable_area_profile,True,balanced,True,0.6439203233256351,23.0,0.9515973826020016,0.02519313875296893,1.0045564161117866,0.9515011547344111,True,True,0.7933083140877598,11.0
3120075,월곡역,11290,394403544.0,39935.0,9876.137323150118,0.6412240184757506,0.8690476190476191,0.3888888888888889,0.5912698412698413,0.8333333333333334,0.8055555555555556,0.3333333333333333,0.2222222222222222,0.31746031746031744,0.7420634920634921,BRD_20120100621,더베이크,0.3903002309468822,False,4642.250531784976,48.91829924522232,13,36,0.4907621247113164,True,0.4655773672055427,0.5157621247113164,0.56594688221709,231.0,194.0,177.0,200.66666666666666,False,direct_size_estimation_deferred,매장 면적·좌석·점포별 매출이 없어 규모별 적합도와 argmax 규모는 산출하지 않음,0.48503924610121085,0.9422632794457275,usable_area_profile,True,balanced,True,0.6219457274826791,34.0,0.8904926866820632,0.04782192069840956,1.0825703361050096,0.9630484988452656,True,True,0.7866512702078522,12.0
3120124,개봉동 현대아파트,11530,436251391.0,40258.0,10836.390059118685,0.6745958429561202,0.8412698412698413,0.8373015873015873,0.5753968253968254,0.5238095238095238,0.7579365079365079,0.7380952380952381,0.18253968253968253,0.12698412698412698,0.7658730158730159,BRD_20120100621,더베이크,0.6420323325635104,False,686.0860004548075,107.00467282129758,11,23,0.22748267898383373,True,0.6518013856812933,0.6583140877598153,0.6648267898383372,120.0,106.0,97.0,107.66666666666667,False,direct_size_estimation_deferred,매장 면적·좌석·점포별 매출이 없어 규모별 적합도와 argmax 규모는 산출하지 않음,0.5661320331151536,0.8891454965357968,usable_area_profile,True,balanced,True,0.6465588914549654,22.0,0.8252501924557353,0.08720225659149386,0.732725351126913,0.8775981524249422,True,True,0.7860392609699769,13.0
3111044,남천초등학교,11710,694053735.0,54045.0,12842.145156813765,0.7971131639722864,0.8531746031746031,0.13095238095238096,0.6746031746031746,0.9325396825396826,0.8928571428571429,0.7063492063492064,0.4087301587301587,0.03968253968253968,0.5436507936507936,BRD_20120100621,더베이크,0.5912240184757506,False,7118.416818372006,165.07574017001778,11,20,0.1374133949191686,True,0.6529907621247113,0.6941685912240185,0.7353464203233255,117.0,87.0,70.0,91.33333333333333,False,direct_size_estimation_deferred,매장 면적·좌석·점포별 매출이 없어 규모별 적합도와 argmax 규모는 산출하지 않음,0.9146367155717908,0.6027713625866051,usable_area_profile,True,balanced,True,0.5597632794457275,71.0,0.5185719784449576,0.07843322976869689,1.0735167274120327,0.9607390300230947,True,True,0.7836489607390301,14.0
3110274,서일대학교,11260,492656087.0,41512.0,11867.79935922143,0.7133949191685912,0.8492063492063492,0.40476190476190477,0.5,0.39285714285714285,0.623015873015873,0.5714285714285714,0.16666666666666666,0.32936507936507936,0.8134920634920635,BRD_20120100621,더베이크,0.5427251732101617,False,6163.1823760095,101.51354588565466,6,29,0.16916859122401848,True,0.5939260969976905,0.6280600461893764,0.6621939953810623,154.0,125.0,98.0,125.66666666666667,False,direct_size_estimation_deferred,매장 면적·좌석·점포별 매출이 없어 규모별 적합도와 argmax 규모는 산출하지 않음,0.5834627925891247,0.8752886836027713,usable_area_profile,True,balanced,True,0.6619572748267899,17.0,0.829003079291763,0.07882695102483951,0.587179939211693,0.8036951501154734,True,True,0.7727078521939954,15.0
3120243,천호역,11740,500229381.0,50380.0,9929.126260420802,0.7084295612009238,0.8452380952380952,0.06746031746031746,0.7063492063492064,0.38492063492063494,0.6626984126984127,0.7182539682539683,0.5833333333333334,0.06746031746031746,0.6507936507936508,BRD_20120100621,더베이크,0.43187066974595845,False,6933.334334929999,60.999999982421286,30,63,0.7274826789838338,True,0.5148383371824481,0.5701501154734412,0.6254618937644342,206.0,153.0,136.0,165.0,False,direct_size_estimation_deferred,매장 면적·좌석·점포별 매출이 없어 규모별 적합도와 argmax 규모는 산출하지 않음,0.3919382174515108,0.9884526558891455,usable_area_profile,True,balanced,True,0.633054272517321,30.0,0.9577559661277907,0.035298392016199207,0.8696342243371167,0.9145496535796767,True,True,0.7657621247113164,16.0
3110517,서대문소방서,11410,546942398.0,45380.0,12052.498854120759,0.7445727482678984,0.9444444444444444,0.5357142857142857,0.5357142857142857,0.9047619047619048,0.9325396825396826,0.44047619047619047,0.12301587301587301,0.1111111111111111,0.6746031746031746,BRD_20120100621,더베이크,0.279445727482679,False,2523.157743753911,103.00485425230637,3,36,0.144919168591224,True,0.41898383371824477,0.5120092378752887,0.6050346420323326,262.0,202.0,148.0,204.0,False,direct_size_estimation_deferred,매장 면적·좌석·점포별 매출이 없어 규모별 적합도와 argmax 규모는 산출하지 않음,0.7368914922766087,0.7297921478060045,usable_area_profile,True,balanced,True,0.6037586605080831,45.0,0.6758083140877598,0.07936738086999894,0.680176580435084,0.859122401847575,True,True,0.7642205542725173,17.0
3120069,상봉역,11260,1511381851.0,142985.0,10570.212616708046,0.9086605080831409,0.8492063492063492,0.40476190476190477,0.5,0.39285714285714285,0.623015873015873,0.5714285714285714,0.16666666666666666,0.32936507936507936,0.8134920634920635,BRD_20120100621,더베이크,0.5427251732101617,False,5834.943358744293,89.18520055817115,16,56,0.3931870669745958,True,0.6525057736720554,0.7256928406466513,0.798879907621247,119.0,69.0,42.0,76.66666666666667,False,direct_size_estimation_deferred,매장 면적·좌석·점포별 매출이 없어 규모별 적합도와 argmax 규모는 산출하지 않음,0.5382790543446163,0.9076212471131639,usable_area_profile,True,balanced,True,0.7128637413394919,4.0,0.8804849884526559,0.07129084880344481,0.38064154258178534,0.674364896073903,True,True,0.7556524249422634,18.0
3120158,녹두거리(대학동),11620,695809095.0,79236.0,8781.476790852643,0.7778290993071594,0.6944444444444444,0.5833333333333334,0.49603174603174605,0.8611111111111112,0.9801587301587301,0.8690476190476191,0.027777777777777776,0.051587301587301584,0.3412698412698413,BRD_20120100621,더베이크,0.6778290993071594,False,7323.68827846814,107.28000742995447,15,20,0.3146651270207852,True,0.7078290993071593,0.7278290993071594,0.7478290993071594,95.0,68.0,66.0,76.33333333333333,False,direct_size_estimation_deferred,매장 면적·좌석·점포별 매출이 없어 규모별 적합도와 argmax 규모는 산출하지 않음,0.6160224608213483,0.8498845265588915,usable_area_profile,True,balanced,True,0.6499826789838338,19.0,0.7973441108545035,0.09329858848587673,0.5631426643967005,0.7829099307159353,True,True,0.7542782909930716,19.0
3120133,서울시흥동우체국(홈플러스시흥점),11545,637795918.0,60754.0,10498.00701188399,0.7765588914549653,0.753968253968254,0.7420634920634921,0.3531746031746032,0.24206349206349206,0.8690476190476191,0.873015873015873,0.04365079365079365,0.13095238095238096,0.6785714285714286,BRD_20120100621,더베이크,0.1905311778290993,False,5973.179471637642,60.20797286767192,15,45,0.483256351039261,True,0.3663394919168591,0.4835450346420323,0.6007505773672054,292.0,225.0,152.0,223.0,False,direct_size_estimation_deferred,매장 면적·좌석·점포별 매출이 없어 규모별 적합도와 argmax 규모는 산출하지 않음,0.4868592660848676,0.9399538106235565,usable_area_profile,True,balanced,True,0.669284064665127,14.0,0.9093533487297921,0.05669816000773116,0.5397082002236377,0.76905311778291,True,True,0.7500866050808315,20.0
3120188,압구정역,11680,1784647410.0,134975.0,13222.058973884052,0.9404157043879908,0.7817460317460317,0.18253968253968253,0.75,0.6468253968253969,0.8531746031746031,0.9206349206349206,0.4365079365079365,0.027777777777777776,0.4880952380952381,BRD_20080500016,던킨/던킨도너츠,0.6466512702078522,False,1368.6215692755018,98.31073190628577,25,98,0.5369515011547344,True,0.7347806004618938,0.7935334872979215,0.8522863741339493,61.0,33.0,20.0,38.0,False,direct_size_estimation_deferred,매장 면적·좌석·점포별 매출이 없어 규모별 적합도와 argmax 규모는 산출하지 않음,0.31474045462599526,0.9976905311778291,usable_area_profile,True,balanced,True,0.7474480369515012,1.0,0.9592956120092379,0.027451419670695573,1.39864967383009,0.9953810623556582,True,True,0.899041570438799,1.0
3120166,방배역,11650,1455145059.0,122673.0,11861.983150326478,0.9176674364896074,0.7619047619047619,0.2857142857142857,0.7023809523809523,0.6785714285714286,0.8293650793650794,0.7777777777777778,0.42857142857142855,0.08333333333333333,0.5198412698412699,BRD_20080500016,던킨/던킨도너츠,0.9780600461893765,False,2084.6997385898185,99.2975326976693,12,28,0.2736720554272517,True,0.9599422632794457,0.9478637413394919,0.935785219399538,3.0,3.0,3.0,3.0,False,direct_size_estimation_deferred,매장 면적·좌석·점포별 매출이 없어 규모별 적합도와 argmax 규모는 산출하지 않음,0.54798657762646,0.9145496535796767,usable_area_profile,True,balanced,True,0.7374076212471131,2.0,0.8795227097767513,0.05651551828195008,0.6197756805162711,0.9006928406466512,True,True,0.8688914549653578,2.0
3120201,도곡1동,11680,649721874.0,58337.0,11137.38920410717,0.7846420323325634,0.7817460317460317,0.18253968253968253,0.75,0.6468253968253969,0.8531746031746031,0.9206349206349206,0.4365079365079365,0.027777777777777776,0.4880952380952381,BRD_20080500016,던킨/던킨도너츠,0.6466512702078522,False,1070.7740191423636,87.09190547353441,10,65,0.2690531177829099,True,0.6880484988452655,0.7156466512702078,0.74324480369515,91.0,62.0,53.0,68.66666666666667,False,direct_size_estimation_deferred,매장 면적·좌석·점포별 매출이 없어 규모별 적합도와 argmax 규모는 산출하지 않음,0.585416358417823,0.8845265588914549,usable_area_profile,True,balanced,True,0.6765300230946881,9.0,0.8283294842186297,0.06578741047462766,0.8542223241101551,0.9515011547344111,True,True,0.8409930715935333,3.0
3120107,공덕역(공덕오거리),11440,1051109080.0,111230.0,9449.870358716174,0.8578521939953809,0.9404761904761905,0.4246031746031746,0.5833333333333334,0.9642857142857143,0.9880952380952381,0.9841269841269841,0.1111111111111111,0.011904761904761904,0.051587301587301584,BRD_20080500016,던킨/던킨도너츠,0.03348729792147806,False,1834.104140985888,80.05623025110103,24,77,0.5802540415704388,True,0.2807967667436489,0.4456697459584295,0.6105427251732101,289.0,208.0,118.0,205.0,False,direct_size_estimation_deferred,매장 면적·좌석·점포별 매출이 없어 규모별 적합도와 argmax 규모는 산출하지 않음,0.42821713672314654,0.9699769053117783,usable_area_profile,True,balanced,True,0.6981986143187067,6.0,0.9156081601231717,0.06710078505723298,0.8102549790175072,0.9422632794457275,True,True,0.8382159353348729,4.0
3120009,종로3가역,11110,773341001.0,64864.0,11922.499398741984,0.8273672055427251,0.876984126984127,0.42857142857142855,0.503968253968254,0.75,0.9444444444444444,0.8531746031746031,0.2619047619047619,0.05952380952380952,0.3611111111111111,BRD_20080500016,던킨/던킨도너츠,0.8175519630484989,False,1443.8130072811518,125.80143085865113,24,103,0.4590069284064665,True,0.8204965357967666,0.822459584295612,0.8244226327944572,33.0,25.0,27.0,28.333333333333332,False,direct_size_estimation_deferred,매장 면적·좌석·점포별 매출이 없어 규모별 적합도와 argmax 규모는 산출하지 않음,0.4089152208800643,0.9838337182448037,usable_area_profile,True,balanced,True,0.7126443418013857,3.0,0.9535219399538106,0.05047087142510804,0.6005796499070095,0.8937644341801386,True,True,0.8320150115473441,5.0
3111005,삼전역 3번,11710,233054769.0,25337.0,9198.19903698149,0.48152424942263283,0.8531746031746031,0.13095238095238096,0.6746031746031746,0.9325396825396826,0.8928571428571429,0.7063492063492064,0.4087301587301587,0.03968253968253968,0.5436507936507936,BRD_20080500016,던킨/던킨도너츠,0.3625866050808314,False,1905.839709921362,198.59506540938497,7,54,0.054849884526558895,True,0.39826789838337184,0.4220554272517321,0.4458429561200924,232.0,221.0,209.0,220.66666666666666,False,direct_size_estimation_deferred,매장 면적·좌석·점포별 매출이 없어 규모별 적합도와 argmax 규모는 산출하지 않음,0.38890724080010486,0.9861431870669746,usable_area_profile,True,balanced,True,0.6533775981524249,17.0,0.9562163202463433,0.03310846702684648,0.9039037294105055,0.9630484988452656,True,True,0.8172921478060046,6.0
3111021,방이역 4번,11710,394829518.0,38606.0,10227.154276537325,0.6466512702078522,0.8531746031746031,0.13095238095238096,0.6746031746031746,0.9325396825396826,0.8928571428571429,0.7063492063492064,0.4087301587301587,0.03968253968253968,0.5436507936507936,BRD_20080500016,던킨/던킨도너츠,0.3625866050808314,False,525.3037216427293,115.2085066609535,15,50,0.30658198614318705,True,0.4478060046189376,0.5046189376443417,0.5614318706697459,201.0,165.0,139.0,168.33333333333334,False,direct_size_estimation_deferred,매장 면적·좌석·점포별 매출이 없어 규모별 적합도와 argmax 규모는 산출하지 않음,0.4277191720129221,0.9722863741339491,usable_area_profile,True,balanced,True,0.6664838337182447,11.0,0.9355273287143957,0.04949472960279674,0.7426860539405056,0.9284064665127021,True,True,0.8110565819861432,7.0
3130072,성동용답상가시장,11200,441220675.0,42751.0,10320.710041870365,0.6748267898383372,0.9206349206349206,0.38492063492063494,0.5555555555555556,0.9920634920634921,0.9841269841269841,0.9563492063492064,0.10317460317460317,0.015873015873015872,0.07936507936507936,BRD_20080500016,던킨/던킨도너츠,0.08083140877598152,False,2377.912529940723,135.0925608781212,10,28,0.15473441108545033,True,0.2590300230946882,0.37782909930715936,0.49662817551963045,296.0,252.0,179.0,242.33333333333334,False,direct_size_estimation_deferred,매장 면적·좌석·점포별 매출이 없어 규모별 적합도와 argmax 규모는 산출하지 않음,0.37950658578660634,0.9907621247113164,usable_area_profile,True,balanced,True,0.7083602771362587,4.0,0.9837374903772133,0.015581629901107024,0.4508279543723527,0.836027713625866,True,True,0.810877598152425,8.0
3110274,서일대학교,11260,492656087.0,41512.0,11867.79935922143,0.7133949191685912,0.8492063492063492,0.40476190476190477,0.5,0.39285714285714285,0.623015873015873,0.5714285714285714,0.16666666666666666,0.32936507936507936,0.8134920634920635,BRD_20080500016,던킨/던킨도너츠,0.8983833718244804,False,2594.2307144644305,101.51354588565466,6,29,0.17032332563510394,True,0.8428868360277135,0.8058891454965358,0.7688914549653578,27.0,29.0,42.0,32.666666666666664,False,direct_size_estimation_deferred,매장 면적·좌석·점포별 매출이 없어 규모별 적합도와 argmax 규모는 산출하지 않음,0.6104212397108937,0.8729792147806005,usable_area_profile,True,balanced,True,0.6606293302540416,14.0,0.829003079291763,0.07882695102483951,0.5578819796668272,0.8822170900692841,True,True,0.8032505773672055,9.0
3120047,한남오거리,11170,369976875.0,17557.0,21072.89827419263,0.5722863741339492,0.8849206349206349,0.6428571428571429,0.5873015873015873,0.5912698412698413,0.9365079365079365,0.9484126984126984,0.2857142857142857,0.04365079365079365,0.32936507936507936,BRD_20080500016,던킨/던킨도너츠,0.7771362586605081,False,1584.201060461288,74.1484996152458,11,35,0.3493071593533487,True,0.7156812933025403,0.6747113163972287,0.6337413394919168,72.0,82.0,100.0,84.66666666666667,False,direct_size_estimation_deferred,매장 면적·좌석·점포별 매출이 없어 규모별 적합도와 argmax 규모는 산출하지 않음,0.4953700516322027,0.9422632794457275,usable_area_profile,True,balanced,True,0.6190357967667437,37.0,0.8883756735950731,0.04941853482670609,1.0904330943768337,0.9838337182448037,True,True,0.7955023094688223,10.0
3120121,까치산역,11500,345571768.0,36578.0,9447.530428126196,0.6019630484988453,0.8373015873015873,0.23809523809523808,0.623015873015873,0.32142857142857145,0.8333333333333334,0.9246031746031746,0.46825396825396826,0.05555555555555555,0.42063492063492064,BRD_20080500016,던킨/던킨도너츠,0.7378752886836027,False,1080.916740516929,63.411355440434505,20,42,0.5912240184757507,True,0.6971016166281754,0.669919168591224,0.6427367205542726,85.0,87.0,95.0,89.0,False,direct_size_estimation_deferred,매장 면적·좌석·점포별 매출이 없어 규모별 적합도와 argmax 규모는 산출하지 않음,0.38550357768904786,0.9884526558891455,usable_area_profile,True,balanced,True,0.616229792147806,39.0,0.9436104695919938,0.03722609007523732,1.2045902808090134,0.9884526558891455,True,True,0.7838221709006928,11.0
3120139,대림3동사거리,11560,275372027.0,24903.0,11057.785286913224,0.5479214780600462,0.8571428571428571,0.7698412698412699,0.5277777777777778,0.23809523809523808,0.9007936507936508,0.9761904761904762,0.3373015873015873,0.047619047619047616,0.25,BRD_20080500016,던킨/던킨도너츠,0.24480369515011546,False,929.529988793903,43.9089968249315,5,36,0.3879907621247113,True,0.3357390300230947,0.39636258660508084,0.456986143187067,265.0,244.0,204.0,237.66666666666666,False,direct_size_estimation_deferred,매장 면적·좌석·점포별 매출이 없어 규모별 적합도와 argmax 규모는 산출하지 않음,0.5459312110620557,0.9191685912240185,usable_area_profile,True,balanced,True,0.5931581986143187,45.0,0.84959584295612,0.05619721795416074,1.2380105421703969,0.9907621247113164,True,True,0.7782332563510392,12.0
3120101,합정역,11440,1552802578.0,170078.0,9129.943778736815,0.8870669745958429,0.9404761904761905,0.4246031746031746,0.5833333333333334,0.9642857142857143,0.9880952380952381,0.9841269841269841,0.1111111111111111,0.011904761904761904,0.051587301587301584,BRD_20080500016,던킨/던킨도너츠,0.03348729792147806,False,1158.520608373003,38.327535776922915,34,129,0.8441108545034642,True,0.2895612009237875,0.4602771362586605,0.6309930715935335,284.0,196.0,102.0,194.0,False,direct_size_estimation_deferred,매장 면적·좌석·점포별 매출이 없어 규모별 적합도와 argmax 규모는 산출하지 않음,0.6085598659476922,0.8752886836027713,usable_area_profile,True,balanced,True,0.621501154734411,35.0,0.8238067744418783,0.06602601379344257,0.7797216006701586,0.9353348729792148,True,True,0.7762240184757506,13.0
3110601,신월1동우편취급국,11470,441016625.0,40173.0,10977.93605157693,0.6785219399538106,0.8055555555555556,0.2222222222222222,0.5158730158730159,0.5873015873015873,0.5079365079365079,0.2896825396825397,0.4801587301587302,0.30952380952380953,0.7738095238095238,BRD_20080500016,던킨/던킨도너츠,0.9341801385681293,False,1505.9804115725892,258.54980178856624,8,40,0.05080831408775981,True,0.8574826789838337,0.80635103926097,0.7552193995381061,20.0,28.0,47.0,31.666666666666668,False,direct_size_estimation_deferred,매장 면적·좌석·점포별 매출이 없어 규모별 적합도와 argmax 규모는 산출하지 않음,0.6736915307865406,0.8244803695150116,usable_area_profile,True,balanced,True,0.6421016166281756,20.0,0.7864703618167822,0.08887308212787294,0.4276886407915905,0.8314087759815243,True,True,0.7758429561200925,14.0
3120133,서울시흥동우체국(홈플러스시흥점),11545,637795918.0,60754.0,10498.00701188399,0.7765588914549653,0.753968253968254,0.7420634920634921,0.3531746031746032,0.24206349206349206,0.8690476190476191,0.873015873015873,0.04365079365079365,0.13095238095238096,0.6785714285714286,BRD_20080500016,던킨/던킨도너츠,0.1235565819861432,False,1389.725872274901,60.20797286767192,15,45,0.49018475750577367,True,0.31945727482678976,0.4500577367205542,0.5806581986143186,275.0,203.0,135.0,204.33333333333334,False,direct_size_estimation_deferred,매장 면적·좌석·점포별 매출이 없어 규모별 적합도와 argmax 규모는 산출하지 않음,0.5143281028956312,0.9353348729792148,usable_area_profile,True,balanced,True,0.6659353348729791,12.0,0.9093533487297921,0.05669816000773116,0.45824281151063695,0.8383371824480369,True,True,0.7753752886836027,15.0
3120228,석촌역(석촌호수),11710,510280686.0,47215.0,10807.596865402944,0.7248267898383373,0.8531746031746031,0.13095238095238096,0.6746031746031746,0.9325396825396826,0.8928571428571429,0.7063492063492064,0.4087301587301587,0.03968253968253968,0.5436507936507936,BRD_20080500016,던킨/던킨도너츠,0.3625866050808314,False,518.4987945659672,78.44743464456866,38,112,0.6882217090069285,True,0.4712586605080831,0.5437066974595843,0.6161547344110855,188.0,146.0,115.0,149.66666666666666,False,direct_size_estimation_deferred,매장 면적·좌석·점포별 매출이 없어 규모별 적합도와 argmax 규모는 산출하지 않음,0.3729173056090788,0.9930715935334873,usable_area_profile,True,balanced,True,0.6469919168591224,19.0,0.9733448806774442,0.0333978756040919,0.5906577139782565,0.8914549653579676,True,True,0.7687182448036951,16.0
3110243,중랑노인종합복지관,11260,245308379.0,21354.0,11487.701554743842,0.5138568129330254,0.8492063492063492,0.40476190476190477,0.5,0.39285714285714285,0.623015873015873,0.5714285714285714,0.16666666666666666,0.32936507936507936,0.8134920634920635,BRD_20080500016,던킨/던킨도너츠,0.8983833718244804,False,952.2000839912295,105.41821475311895,13,36,0.2754041570438799,True,0.7830254041570438,0.706120092378753,0.6292147806004619,47.0,64.0,106.0,72.33333333333333,False,direct_size_estimation_deferred,매장 면적·좌석·점포별 매출이 없어 규모별 적합도와 argmax 규모는 산출하지 않음,0.4420824256082542,0.9607390300230947,usable_area_profile,True,balanced,True,0.6189087759815243,38.0,0.9249422632794456,0.051058726221187505,0.701090085729454,0.9145496535796767,True,True,0.7668879907621247,17.0
3120205,매봉역,11680,580733796.0,60594.0,9584.014852955737,0.7444572748267898,0.7817460317460317,0.18253968253968253,0.75,0.6468253968253969,0.8531746031746031,0.9206349206349206,0.4365079365079365,0.027777777777777776,0.4880952380952381,BRD_20080500016,던킨/던킨도너츠,0.6466512702078522,False,2041.1391427687458,70.4911341990284,16,64,0.47228637413394914,True,0.6759930715935334,0.6955542725173209,0.7151154734411085,96.0,69.0,64.0,76.33333333333333,False,direct_size_estimation_deferred,매장 면적·좌석·점포별 매출이 없어 규모별 적합도와 argmax 규모는 산출하지 않음,0.574356803155571,0.8960739030023095,usable_area_profile,True,balanced,True,0.6377540415704387,23.0,0.855080831408776,0.08079051653086988,0.5073995482857214,0.8637413394919169,True,True,0.7668129330254041,18.0
3120152,신대방삼거리역,11590,953145793.0,102228.0,9323.72532965528,0.8353348729792147,0.8611111111111112,0.5158730158730159,0.42857142857142855,0.753968253968254,0.9563492063492064,0.6626984126984127,0.11507936507936507,0.09523809523809523,0.5674603174603174,BRD_20080500016,던킨/던킨도너츠,0.5969976905311778,False,1728.18517521926,79.30952023733208,18,47,0.4821016166281755,True,0.6684988452655889,0.7161662817551963,0.7638337182448035,98.0,61.0,44.0,67.66666666666667,False,direct_size_estimation_deferred,매장 면적·좌석·점포별 매출이 없어 규모별 적합도와 argmax 규모는 산출하지 않음,0.5893364884479683,0.8799076212471132,usable_area_profile,True,balanced,True,0.6600057736720553,15.0,0.8480561970746728,0.08187605247578715,0.38902002733778157,0.8106235565819861,True,True,0.7665069284064665,19.0
3120151,보라매공원,11590,648870341.0,67412.0,9625.442665994186,0.7726327944572748,0.8611111111111112,0.5158730158730159,0.42857142857142855,0.753968253968254,0.9563492063492064,0.6626984126984127,0.11507936507936507,0.09523809523809523,0.5674603174603174,BRD_20080500016,던킨/던킨도너츠,0.5969976905311778,False,1690.0807672704204,16.492422502230646,17,70,0.7153579676674365,True,0.6496882217090069,0.6848152424942263,0.7199422632794457,108.0,74.0,61.0,81.0,False,direct_size_estimation_deferred,매장 면적·좌석·점포별 매출이 없어 규모별 적합도와 argmax 규모는 산출하지 않음,0.47412099532365654,0.9491916859122402,usable_area_profile,True,balanced,True,0.6377136258660508,24.0,0.9259045419553503,0.04022615119855289,0.5789055940735303,0.8891454965357968,True,True,0.7649018475750577,20.0
3120037,동대문역사문화공원역,11140,991150857.0,75063.0,13204.253187322649,0.8695150115473441,0.873015873015873,0.5793650793650794,0.6428571428571429,0.34523809523809523,0.8571428571428571,0.8214285714285714,0.0873015873015873,0.023809523809523808,0.8293650793650794,BRD_20250749,디에그,0.17782909930715934,False,4232.970115647196,125.25573836405046,15,74,0.2806004618937644,True,0.38533487297921476,0.5236720554272517,0.6620092378752886,278.0,199.0,109.0,195.33333333333334,False,direct_size_estimation_deferred,매장 면적·좌석·점포별 매출이 없어 규모별 적합도와 argmax 규모는 산출하지 않음,0.5569274183471772,0.9168591224018476,usable_area_profile,True,balanced,True,0.7206697459584296,3.0,0.7372016936104696,0.1468679111485937,1.2232585551626012,0.8891454965357968,True,True,0.8494803695150116,1.0
3120153,노량진역(노량진),11590,595426544.0,103117.0,5774.2810981700395,0.7636258660508083,0.8611111111111112,0.5158730158730159,0.42857142857142855,0.753968253968254,0.9563492063492064,0.6626984126984127,0.11507936507936507,0.09523809523809523,0.5674603174603174,BRD_20250749,디에그,0.6755196304849884,False,4632.705473067621,132.0075755359234,5,24,0.09526558891454966,True,0.7019515011547344,0.7195727482678984,0.7371939953810622,94.0,74.0,62.0,76.66666666666667,False,direct_size_estimation_deferred,매장 면적·좌석·점포별 매출이 없어 규모별 적합도와 argmax 규모는 산출하지 않음,0.7133671236253444,0.8221709006928406,usable_area_profile,True,balanced,True,0.6640646651270207,15.0,0.6104695919938414,0.14073458980335543,1.5042592513667292,0.9515011547344111,True,True,0.8420496535796768,2.0
3110892,관악구 중앙길,11620,913081619.0,87290.0,10460.323278726086,0.8403002309468822,0.6944444444444444,0.5833333333333334,0.49603174603174605,0.8611111111111112,0.9801587301587301,0.8690476190476191,0.027777777777777776,0.051587301587301584,0.3412698412698413,BRD_20250749,디에그,0.27829099307159355,False,6346.990625444161,165.92166821826325,24,76,0.3978060046189376,True,0.4468937644341801,0.5592956120092378,0.6716974595842955,237.0,167.0,103.0,169.0,False,direct_size_estimation_deferred,매장 면적·좌석·점포별 매출이 없어 규모별 적합도와 argmax 규모는 산출하지 않음,0.35117186539846795,0.9884526558891455,usable_area_profile,True,balanced,True,0.7286605080831409,1.0,0.8969399538106235,0.08337710218528369,1.0975759492715291,0.8545034642032333,True,True,0.830756351039261,3.0
3120158,녹두거리(대학동),11620,695809095.0,79236.0,8781.476790852643,0.7778290993071594,0.6944444444444444,0.5833333333333334,0.49603174603174605,0.8611111111111112,0.9801587301587301,0.8690476190476191,0.027777777777777776,0.051587301587301584,0.3412698412698413,BRD_20250749,디에그,0.27829099307159355,False,5075.9193255657065,107.28000742995447,15,20,0.3140877598152425,True,0.42815242494226324,0.5280600461893765,0.6279676674364896,252.0,196.0,127.0,191.66666666666666,False,direct_size_estimation_deferred,매장 면적·좌석·점포별 매출이 없어 규모별 적합도와 argmax 규모는 산출하지 않음,0.5717581046775098,0.9122401847575058,usable_area_profile,True,balanced,True,0.6812471131639724,10.0,0.7973441108545035,0.09329858848587673,1.2314878045598183,0.8914549653579676,True,True,0.8164896073903002,4.0
3001496,강남 마이스 관광특구,11680,1293218183.0,103941.0,12441.848577558423,0.9066974595842956,0.7817460317460317,0.18253968253968253,0.75,0.6468253968253969,0.8531746031746031,0.9206349206349206,0.4365079365079365,0.027777777777777776,0.4880952380952381,BRD_20250749,디에그,0.76905311778291,False,4497.803241600017,97.94386148455335,20,41,0.45669745958429564,True,0.8103464203233257,0.8378752886836027,0.8654041570438799,35.0,20.0,17.0,24.0,False,direct_size_estimation_deferred,매장 면적·좌석·점포별 매출이 없어 규모별 적합도와 argmax 규모는 산출하지 않음,0.7963433095996942,0.7782909930715936,usable_area_profile,True,balanced,True,0.6379849884526558,30.0,0.6463625866050808,0.09680938525641579,1.3627646339978128,0.930715935334873,True,True,0.8092782909930716,5.0
3120159,서울대입구역,11620,577357524.0,63766.0,9054.316155945175,0.7378752886836027,0.6944444444444444,0.5833333333333334,0.49603174603174605,0.8611111111111112,0.9801587301587301,0.8690476190476191,0.027777777777777776,0.051587301587301584,0.3412698412698413,BRD_20250749,디에그,0.27829099307159355,False,6374.986274455025,112.61438631512817,37,77,0.5750577367205543,True,0.4161662817551963,0.5080831408775981,0.5999999999999999,261.0,211.0,144.0,205.33333333333334,False,direct_size_estimation_deferred,매장 면적·좌석·점포별 매출이 없어 규모별 적합도와 argmax 규모는 산출하지 않음,0.4128570063706937,0.9745958429561201,usable_area_profile,True,balanced,True,0.6592956120092378,18.0,0.829003079291763,0.0995776204483711,1.4621032618453051,0.9445727482678984,True,True,0.805311778290993,6.0
3120069,상봉역,11260,1511381851.0,142985.0,10570.212616708046,0.9086605080831409,0.8492063492063492,0.40476190476190477,0.5,0.39285714285714285,0.623015873015873,0.5714285714285714,0.16666666666666666,0.32936507936507936,0.8134920634920635,BRD_20250749,디에그,0.9861431870669746,False,4907.488257794786,89.18520055817115,16,56,0.39376443418013857,True,0.9628983833718245,0.9474018475750577,0.931905311778291,1.0,2.0,2.0,1.6666666666666667,True,direct_size_estimation_deferred,매장 면적·좌석·점포별 매출이 없어 규모별 적합도와 argmax 규모는 산출하지 않음,0.521597630491071,0.9353348729792148,usable_area_profile,True,balanced,True,0.7266339491916859,2.0,0.8804849884526559,0.07129084880344481,0.7693818413887161,0.76905311778291,True,True,0.8017551963048499,7.0
3120148,국회의사당역(국회의사당),11560,658683908.0,52751.0,12486.662015885955,0.7863741339491918,0.8571428571428571,0.7698412698412699,0.5277777777777778,0.23809523809523808,0.9007936507936508,0.9761904761904762,0.3373015873015873,0.047619047619047616,0.25,BRD_20250749,디에그,0.13394919168591224,False,3199.3132075822023,117.8346298709127,7,35,0.13741339491916857,True,0.32967667436489606,0.460161662817552,0.5906466512702079,312.0,247.0,149.0,236.0,False,direct_size_estimation_deferred,매장 면적·좌석·점포별 매출이 없어 규모별 적합도와 argmax 규모는 산출하지 않음,0.8271438853987331,0.7528868360277137,usable_area_profile,True,balanced,True,0.6310623556581986,31.0,0.6668591224018475,0.06752546032082155,1.2740041047797108,0.8960739030023095,True,True,0.7995958429561202,8.0
3120028,명동(명동거리),11140,1220806458.0,114833.0,10631.14660419914,0.888799076212471,0.873015873015873,0.5793650793650794,0.6428571428571429,0.34523809523809523,0.8571428571428571,0.8214285714285714,0.0873015873015873,0.023809523809523808,0.8293650793650794,BRD_20250749,디에그,0.17782909930715934,False,4481.726676149657,30.675723307169914,43,94,0.9053117782909931,True,0.3911200923787528,0.5333140877598151,0.6755080831408774,272.0,192.0,101.0,188.33333333333334,False,direct_size_estimation_deferred,매장 면적·좌석·점포별 매출이 없어 규모별 적합도와 argmax 규모는 산출하지 않음,0.4875316257088844,0.9561200923787528,usable_area_profile,True,balanced,True,0.6533429561200923,22.0,0.7916666666666666,0.12055488646333865,1.3641373695963568,0.9330254041570438,True,True,0.7908891454965357,9.0
3120160,사당역(사당),11650,1075925437.0,95830.0,11227.438557862883,0.8801385681293303,0.7619047619047619,0.2857142857142857,0.7023809523809523,0.6785714285714286,0.8293650793650794,0.7777777777777778,0.42857142857142855,0.08333333333333333,0.5198412698412699,BRD_20250749,디에그,0.9480369515011547,False,9021.214108938284,14.142135593676626,31,48,0.920323325635104,True,0.9276674364896074,0.9140877598152426,0.9005080831408776,7.0,7.0,7.0,7.0,False,direct_size_estimation_deferred,매장 면적·좌석·점포별 매출이 없어 규모별 적합도와 argmax 규모는 산출하지 않음,0.5552669700671512,0.9191685912240185,usable_area_profile,True,balanced,True,0.6295842956120092,32.0,0.7466320246343341,0.10596997051355382,1.6281647126401395,0.9676674364896074,True,True,0.788810623556582,10.0
3130002,세종마을음식문화거리(금천교시장),11110,1427114674.0,119648.0,11927.609939154854,0.9169745958429562,0.876984126984127,0.42857142857142855,0.503968253968254,0.75,0.9444444444444444,0.8531746031746031,0.2619047619047619,0.05952380952380952,0.3611111111111111,BRD_20250749,디에그,0.7136258660508084,False,4039.7133561306437,20.248456733787368,42,68,0.9359122401847575,True,0.7746304849884527,0.8153002309468822,0.8559699769053118,55.0,26.0,21.0,34.0,False,direct_size_estimation_deferred,매장 면적·좌석·점포별 매출이 없어 규모별 적합도와 argmax 규모는 산출하지 않음,0.46267126560564786,0.9584295612009238,usable_area_profile,True,balanced,True,0.6597690531177829,17.0,0.8386258660508084,0.0896455606092903,1.3364152595605472,0.9145496535796767,True,True,0.7880542725173211,11.0
3120057,아차산역,11215,481472585.0,48285.0,9971.473231852542,0.7008083140877599,0.8650793650793651,0.5238095238095238,0.6309523809523809,0.7698412698412699,0.9087301587301587,0.7023809523809523,0.1388888888888889,0.0992063492063492,0.6031746031746031,BRD_20250749,디에그,0.640877598152425,False,5308.457403035703,182.38695125909172,27,57,0.4284064665127021,True,0.6588568129330254,0.6708429561200924,0.6828290993071594,123.0,92.0,96.0,103.66666666666667,False,direct_size_estimation_deferred,매장 면적·좌석·점포별 매출이 없어 규모별 적합도와 argmax 규모는 산출하지 않음,0.6614066595869045,0.8545034642032332,usable_area_profile,True,balanced,True,0.6082736720554273,45.0,0.7135296381832178,0.09059293855413542,1.556123780395687,0.9607390300230947,True,True,0.7866281755196304,12.0
3120175,남부터미널역,11650,960650667.0,103198.0,9308.810897498013,0.8390300230946882,0.7619047619047619,0.2857142857142857,0.7023809523809523,0.6785714285714286,0.8293650793650794,0.7777777777777778,0.42857142857142855,0.08333333333333333,0.5198412698412699,BRD_20250749,디에그,0.9480369515011547,False,8642.784852141425,49.929950906089985,13,46,0.4815242494226327,True,0.9153348729792148,0.8935334872979215,0.8717321016166282,9.0,10.0,15.0,11.333333333333334,False,direct_size_estimation_deferred,매장 면적·좌석·점포별 매출이 없어 규모별 적합도와 argmax 규모는 산출하지 않음,0.5459521984547095,0.9214780600461894,usable_area_profile,True,balanced,True,0.6821709006928407,8.0,0.8356428021555042,0.10952373119230398,0.7837137847319487,0.7759815242494227,True,True,0.7663163972286375,13.0
3120134,구로전화국,11545,721762263.0,64838.0,11131.77863290046,0.8124711316397228,0.753968253968254,0.7420634920634921,0.3531746031746032,0.24206349206349206,0.8690476190476191,0.873015873015873,0.04365079365079365,0.13095238095238096,0.6785714285714286,BRD_20250749,디에그,0.10739030023094688,False,2278.850806834026,6.999999976891559,12,45,0.6079676674364896,True,0.3189145496535797,0.45993071593533486,0.60094688221709,319.0,248.0,143.0,236.66666666666666,False,direct_size_estimation_deferred,매장 면적·좌석·점포별 매출이 없어 규모별 적합도와 argmax 규모는 산출하지 않음,0.7684744622075566,0.789838337182448,usable_area_profile,True,balanced,True,0.5880889145496536,58.0,0.6861046959199384,0.0772473430305845,1.342876495071661,0.9191685912240185,True,True,0.7571651270207852,14.0
3001493,동대문패션타운 관광특구,11140,440248985.0,46018.0,9566.886544395671,0.673094688221709,0.873015873015873,0.5793650793650794,0.6428571428571429,0.34523809523809523,0.8571428571428571,0.8214285714285714,0.0873015873015873,0.023809523809523808,0.8293650793650794,BRD_20250749,디에그,0.17782909930715934,False,3882.1474727245522,83.38465086597759,13,73,0.3383371824480369,True,0.32640877598152424,0.4254618937644342,0.5245150115473441,315.0,273.0,200.0,262.6666666666667,False,direct_size_estimation_deferred,매장 면적·좌석·점포별 매출이 없어 규모별 적합도와 argmax 규모는 산출하지 않음,0.6347111729917061,0.8706697459584296,usable_area_profile,True,balanced,True,0.6201674364896074,41.0,0.7444187836797537,0.11483237387414628,1.0994370143130905,0.8568129330254042,True,True,0.7551039260969976,15.0
3120055,군자역,11215,811493384.0,82304.0,9859.707717729394,0.8148960739030023,0.8650793650793651,0.5238095238095238,0.6309523809523809,0.7698412698412699,0.9087301587301587,0.7023809523809523,0.1388888888888889,0.0992063492063492,0.6031746031746031,BRD_20250749,디에그,0.640877598152425,False,5888.177392016352,39.05124838393783,28,50,0.8106235565819861,True,0.6930831408775981,0.7278868360277136,0.7626905311778291,97.0,69.0,51.0,72.33333333333333,False,direct_size_estimation_deferred,매장 면적·좌석·점포별 매출이 없어 규모별 적합도와 argmax 규모는 산출하지 않음,0.3842385317989559,0.9792147806004619,usable_area_profile,True,balanced,True,0.6532274826789838,23.0,0.8847190146266359,0.08950732818638461,1.055732171750828,0.8429561200923787,True,True,0.7538221709006928,16.0
3120136,영등포구청역,11560,364236315.0,38948.0,9351.861841429598,0.6144341801385681,0.8571428571428571,0.7698412698412699,0.5277777777777778,0.23809523809523808,0.9007936507936508,0.9761904761904762,0.3373015873015873,0.047619047619047616,0.25,BRD_20250749,디에그,0.13394919168591224,False,4924.559269657167,95.12623193815189,26,64,0.5548498845265589,True,0.27809468822170896,0.37419168591224017,0.4702886836027713,343.0,299.0,236.0,292.6666666666667,False,direct_size_estimation_deferred,매장 면적·좌석·점포별 매출이 없어 규모별 적합도와 argmax 규모는 산출하지 않음,0.3618225188840636,0.9861431870669746,usable_area_profile,True,balanced,True,0.6248960739030023,38.0,0.9475558121632024,0.03168399152789142,1.2178823766507987,0.8868360277136259,True,True,0.7516801385681294,17.0
3110810,영신초등학교,11560,325709619.0,29453.0,11058.62285675483,0.5928406466512702,0.8571428571428571,0.7698412698412699,0.5277777777777778,0.23809523809523808,0.9007936507936508,0.9761904761904762,0.3373015873015873,0.047619047619047616,0.25,BRD_20250749,디에그,0.13394919168591224,False,5037.511786542407,74.63243262412867,11,41,0.34295612009237875,True,0.2716166281755196,0.36339491916859123,0.4551732101616628,350.0,310.0,244.0,301.3333333333333,False,direct_size_estimation_deferred,매장 면적·좌석·점포별 매출이 없어 규모별 적합도와 argmax 규모는 산출하지 않음,0.337674910310107,0.9953810623556582,usable_area_profile,True,balanced,True,0.6537413394919169,20.0,0.941108545034642,0.05647173325249758,0.9610563408484688,0.812933025404157,True,True,0.7501963048498846,18.0
3120009,종로3가역,11110,773341001.0,64864.0,11922.499398741984,0.8273672055427251,0.876984126984127,0.42857142857142855,0.503968253968254,0.75,0.9444444444444444,0.8531746031746031,0.2619047619047619,0.05952380952380952,0.3611111111111111,BRD_20250749,디에그,0.7136258660508084,False,4695.833046416819,125.80143085865113,24,103,0.4532332563510392,True,0.7477482678983833,0.7704965357967668,0.79324480369515,71.0,49.0,40.0,53.333333333333336,False,direct_size_estimation_deferred,매장 면적·좌석·점포별 매출이 없어 규모별 적합도와 argmax 규모는 산출하지 않음,0.381494040254428,0.9815242494226328,usable_area_profile,True,balanced,True,0.7123556581986142,4.0,0.9535219399538106,0.05047087142510804,0.5548212003902856,0.6859122401847575,True,True,0.7490473441108545,19.0
3120185,논현역,11680,513050241.0,50635.0,10132.324301372568,0.7160508083140878,0.7817460317460317,0.18253968253968253,0.75,0.6468253968253969,0.8531746031746031,0.9206349206349206,0.4365079365079365,0.027777777777777776,0.4880952380952381,BRD_20250749,디에그,0.76905311778291,False,7843.397860637994,65.29931086754209,16,62,0.4896073903002309,True,0.7531524249422633,0.7425519630484989,0.7319515011547345,65.0,59.0,67.0,63.666666666666664,False,direct_size_estimation_deferred,매장 면적·좌석·점포별 매출이 없어 규모별 적합도와 argmax 규모는 산출하지 않음,0.8103415886231273,0.7644341801385681,usable_area_profile,True,balanced,True,0.5593937644341802,82.0,0.5752501924557352,0.13848596262992668,1.366087826449137,0.9353348729792148,True,True,0.7448383371824482,20.0
3120166,방배역,11650,1455145059.0,122673.0,11861.983150326478,0.9176674364896074,0.7619047619047619,0.2857142857142857,0.7023809523809523,0.6785714285714286,0.8293650793650794,0.7777777777777778,0.42857142857142855,0.08333333333333333,0.5198412698412699,BRD_20080100039,뚜레쥬르,0.9364896073903002,False,1324.494243056971,99.2975326976693,12,28,0.28290993071593534,True,0.9308429561200924,0.9270785219399538,0.9233140877598152,4.0,3.0,2.0,3.0,False,direct_size_estimation_deferred,매장 면적·좌석·점포별 매출이 없어 규모별 적합도와 argmax 규모는 산출하지 않음,0.5380314320648767,0.9076212471131639,usable_area_profile,True,balanced,True,0.7325577367205542,1.0,0.8795227097767513,0.05651551828195008,0.4971826887657998,0.9353348729792148,True,True,0.879284064665127,1.0
3120009,종로3가역,11110,773341001.0,64864.0,11922.499398741984,0.8273672055427251,0.876984126984127,0.42857142857142855,0.503968253968254,0.75,0.9444444444444444,0.8531746031746031,0.2619047619047619,0.05952380952380952,0.3611111111111111,BRD_20080100039,뚜레쥬르,0.7759815242494227,False,650.2983930178112,125.80143085865113,24,102,0.46824480369515015,True,0.7913972286374134,0.8016743648960739,0.8119515011547342,31.0,19.0,20.0,23.333333333333332,False,direct_size_estimation_deferred,매장 면적·좌석·점포별 매출이 없어 규모별 적합도와 argmax 규모는 산출하지 않음,0.40505687400031415,0.9815242494226328,usable_area_profile,True,balanced,True,0.7101039260969976,3.0,0.9535219399538106,0.05047087142510804,0.5548212003902856,0.9491916859122402,True,True,0.852107390300231,2.0
3110883,은천초등학교(은천교앞),11620,384324031.0,36658.0,10484.042528233946,0.6409930715935335,0.6944444444444444,0.5833333333333334,0.49603174603174605,0.8611111111111112,0.9801587301587301,0.8690476190476191,0.027777777777777776,0.051587301587301584,0.3412698412698413,BRD_20080100039,뚜레쥬르,0.31755196304849886,False,629.2352501275277,165.06059494972328,13,67,0.19053117782909929,True,0.41458429561200927,0.47927251732101617,0.5439607390300231,146.0,121.0,96.0,121.0,False,direct_size_estimation_deferred,매장 면적·좌석·점포별 매출이 없어 규모별 적합도와 argmax 규모는 산출하지 않음,0.37691241002313874,0.9884526558891455,usable_area_profile,True,balanced,True,0.6899942263279446,4.0,0.9701693610469592,0.026750654894371177,0.6834709248943852,0.976905311778291,True,True,0.8510161662817552,3.0
3120201,도곡1동,11680,649721874.0,58337.0,11137.38920410717,0.7846420323325634,0.7817460317460317,0.18253968253968253,0.75,0.6468253968253969,0.8531746031746031,0.9206349206349206,0.4365079365079365,0.027777777777777776,0.4880952380952381,BRD_20080100039,뚜레쥬르,0.6466512702078522,False,705.307025355932,87.09190547353441,10,62,0.2840646651270208,True,0.6880484988452655,0.7156466512702078,0.74324480369515,61.0,40.0,31.0,44.0,False,direct_size_estimation_deferred,매장 면적·좌석·점포별 매출이 없어 규모별 적합도와 argmax 규모는 산출하지 않음,0.6290580167950897,0.8568129330254042,usable_area_profile,True,balanced,True,0.660421478060046,5.0,0.8283294842186297,0.06578741047462766,0.4329619998914489,0.9122401847575058,True,True,0.8147228637413394,4.0
3120226,석촌고분역,11710,497422151.0,44126.0,11272.767778633912,0.7166281755196304,0.8531746031746031,0.13095238095238096,0.6746031746031746,0.9325396825396826,0.8928571428571429,0.7063492063492064,0.4087301587301587,0.03968253968253968,0.5436507936507936,BRD_20080100039,뚜레쥬르,0.3995381062355658,False,553.9467483722011,58.872744129090485,22,75,0.6495381062355658,True,0.49466512702078513,0.5580831408775981,0.621501154734411,120.0,92.0,66.0,92.66666666666667,False,direct_size_estimation_deferred,매장 면적·좌석·점포별 매출이 없어 규모별 적합도와 argmax 규모는 산출하지 않음,0.4129341900975619,0.9699769053117783,usable_area_profile,True,balanced,True,0.6383775981524249,12.0,0.9515973826020016,0.02519313875296893,0.7295447736781409,0.9838337182448037,True,True,0.8020842956120091,5.0
3120158,녹두거리(대학동),11620,695809095.0,79236.0,8781.476790852643,0.7778290993071594,0.6944444444444444,0.5833333333333334,0.49603174603174605,0.8611111111111112,0.9801587301587301,0.8690476190476191,0.027777777777777776,0.051587301587301584,0.3412698412698413,BRD_20080100039,뚜레쥬르,0.31755196304849886,False,1450.6412375205114,107.28000742995447,15,20,0.33371824480369516,True,0.45563510392609696,0.5476905311778291,0.6397459584295612,130.0,99.0,60.0,96.33333333333333,False,direct_size_estimation_deferred,매장 면적·좌석·점포별 매출이 없어 규모별 적합도와 argmax 규모는 산출하지 않음,0.6432014468353613,0.838337182448037,usable_area_profile,True,balanced,True,0.64135103926097,11.0,0.7973441108545035,0.09329858848587673,0.43937504584797554,0.9168591224018475,True,True,0.8015357967667437,6.0
3120205,매봉역,11680,580733796.0,60594.0,9584.014852955737,0.7444572748267898,0.7817460317460317,0.18253968253968253,0.75,0.6468253968253969,0.8531746031746031,0.9206349206349206,0.4365079365079365,0.027777777777777776,0.4880952380952381,BRD_20080100039,뚜레쥬르,0.6466512702078522,False,1141.15204949491,70.4911341990284,16,64,0.48787528868360275,True,0.6759930715935334,0.6955542725173209,0.7151154734411085,67.0,46.0,37.0,50.0,False,direct_size_estimation_deferred,매장 면적·좌석·점포별 매출이 없어 규모별 적합도와 argmax 규모는 산출하지 않음,0.5756508458200909,0.8960739030023095,usable_area_profile,True,balanced,True,0.6354157043879907,13.0,0.855080831408776,0.08079051653086988,0.5073995482857214,0.9376443418013857,True,True,0.7940357967667436,7.0
3130222,오류시장,11530,677800421.0,66656.0,10168.633296327413,0.7894919168591223,0.8412698412698413,0.8373015873015873,0.5753968253968254,0.5238095238095238,0.7579365079365079,0.7380952380952381,0.18253968253968253,0.12698412698412698,0.7658730158730159,BRD_20080100039,뚜레쥬르,0.5242494226327945,False,936.739024480396,48.414873764798386,14,32,0.5323325635103926,True,0.6038221709006928,0.6568706697459584,0.7099191685912238,90.0,63.0,39.0,64.0,False,direct_size_estimation_deferred,매장 면적·좌석·점포별 매출이 없어 규모별 적합도와 argmax 규모는 산출하지 않음,0.5058140777424818,0.9214780600461894,usable_area_profile,True,balanced,True,0.6572113163972286,6.0,0.9045419553502695,0.04485297674145903,0.3775915429993146,0.8891454965357968,True,True,0.7890993071593533,8.0
3120136,영등포구청역,11560,364236315.0,38948.0,9351.861841429598,0.6144341801385681,0.8571428571428571,0.7698412698412699,0.5277777777777778,0.23809523809523808,0.9007936507936508,0.9761904761904762,0.3373015873015873,0.047619047619047616,0.25,BRD_20080100039,뚜레쥬르,0.24480369515011546,False,916.2996234811043,95.12623193815189,26,62,0.5704387990762125,True,0.3556928406466512,0.4296189376443418,0.5035450346420323,158.0,141.0,114.0,137.66666666666666,False,direct_size_estimation_deferred,매장 면적·좌석·점포별 매출이 없어 규모별 적합도와 argmax 규모는 산출하지 않음,0.40810037699696344,0.976905311778291,usable_area_profile,True,balanced,True,0.6179387990762125,19.0,0.9475558121632024,0.03168399152789142,0.9263195134127032,0.9930715935334873,True,True,0.7890646651270208,9.0
3120175,남부터미널역,11650,960650667.0,103198.0,9308.810897498013,0.8390300230946882,0.7619047619047619,0.2857142857142857,0.7023809523809523,0.6785714285714286,0.8293650793650794,0.7777777777777778,0.42857142857142855,0.08333333333333333,0.5198412698412699,BRD_20080100039,뚜레쥬르,0.9364896073903002,False,1396.5059971083842,49.929950906089985,13,46,0.49653579676674364,True,0.9072517321016166,0.8877598152424941,0.8682678983833718,8.0,10.0,12.0,10.0,False,direct_size_estimation_deferred,매장 면적·좌석·점포별 매출이 없어 규모별 적합도와 argmax 규모는 산출하지 않음,0.6081918372149606,0.8729792147806005,usable_area_profile,True,balanced,True,0.6556697459584295,7.0,0.8356428021555042,0.10952373119230398,0.3408979243004442,0.8729792147806005,True,True,0.7883140877598152,10.0
3120121,까치산역,11500,345571768.0,36578.0,9447.530428126196,0.6019630484988453,0.8373015873015873,0.23809523809523808,0.623015873015873,0.32142857142857145,0.8333333333333334,0.9246031746031746,0.46825396825396826,0.05555555555555555,0.42063492063492064,BRD_20080100039,뚜레쥬르,0.8187066974595842,False,992.0750979564732,63.411355440434505,20,41,0.6027713625866051,True,0.7536836027713625,0.7103348729792147,0.666986143187067,40.0,41.0,49.0,43.333333333333336,False,direct_size_estimation_deferred,매장 면적·좌석·점포별 매출이 없어 규모별 적합도와 argmax 규모는 산출하지 않음,0.39793853524262757,0.9861431870669746,usable_area_profile,True,balanced,True,0.6133429561200924,21.0,0.9436104695919938,0.03722609007523732,1.1425512963896631,1.0,True,True,0.7860161662817553,11.0
3120188,압구정역,11680,1784647410.0,134975.0,13222.058973884052,0.9404157043879908,0.7817460317460317,0.18253968253968253,0.75,0.6468253968253969,0.8531746031746031,0.9206349206349206,0.4365079365079365,0.027777777777777776,0.4880952380952381,BRD_20080100039,뚜레쥬르,0.6466512702078522,False,1884.2998699554646,98.31073190628577,25,98,0.5473441108545034,True,0.7347806004618938,0.7935334872979215,0.8522863741339493,45.0,20.0,14.0,26.333333333333332,False,direct_size_estimation_deferred,매장 면적·좌석·점포별 매출이 없어 규모별 적합도와 argmax 규모는 산출하지 않음,0.42618377080814673,0.9630484988452656,usable_area_profile,True,balanced,True,0.728568129330254,2.0,0.9592956120092379,0.027451419670695573,0.13671011849466985,0.7182448036951501,True,True,0.7762355658198613,12.0
3120051,뚝섬역,11200,416387011.0,44887.0,9276.338605832423,0.6515011547344112,0.9206349206349206,0.38492063492063494,0.5555555555555556,0.9920634920634921,0.9841269841269841,0.9563492063492064,0.10317460317460317,0.015873015873015872,0.07936507936507936,BRD_20080100039,뚜레쥬르,0.016166281755196306,False,788.5429601422138,83.67197859938392,40,87,0.6795612009237875,True,0.20676674364896078,0.33383371824480373,0.46090069284064666,200.0,174.0,133.0,169.0,False,direct_size_estimation_deferred,매장 면적·좌석·점포별 매출이 없어 규모별 적합도와 argmax 규모는 산출하지 않음,0.4112345359279314,0.9745958429561201,usable_area_profile,True,balanced,True,0.6133891454965358,20.0,0.9377405696689761,0.05978097704494511,0.6165050340250396,0.9699769053117783,True,True,0.7738856812933026,13.0
3120080,마들역,11350,1045100686.0,106340.0,9827.916926838443,0.858891454965358,0.8928571428571429,0.08333333333333333,0.7222222222222222,0.9444444444444444,0.7777777777777778,0.30158730158730157,0.38095238095238093,0.4444444444444444,0.6071428571428571,BRD_20080100039,뚜레쥬르,0.3510392609699769,False,1038.783904426268,45.607017023633105,8,32,0.418013856812933,True,0.5033949191685911,0.6049653579676675,0.7065357967667436,118.0,79.0,42.0,79.66666666666667,False,direct_size_estimation_deferred,매장 면적·좌석·점포별 매출이 없어 규모별 적합도와 argmax 규모는 산출하지 않음,0.6530873746737795,0.8314087759815243,usable_area_profile,True,balanced,True,0.6536143187066975,8.0,0.8119707467282525,0.07687419193039746,0.252855070930321,0.8083140877598153,True,True,0.7677136258660507,14.0
3120151,보라매공원,11590,648870341.0,67412.0,9625.442665994186,0.7726327944572748,0.8611111111111112,0.5158730158730159,0.42857142857142855,0.753968253968254,0.9563492063492064,0.6626984126984127,0.11507936507936507,0.09523809523809523,0.5674603174603174,BRD_20080100039,뚜레쥬르,0.5577367205542725,False,878.1713955459284,16.492422502230646,17,69,0.7240184757505774,True,0.6222055427251731,0.6651847575057737,0.7081639722863741,85.0,59.0,40.0,61.333333333333336,False,direct_size_estimation_deferred,매장 면적·좌석·점포별 매출이 없어 규모별 적합도와 argmax 규모는 산출하지 않음,0.4611891153043844,0.9422632794457275,usable_area_profile,True,balanced,True,0.6329503464203234,15.0,0.9259045419553503,0.04022615119855289,0.40666921897727293,0.9030023094688222,True,True,0.7670669745958429,15.0
3110810,영신초등학교,11560,325709619.0,29453.0,11058.62285675483,0.5928406466512702,0.8571428571428571,0.7698412698412699,0.5277777777777778,0.23809523809523808,0.9007936507936508,0.9761904761904762,0.3373015873015873,0.047619047619047616,0.25,BRD_20080100039,뚜레쥬르,0.24480369515011546,False,742.7576993464921,74.63243262412867,11,40,0.3608545034642032,True,0.34921478060046185,0.41882217090069285,0.48842956120092373,161.0,147.0,122.0,143.33333333333334,False,direct_size_estimation_deferred,매장 면적·좌석·점포별 매출이 없어 규모별 적합도와 argmax 규모는 산출하지 않음,0.4284185607148431,0.9607390300230947,usable_area_profile,True,balanced,True,0.6337355658198615,14.0,0.941108545034642,0.05647173325249758,0.34761612328561664,0.8775981524249422,True,True,0.7629849884526559,16.0
3120152,신대방삼거리역,11590,953145793.0,102228.0,9323.72532965528,0.8353348729792147,0.8611111111111112,0.5158730158730159,0.42857142857142855,0.753968253968254,0.9563492063492064,0.6626984126984127,0.11507936507936507,0.09523809523809523,0.5674603174603174,BRD_20080100039,뚜레쥬르,0.5577367205542725,False,1175.3714306821973,79.30952023733208,18,47,0.49480369515011546,True,0.6410161662817551,0.6965357967667436,0.7520554272517319,80.0,45.0,29.0,51.333333333333336,False,direct_size_estimation_deferred,매장 면적·좌석·점포별 매출이 없어 규모별 적합도와 argmax 규모는 산출하지 않음,0.6180925782895919,0.8683602771362586,usable_area_profile,True,balanced,True,0.6523267898383371,9.0,0.8480561970746728,0.08187605247578715,0.24798557633918944,0.7990762124711316,True,True,0.7565184757505774,17.0
3110274,서일대학교,11260,492656087.0,41512.0,11867.79935922143,0.7133949191685912,0.8492063492063492,0.40476190476190477,0.5,0.39285714285714285,0.623015873015873,0.5714285714285714,0.16666666666666666,0.32936507936507936,0.8134920634920635,BRD_20080100039,뚜레쥬르,0.8983833718244804,False,1016.919367535483,101.51354588565466,6,29,0.17898383371824483,True,0.8428868360277135,0.8058891454965358,0.7688914549653578,16.0,16.0,25.0,19.0,False,direct_size_estimation_deferred,매장 면적·좌석·점포별 매출이 없어 규모별 적합도와 argmax 규모는 산출하지 않음,0.6391773295525175,0.8452655889145496,usable_area_profile,True,balanced,True,0.645473441108545,10.0,0.829003079291763,0.07882695102483951,0.20630646512843157,0.7759815242494227,True,True,0.7511431870669746,18.0
3110792,영등포역 2번,11560,248320575.0,31295.0,7934.832241572136,0.5072748267898384,0.8571428571428571,0.7698412698412699,0.5277777777777778,0.23809523809523808,0.9007936507936508,0.9761904761904762,0.3373015873015873,0.047619047619047616,0.25,BRD_20080100039,뚜레쥬르,0.24480369515011546,False,1042.5511977449808,211.72859988097136,18,55,0.28579676674364896,True,0.3235450346420323,0.3760392609699769,0.4285334872979215,169.0,159.0,139.0,155.66666666666666,False,direct_size_estimation_deferred,매장 면적·좌석·점포별 매출이 없어 규모별 적합도와 argmax 규모는 산출하지 않음,0.5348580456991462,0.9099307159353349,usable_area_profile,True,balanced,True,0.5896420323325635,28.0,0.8840454195535027,0.0630710935565503,0.4104145801534766,0.9076212471131639,True,True,0.7453406466512702,19.0
3130271,남성역골목시장,11590,293272038.0,34100.0,8600.353020527858,0.5513856812933026,0.8611111111111112,0.5158730158730159,0.42857142857142855,0.753968253968254,0.9563492063492064,0.6626984126984127,0.11507936507936507,0.09523809523809523,0.5674603174603174,BRD_20080100039,뚜레쥬르,0.5577367205542725,False,878.7923532172528,56.51548457919703,16,46,0.5502309468822171,True,0.5558314087759815,0.5545612009237875,0.5532909930715935,105.0,95.0,92.0,97.33333333333333,False,direct_size_estimation_deferred,매장 면적·좌석·점포별 매출이 없어 규모별 적합도와 argmax 규모는 산출하지 않음,0.5997404409330409,0.8822170900692841,usable_area_profile,True,balanced,True,0.5515588914549654,41.0,0.8367975365665896,0.0583327669757567,0.7786284768828293,0.9884526558891455,True,True,0.7429272517321017,20.0
3120037,동대문역사문화공원역,11140,991150857.0,75063.0,13204.253187322649,0.8695150115473441,0.873015873015873,0.5793650793650794,0.6428571428571429,0.34523809523809523,0.8571428571428571,0.8214285714285714,0.0873015873015873,0.023809523809523808,0.8293650793650794,BRD_20140306,롤링핀,0.19399538106235567,False,2938.3890144040042,125.25573836405046,15,74,0.2806004618937644,True,0.3966512702078522,0.5317551963048499,0.6668591224018475,276.0,176.0,107.0,186.33333333333334,False,direct_size_estimation_deferred,매장 면적·좌석·점포별 매출이 없어 규모별 적합도와 argmax 규모는 산출하지 않음,0.5362404457610732,0.976905311778291,usable_area_profile,True,balanced,True,0.7506928406466513,1.0,0.7372016936104696,0.1468679111485937,1.6321034070219809,0.8845265588914549,True,True,0.8656466512702078,1.0
3120153,노량진역(노량진),11590,595426544.0,103117.0,5774.2810981700395,0.7636258660508083,0.8611111111111112,0.5158730158730159,0.42857142857142855,0.753968253968254,0.9563492063492064,0.6626984126984127,0.11507936507936507,0.09523809523809523,0.5674603174603174,BRD_20140306,롤링핀,0.5277136258660509,False,1211.9612205420656,132.0075755359234,5,24,0.09526558891454966,True,0.5984872979214781,0.6456697459584295,0.692852193995381,150.0,118.0,89.0,119.0,False,direct_size_estimation_deferred,매장 면적·좌석·점포별 매출이 없어 규모별 적합도와 argmax 규모는 산출하지 않음,0.7627550306920086,0.8475750577367206,usable_area_profile,True,balanced,True,0.6767667436489607,12.0,0.6104695919938414,0.14073458980335543,1.6847703615307374,0.8960739030023095,True,True,0.8275,2.0
3120006,종각역,11110,3016948830.0,169455.0,17803.834823404442,0.9732101616628176,0.876984126984127,0.42857142857142855,0.503968253968254,0.75,0.9444444444444444,0.8531746031746031,0.2619047619047619,0.05952380952380952,0.3611111111111111,BRD_20140306,롤링핀,0.6327944572748267,False,4218.601901077181,42.201895712860484,34,122,0.8273672055427252,True,0.734919168591224,0.8030023094688221,0.8710854503464203,77.0,36.0,17.0,43.333333333333336,True,direct_size_estimation_deferred,매장 면적·좌석·점포별 매출이 없어 규모별 적합도와 argmax 규모는 산출하지 않음,0.6642761582206756,0.9260969976905312,usable_area_profile,True,balanced,True,0.6795669745958429,10.0,0.6086412625096228,0.14289846366734366,2.221547573246976,0.9491916859122402,True,True,0.825363741339492,3.0
3120148,국회의사당역(국회의사당),11560,658683908.0,52751.0,12486.662015885955,0.7863741339491918,0.8571428571428571,0.7698412698412699,0.5277777777777778,0.23809523809523808,0.9007936507936508,0.9761904761904762,0.3373015873015873,0.047619047619047616,0.25,BRD_20140306,롤링핀,0.15011547344110854,False,1214.5192464158806,117.8346298709127,7,35,0.13741339491916857,True,0.3409930715935335,0.46824480369515015,0.5954965357967668,306.0,234.0,149.0,229.66666666666666,False,direct_size_estimation_deferred,매장 면적·좌석·점포별 매출이 없어 규모별 적합도와 argmax 규모는 산출하지 않음,0.8333661059693377,0.7944572748267898,usable_area_profile,True,balanced,True,0.6518475750577367,21.0,0.6668591224018475,0.06752546032082155,1.889630249371248,0.9168591224018475,True,True,0.8203810623556582,4.0
3110892,관악구 중앙길,11620,913081619.0,87290.0,10460.323278726086,0.8403002309468822,0.6944444444444444,0.5833333333333334,0.49603174603174605,0.8611111111111112,0.9801587301587301,0.8690476190476191,0.027777777777777776,0.051587301587301584,0.3412698412698413,BRD_20140306,롤링핀,0.31755196304849886,False,4391.455908953944,165.92166821826325,24,76,0.3978060046189376,True,0.4743764434180138,0.5789260969976906,0.6834757505773671,214.0,144.0,96.0,151.33333333333334,False,direct_size_estimation_deferred,매장 면적·좌석·점포별 매출이 없어 규모별 적합도와 argmax 규모는 산출하지 않음,0.4113163112835843,0.9976905311778291,usable_area_profile,True,balanced,True,0.7332794457274827,3.0,0.8969399538106235,0.08337710218528369,1.2083722596080868,0.7644341801385681,True,True,0.7975,5.0
3120189,강남역,11650,2264625138.0,228243.0,9921.991640488426,0.9191685912240184,0.7619047619047619,0.2857142857142857,0.7023809523809523,0.6785714285714286,0.8293650793650794,0.7777777777777778,0.42857142857142855,0.08333333333333333,0.5198412698412699,BRD_20140306,롤링핀,0.9780600461893765,False,6849.195719171672,81.40024571316536,23,77,0.5513856812933026,True,0.960392609699769,0.9486143187066974,0.9368360277136258,2.0,2.0,2.0,2.0,False,direct_size_estimation_deferred,매장 면적·좌석·점포별 매출이 없어 규모별 적합도와 argmax 규모는 산출하지 않음,0.9648932321325966,0.6766743648960739,usable_area_profile,True,balanced,True,0.577338337182448,63.0,0.39703618167821403,0.10832993337780722,2.5813565512184407,0.9607390300230947,True,True,0.7803406466512702,6.0
3120175,남부터미널역,11650,960650667.0,103198.0,9308.810897498013,0.8390300230946882,0.7619047619047619,0.2857142857142857,0.7023809523809523,0.6785714285714286,0.8293650793650794,0.7777777777777778,0.42857142857142855,0.08333333333333333,0.5198412698412699,BRD_20140306,롤링핀,0.9780600461893765,False,8130.616520258622,49.929950906089985,13,46,0.4815242494226327,True,0.93635103926097,0.9085450346420323,0.8807390300230946,7.0,8.0,15.0,10.0,False,direct_size_estimation_deferred,매장 면적·좌석·점포별 매출이 없어 규모별 적합도와 argmax 규모는 산출하지 않음,0.5521868767583026,0.9699769053117783,usable_area_profile,True,balanced,True,0.7064203233256351,6.0,0.8356428021555042,0.10952373119230398,1.2265296451634533,0.7736720554272517,True,True,0.7799422632794457,7.0
3110943,법제교육센터(버들어린이공원),11650,849985150.0,98576.0,8622.637863171563,0.812471131639723,0.7619047619047619,0.2857142857142857,0.7023809523809523,0.6785714285714286,0.8293650793650794,0.7777777777777778,0.42857142857142855,0.08333333333333333,0.5198412698412699,BRD_20140306,롤링핀,0.9780600461893765,False,6744.343481745748,67.35725648954265,25,54,0.6466512702078522,True,0.9283833718244804,0.8952655889145498,0.862147806004619,8.0,11.0,22.0,13.666666666666666,False,direct_size_estimation_deferred,매장 면적·좌석·점포별 매출이 없어 규모별 적합도와 argmax 규모는 산출하지 않음,0.6047996529171644,0.9515011547344111,usable_area_profile,True,balanced,True,0.6631177829099308,15.0,0.8574865280985374,0.06302143766630533,1.4917880346315708,0.8637413394919169,True,True,0.7776905311778292,8.0
3110837,숭실대입구역 1번,11590,599844154.0,57757.0,10385.65289055872,0.7587759815242495,0.8611111111111112,0.5158730158730159,0.42857142857142855,0.753968253968254,0.9563492063492064,0.6626984126984127,0.11507936507936507,0.09523809523809523,0.5674603174603174,BRD_20140306,롤링핀,0.5277136258660509,False,3507.1635263070552,107.91200122156485,13,20,0.26327944572748263,True,0.5970323325635105,0.6432448036951501,0.6894572748267899,153.0,120.0,93.0,122.0,False,direct_size_estimation_deferred,매장 면적·좌석·점포별 매출이 없어 규모별 적합도와 argmax 규모는 산출하지 않음,0.8182538893906441,0.8106235565819861,usable_area_profile,True,balanced,True,0.6313914549653581,29.5,0.7287336412625097,0.0576904289437942,1.4194714239212705,0.836027713625866,True,True,0.7657390300230948,9.0
3120028,명동(명동거리),11140,1220806458.0,114833.0,10631.14660419914,0.888799076212471,0.873015873015873,0.5793650793650794,0.6428571428571429,0.34523809523809523,0.8571428571428571,0.8214285714285714,0.0873015873015873,0.023809523809523808,0.8293650793650794,BRD_20140306,롤링핀,0.19399538106235567,False,4639.023388582023,30.675723307169914,43,94,0.9053117782909931,True,0.4024364896073902,0.5413972286374134,0.6803579676674363,272.0,171.0,98.0,180.33333333333334,False,direct_size_estimation_deferred,매장 면적·좌석·점포별 매출이 없어 규모별 적합도와 argmax 규모는 산출하지 않음,0.5578705246962125,0.9630484988452656,usable_area_profile,True,balanced,True,0.6568071593533487,18.0,0.7916666666666666,0.12055488646333865,1.4216083412821015,0.8406466512702079,True,True,0.7560161662817552,10.0
3120119,발산역(마곡),11500,2401733989.0,206918.0,11607.177669414938,0.9505773672055428,0.8373015873015873,0.23809523809523808,0.623015873015873,0.32142857142857145,0.8333333333333334,0.9246031746031746,0.46825396825396826,0.05555555555555555,0.42063492063492064,BRD_20140306,롤링핀,0.7193995381062356,False,9343.5723895759,55.470712991852245,37,103,0.7782909930715936,True,0.7887528868360276,0.8349884526558892,0.8812240184757506,52.0,24.0,14.0,30.0,False,direct_size_estimation_deferred,매장 면적·좌석·점포별 매출이 없어 규모별 적합도와 argmax 규모는 산출하지 않음,0.8847107800531128,0.7575057736720554,usable_area_profile,True,balanced,True,0.5947113163972286,53.0,0.5261739799846036,0.13960795160237593,1.6570101561716122,0.8891454965357968,True,True,0.7513394919168592,11.0
3110842,흑리단길,11590,482286031.0,32223.0,14967.136238090805,0.6867205542725173,0.8611111111111112,0.5158730158730159,0.42857142857142855,0.753968253968254,0.9563492063492064,0.6626984126984127,0.11507936507936507,0.09523809523809523,0.5674603174603174,BRD_20140306,롤링핀,0.5277136258660509,False,3507.4641837491267,63.25345839859666,13,14,0.4260969976905311,True,0.5754157043879908,0.6072170900692841,0.6390184757505774,169.0,134.0,121.0,141.33333333333334,False,direct_size_estimation_deferred,매장 면적·좌석·점포별 매출이 없어 규모별 적합도와 argmax 규모는 산출하지 않음,0.8956893577217084,0.745958429561201,usable_area_profile,True,balanced,True,0.5494168591224019,87.0,0.5921862971516552,0.05841718371943201,2.6323099235335907,0.9630484988452656,True,True,0.7511085450346421,12.0
3120012,대학로(혜화역),11110,529590648.0,61110.0,8666.186352479135,0.7162817551963049,0.876984126984127,0.42857142857142855,0.503968253968254,0.75,0.9444444444444444,0.8531746031746031,0.2619047619047619,0.05952380952380952,0.3611111111111111,BRD_20140306,롤링핀,0.6327944572748267,False,2261.5127680029823,76.48529269796715,29,59,0.6576212471131639,True,0.6578406466512701,0.6745381062355658,0.6912355658198615,122.0,97.0,91.0,103.33333333333333,False,direct_size_estimation_deferred,매장 면적·좌석·점포별 매출이 없어 규모별 적합도와 argmax 규모는 산출하지 않음,0.7221351988530532,0.8937644341801385,usable_area_profile,True,balanced,True,0.5989376443418013,48.0,0.6812933025404156,0.11320802190271019,1.8768204590865334,0.9145496535796767,True,True,0.7501905311778291,13.0
3120062,신설동역,11230,583819931.0,56521.0,10329.256931052176,0.748498845265589,0.6904761904761905,0.5396825396825397,0.5714285714285714,0.9603174603174603,0.9126984126984127,0.4087301587301587,0.1865079365079365,0.09126984126984126,0.6825396825396826,BRD_20140306,롤링핀,0.4237875288683603,False,1372.2426899232062,109.76793705062819,8,37,0.16743648960739027,True,0.5212009237875289,0.5861431870669747,0.6510854503464203,198.0,140.0,116.0,151.33333333333334,False,direct_size_estimation_deferred,매장 면적·좌석·점포별 매출이 없어 규모별 적합도와 argmax 규모는 산출하지 않음,0.743177867678095,0.8683602771362586,usable_area_profile,True,balanced,True,0.6710392609699769,14.0,0.7826212471131639,0.07792402283278821,1.1002900890663225,0.7205542725173211,True,True,0.7481639722863742,14.0
3120075,월곡역,11290,394403544.0,39935.0,9876.137323150118,0.6412240184757506,0.8690476190476191,0.3888888888888889,0.5912698412698413,0.8333333333333334,0.8055555555555556,0.3333333333333333,0.2222222222222222,0.31746031746031744,0.7420634920634921,BRD_20140306,롤링핀,0.7967667436489607,False,2251.00533096565,48.91829924522232,13,36,0.4896073903002309,True,0.7501039260969977,0.7189953810623557,0.6878868360277136,73.0,73.0,94.0,80.0,False,direct_size_estimation_deferred,매장 면적·좌석·점포별 매출이 없어 규모별 적합도와 argmax 규모는 산출하지 않음,0.5608412577606522,0.9607390300230947,usable_area_profile,True,balanced,True,0.6313568129330254,31.0,0.8904926866820632,0.04782192069840956,1.4689151400681348,0.8521939953810623,True,True,0.748025404157044,15.0
3120188,압구정역,11680,1784647410.0,134975.0,13222.058973884052,0.9404157043879908,0.7817460317460317,0.18253968253968253,0.75,0.6468253968253969,0.8531746031746031,0.9206349206349206,0.4365079365079365,0.027777777777777776,0.4880952380952381,BRD_20140306,롤링핀,0.8498845265588915,False,6144.3834515708595,98.31073190628577,25,98,0.5323325635103926,True,0.8770438799076212,0.8951501154734411,0.9132563510392611,17.0,12.0,6.0,11.666666666666666,False,direct_size_estimation_deferred,매장 면적·좌석·점포별 매출이 없어 규모별 적합도와 argmax 규모는 산출하지 않음,0.5465549152824405,0.9745958429561201,usable_area_profile,True,balanced,True,0.736593533487298,2.0,0.9592956120092379,0.027451419670695573,0.5573566369398112,0.625866050808314,True,True,0.7449999999999999,16.0
3120158,녹두거리(대학동),11620,695809095.0,79236.0,8781.476790852643,0.7778290993071594,0.6944444444444444,0.5833333333333334,0.49603174603174605,0.8611111111111112,0.9801587301587301,0.8690476190476191,0.027777777777777776,0.051587301587301584,0.3412698412698413,BRD_20140306,롤링핀,0.31755196304849886,False,5508.402672304588,107.28000742995447,15,20,0.3140877598152425,True,0.45563510392609696,0.5476905311778291,0.6397459584295612,233.0,167.0,120.0,173.33333333333334,False,direct_size_estimation_deferred,매장 면적·좌석·점포별 매출이 없어 규모별 적합도와 argmax 규모는 산출하지 않음,0.7165614327506296,0.8983833718244804,usable_area_profile,True,balanced,True,0.6743187066974596,13.0,0.7973441108545035,0.09329858848587673,1.0829666623013474,0.7159353348729792,True,True,0.7421247113163972,17.0
3120003,광화문역,11110,756200869.0,75218.0,10053.456207290808,0.8042725173210161,0.876984126984127,0.42857142857142855,0.503968253968254,0.75,0.9444444444444444,0.8531746031746031,0.2619047619047619,0.05952380952380952,0.3611111111111111,BRD_20140306,롤링핀,0.6327944572748267,False,4871.049681505966,69.12307861572918,25,101,0.6397228637413395,True,0.6842378752886835,0.7185334872979214,0.7528290993071592,109.0,74.0,59.0,80.66666666666667,False,direct_size_estimation_deferred,매장 면적·좌석·점포별 매출이 없어 규모별 적합도와 argmax 규모는 산출하지 않음,0.6402644679476662,0.9445727482678984,usable_area_profile,True,balanced,True,0.6578233256351039,16.0,0.7959006928406467,0.11836682820533301,1.2560280416515655,0.7829099307159353,True,True,0.7418591224018476,18.0
3120160,사당역(사당),11650,1075925437.0,95830.0,11227.438557862883,0.8801385681293303,0.7619047619047619,0.2857142857142857,0.7023809523809523,0.6785714285714286,0.8293650793650794,0.7777777777777778,0.42857142857142855,0.08333333333333333,0.5198412698412699,BRD_20140306,롤링핀,0.9780600461893765,False,6647.7954992998675,14.142135593676626,31,48,0.9197459584295613,True,0.9486836027713625,0.9290993071593534,0.909515011547344,5.0,5.0,7.0,5.666666666666667,False,direct_size_estimation_deferred,매장 면적·좌석·점포별 매출이 없어 규모별 적합도와 argmax 규모는 산출하지 않음,0.7104623900707427,0.9030023094688222,usable_area_profile,True,balanced,True,0.6215877598152424,39.0,0.7466320246343341,0.10596997051355382,1.4756094021417885,0.8614318706697459,True,True,0.74155311778291,19.0
3120009,종로3가역,11110,773341001.0,64864.0,11922.499398741984,0.8273672055427251,0.876984126984127,0.42857142857142855,0.503968253968254,0.75,0.9444444444444444,0.8531746031746031,0.2619047619047619,0.05952380952380952,0.3611111111111111,BRD_20140306,롤링핀,0.6327944572748267,False,3588.9366112844705,125.80143085865113,24,103,0.4532332563510392,True,0.6911662817551962,0.7300808314087759,0.7689953810623555,106.0,71.0,50.0,75.66666666666667,False,direct_size_estimation_deferred,매장 면적·좌석·점포별 매출이 없어 규모별 적합도와 argmax 규모는 산출하지 않음,0.45316169037425785,0.9930715935334873,usable_area_profile,True,balanced,True,0.7181293302540416,4.0,0.9535219399538106,0.05047087142510804,0.7836134479739072,0.6581986143187067,True,True,0.7414260969976905,20.0
3120069,상봉역,11260,1511381851.0,142985.0,10570.212616708046,0.9086605080831409,0.8492063492063492,0.40476190476190477,0.5,0.39285714285714285,0.623015873015873,0.5714285714285714,0.16666666666666666,0.32936507936507936,0.8134920634920635,BRD_20161137,명랑시대쌀핫도그,0.8983833718244804,False,885.5873756853189,89.18520055817115,16,55,0.3943418013856813,True,0.9014665127020784,0.9035219399538106,0.9055773672055427,9.0,7.0,8.0,8.0,False,direct_size_estimation_deferred,매장 면적·좌석·점포별 매출이 없어 규모별 적합도와 argmax 규모는 산출하지 않음,0.4777080548283285,0.9468822170900693,usable_area_profile,True,balanced,True,0.7323210161662818,2.0,0.8804849884526559,0.07129084880344481,0.931356965891603,0.9214780600461894,True,True,0.8661027713625867,1.0
3120080,마들역,11350,1045100686.0,106340.0,9827.916926838443,0.858891454965358,0.8928571428571429,0.08333333333333333,0.7222222222222222,0.9444444444444444,0.7777777777777778,0.30158730158730157,0.38095238095238093,0.4444444444444444,0.6071428571428571,BRD_20161137,명랑시대쌀핫도그,0.5173210161662818,False,860.5300692339306,45.607017023633105,8,31,0.41050808314087756,True,0.6197921478060047,0.6881062355658198,0.7564203233256351,124.0,78.0,53.0,85.0,False,direct_size_estimation_deferred,매장 면적·좌석·점포별 매출이 없어 규모별 적합도와 argmax 규모는 산출하지 않음,0.5473928132515861,0.9076212471131639,usable_area_profile,True,balanced,True,0.6928464203233256,6.0,0.8119707467282525,0.07687419193039746,1.2442472302214789,0.976905311778291,True,True,0.8591397228637414,2.0
3120120,화곡역,11500,2140760825.0,296121.0,7229.34484551923,0.8866050808314089,0.8373015873015873,0.23809523809523808,0.623015873015873,0.32142857142857145,0.8333333333333334,0.9246031746031746,0.46825396825396826,0.05555555555555555,0.42063492063492064,BRD_20161137,명랑시대쌀핫도그,0.8187066974595842,False,834.197218890034,26.400757567542716,25,53,0.819284064665127,True,0.8390762124711316,0.8526558891454965,0.8662355658198615,27.0,17.0,18.0,20.666666666666668,False,direct_size_estimation_deferred,매장 면적·좌석·점포별 매출이 없어 규모별 적합도와 argmax 규모는 산출하지 않음,0.3322636183344443,0.9907621247113164,usable_area_profile,True,balanced,True,0.6828002309468822,7.0,0.9515011547344111,0.03187023317041208,1.2319009329795145,0.9745958429561201,True,True,0.8301558891454967,3.0
3120081,노원역,11350,1459224642.0,143889.0,10141.32172716469,0.8973441108545035,0.8928571428571429,0.08333333333333333,0.7222222222222222,0.9444444444444444,0.7777777777777778,0.30158730158730157,0.38095238095238093,0.4444444444444444,0.6071428571428571,BRD_20161137,명랑시대쌀핫도그,0.5173210161662818,False,1044.7057002098738,36.878177844323965,34,60,0.8556581986143187,True,0.6313279445727482,0.7073325635103926,0.783337182448037,119.0,66.0,38.0,74.33333333333333,False,direct_size_estimation_deferred,매장 면적·좌석·점포별 매출이 없어 규모별 적합도와 argmax 규모는 산출하지 않음,0.3917357105178235,0.9745958429561201,usable_area_profile,True,balanced,True,0.6730196304849885,11.0,0.9020400307929176,0.05683977116601459,1.2764972601892668,0.9838337182448037,True,True,0.8267667436489607,4.0
3110601,신월1동우편취급국,11470,441016625.0,40173.0,10977.93605157693,0.6785219399538106,0.8055555555555556,0.2222222222222222,0.5158730158730159,0.5873015873015873,0.5079365079365079,0.2896825396825397,0.4801587301587302,0.30952380952380953,0.7738095238095238,BRD_20161137,명랑시대쌀핫도그,0.9803695150115473,False,1051.7880014321033,258.54980178856624,8,40,0.05023094688221708,True,0.8898152424942263,0.829445727482679,0.7690762124711316,14.0,23.0,44.0,27.0,False,direct_size_estimation_deferred,매장 면적·좌석·점포별 매출이 없어 규모별 적합도와 argmax 규모는 산출하지 않음,0.6133800355260814,0.8683602771362586,usable_area_profile,True,balanced,True,0.6641281755196304,16.0,0.7864703618167822,0.08887308212787294,0.921425400794034,0.9168591224018475,True,True,0.8232736720554272,5.0
3120079,창동역,11320,765698620.0,76216.0,10046.428833840664,0.8071593533487298,0.7182539682539683,0.11904761904761904,0.6071428571428571,0.25793650793650796,0.3611111111111111,0.24603174603174602,0.19047619047619047,0.4246031746031746,0.9126984126984127,BRD_20161137,명랑시대쌀핫도그,0.2806004618937644,False,2137.8973315270637,91.21403398036323,16,24,0.3862586605080831,True,0.438568129330254,0.543879907621247,0.6491916859122402,222.0,155.0,100.0,159.0,False,direct_size_estimation_deferred,매장 면적·좌석·점포별 매출이 없어 규모별 적합도와 argmax 규모는 산출하지 않음,0.5781045856068885,0.8822170900692841,usable_area_profile,True,balanced,True,0.665675519630485,15.0,0.8044649730561971,0.0901443469973297,0.8625290392906184,0.8914549653579676,True,True,0.8054561200923788,6.0
3110274,서일대학교,11260,492656087.0,41512.0,11867.79935922143,0.7133949191685912,0.8492063492063492,0.40476190476190477,0.5,0.39285714285714285,0.623015873015873,0.5714285714285714,0.16666666666666666,0.32936507936507936,0.8134920634920635,BRD_20161137,명랑시대쌀핫도그,0.8983833718244804,False,928.0096982485973,101.51354588565466,6,28,0.1697459584295612,True,0.8428868360277135,0.8058891454965358,0.7688914549653578,25.0,31.0,45.0,33.666666666666664,False,direct_size_estimation_deferred,매장 면적·좌석·점포별 매출이 없어 규모별 적합도와 argmax 규모는 산출하지 않음,0.5605871973215263,0.8891454965357968,usable_area_profile,True,balanced,True,0.6687990762124711,13.0,0.829003079291763,0.07882695102483951,0.7629676964808908,0.8545034642032333,True,True,0.7971016166281757,7.0
3110792,영등포역 2번,11560,248320575.0,31295.0,7934.832241572136,0.5072748267898384,0.8571428571428571,0.7698412698412699,0.5277777777777778,0.23809523809523808,0.9007936507936508,0.9761904761904762,0.3373015873015873,0.047619047619047616,0.25,BRD_20161137,명랑시대쌀핫도그,0.19168591224018475,False,864.0468736892898,211.72859988097136,18,54,0.2759815242494227,True,0.28636258660508085,0.34948036951501155,0.41259815242494224,300.0,281.0,237.0,272.6666666666667,False,direct_size_estimation_deferred,매장 면적·좌석·점포별 매출이 없어 규모별 적합도와 argmax 규모는 산출하지 않음,0.4291634842769528,0.9676674364896074,usable_area_profile,True,balanced,True,0.6199826789838337,30.0,0.8840454195535027,0.0630710935565503,1.3258374355143883,0.9884526558891455,True,True,0.7964665127020786,8.0
3111005,삼전역 3번,11710,233054769.0,25337.0,9198.19903698149,0.48152424942263283,0.8531746031746031,0.13095238095238096,0.6746031746031746,0.9325396825396826,0.8928571428571429,0.7063492063492064,0.4087301587301587,0.03968253968253968,0.5436507936507936,BRD_20161137,명랑시대쌀핫도그,0.40415704387990764,False,1086.3240768962885,198.59506540938497,7,54,0.054849884526558874,True,0.4273672055427252,0.4428406466512702,0.45831408775981525,225.0,226.0,214.0,221.66666666666666,False,direct_size_estimation_deferred,매장 면적·좌석·점포별 매출이 없어 규모별 적합도와 argmax 규모는 산출하지 않음,0.3439380260350813,0.9861431870669746,usable_area_profile,True,balanced,True,0.6533775981524249,19.0,0.9562163202463433,0.03310846702684648,0.9039037294105055,0.9099307159353349,True,True,0.7960450346420322,9.0
3120152,신대방삼거리역,11590,953145793.0,102228.0,9323.72532965528,0.8353348729792147,0.8611111111111112,0.5158730158730159,0.42857142857142855,0.753968253968254,0.9563492063492064,0.6626984126984127,0.11507936507936507,0.09523809523809523,0.5674603174603174,BRD_20161137,명랑시대쌀핫도그,0.48614318706697457,False,1644.7005806917914,79.30952023733208,18,47,0.48152424942263283,True,0.5909006928406466,0.6607390300230946,0.7305773672055426,139.0,92.0,60.0,97.0,False,direct_size_estimation_deferred,매장 면적·좌석·점포별 매출이 없어 규모별 적합도와 argmax 규모는 산출하지 않음,0.5395024460586008,0.9099307159353349,usable_area_profile,True,balanced,True,0.6751039260969977,10.0,0.8480561970746728,0.08187605247578715,0.7557095999341196,0.8521939953810623,True,True,0.7922286374133949,10.0
3120075,월곡역,11290,394403544.0,39935.0,9876.137323150118,0.6412240184757506,0.8690476190476191,0.3888888888888889,0.5912698412698413,0.8333333333333334,0.8055555555555556,0.3333333333333333,0.2222222222222222,0.31746031746031744,0.7420634920634921,BRD_20161137,명랑시대쌀핫도그,0.7782909930715936,False,1985.7807028882114,48.91829924522232,13,36,0.4901847575057737,True,0.7371709006928406,0.709757505773672,0.6823441108545034,70.0,62.0,80.0,70.66666666666667,False,direct_size_estimation_deferred,매장 면적·좌석·점포별 매출이 없어 규모별 적합도와 argmax 규모는 산출하지 않음,0.4826543042510991,0.9445727482678984,usable_area_profile,True,balanced,True,0.6231870669745958,28.0,0.8904926866820632,0.04782192069840956,1.1308634366003998,0.9584295612009238,True,True,0.7855831408775982,11.0
3120188,압구정역,11680,1784647410.0,134975.0,13222.058973884052,0.9404157043879908,0.7817460317460317,0.18253968253968253,0.75,0.6468253968253969,0.8531746031746031,0.9206349206349206,0.4365079365079365,0.027777777777777776,0.4880952380952381,BRD_20161137,명랑시대쌀핫도그,0.7251732101616628,False,3739.7713833584976,98.31073190628577,25,98,0.5352193995381063,True,0.7897459584295612,0.8327944572748268,0.8758429561200924,42.0,22.0,14.0,26.0,False,direct_size_estimation_deferred,매장 면적·좌석·점포별 매출이 없어 규모별 적합도와 argmax 규모는 산출하지 않음,0.4114472611382245,0.9722863741339491,usable_area_profile,True,balanced,True,0.7350057736720553,1.0,0.9592956120092379,0.027451419670695573,0.47322733325078054,0.7228637413394919,True,True,0.7826732101616628,12.0
3130146,쌍문시장(쌍문역골목시장),11320,408927388.0,35770.0,11432.132736930389,0.6565819861431871,0.7182539682539683,0.11904761904761904,0.6071428571428571,0.25793650793650796,0.3611111111111111,0.24603174603174602,0.19047619047619047,0.4246031746031746,0.9126984126984127,BRD_20161137,명랑시대쌀핫도그,0.2806004618937644,False,3522.977859745658,58.24946355251418,27,42,0.714203233256351,True,0.3933949191685912,0.46859122401847575,0.5437875288683602,239.0,208.0,161.0,202.66666666666666,False,direct_size_estimation_deferred,매장 면적·좌석·점포별 매출이 없어 규모별 적합도와 argmax 규모는 산출하지 않음,0.37508781127695207,0.9792147806004619,usable_area_profile,True,balanced,True,0.6122806004618937,38.0,0.9345650500384912,0.03205644775004926,1.3928471086414127,0.9953810623556582,True,True,0.7817609699769053,13.0
3120110,목동역 8번출구,11470,844175004.0,86430.0,9767.152655328011,0.8209006928406467,0.8055555555555556,0.2222222222222222,0.5158730158730159,0.5873015873015873,0.5079365079365079,0.2896825396825397,0.4801587301587302,0.30952380952380953,0.7738095238095238,BRD_20161137,명랑시대쌀핫도그,0.9803695150115473,False,845.723950273723,27.58622845698607,22,61,0.7673210161662818,True,0.9325288683602772,0.900635103926097,0.8687413394919169,2.0,8.0,16.0,8.666666666666666,True,direct_size_estimation_deferred,매장 면적·좌석·점포별 매출이 없어 규모별 적합도와 argmax 규모는 산출하지 않음,0.556185900291875,0.8914549653579676,usable_area_profile,True,balanced,True,0.6179445727482679,32.0,0.8049461123941494,0.08633449490195591,1.0020195642779908,0.9399538106235565,True,True,0.7745900692840647,14.0
3120166,방배역,11650,1455145059.0,122673.0,11861.983150326478,0.9176674364896074,0.7619047619047619,0.2857142857142857,0.7023809523809523,0.6785714285714286,0.8293650793650794,0.7777777777777778,0.42857142857142855,0.08333333333333333,0.5198412698412699,BRD_20161137,명랑시대쌀핫도그,0.9364896073903002,False,5150.519391275384,99.2975326976693,12,28,0.2684757505773672,True,0.9308429561200924,0.9270785219399538,0.9233140877598152,4.0,3.0,3.0,3.3333333333333335,False,direct_size_estimation_deferred,매장 면적·좌석·점포별 매출이 없어 규모별 적합도와 argmax 규모는 산출하지 않음,0.5543921685761353,0.8983833718244804,usable_area_profile,True,balanced,True,0.7301039260969976,3.0,0.8795227097767513,0.05651551828195008,0.3337253664318387,0.6628175519630485,True,True,0.7696709006928406,15.0
3110837,숭실대입구역 1번,11590,599844154.0,57757.0,10385.65289055872,0.7587759815242495,0.8611111111111112,0.5158730158730159,0.42857142857142855,0.753968253968254,0.9563492063492064,0.6626984126984127,0.11507936507936507,0.09523809523809523,0.5674603174603174,BRD_20161137,명랑시대쌀핫도그,0.48614318706697457,False,2458.4649682174363,107.91200122156485,13,20,0.2650115473441109,True,0.567933025404157,0.622459584295612,0.676986143187067,149.0,104.0,83.0,112.0,False,direct_size_estimation_deferred,매장 면적·좌석·점포별 매출이 없어 규모별 적합도와 argmax 규모는 산출하지 않음,0.709324336134157,0.7736720554272517,usable_area_profile,True,balanced,True,0.6126558891454965,36.0,0.7287336412625097,0.0576904289437942,0.7789578789321178,0.8637413394919169,True,True,0.7654792147806005,16.0
3110836,상도역 5번,11590,245030296.0,22286.0,10994.80822040743,0.5116628175519631,0.8611111111111112,0.5158730158730159,0.42857142857142855,0.753968253968254,0.9563492063492064,0.6626984126984127,0.11507936507936507,0.09523809523809523,0.5674603174603174,BRD_20161137,명랑시대쌀핫도그,0.48614318706697457,False,2896.024861755396,143.40502085254877,17,44,0.3060046189376443,True,0.4937990762124711,0.4989030023094688,0.5040069284064665,178.0,183.0,184.0,181.66666666666666,False,direct_size_estimation_deferred,매장 면적·좌석·점포별 매출이 없어 규모별 적합도와 argmax 규모는 산출하지 않음,0.43446579853122935,0.9653579676674365,usable_area_profile,True,balanced,True,0.6158602771362587,34.0,0.9057929176289453,0.06490845147074367,0.9176778784398993,0.9145496535796767,True,True,0.7630254041570438,17.0
3120056,구의역,11215,311680026.0,30426.0,10243.871228554526,0.5764434180138568,0.8650793650793651,0.5238095238095238,0.6309523809523809,0.7698412698412699,0.9087301587301587,0.7023809523809523,0.1388888888888889,0.0992063492063492,0.6031746031746031,BRD_20161137,명랑시대쌀핫도그,0.6293302540415704,False,1373.8722648482633,109.93179701028201,24,62,0.4867205542725173,True,0.6134642032332562,0.6028868360277135,0.5923094688221708,125.0,110.0,133.0,122.66666666666667,False,direct_size_estimation_deferred,매장 면적·좌석·점포별 매출이 없어 규모별 적합도와 argmax 규모는 산출하지 않음,0.22100181452207732,0.9976905311778291,usable_area_profile,True,balanced,True,0.6275923787528869,27.0,0.9880677444187836,0.010739200973532492,0.8960430839092699,0.9006928406466512,True,True,0.7595092378752887,18.0
3110572,서강대역 1번,11440,530773968.0,57943.0,9160.277652175413,0.716281755196305,0.9404761904761905,0.4246031746031746,0.5833333333333334,0.9642857142857143,0.9880952380952381,0.9841269841269841,0.1111111111111111,0.011904761904761904,0.051587301587301584,BRD_20161137,명랑시대쌀핫도그,0.06351039260969978,False,2133.108764245006,76.57675885081211,17,80,0.47113163972286376,True,0.2593418013856813,0.3898960739030024,0.5204503464203234,317.0,258.0,171.0,248.66666666666666,False,direct_size_estimation_deferred,매장 면적·좌석·점포별 매출이 없어 규모별 적합도와 argmax 규모는 산출하지 않음,0.8000650936103938,0.697459584295612,usable_area_profile,True,balanced,True,0.5287586605080832,82.0,0.5908391070053888,0.08012303223115579,1.330709464197785,0.9930715935334873,True,True,0.7506812933025404,19.0
3110608,신월2동주민센터,11470,144667015.0,16115.0,8977.165063605336,0.355080831408776,0.8055555555555556,0.2222222222222222,0.5158730158730159,0.5873015873015873,0.5079365079365079,0.2896825396825397,0.4801587301587302,0.30952380952380953,0.7738095238095238,BRD_20161137,명랑시대쌀핫도그,0.9803695150115473,False,631.9256285454134,172.24691583080065,6,47,0.0531177829099307,True,0.792782909930716,0.6677251732101617,0.5426674364896074,41.0,89.0,162.0,97.33333333333333,False,direct_size_estimation_deferred,매장 면적·좌석·점포별 매출이 없어 규모별 적합도와 argmax 규모는 산출하지 않음,0.5733597436240175,0.8868360277136259,usable_area_profile,True,balanced,True,0.559728637413395,61.0,0.8125481139337952,0.06387735649871677,1.1629772716302536,0.9630484988452656,True,True,0.7498267898383373,20.0
3110517,서대문소방서,11410,546942398.0,45380.0,12052.498854120759,0.7445727482678984,0.9444444444444444,0.5357142857142857,0.5357142857142857,0.9047619047619048,0.9325396825396826,0.44047619047619047,0.12301587301587301,0.1111111111111111,0.6746031746031746,BRD_20150085,못난이꽈배기,0.279445727482679,False,4525.921895007682,103.00485425230637,3,36,0.14376443418013857,True,0.41898383371824477,0.5120092378752887,0.6050346420323326,250.0,192.0,148.0,196.66666666666666,False,direct_size_estimation_deferred,매장 면적·좌석·점포별 매출이 없어 규모별 적합도와 argmax 규모는 산출하지 않음,0.6409573840833298,0.8152424942263279,usable_area_profile,True,balanced,True,0.6466570438799076,22.0,0.6758083140877598,0.07936738086999894,1.7568197237975707,0.9745958429561201,True,True,0.8362182448036951,1.0
3111044,남천초등학교,11710,694053735.0,54045.0,12842.145156813765,0.7971131639722864,0.8531746031746031,0.13095238095238096,0.6746031746031746,0.9325396825396826,0.8928571428571429,0.7063492063492064,0.4087301587301587,0.03968253968253968,0.5436507936507936,BRD_20150085,못난이꽈배기,0.3325635103926097,False,6100.01254098171,165.07574017001778,11,20,0.1374133949191686,True,0.4719284064665127,0.564838337182448,0.6577482678983834,222.0,159.0,111.0,164.0,False,direct_size_estimation_deferred,매장 면적·좌석·점포별 매출이 없어 규모별 적합도와 argmax 규모는 산출하지 않음,0.822791991855434,0.6558891454965359,usable_area_profile,True,balanced,True,0.5863221709006928,55.0,0.5185719784449576,0.07843322976869689,1.7507524228765377,0.9722863741339491,True,True,0.804203233256351,2.0
3120038,약수역,11140,1550178516.0,134777.0,11501.803096967584,0.9235565819861433,0.873015873015873,0.5793650793650794,0.6428571428571429,0.34523809523809523,0.8571428571428571,0.8214285714285714,0.0873015873015873,0.023809523809523808,0.8293650793650794,BRD_20150085,못난이꽈배기,0.14780600461893764,False,1503.820800506147,62.64183906448842,18,44,0.5519630484988453,True,0.38053117782909934,0.5356812933025404,0.6908314087759816,278.0,175.0,92.0,181.66666666666666,False,direct_size_estimation_deferred,매장 면적·좌석·점포별 매출이 없어 규모별 적합도와 argmax 규모는 산출하지 않음,0.3871620414948372,0.9815242494226328,usable_area_profile,True,balanced,True,0.7312124711316398,3.0,0.9359122401847575,0.04410525527649033,1.0341626854201242,0.7621247113163973,True,True,0.7935796766743649,3.0
3120246,길동역,11740,916043297.0,88020.0,10407.217643717337,0.8409930715935335,0.8452380952380952,0.06746031746031746,0.7063492063492064,0.38492063492063494,0.6626984126984127,0.7182539682539683,0.5833333333333334,0.06746031746031746,0.6507936507936508,BRD_20150085,못난이꽈배기,0.7482678983833718,False,1892.7213212797053,87.92041856413586,26,72,0.5750577367205543,True,0.7760854503464203,0.7946304849884527,0.8131755196304851,52.0,36.0,34.0,40.666666666666664,False,direct_size_estimation_deferred,매장 면적·좌석·점포별 매출이 없어 규모별 적합도와 argmax 규모는 산출하지 않음,0.3730917297765073,0.9884526558891455,usable_area_profile,True,balanced,True,0.7023152424942264,5.0,0.9336989992301771,0.045263740311288866,1.2096582448205855,0.812933025404157,True,True,0.7877482678983834,4.0
3120110,목동역 8번출구,11470,844175004.0,86430.0,9767.152655328011,0.8209006928406467,0.8055555555555556,0.2222222222222222,0.5158730158730159,0.5873015873015873,0.5079365079365079,0.2896825396825397,0.4801587301587302,0.30952380952380953,0.7738095238095238,BRD_20150085,못난이꽈배기,0.9803695150115473,False,1513.174477717333,27.58622845698607,22,62,0.7655889145496535,True,0.9325288683602772,0.900635103926097,0.8687413394919169,2.0,8.0,14.0,8.0,True,direct_size_estimation_deferred,매장 면적·좌석·점포별 매출이 없어 규모별 적합도와 argmax 규모는 산출하지 않음,0.48151606044007134,0.9376443418013857,usable_area_profile,True,balanced,True,0.6412990762124713,24.0,0.8049461123941494,0.08633449490195591,1.5370244484308673,0.9330254041570438,True,True,0.7859353348729792,5.0
3110601,신월1동우편취급국,11470,441016625.0,40173.0,10977.93605157693,0.6785219399538106,0.8055555555555556,0.2222222222222222,0.5158730158730159,0.5873015873015873,0.5079365079365079,0.2896825396825397,0.4801587301587302,0.30952380952380953,0.7738095238095238,BRD_20150085,못난이꽈배기,0.9803695150115473,False,2903.0759548884653,258.54980178856624,8,40,0.048498845265588904,True,0.8898152424942263,0.829445727482679,0.7690762124711316,13.0,26.0,47.0,28.666666666666668,False,direct_size_estimation_deferred,매장 면적·좌석·점포별 매출이 없어 규모별 적합도와 argmax 규모는 산출하지 않음,0.5603366587453068,0.8914549653579676,usable_area_profile,True,balanced,True,0.6759353348729791,14.0,0.7864703618167822,0.08887308212787294,1.1812868534268994,0.8013856812933026,True,True,0.7842725173210161,6.0
3120152,신대방삼거리역,11590,953145793.0,102228.0,9323.72532965528,0.8353348729792147,0.8611111111111112,0.5158730158730159,0.42857142857142855,0.753968253968254,0.9563492063492064,0.6626984126984127,0.11507936507936507,0.09523809523809523,0.5674603174603174,BRD_20150085,못난이꽈배기,0.7863741339491916,False,2314.6094703200083,79.30952023733208,18,47,0.47921478060046185,True,0.8010623556581985,0.8108545034642032,0.8206466512702077,43.0,32.0,31.0,35.333333333333336,False,direct_size_estimation_deferred,매장 면적·좌석·점포별 매출이 없어 규모별 적합도와 argmax 규모는 산출하지 않음,0.4756097975641424,0.9422632794457275,usable_area_profile,True,balanced,True,0.6916166281755196,9.0,0.8480561970746728,0.08187605247578715,1.1506060627301755,0.792147806004619,True,True,0.7782563510392609,7.0
3120124,개봉동 현대아파트,11530,436251391.0,40258.0,10836.390059118685,0.6745958429561202,0.8412698412698413,0.8373015873015873,0.5753968253968254,0.5238095238095238,0.7579365079365079,0.7380952380952381,0.18253968253968253,0.12698412698412698,0.7658730158730159,BRD_20150085,못난이꽈배기,0.48729792147806006,False,4105.606897869199,107.00467282129758,11,24,0.2263279445727483,True,0.543487297921478,0.5809468822170901,0.618406466512702,182.0,154.0,133.0,156.33333333333334,False,direct_size_estimation_deferred,매장 면적·좌석·점포별 매출이 없어 규모별 적합도와 argmax 규모는 산출하지 않음,0.5014777276043568,0.9330254041570438,usable_area_profile,True,balanced,True,0.6686720554272517,19.0,0.8252501924557353,0.08720225659149386,1.2359222790092508,0.8221709006928406,True,True,0.7772055427251733,8.0
3120241,거여역,11710,442861720.0,38192.0,11595.66715542522,0.6863741339491918,0.8531746031746031,0.13095238095238096,0.6746031746031746,0.9325396825396826,0.8928571428571429,0.7063492063492064,0.4087301587301587,0.03968253968253968,0.5436507936507936,BRD_20150085,못난이꽈배기,0.3325635103926097,False,6714.107088822201,74.88658089693484,10,25,0.3181293302540416,True,0.4387066974595843,0.5094688221709007,0.5802309468822171,236.0,196.0,164.0,198.66666666666666,False,direct_size_estimation_deferred,매장 면적·좌석·점포별 매출이 없어 규모별 적합도와 argmax 규모는 산출하지 않음,0.5640663118035446,0.8845265588914549,usable_area_profile,True,balanced,True,0.6347748267898383,26.0,0.7350846805234795,0.1071516472680839,1.39467644388224,0.8822170900692841,True,True,0.7764376443418014,9.0
3110640,방화역 1번,11500,671414576.0,62982.0,10660.420056524086,0.7871824480369516,0.8373015873015873,0.23809523809523808,0.623015873015873,0.32142857142857145,0.8333333333333334,0.9246031746031746,0.46825396825396826,0.05555555555555555,0.42063492063492064,BRD_20150085,못난이꽈배기,0.6685912240184757,False,6159.169180995635,241.56986569432095,5,25,0.02482678983833718,True,0.7041685912240184,0.7278868360277136,0.7516050808314088,97.0,64.0,58.0,73.0,False,direct_size_estimation_deferred,매장 면적·좌석·점포별 매출이 없어 규모별 적합도와 argmax 규모는 산출하지 않음,0.5964101062762169,0.8545034642032332,usable_area_profile,True,balanced,True,0.6990415704387991,6.0,0.8122594303310239,0.05032439479240749,0.8394345137476494,0.7113163972286374,True,True,0.7733083140877599,10.0
3110247,먹골역 1번,11260,351716047.0,32316.0,10883.650420844164,0.6137413394919169,0.8492063492063492,0.40476190476190477,0.5,0.39285714285714285,0.623015873015873,0.5714285714285714,0.16666666666666666,0.32936507936507936,0.8134920634920635,BRD_20150085,못난이꽈배기,0.9445727482678984,False,2946.4147705133346,140.63072208521604,15,30,0.2557736720554273,True,0.8453233256351038,0.7791570438799076,0.7129907621247114,27.0,44.0,76.0,49.0,False,direct_size_estimation_deferred,매장 면적·좌석·점포별 매출이 없어 규모별 적합도와 argmax 규모는 산출하지 않음,0.6008571415641363,0.8498845265588915,usable_area_profile,True,balanced,True,0.6013856812933025,49.0,0.6901462663587375,0.10750639472715688,1.485848917225413,0.9168591224018475,True,True,0.7674653579676673,11.0
3110883,은천초등학교(은천교앞),11620,384324031.0,36658.0,10484.042528233946,0.6409930715935335,0.6944444444444444,0.5833333333333334,0.49603174603174605,0.8611111111111112,0.9801587301587301,0.8690476190476191,0.027777777777777776,0.051587301587301584,0.3412698412698413,BRD_20150085,못난이꽈배기,0.523094688221709,False,3271.4599187805106,165.06059494972328,13,69,0.17782909930715937,True,0.5584642032332563,0.5820438799076213,0.6056235565819861,172.0,153.0,147.0,157.33333333333334,False,direct_size_estimation_deferred,매장 면적·좌석·점포별 매출이 없어 규모별 적합도와 argmax 규모는 산출하지 않음,0.32903082650102916,0.9976905311778291,usable_area_profile,True,balanced,True,0.6965184757505773,7.0,0.9701693610469592,0.026750654894371177,1.0288036027357566,0.7551963048498845,True,True,0.7670092378752886,12.0
3120247,굽은다리역,11740,575355283.0,63920.0,9001.177769086358,0.7361431870669747,0.8452380952380952,0.06746031746031746,0.7063492063492064,0.38492063492063494,0.6626984126984127,0.7182539682539683,0.5833333333333334,0.06746031746031746,0.6507936507936508,BRD_20150085,못난이꽈배기,0.7482678983833718,False,1366.370740309196,35.73513674416377,11,48,0.5069284064665127,True,0.7446304849884526,0.7422055427251733,0.7397806004618939,70.0,57.0,65.0,64.0,False,direct_size_estimation_deferred,매장 면적·좌석·점포별 매출이 없어 규모별 적합도와 argmax 규모는 산출하지 않음,0.6190204563942524,0.8267898383371824,usable_area_profile,True,balanced,True,0.5950057736720554,53.0,0.6767705927636644,0.0970155697345485,1.546341952987514,0.9353348729792148,True,True,0.7669745958429561,13.0
3120079,창동역,11320,765698620.0,76216.0,10046.428833840664,0.8071593533487298,0.7182539682539683,0.11904761904761904,0.6071428571428571,0.25793650793650796,0.3611111111111111,0.24603174603174602,0.19047619047619047,0.4246031746031746,0.9126984126984127,BRD_20150085,못난이꽈배기,0.1951501154734411,False,2357.8244209390855,91.21403398036323,16,24,0.38394919168591224,True,0.3787528868360277,0.5011547344110855,0.6235565819861432,279.0,201.0,129.0,203.0,False,direct_size_estimation_deferred,매장 면적·좌석·점포별 매출이 없어 규모별 적합도와 argmax 규모는 산출하지 않음,0.5362268884726961,0.9030023094688222,usable_area_profile,True,balanced,True,0.6764145496535797,12.0,0.8044649730561971,0.0901443469973297,1.0931061091999923,0.7759815242494227,True,True,0.7658487297921479,14.0
3110431,상계역,11350,794085684.0,88729.0,8949.561969592805,0.7986143187066975,0.8928571428571429,0.08333333333333333,0.7222222222222222,0.9444444444444444,0.7777777777777778,0.30158730158730157,0.38095238095238093,0.4444444444444444,0.6071428571428571,BRD_20150085,못난이꽈배기,0.3810623556581986,False,4740.248938610018,65.76473218893736,19,46,0.5519630484988453,True,0.5063279445727483,0.589838337182448,0.6733487297921478,203.0,148.0,104.0,151.66666666666666,False,direct_size_estimation_deferred,매장 면적·좌석·점포별 매출이 없어 규모별 적합도와 argmax 규모는 산출하지 않음,0.6081423344980486,0.8406466512702079,usable_area_profile,True,balanced,True,0.6170438799076212,40.0,0.6998652809853733,0.10070766908677077,1.397921047736056,0.8868360277136259,True,True,0.7637182448036952,15.0
3120166,방배역,11650,1455145059.0,122673.0,11861.983150326478,0.9176674364896074,0.7619047619047619,0.2857142857142857,0.7023809523809523,0.6785714285714286,0.8293650793650794,0.7777777777777778,0.42857142857142855,0.08333333333333333,0.5198412698412699,BRD_20150085,못난이꽈배기,0.9064665127020786,False,8603.508586644733,99.2975326976693,12,28,0.2673210161662818,True,0.9098267898383372,0.912066974595843,0.9143071593533487,6.0,6.0,6.0,6.0,False,direct_size_estimation_deferred,매장 면적·좌석·점포별 매출이 없어 규모별 적합도와 argmax 규모는 산출하지 않음,0.5337359330113832,0.9053117782909931,usable_area_profile,True,balanced,True,0.7337413394919168,1.0,0.8795227097767513,0.05651551828195008,0.45631835818231,0.6397228637413395,True,True,0.7626847575057737,16.0
3120087,응암역,11380,825315709.0,94500.0,8733.499566137567,0.807852193995381,0.8968253968253969,0.15873015873015872,0.5674603174603174,0.5277777777777778,0.6785714285714286,0.47619047619047616,0.17857142857142858,0.19047619047619047,0.8373015873015873,BRD_20150085,못난이꽈배기,0.4168591224018476,False,6926.824958055376,68.06614429575176,29,59,0.6899538106235565,True,0.5341570438799076,0.6123556581986143,0.6905542725173208,187.0,139.0,93.0,139.66666666666666,False,direct_size_estimation_deferred,매장 면적·좌석·점포별 매출이 없어 규모별 적합도와 argmax 규모는 산출하지 않음,0.5687879976976649,0.8752886836027713,usable_area_profile,True,balanced,True,0.6168995381062355,41.0,0.7459584295612008,0.09115058670599425,1.4188636487741386,0.8891454965357968,True,True,0.7571073903002309,17.0
3120165,서래마을카페거리(서래마을),11650,2971488955.0,159582.0,18620.45189933702,0.9718244803695151,0.7619047619047619,0.2857142857142857,0.7023809523809523,0.6785714285714286,0.8293650793650794,0.7777777777777778,0.42857142857142855,0.08333333333333333,0.5198412698412699,BRD_20150085,못난이꽈배기,0.9064665127020786,False,7102.502727931249,18.110770263065373,12,56,0.5814087759815242,True,0.9260739030023095,0.9391454965357968,0.9522170900692841,3.0,1.0,1.0,1.6666666666666667,True,direct_size_estimation_deferred,매장 면적·좌석·점포별 매출이 없어 규모별 적합도와 argmax 규모는 산출하지 않음,0.6106380953575945,0.8337182448036952,usable_area_profile,True,balanced,True,0.6697863741339491,17.0,0.7512509622786759,0.08110629650978349,1.0167802756851507,0.7505773672055427,True,True,0.7546824480369516,18.0
3130072,성동용답상가시장,11200,441220675.0,42751.0,10320.710041870365,0.6748267898383372,0.9206349206349206,0.38492063492063494,0.5555555555555556,0.9920634920634921,0.9841269841269841,0.9563492063492064,0.10317460317460317,0.015873015873015872,0.07936507936507936,BRD_20150085,못난이꽈배기,0.08083140877598152,False,2892.74195186878,135.0925608781212,10,28,0.14953810623556585,True,0.2590300230946882,0.37782909930715936,0.49662817551963045,351.0,295.0,210.0,285.3333333333333,False,direct_size_estimation_deferred,매장 면적·좌석·점포별 매출이 없어 규모별 적합도와 argmax 규모는 산출하지 않음,0.3306959500379603,0.9953810623556582,usable_area_profile,True,balanced,True,0.7114491916859123,4.0,0.9837374903772133,0.015581629901107024,0.747262773685676,0.6882217090069284,True,True,0.7539203233256351,19.0
3120133,서울시흥동우체국(홈플러스시흥점),11545,637795918.0,60754.0,10498.00701188399,0.7765588914549653,0.753968253968254,0.7420634920634921,0.3531746031746032,0.24206349206349206,0.8690476190476191,0.873015873015873,0.04365079365079365,0.13095238095238096,0.6785714285714286,BRD_20150085,못난이꽈배기,0.10739030023094688,False,4784.076190883346,60.20797286767192,15,45,0.48325635103926096,True,0.30814087759815234,0.44197459584295606,0.5758083140877597,324.0,248.0,166.0,246.0,False,direct_size_estimation_deferred,매장 면적·좌석·점포별 매출이 없어 규모별 적합도와 argmax 규모는 산출하지 않음,0.4386109059252868,0.9676674364896074,usable_area_profile,True,balanced,True,0.6831408775981525,10.0,0.9093533487297921,0.05669816000773116,1.0285005325016505,0.7528868360277137,True,True,0.7519341801385682,20.0
3120166,방배역,11650,1455145059.0,122673.0,11861.983150326478,0.9176674364896074,0.7619047619047619,0.2857142857142857,0.7023809523809523,0.6785714285714286,0.8293650793650794,0.7777777777777778,0.42857142857142855,0.08333333333333333,0.5198412698412699,BRD_20240814,보리원,0.9780600461893765,False,3921.2468680019656,99.2975326976693,12,28,0.2678983833718245,True,0.9599422632794457,0.9478637413394919,0.935785219399538,3.0,3.0,3.0,3.0,False,direct_size_estimation_deferred,매장 면적·좌석·점포별 매출이 없어 규모별 적합도와 argmax 규모는 산출하지 않음,0.44065613767788553,0.953810623556582,usable_area_profile,True,balanced,True,0.7579041570438798,1.0,0.8795227097767513,0.05651551828195008,1.314469300435607,0.9053117782909931,True,True,0.8833833718244803,1.0
3110274,서일대학교,11260,492656087.0,41512.0,11867.79935922143,0.7133949191685912,0.8492063492063492,0.40476190476190477,0.5,0.39285714285714285,0.623015873015873,0.5714285714285714,0.16666666666666666,0.32936507936507936,0.8134920634920635,BRD_20240814,보리원,0.8983833718244804,False,8822.190940988534,101.51354588565466,6,29,0.16801385681293304,True,0.8428868360277135,0.8058891454965358,0.7688914549653578,31.0,34.0,47.0,37.333333333333336,False,direct_size_estimation_deferred,매장 면적·좌석·점포별 매출이 없어 규모별 적합도와 argmax 규모는 산출하지 않음,0.4602210061268786,0.9399538106235565,usable_area_profile,True,balanced,True,0.6944630484988452,8.0,0.829003079291763,0.07882695102483951,1.4075228064679475,0.9376443418013857,True,True,0.8458602771362587,2.0
3120133,서울시흥동우체국(홈플러스시흥점),11545,637795918.0,60754.0,10498.00701188399,0.7765588914549653,0.753968253968254,0.7420634920634921,0.3531746031746032,0.24206349206349206,0.8690476190476191,0.873015873015873,0.04365079365079365,0.13095238095238096,0.6785714285714286,BRD_20240814,보리원,0.10739030023094688,False,8542.295944309744,60.20797286767192,15,45,0.4821016166281755,True,0.30814087759815234,0.44197459584295606,0.5758083140877597,333.0,258.0,160.0,250.33333333333334,False,direct_size_estimation_deferred,매장 면적·좌석·점포별 매출이 없어 규모별 적합도와 argmax 규모는 산출하지 않음,0.32351075287717646,0.9907621247113164,usable_area_profile,True,balanced,True,0.6948614318706696,7.0,0.9093533487297921,0.05669816000773116,1.4358274760666605,0.9468822170900693,True,True,0.8366339491916859,3.0
3110593,신월3동주민센터,11470,317937956.0,28102.0,11313.712760657605,0.5892609699769054,0.8055555555555556,0.2222222222222222,0.5158730158730159,0.5873015873015873,0.5079365079365079,0.2896825396825397,0.4801587301587302,0.30952380952380953,0.7738095238095238,BRD_20240814,보리원,0.9341801385681293,False,3868.4456827215663,184.0679222675113,3,22,0.027136258660508106,True,0.8307043879907621,0.7617205542725174,0.6927367205542725,34.0,53.0,91.0,59.333333333333336,False,direct_size_estimation_deferred,매장 면적·좌석·점포별 매출이 없어 규모별 적합도와 argmax 규모는 산출하지 않음,0.6005668297340269,0.836027713625866,usable_area_profile,True,balanced,True,0.6201847575057737,35.0,0.7399923017705928,0.062193362693480636,1.5441424566248776,0.9792147806004619,True,True,0.8152020785219399,4.0
3110640,방화역 1번,11500,671414576.0,62982.0,10660.420056524086,0.7871824480369516,0.8373015873015873,0.23809523809523808,0.623015873015873,0.32142857142857145,0.8333333333333334,0.9246031746031746,0.46825396825396826,0.05555555555555555,0.42063492063492064,BRD_20240814,보리원,0.7124711316397229,False,7534.033846487662,241.56986569432095,5,25,0.02482678983833718,True,0.7348845265588915,0.7498267898383373,0.764769053117783,75.0,61.0,51.0,62.333333333333336,False,direct_size_estimation_deferred,매장 면적·좌석·점포별 매출이 없어 규모별 적합도와 argmax 규모는 산출하지 않음,0.5774194410920032,0.8637413394919169,usable_area_profile,True,balanced,True,0.703660508083141,5.0,0.8122594303310239,0.05032439479240749,1.0230010588952012,0.7990762124711316,True,True,0.8111836027713626,5.0
3120124,개봉동 현대아파트,11530,436251391.0,40258.0,10836.390059118685,0.6745958429561202,0.8412698412698413,0.8373015873015873,0.5753968253968254,0.5238095238095238,0.7579365079365079,0.7380952380952381,0.18253968253968253,0.12698412698412698,0.7658730158730159,BRD_20240814,보리원,0.45265588914549654,False,4191.583113839765,107.00467282129758,11,24,0.22690531177829099,True,0.5192378752886836,0.5636258660508083,0.6080138568129331,201.0,157.0,143.0,167.0,False,direct_size_estimation_deferred,매장 면적·좌석·점포별 매출이 없어 규모별 적합도와 argmax 규모는 산출하지 않음,0.4691981248232041,0.9376443418013857,usable_area_profile,True,balanced,True,0.6708949191685912,15.0,0.8252501924557353,0.08720225659149386,1.2888903766810764,0.8983833718244804,True,True,0.8089896073903002,6.0
3120047,한남오거리,11170,369976875.0,17557.0,21072.89827419263,0.5722863741339492,0.8849206349206349,0.6428571428571429,0.5873015873015873,0.5912698412698413,0.9365079365079365,0.9484126984126984,0.2857142857142857,0.04365079365079365,0.32936507936507936,BRD_20240814,보리원,0.4168591224018476,False,1911.7073521218492,74.1484996152458,11,35,0.34584295612009236,True,0.463487297921478,0.49457274826789843,0.5256581986143187,236.0,219.0,199.0,218.0,False,direct_size_estimation_deferred,매장 면적·좌석·점포별 매출이 없어 규모별 적합도와 argmax 규모는 산출하지 않음,0.41930870444208546,0.9630484988452656,usable_area_profile,True,balanced,True,0.6299480369515011,30.0,0.8883756735950731,0.04941853482670609,1.51102871649361,0.9722863741339491,True,True,0.7976385681293303,7.0
3120112,등촌역,11470,402129603.0,41146.0,9773.236839546978,0.6467667436489607,0.8055555555555556,0.2222222222222222,0.5158730158730159,0.5873015873015873,0.5079365079365079,0.2896825396825397,0.4801587301587302,0.30952380952380953,0.7738095238095238,BRD_20240814,보리원,0.9341801385681293,False,2890.6694726146816,105.11898021717178,22,49,0.46362586605080836,True,0.8479561200923786,0.790473441108545,0.7329907621247111,25.0,42.0,71.0,46.0,False,direct_size_estimation_deferred,매장 면적·좌석·점포별 매출이 없어 규모별 적합도와 argmax 규모는 산출하지 않음,0.4122042045742292,0.9676674364896074,usable_area_profile,True,balanced,True,0.6406581986143187,25.0,0.9080061585835257,0.04246270865358644,1.405027606524169,0.9353348729792148,True,True,0.7889203233256352,8.0
3111021,방이역 4번,11710,394829518.0,38606.0,10227.154276537325,0.6466512702078522,0.8531746031746031,0.13095238095238096,0.6746031746031746,0.9325396825396826,0.8928571428571429,0.7063492063492064,0.4087301587301587,0.03968253968253968,0.5436507936507936,BRD_20240814,보리원,0.535796766743649,False,2343.1269704948973,115.2085066609535,15,51,0.2984988452655889,True,0.5690531177829099,0.5912240184757506,0.6133949191685911,170.0,139.0,137.0,148.66666666666666,False,direct_size_estimation_deferred,매장 면적·좌석·점포별 매출이 없어 규모별 적합도와 argmax 규모는 산출하지 않음,0.312242560341089,0.9930715935334873,usable_area_profile,True,balanced,True,0.6780889145496535,12.0,0.9355273287143957,0.04949472960279674,1.1626341891529397,0.8498845265588915,True,True,0.78709584295612,9.0
3120152,신대방삼거리역,11590,953145793.0,102228.0,9323.72532965528,0.8353348729792147,0.8611111111111112,0.5158730158730159,0.42857142857142855,0.753968253968254,0.9563492063492064,0.6626984126984127,0.11507936507936507,0.09523809523809523,0.5674603174603174,BRD_20240814,보리원,0.48614318706697457,False,5869.291098577021,79.30952023733208,18,47,0.4774826789838337,True,0.5909006928406466,0.6607390300230946,0.7305773672055426,154.0,101.0,72.0,109.0,False,direct_size_estimation_deferred,매장 면적·좌석·점포별 매출이 없어 규모별 적합도와 argmax 규모는 산출하지 않음,0.48328195122572165,0.9330254041570438,usable_area_profile,True,balanced,True,0.687257505773672,9.0,0.8480561970746728,0.08187605247578715,1.037778501931301,0.8083140877598153,True,True,0.7822113163972286,10.0
3110601,신월1동우편취급국,11470,441016625.0,40173.0,10977.93605157693,0.6785219399538106,0.8055555555555556,0.2222222222222222,0.5158730158730159,0.5873015873015873,0.5079365079365079,0.2896825396825397,0.4801587301587302,0.30952380952380953,0.7738095238095238,BRD_20240814,보리원,0.9341801385681293,False,2911.418898088187,258.54980178856624,8,40,0.048498845265588904,True,0.8574826789838337,0.80635103926097,0.7552193995381061,24.0,33.0,59.0,38.666666666666664,False,direct_size_estimation_deferred,매장 면적·좌석·점포별 매출이 없어 규모별 적합도와 argmax 규모는 산출하지 않음,0.5462076953751279,0.8775981524249423,usable_area_profile,True,balanced,True,0.6690069284064665,16.0,0.7864703618167822,0.08887308212787294,1.025369981847181,0.8013856812933026,True,True,0.7801154734411084,11.0
3130072,성동용답상가시장,11200,441220675.0,42751.0,10320.710041870365,0.6748267898383372,0.9206349206349206,0.38492063492063494,0.5555555555555556,0.9920634920634921,0.9841269841269841,0.9563492063492064,0.10317460317460317,0.015873015873015872,0.07936507936507936,BRD_20240814,보리원,0.08083140877598152,False,4078.776899966216,135.0925608781212,10,28,0.1489607390300231,True,0.2590300230946882,0.37782909930715936,0.49662817551963045,360.0,304.0,218.0,294.0,False,direct_size_estimation_deferred,매장 면적·좌석·점포별 매출이 없어 규모별 적합도와 argmax 규모는 산출하지 않음,0.2991908625752601,0.9976905311778291,usable_area_profile,True,balanced,True,0.7126905311778291,4.0,0.9837374903772133,0.015581629901107024,0.8954801833423448,0.7413394919168591,True,True,0.7759468822170901,12.0
3110319,종암동주민센터,11290,624128519.0,64438.0,9685.7214531798,0.7633949191685913,0.8690476190476191,0.3888888888888889,0.5912698412698413,0.8333333333333334,0.8055555555555556,0.3333333333333333,0.2222222222222222,0.31746031746031744,0.7420634920634921,BRD_20240814,보리원,0.7967667436489607,False,7426.872423818907,100.23971265231329,17,38,0.384526558891455,True,0.7867551963048498,0.7800808314087759,0.7734064665127021,53.0,47.0,46.0,48.666666666666664,False,direct_size_estimation_deferred,매장 면적·좌석·점포별 매출이 없어 규모별 적합도와 argmax 규모는 산출하지 않음,0.7769476398663746,0.6859122401847575,usable_area_profile,True,balanced,True,0.5524653579676674,78.0,0.5624518860662048,0.07241952689520573,1.704793712574308,0.9884526558891455,True,True,0.7724942263279445,13.0
3120038,약수역,11140,1550178516.0,134777.0,11501.803096967584,0.9235565819861433,0.873015873015873,0.5793650793650794,0.6428571428571429,0.34523809523809523,0.8571428571428571,0.8214285714285714,0.0873015873015873,0.023809523809523808,0.8293650793650794,BRD_20240814,보리원,0.23094688221709006,False,2948.25456839347,62.64183906448842,18,44,0.5502309468822171,True,0.43872979214780605,0.5772517321016167,0.7157736720554273,249.0,146.0,79.0,158.0,False,direct_size_estimation_deferred,매장 면적·좌석·점포별 매출이 없어 규모별 적합도와 argmax 규모는 산출하지 않음,0.3995158892122518,0.9722863741339491,usable_area_profile,True,balanced,True,0.7268533487297921,3.0,0.9359122401847575,0.04410525527649033,0.8247120149552871,0.7136258660508084,True,True,0.7716685912240187,14.0
3130206,신정3동 골목시장,11470,448082789.0,43288.0,10351.201002587322,0.6855658198614318,0.8055555555555556,0.2222222222222222,0.5158730158730159,0.5873015873015873,0.5079365079365079,0.2896825396825397,0.4801587301587302,0.30952380952380953,0.7738095238095238,BRD_20240814,보리원,0.9341801385681293,False,1597.9543172778422,17.117242790546893,17,45,0.707852193995381,True,0.85959584295612,0.8098729792147805,0.760150115473441,23.0,32.0,52.0,35.666666666666664,False,direct_size_estimation_deferred,매장 면적·좌석·점포별 매출이 없어 규모별 적합도와 argmax 규모는 산출하지 않음,0.5182147113281594,0.9076212471131639,usable_area_profile,True,balanced,True,0.5875808314087759,51.0,0.793206312548114,0.06461123787958767,1.770820964276812,0.9976905311778291,True,True,0.7708545034642033,15.0
3110883,은천초등학교(은천교앞),11620,384324031.0,36658.0,10484.042528233946,0.6409930715935335,0.6944444444444444,0.5833333333333334,0.49603174603174605,0.8611111111111112,0.9801587301587301,0.8690476190476191,0.027777777777777776,0.051587301587301584,0.3412698412698413,BRD_20240814,보리원,0.27829099307159355,False,7319.942964247961,165.06059494972328,13,69,0.17782909930715937,True,0.38710161662817555,0.4596420323325635,0.5321824480369515,284.0,242.0,192.0,239.33333333333334,False,direct_size_estimation_deferred,매장 면적·좌석·점포별 매출이 없어 규모별 적합도와 argmax 규모는 산출하지 않음,0.29937663835157374,0.9953810623556582,usable_area_profile,True,balanced,True,0.6953637413394919,6.0,0.9701693610469592,0.026750654894371177,0.9424704332754106,0.7621247113163973,True,True,0.7690877598152425,16.0
3120139,대림3동사거리,11560,275372027.0,24903.0,11057.785286913224,0.5479214780600462,0.8571428571428571,0.7698412698412699,0.5277777777777778,0.23809523809523808,0.9007936507936508,0.9761904761904762,0.3373015873015873,0.047619047619047616,0.25,BRD_20240814,보리원,0.15011547344110854,False,3742.354873602279,43.9089968249315,5,37,0.3874133949191686,True,0.2694572748267898,0.3490184757505774,0.42857967667436486,355.0,325.0,262.0,314.0,False,direct_size_estimation_deferred,매장 면적·좌석·점포별 매출이 없어 규모별 적합도와 argmax 규모는 산출하지 않음,0.4835550394551432,0.930715935334873,usable_area_profile,True,balanced,True,0.5990184757505773,42.0,0.84959584295612,0.05619721795416074,1.4434894703314574,0.9584295612009238,True,True,0.76885103926097,17.0
3120165,서래마을카페거리(서래마을),11650,2971488955.0,159582.0,18620.45189933702,0.9718244803695151,0.7619047619047619,0.2857142857142857,0.7023809523809523,0.6785714285714286,0.8293650793650794,0.7777777777777778,0.42857142857142855,0.08333333333333333,0.5198412698412699,BRD_20240814,보리원,0.9780600461893765,False,4710.957970558344,18.110770263065373,12,56,0.581986143187067,True,0.976189376443418,0.9749422632794458,0.9736951501154734,1.0,1.0,1.0,1.0,True,direct_size_estimation_deferred,매장 면적·좌석·점포별 매출이 없어 규모별 적합도와 argmax 규모는 산출하지 않음,0.602014943181225,0.8314087759815243,usable_area_profile,True,balanced,True,0.6685450346420323,17.0,0.7512509622786759,0.08110629650978349,0.9883056822003861,0.7875288683602771,True,True,0.7686836027713626,18.0
3120247,굽은다리역,11740,575355283.0,63920.0,9001.177769086358,0.7361431870669747,0.8452380952380952,0.06746031746031746,0.7063492063492064,0.38492063492063494,0.6626984126984127,0.7182539682539683,0.5833333333333334,0.06746031746031746,0.6507936507936508,BRD_20240814,보리원,0.7551963048498845,False,6418.765146008984,35.73513674416377,11,48,0.5075057736720554,True,0.7494803695150115,0.7456697459584296,0.7418591224018476,70.0,62.0,65.0,65.66666666666667,False,direct_size_estimation_deferred,매장 면적·좌석·점포별 매출이 없어 규모별 적합도와 argmax 규모는 산출하지 않음,0.611650958844123,0.8152424942263279,usable_area_profile,True,balanced,True,0.5891454965357968,49.0,0.6767705927636644,0.0970155697345485,1.4273162734759666,0.9445727482678984,True,True,0.7671189376443418,19.0
3120188,압구정역,11680,1784647410.0,134975.0,13222.058973884052,0.9404157043879908,0.7817460317460317,0.18253968253968253,0.75,0.6468253968253969,0.8531746031746031,0.9206349206349206,0.4365079365079365,0.027777777777777776,0.4880952380952381,BRD_20240814,보리원,0.8498845265588915,False,791.0935469567722,98.31073190628577,25,97,0.5323325635103926,True,0.8770438799076212,0.8951501154734411,0.9132563510392611,17.0,12.0,6.0,11.666666666666666,False,direct_size_estimation_deferred,매장 면적·좌석·점포별 매출이 없어 규모별 적합도와 argmax 규모는 산출하지 않음,0.35865459914549525,0.9792147806004619,usable_area_profile,True,balanced,True,0.7389030023094687,2.0,0.9592956120092379,0.027451419670695573,0.7256152443178645,0.6720554272517321,True,True,0.7648614318706697,20.0
3120037,동대문역사문화공원역,11140,991150857.0,75063.0,13204.253187322649,0.8695150115473441,0.873015873015873,0.5793650793650794,0.6428571428571429,0.34523809523809523,0.8571428571428571,0.8214285714285714,0.0873015873015873,0.023809523809523808,0.8293650793650794,BRD_20212010,복호두,0.20092378752886836,False,1515.5969121096532,125.25573836405046,15,74,0.2823325635103926,True,0.40150115473441106,0.5352193995381063,0.6689376443418014,242.0,163.0,92.0,165.66666666666666,False,direct_size_estimation_deferred,매장 면적·좌석·점포별 매출이 없어 규모별 적합도와 argmax 규모는 산출하지 않음,0.6201938961004013,0.9122401847575058,usable_area_profile,True,balanced,True,0.7181004618937645,2.0,0.7372016936104696,0.1468679111485937,1.1918089511734178,0.8660508083140878,True,True,0.8385969976905312,1.0
3120020,시청역_1번,11140,576577176.0,45296.0,12729.096962204168,0.7530023094688222,0.873015873015873,0.5793650793650794,0.6428571428571429,0.34523809523809523,0.8571428571428571,0.8214285714285714,0.0873015873015873,0.023809523809523808,0.8293650793650794,BRD_20212010,복호두,0.20092378752886836,False,543.4565299551399,70.17834422194169,18,96,0.5202078521939955,True,0.3665473441108545,0.4769630484988453,0.5873787528868359,264.0,198.0,144.0,202.0,False,direct_size_estimation_deferred,매장 면적·좌석·점포별 매출이 없어 규모별 적합도와 argmax 규모는 산출하지 않음,0.6551945122683863,0.8799076212471132,usable_area_profile,True,balanced,True,0.6254734411085451,30.0,0.6158583525789069,0.11020129760440668,2.3960631535943695,0.9861431870669746,True,True,0.8062990762124711,2.0
3120107,공덕역(공덕오거리),11440,1051109080.0,111230.0,9449.870358716174,0.8578521939953809,0.9404761904761905,0.4246031746031746,0.5833333333333334,0.9642857142857143,0.9880952380952381,0.9841269841269841,0.1111111111111111,0.011904761904761904,0.051587301587301584,BRD_20212010,복호두,0.11662817551963048,False,596.6875229200489,80.05623025110103,24,76,0.5773672055427252,True,0.3389953810623556,0.4872401847575057,0.6354849884526558,293.0,190.0,109.0,197.33333333333334,False,direct_size_estimation_deferred,매장 면적·좌석·점포별 매출이 없어 규모별 적합도와 argmax 규모는 산출하지 않음,0.4240967202122785,0.9907621247113164,usable_area_profile,True,balanced,True,0.7090242494226328,5.0,0.9156081601231717,0.06710078505723298,1.1200161745357056,0.8429561200923787,True,True,0.8051616628175519,3.0
3001496,강남 마이스 관광특구,11680,1293218183.0,103941.0,12441.848577558423,0.9066974595842956,0.7817460317460317,0.18253968253968253,0.75,0.6468253968253969,0.8531746031746031,0.9206349206349206,0.4365079365079365,0.027777777777777776,0.4880952380952381,BRD_20212010,복호두,0.7621247113163973,False,1653.24559578117,97.94386148455335,20,41,0.45727482678983833,True,0.8054965357967667,0.8344110854503464,0.863325635103926,37.0,18.0,12.0,22.333333333333332,False,direct_size_estimation_deferred,매장 면적·좌석·점포별 매출이 없어 규모별 적합도와 argmax 규모는 산출하지 않음,0.7858502465137118,0.7829099307159353,usable_area_profile,True,balanced,True,0.6402078521939953,19.0,0.6463625866050808,0.09680938525641579,1.410476306085263,0.9099307159353349,True,True,0.8022632794457275,4.0
3120208,청담사거리(청담동명품거리),11680,990117589.0,45474.0,21773.267999296302,0.8292147806004619,0.7817460317460317,0.18253968253968253,0.75,0.6468253968253969,0.8531746031746031,0.9206349206349206,0.4365079365079365,0.027777777777777776,0.4880952380952381,BRD_20212010,복호두,0.7621247113163973,False,1883.5211705714996,112.3610252495735,13,63,0.25635103926096997,True,0.7822517321016167,0.7956697459584297,0.8090877598152425,50.0,32.0,31.0,37.666666666666664,False,direct_size_estimation_deferred,매장 면적·좌석·점포별 매출이 없어 규모별 적합도와 argmax 규모는 산출하지 않음,0.8398500959884164,0.7344110854503465,usable_area_profile,True,balanced,True,0.6189780600461895,37.0,0.5710161662817552,0.1132720169637635,1.4425003063277528,0.9237875288683602,True,True,0.8001501154734412,5.0
3120188,압구정역,11680,1784647410.0,134975.0,13222.058973884052,0.9404157043879908,0.7817460317460317,0.18253968253968253,0.75,0.6468253968253969,0.8531746031746031,0.9206349206349206,0.4365079365079365,0.027777777777777776,0.4880952380952381,BRD_20212010,복호두,0.7621247113163973,False,1805.3523201613307,98.31073190628577,25,98,0.5346420323325635,True,0.8156120092378754,0.8512702078521941,0.8869284064665127,33.0,16.0,9.0,19.333333333333332,False,direct_size_estimation_deferred,매장 면적·좌석·점포별 매출이 없어 규모별 적합도와 argmax 규모는 산출하지 않음,0.4596032182021854,0.9815242494226328,usable_area_profile,True,balanced,True,0.7397113163972288,1.0,0.9592956120092379,0.027451419670695573,0.8097445480068952,0.7528868360277137,True,True,0.797540415704388,6.0
3110757,양평역 2번,11560,354537095.0,35555.0,9971.511601743778,0.6085450346420324,0.8571428571428571,0.7698412698412699,0.5277777777777778,0.23809523809523808,0.9007936507936508,0.9761904761904762,0.3373015873015873,0.047619047619047616,0.25,BRD_20212010,복호두,0.2840646651270208,False,1420.215476620643,46.38965399869973,10,60,0.4382217090069284,True,0.38140877598152423,0.44630484988452657,0.5112009237875289,257.0,221.0,188.0,222.0,False,direct_size_estimation_deferred,매장 면적·좌석·점포별 매출이 없어 규모별 적합도와 argmax 규모는 산출하지 않음,0.5109704203668317,0.9607390300230947,usable_area_profile,True,balanced,True,0.6276270207852195,27.0,0.765877598152425,0.08967530419906314,2.172966499652036,0.9722863741339491,True,True,0.7939665127020786,7.5
3120148,국회의사당역(국회의사당),11560,658683908.0,52751.0,12486.662015885955,0.7863741339491918,0.8571428571428571,0.7698412698412699,0.5277777777777778,0.23809523809523808,0.9007936507936508,0.9761904761904762,0.3373015873015873,0.047619047619047616,0.25,BRD_20212010,복호두,0.2840646651270208,False,1286.2663021312262,117.8346298709127,7,35,0.13799076212471129,True,0.434757505773672,0.5352193995381063,0.6356812933025404,219.0,164.0,108.0,163.66666666666666,False,direct_size_estimation_deferred,매장 면적·좌석·점포별 매출이 없어 규모별 적합도와 argmax 규모는 산출하지 않음,0.8194378363387584,0.7528868360277137,usable_area_profile,True,balanced,True,0.6309757505773672,24.0,0.6668591224018475,0.06752546032082155,1.2740041047797108,0.8822170900692841,True,True,0.7939665127020786,7.5
3120175,남부터미널역,11650,960650667.0,103198.0,9308.810897498013,0.8390300230946882,0.7619047619047619,0.2857142857142857,0.7023809523809523,0.6785714285714286,0.8293650793650794,0.7777777777777778,0.42857142857142855,0.08333333333333333,0.5198412698412699,BRD_20212010,복호두,0.9780600461893765,False,1521.3474290882043,49.929950906089985,13,46,0.4826789838337182,True,0.93635103926097,0.9085450346420323,0.8807390300230946,5.0,7.0,10.0,7.333333333333333,False,direct_size_estimation_deferred,매장 면적·좌석·점포별 매출이 없어 규모별 적합도와 argmax 규모는 산출하지 않음,0.546852503068328,0.9468822170900693,usable_area_profile,True,balanced,True,0.6946997690531177,7.0,0.8356428021555042,0.10952373119230398,1.0156649497198795,0.8060046189376443,True,True,0.7857736720554273,9.0
3110892,관악구 중앙길,11620,913081619.0,87290.0,10460.323278726086,0.8403002309468822,0.6944444444444444,0.5833333333333334,0.49603174603174605,0.8611111111111112,0.9801587301587301,0.8690476190476191,0.027777777777777776,0.051587301587301584,0.3412698412698413,BRD_20212010,복호두,0.4214780600461894,False,517.8667782269916,165.92166821826325,24,75,0.3995381062355658,True,0.5471247113163972,0.6308891454965357,0.7146535796766743,164.0,109.0,67.0,113.33333333333333,False,direct_size_estimation_deferred,매장 면적·좌석·점포별 매출이 없어 규모별 적합도와 argmax 규모는 산출하지 않음,0.5083572815130591,0.9653579676674365,usable_area_profile,True,balanced,True,0.7168533487297921,3.0,0.8969399538106235,0.08337710218528369,0.8205851734301339,0.7598152424942263,True,True,0.7856928406466512,10.0
3120218,코엑스,11680,817082884.0,73448.0,11124.64442871147,0.8325635103926097,0.7817460317460317,0.18253968253968253,0.75,0.6468253968253969,0.8531746031746031,0.9206349206349206,0.4365079365079365,0.027777777777777776,0.4880952380952381,BRD_20212010,복호두,0.7621247113163973,False,1746.5362864719255,37.215588113896615,20,42,0.7020785219399538,True,0.783256351039261,0.7973441108545034,0.8114318706697459,48.0,31.0,29.0,36.0,False,direct_size_estimation_deferred,매장 면적·좌석·점포별 매출이 없어 규모별 적합도와 argmax 규모는 산출하지 않음,0.7679304280553125,0.7967667436489607,usable_area_profile,True,balanced,True,0.5844688221709007,57.0,0.6758083140877598,0.06973715522685474,1.7344904472762557,0.9399538106235565,True,True,0.7594688221709007,11.0
3120203,강남구청역,11680,691966445.0,51032.0,13559.46161232168,0.796189376443418,0.7817460317460317,0.18253968253968253,0.75,0.6468253968253969,0.8531746031746031,0.9206349206349206,0.4365079365079365,0.027777777777777776,0.4880952380952381,BRD_20212010,복호두,0.7621247113163973,False,746.6625743908693,37.16180833436348,22,74,0.7367205542725173,True,0.7723441108545035,0.7791570438799076,0.7859699769053118,58.0,40.0,33.0,43.666666666666664,False,direct_size_estimation_deferred,매장 면적·좌석·점포별 매출이 없어 규모별 적합도와 argmax 규모는 산출하지 않음,0.6551516064004378,0.8822170900692841,usable_area_profile,True,balanced,True,0.6092667436489607,45.0,0.7133371824480369,0.12133207471795614,1.391881808778255,0.9053117782909931,True,True,0.7551385681293302,12.0
3120205,매봉역,11680,580733796.0,60594.0,9584.014852955737,0.7444572748267898,0.7817460317460317,0.18253968253968253,0.75,0.6468253968253969,0.8531746031746031,0.9206349206349206,0.4365079365079365,0.027777777777777776,0.4880952380952381,BRD_20212010,복호두,0.7621247113163973,False,1633.5299201481603,70.4911341990284,16,64,0.4693995381062356,True,0.756824480369515,0.7532909930715935,0.749757505773672,67.0,49.0,49.0,55.0,False,direct_size_estimation_deferred,매장 면적·좌석·점포별 매출이 없어 규모별 적합도와 argmax 규모는 산출하지 않음,0.593435067834385,0.9284064665127021,usable_area_profile,True,balanced,True,0.6543533487297921,13.0,0.855080831408776,0.08079051653086988,0.9076020089054453,0.7852193995381063,True,True,0.7455369515011546,13.0
3120008,인사동,11110,1542155577.0,110306.0,13980.704376915128,0.9304849884526558,0.876984126984127,0.42857142857142855,0.503968253968254,0.75,0.9444444444444444,0.8531746031746031,0.2619047619047619,0.05952380952380952,0.3611111111111111,BRD_20212010,복호두,0.8914549653579676,False,578.6898996571196,12.529964051189099,41,101,0.964203233256351,True,0.903163972286374,0.9109699769053117,0.9187759815242493,9.0,6.0,5.0,6.666666666666667,False,direct_size_estimation_deferred,매장 면적·좌석·점포별 매출이 없어 규모별 적합도와 argmax 규모는 산출하지 않음,0.8622632941463604,0.7066974595842956,usable_area_profile,True,balanced,True,0.5343879907621246,80.0,0.5459006928406466,0.06673286860009629,2.4095587394457825,0.9884526558891455,True,True,0.7419053117782909,14.0
3120101,합정역,11440,1552802578.0,170078.0,9129.943778736815,0.8870669745958429,0.9404761904761905,0.4246031746031746,0.5833333333333334,0.9642857142857143,0.9880952380952381,0.9841269841269841,0.1111111111111111,0.011904761904761904,0.051587301587301584,BRD_20212010,복호두,0.11662817551963048,False,2928.4229544032733,38.327535776922915,34,129,0.8441108545034642,True,0.3477598152424942,0.5018475750577367,0.6559353348729792,282.0,183.0,98.0,187.66666666666666,False,direct_size_estimation_deferred,매장 면적·좌석·점포별 매출이 없어 규모별 적합도와 argmax 규모는 산출하지 않음,0.6401029315961472,0.8937644341801385,usable_area_profile,True,balanced,True,0.6307390300230946,25.0,0.8238067744418783,0.06602601379344257,1.0595469227798224,0.8221709006928406,True,True,0.736501154734411,15.0
3120009,종로3가역,11110,773341001.0,64864.0,11922.499398741984,0.8273672055427251,0.876984126984127,0.42857142857142855,0.503968253968254,0.75,0.9444444444444444,0.8531746031746031,0.2619047619047619,0.05952380952380952,0.3611111111111111,BRD_20212010,복호두,0.8914549653579676,False,883.4760890729258,125.80143085865113,24,101,0.4549653579676674,True,0.8722286374133948,0.8594110854503464,0.8465935334872978,14.0,14.0,21.0,16.333333333333332,False,direct_size_estimation_deferred,매장 면적·좌석·점포별 매출이 없어 규모별 적합도와 argmax 규모는 산출하지 않음,0.4743697048220879,0.9792147806004619,usable_area_profile,True,balanced,True,0.7109411085450347,4.0,0.9535219399538106,0.05047087142510804,0.5090627508735595,0.6535796766743649,True,True,0.7351616628175519,16.0
3120007,북촌(안국역),11110,2793612723.0,181880.0,15359.647696283264,0.9692840646651271,0.876984126984127,0.42857142857142855,0.503968253968254,0.75,0.9444444444444444,0.8531746031746031,0.2619047619047619,0.05952380952380952,0.3611111111111111,BRD_20212010,복호두,0.8914549653579676,False,1056.0819096736423,12.369316868791929,25,69,0.8672055427251733,True,0.9148036951501155,0.9303695150115474,0.9459353348729792,8.0,4.0,2.0,4.666666666666667,False,direct_size_estimation_deferred,매장 면적·좌석·점포별 매출이 없어 규모별 적합도와 argmax 규모는 산출하지 않음,0.8752091687661843,0.6905311778290992,usable_area_profile,True,balanced,True,0.554434180138568,65.0,0.5481139337952271,0.10224605531960257,1.3928874183820759,0.9076212471131639,True,True,0.7309122401847574,17.0
3110810,영신초등학교,11560,325709619.0,29453.0,11058.62285675483,0.5928406466512702,0.8571428571428571,0.7698412698412699,0.5277777777777778,0.23809523809523808,0.9007936507936508,0.9761904761904762,0.3373015873015873,0.047619047619047616,0.25,BRD_20212010,복호두,0.2840646651270208,False,1525.260633494801,74.63243262412867,11,41,0.3441108545034642,True,0.37669745958429557,0.4384526558891455,0.5002078521939953,259.0,232.0,191.0,227.33333333333334,False,direct_size_estimation_deferred,매장 면적·좌석·점포별 매출이 없어 규모별 적합도와 argmax 규모는 산출하지 않음,0.44622229775283795,0.9861431870669746,usable_area_profile,True,balanced,True,0.6489491916859123,14.0,0.941108545034642,0.05647173325249758,0.7974722828317083,0.745958429561201,True,True,0.7204618937644343,18.0
3111090,강일동주민센터,11740,428404856.0,36116.0,11861.913168678702,0.6680138568129331,0.8452380952380952,0.06746031746031746,0.7063492063492064,0.38492063492063494,0.6626984126984127,0.7182539682539683,0.5833333333333334,0.06746031746031746,0.6507936507936508,BRD_20212010,복호두,0.8175519630484989,False,978.7772984617301,59.13543778863246,4,12,0.31177829099307164,True,0.772690531177829,0.7427829099307159,0.7128752886836027,56.0,55.0,69.0,60.0,False,direct_size_estimation_deferred,매장 면적·좌석·점포별 매출이 없어 규모별 적합도와 argmax 규모는 산출하지 않음,0.8423928354671769,0.7274826789838338,usable_area_profile,True,balanced,True,0.5507794457274827,70.0,0.6291377983063895,0.08289762773977448,1.1863413146894937,0.8637413394919169,True,True,0.7173787528868361,19.0
3120138,당산2동(영등포우체국),11560,424229969.0,43104.0,9842.00930308092,0.6618937644341802,0.8571428571428571,0.7698412698412699,0.5277777777777778,0.23809523809523808,0.9007936507936508,0.9761904761904762,0.3373015873015873,0.047619047619047616,0.25,BRD_20212010,복호두,0.2840646651270208,False,976.7548310425643,36.769552608453594,24,72,0.7713625866050808,True,0.3974133949191686,0.4729792147806005,0.5485450346420324,247.0,202.0,164.0,204.33333333333334,False,direct_size_estimation_deferred,매장 면적·좌석·점포별 매출이 없어 규모별 적합도와 argmax 규모는 산출하지 않음,0.30967767943962726,0.9953810623556582,usable_area_profile,True,balanced,True,0.6136489607390301,41.0,0.9318706697459583,0.057670410762324535,1.1012647867455538,0.8383371824480369,True,True,0.716812933025404,20.0
3110640,방화역 1번,11500,671414576.0,62982.0,10660.420056524086,0.7871824480369516,0.8373015873015873,0.23809523809523808,0.623015873015873,0.32142857142857145,0.8333333333333334,0.9246031746031746,0.46825396825396826,0.05555555555555555,0.42063492063492064,BRD_20080200287,브레댄코(bread&co.DAILY-NEW),0.6824480369515011,False,1335.611470416183,241.56986569432095,5,25,0.02482678983833718,True,0.7138683602771363,0.7348152424942264,0.7557621247113164,88.0,67.0,57.0,70.66666666666667,False,direct_size_estimation_deferred,매장 면적·좌석·점포별 매출이 없어 규모별 적합도와 argmax 규모는 산출하지 않음,0.5883815780241813,0.8845265588914549,usable_area_profile,True,balanced,True,0.7140531177829099,5.0,0.8122594303310239,0.05032439479240749,1.4360257854771876,0.9792147806004619,True,True,0.8894745958429562,1.0
3130072,성동용답상가시장,11200,441220675.0,42751.0,10320.710041870365,0.6748267898383372,0.9206349206349206,0.38492063492063494,0.5555555555555556,0.9920634920634921,0.9841269841269841,0.9563492063492064,0.10317460317460317,0.015873015873015872,0.07936507936507936,BRD_20080200287,브레댄코(bread&co.DAILY-NEW),0.13394919168591224,False,1639.518221917691,135.0925608781212,10,28,0.14953810623556585,True,0.29621247113163973,0.4043879907621247,0.5125635103926097,319.0,273.0,200.0,264.0,False,direct_size_estimation_deferred,매장 면적·좌석·점포별 매출이 없어 규모별 적합도와 argmax 규모는 산출하지 않음,0.21900453897174432,0.9976905311778291,usable_area_profile,True,balanced,True,0.7126039260969977,6.0,0.9837374903772133,0.015581629901107024,0.8954801833423448,0.9006928406466512,True,True,0.8396016166281756,2.0
3120009,종로3가역,11110,773341001.0,64864.0,11922.499398741984,0.8273672055427251,0.876984126984127,0.42857142857142855,0.503968253968254,0.75,0.9444444444444444,0.8531746031746031,0.2619047619047619,0.05952380952380952,0.3611111111111111,BRD_20080200287,브레댄코(bread&co.DAILY-NEW),0.792147806004619,False,962.8649957458487,125.80143085865113,24,102,0.45381062355658197,True,0.8027136258660508,0.8097575057736721,0.8168013856812932,51.0,38.0,34.0,41.0,False,direct_size_estimation_deferred,매장 면적·좌석·점포별 매출이 없어 규모별 적합도와 argmax 규모는 산출하지 않음,0.2919057450720428,0.9953810623556582,usable_area_profile,True,balanced,True,0.7191974595842956,3.0,0.9535219399538106,0.05047087142510804,0.8293718974906311,0.8868360277136259,True,True,0.833487297921478,3.0
3110883,은천초등학교(은천교앞),11620,384324031.0,36658.0,10484.042528233946,0.6409930715935335,0.6944444444444444,0.5833333333333334,0.49603174603174605,0.8611111111111112,0.9801587301587301,0.8690476190476191,0.027777777777777776,0.051587301587301584,0.3412698412698413,BRD_20080200287,브레댄코(bread&co.DAILY-NEW),0.6431870669745958,False,1782.2022893404599,165.06059494972328,13,69,0.17840646651270212,True,0.6425288683602771,0.6420900692840646,0.6416512702078522,128.0,110.0,112.0,116.66666666666667,False,direct_size_estimation_deferred,매장 면적·좌석·점포별 매출이 없어 규모별 적합도와 argmax 규모는 산출하지 않음,0.3520733145902216,0.9907621247113164,usable_area_profile,True,balanced,True,0.6929676674364895,8.0,0.9701693610469592,0.026750654894371177,0.7698040943547271,0.8706697459584296,True,True,0.8110334872979215,4.0
3110002,독립문역 1번,11110,365825854.0,38233.0,9568.32720424764,0.61824480369515,0.876984126984127,0.42857142857142855,0.503968253968254,0.75,0.9444444444444444,0.8531746031746031,0.2619047619047619,0.05952380952380952,0.3611111111111111,BRD_20080200287,브레댄코(bread&co.DAILY-NEW),0.792147806004619,False,2470.153436485276,115.00434770468347,4,14,0.12471131639722863,True,0.7399769053117783,0.7051963048498845,0.6704157043879907,77.0,78.0,94.0,83.0,False,direct_size_estimation_deferred,매장 면적·좌석·점포별 매출이 없어 규모별 적합도와 argmax 규모는 산출하지 않음,0.7508626314843797,0.7482678983833718,usable_area_profile,True,balanced,True,0.5718129330254041,66.0,0.6359699769053118,0.047990838955537095,2.339986629158591,1.0,True,True,0.7912471131639723,5.0
3120201,도곡1동,11680,649721874.0,58337.0,11137.38920410717,0.7846420323325634,0.7817460317460317,0.18253968253968253,0.75,0.6468253968253969,0.8531746031746031,0.9206349206349206,0.4365079365079365,0.027777777777777776,0.4880952380952381,BRD_20080200287,브레댄코(bread&co.DAILY-NEW),0.8845265588914549,False,1160.7075428409364,87.09190547353441,10,65,0.26501154734411086,True,0.8545612009237875,0.8345842956120091,0.8146073903002308,27.0,28.0,35.0,30.0,False,direct_size_estimation_deferred,매장 면적·좌석·점포별 매출이 없어 규모별 적합도와 argmax 규모는 산출하지 않음,0.6039124219431138,0.8706697459584296,usable_area_profile,True,balanced,True,0.6702078521939953,13.0,0.8283294842186297,0.06578741047462766,0.6435921620008028,0.8290993071593533,True,True,0.7884815242494224,6.0
3120038,약수역,11140,1550178516.0,134777.0,11501.803096967584,0.9235565819861433,0.873015873015873,0.5793650793650794,0.6428571428571429,0.34523809523809523,0.8571428571428571,0.8214285714285714,0.0873015873015873,0.023809523809523808,0.8293650793650794,BRD_20080200287,브레댄코(bread&co.DAILY-NEW),0.23094688221709006,False,663.2435450376064,62.64183906448842,18,42,0.5519630484988453,True,0.43872979214780605,0.5772517321016167,0.7157736720554273,237.0,141.0,74.0,150.66666666666666,False,direct_size_estimation_deferred,매장 면적·좌석·점포별 매출이 없어 규모별 적합도와 argmax 규모는 산출하지 않음,0.4613499062356926,0.9561200923787528,usable_area_profile,True,balanced,True,0.7185103926096997,4.0,0.9359122401847575,0.04410525527649033,0.4581733416418259,0.766743648960739,True,True,0.7878060046189376,7.0
3120120,화곡역,11500,2140760825.0,296121.0,7229.34484551923,0.8866050808314089,0.8373015873015873,0.23809523809523808,0.623015873015873,0.32142857142857145,0.8333333333333334,0.9246031746031746,0.46825396825396826,0.05555555555555555,0.42063492063492064,BRD_20080200287,브레댄코(bread&co.DAILY-NEW),0.6824480369515011,False,4616.10409327425,26.400757567542716,25,54,0.819284064665127,True,0.7436951501154734,0.784526558891455,0.8253579676674365,75.0,46.0,31.0,50.666666666666664,False,direct_size_estimation_deferred,매장 면적·좌석·점포별 매출이 없어 규모별 적합도와 argmax 규모는 산출하지 않음,0.43051846166739133,0.976905311778291,usable_area_profile,True,balanced,True,0.6758718244803695,10.0,0.9515011547344111,0.03187023317041208,0.7971123683985086,0.8752886836027713,True,True,0.7862759815242495,8.0
3130139,강북종합전통시장(강북종합골목시장),11305,556143075.0,53488.0,10397.529819772659,0.7376443418013857,0.8253968253968254,0.373015873015873,0.31746031746031744,0.42857142857142855,0.5396825396825397,0.1626984126984127,0.051587301587301584,0.5515873015873016,0.9365079365079365,BRD_20080200287,브레댄코(bread&co.DAILY-NEW),0.009237875288683603,False,3782.6499969984675,27.730849249436897,16,47,0.6460739030023095,True,0.22775981524249422,0.37344110854503465,0.519122401847575,356.0,287.0,197.0,280.0,False,direct_size_estimation_deferred,매장 면적·좌석·점포별 매출이 없어 규모별 적합도와 argmax 규모는 산출하지 않음,0.5716304519488598,0.8891454965357968,usable_area_profile,True,balanced,True,0.605837182448037,41.0,0.7953233256351039,0.06734513734613744,1.3931543478554362,0.9745958429561201,True,True,0.7809642032332564,9.0
3120068,사가정역,11260,944293896.0,91431.0,10327.940151589723,0.8467667436489608,0.8492063492063492,0.40476190476190477,0.5,0.39285714285714285,0.623015873015873,0.5714285714285714,0.16666666666666666,0.32936507936507936,0.8134920634920635,BRD_20080200287,브레댄코(bread&co.DAILY-NEW),0.5103926096997691,False,3588.6234129909813,42.201895677975386,26,50,0.7736720554272517,True,0.6113048498845266,0.6785796766743649,0.7458545034642032,140.0,92.0,62.0,98.0,False,direct_size_estimation_deferred,매장 면적·좌석·점포별 매출이 없어 규모별 적합도와 argmax 규모는 산출하지 않음,0.41648927246473844,0.9815242494226328,usable_area_profile,True,balanced,True,0.6710796766743649,11.0,0.9523672055427251,0.03852949356737861,0.7567460970884343,0.8637413394919169,True,True,0.7779330254041571,10.0
3110943,법제교육센터(버들어린이공원),11650,849985150.0,98576.0,8622.637863171563,0.812471131639723,0.7619047619047619,0.2857142857142857,0.7023809523809523,0.6785714285714286,0.8293650793650794,0.7777777777777778,0.42857142857142855,0.08333333333333333,0.5198412698412699,BRD_20080200287,브레댄코(bread&co.DAILY-NEW),0.9780600461893765,False,2350.530365689879,67.35725648954265,25,54,0.6495381062355658,True,0.9283833718244804,0.8952655889145498,0.862147806004619,6.0,10.0,19.0,11.666666666666666,False,direct_size_estimation_deferred,매장 면적·좌석·점포별 매출이 없어 규모별 적합도와 argmax 규모는 산출하지 않음,0.5210179129232658,0.9122401847575058,usable_area_profile,True,balanced,True,0.643054272517321,20.0,0.8574865280985374,0.06302143766630533,0.8688100222163391,0.8937644341801386,True,True,0.7774884526558892,11.0
3120066,장한평역(장한평),11230,274354373.0,24121.0,11374.087848762489,0.5446882217090069,0.6904761904761905,0.5396825396825397,0.5714285714285714,0.9603174603174603,0.9126984126984127,0.4087301587301587,0.1865079365079365,0.09126984126984126,0.6825396825396826,BRD_20080200287,브레댄코(bread&co.DAILY-NEW),0.6085450346420324,False,2665.8769664039887,70.34912932850425,9,28,0.31639722863741343,True,0.5893879907621247,0.5766166281755196,0.5638452655889146,147.0,144.0,165.0,152.0,False,direct_size_estimation_deferred,매장 면적·좌석·점포별 매출이 없어 규모별 적합도와 argmax 규모는 산출하지 않음,0.540790515983928,0.9030023094688222,usable_area_profile,True,balanced,True,0.5946824480369515,53.0,0.8251539645881447,0.05832407008066144,1.3347550123476333,0.9722863741339491,True,True,0.7757621247113163,12.0
3120226,석촌고분역,11710,497422151.0,44126.0,11272.767778633912,0.7166281755196304,0.8531746031746031,0.13095238095238096,0.6746031746031746,0.9325396825396826,0.8928571428571429,0.7063492063492064,0.4087301587301587,0.03968253968253968,0.5436507936507936,BRD_20080200287,브레댄코(bread&co.DAILY-NEW),0.558891454965358,False,4973.838055300267,58.872744129090485,22,78,0.6368360277136259,True,0.6062124711316397,0.6377598152424941,0.6693071593533486,142.0,113.0,95.0,116.66666666666667,False,direct_size_estimation_deferred,매장 면적·좌석·점포별 매출이 없어 규모별 적합도와 argmax 규모는 산출하지 않음,0.43517864945457396,0.9745958429561201,usable_area_profile,True,balanced,True,0.6425923787528868,23.0,0.9515973826020016,0.02519313875296893,0.9128858686339062,0.9053117782909931,True,True,0.7739665127020785,13.0
3110593,신월3동주민센터,11470,317937956.0,28102.0,11313.712760657605,0.5892609699769054,0.8055555555555556,0.2222222222222222,0.5158730158730159,0.5873015873015873,0.5079365079365079,0.2896825396825397,0.4801587301587302,0.30952380952380953,0.7738095238095238,BRD_20080200287,브레댄코(bread&co.DAILY-NEW),0.4745958429561201,False,4702.006805613651,184.0679222675113,3,22,0.027136258660508106,True,0.5089953810623556,0.5319284064665127,0.5548614318706697,202.0,180.0,172.0,184.66666666666666,False,direct_size_estimation_deferred,매장 면적·좌석·점포별 매출이 없어 규모별 적합도와 argmax 규모는 산출하지 않음,0.6837738923087363,0.7967667436489607,usable_area_profile,True,balanced,True,0.600554272517321,43.0,0.7399923017705928,0.062193362693480636,0.9128697889866505,0.9030023094688222,True,True,0.7729387990762125,14.0
3120112,등촌역,11470,402129603.0,41146.0,9773.236839546978,0.6467667436489607,0.8055555555555556,0.2222222222222222,0.5158730158730159,0.5873015873015873,0.5079365079365079,0.2896825396825397,0.4801587301587302,0.30952380952380953,0.7738095238095238,BRD_20080200287,브레댄코(bread&co.DAILY-NEW),0.4745958429561201,False,5226.15891450356,105.11898021717178,22,49,0.4647806004618938,True,0.5262471131639723,0.5606812933025405,0.5951154734411085,192.0,156.0,149.0,165.66666666666666,False,direct_size_estimation_deferred,매장 면적·좌석·점포별 매출이 없어 규모별 적합도와 argmax 규모는 산출하지 않음,0.47550853690562817,0.9468822170900693,usable_area_profile,True,balanced,True,0.6300923787528868,27.0,0.9080061585835257,0.04246270865358644,0.9155341177996194,0.9076212471131639,True,True,0.7714260969976905,15.0
3120175,남부터미널역,11650,960650667.0,103198.0,9308.810897498013,0.8390300230946882,0.7619047619047619,0.2857142857142857,0.7023809523809523,0.6785714285714286,0.8293650793650794,0.7777777777777778,0.42857142857142855,0.08333333333333333,0.5198412698412699,BRD_20080200287,브레댄코(bread&co.DAILY-NEW),0.9780600461893765,False,798.2336750735635,49.929950906089985,13,45,0.483256351039261,True,0.93635103926097,0.9085450346420323,0.8807390300230946,5.0,7.0,14.0,8.666666666666666,False,direct_size_estimation_deferred,매장 면적·좌석·점포별 매출이 없어 규모별 적합도와 argmax 규모는 산출하지 않음,0.5616280857669464,0.8983833718244804,usable_area_profile,True,balanced,True,0.670363741339492,12.0,0.8356428021555042,0.10952373119230398,0.572849089288375,0.8060046189376443,True,True,0.7711374133949191,16.0
3120237,경찰병원역,11710,269218788.0,26208.0,10272.389652014652,0.5374133949191686,0.8531746031746031,0.13095238095238096,0.6746031746031746,0.9325396825396826,0.8928571428571429,0.7063492063492064,0.4087301587301587,0.03968253968253968,0.5436507936507936,BRD_20080200287,브레댄코(bread&co.DAILY-NEW),0.558891454965358,False,4513.028362445888,99.84988734815506,15,41,0.3366050808314088,True,0.5524480369515011,0.5481524249422633,0.5438568129330253,178.0,169.0,179.0,175.33333333333334,False,direct_size_estimation_deferred,매장 면적·좌석·점포별 매출이 없어 규모별 적합도와 argmax 규모는 산출하지 않음,0.6037285760267045,0.8729792147806005,usable_area_profile,True,balanced,True,0.574093533487298,64.0,0.7843533487297921,0.05648738687723858,1.5689496531927534,0.9953810623556582,True,True,0.7707794457274826,17.0
3110892,관악구 중앙길,11620,913081619.0,87290.0,10460.323278726086,0.8403002309468822,0.6944444444444444,0.5833333333333334,0.49603174603174605,0.8611111111111112,0.9801587301587301,0.8690476190476191,0.027777777777777776,0.051587301587301584,0.3412698412698413,BRD_20080200287,브레댄코(bread&co.DAILY-NEW),0.6431870669745958,False,1306.1393494106464,165.92166821826325,24,76,0.39838337182448036,True,0.7023210161662816,0.741743648960739,0.7811662817551962,96.0,64.0,47.0,69.0,False,direct_size_estimation_deferred,매장 면적·좌석·점포별 매출이 없어 규모별 적합도와 argmax 규모는 산출하지 않음,0.49706711930352576,0.930715935334873,usable_area_profile,True,balanced,True,0.6997055427251732,7.0,0.8969399538106235,0.08337710218528369,0.40509900966804047,0.745958429561201,True,True,0.7699307159353349,18.0
3120136,영등포구청역,11560,364236315.0,38948.0,9351.861841429598,0.6144341801385681,0.8571428571428571,0.7698412698412699,0.5277777777777778,0.23809523809523808,0.9007936507936508,0.9761904761904762,0.3373015873015873,0.047619047619047616,0.25,BRD_20080200287,브레댄코(bread&co.DAILY-NEW),0.2748267898383372,False,1851.4993923643976,95.12623193815189,26,64,0.5554272517321016,True,0.3767090069284065,0.44463048498845265,0.5125519630484988,269.0,244.0,201.0,238.0,False,direct_size_estimation_deferred,매장 면적·좌석·점포별 매출이 없어 규모별 적합도와 argmax 규모는 산출하지 않음,0.42736006262150084,0.9792147806004619,usable_area_profile,True,balanced,True,0.6213452655889146,32.0,0.9475558121632024,0.03168399152789142,0.9992102292222262,0.9260969976905312,True,True,0.7652193995381062,19.0
3120156,"총신대입구역(이수, 총신대)",11590,2257632678.0,352313.0,6408.03114843903,0.8872979214780601,0.8611111111111112,0.5158730158730159,0.42857142857142855,0.753968253968254,0.9563492063492064,0.6626984126984127,0.11507936507936507,0.09523809523809523,0.5674603174603174,BRD_20080200287,브레댄코(bread&co.DAILY-NEW),0.7193995381062356,False,1071.1643197803862,120.00000002168235,24,76,0.46420323325635104,True,0.7697690531177829,0.8033487297921478,0.8369284064665127,59.0,40.0,30.0,43.0,False,direct_size_estimation_deferred,매장 면적·좌석·점포별 매출이 없어 규모별 적합도와 argmax 규모는 산출하지 않음,0.8780663048422722,0.6166281755196306,usable_area_profile,True,balanced,True,0.5492378752886836,74.0,0.5362779060816013,0.06482265024297801,1.239540024001615,0.9584295612009238,True,True,0.764919168591224,20.0
3110593,신월3동주민센터,11470,317937956.0,28102.0,11313.712760657605,0.5892609699769054,0.8055555555555556,0.2222222222222222,0.5158730158730159,0.5873015873015873,0.5079365079365079,0.2896825396825397,0.4801587301587302,0.30952380952380953,0.7738095238095238,BRD_20260378,빵굼터,0.9041570438799076,False,4463.277943419434,184.0679222675113,3,22,0.027136258660508106,True,0.8096882217090069,0.7467090069284065,0.683729792147806,37.0,49.0,94.0,60.0,False,direct_size_estimation_deferred,매장 면적·좌석·점포별 매출이 없어 규모별 적합도와 argmax 규모는 산출하지 않음,0.5357163932148624,0.8752886836027713,usable_area_profile,True,balanced,True,0.6398152424942263,23.0,0.7399923017705928,0.062193362693480636,2.175415124263105,0.9676674364896074,True,True,0.8223614318706698,1.0
3110640,방화역 1번,11500,671414576.0,62982.0,10660.420056524086,0.7871824480369516,0.8373015873015873,0.23809523809523808,0.623015873015873,0.32142857142857145,0.8333333333333334,0.9246031746031746,0.46825396825396826,0.05555555555555555,0.42063492063492064,BRD_20260378,빵굼터,0.6016166281755196,False,578.5533682975405,241.56986569432095,5,24,0.02482678983833718,True,0.6572863741339492,0.6943995381062356,0.731512702078522,108.0,76.0,69.0,84.33333333333333,False,direct_size_estimation_deferred,매장 면적·좌석·점포별 매출이 없어 규모별 적합도와 argmax 규모는 산출하지 않음,0.5455274757478469,0.8683602771362586,usable_area_profile,True,balanced,True,0.7059699769053118,4.0,0.8122594303310239,0.05032439479240749,1.114784331468975,0.789838337182448,True,True,0.8088741339491917,2.0
3120112,등촌역,11470,402129603.0,41146.0,9773.236839546978,0.6467667436489607,0.8055555555555556,0.2222222222222222,0.5158730158730159,0.5873015873015873,0.5079365079365079,0.2896825396825397,0.4801587301587302,0.30952380952380953,0.7738095238095238,BRD_20260378,빵굼터,0.9041570438799076,False,4785.852902071783,105.11898021717178,22,49,0.46420323325635104,True,0.8269399538106235,0.7754618937644342,0.7239838337182447,31.0,41.0,72.0,48.0,False,direct_size_estimation_deferred,매장 면적·좌석·점포별 매출이 없어 규모별 적합도와 argmax 규모는 산출하지 않음,0.2823366149803296,0.9930715935334873,usable_area_profile,True,balanced,True,0.6532736720554272,17.0,0.9080061585835257,0.04246270865358644,2.0032974260763945,0.9468822170900693,True,True,0.8010739030023093,3.0
3120133,서울시흥동우체국(홈플러스시흥점),11545,637795918.0,60754.0,10498.00701188399,0.7765588914549653,0.753968253968254,0.7420634920634921,0.3531746031746032,0.24206349206349206,0.8690476190476191,0.873015873015873,0.04365079365079365,0.13095238095238096,0.6785714285714286,BRD_20260378,빵굼터,0.22748267898383373,False,3805.55304786801,60.20797286767192,15,45,0.4821016166281755,True,0.39220554272517316,0.5020207852193995,0.6118360277136257,285.0,215.0,143.0,214.33333333333334,False,direct_size_estimation_deferred,매장 면적·좌석·점포별 매출이 없어 규모별 적합도와 argmax 규모는 산출하지 않음,0.3276996653168629,0.9838337182448037,usable_area_profile,True,balanced,True,0.6913972286374133,8.0,0.9093533487297921,0.05669816000773116,1.3136293929971572,0.8383371824480369,True,True,0.7911374133949192,4.0
3110002,독립문역 1번,11110,365825854.0,38233.0,9568.32720424764,0.61824480369515,0.876984126984127,0.42857142857142855,0.503968253968254,0.75,0.9444444444444444,0.8531746031746031,0.2619047619047619,0.05952380952380952,0.3611111111111111,BRD_20260378,빵굼터,0.38799076212471134,False,5237.0084017024565,115.00434770468347,4,14,0.12471131639722863,True,0.4570669745958429,0.5031177829099307,0.5491685912240184,245.0,212.0,185.0,214.0,False,direct_size_estimation_deferred,매장 면적·좌석·점포별 매출이 없어 규모별 적합도와 argmax 규모는 산출하지 않음,0.6914923003031964,0.7551963048498845,usable_area_profile,True,balanced,True,0.5752771362586605,57.0,0.6359699769053118,0.047990838955537095,2.484355984170947,0.9861431870669746,True,True,0.7877829099307159,5.0
3110319,종암동주민센터,11290,624128519.0,64438.0,9685.7214531798,0.7633949191685913,0.8690476190476191,0.3888888888888889,0.5912698412698413,0.8333333333333334,0.8055555555555556,0.3333333333333333,0.2222222222222222,0.31746031746031744,0.7420634920634921,BRD_20260378,빵굼터,0.7505773672055427,False,5247.955506667705,100.23971265231329,17,38,0.3856812933025404,True,0.7544226327944572,0.756986143187067,0.7595496535796766,59.0,45.0,52.0,52.0,False,direct_size_estimation_deferred,매장 면적·좌석·점포별 매출이 없어 규모별 적합도와 argmax 규모는 산출하지 않음,0.713844302576171,0.7390300230946882,usable_area_profile,True,balanced,True,0.5788510392609699,55.0,0.5624518860662048,0.07241952689520573,2.438266923284377,0.9838337182448037,True,True,0.7864087759815241,6.0
3120066,장한평역(장한평),11230,274354373.0,24121.0,11374.087848762489,0.5446882217090069,0.6904761904761905,0.5396825396825397,0.5714285714285714,0.9603174603174603,0.9126984126984127,0.4087301587301587,0.1865079365079365,0.09126984126984126,0.6825396825396826,BRD_20260378,빵굼터,0.6385681293302541,False,4755.188324384608,70.34912932850425,9,28,0.31524249422632794,True,0.6104041570438798,0.5916281755196304,0.572852193995381,138.0,144.0,168.0,150.0,False,direct_size_estimation_deferred,매장 면적·좌석·점포별 매출이 없어 규모별 적합도와 argmax 규모는 산출하지 않음,0.42546636292223217,0.9399538106235565,usable_area_profile,True,balanced,True,0.6133314087759815,40.0,0.8251539645881447,0.05832407008066144,1.9683099255015144,0.9445727482678984,True,True,0.7759353348729792,7.0
3110601,신월1동우편취급국,11470,441016625.0,40173.0,10977.93605157693,0.6785219399538106,0.8055555555555556,0.2222222222222222,0.5158730158730159,0.5873015873015873,0.5079365079365079,0.2896825396825397,0.4801587301587302,0.30952380952380953,0.7738095238095238,BRD_20260378,빵굼터,0.9041570438799076,False,5266.867949766248,258.54980178856624,8,40,0.04907621247113163,True,0.8364665127020785,0.791339491916859,0.7462124711316396,27.0,33.0,57.0,39.0,False,direct_size_estimation_deferred,매장 면적·좌석·점포별 매출이 없어 규모별 적합도와 argmax 규모는 산출하지 않음,0.5240817467807319,0.8845265588914549,usable_area_profile,True,balanced,True,0.6723845265588914,10.0,0.7864703618167822,0.08887308212787294,1.1033284176370397,0.7852193995381063,True,True,0.7756408775981524,8.0
3130072,성동용답상가시장,11200,441220675.0,42751.0,10320.710041870365,0.6748267898383372,0.9206349206349206,0.38492063492063494,0.5555555555555556,0.9920634920634921,0.9841269841269841,0.9563492063492064,0.10317460317460317,0.015873015873015872,0.07936507936507936,BRD_20260378,빵굼터,0.016166281755196306,False,3800.1273663220923,135.0925608781212,10,28,0.1489607390300231,True,0.21376443418013857,0.34549653579676676,0.4772286374133949,380.0,327.0,226.0,311.0,False,direct_size_estimation_deferred,매장 면적·좌석·점포별 매출이 없어 규모별 적합도와 argmax 규모는 산출하지 않음,0.1962743047113832,0.9976905311778291,usable_area_profile,True,balanced,True,0.7126905311778291,3.0,0.9837374903772133,0.015581629901107024,0.8954801833423448,0.7321016166281755,True,True,0.7722517321016167,9.0
3110703,개봉역,11530,566848644.0,58936.0,9618.037260757432,0.7391454965357969,0.8412698412698413,0.8373015873015873,0.5753968253968254,0.5238095238095238,0.7579365079365079,0.7380952380952381,0.18253968253968253,0.12698412698412698,0.7658730158730159,BRD_20260378,빵굼터,0.8660508083140878,False,2760.071375878727,17.720045128132952,13,29,0.6056581986143187,True,0.8279792147806004,0.8025981524249424,0.7772170900692841,30.0,26.0,43.0,33.0,False,direct_size_estimation_deferred,매장 면적·좌석·점포별 매출이 없어 규모별 적합도와 argmax 규모는 산출하지 않음,0.34596685729392146,0.9792147806004619,usable_area_profile,True,balanced,True,0.657459584295612,15.0,0.8985758275596613,0.054251327030210794,1.4863959548103847,0.8637413394919169,True,True,0.7701558891454966,10.0
3130222,오류시장,11530,677800421.0,66656.0,10168.633296327413,0.7894919168591223,0.8412698412698413,0.8373015873015873,0.5753968253968254,0.5238095238095238,0.7579365079365079,0.7380952380952381,0.18253968253968253,0.12698412698412698,0.7658730158730159,BRD_20260378,빵굼터,0.8660508083140878,False,4116.66879891156,48.414873764798386,14,33,0.516743648960739,True,0.8430831408775981,0.827771362586605,0.8124595842956119,24.0,19.0,28.0,23.666666666666668,False,direct_size_estimation_deferred,매장 면적·좌석·점포별 매출이 없어 규모별 적합도와 argmax 규모는 산출하지 않음,0.40503215239350987,0.953810623556582,usable_area_profile,True,balanced,True,0.675715935334873,9.0,0.9045419553502695,0.04485297674145903,1.0984481250889173,0.7829099307159353,True,True,0.7586431870669746,11.0
3130139,강북종합전통시장(강북종합골목시장),11305,556143075.0,53488.0,10397.529819772659,0.7376443418013857,0.8253968253968254,0.373015873015873,0.31746031746031744,0.42857142857142855,0.5396825396825397,0.1626984126984127,0.051587301587301584,0.5515873015873016,0.9365079365079365,BRD_20260378,빵굼터,0.10392609699769054,False,8444.080826200014,27.730849249436897,16,47,0.6437644341801385,True,0.2940415704387991,0.4207852193995381,0.547528868360277,334.0,273.0,189.0,265.3333333333333,False,direct_size_estimation_deferred,매장 면적·좌석·점포별 매출이 없어 규모별 적합도와 argmax 규모는 산출하지 않음,0.4948553522123455,0.9076212471131639,usable_area_profile,True,balanced,True,0.6154214780600461,37.0,0.7953233256351039,0.06734513734613744,1.6674985886638907,0.8891454965357968,True,True,0.7526732101616629,12.0
3130206,신정3동 골목시장,11470,448082789.0,43288.0,10351.201002587322,0.6855658198614318,0.8055555555555556,0.2222222222222222,0.5158730158730159,0.5873015873015873,0.5079365079365079,0.2896825396825397,0.4801587301587302,0.30952380952380953,0.7738095238095238,BRD_20260378,빵굼터,0.9041570438799076,False,4802.114950711622,17.117242790546893,17,45,0.7090069284064665,True,0.8385796766743648,0.7948614318706697,0.7511431870669745,26.0,31.0,55.0,37.333333333333336,False,direct_size_estimation_deferred,매장 면적·좌석·점포별 매출이 없어 규모별 적합도와 argmax 규모는 산출하지 않음,0.46187423402815403,0.9168591224018476,usable_area_profile,True,balanced,True,0.592026558891455,48.0,0.793206312548114,0.06461123787958767,1.9137972574396176,0.9376443418013857,True,True,0.7494341801385681,13.0
3130225,개봉중앙시장,11530,344218588.0,30618.0,11242.360310928212,0.6080831408775981,0.8412698412698413,0.8373015873015873,0.5753968253968254,0.5238095238095238,0.7579365079365079,0.7380952380952381,0.18253968253968253,0.12698412698412698,0.7658730158730159,BRD_20260378,빵굼터,0.8660508083140878,False,2983.1904062527046,10.630145801632635,11,31,0.5877598152424942,True,0.7886605080831408,0.7370669745958429,0.685473441108545,47.0,55.0,93.0,65.0,False,direct_size_estimation_deferred,매장 면적·좌석·점포별 매출이 없어 규모별 적합도와 argmax 규모는 산출하지 않음,0.3942893910456815,0.9584295612009238,usable_area_profile,True,balanced,True,0.6038799076212471,44.0,0.8553695150115473,0.05916228831081867,1.7419888434323876,0.9122401847575058,True,True,0.7466859122401848,14.0
3120076,수유역,11305,467733481.0,45202.0,10347.6280031857,0.6957274826789839,0.8253968253968254,0.373015873015873,0.31746031746031744,0.42857142857142855,0.5396825396825397,0.1626984126984127,0.051587301587301584,0.5515873015873016,0.9365079365079365,BRD_20260378,빵굼터,0.10392609699769054,False,8314.629997745347,32.015621227467925,15,42,0.6045034642032333,True,0.28146651270207856,0.3998267898383372,0.5181870669745958,342.0,292.0,205.0,279.6666666666667,False,direct_size_estimation_deferred,매장 면적·좌석·점포별 매출이 없어 규모별 적합도와 argmax 규모는 산출하지 않음,0.6686653388483345,0.7829099307159353,usable_area_profile,True,balanced,True,0.5442840646651269,78.0,0.6442455735180909,0.05835189558232693,2.3763470888826066,0.9792147806004619,True,True,0.7446016166281755,15.0
3120077,미아역,11305,1046838954.0,110561.0,9468.428776874305,0.8560046189376443,0.8253968253968254,0.373015873015873,0.31746031746031744,0.42857142857142855,0.5396825396825397,0.1626984126984127,0.051587301587301584,0.5515873015873016,0.9365079365079365,BRD_20260378,빵굼터,0.10392609699769054,False,7691.613419787611,80.52328852811054,10,34,0.2863741339491917,True,0.3295496535796767,0.4799653579676674,0.6303810623556582,312.0,232.0,130.0,224.66666666666666,False,direct_size_estimation_deferred,매장 면적·좌석·점포별 매출이 없어 규모별 적합도와 argmax 규모는 산출하지 않음,1.0702244825220486,0.4665127020785219,usable_area_profile,True,balanced,True,0.4899018475750578,118.0,0.3733641262509623,0.0432955668202947,2.151457589507672,0.9653579676674365,True,True,0.7399422632794458,16.0
3120246,길동역,11740,916043297.0,88020.0,10407.217643717337,0.8409930715935335,0.8452380952380952,0.06746031746031746,0.7063492063492064,0.38492063492063494,0.6626984126984127,0.7182539682539683,0.5833333333333334,0.06746031746031746,0.6507936507936508,BRD_20260378,빵굼터,0.6766743648960739,False,7778.07546893276,87.92041856413586,26,72,0.5750577367205543,True,0.7259699769053118,0.7588337182448037,0.7916974595842956,74.0,44.0,35.0,51.0,False,direct_size_estimation_deferred,매장 면적·좌석·점포별 매출이 없어 규모별 적합도와 argmax 규모는 산출하지 않음,0.3587389005097854,0.9699769053117783,usable_area_profile,True,balanced,True,0.6930773672055427,6.0,0.9336989992301771,0.045263740311288866,0.801478309837188,0.7066974595842956,True,True,0.7397113163972286,17.0
3130147,쌍문역동측상점가,11320,2520521582.0,295704.0,8523.799414279145,0.8990762124711316,0.7182539682539683,0.11904761904761904,0.6071428571428571,0.25793650793650796,0.3611111111111111,0.24603174603174602,0.19047619047619047,0.4246031746031746,0.9126984126984127,BRD_20260378,빵굼터,0.197459584295612,False,8117.270538760484,76.05918750239688,27,48,0.6379907621247114,True,0.4079445727482679,0.5482678983833718,0.6885912240184757,276.0,175.0,91.0,180.66666666666666,False,direct_size_estimation_deferred,매장 면적·좌석·점포별 매출이 없어 규모별 적합도와 argmax 규모는 산출하지 않음,0.6849244713527842,0.7667436489607391,usable_area_profile,True,balanced,True,0.6023498845265588,45.0,0.6961123941493456,0.054715264551979156,1.2908875683913452,0.8337182448036952,True,True,0.7375346420323325,18.0
3110883,은천초등학교(은천교앞),11620,384324031.0,36658.0,10484.042528233946,0.6409930715935335,0.6944444444444444,0.5833333333333334,0.49603174603174605,0.8611111111111112,0.9801587301587301,0.8690476190476191,0.027777777777777776,0.051587301587301584,0.3412698412698413,BRD_20260378,빵굼터,0.1605080831408776,False,1591.1718951905716,165.06059494972328,13,69,0.17840646651270212,True,0.3046535796766744,0.40075057736720554,0.4968475750577367,324.0,289.0,217.0,276.6666666666667,False,direct_size_estimation_deferred,매장 면적·좌석·점포별 매출이 없어 규모별 적합도와 argmax 규모는 산출하지 않음,0.3177816005904173,0.9884526558891455,usable_area_profile,True,balanced,True,0.6918129330254041,7.0,0.9701693610469592,0.026750654894371177,0.6834709248943852,0.6812933025404158,True,True,0.7345900692840646,19.0
3111044,남천초등학교,11710,694053735.0,54045.0,12842.145156813765,0.7971131639722864,0.8531746031746031,0.13095238095238096,0.6746031746031746,0.9325396825396826,0.8928571428571429,0.7063492063492064,0.4087301587301587,0.03968253968253968,0.5436507936507936,BRD_20260378,빵굼터,0.44341801385681295,False,11992.744848474484,165.07574017001778,11,20,0.1374133949191686,True,0.549526558891455,0.6202655889145496,0.6910046189376443,193.0,124.0,89.0,135.33333333333334,False,direct_size_estimation_deferred,매장 면적·좌석·점포별 매출이 없어 규모별 적합도와 argmax 규모는 산출하지 않음,0.8395330847881464,0.6189376443418013,usable_area_profile,True,balanced,True,0.5678464203233256,62.0,0.5185719784449576,0.07843322976869689,1.2796319390751414,0.8244803695150116,True,True,0.7339953810623555,20.0
3120158,녹두거리(대학동),11620,695809095.0,79236.0,8781.476790852643,0.7778290993071594,0.6944444444444444,0.5833333333333334,0.49603174603174605,0.8611111111111112,0.9801587301587301,0.8690476190476191,0.027777777777777776,0.051587301587301584,0.3412698412698413,BRD_20150052,빵장수단팥빵,0.42609699769053117,False,1674.1786045874655,107.28000742995447,15,20,0.3135103926096998,True,0.5316166281755196,0.6019630484988453,0.6723094688221709,192.0,137.0,97.0,142.0,False,direct_size_estimation_deferred,매장 면적·좌석·점포별 매출이 없어 규모별 적합도와 argmax 규모는 산출하지 않음,0.43023750929636867,0.976905311778291,usable_area_profile,True,balanced,True,0.7136662817551963,5.0,0.7973441108545035,0.09329858848587673,1.9245864684326808,0.9422632794457275,True,True,0.8562990762124711,1.0
3120069,상봉역,11260,1511381851.0,142985.0,10570.212616708046,0.9086605080831409,0.8492063492063492,0.40476190476190477,0.5,0.39285714285714285,0.623015873015873,0.5714285714285714,0.16666666666666666,0.32936507936507936,0.8134920634920635,BRD_20150052,빵장수단팥빵,0.5981524249422633,False,7592.290431732478,89.18520055817115,16,56,0.3920323325635104,True,0.6913048498845266,0.753406466512702,0.8155080831408775,103.0,62.0,38.0,67.66666666666667,False,direct_size_estimation_deferred,매장 면적·좌석·점포별 매출이 없어 규모별 적합도와 argmax 규모는 산출하지 않음,0.44588146829202646,0.9745958429561201,usable_area_profile,True,balanced,True,0.7465242494226327,1.0,0.8804849884526559,0.07129084880344481,1.3200972646985338,0.859122401847575,True,True,0.8498210161662818,2.0
3120153,노량진역(노량진),11590,595426544.0,103117.0,5774.2810981700395,0.7636258660508083,0.8611111111111112,0.5158730158730159,0.42857142857142855,0.753968253968254,0.9563492063492064,0.6626984126984127,0.11507936507936507,0.09523809523809523,0.5674603174603174,BRD_20150052,빵장수단팥빵,0.4907621247113164,False,1166.0274439347224,132.0075755359234,5,24,0.09526558891454966,True,0.572621247113164,0.6271939953810624,0.6817667436489607,163.0,126.0,89.0,126.0,False,direct_size_estimation_deferred,매장 면적·좌석·점포별 매출이 없어 규모별 적합도와 argmax 규모는 산출하지 않음,0.7485443820761991,0.8152424942263279,usable_area_profile,True,balanced,True,0.6606004618937643,20.0,0.6104695919938414,0.14073458980335543,1.4550289485947272,0.8845265588914549,True,True,0.8131812933025403,3.0
3130002,세종마을음식문화거리(금천교시장),11110,1427114674.0,119648.0,11927.609939154854,0.9169745958429562,0.876984126984127,0.42857142857142855,0.503968253968254,0.75,0.9444444444444444,0.8531746031746031,0.2619047619047619,0.05952380952380952,0.3611111111111111,BRD_20150052,빵장수단팥빵,0.8660508083140878,False,5599.263612282099,20.248456733787368,42,68,0.9359122401847575,True,0.8813279445727482,0.891512702078522,0.9016974595842957,24.0,19.0,17.0,20.0,False,direct_size_estimation_deferred,매장 면적·좌석·점포별 매출이 없어 규모별 적합도와 argmax 규모는 산출하지 않음,0.3762318642770227,0.9930715935334873,usable_area_profile,True,balanced,True,0.6770900692840647,12.0,0.8386258660508084,0.0896455606092903,1.7228485876262472,0.9145496535796767,True,True,0.79844688221709,4.0
3110861,관악구신사동주민센터,11620,589729084.0,55496.0,10626.515136226035,0.7545034642032333,0.6944444444444444,0.5833333333333334,0.49603174603174605,0.8611111111111112,0.9801587301587301,0.8690476190476191,0.027777777777777776,0.051587301587301584,0.3412698412698413,BRD_20150052,빵장수단팥빵,0.42609699769053117,False,1186.9056407548846,95.41488351930987,18,53,0.42205542725173206,True,0.5246189376443418,0.5903002309468822,0.6559815242494227,193.0,143.0,114.0,150.0,False,direct_size_estimation_deferred,매장 면적·좌석·점포별 매출이 없어 규모별 적합도와 argmax 규모는 산출하지 않음,0.5888461416080417,0.9006928406466512,usable_area_profile,True,balanced,True,0.6511143187066974,24.0,0.793206312548114,0.06850646125718389,1.5689983999467743,0.8983833718244804,True,True,0.7926039260969977,5.0
3120081,노원역,11350,1459224642.0,143889.0,10141.32172716469,0.8973441108545035,0.8928571428571429,0.08333333333333333,0.7222222222222222,0.9444444444444444,0.7777777777777778,0.30158730158730157,0.38095238095238093,0.4444444444444444,0.6071428571428571,BRD_20150052,빵장수단팥빵,0.45958429561200925,False,14465.797039898991,36.878177844323965,34,60,0.8556581986143187,True,0.5909122401847575,0.6784642032332564,0.7660161662817552,152.0,93.0,57.0,100.66666666666667,False,direct_size_estimation_deferred,매장 면적·좌석·점포별 매출이 없어 규모별 적합도와 argmax 규모는 산출하지 않음,0.4159277030949891,0.9861431870669746,usable_area_profile,True,balanced,True,0.6787933025404158,10.0,0.9020400307929176,0.05683977116601459,1.4796533228188573,0.8891454965357968,True,True,0.7923556581986144,6.0
3120246,길동역,11740,916043297.0,88020.0,10407.217643717337,0.8409930715935335,0.8452380952380952,0.06746031746031746,0.7063492063492064,0.38492063492063494,0.6626984126984127,0.7182539682539683,0.5833333333333334,0.06746031746031746,0.6507936507936508,BRD_20150052,빵장수단팥빵,0.6766743648960739,False,709.7633408396879,87.92041856413586,26,71,0.5762124711316396,True,0.7259699769053118,0.7588337182448037,0.7916974595842956,87.0,59.0,45.0,63.666666666666664,False,direct_size_estimation_deferred,매장 면적·좌석·점포별 매출이 없어 규모별 적합도와 argmax 규모는 산출하지 않음,0.42125583196869165,0.9792147806004619,usable_area_profile,True,balanced,True,0.6975230946882216,7.0,0.9336989992301771,0.045263740311288866,1.0055682773288857,0.8106235565819861,True,True,0.783879907621247,7.0
3001496,강남 마이스 관광특구,11680,1293218183.0,103941.0,12441.848577558423,0.9066974595842956,0.7817460317460317,0.18253968253968253,0.75,0.6468253968253969,0.8531746031746031,0.9206349206349206,0.4365079365079365,0.027777777777777776,0.4880952380952381,BRD_20150052,빵장수단팥빵,0.9214780600461894,False,6864.103291772209,97.94386148455335,20,41,0.45669745958429564,True,0.9170438799076213,0.9140877598152425,0.9111316397228637,12.0,10.0,14.0,12.0,False,direct_size_estimation_deferred,매장 면적·좌석·점포별 매출이 없어 규모별 적합도와 argmax 규모는 산출하지 않음,0.7819630706878523,0.7759815242494226,usable_area_profile,True,balanced,True,0.6368302540415703,28.0,0.6463625866050808,0.09680938525641579,1.3389087979540866,0.8614318706697459,True,True,0.7808718244803694,8.0
3120060,강변역(테크노마트),11215,634850328.0,74554.0,8515.308742656329,0.7554272517321016,0.8650793650793651,0.5238095238095238,0.6309523809523809,0.7698412698412699,0.9087301587301587,0.7023809523809523,0.1388888888888889,0.0992063492063492,0.6031746031746031,BRD_20150052,빵장수단팥빵,0.7840646651270208,False,3160.0509489590054,50.00000000812579,11,38,0.4411085450346421,True,0.775473441108545,0.7697459584295612,0.7640184757505772,64.0,54.0,59.0,59.0,False,direct_size_estimation_deferred,매장 면적·좌석·점포별 매출이 없어 규모별 적합도와 argmax 규모는 산출하지 않음,0.7531034340946874,0.8036951501154734,usable_area_profile,True,balanced,True,0.6000808314087759,55.0,0.6147998460354118,0.0967414916474616,1.9525779566064614,0.9445727482678984,True,True,0.7793995381062354,9.0
3120028,명동(명동거리),11140,1220806458.0,114833.0,10631.14660419914,0.888799076212471,0.873015873015873,0.5793650793650794,0.6428571428571429,0.34523809523809523,0.8571428571428571,0.8214285714285714,0.0873015873015873,0.023809523809523808,0.8293650793650794,BRD_20150052,빵장수단팥빵,0.20092378752886836,False,6081.440372137425,30.675723307169914,43,94,0.9053117782909931,True,0.4072863741339491,0.5448614318706697,0.6824364896073901,262.0,171.0,88.0,173.66666666666666,False,direct_size_estimation_deferred,매장 면적·좌석·점포별 매출이 없어 규모별 적합도와 argmax 규모는 산출하지 않음,0.47001040624933615,0.9630484988452656,usable_area_profile,True,balanced,True,0.6568071593533487,21.0,0.7916666666666666,0.12055488646333865,1.4216083412821015,0.8799076212471132,True,True,0.7717205542725173,10.0
3120057,아차산역,11215,481472585.0,48285.0,9971.473231852542,0.7008083140877599,0.8650793650793651,0.5238095238095238,0.6309523809523809,0.7698412698412699,0.9087301587301587,0.7023809523809523,0.1388888888888889,0.0992063492063492,0.6031746031746031,BRD_20150052,빵장수단팥빵,0.7840646651270208,False,4283.412658143288,182.38695125909172,27,57,0.4284064665127021,True,0.7590877598152426,0.7424364896073903,0.7257852193995381,70.0,64.0,71.0,68.33333333333333,False,direct_size_estimation_deferred,매장 면적·좌석·점포별 매출이 없어 규모별 적합도와 argmax 규모는 산출하지 않음,0.6460754176547564,0.8683602771362586,usable_area_profile,True,balanced,True,0.61520207852194,45.0,0.7135296381832178,0.09059293855413542,1.7090806571035229,0.9099307159353349,True,True,0.7704618937644342,11.0
3120245,둔촌역,11740,1831672609.0,200933.0,9115.837662305346,0.89364896073903,0.8452380952380952,0.06746031746031746,0.7063492063492064,0.38492063492063494,0.6626984126984127,0.7182539682539683,0.5833333333333334,0.06746031746031746,0.6507936507936508,BRD_20150052,빵장수단팥빵,0.6766743648960739,False,1244.8076156742081,53.225933566835145,37,65,0.785796766743649,True,0.7417667436489608,0.785161662817552,0.8285565819861431,79.0,52.0,35.0,55.333333333333336,False,direct_size_estimation_deferred,매장 면적·좌석·점포별 매출이 없어 규모별 적합도와 argmax 규모는 산출하지 않음,0.6376386885155637,0.8729792147806005,usable_area_profile,True,balanced,True,0.6313972286374134,32.0,0.7641454965357967,0.07137557557582579,1.5248033709960684,0.8937644341801386,True,True,0.7696247113163973,12.0
3110892,관악구 중앙길,11620,913081619.0,87290.0,10460.323278726086,0.8403002309468822,0.6944444444444444,0.5833333333333334,0.49603174603174605,0.8611111111111112,0.9801587301587301,0.8690476190476191,0.027777777777777776,0.051587301587301584,0.3412698412698413,BRD_20150052,빵장수단팥빵,0.42609699769053117,False,1764.5240151172154,165.92166821826325,24,76,0.39838337182448036,True,0.5503579676674364,0.6331986143187067,0.7160392609699768,180.0,122.0,76.0,126.0,False,direct_size_estimation_deferred,매장 면적·좌석·점포별 매출이 없어 규모별 적합도와 argmax 규모는 산출하지 않음,0.4933112515698235,0.9468822170900693,usable_area_profile,True,balanced,True,0.7077886836027714,6.0,0.8969399538106235,0.08337710218528369,0.5989925527570169,0.7321016166281755,True,True,0.7692378752886836,13.0
3110837,숭실대입구역 1번,11590,599844154.0,57757.0,10385.65289055872,0.7587759815242495,0.8611111111111112,0.5158730158730159,0.42857142857142855,0.753968253968254,0.9563492063492064,0.6626984126984127,0.11507936507936507,0.09523809523809523,0.5674603174603174,BRD_20150052,빵장수단팥빵,0.4907621247113164,False,2278.4402559330297,107.91200122156485,13,20,0.26327944572748263,True,0.5711662817551963,0.624769053117783,0.6783718244803696,164.0,128.0,92.0,128.0,False,direct_size_estimation_deferred,매장 면적·좌석·점포별 매출이 없어 규모별 적합도와 argmax 규모는 산출하지 않음,0.7568326133259202,0.7990762124711317,usable_area_profile,True,balanced,True,0.6256177829099308,35.0,0.7287336412625097,0.0576904289437942,1.2193109411121612,0.8521939953810623,True,True,0.7687413394919169,14.0
3110517,서대문소방서,11410,546942398.0,45380.0,12052.498854120759,0.7445727482678984,0.9444444444444444,0.5357142857142857,0.5357142857142857,0.9047619047619048,0.9325396825396826,0.44047619047619047,0.12301587301587301,0.1111111111111111,0.6746031746031746,BRD_20150052,빵장수단팥빵,0.279445727482679,False,3092.279579838298,103.00485425230637,3,36,0.14376443418013857,True,0.41898383371824477,0.5120092378752887,0.6050346420323326,255.0,198.0,140.0,197.66666666666666,False,direct_size_estimation_deferred,매장 면적·좌석·점포별 매출이 없어 규모별 적합도와 argmax 규모는 산출하지 않음,0.7946037887256849,0.7667436489607391,usable_area_profile,True,balanced,True,0.6224076212471131,37.0,0.6758083140877598,0.07936738086999894,1.1457519937810259,0.8383371824480369,True,True,0.7671651270207852,15.0
3110569,홍대땡땡거리,11440,535256918.0,58391.0,9166.770872223458,0.7200923787528869,0.9404761904761905,0.4246031746031746,0.5833333333333334,0.9642857142857143,0.9880952380952381,0.9841269841269841,0.1111111111111111,0.011904761904761904,0.051587301587301584,BRD_20150052,빵장수단팥빵,0.1397228637413395,False,1431.4817497838526,51.4781507020149,30,117,0.7661662817551963,True,0.3138337182448037,0.4299076212471132,0.5459815242494226,326.0,246.0,182.0,251.33333333333334,False,direct_size_estimation_deferred,매장 면적·좌석·점포별 매출이 없어 규모별 적합도와 argmax 규모는 산출하지 않음,0.4545127250401562,0.9699769053117783,usable_area_profile,True,balanced,True,0.6220958429561201,38.0,0.8238067744418783,0.07877986724200645,1.855424945321057,0.9330254041570438,True,True,0.7653060046189376,16.0
3120134,구로전화국,11545,721762263.0,64838.0,11131.77863290046,0.8124711316397228,0.753968253968254,0.7420634920634921,0.3531746031746032,0.24206349206349206,0.8690476190476191,0.873015873015873,0.04365079365079365,0.13095238095238096,0.6785714285714286,BRD_20150052,빵장수단팥빵,0.06581986143187067,False,2338.2407917333435,6.999999976891559,12,45,0.6079676674364896,True,0.2898152424942263,0.43914549653579676,0.5884757505773671,342.0,239.0,155.0,245.33333333333334,False,direct_size_estimation_deferred,매장 면적·좌석·점포별 매출이 없어 규모별 적합도와 argmax 규모는 산출하지 않음,0.7400136493469838,0.8198614318706697,usable_area_profile,True,balanced,True,0.6031004618937644,52.0,0.6861046959199384,0.0772473430305845,1.7315383378011215,0.9168591224018475,True,True,0.7652482678983833,17.0
3120038,약수역,11140,1550178516.0,134777.0,11501.803096967584,0.9235565819861433,0.873015873015873,0.5793650793650794,0.6428571428571429,0.34523809523809523,0.8571428571428571,0.8214285714285714,0.0873015873015873,0.023809523809523808,0.8293650793650794,BRD_20150052,빵장수단팥빵,0.20092378752886836,False,8105.492582172217,62.64183906448842,18,44,0.5502309468822171,True,0.4177136258660509,0.5622401847575058,0.7067667436489607,256.0,159.0,79.0,164.66666666666666,False,direct_size_estimation_deferred,매장 면적·좌석·점포별 매출이 없어 규모별 적합도와 argmax 규모는 산출하지 않음,0.4743195075071273,0.9561200923787528,usable_area_profile,True,balanced,True,0.718770207852194,3.0,0.9359122401847575,0.04410525527649033,0.4581733416418259,0.7020785219399538,True,True,0.7621997690531177,18.0
3120012,대학로(혜화역),11110,529590648.0,61110.0,8666.186352479135,0.7162817551963049,0.876984126984127,0.42857142857142855,0.503968253968254,0.75,0.9444444444444444,0.8531746031746031,0.2619047619047619,0.05952380952380952,0.3611111111111111,BRD_20150052,빵장수단팥빵,0.8660508083140878,False,8287.894605975773,76.48529269796715,29,59,0.6570438799076213,True,0.8211200923787528,0.7911662817551963,0.7612124711316397,46.0,51.0,61.0,52.666666666666664,False,direct_size_estimation_deferred,매장 면적·좌석·점포별 매출이 없어 규모별 적합도와 argmax 규모는 산출하지 않음,0.5891612331061278,0.8983833718244804,usable_area_profile,True,balanced,True,0.6013337182448037,54.0,0.6812933025404156,0.11320802190271019,1.9176209038492844,0.9376443418013857,True,True,0.7609006928406468,19.0
3120080,마들역,11350,1045100686.0,106340.0,9827.916926838443,0.858891454965358,0.8928571428571429,0.08333333333333333,0.7222222222222222,0.9444444444444444,0.7777777777777778,0.30158730158730157,0.38095238095238093,0.4444444444444444,0.6071428571428571,BRD_20150052,빵장수단팥빵,0.45958429561200925,False,15695.30968154214,45.607017023633105,8,32,0.4087759815242494,True,0.5793764434180139,0.6592378752886836,0.7390993071593533,158.0,105.0,66.0,109.66666666666667,False,direct_size_estimation_deferred,매장 면적·좌석·점포별 매출이 없어 규모별 적합도와 argmax 규모는 산출하지 않음,0.6507996928737154,0.8614318706697459,usable_area_profile,True,balanced,True,0.670011547344111,17.0,0.8119707467282525,0.07687419193039746,0.643403497317746,0.7528868360277137,True,True,0.7559353348729793,20.0
3120038,약수역,11140,1550178516.0,134777.0,11501.803096967584,0.9235565819861433,0.873015873015873,0.5793650793650794,0.6428571428571429,0.34523809523809523,0.8571428571428571,0.8214285714285714,0.0873015873015873,0.023809523809523808,0.8293650793650794,BRD_20211367,삼송빵집,0.17782909930715934,False,4921.42916236213,62.64183906448842,18,44,0.5508083140877598,True,0.4015473441108545,0.5506928406466514,0.699838337182448,265.0,160.0,88.0,171.0,False,direct_size_estimation_deferred,매장 면적·좌석·점포별 매출이 없어 규모별 적합도와 argmax 규모는 산출하지 않음,0.355374661498938,0.9792147806004619,usable_area_profile,True,balanced,True,0.730230946882217,1.0,0.9359122401847575,0.04410525527649033,0.9818000178039137,0.9214780600461894,True,True,0.8568013856812933,1.0
3120246,길동역,11740,916043297.0,88020.0,10407.217643717337,0.8409930715935335,0.8452380952380952,0.06746031746031746,0.7063492063492064,0.38492063492063494,0.6626984126984127,0.7182539682539683,0.5833333333333334,0.06746031746031746,0.6507936507936508,BRD_20211367,삼송빵집,0.6351039260969977,False,7511.365588214791,87.92041856413586,26,72,0.5767898383371824,True,0.6968706697459585,0.7380484988452656,0.7792263279445728,94.0,56.0,41.0,63.666666666666664,False,direct_size_estimation_deferred,매장 면적·좌석·점포별 매출이 없어 규모별 적합도와 argmax 규모는 산출하지 않음,0.35223559749264455,0.9861431870669746,usable_area_profile,True,balanced,True,0.7009006928406466,5.0,0.9336989992301771,0.045263740311288866,1.1586357529476594,0.9515011547344111,True,True,0.8422228637413395,2.0
3130222,오류시장,11530,677800421.0,66656.0,10168.633296327413,0.7894919168591223,0.8412698412698413,0.8373015873015873,0.5753968253968254,0.5238095238095238,0.7579365079365079,0.7380952380952381,0.18253968253968253,0.12698412698412698,0.7658730158730159,BRD_20211367,삼송빵집,0.5635103926096998,False,6081.266315508863,48.414873764798386,14,33,0.5161662817551963,True,0.6313048498845265,0.6765011547344111,0.7216974595842955,127.0,92.0,75.0,98.0,False,direct_size_estimation_deferred,매장 면적·좌석·점포별 매출이 없어 규모별 적합도와 argmax 규모는 산출하지 않음,0.41298028791691804,0.9630484988452656,usable_area_profile,True,balanced,True,0.680421478060046,10.0,0.9045419553502695,0.04485297674145903,1.304407148543089,0.9699769053117783,True,True,0.8363279445727483,3.0
3110161,중곡역 3번,11215,561704126.0,52018.0,10798.264562266908,0.7438799076212472,0.8650793650793651,0.5238095238095238,0.6309523809523809,0.7698412698412699,0.9087301587301587,0.7023809523809523,0.1388888888888889,0.0992063492063492,0.6031746031746031,BRD_20211367,삼송빵집,0.7586605080831409,False,3179.587551894085,237.05273672891286,6,28,0.032909930715935315,True,0.7542263279445728,0.751270207852194,0.7483140877598153,65.0,51.0,57.0,57.666666666666664,False,direct_size_estimation_deferred,매장 면적·좌석·점포별 매출이 없어 규모별 적합도와 argmax 규모는 산출하지 않음,0.8132776506480166,0.6882217090069285,usable_area_profile,True,balanced,True,0.5995323325635104,50.0,0.5714973056197075,0.0680820153808887,1.7144675100200795,0.9861431870669746,True,True,0.8191512702078522,4.0
3120226,석촌고분역,11710,497422151.0,44126.0,11272.767778633912,0.7166281755196304,0.8531746031746031,0.13095238095238096,0.6746031746031746,0.9325396825396826,0.8928571428571429,0.7063492063492064,0.4087301587301587,0.03968253968253968,0.5436507936507936,BRD_20211367,삼송빵집,0.3695150115473441,False,3480.8856631605663,58.872744129090485,22,78,0.6351039260969977,True,0.47364896073903,0.5430715935334873,0.6124942263279445,226.0,162.0,133.0,173.66666666666666,False,direct_size_estimation_deferred,매장 면적·좌석·점포별 매출이 없어 규모별 적합도와 argmax 규모는 산출하지 않음,0.33446307758275157,0.9953810623556582,usable_area_profile,True,balanced,True,0.65324480369515,18.0,0.9515973826020016,0.02519313875296893,1.737920795934839,0.9930715935334873,True,True,0.8155658198614318,5.0
3110883,은천초등학교(은천교앞),11620,384324031.0,36658.0,10484.042528233946,0.6409930715935335,0.6944444444444444,0.5833333333333334,0.49603174603174605,0.8611111111111112,0.9801587301587301,0.8690476190476191,0.027777777777777776,0.051587301587301584,0.3412698412698413,BRD_20211367,삼송빵집,0.24133949191685913,False,4087.556360481768,165.06059494972328,13,69,0.17782909930715937,True,0.36123556581986144,0.4411662817551963,0.5210969976905311,290.0,260.0,193.0,247.66666666666666,False,direct_size_estimation_deferred,매장 면적·좌석·점포별 매출이 없어 규모별 적합도와 argmax 규모는 산출하지 않음,0.35192801237630505,0.9884526558891455,usable_area_profile,True,balanced,True,0.6918995381062356,7.0,0.9701693610469592,0.026750654894371177,0.6834709248943852,0.8614318706697459,True,True,0.8067321016166282,6.0
3120158,녹두거리(대학동),11620,695809095.0,79236.0,8781.476790852643,0.7778290993071594,0.6944444444444444,0.5833333333333334,0.49603174603174605,0.8611111111111112,0.9801587301587301,0.8690476190476191,0.027777777777777776,0.051587301587301584,0.3412698412698413,BRD_20211367,삼송빵집,0.24133949191685913,False,5663.442151218367,107.28000742995447,15,20,0.3140877598152425,True,0.4022863741339492,0.5095842956120092,0.6168822170900693,264.0,189.0,131.0,194.66666666666666,False,direct_size_estimation_deferred,매장 면적·좌석·점포별 매출이 없어 규모별 적합도와 argmax 규모는 산출하지 않음,0.58806347945058,0.8752886836027713,usable_area_profile,True,balanced,True,0.6627713625866051,13.0,0.7973441108545035,0.09329858848587673,0.8354314252038963,0.8891454965357968,True,True,0.8044803695150116,7.0
3110861,관악구신사동주민센터,11620,589729084.0,55496.0,10626.515136226035,0.7545034642032333,0.6944444444444444,0.5833333333333334,0.49603174603174605,0.8611111111111112,0.9801587301587301,0.8690476190476191,0.027777777777777776,0.051587301587301584,0.3412698412698413,BRD_20211367,삼송빵집,0.24133949191685913,False,3637.0784979356768,95.41488351930987,18,53,0.4226327944572748,True,0.39528868360277136,0.4979214780600462,0.6005542725173211,267.0,203.0,139.0,203.0,False,direct_size_estimation_deferred,매장 면적·좌석·점포별 매출이 없어 규모별 적합도와 argmax 규모는 산출하지 않음,0.6084728807013028,0.8706697459584296,usable_area_profile,True,balanced,True,0.6360161662817553,29.0,0.793206312548114,0.06850646125718389,1.1307463849213555,0.9445727482678984,True,True,0.801986143187067,8.0
3120165,서래마을카페거리(서래마을),11650,2971488955.0,159582.0,18620.45189933702,0.9718244803695151,0.7619047619047619,0.2857142857142857,0.7023809523809523,0.6785714285714286,0.8293650793650794,0.7777777777777778,0.42857142857142855,0.08333333333333333,0.5198412698412699,BRD_20211367,삼송빵집,0.9064665127020786,False,4747.001685280006,18.110770263065373,12,56,0.5814087759815242,True,0.9260739030023095,0.9391454965357968,0.9522170900692841,3.0,1.0,1.0,1.6666666666666667,True,direct_size_estimation_deferred,매장 면적·좌석·점포별 매출이 없어 규모별 적합도와 argmax 규모는 산출하지 않음,0.6591715163387367,0.8152424942263279,usable_area_profile,True,balanced,True,0.6605484988452657,15.0,0.7512509622786759,0.08110629650978349,0.7889835278070296,0.8799076212471132,True,True,0.8008718244803696,9.0
3110892,관악구 중앙길,11620,913081619.0,87290.0,10460.323278726086,0.8403002309468822,0.6944444444444444,0.5833333333333334,0.49603174603174605,0.8611111111111112,0.9801587301587301,0.8690476190476191,0.027777777777777776,0.051587301587301584,0.3412698412698413,BRD_20211367,삼송빵집,0.24133949191685913,False,5186.3085137810895,165.92166821826325,24,76,0.3978060046189376,True,0.421027713625866,0.5408198614318707,0.6606120092378752,253.0,164.0,104.0,173.66666666666666,False,direct_size_estimation_deferred,매장 면적·좌석·점포별 매출이 없어 규모별 적합도와 argmax 규모는 산출하지 않음,0.4873792095575538,0.9376443418013857,usable_area_profile,True,balanced,True,0.7032563510392609,4.0,0.8969399538106235,0.08337710218528369,0.4881962424204591,0.792147806004619,True,True,0.7905715935334873,10.0
3110703,개봉역,11530,566848644.0,58936.0,9618.037260757432,0.7391454965357969,0.8412698412698413,0.8373015873015873,0.5753968253968254,0.5238095238095238,0.7579365079365079,0.7380952380952381,0.18253968253968253,0.12698412698412698,0.7658730158730159,BRD_20211367,삼송빵집,0.5635103926096998,False,4868.540643779933,17.720045128132952,13,29,0.605080831408776,True,0.6162009237875289,0.6513279445727483,0.6864549653579677,138.0,108.0,91.0,112.33333333333333,False,direct_size_estimation_deferred,매장 면적·좌석·점포별 매출이 없어 규모별 적합도와 argmax 규모는 산출하지 않음,0.4562073589097775,0.9468822170900693,usable_area_profile,True,balanced,True,0.6413799076212472,27.0,0.8985758275596613,0.054251327030210794,0.8904185791346219,0.9030023094688222,True,True,0.7762471131639723,11.0
3120068,사가정역,11260,944293896.0,91431.0,10327.940151589723,0.8467667436489608,0.8492063492063492,0.40476190476190477,0.5,0.39285714285714285,0.623015873015873,0.5714285714285714,0.16666666666666666,0.32936507936507936,0.8134920634920635,BRD_20211367,삼송빵집,0.9445727482678984,False,1748.4121367867892,42.201895677975386,26,50,0.773094688221709,True,0.9152309468822171,0.8956697459584295,0.876108545034642,4.0,7.0,11.0,7.333333333333333,False,direct_size_estimation_deferred,매장 면적·좌석·점포별 매출이 없어 규모별 적합도와 argmax 규모는 산출하지 않음,0.3818750801422233,0.976905311778291,usable_area_profile,True,balanced,True,0.6688568129330255,11.0,0.9523672055427251,0.03852949356737861,0.6368655272526418,0.8429561200923787,True,True,0.7683198614318705,12.0
3110810,영신초등학교,11560,325709619.0,29453.0,11058.62285675483,0.5928406466512702,0.8571428571428571,0.7698412698412699,0.5277777777777778,0.23809523809523808,0.9007936507936508,0.9761904761904762,0.3373015873015873,0.047619047619047616,0.25,BRD_20211367,삼송빵집,0.13394919168591224,False,953.2580972726794,74.63243262412867,11,40,0.34295612009237875,True,0.2716166281755196,0.36339491916859123,0.4551732101616628,354.0,308.0,236.0,299.3333333333333,False,direct_size_estimation_deferred,매장 면적·좌석·점포별 매출이 없어 규모별 적합도와 argmax 규모는 산출하지 않음,0.35271425469351225,0.9815242494226328,usable_area_profile,True,balanced,True,0.6468129330254042,22.0,0.941108545034642,0.05647173325249758,0.7156802538233291,0.8660508083140878,True,True,0.7672863741339493,13.0
3120056,구의역,11215,311680026.0,30426.0,10243.871228554526,0.5764434180138568,0.8650793650793651,0.5238095238095238,0.6309523809523809,0.7698412698412699,0.9087301587301587,0.7023809523809523,0.1388888888888889,0.0992063492063492,0.6031746031746031,BRD_20211367,삼송빵집,0.7586605080831409,False,3651.3505720304624,109.93179701028201,24,62,0.48325635103926096,True,0.7039953810623556,0.6675519630484988,0.631108545034642,89.0,97.0,121.0,102.33333333333333,False,direct_size_estimation_deferred,매장 면적·좌석·점포별 매출이 없어 규모별 적합도와 argmax 규모는 산출하지 않음,0.3321161933972526,0.9976905311778291,usable_area_profile,True,balanced,True,0.6281120092378754,32.0,0.9880677444187836,0.010739200973532492,0.8960430839092699,0.9099307159353349,True,True,0.7637240184757506,14.0
3120101,합정역,11440,1552802578.0,170078.0,9129.943778736815,0.8870669745958429,0.9404761904761905,0.4246031746031746,0.5833333333333334,0.9642857142857143,0.9880952380952381,0.9841269841269841,0.1111111111111111,0.011904761904761904,0.051587301587301584,BRD_20211367,삼송빵집,0.06351039260969978,False,3786.5980774082245,38.327535776922915,34,129,0.8435334872979214,True,0.31057736720554274,0.4752886836027714,0.64,320.0,222.0,116.0,219.33333333333334,False,direct_size_estimation_deferred,매장 면적·좌석·점포별 매출이 없어 규모별 적합도와 argmax 규모는 산출하지 않음,0.5857052508221674,0.8799076212471132,usable_area_profile,True,balanced,True,0.6238972286374134,35.0,0.8238067744418783,0.06602601379344257,0.8496779311975754,0.8937644341801386,True,True,0.7610681293302541,15.0
3111044,남천초등학교,11710,694053735.0,54045.0,12842.145156813765,0.7971131639722864,0.8531746031746031,0.13095238095238096,0.6746031746031746,0.9325396825396826,0.8928571428571429,0.7063492063492064,0.4087301587301587,0.03968253968253968,0.5436507936507936,BRD_20211367,삼송빵집,0.3695150115473441,False,8060.405945109764,165.07574017001778,11,20,0.1374133949191686,True,0.4977944572748268,0.5833140877598153,0.6688337182448036,205.0,139.0,98.0,147.33333333333334,False,direct_size_estimation_deferred,매장 면적·좌석·점포별 매출이 없어 규모별 적합도와 argmax 규모는 산출하지 않음,0.9517977388394947,0.5889145496535797,usable_area_profile,True,balanced,True,0.5528348729792147,77.0,0.5185719784449576,0.07843322976869689,0.8968465459865095,0.9122401847575058,True,True,0.7600923787528869,16.0
3110601,신월1동우편취급국,11470,441016625.0,40173.0,10977.93605157693,0.6785219399538106,0.8055555555555556,0.2222222222222222,0.5158730158730159,0.5873015873015873,0.5079365079365079,0.2896825396825397,0.4801587301587302,0.30952380952380953,0.7738095238095238,BRD_20211367,삼송빵집,0.9803695150115473,False,3463.0023101511056,258.54980178856624,8,40,0.048498845265588904,True,0.8898152424942263,0.829445727482679,0.7690762124711316,11.0,20.0,44.0,25.0,False,direct_size_estimation_deferred,매장 면적·좌석·점포별 매출이 없어 규모별 적합도와 argmax 규모는 산출하지 않음,0.6423098784998309,0.8290993071593533,usable_area_profile,True,balanced,True,0.644757505773672,24.0,0.7864703618167822,0.08887308212787294,0.4796609313181629,0.7852193995381063,True,True,0.7590993071593533,17.0
3120134,구로전화국,11545,721762263.0,64838.0,11131.77863290046,0.8124711316397228,0.753968253968254,0.7420634920634921,0.3531746031746032,0.24206349206349206,0.8690476190476191,0.873015873015873,0.04365079365079365,0.13095238095238096,0.6785714285714286,BRD_20211367,삼송빵집,0.10739030023094688,False,3971.191886597138,6.999999976891559,12,45,0.6079676674364896,True,0.3189145496535797,0.45993071593533486,0.60094688221709,312.0,244.0,138.0,231.33333333333334,False,direct_size_estimation_deferred,매장 면적·좌석·점포별 매출이 없어 규모별 적합도와 argmax 규모는 산출하지 않음,0.7296210909498353,0.7667436489607391,usable_area_profile,True,balanced,True,0.5765415704387992,64.0,0.6861046959199384,0.0772473430305845,1.0439058468182312,0.9353348729792148,True,True,0.7567032332563511,18.0
3120159,서울대입구역,11620,577357524.0,63766.0,9054.316155945175,0.7378752886836027,0.6944444444444444,0.5833333333333334,0.49603174603174605,0.8611111111111112,0.9801587301587301,0.8690476190476191,0.027777777777777776,0.051587301587301584,0.3412698412698413,BRD_20211367,삼송빵집,0.24133949191685913,False,5491.524014345539,112.61438631512817,37,77,0.575635103926097,True,0.3903002309468822,0.4896073903002309,0.5889145496535796,273.0,211.0,146.0,210.0,False,direct_size_estimation_deferred,매장 면적·좌석·점포별 매출이 없어 규모별 적합도와 argmax 규모는 산출하지 않음,0.5536918893977816,0.9006928406466512,usable_area_profile,True,balanced,True,0.622257505773672,37.0,0.829003079291763,0.0995776204483711,0.7199384865001658,0.8683602771362586,True,True,0.7525692840646651,19.0
3120152,신대방삼거리역,11590,953145793.0,102228.0,9323.72532965528,0.8353348729792147,0.8611111111111112,0.5158730158730159,0.42857142857142855,0.753968253968254,0.9563492063492064,0.6626984126984127,0.11507936507936507,0.09523809523809523,0.5674603174603174,BRD_20211367,삼송빵집,0.5969976905311778,False,2502.205826878229,79.30952023733208,18,47,0.4780600461893764,True,0.6684988452655889,0.7161662817551963,0.7638337182448035,104.0,67.0,50.0,73.66666666666667,False,direct_size_estimation_deferred,매장 면적·좌석·점포별 매출이 없어 규모별 적합도와 argmax 규모는 산출하지 않음,0.5684322890323502,0.8845265588914549,usable_area_profile,True,balanced,True,0.6629214780600462,12.0,0.8480561970746728,0.08187605247578715,0.44543380773721736,0.76905311778291,True,True,0.7518706697459585,20.0
3120153,노량진역(노량진),11590,595426544.0,103117.0,5774.2810981700395,0.7636258660508083,0.8611111111111112,0.5158730158730159,0.42857142857142855,0.753968253968254,0.9563492063492064,0.6626984126984127,0.11507936507936507,0.09523809523809523,0.5674603174603174,BRD_20230468,소림사,0.9018475750577367,False,2461.528996417717,132.0075755359234,5,24,0.09526558891454966,True,0.8603810623556583,0.8327367205542725,0.8050923787528868,24.0,26.0,37.0,29.0,False,direct_size_estimation_deferred,매장 면적·좌석·점포별 매출이 없어 규모별 적합도와 argmax 규모는 산출하지 않음,0.6775002310881403,0.8845265588914549,usable_area_profile,True,balanced,True,0.6952424942263279,6.0,0.6104695919938414,0.14073458980335543,1.9473319763147479,0.930715935334873,True,True,0.8524422632794458,1.0
3001496,강남 마이스 관광특구,11680,1293218183.0,103941.0,12441.848577558423,0.9066974595842956,0.7817460317460317,0.18253968253968253,0.75,0.6468253968253969,0.8531746031746031,0.9206349206349206,0.4365079365079365,0.027777777777777776,0.4880952380952381,BRD_20230468,소림사,0.7066974595842956,False,4177.65316897119,97.94386148455335,20,41,0.4578521939953811,True,0.7666974595842956,0.8066974595842956,0.8466974595842955,64.0,36.0,24.0,41.333333333333336,False,direct_size_estimation_deferred,매장 면적·좌석·점포별 매출이 없어 규모별 적합도와 argmax 규모는 산출하지 않음,0.7419993643927456,0.8337182448036952,usable_area_profile,True,balanced,True,0.6655254041570439,13.0,0.6463625866050808,0.09680938525641579,1.935304699047222,0.9284064665127021,True,True,0.8248094688221709,2.0
3120037,동대문역사문화공원역,11140,991150857.0,75063.0,13204.253187322649,0.8695150115473441,0.873015873015873,0.5793650793650794,0.6428571428571429,0.34523809523809523,0.8571428571428571,0.8214285714285714,0.0873015873015873,0.023809523809523808,0.8293650793650794,BRD_20230468,소림사,0.26096997690531176,False,1705.5629569499367,125.25573836405046,15,74,0.2806004618937644,True,0.44353348729792147,0.5652424942263279,0.6869515011547344,244.0,152.0,90.0,162.0,False,direct_size_estimation_deferred,매장 면적·좌석·점포별 매출이 없어 규모별 적합도와 argmax 규모는 산출하지 않음,0.5405237524648763,0.9445727482678984,usable_area_profile,True,balanced,True,0.7345265588914549,2.0,0.7372016936104696,0.1468679111485937,1.4119561790976993,0.8036951501154734,True,True,0.8236143187066974,3.0
3120069,상봉역,11260,1511381851.0,142985.0,10570.212616708046,0.9086605080831409,0.8492063492063492,0.40476190476190477,0.5,0.39285714285714285,0.623015873015873,0.5714285714285714,0.16666666666666666,0.32936507936507936,0.8134920634920635,BRD_20230468,소림사,0.8706697459584296,False,5607.677772457989,89.18520055817115,16,56,0.3937644341801385,True,0.8820669745958429,0.8896651270207853,0.8972632794457274,16.0,12.0,8.0,12.0,False,direct_size_estimation_deferred,매장 면적·좌석·점포별 매출이 없어 규모별 적합도와 argmax 규모는 산출하지 않음,0.5176113503269802,0.9561200923787528,usable_area_profile,True,balanced,True,0.7370265588914549,1.0,0.8804849884526559,0.07129084880344481,1.0609370654939128,0.7113163972286374,True,True,0.7848960739030022,4.0
3120007,북촌(안국역),11110,2793612723.0,181880.0,15359.647696283264,0.9692840646651271,0.876984126984127,0.42857142857142855,0.503968253968254,0.75,0.9444444444444444,0.8531746031746031,0.2619047619047619,0.05952380952380952,0.3611111111111111,BRD_20230468,소림사,0.7990762124711316,False,751.1757450478785,12.369316868791929,25,68,0.8654734411085451,True,0.8501385681293301,0.8841801385681294,0.9182217090069283,28.0,14.0,6.0,16.0,False,direct_size_estimation_deferred,매장 면적·좌석·점포별 매출이 없어 규모별 적합도와 argmax 규모는 산출하지 않음,0.8235552289895036,0.7713625866050808,usable_area_profile,True,balanced,True,0.5951096997690531,56.0,0.5481139337952271,0.10224605531960257,2.1834451423286607,0.9653579676674365,True,True,0.7785161662817554,5.0
3110892,관악구 중앙길,11620,913081619.0,87290.0,10460.323278726086,0.8403002309468822,0.6944444444444444,0.5833333333333334,0.49603174603174605,0.8611111111111112,0.9801587301587301,0.8690476190476191,0.027777777777777776,0.051587301587301584,0.3412698412698413,BRD_20230468,소림사,0.34757505773672054,False,1979.0040424053163,165.92166821826325,24,76,0.39838337182448036,True,0.495392609699769,0.5939376443418014,0.6924826789838336,211.0,136.0,86.0,144.33333333333334,False,direct_size_estimation_deferred,매장 면적·좌석·점포별 매출이 없어 규모별 적합도와 argmax 규모는 산출하지 않음,0.42180319385918774,0.9884526558891455,usable_area_profile,True,balanced,True,0.7285739030023095,3.0,0.8969399538106235,0.08337710218528369,1.0975759492715291,0.7228637413394919,True,True,0.778013856812933,6.0
3120189,강남역,11650,2264625138.0,228243.0,9921.991640488426,0.9191685912240184,0.7619047619047619,0.2857142857142857,0.7023809523809523,0.6785714285714286,0.8293650793650794,0.7777777777777778,0.42857142857142855,0.08333333333333333,0.5198412698412699,BRD_20230468,소림사,0.9780600461893765,False,6454.102958563836,81.40024571316536,23,77,0.5531177829099307,True,0.960392609699769,0.9486143187066974,0.9368360277136258,2.0,2.0,2.0,2.0,False,direct_size_estimation_deferred,매장 면적·좌석·점포별 매출이 없어 규모별 적합도와 argmax 규모는 산출하지 않음,0.9727938305065753,0.6443418013856813,usable_area_profile,True,balanced,True,0.5609122401847575,79.0,0.39703618167821403,0.10832993337780722,2.282892751765792,0.9745958429561201,True,True,0.7759237875288683,7.0
3120006,종각역,11110,3016948830.0,169455.0,17803.834823404442,0.9732101616628176,0.876984126984127,0.42857142857142855,0.503968253968254,0.75,0.9444444444444444,0.8531746031746031,0.2619047619047619,0.05952380952380952,0.3611111111111111,BRD_20230468,소림사,0.7990762124711316,False,817.883243487563,42.201895712860484,34,121,0.8285219399538106,True,0.8513163972286373,0.8861431870669746,0.9209699769053117,26.0,13.0,5.0,14.666666666666666,True,direct_size_estimation_deferred,매장 면적·좌석·점포별 매출이 없어 규모별 적합도와 argmax 규모는 산출하지 않음,0.7220956853044487,0.8498845265588915,usable_area_profile,True,balanced,True,0.6412875288683604,26.0,0.6086412625096228,0.14289846366734366,1.6882145395968982,0.8706697459584296,True,True,0.770918013856813,8.0
3120060,강변역(테크노마트),11215,634850328.0,74554.0,8515.308742656329,0.7554272517321016,0.8650793650793651,0.5238095238095238,0.6309523809523809,0.7698412698412699,0.9087301587301587,0.7023809523809523,0.1388888888888889,0.0992063492063492,0.6031746031746031,BRD_20230468,소림사,0.9364896073903002,False,2404.7224371907696,50.00000000812579,11,38,0.44226327944572746,True,0.8821709006928405,0.8459584295612008,0.809745958429561,15.0,22.0,36.0,24.333333333333332,False,direct_size_estimation_deferred,매장 면적·좌석·점포별 매출이 없어 규모별 적합도와 argmax 규모는 산출하지 않음,0.8009108830956162,0.7967667436489607,usable_area_profile,True,balanced,True,0.5964434180138567,54.0,0.6147998460354118,0.0967414916474616,1.880960222079887,0.9237875288683602,True,True,0.7688337182448037,9.0
3120218,코엑스,11680,817082884.0,73448.0,11124.64442871147,0.8325635103926097,0.7817460317460317,0.18253968253968253,0.75,0.6468253968253969,0.8531746031746031,0.9206349206349206,0.4365079365079365,0.027777777777777776,0.4880952380952381,BRD_20230468,소림사,0.7066974595842956,False,4077.946787320079,37.215588113896615,20,42,0.7015011547344111,True,0.7444572748267898,0.7696304849884527,0.7948036951501154,73.0,49.0,45.0,55.666666666666664,False,direct_size_estimation_deferred,매장 면적·좌석·점포별 매출이 없어 규모별 적합도와 argmax 규모는 산출하지 않음,0.7620929028196113,0.8152424942263279,usable_area_profile,True,balanced,True,0.5937933025404156,57.0,0.6758083140877598,0.06973715522685474,1.9994245490081892,0.9353348729792148,True,True,0.7632505773672055,10.0
3120149,여의도역(여의도),11560,3585532298.0,257766.0,13910.02807973123,0.9752886836027713,0.8571428571428571,0.7698412698412699,0.5277777777777778,0.23809523809523808,0.9007936507936508,0.9761904761904762,0.3373015873015873,0.047619047619047616,0.25,BRD_20230468,소림사,0.21709006928406466,False,3344.125147217018,175.93180492668327,36,58,0.47979214780600465,True,0.4445496535796767,0.596189376443418,0.7478290993071592,243.0,135.0,62.0,146.66666666666666,False,direct_size_estimation_deferred,매장 면적·좌석·점포별 매출이 없어 규모별 적합도와 argmax 규모는 산출하지 않음,0.9093980263749852,0.6951501154734412,usable_area_profile,True,balanced,True,0.6169572748267897,38.0,0.5236720554272517,0.11142881405442223,1.5389023162576152,0.8337182448036952,True,True,0.7626501154734411,11.0
3120028,명동(명동거리),11140,1220806458.0,114833.0,10631.14660419914,0.888799076212471,0.873015873015873,0.5793650793650794,0.6428571428571429,0.34523809523809523,0.8571428571428571,0.8214285714285714,0.0873015873015873,0.023809523809523808,0.8293650793650794,BRD_20230468,소림사,0.26096997690531176,False,1434.1635192731487,30.675723307169914,43,94,0.9053117782909931,True,0.4493187066974595,0.5748845265588913,0.7004503464203231,239.0,146.0,79.0,154.66666666666666,False,direct_size_estimation_deferred,매장 면적·좌석·점포별 매출이 없어 규모별 적합도와 argmax 규모는 산출하지 않음,0.47261572509234406,0.9722863741339491,usable_area_profile,True,balanced,True,0.6614260969976905,14.0,0.7916666666666666,0.12055488646333865,1.498236303529761,0.8290993071593533,True,True,0.7541685912240184,12.0
3120119,발산역(마곡),11500,2401733989.0,206918.0,11607.177669414938,0.9505773672055428,0.8373015873015873,0.23809523809523808,0.623015873015873,0.32142857142857145,0.8333333333333334,0.9246031746031746,0.46825396825396826,0.05555555555555555,0.42063492063492064,BRD_20230468,소림사,0.4976905311778291,False,10175.056019495874,55.470712991852245,37,103,0.7800230946882217,True,0.6335565819861431,0.7241339491916859,0.8147113163972286,126.0,69.0,34.0,76.33333333333333,False,direct_size_estimation_deferred,매장 면적·좌석·점포별 매출이 없어 규모별 적합도와 argmax 규모는 산출하지 않음,0.8248858133583447,0.76905311778291,usable_area_profile,True,balanced,True,0.6002251732101617,50.0,0.5261739799846036,0.13960795160237593,1.7397228095578827,0.8868360277136259,True,True,0.7536200923787529,13.0
3120101,합정역,11440,1552802578.0,170078.0,9129.943778736815,0.8870669745958429,0.9404761904761905,0.4246031746031746,0.5833333333333334,0.9642857142857143,0.9880952380952381,0.9841269841269841,0.1111111111111111,0.011904761904761904,0.051587301587301584,BRD_20230468,소림사,0.049653579676674366,False,5174.717866724285,38.327535776922915,34,129,0.8435334872979214,True,0.30087759815242493,0.46836027713625866,0.6358429561200923,332.0,240.0,125.0,232.33333333333334,False,direct_size_estimation_deferred,매장 면적·좌석·점포별 매출이 없어 규모별 적합도와 argmax 규모는 산출하지 않음,0.6151782931060874,0.9214780600461894,usable_area_profile,True,balanced,True,0.6446824480369515,24.0,0.8238067744418783,0.06602601379344257,1.4792849059443196,0.8244803695150116,True,True,0.7458256351039262,14.0
3120107,공덕역(공덕오거리),11440,1051109080.0,111230.0,9449.870358716174,0.8578521939953809,0.9404761904761905,0.4246031746031746,0.5833333333333334,0.9642857142857143,0.9880952380952381,0.9841269841269841,0.1111111111111111,0.011904761904761904,0.051587301587301584,BRD_20230468,소림사,0.049653579676674366,False,2166.5502532804,80.05623025110103,24,77,0.5785219399538106,True,0.2921131639722863,0.45375288683602766,0.6153926096997689,336.0,249.0,140.0,241.66666666666666,False,direct_size_estimation_deferred,매장 면적·좌석·점포별 매출이 없어 규모별 적합도와 argmax 규모는 산출하지 않음,0.4429433892550649,0.9815242494226328,usable_area_profile,True,balanced,True,0.7042321016166282,5.0,0.9156081601231717,0.06710078505723298,0.9823445320831735,0.6951501154734411,True,True,0.743094688221709,15.0
3110064,효창공원앞역 2번,11170,435220620.0,25093.0,17344.303989160322,0.6389145496535797,0.8849206349206349,0.6428571428571429,0.5873015873015873,0.5912698412698413,0.9365079365079365,0.9484126984126984,0.2857142857142857,0.04365079365079365,0.32936507936507936,BRD_20230468,소림사,0.7586605080831409,False,1841.0173817531268,123.76186807759362,25,73,0.47517321016166286,True,0.7227367205542725,0.6987875288683603,0.674838337182448,82.0,86.0,97.0,88.33333333333333,False,direct_size_estimation_deferred,매장 면적·좌석·점포별 매출이 없어 규모별 적합도와 argmax 규모는 산출하지 않음,0.8192231711988252,0.7782909930715936,usable_area_profile,True,balanced,True,0.5414896073903003,89.0,0.5346420323325635,0.11039542455220415,2.2070566939467002,0.9722863741339491,True,True,0.7428002309468822,16.0
3120222,삼성역,11680,815758499.0,63352.0,12876.602143578735,0.833718244803695,0.7817460317460317,0.18253968253968253,0.75,0.6468253968253969,0.8531746031746031,0.9206349206349206,0.4365079365079365,0.027777777777777776,0.4880952380952381,BRD_20230468,소림사,0.7066974595842956,False,4370.0501141527,121.26417441472714,17,39,0.33775981524249427,True,0.7448036951501154,0.7702078521939953,0.7956120092378752,71.0,47.0,43.0,53.666666666666664,False,direct_size_estimation_deferred,매장 면적·좌석·점포별 매출이 없어 규모별 적합도와 argmax 규모는 산출하지 않음,1.1363387157036011,0.48036951501154734,usable_area_profile,True,balanced,True,0.4813221709006928,128.0,0.31995765973826024,0.0669520138331213,2.3959227824440887,0.9838337182448037,True,True,0.7370958429561201,17.0
3120159,서울대입구역,11620,577357524.0,63766.0,9054.316155945175,0.7378752886836027,0.6944444444444444,0.5833333333333334,0.49603174603174605,0.8611111111111112,0.9801587301587301,0.8690476190476191,0.027777777777777776,0.051587301587301584,0.3412698412698413,BRD_20230468,소림사,0.34757505773672054,False,2062.580180227868,112.61438631512817,37,77,0.575635103926097,True,0.4646651270207852,0.5427251732101617,0.620785219399538,234.0,175.0,137.0,182.0,False,direct_size_estimation_deferred,매장 면적·좌석·점포별 매출이 없어 규모별 적합도와 argmax 규모는 산출하지 않음,0.5131698818806543,0.9630484988452656,usable_area_profile,True,balanced,True,0.6534353348729791,18.0,0.829003079291763,0.0995776204483711,1.3461400156976266,0.7759815242494227,True,True,0.734324480369515,18.0
3120148,국회의사당역(국회의사당),11560,658683908.0,52751.0,12486.662015885955,0.7863741339491918,0.8571428571428571,0.7698412698412699,0.5277777777777778,0.23809523809523808,0.9007936507936508,0.9761904761904762,0.3373015873015873,0.047619047619047616,0.25,BRD_20230468,소림사,0.21709006928406466,False,3826.903709300035,117.8346298709127,7,35,0.13741339491916857,True,0.38787528868360277,0.5017321016166282,0.6155889145496536,276.0,206.0,139.0,207.0,False,direct_size_estimation_deferred,매장 면적·좌석·점포별 매출이 없어 규모별 적합도와 argmax 규모는 산출하지 않음,0.8713685630753792,0.7413394919168591,usable_area_profile,True,balanced,True,0.6252886836027713,33.0,0.6668591224018475,0.06752546032082155,1.1029968423931718,0.7297921478060047,True,True,0.7296189376443418,19.0
3120020,시청역_1번,11140,576577176.0,45296.0,12729.096962204168,0.7530023094688222,0.873015873015873,0.5793650793650794,0.6428571428571429,0.34523809523809523,0.8571428571428571,0.8214285714285714,0.0873015873015873,0.023809523809523808,0.8293650793650794,BRD_20230468,소림사,0.26096997690531176,False,1860.4163512402288,70.17834422194169,18,98,0.5213625866050808,True,0.4085796766743649,0.506986143187067,0.6053926096997689,266.0,198.0,149.0,204.33333333333334,False,direct_size_estimation_deferred,매장 면적·좌석·점포별 매출이 없어 규모별 적합도와 argmax 규모는 산출하지 않음,0.8022659799318151,0.7944572748267898,usable_area_profile,True,balanced,True,0.5825750577367206,63.0,0.6158583525789069,0.11020129760440668,1.6206607919355502,0.8568129330254042,True,True,0.7287586605080831,20.0
3120166,방배역,11650,1455145059.0,122673.0,11861.983150326478,0.9176674364896074,0.7619047619047619,0.2857142857142857,0.7023809523809523,0.6785714285714286,0.8293650793650794,0.7777777777777778,0.42857142857142855,0.08333333333333333,0.5198412698412699,BRD_20140288,스트릿츄러스,0.9780600461893765,False,2513.5252137350526,99.2975326976693,12,28,0.2673210161662818,True,0.9599422632794457,0.9478637413394919,0.935785219399538,3.0,3.0,5.0,3.6666666666666665,False,direct_size_estimation_deferred,매장 면적·좌석·점포별 매출이 없어 규모별 적합도와 argmax 규모는 산출하지 않음,0.4700150412050755,0.9630484988452656,usable_area_profile,True,balanced,True,0.762609699769053,1.0,0.8795227097767513,0.05651551828195008,1.477926622769568,1.0,True,True,0.9241166281755196,1.0
3120188,압구정역,11680,1784647410.0,134975.0,13222.058973884052,0.9404157043879908,0.7817460317460317,0.18253968253968253,0.75,0.6468253968253969,0.8531746031746031,0.9206349206349206,0.4365079365079365,0.027777777777777776,0.4880952380952381,BRD_20140288,스트릿츄러스,0.7205542725173211,False,2950.8968128188217,98.31073190628577,25,98,0.5323325635103926,True,0.7865127020785219,0.830484988452656,0.8744572748267898,53.0,27.0,18.0,32.666666666666664,False,direct_size_estimation_deferred,매장 면적·좌석·점포별 매출이 없어 규모별 적합도와 argmax 규모는 산출하지 않음,0.3812848977905176,0.9930715935334873,usable_area_profile,True,balanced,True,0.7458314087759814,2.0,0.9592956120092379,0.027451419670695573,1.2303910664520326,0.9976905311778291,True,True,0.8992725173210161,2.0
3120069,상봉역,11260,1511381851.0,142985.0,10570.212616708046,0.9086605080831409,0.8492063492063492,0.40476190476190477,0.5,0.39285714285714285,0.623015873015873,0.5714285714285714,0.16666666666666666,0.32936507936507936,0.8134920634920635,BRD_20140288,스트릿츄러스,0.9399538106235565,False,3730.3652636260695,89.18520055817115,16,56,0.3920323325635104,True,0.9305658198614317,0.9243071593533487,0.9180484988452655,8.0,6.0,7.0,7.0,False,direct_size_estimation_deferred,매장 면적·좌석·점포별 매출이 없어 규모별 적합도와 argmax 규모는 산출하지 않음,0.47818066044441343,0.9584295612009238,usable_area_profile,True,balanced,True,0.7384411085450346,3.0,0.8804849884526559,0.07129084880344481,1.0933320903944912,0.9815242494226328,True,True,0.8939318706697459,3.0
3120165,서래마을카페거리(서래마을),11650,2971488955.0,159582.0,18620.45189933702,0.9718244803695151,0.7619047619047619,0.2857142857142857,0.7023809523809523,0.6785714285714286,0.8293650793650794,0.7777777777777778,0.42857142857142855,0.08333333333333333,0.5198412698412699,BRD_20140288,스트릿츄러스,0.9780600461893765,False,754.4461544881242,18.110770263065373,12,55,0.5814087759815242,True,0.976189376443418,0.9749422632794458,0.9736951501154734,1.0,1.0,1.0,1.0,True,direct_size_estimation_deferred,매장 면적·좌석·점포별 매출이 없어 규모별 적합도와 argmax 규모는 산출하지 않음,0.6470010547858626,0.8452655889145496,usable_area_profile,True,balanced,True,0.6755600461893765,11.0,0.7512509622786759,0.08110629650978349,1.159153243108975,0.9884526558891455,True,True,0.8532967667436491,4.0
3111005,삼전역 3번,11710,233054769.0,25337.0,9198.19903698149,0.48152424942263283,0.8531746031746031,0.13095238095238096,0.6746031746031746,0.9325396825396826,0.8928571428571429,0.7063492063492064,0.4087301587301587,0.03968253968253968,0.5436507936507936,BRD_20140288,스트릿츄러스,0.394919168591224,False,7414.6099695077855,198.59506540938497,7,54,0.053117782909930716,True,0.4209006928406467,0.4382217090069284,0.45554272517321015,256.0,257.0,245.0,252.66666666666666,False,direct_size_estimation_deferred,매장 면적·좌석·점포별 매출이 없어 규모별 적합도와 argmax 규모는 산출하지 않음,0.37670023721155826,0.9953810623556582,usable_area_profile,True,balanced,True,0.658256351039261,23.0,0.9562163202463433,0.03310846702684648,1.1829222439552265,0.9930715935334873,True,True,0.8323325635103925,5.0
3120079,창동역,11320,765698620.0,76216.0,10046.428833840664,0.8071593533487298,0.7182539682539683,0.11904761904761904,0.6071428571428571,0.25793650793650796,0.3611111111111111,0.24603174603174602,0.19047619047619047,0.4246031746031746,0.9126984126984127,BRD_20140288,스트릿츄러스,0.019630484988452657,False,3717.514492222464,91.21403398036323,16,24,0.38394919168591224,True,0.2558891454965358,0.4133949191685912,0.5709006928406466,366.0,280.0,170.0,272.0,False,direct_size_estimation_deferred,매장 면적·좌석·점포별 매출이 없어 규모별 적합도와 argmax 규모는 산출하지 않음,0.596391017159844,0.8822170900692841,usable_area_profile,True,balanced,True,0.6660219399538106,20.0,0.8044649730561971,0.0901443469973297,0.8625290392906184,0.9445727482678984,True,True,0.8270496535796766,6.0
3111021,방이역 4번,11710,394829518.0,38606.0,10227.154276537325,0.6466512702078522,0.8531746031746031,0.13095238095238096,0.6746031746031746,0.9325396825396826,0.8928571428571429,0.7063492063492064,0.4087301587301587,0.03968253968253968,0.5436507936507936,BRD_20140288,스트릿츄러스,0.394919168591224,False,10426.103874403452,115.2085066609535,15,51,0.2984988452655889,True,0.47043879907621244,0.5207852193995381,0.5711316397228636,219.0,194.0,169.0,194.0,False,direct_size_estimation_deferred,매장 면적·좌석·점포별 매출이 없어 규모별 적합도와 argmax 규모는 산출하지 않음,0.419074175918286,0.9815242494226328,usable_area_profile,True,balanced,True,0.6723152424942264,14.0,0.9355273287143957,0.04949472960279674,0.9293296695904778,0.953810623556582,True,True,0.8252020785219399,7.0
3110274,서일대학교,11260,492656087.0,41512.0,11867.79935922143,0.7133949191685912,0.8492063492063492,0.40476190476190477,0.5,0.39285714285714285,0.623015873015873,0.5714285714285714,0.16666666666666666,0.32936507936507936,0.8134920634920635,BRD_20140288,스트릿츄러스,0.9399538106235565,False,4955.465063955781,101.51354588565466,6,29,0.16801385681293304,True,0.8719861431870668,0.8266743648960739,0.7813625866050807,20.0,29.0,44.0,31.0,False,direct_size_estimation_deferred,매장 면적·좌석·점포별 매출이 없어 규모별 적합도와 argmax 규모는 산출하지 않음,0.5831080740191408,0.8914549653579676,usable_area_profile,True,balanced,True,0.6702136258660507,17.0,0.829003079291763,0.07882695102483951,0.7922656560257566,0.9214780600461894,True,True,0.8248441108545035,8.0
3120080,마들역,11350,1045100686.0,106340.0,9827.916926838443,0.858891454965358,0.8928571428571429,0.08333333333333333,0.7222222222222222,0.9444444444444444,0.7777777777777778,0.30158730158730157,0.38095238095238093,0.4444444444444444,0.6071428571428571,BRD_20140288,스트릿츄러스,0.24480369515011546,False,5118.002442342779,45.607017023633105,8,32,0.4093533487297921,True,0.4290300230946882,0.5518475750577367,0.6746651270207852,251.0,172.0,101.0,174.66666666666666,False,direct_size_estimation_deferred,매장 면적·좌석·점포별 매출이 없어 규모별 적합도와 argmax 규모는 산출하지 않음,0.6213752140574804,0.8706697459584296,usable_area_profile,True,balanced,True,0.6745438799076212,12.0,0.8119707467282525,0.07687419193039746,0.7635722438984938,0.9099307159353349,True,True,0.8214376443418013,9.0
3120081,노원역,11350,1459224642.0,143889.0,10141.32172716469,0.8973441108545035,0.8928571428571429,0.08333333333333333,0.7222222222222222,0.9444444444444444,0.7777777777777778,0.30158730158730157,0.38095238095238093,0.4444444444444444,0.6071428571428571,BRD_20140288,스트릿츄러스,0.24480369515011546,False,3978.39075504944,36.878177844323965,34,60,0.8550808314087759,True,0.44056581986143184,0.5710739030023095,0.701581986143187,238.0,159.0,89.0,162.0,False,direct_size_estimation_deferred,매장 면적·좌석·점포별 매출이 없어 규모별 적합도와 argmax 규모는 산출하지 않음,0.4808383324802913,0.9561200923787528,usable_area_profile,True,balanced,True,0.6638683602771362,22.0,0.9020400307929176,0.05683977116601459,0.9514475599819192,0.9584295612009238,True,True,0.81114896073903,10.0
3120075,월곡역,11290,394403544.0,39935.0,9876.137323150118,0.6412240184757506,0.8690476190476191,0.3888888888888889,0.5912698412698413,0.8333333333333334,0.8055555555555556,0.3333333333333333,0.2222222222222222,0.31746031746031744,0.7420634920634921,BRD_20140288,스트릿츄러스,0.44803695150115475,False,2295.299762574128,48.91829924522232,13,36,0.4896073903002309,True,0.5059930715935335,0.5446304849884527,0.5832678983833718,199.0,176.0,161.0,178.66666666666666,False,direct_size_estimation_deferred,매장 면적·좌석·점포별 매출이 없어 규모별 적합도와 argmax 규모는 산출하지 않음,0.4880170515574096,0.9491916859122402,usable_area_profile,True,balanced,True,0.6255831408775983,34.0,0.8904926866820632,0.04782192069840956,1.2274496375911823,0.9953810623556582,True,True,0.8018360277136258,11.0
3120201,도곡1동,11680,649721874.0,58337.0,11137.38920410717,0.7846420323325634,0.7817460317460317,0.18253968253968253,0.75,0.6468253968253969,0.8531746031746031,0.9206349206349206,0.4365079365079365,0.027777777777777776,0.4880952380952381,BRD_20140288,스트릿츄러스,0.7205542725173211,False,3436.924497281101,87.09190547353441,10,65,0.26501154734411086,True,0.7397806004618936,0.7525981524249422,0.7654157043879906,78.0,58.0,52.0,62.666666666666664,False,direct_size_estimation_deferred,매장 면적·좌석·점포별 매출이 없어 규모별 적합도와 argmax 규모는 산출하지 않음,0.628465752250668,0.8660508083140878,usable_area_profile,True,balanced,True,0.6678983833718244,19.0,0.8283294842186297,0.06578741047462766,0.573382107964351,0.859122401847575,True,True,0.7991050808314087,12.0
3130072,성동용답상가시장,11200,441220675.0,42751.0,10320.710041870365,0.6748267898383372,0.9206349206349206,0.38492063492063494,0.5555555555555556,0.9920634920634921,0.9841269841269841,0.9563492063492064,0.10317460317460317,0.015873015873015872,0.07936507936507936,BRD_20140288,스트릿츄러스,0.13394919168591224,False,6209.884056905801,135.0925608781212,10,28,0.14953810623556585,True,0.29621247113163973,0.4043879907621247,0.5125635103926097,340.0,287.0,210.0,279.0,False,direct_size_estimation_deferred,매장 면적·좌석·점포별 매출이 없어 규모별 적합도와 argmax 규모는 산출하지 않음,0.398120967798322,0.9907621247113164,usable_area_profile,True,balanced,True,0.7091397228637414,5.0,0.9837374903772133,0.015581629901107024,0.4508279543723527,0.792147806004619,True,True,0.7941050808314088,13.0
3120068,사가정역,11260,944293896.0,91431.0,10327.940151589723,0.8467667436489608,0.8492063492063492,0.40476190476190477,0.5,0.39285714285714285,0.623015873015873,0.5714285714285714,0.16666666666666666,0.32936507936507936,0.8134920634920635,BRD_20140288,스트릿츄러스,0.9399538106235565,False,5077.116996891556,42.201895677975386,26,50,0.7713625866050808,True,0.9119976905311777,0.8933602771362587,0.8747228637413395,11.0,15.0,17.0,14.333333333333334,False,direct_size_estimation_deferred,매장 면적·좌석·점포별 매출이 없어 규모별 적합도와 argmax 규모는 산출하지 않음,0.42958563210247813,0.9792147806004619,usable_area_profile,True,balanced,True,0.6702713625866051,16.0,0.9523672055427251,0.03852949356737861,0.6968058121705366,0.8891454965357968,True,True,0.7877482678983833,14.0
3110836,상도역 5번,11590,245030296.0,22286.0,10994.80822040743,0.5116628175519631,0.8611111111111112,0.5158730158730159,0.42857142857142855,0.753968253968254,0.9563492063492064,0.6626984126984127,0.11507936507936507,0.09523809523809523,0.5674603174603174,BRD_20140288,스트릿츄러스,0.6339491916859122,False,4509.845341030117,143.40502085254877,17,44,0.30369515011547343,True,0.5972632794457274,0.5728060046189376,0.5483487297921478,159.0,158.0,187.0,168.0,False,direct_size_estimation_deferred,매장 면적·좌석·점포별 매출이 없어 규모별 적합도와 argmax 규모는 산출하지 않음,0.4355941006928806,0.9699769053117783,usable_area_profile,True,balanced,True,0.6185161662817552,38.0,0.9057929176289453,0.06490845147074367,0.9888386832300682,0.9699769053117783,True,True,0.7869284064665126,15.0
3120110,목동역 8번출구,11470,844175004.0,86430.0,9767.152655328011,0.8209006928406467,0.8055555555555556,0.2222222222222222,0.5158730158730159,0.5873015873015873,0.5079365079365079,0.2896825396825397,0.4801587301587302,0.30952380952380953,0.7738095238095238,BRD_20140288,스트릿츄러스,0.9041570438799076,False,3314.0911273004567,27.58622845698607,22,62,0.7650115473441108,True,0.8791801385681293,0.8625288683602772,0.8458775981524249,17.0,19.0,25.0,20.333333333333332,False,direct_size_estimation_deferred,매장 면적·좌석·점포별 매출이 없어 규모별 적합도와 argmax 규모는 산출하지 않음,0.5845106095261389,0.8891454965357968,usable_area_profile,True,balanced,True,0.6171362586605081,40.0,0.8049461123941494,0.08633449490195591,0.9752693200703473,0.9676674364896074,True,True,0.7853290993071594,16.0
3120121,까치산역,11500,345571768.0,36578.0,9447.530428126196,0.6019630484988453,0.8373015873015873,0.23809523809523808,0.623015873015873,0.32142857142857145,0.8333333333333334,0.9246031746031746,0.46825396825396826,0.05555555555555555,0.42063492063492064,BRD_20140288,스트릿츄러스,0.7748267898383372,False,3360.2788575023833,63.411355440434505,20,42,0.586027713625866,True,0.7229676674364895,0.6883949191685912,0.6538221709006928,90.0,89.0,112.0,97.0,False,direct_size_estimation_deferred,매장 면적·좌석·점포별 매출이 없어 규모별 적합도와 argmax 규모는 산출하지 않음,0.4144552299172527,0.9861431870669746,usable_area_profile,True,balanced,True,0.6158545034642032,41.0,0.9436104695919938,0.03722609007523732,1.1425512963896631,0.9861431870669746,True,True,0.7829849884526559,17.0
3110161,중곡역 3번,11215,561704126.0,52018.0,10798.264562266908,0.7438799076212472,0.8650793650793651,0.5238095238095238,0.6309523809523809,0.7698412698412699,0.9087301587301587,0.7023809523809523,0.1388888888888889,0.0992063492063492,0.6031746031746031,BRD_20140288,스트릿츄러스,0.5993071593533488,False,6188.893681440729,237.05273672891286,6,28,0.032909930715935315,True,0.6426789838337182,0.671593533487298,0.7005080831408776,131.0,100.0,90.0,107.0,False,direct_size_estimation_deferred,매장 면적·좌석·점포별 매출이 없어 규모별 적합도와 argmax 규모는 산출하지 않음,0.8927090190615801,0.628175519630485,usable_area_profile,True,balanced,True,0.5695092378752887,71.0,0.5714973056197075,0.0680820153808887,0.8324990629858423,0.9353348729792148,True,True,0.7808140877598153,18.0
3120056,구의역,11215,311680026.0,30426.0,10243.871228554526,0.5764434180138568,0.8650793650793651,0.5238095238095238,0.6309523809523809,0.7698412698412699,0.9087301587301587,0.7023809523809523,0.1388888888888889,0.0992063492063492,0.6031746031746031,BRD_20140288,스트릿츄러스,0.5993071593533488,False,7870.189387797285,109.93179701028201,24,62,0.48325635103926096,True,0.5924480369515012,0.5878752886836027,0.5833025404157044,163.0,144.0,160.0,155.66666666666666,False,direct_size_estimation_deferred,매장 면적·좌석·점포별 매출이 없어 규모별 적합도와 argmax 규모는 산출하지 않음,0.34454431929105517,0.9976905311778291,usable_area_profile,True,balanced,True,0.6281120092378754,32.0,0.9880677444187836,0.010739200973532492,0.8960430839092699,0.9515011547344111,True,True,0.780352193995381,19.0
3120124,개봉동 현대아파트,11530,436251391.0,40258.0,10836.390059118685,0.6745958429561202,0.8412698412698413,0.8373015873015873,0.5753968253968254,0.5238095238095238,0.7579365079365079,0.7380952380952381,0.18253968253968253,0.12698412698412698,0.7658730158730159,BRD_20140288,스트릿츄러스,0.5635103926096998,False,2736.702395268513,107.00467282129758,11,24,0.22690531177829099,True,0.5968360277136259,0.61905311778291,0.641270207852194,160.0,131.0,123.0,138.0,False,direct_size_estimation_deferred,매장 면적·좌석·점포별 매출이 없어 규모별 적합도와 argmax 규모는 산출하지 않음,0.6049028143212652,0.8775981524249423,usable_area_profile,True,balanced,True,0.6408718244803696,27.0,0.8252501924557353,0.08720225659149386,0.6003051069473508,0.8683602771362586,True,True,0.7789665127020786,20.0
3120038,약수역,11140,1550178516.0,134777.0,11501.803096967584,0.9235565819861433,0.873015873015873,0.5793650793650794,0.6428571428571429,0.34523809523809523,0.8571428571428571,0.8214285714285714,0.0873015873015873,0.023809523809523808,0.8293650793650794,BRD_20160521,심봉사도로케,0.14780600461893764,False,2629.0798770863585,62.64183906448842,18,44,0.5508083140877598,True,0.38053117782909934,0.5356812933025404,0.6908314087759816,281.0,187.0,93.0,187.0,False,direct_size_estimation_deferred,매장 면적·좌석·점포별 매출이 없어 규모별 적합도와 argmax 규모는 산출하지 않음,0.3831755678252721,0.9792147806004619,usable_area_profile,True,balanced,True,0.730230946882217,1.0,0.9359122401847575,0.04410525527649033,0.9818000178039137,0.953810623556582,True,True,0.8697344110854504,1.0
3120246,길동역,11740,916043297.0,88020.0,10407.217643717337,0.8409930715935335,0.8452380952380952,0.06746031746031746,0.7063492063492064,0.38492063492063494,0.6626984126984127,0.7182539682539683,0.5833333333333334,0.06746031746031746,0.6507936507936508,BRD_20160521,심봉사도로케,0.8614318706697459,False,9253.147032215842,87.92041856413586,26,72,0.5750577367205543,True,0.8553002309468821,0.8512124711316398,0.8471247113163972,25.0,22.0,22.0,23.0,False,direct_size_estimation_deferred,매장 면적·좌석·점포별 매출이 없어 규모별 적합도와 argmax 규모는 산출하지 않음,0.34399387472882337,0.9861431870669746,usable_area_profile,True,balanced,True,0.7011605080831408,7.0,0.9336989992301771,0.045263740311288866,1.1586357529476594,0.9884526558891455,True,True,0.8572632794457274,2.0
3130072,성동용답상가시장,11200,441220675.0,42751.0,10320.710041870365,0.6748267898383372,0.9206349206349206,0.38492063492063494,0.5555555555555556,0.9920634920634921,0.9841269841269841,0.9563492063492064,0.10317460317460317,0.015873015873015872,0.07936507936507936,BRD_20160521,심봉사도로케,0.08083140877598152,False,1329.2573114155348,135.0925608781212,10,28,0.1489607390300231,True,0.2590300230946882,0.37782909930715936,0.49662817551963045,365.0,307.0,217.0,296.3333333333333,False,direct_size_estimation_deferred,매장 면적·좌석·점포별 매출이 없어 규모별 적합도와 argmax 규모는 산출하지 않음,0.2785675114578184,0.9976905311778291,usable_area_profile,True,balanced,True,0.7126905311778291,4.0,0.9837374903772133,0.015581629901107024,0.8954801833423448,0.9214780600461894,True,True,0.8480023094688222,3.0
3110883,은천초등학교(은천교앞),11620,384324031.0,36658.0,10484.042528233946,0.6409930715935335,0.6944444444444444,0.5833333333333334,0.49603174603174605,0.8611111111111112,0.9801587301587301,0.8690476190476191,0.027777777777777776,0.051587301587301584,0.3412698412698413,BRD_20160521,심봉사도로케,0.33140877598152424,False,1881.9314546647138,165.06059494972328,13,69,0.17840646651270212,True,0.424284064665127,0.4862009237875289,0.5481177829099306,258.0,223.0,185.0,222.0,False,direct_size_estimation_deferred,매장 면적·좌석·점포별 매출이 없어 규모별 적합도와 argmax 규모는 산출하지 않음,0.3001856161504573,0.9953810623556582,usable_area_profile,True,balanced,True,0.6952771362586604,9.0,0.9701693610469592,0.026750654894371177,0.9424704332754106,0.9330254041570438,True,True,0.8373614318706697,4.0
3130222,오류시장,11530,677800421.0,66656.0,10168.633296327413,0.7894919168591223,0.8412698412698413,0.8373015873015873,0.5753968253968254,0.5238095238095238,0.7579365079365079,0.7380952380952381,0.18253968253968253,0.12698412698412698,0.7658730158730159,BRD_20160521,심봉사도로케,0.42032332563510394,False,2261.8269164840667,48.414873764798386,14,33,0.516743648960739,True,0.5310739030023095,0.6049076212471132,0.6787413394919167,199.0,135.0,98.0,144.0,False,direct_size_estimation_deferred,매장 면적·좌석·점포별 매출이 없어 규모별 적합도와 argmax 규모는 산출하지 않음,0.44941522212305346,0.9515011547344111,usable_area_profile,True,balanced,True,0.6745612009237876,12.0,0.9045419553502695,0.04485297674145903,1.046958369225375,0.9722863741339491,True,True,0.8337009237875289,5.0
3110640,방화역 1번,11500,671414576.0,62982.0,10660.420056524086,0.7871824480369516,0.8373015873015873,0.23809523809523808,0.623015873015873,0.32142857142857145,0.8333333333333334,0.9246031746031746,0.46825396825396826,0.05555555555555555,0.42063492063492064,BRD_20160521,심봉사도로케,0.7748267898383372,False,3569.7082513759183,241.56986569432095,5,25,0.02482678983833718,True,0.7785334872979215,0.7810046189376444,0.7834757505773673,57.0,42.0,36.0,45.0,False,direct_size_estimation_deferred,매장 면적·좌석·점포별 매출이 없어 규모별 적합도와 argmax 규모는 산출하지 않음,0.6203671289907009,0.8475750577367206,usable_area_profile,True,balanced,True,0.6955773672055428,8.0,0.8122594303310239,0.05032439479240749,0.7017596048869887,0.8568129330254042,True,True,0.8294284064665128,6.0
3120068,사가정역,11260,944293896.0,91431.0,10327.940151589723,0.8467667436489608,0.8492063492063492,0.40476190476190477,0.5,0.39285714285714285,0.623015873015873,0.5714285714285714,0.16666666666666666,0.32936507936507936,0.8134920634920635,BRD_20160521,심봉사도로케,0.9445727482678984,False,4905.941296000329,42.201895677975386,26,50,0.7713625866050808,True,0.9152309468822171,0.8956697459584295,0.876108545034642,5.0,9.0,16.0,10.0,False,direct_size_estimation_deferred,매장 면적·좌석·점포별 매출이 없어 규모별 적합도와 argmax 규모는 산출하지 않음,0.3383458706861972,0.9907621247113164,usable_area_profile,True,balanced,True,0.6760450346420324,11.0,0.9523672055427251,0.03852949356737861,0.9965072367600163,0.9584295612009238,True,True,0.8189260969976905,7.0
3110703,개봉역,11530,566848644.0,58936.0,9618.037260757432,0.7391454965357969,0.8412698412698413,0.8373015873015873,0.5753968253968254,0.5238095238095238,0.7579365079365079,0.7380952380952381,0.18253968253968253,0.12698412698412698,0.7658730158730159,BRD_20160521,심봉사도로케,0.42032332563510394,False,2901.6962281107053,17.720045128132952,13,29,0.6056581986143187,True,0.5159699769053119,0.5797344110854504,0.643498845265589,209.0,152.0,119.0,160.0,False,direct_size_estimation_deferred,매장 면적·좌석·점포별 매출이 없어 규모별 적합도와 argmax 규모는 산출하지 않음,0.43142052167117756,0.9607390300230947,usable_area_profile,True,balanced,True,0.6482217090069285,20.0,0.8985758275596613,0.054251327030210794,1.1458374544242351,0.9861431870669746,True,True,0.8135739030023095,8.0
3120226,석촌고분역,11710,497422151.0,44126.0,11272.767778633912,0.7166281755196304,0.8531746031746031,0.13095238095238096,0.6746031746031746,0.9325396825396826,0.8928571428571429,0.7063492063492064,0.4087301587301587,0.03968253968253968,0.5436507936507936,BRD_20160521,심봉사도로케,0.279445727482679,False,8275.840138621752,58.872744129090485,22,78,0.634526558891455,True,0.4106004618937644,0.4980369515011547,0.5854734411085449,266.0,219.0,158.0,214.33333333333334,False,direct_size_estimation_deferred,매장 면적·좌석·점포별 매출이 없어 규모별 적합도와 argmax 규모는 산출하지 않음,0.3805465726840627,0.9815242494226328,usable_area_profile,True,balanced,True,0.6464030023094688,23.0,0.9515973826020016,0.02519313875296893,1.187897511067552,0.9907621247113164,True,True,0.8105715935334874,9.0
3110861,관악구신사동주민센터,11620,589729084.0,55496.0,10626.515136226035,0.7545034642032333,0.6944444444444444,0.5833333333333334,0.49603174603174605,0.8611111111111112,0.9801587301587301,0.8690476190476191,0.027777777777777776,0.051587301587301584,0.3412698412698413,BRD_20160521,심봉사도로케,0.33140877598152424,False,2882.6663004892785,95.41488351930987,18,53,0.4226327944572748,True,0.45833718244803695,0.5429561200923788,0.6275750577367206,239.0,178.0,130.0,182.33333333333334,False,direct_size_estimation_deferred,매장 면적·좌석·점포별 매출이 없어 규모별 적합도와 argmax 규모는 산출하지 않음,0.5998496860068643,0.8637413394919169,usable_area_profile,True,balanced,True,0.6325519630484989,30.0,0.793206312548114,0.06850646125718389,1.029611304530874,0.9699769053117783,True,True,0.8100692840646653,10.0
3110593,신월3동주민센터,11470,317937956.0,28102.0,11313.712760657605,0.5892609699769054,0.8055555555555556,0.2222222222222222,0.5158730158730159,0.5873015873015873,0.5079365079365079,0.2896825396825397,0.4801587301587302,0.30952380952380953,0.7738095238095238,BRD_20160521,심봉사도로케,0.9803695150115473,False,764.5501945757414,184.0679222675113,3,21,0.027136258660508106,True,0.8630369515011548,0.7848152424942263,0.7065935334872979,24.0,39.0,87.0,50.0,False,direct_size_estimation_deferred,매장 면적·좌석·점포별 매출이 없어 규모별 적합도와 argmax 규모는 산출하지 않음,0.6685753021027069,0.8083140877598153,usable_area_profile,True,balanced,True,0.6063279445727483,47.0,0.7399923017705928,0.062193362693480636,1.0985382206449534,0.9815242494226328,True,True,0.8078117782909932,11.0
3110837,숭실대입구역 1번,11590,599844154.0,57757.0,10385.65289055872,0.7587759815242495,0.8611111111111112,0.5158730158730159,0.42857142857142855,0.753968253968254,0.9563492063492064,0.6626984126984127,0.11507936507936507,0.09523809523809523,0.5674603174603174,BRD_20160521,심봉사도로케,0.6570438799076213,False,1690.4153336108309,107.91200122156485,13,20,0.26385681293302543,True,0.6875635103926097,0.7079099307159353,0.728256351039261,107.0,75.0,75.0,85.66666666666667,False,direct_size_estimation_deferred,매장 면적·좌석·점포별 매출이 없어 규모별 적합도와 argmax 규모는 산출하지 않음,0.6867793652975523,0.7852193995381063,usable_area_profile,True,balanced,True,0.6186027713625866,42.0,0.7287336412625097,0.0576904289437942,0.9791183617412288,0.9515011547344111,True,True,0.8042205542725174,12.0
3120245,둔촌역,11740,1831672609.0,200933.0,9115.837662305346,0.89364896073903,0.8452380952380952,0.06746031746031746,0.7063492063492064,0.38492063492063494,0.6626984126984127,0.7182539682539683,0.5833333333333334,0.06746031746031746,0.6507936507936508,BRD_20160521,심봉사도로케,0.8614318706697459,False,9377.936873313134,53.225933566835145,37,65,0.7852193995381063,True,0.8710969976905311,0.877540415704388,0.8839838337182447,21.0,14.0,15.0,16.666666666666668,False,direct_size_estimation_deferred,매장 면적·좌석·점포별 매출이 없어 규모별 적합도와 argmax 규모는 산출하지 않음,0.6139163932909093,0.8521939953810623,usable_area_profile,True,balanced,True,0.6210912240184757,38.0,0.7641454965357967,0.07137557557582579,1.23359423913475,0.9953810623556582,True,True,0.804122401847575,13.0
3110274,서일대학교,11260,492656087.0,41512.0,11867.79935922143,0.7133949191685912,0.8492063492063492,0.40476190476190477,0.5,0.39285714285714285,0.623015873015873,0.5714285714285714,0.16666666666666666,0.32936507936507936,0.8134920634920635,BRD_20160521,심봉사도로케,0.9445727482678984,False,6178.553633314637,101.51354588565466,6,29,0.16801385681293304,True,0.8752193995381061,0.8289838337182448,0.7827482678983833,20.0,28.0,37.0,28.333333333333332,False,direct_size_estimation_deferred,매장 면적·좌석·점포별 매출이 없어 규모별 적합도와 argmax 규모는 산출하지 않음,0.567766206886438,0.8822170900692841,usable_area_profile,True,balanced,True,0.665594688221709,15.0,0.829003079291763,0.07882695102483951,0.675073817846292,0.8475750577367206,True,True,0.7925115473441109,14.0
3120152,신대방삼거리역,11590,953145793.0,102228.0,9323.72532965528,0.8353348729792147,0.8611111111111112,0.5158730158730159,0.42857142857142855,0.753968253968254,0.9563492063492064,0.6626984126984127,0.11507936507936507,0.09523809523809523,0.5674603174603174,BRD_20160521,심봉사도로케,0.6570438799076213,False,1096.7337871904756,79.30952023733208,18,47,0.4780600461893764,True,0.7105311778290992,0.746189376443418,0.7818475750577366,91.0,59.0,38.0,62.666666666666664,False,direct_size_estimation_deferred,매장 면적·좌석·점포별 매출이 없어 규모별 적합도와 argmax 규모는 산출하지 않음,0.5400285516756662,0.9053117782909931,usable_area_profile,True,balanced,True,0.6733140877598153,13.0,0.8480561970746728,0.08187605247578715,0.6992958195346825,0.8545034642032333,True,True,0.7922863741339492,15.0
3120112,등촌역,11470,402129603.0,41146.0,9773.236839546978,0.6467667436489607,0.8055555555555556,0.2222222222222222,0.5158730158730159,0.5873015873015873,0.5079365079365079,0.2896825396825397,0.4801587301587302,0.30952380952380953,0.7738095238095238,BRD_20160521,심봉사도로케,0.9803695150115473,False,1710.3581496333345,105.11898021717178,22,49,0.46362586605080836,True,0.8802886836027713,0.813568129330254,0.7468475750577366,17.0,32.0,60.0,36.333333333333336,False,direct_size_estimation_deferred,매장 면적·좌석·점포별 매출이 없어 규모별 적합도와 argmax 규모는 산출하지 않음,0.4537692623084709,0.9491916859122402,usable_area_profile,True,balanced,True,0.6314203233256351,31.0,0.9080061585835257,0.04246270865358644,0.96992228321346,0.9468822170900693,True,True,0.7879965357967667,16.0
3111044,남천초등학교,11710,694053735.0,54045.0,12842.145156813765,0.7971131639722864,0.8531746031746031,0.13095238095238096,0.6746031746031746,0.9325396825396826,0.8928571428571429,0.7063492063492064,0.4087301587301587,0.03968253968253968,0.5436507936507936,BRD_20160521,심봉사도로케,0.279445727482679,False,11963.391366995114,165.07574017001778,11,20,0.1374133949191686,True,0.4347459584295612,0.5382794457274827,0.6418129330254041,251.0,184.0,123.0,186.0,False,direct_size_estimation_deferred,매장 면적·좌석·점포별 매출이 없어 규모별 적합도와 argmax 규모는 산출하지 않음,0.9191883831945304,0.5958429561200924,usable_area_profile,True,balanced,True,0.5562990762124711,76.0,0.5185719784449576,0.07843322976869689,0.9851816366992712,0.9561200923787528,True,True,0.7797228637413395,17.0
3110517,서대문소방서,11410,546942398.0,45380.0,12052.498854120759,0.7445727482678984,0.9444444444444444,0.5357142857142857,0.5357142857142857,0.9047619047619048,0.9325396825396826,0.44047619047619047,0.12301587301587301,0.1111111111111111,0.6746031746031746,BRD_20160521,심봉사도로케,0.22632794457274827,False,7713.307202474004,103.00485425230637,3,36,0.14376443418013857,True,0.3818013856812933,0.48545034642032336,0.5890993071593534,280.0,224.0,155.0,219.66666666666666,False,direct_size_estimation_deferred,매장 면적·좌석·점포별 매출이 없어 규모별 적합도와 argmax 규모는 산출하지 않음,0.7311621748148204,0.7367205542725173,usable_area_profile,True,balanced,True,0.6073960739030023,46.0,0.6758083140877598,0.07936738086999894,0.767471970437448,0.8845265588914549,True,True,0.7766339491916858,18.0
3110601,신월1동우편취급국,11470,441016625.0,40173.0,10977.93605157693,0.6785219399538106,0.8055555555555556,0.2222222222222222,0.5158730158730159,0.5873015873015873,0.5079365079365079,0.2896825396825397,0.4801587301587302,0.30952380952380953,0.7738095238095238,BRD_20160521,심봉사도로케,0.9803695150115473,False,594.7982851512744,258.54980178856624,8,39,0.048498845265588904,True,0.8898152424942263,0.829445727482679,0.7690762124711316,12.0,27.0,45.0,28.0,False,direct_size_estimation_deferred,매장 면적·좌석·점포별 매출이 없어 규모별 적합도와 argmax 규모는 산출하지 않음,0.6247554128568307,0.836027713625866,usable_area_profile,True,balanced,True,0.6482217090069283,21.0,0.7864703618167822,0.08887308212787294,0.5576193671080226,0.8060046189376443,True,True,0.7694919168591223,19.0
3110226,장안1동주민센터,11230,250349606.0,25034.0,10000.383718143325,0.5125866050808315,0.6904761904761905,0.5396825396825397,0.5714285714285714,0.9603174603174603,0.9126984126984127,0.4087301587301587,0.1865079365079365,0.09126984126984126,0.6825396825396826,BRD_20160521,심봉사도로케,0.4838337182448037,False,2628.4900608331855,93.3916484736326,14,50,0.3308314087759815,True,0.492459584295612,0.4982101616628176,0.5039607390300231,223.0,218.0,215.0,218.66666666666666,False,direct_size_estimation_deferred,매장 면적·좌석·점포별 매출이 없어 규모별 적합도와 argmax 규모는 산출하지 않음,0.5394465632110598,0.9076212471131639,usable_area_profile,True,balanced,True,0.5835912240184757,63.0,0.8438221709006929,0.058583260794855624,1.089032521352472,0.9792147806004619,True,True,0.7681235565819862,20.0
3120079,창동역,11320,765698620.0,76216.0,10046.428833840664,0.8071593533487298,0.7182539682539683,0.11904761904761904,0.6071428571428571,0.25793650793650796,0.3611111111111111,0.24603174603174602,0.19047619047619047,0.4246031746031746,0.9126984126984127,BRD_20240723,올드몬트베이글,0.31755196304849886,False,14598.306751116745,91.21403398036323,16,24,0.38394919168591224,True,0.46443418013856813,0.5623556581986143,0.6602771362586605,230.0,163.0,107.0,166.66666666666666,False,direct_size_estimation_deferred,매장 면적·좌석·점포별 매출이 없어 규모별 적합도와 argmax 규모는 산출하지 않음,0.41239522441134335,0.9676674364896074,usable_area_profile,True,balanced,True,0.7087471131639723,5.0,0.8044649730561971,0.0901443469973297,1.810456993362487,0.9376443418013857,True,True,0.8499133949191687,1.0
3120080,마들역,11350,1045100686.0,106340.0,9827.916926838443,0.858891454965358,0.8928571428571429,0.08333333333333333,0.7222222222222222,0.9444444444444444,0.7777777777777778,0.30158730158730157,0.38095238095238093,0.4444444444444444,0.6071428571428571,BRD_20240723,올드몬트베이글,0.5311778290993071,False,15273.963107185042,45.607017023633105,8,32,0.4087759815242494,True,0.6294919168591223,0.6950346420323326,0.7605773672055427,127.0,77.0,52.0,85.33333333333333,False,direct_size_estimation_deferred,매장 면적·좌석·점포별 매출이 없어 규모별 적합도와 argmax 규모는 산출하지 않음,0.4536084915410978,0.9468822170900693,usable_area_profile,True,balanced,True,0.7127367205542726,4.0,0.8119707467282525,0.07687419193039746,1.7549644031896516,0.9099307159353349,True,True,0.8443879907621249,2.0
3110601,신월1동우편취급국,11470,441016625.0,40173.0,10977.93605157693,0.6785219399538106,0.8055555555555556,0.2222222222222222,0.5158730158730159,0.5873015873015873,0.5079365079365079,0.2896825396825397,0.4801587301587302,0.30952380952380953,0.7738095238095238,BRD_20240723,올드몬트베이글,0.9341801385681293,False,23739.50515493875,258.54980178856624,8,40,0.048498845265588904,True,0.8574826789838337,0.80635103926097,0.7552193995381061,20.0,35.0,56.0,37.0,False,direct_size_estimation_deferred,매장 면적·좌석·점포별 매출이 없어 규모별 적합도와 argmax 규모는 산출하지 않음,0.4765343905804049,0.9191685912240185,usable_area_profile,True,balanced,True,0.6897921478060045,11.0,0.7864703618167822,0.08887308212787294,1.4931205965863386,0.8475750577367206,True,True,0.8110623556581986,3.0
3120166,방배역,11650,1455145059.0,122673.0,11861.983150326478,0.9176674364896074,0.7619047619047619,0.2857142857142857,0.7023809523809523,0.6785714285714286,0.8293650793650794,0.7777777777777778,0.42857142857142855,0.08333333333333333,0.5198412698412699,BRD_20240723,올드몬트베이글,0.9780600461893765,False,9814.504419509225,99.2975326976693,12,28,0.2673210161662818,True,0.9599422632794457,0.9478637413394919,0.935785219399538,3.0,3.0,3.0,3.0,False,direct_size_estimation_deferred,매장 면적·좌석·점포별 매출이 없어 규모별 적합도와 argmax 규모는 산출하지 않음,0.4579060418685013,0.9422632794457275,usable_area_profile,True,balanced,True,0.7522170900692841,1.0,0.8795227097767513,0.05651551828195008,1.1101476475181562,0.7297921478060047,True,True,0.8097979214780601,4.0
3110431,상계역,11350,794085684.0,88729.0,8949.561969592805,0.7986143187066975,0.8928571428571429,0.08333333333333333,0.7222222222222222,0.9444444444444444,0.7777777777777778,0.30158730158730157,0.38095238095238093,0.4444444444444444,0.6071428571428571,BRD_20240723,올드몬트베이글,0.5311778290993071,False,13996.189195622504,65.76473218893736,19,46,0.5519630484988453,True,0.6114087759815242,0.6648960739030023,0.7183833718244803,145.0,99.0,78.0,107.33333333333333,False,direct_size_estimation_deferred,매장 면적·좌석·점포별 매출이 없어 규모별 적합도와 argmax 규모는 산출하지 않음,0.5146179491430894,0.8914549653579676,usable_area_profile,True,balanced,True,0.6424480369515011,25.0,0.6998652809853733,0.10070766908677077,1.9024339070693685,0.9584295612009238,True,True,0.8075981524249423,5.0
3120152,신대방삼거리역,11590,953145793.0,102228.0,9323.72532965528,0.8353348729792147,0.8611111111111112,0.5158730158730159,0.42857142857142855,0.753968253968254,0.9563492063492064,0.6626984126984127,0.11507936507936507,0.09523809523809523,0.5674603174603174,BRD_20240723,올드몬트베이글,0.4653579676674365,False,15787.117849715634,79.30952023733208,18,47,0.4774826789838337,True,0.5763510392609699,0.6503464203233256,0.7243418013856812,166.0,109.0,74.0,116.33333333333333,False,direct_size_estimation_deferred,매장 면적·좌석·점포별 매출이 없어 규모별 적합도와 argmax 규모는 산출하지 않음,0.40469068243608647,0.9699769053117783,usable_area_profile,True,balanced,True,0.7057332563510392,6.0,0.8480561970746728,0.08187605247578715,1.4890887451267942,0.8429561200923787,True,True,0.8071535796766743,6.0
3120241,거여역,11710,442861720.0,38192.0,11595.66715542522,0.6863741339491918,0.8531746031746031,0.13095238095238096,0.6746031746031746,0.9325396825396826,0.8928571428571429,0.7063492063492064,0.4087301587301587,0.03968253968253968,0.5436507936507936,BRD_20240723,올드몬트베이글,0.6558891454965358,False,3598.88038143104,74.88658089693484,10,25,0.3181293302540416,True,0.6650346420323325,0.6711316397228637,0.6772286374133949,107.0,95.0,101.0,101.0,False,direct_size_estimation_deferred,매장 면적·좌석·점포별 매출이 없어 규모별 적합도와 argmax 규모는 산출하지 않음,0.4705419264485854,0.9260969976905312,usable_area_profile,True,balanced,True,0.6555600461893765,21.0,0.7350846805234795,0.1071516472680839,1.7826353774026062,0.9260969976905312,True,True,0.8064607390300231,7.0
3110274,서일대학교,11260,492656087.0,41512.0,11867.79935922143,0.7133949191685912,0.8492063492063492,0.40476190476190477,0.5,0.39285714285714285,0.623015873015873,0.5714285714285714,0.16666666666666666,0.32936507936507936,0.8134920634920635,BRD_20240723,올드몬트베이글,0.8545034642032333,False,6451.910104759289,101.51354588565466,6,29,0.16801385681293304,True,0.8121709006928406,0.7839491916859123,0.7557274826789837,45.0,43.0,55.0,47.666666666666664,False,direct_size_estimation_deferred,매장 면적·좌석·점포별 매출이 없어 규모별 적합도와 argmax 규모는 산출하지 않음,0.4541872545666863,0.9445727482678984,usable_area_profile,True,balanced,True,0.6967725173210161,8.0,0.829003079291763,0.07882695102483951,1.4661187255576806,0.8337182448036952,True,True,0.805675519630485,8.0
3120188,압구정역,11680,1784647410.0,134975.0,13222.058973884052,0.9404157043879908,0.7817460317460317,0.18253968253968253,0.75,0.6468253968253969,0.8531746031746031,0.9206349206349206,0.4365079365079365,0.027777777777777776,0.4880952380952381,BRD_20240723,올드몬트베이글,0.8060046189376443,False,6811.946124301002,98.31073190628577,25,98,0.5323325635103926,True,0.8463279445727483,0.8732101616628176,0.9000923787528868,25.0,14.0,9.0,16.0,False,direct_size_estimation_deferred,매장 면적·좌석·점포별 매출이 없어 규모별 적합도와 argmax 규모는 산출하지 않음,0.31014007391907217,0.9907621247113164,usable_area_profile,True,balanced,True,0.744676674364896,2.0,0.9592956120092379,0.027451419670695573,1.1462617627630058,0.74364896073903,True,True,0.796963048498845,9.0
3120087,응암역,11380,825315709.0,94500.0,8733.499566137567,0.807852193995381,0.8968253968253969,0.15873015873015872,0.5674603174603174,0.5277777777777778,0.6785714285714286,0.47619047619047616,0.17857142857142858,0.19047619047619047,0.8373015873015873,BRD_20240723,올드몬트베이글,0.710161662817552,False,18781.8372370912,68.06614429575176,29,59,0.6893764434180139,True,0.7394688221709007,0.7590069284064664,0.7785450346420322,78.0,55.0,41.0,58.0,False,direct_size_estimation_deferred,매장 면적·좌석·점포별 매출이 없어 규모별 적합도와 argmax 규모는 산출하지 않음,0.4826554742928645,0.9099307159353349,usable_area_profile,True,balanced,True,0.6343071593533487,28.0,0.7459584295612008,0.09115058670599425,1.7989164118386407,0.9330254041570438,True,True,0.7851385681293301,10.0
3120124,개봉동 현대아파트,11530,436251391.0,40258.0,10836.390059118685,0.6745958429561202,0.8412698412698413,0.8373015873015873,0.5753968253968254,0.5238095238095238,0.7579365079365079,0.7380952380952381,0.18253968253968253,0.12698412698412698,0.7658730158730159,BRD_20240723,올드몬트베이글,0.49884526558891457,False,22134.867901145826,107.00467282129758,11,24,0.22690531177829099,True,0.5515704387990763,0.5867205542725173,0.6218706697459584,181.0,148.0,130.0,153.0,False,direct_size_estimation_deferred,매장 면적·좌석·점포별 매출이 없어 규모별 적합도와 argmax 규모는 산출하지 않음,0.44303705748364236,0.9515011547344111,usable_area_profile,True,balanced,True,0.677823325635104,15.0,0.8252501924557353,0.08720225659149386,1.447794669696552,0.8267898383371824,True,True,0.7845092378752887,11.0
3110247,먹골역 1번,11260,351716047.0,32316.0,10883.650420844164,0.6137413394919169,0.8492063492063492,0.40476190476190477,0.5,0.39285714285714285,0.623015873015873,0.5714285714285714,0.16666666666666666,0.32936507936507936,0.8134920634920635,BRD_20240723,올드몬트베이글,0.8545034642032333,False,9265.592371771618,140.63072208521604,15,30,0.25461893764434185,True,0.7822748267898383,0.7341224018475752,0.6859699769053118,57.0,63.0,99.0,73.0,False,direct_size_estimation_deferred,매장 면적·좌석·점포별 매출이 없어 규모별 적합도와 argmax 규모는 산출하지 않음,0.5331944359912442,0.8822170900692841,usable_area_profile,True,balanced,True,0.6177251732101616,36.0,0.6901462663587375,0.10750639472715688,1.7865990595071835,0.9284064665127021,True,True,0.7819572748267899,12.0
3120220,대치역,11680,1335950497.0,71427.0,18703.718439805674,0.8922632794457275,0.7817460317460317,0.18253968253968253,0.75,0.6468253968253969,0.8531746031746031,0.9206349206349206,0.4365079365079365,0.027777777777777776,0.4880952380952381,BRD_20240723,올드몬트베이글,0.8060046189376443,False,3904.4765334447493,68.09552115946737,6,38,0.2881062355658198,True,0.8318822170900693,0.8491339491916858,0.8663856812933025,32.0,22.0,18.0,24.0,False,direct_size_estimation_deferred,매장 면적·좌석·점포별 매출이 없어 규모별 적합도와 argmax 규모는 산출하지 않음,1.0156781724905044,0.5034642032332564,usable_area_profile,True,balanced,True,0.5208083140877598,92.0,0.3547921478060046,0.07092743426598838,2.096114951370009,0.9930715935334873,True,True,0.7727309468822171,13.0
3110167,용마초등학교,11215,378358116.0,38492.0,9829.526031383144,0.6304849884526559,0.8650793650793651,0.5238095238095238,0.6309523809523809,0.7698412698412699,0.9087301587301587,0.7023809523809523,0.1388888888888889,0.0992063492063492,0.6031746031746031,BRD_20240723,올드몬트베이글,0.5646651270207852,False,4393.477096777712,123.1665538866224,19,67,0.37644341801385683,True,0.5844110854503464,0.5975750577367205,0.6107390300230946,161.0,138.0,135.0,144.66666666666666,False,direct_size_estimation_deferred,매장 면적·좌석·점포별 매출이 없어 규모별 적합도와 argmax 규모는 산출하지 않음,0.5847001189436448,0.8498845265588915,usable_area_profile,True,balanced,True,0.5891454965357967,51.0,0.6441493456505004,0.10792673878372222,1.9062484721295085,0.9607390300230947,True,True,0.7719399538106237,14.0
3110352,수유1동주민센터,11305,224649496.0,20961.0,10717.498974285578,0.4817551963048499,0.8253968253968254,0.373015873015873,0.31746031746031744,0.42857142857142855,0.5396825396825397,0.1626984126984127,0.051587301587301584,0.5515873015873016,0.9365079365079365,BRD_20240723,올드몬트베이글,0.15704387990762125,False,14399.477004388122,72.56031972256496,7,28,0.28637413394919164,True,0.2544572748267898,0.31939953810623556,0.3843418013856813,359.0,336.0,290.0,328.3333333333333,False,direct_size_estimation_deferred,매장 면적·좌석·점포별 매출이 없어 규모별 적합도와 argmax 규모는 산출하지 않음,0.5663668956386781,0.8706697459584296,usable_area_profile,True,balanced,True,0.5609930715935336,66.0,0.6509815242494227,0.10138201585734219,2.166934834065019,0.9953810623556582,True,True,0.7609237875288684,15.0
3110517,서대문소방서,11410,546942398.0,45380.0,12052.498854120759,0.7445727482678984,0.9444444444444444,0.5357142857142857,0.5357142857142857,0.9047619047619048,0.9325396825396826,0.44047619047619047,0.12301587301587301,0.1111111111111111,0.6746031746031746,BRD_20240723,올드몬트베이글,0.22170900692840648,False,15974.718338694034,103.00485425230637,3,36,0.14376443418013857,True,0.3785681293302541,0.48314087759815244,0.5877136258660509,289.0,216.0,149.0,218.0,False,direct_size_estimation_deferred,매장 면적·좌석·점포별 매출이 없어 규모별 적합도와 argmax 규모는 산출하지 않음,0.6495035492695096,0.7852193995381063,usable_area_profile,True,balanced,True,0.6316454965357968,30.0,0.6758083140877598,0.07936738086999894,1.3785397004539954,0.7944572748267898,True,True,0.7551558891454965,16.0
3120248,명일역,11740,897341571.0,88804.0,10104.742703031396,0.8340646651270208,0.8452380952380952,0.06746031746031746,0.7063492063492064,0.38492063492063494,0.6626984126984127,0.7182539682539683,0.5833333333333334,0.06746031746031746,0.6507936507936508,BRD_20240723,올드몬트베이글,0.8914549653579676,False,898.0317366368881,41.593268704252424,24,53,0.7448036951501156,True,0.8742378752886836,0.8627598152424942,0.8512817551963049,15.0,16.0,23.0,18.0,False,direct_size_estimation_deferred,매장 면적·좌석·점포별 매출이 없어 규모별 적합도와 argmax 규모는 산출하지 않음,0.6023770130643334,0.8314087759815243,usable_area_profile,True,balanced,True,0.5959064665127021,48.0,0.6468437259430331,0.10480691691883517,1.7610006616397516,0.9145496535796767,True,True,0.7537413394919168,17.0
3111021,방이역 4번,11710,394829518.0,38606.0,10227.154276537325,0.6466512702078522,0.8531746031746031,0.13095238095238096,0.6746031746031746,0.9325396825396826,0.8928571428571429,0.7063492063492064,0.4087301587301587,0.03968253968253968,0.5436507936507936,BRD_20240723,올드몬트베이글,0.6558891454965358,False,1874.7933219428312,115.2085066609535,15,51,0.2984988452655889,True,0.6531177829099306,0.6512702078521939,0.6494226327944572,112.0,108.0,111.0,110.33333333333333,False,direct_size_estimation_deferred,매장 면적·좌석·점포별 매출이 없어 규모별 적합도와 argmax 규모는 산출하지 않음,0.2973081640326267,0.9953810623556582,usable_area_profile,True,balanced,True,0.679243648960739,14.0,0.9355273287143957,0.04949472960279674,1.2092950930654316,0.7575057736720554,True,True,0.7508371824480368,18.0
3120133,서울시흥동우체국(홈플러스시흥점),11545,637795918.0,60754.0,10498.00701188399,0.7765588914549653,0.753968253968254,0.7420634920634921,0.3531746031746032,0.24206349206349206,0.8690476190476191,0.873015873015873,0.04365079365079365,0.13095238095238096,0.6785714285714286,BRD_20240723,올드몬트베이글,0.10739030023094688,False,18840.882569591035,60.20797286767192,15,45,0.4821016166281755,True,0.30814087759815234,0.44197459584295606,0.5758083140877597,324.0,260.0,155.0,246.33333333333334,False,direct_size_estimation_deferred,매장 면적·좌석·점포별 매출이 없어 규모별 적합도와 argmax 규모는 산출하지 않음,0.39552361451429774,0.9722863741339491,usable_area_profile,True,balanced,True,0.6856235565819859,12.0,0.9093533487297921,0.05669816000773116,1.1099659212146513,0.7274826789838337,True,True,0.7433314087759815,19.0
3110502,남가좌파출소,11410,427848944.0,42892.0,9975.029003077498,0.6628175519630486,0.9444444444444444,0.5357142857142857,0.5357142857142857,0.9047619047619048,0.9325396825396826,0.44047619047619047,0.12301587301587301,0.1111111111111111,0.6746031746031746,BRD_20240723,올드몬트베이글,0.22170900692840648,False,17206.69605126642,102.61091558097728,17,46,0.3787528868360277,True,0.35404157043879914,0.4422632794457275,0.5304849884526559,298.0,259.0,196.0,251.0,False,direct_size_estimation_deferred,매장 면적·좌석·점포별 매출이 없어 규모별 적합도와 argmax 규모는 산출하지 않음,0.7692417687592602,0.697459584295612,usable_area_profile,True,balanced,True,0.5239030023094688,90.0,0.5009622786759046,0.10026327854986915,1.9598132881917794,0.976905311778291,True,True,0.7420323325635104,20.0
3120037,동대문역사문화공원역,11140,991150857.0,75063.0,13204.253187322649,0.8695150115473441,0.873015873015873,0.5793650793650794,0.6428571428571429,0.34523809523809523,0.8571428571428571,0.8214285714285714,0.0873015873015873,0.023809523809523808,0.8293650793650794,BRD_20140778,크리스피크림,0.20092378752886836,False,4103.080793729369,125.25573836405046,15,74,0.28002309468822173,True,0.40150115473441106,0.5352193995381063,0.6689376443418014,262.0,177.0,100.0,179.66666666666666,False,direct_size_estimation_deferred,매장 면적·좌석·점포별 매출이 없어 규모별 적합도와 argmax 규모는 산출하지 않음,0.5288857959568103,0.9353348729792148,usable_area_profile,True,balanced,True,0.7299942263279445,1.0,0.7372016936104696,0.1468679111485937,1.3490569711193332,0.9145496535796767,True,True,0.8652713625866051,1.0
3001493,동대문패션타운 관광특구,11140,440248985.0,46018.0,9566.886544395671,0.673094688221709,0.873015873015873,0.5793650793650794,0.6428571428571429,0.34523809523809523,0.8571428571428571,0.8214285714285714,0.0873015873015873,0.023809523809523808,0.8293650793650794,BRD_20140778,크리스피크림,0.20092378752886836,False,4500.153441812842,83.38465086597759,13,73,0.3389145496535797,True,0.34257505773672053,0.43700923787528867,0.5314434180138569,306.0,253.0,194.0,251.0,False,direct_size_estimation_deferred,매장 면적·좌석·점포별 매출이 없어 규모별 적합도와 argmax 규모는 산출하지 않음,0.5487027515951345,0.9260969976905312,usable_area_profile,True,balanced,True,0.6477944572748269,20.0,0.7444187836797537,0.11483237387414628,1.5821166791334718,0.9630484988452656,True,True,0.8141397228637414,2.0
3120149,여의도역(여의도),11560,3585532298.0,257766.0,13910.02807973123,0.9752886836027713,0.8571428571428571,0.7698412698412699,0.5277777777777778,0.23809523809523808,0.9007936507936508,0.9761904761904762,0.3373015873015873,0.047619047619047616,0.25,BRD_20140778,크리스피크림,0.2840646651270208,False,4544.9913091352055,175.93180492668327,36,58,0.47979214780600465,True,0.4914318706697459,0.629676674364896,0.7679214780600461,207.0,123.0,56.0,128.66666666666666,False,direct_size_estimation_deferred,매장 면적·좌석·점포별 매출이 없어 규모별 적합도와 argmax 규모는 산출하지 않음,0.8806052898941309,0.6928406466512702,usable_area_profile,True,balanced,True,0.6158025404157044,39.0,0.5236720554272517,0.11142881405442223,1.5181763591362998,0.953810623556582,True,True,0.8099942263279445,3.0
3120175,남부터미널역,11650,960650667.0,103198.0,9308.810897498013,0.8390300230946882,0.7619047619047619,0.2857142857142857,0.7023809523809523,0.6785714285714286,0.8293650793650794,0.7777777777777778,0.42857142857142855,0.08333333333333333,0.5198412698412699,BRD_20140778,크리스피크림,0.9780600461893765,False,1582.621243426453,49.929950906089985,13,46,0.4821016166281755,True,0.93635103926097,0.9085450346420323,0.8807390300230946,7.0,11.0,16.0,11.333333333333334,False,direct_size_estimation_deferred,매장 면적·좌석·점포별 매출이 없어 규모별 적합도와 argmax 규모는 산출하지 않음,0.514730923113845,0.9445727482678984,usable_area_profile,True,balanced,True,0.6936316397228637,8.0,0.8356428021555042,0.10952373119230398,0.9945784801755224,0.8221709006928406,True,True,0.791633949191686,4.0
3120003,광화문역,11110,756200869.0,75218.0,10053.456207290808,0.8042725173210161,0.876984126984127,0.42857142857142855,0.503968253968254,0.75,0.9444444444444444,0.8531746031746031,0.2619047619047619,0.05952380952380952,0.3611111111111111,BRD_20140778,크리스피크림,0.9330254041570438,False,3366.2960356841686,69.12307861572918,25,101,0.6414549653579678,True,0.8943995381062354,0.86864896073903,0.8428983833718244,16.0,19.0,29.0,21.333333333333332,False,direct_size_estimation_deferred,매장 면적·좌석·점포별 매출이 없어 규모별 적합도와 argmax 규모는 산출하지 않음,0.509893738034649,0.9468822170900693,usable_area_profile,True,balanced,True,0.6587182448036951,14.0,0.7959006928406467,0.11836682820533301,1.2755391568616867,0.9053117782909931,True,True,0.7912528868360277,5.0
3120119,발산역(마곡),11500,2401733989.0,206918.0,11607.177669414938,0.9505773672055428,0.8373015873015873,0.23809523809523808,0.623015873015873,0.32142857142857145,0.8333333333333334,0.9246031746031746,0.46825396825396826,0.05555555555555555,0.42063492063492064,BRD_20140778,크리스피크림,0.7494226327944573,False,6906.9259442722005,55.470712991852245,37,103,0.7788683602771362,True,0.8097690531177828,0.8500000000000001,0.890230946882217,50.0,25.0,13.0,29.333333333333332,False,direct_size_estimation_deferred,매장 면적·좌석·점포별 매출이 없어 규모별 적합도와 argmax 규모는 산출하지 않음,0.7887104020278387,0.7667436489607391,usable_area_profile,True,balanced,True,0.5992436489607391,49.0,0.5261739799846036,0.13960795160237593,1.723180278880629,0.9722863741339491,True,True,0.7872806004618937,6.0
3120153,노량진역(노량진),11590,595426544.0,103117.0,5774.2810981700395,0.7636258660508083,0.8611111111111112,0.5158730158730159,0.42857142857142855,0.753968253968254,0.9563492063492064,0.6626984126984127,0.11507936507936507,0.09523809523809523,0.5674603174603174,BRD_20140778,크리스피크림,0.5969976905311778,False,3674.0726720807124,132.0075755359234,5,24,0.09526558891454966,True,0.6469861431870669,0.6803117782909931,0.713637413394919,120.0,93.0,71.0,94.66666666666667,False,direct_size_estimation_deferred,매장 면적·좌석·점포별 매출이 없어 규모별 적합도와 argmax 규모는 산출하지 않음,0.7967436574382533,0.7598152424942264,usable_area_profile,True,balanced,True,0.6328868360277137,26.0,0.6104695919938414,0.14073458980335543,1.0611865264187115,0.8498845265588915,True,True,0.7826963048498846,7.0
3120057,아차산역,11215,481472585.0,48285.0,9971.473231852542,0.7008083140877599,0.8650793650793651,0.5238095238095238,0.6309523809523809,0.7698412698412699,0.9087301587301587,0.7023809523809523,0.1388888888888889,0.0992063492063492,0.6031746031746031,BRD_20140778,크리스피크림,0.825635103926097,False,5007.4657262975525,182.38695125909172,27,57,0.42782909930715934,True,0.7881870669745958,0.7632217090069284,0.738256351039261,59.0,54.0,64.0,59.0,False,direct_size_estimation_deferred,매장 면적·좌석·점포별 매출이 없어 규모별 적합도와 argmax 규모는 산출하지 않음,0.6862405619932659,0.8452655889145496,usable_area_profile,True,balanced,True,0.6037413394919169,45.0,0.7135296381832178,0.09059293855413542,1.4541525292571305,0.9376443418013857,True,True,0.7747055427251733,8.0
3120107,공덕역(공덕오거리),11440,1051109080.0,111230.0,9449.870358716174,0.8578521939953809,0.9404761904761905,0.4246031746031746,0.5833333333333334,0.9642857142857143,0.9880952380952381,0.9841269841269841,0.1111111111111111,0.011904761904761904,0.051587301587301584,BRD_20140778,크리스피크림,0.1397228637413395,False,1754.1781551507138,80.05623025110103,24,77,0.5767898383371824,True,0.3551616628175519,0.4987875288683602,0.6424133949191685,297.0,208.0,121.0,208.66666666666666,False,direct_size_estimation_deferred,매장 면적·좌석·점포별 매출이 없어 규모별 적합도와 argmax 규모는 산출하지 않음,0.42782630877589967,0.9722863741339491,usable_area_profile,True,balanced,True,0.6998729792147805,6.0,0.9156081601231717,0.06710078505723298,0.8446728896306398,0.766743648960739,True,True,0.7692205542725173,9.0
3120062,신설동역,11230,583819931.0,56521.0,10329.256931052176,0.748498845265589,0.6904761904761905,0.5396825396825397,0.5714285714285714,0.9603174603174603,0.9126984126984127,0.4087301587301587,0.1865079365079365,0.09126984126984126,0.6825396825396826,BRD_20140778,크리스피크림,0.38683602771362585,False,5941.237918129293,109.76793705062819,8,37,0.16743648960739027,True,0.49533487297921475,0.5676674364896074,0.64,204.0,155.0,124.0,161.0,False,direct_size_estimation_deferred,매장 면적·좌석·점포별 매출이 없어 규모별 적합도와 argmax 규모는 산출하지 않음,0.6772569565649196,0.8521939953810623,usable_area_profile,True,balanced,True,0.6629561200923788,12.0,0.7826212471131639,0.07792402283278821,0.892827984730585,0.7852193995381063,True,True,0.7691801385681294,10.0
3120055,군자역,11215,811493384.0,82304.0,9859.707717729394,0.8148960739030023,0.8650793650793651,0.5238095238095238,0.6309523809523809,0.7698412698412699,0.9087301587301587,0.7023809523809523,0.1388888888888889,0.0992063492063492,0.6031746031746031,BRD_20140778,크리스피크림,0.825635103926097,False,5751.85709141393,39.05124838393783,28,50,0.8100461893764435,True,0.8224133949191685,0.8202655889145496,0.8181177829099306,41.0,34.0,36.0,37.0,False,direct_size_estimation_deferred,매장 면적·좌석·점포별 매출이 없어 규모별 적합도와 argmax 규모는 산출하지 않음,0.33993247343973887,0.9861431870669746,usable_area_profile,True,balanced,True,0.6567782909930716,15.0,0.8847190146266359,0.08950732818638461,1.133138196563516,0.8706697459584296,True,True,0.7670727482678984,11.0
3120006,종각역,11110,3016948830.0,169455.0,17803.834823404442,0.9732101616628176,0.876984126984127,0.42857142857142855,0.503968253968254,0.75,0.9444444444444444,0.8531746031746031,0.2619047619047619,0.05952380952380952,0.3611111111111111,BRD_20140778,크리스피크림,0.9330254041570438,False,3344.5023545909357,42.201895712860484,34,122,0.8273672055427252,True,0.9450808314087759,0.9531177829099307,0.9611547344110853,4.0,2.0,2.0,2.6666666666666665,True,direct_size_estimation_deferred,매장 면적·좌석·점포별 매출이 없어 규모별 적합도와 argmax 규모는 산출하지 않음,0.7549758425684928,0.7875288683602771,usable_area_profile,True,balanced,True,0.6102829099307159,41.0,0.6086412625096228,0.14289846366734366,1.2518511484286532,0.8914549653579676,True,True,0.7606986143187067,12.0
3120009,종로3가역,11110,773341001.0,64864.0,11922.499398741984,0.8273672055427251,0.876984126984127,0.42857142857142855,0.503968253968254,0.75,0.9444444444444444,0.8531746031746031,0.2619047619047619,0.05952380952380952,0.3611111111111111,BRD_20140778,크리스피크림,0.9330254041570438,False,3719.0412742874914,125.80143085865113,24,103,0.45438799076212466,True,0.9013279445727481,0.8801963048498844,0.8590646651270206,14.0,18.0,20.0,17.333333333333332,False,direct_size_estimation_deferred,매장 면적·좌석·점포별 매출이 없어 규모별 적합도와 argmax 규모는 산출하지 않음,0.3200995816635152,0.9884526558891455,usable_area_profile,True,balanced,True,0.7156466512702078,2.0,0.9535219399538106,0.05047087142510804,0.6920965489404595,0.7066974595842956,True,True,0.7592667436489607,13.0
3120185,논현역,11680,513050241.0,50635.0,10132.324301372568,0.7160508083140878,0.7817460317460317,0.18253968253968253,0.75,0.6468253968253969,0.8531746031746031,0.9206349206349206,0.4365079365079365,0.027777777777777776,0.4880952380952381,BRD_20140778,크리스피크림,0.8775981524249422,False,1538.3071864713286,65.29931086754209,16,62,0.4896073903002309,True,0.8291339491916858,0.796824480369515,0.7645150115473441,38.0,41.0,57.0,45.333333333333336,False,direct_size_estimation_deferred,매장 면적·좌석·점포별 매출이 없어 규모별 적합도와 argmax 규모는 산출하지 않음,0.7623042580696159,0.7829099307159353,usable_area_profile,True,balanced,True,0.5686316397228638,65.0,0.5752501924557352,0.13848596262992668,1.4995002693170076,0.9515011547344111,True,True,0.7568475750577367,14.0
3120208,청담사거리(청담동명품거리),11680,990117589.0,45474.0,21773.267999296302,0.8292147806004619,0.7817460317460317,0.18253968253968253,0.75,0.6468253968253969,0.8531746031746031,0.9206349206349206,0.4365079365079365,0.027777777777777776,0.4880952380952381,BRD_20140778,크리스피크림,0.8775981524249422,False,3421.3034065835886,112.3610252495735,13,63,0.2557736720554272,True,0.8630831408775981,0.8534064665127021,0.843729792147806,28.0,24.0,28.0,26.666666666666668,False,direct_size_estimation_deferred,매장 면적·좌석·점포별 매출이 없어 규모별 적합도와 argmax 규모는 산출하지 않음,0.8834087405425431,0.6859122401847575,usable_area_profile,True,balanced,True,0.5948152424942263,51.0,0.5710161662817552,0.1132720169637635,1.0143376712340022,0.8383371824480369,True,True,0.7515069284064665,15.0
3110762,선유도역 1번,11560,211416937.0,18584.0,11376.28804347826,0.47551963048498846,0.8571428571428571,0.7698412698412699,0.5277777777777778,0.23809523809523808,0.9007936507936508,0.9761904761904762,0.3373015873015873,0.047619047619047616,0.25,BRD_20140778,크리스피크림,0.2840646651270208,False,3819.6465805159073,243.2961158758615,11,18,0.10277136258660506,True,0.34150115473441106,0.3797921478060046,0.4180831408775981,310.0,295.0,257.0,287.3333333333333,False,direct_size_estimation_deferred,매장 면적·좌석·점포별 매출이 없어 규모별 적합도와 argmax 규모는 산출하지 않음,0.7995362277849372,0.7575057736720554,usable_area_profile,True,balanced,True,0.5297690531177829,93.0,0.5131832178598922,0.13203281875517678,1.850468376845009,0.9838337182448037,True,True,0.7480254041570439,16.0
3001496,강남 마이스 관광특구,11680,1293218183.0,103941.0,12441.848577558423,0.9066974595842956,0.7817460317460317,0.18253968253968253,0.75,0.6468253968253969,0.8531746031746031,0.9206349206349206,0.4365079365079365,0.027777777777777776,0.4880952380952381,BRD_20140778,크리스피크림,0.8775981524249422,False,3128.088393884572,97.94386148455335,20,41,0.45669745958429564,True,0.8863279445727481,0.8921478060046188,0.8979676674364895,18.0,14.0,11.0,14.333333333333334,False,direct_size_estimation_deferred,매장 면적·좌석·점포별 매출이 없어 규모별 적합도와 argmax 규모는 산출하지 않음,0.8376653629092551,0.7367205542725173,usable_area_profile,True,balanced,True,0.6171997690531177,38.0,0.6463625866050808,0.09680938525641579,0.933359585210755,0.8060046189376443,True,True,0.7469226327944571,17.0
3120101,합정역,11440,1552802578.0,170078.0,9129.943778736815,0.8870669745958429,0.9404761904761905,0.4246031746031746,0.5833333333333334,0.9642857142857143,0.9880952380952381,0.9841269841269841,0.1111111111111111,0.011904761904761904,0.051587301587301584,BRD_20140778,크리스피크림,0.1397228637413395,False,2376.091117804221,38.327535776922915,34,129,0.8435334872979214,True,0.3639260969976905,0.5133949191685913,0.6628637413394919,289.0,196.0,104.0,196.33333333333334,False,direct_size_estimation_deferred,매장 면적·좌석·점포별 매출이 없어 규모별 적합도와 argmax 규모는 산출하지 않음,0.5993027836070324,0.8937644341801385,usable_area_profile,True,balanced,True,0.6308256351039261,27.0,0.8238067744418783,0.06602601379344257,1.0595469227798224,0.8475750577367206,True,True,0.7467494226327945,18.0
3110810,영신초등학교,11560,325709619.0,29453.0,11058.62285675483,0.5928406466512702,0.8571428571428571,0.7698412698412699,0.5277777777777778,0.23809523809523808,0.9007936507936508,0.9761904761904762,0.3373015873015873,0.047619047619047616,0.25,BRD_20140778,크리스피크림,0.2840646651270208,False,3182.455812725431,74.63243262412867,11,41,0.34295612009237875,True,0.37669745958429557,0.4384526558891455,0.5002078521939953,280.0,252.0,207.0,246.33333333333334,False,direct_size_estimation_deferred,매장 면적·좌석·점포별 매출이 없어 규모별 적합도와 argmax 규모는 산출하지 않음,0.31040047649110064,0.9930715935334873,usable_area_profile,True,balanced,True,0.6525866050808314,16.0,0.941108545034642,0.05647173325249758,0.9201603263442791,0.7944572748267898,True,True,0.7421131639722864,19.0
3120205,매봉역,11680,580733796.0,60594.0,9584.014852955737,0.7444572748267898,0.7817460317460317,0.18253968253968253,0.75,0.6468253968253969,0.8531746031746031,0.9206349206349206,0.4365079365079365,0.027777777777777776,0.4880952380952381,BRD_20140778,크리스피크림,0.8775981524249422,False,1902.8623176551,70.4911341990284,16,64,0.4688221709006928,True,0.8376558891454964,0.811027713625866,0.7843995381062354,36.0,38.0,45.0,39.666666666666664,False,direct_size_estimation_deferred,매장 면적·좌석·점포별 매출이 없어 규모별 적합도와 argmax 규모는 산출하지 않음,0.5611363673036134,0.9214780600461894,usable_area_profile,True,balanced,True,0.6509757505773672,17.0,0.855080831408776,0.08079051653086988,0.8218443387726471,0.7575057736720554,True,True,0.732459584295612,20.0
3110640,방화역 1번,11500,671414576.0,62982.0,10660.420056524086,0.7871824480369516,0.8373015873015873,0.23809523809523808,0.623015873015873,0.32142857142857145,0.8333333333333334,0.9246031746031746,0.46825396825396826,0.05555555555555555,0.42063492063492064,BRD_20080200064,파리바게뜨,0.8625866050808314,False,719.8694326105474,241.56986569432095,5,22,0.031177829099307157,True,0.8399653579676675,0.8248845265588916,0.8098036951501155,6.0,3.0,3.0,4.0,False,direct_size_estimation_deferred,매장 면적·좌석·점포별 매출이 없어 규모별 적합도와 argmax 규모는 산출하지 않음,0.6027518577030829,0.8660508083140878,usable_area_profile,True,balanced,True,0.7038625866050809,2.0,0.8122594303310239,0.05032439479240749,1.068892695182088,1.0,True,True,0.8912933025404157,1.0
3120038,약수역,11140,1550178516.0,134777.0,11501.803096967584,0.9235565819861433,0.873015873015873,0.5793650793650794,0.6428571428571429,0.34523809523809523,0.8571428571428571,0.8214285714285714,0.0873015873015873,0.023809523809523808,0.8293650793650794,BRD_20080200064,파리바게뜨,0.20092378752886836,False,878.3826045324923,62.64183906448842,18,42,0.581986143187067,True,0.4177136258660509,0.5622401847575058,0.7067667436489607,42.0,24.0,10.0,25.333333333333332,False,direct_size_estimation_deferred,매장 면적·좌석·점포별 매출이 없어 규모별 적합도와 argmax 규모는 산출하지 않음,0.42072386741959267,0.9653579676674365,usable_area_profile,True,balanced,True,0.7186258660508084,1.0,0.9359122401847575,0.04410525527649033,0.667624012106663,0.9445727482678984,True,True,0.8572055427251732,2.0
3110274,서일대학교,11260,492656087.0,41512.0,11867.79935922143,0.7133949191685912,0.8492063492063492,0.40476190476190477,0.5,0.39285714285714285,0.623015873015873,0.5714285714285714,0.16666666666666666,0.32936507936507936,0.8134920634920635,BRD_20080200064,파리바게뜨,0.8983833718244804,False,650.4467695524278,101.51354588565466,6,27,0.18879907621247113,True,0.8428868360277135,0.8058891454965358,0.7688914549653578,5.0,5.0,5.0,5.0,False,direct_size_estimation_deferred,매장 면적·좌석·점포별 매출이 없어 규모별 적합도와 argmax 규모는 산출하지 않음,0.5688478551905781,0.8891454965357968,usable_area_profile,True,balanced,True,0.6659411085450346,4.0,0.829003079291763,0.07882695102483951,0.7629676964808908,0.9722863741339491,True,True,0.8413568129330253,3.0
3120133,서울시흥동우체국(홈플러스시흥점),11545,637795918.0,60754.0,10498.00701188399,0.7765588914549653,0.753968253968254,0.7420634920634921,0.3531746031746032,0.24206349206349206,0.8690476190476191,0.873015873015873,0.04365079365079365,0.13095238095238096,0.6785714285714286,BRD_20080200064,파리바게뜨,0.10739030023094688,False,694.2225868096873,60.20797286767192,15,43,0.523094688221709,True,0.30814087759815234,0.44197459584295606,0.5758083140877597,59.0,39.0,24.0,40.666666666666664,False,direct_size_estimation_deferred,매장 면적·좌석·점포별 매출이 없어 규모별 적합도와 argmax 규모는 산출하지 않음,0.4492041865447183,0.9515011547344111,usable_area_profile,True,balanced,True,0.669081986143187,3.0,0.9093533487297921,0.05669816000773116,0.7433716720061437,0.9676674364896074,True,True,0.8270207852193996,4.0
3130222,오류시장,11530,677800421.0,66656.0,10168.633296327413,0.7894919168591223,0.8412698412698413,0.8373015873015873,0.5753968253968254,0.5238095238095238,0.7579365079365079,0.7380952380952381,0.18253968253968253,0.12698412698412698,0.7658730158730159,BRD_20080200064,파리바게뜨,0.5242494226327945,False,555.6518694649683,48.414873764798386,14,32,0.5548498845265589,True,0.6038221709006928,0.6568706697459584,0.7099191685912238,26.0,17.0,9.0,17.333333333333332,False,direct_size_estimation_deferred,매장 면적·좌석·점포별 매출이 없어 규모별 적합도와 argmax 규모는 산출하지 않음,0.4814401963618062,0.9260969976905312,usable_area_profile,True,balanced,True,0.6561431870669745,5.0,0.9045419553502695,0.04485297674145903,0.48057105472640177,0.8521939953810623,True,True,0.7723267898383371,5.0
3120228,석촌역(석촌호수),11710,510280686.0,47215.0,10807.596865402944,0.7248267898383373,0.8531746031746031,0.13095238095238096,0.6746031746031746,0.9325396825396826,0.8928571428571429,0.7063492063492064,0.4087301587301587,0.03968253968253968,0.5436507936507936,BRD_20080200064,파리바게뜨,0.3995381062355658,False,916.5424158603037,78.44743464456866,38,111,0.7061200923787528,True,0.4971247113163972,0.5621824480369515,0.6272401847575059,33.0,25.0,17.0,25.0,False,direct_size_estimation_deferred,매장 면적·좌석·점포별 매출이 없어 규모별 적합도와 argmax 규모는 산출하지 않음,0.3587609611637271,0.9907621247113164,usable_area_profile,True,balanced,True,0.6431524249422634,6.0,0.9733448806774442,0.0333978756040919,0.5215075425856811,0.8845265588914549,True,True,0.7625692840646652,6.0
3110593,신월3동주민센터,11470,317937956.0,28102.0,11313.712760657605,0.5892609699769054,0.8055555555555556,0.2222222222222222,0.5158730158730159,0.5873015873015873,0.5079365079365079,0.2896825396825397,0.4801587301587302,0.30952380952380953,0.7738095238095238,BRD_20080200064,파리바게뜨,0.9341801385681293,False,632.7566673113736,184.0679222675113,3,20,0.03060046189376444,True,0.8307043879907621,0.7617205542725174,0.6927367205542725,7.0,9.0,12.0,9.333333333333334,False,direct_size_estimation_deferred,매장 면적·좌석·점포별 매출이 없어 규모별 적합도와 argmax 규모는 산출하지 않음,0.6995121134758161,0.76905311778291,usable_area_profile,True,balanced,True,0.5861778290993072,8.0,0.7399923017705928,0.062193362693480636,0.4672655530067264,0.8406466512702079,True,True,0.7391628175519631,7.0
3120036,장충동족발거리(남소영길),11140,714071225.0,46216.0,15450.736216894582,0.7980369515011547,0.873015873015873,0.5793650793650794,0.6428571428571429,0.34523809523809523,0.8571428571428571,0.8214285714285714,0.0873015873015873,0.023809523809523808,0.8293650793650794,BRD_20080200064,파리바게뜨,0.20092378752886836,False,518.3676301800754,65.7343136994004,11,60,0.4018475750577367,True,0.3800577367205542,0.4994803695150115,0.6189030023094687,48.0,34.0,20.0,34.0,False,direct_size_estimation_deferred,매장 면적·좌석·점포별 매출이 없어 규모별 적합도와 argmax 규모는 산출하지 않음,1.1378084337423544,0.4272517321016166,usable_area_profile,True,balanced,True,0.4326616628175519,26.0,0.40906466512702083,0.027949530654200336,0.6507109976053412,0.9376443418013857,True,True,0.6823672055427252,8.0
3120076,수유역,11305,467733481.0,45202.0,10347.6280031857,0.6957274826789839,0.8253968253968254,0.373015873015873,0.31746031746031744,0.42857142857142855,0.5396825396825397,0.1626984126984127,0.051587301587301584,0.5515873015873016,0.9365079365079365,BRD_20080200064,파리바게뜨,0.12702078521939955,False,805.4030047526775,32.015621227467925,15,39,0.6420323325635104,True,0.29763279445727486,0.4113741339491917,0.5251154734411085,62.0,44.0,33.0,46.333333333333336,False,direct_size_estimation_deferred,매장 면적·좌석·점포별 매출이 없어 규모별 적합도와 argmax 규모는 산출하지 않음,0.7967447226930517,0.6766743648960739,usable_area_profile,True,balanced,True,0.4855369515011547,20.0,0.6442455735180909,0.05835189558232693,0.555745294207799,0.9030023094688222,True,True,0.6766166281755196,9.0
3110002,독립문역 1번,11110,365825854.0,38233.0,9568.32720424764,0.61824480369515,0.876984126984127,0.42857142857142855,0.503968253968254,0.75,0.9444444444444444,0.8531746031746031,0.2619047619047619,0.05952380952380952,0.3611111111111111,BRD_20080200064,파리바게뜨,0.7090069284064665,False,1175.9804419885481,115.00434770468347,4,14,0.14376443418013857,True,0.6817782909930715,0.6636258660508083,0.645473441108545,18.0,16.0,16.0,16.666666666666668,False,direct_size_estimation_deferred,매장 면적·좌석·점포별 매출이 없어 규모별 적합도와 argmax 규모는 산출하지 않음,0.8415712613740647,0.6535796766743649,usable_area_profile,True,balanced,True,0.5216108545034641,15.0,0.6359699769053118,0.047990838955537095,0.3669387773230699,0.7713625866050808,True,True,0.668527713625866,10.0
3120165,서래마을카페거리(서래마을),11650,2971488955.0,159582.0,18620.45189933702,0.9718244803695151,0.7619047619047619,0.2857142857142857,0.7023809523809523,0.6785714285714286,0.8293650793650794,0.7777777777777778,0.42857142857142855,0.08333333333333333,0.5198412698412699,BRD_20080200064,파리바게뜨,0.9780600461893765,False,754.4461544881242,18.110770263065373,12,55,0.6073903002309469,True,0.976189376443418,0.9749422632794458,0.9736951501154734,1.0,1.0,1.0,1.0,True,direct_size_estimation_deferred,매장 면적·좌석·점포별 매출이 없어 규모별 적합도와 argmax 규모는 산출하지 않음,0.7090567667949226,0.7644341801385681,usable_area_profile,True,balanced,True,0.6312471131639723,7.0,0.7512509622786759,0.08110629650978349,0.1625424711421998,0.5866050808314087,True,True,0.6644110854503464,11.0
3110768,도림2동유수지내체육시설,11560,71462127.0,7678.0,9307.388252148998,0.20692840646651273,0.8571428571428571,0.7698412698412699,0.5277777777777778,0.23809523809523808,0.9007936507936508,0.9761904761904762,0.3373015873015873,0.047619047619047616,0.25,BRD_20080200064,파리바게뜨,0.24480369515011546,False,503.0357840010102,164.1371377999411,6,37,0.07794457274826791,True,0.2334411085450346,0.2258660508083141,0.21829099307159353,67.0,69.0,69.0,68.33333333333333,False,direct_size_estimation_deferred,매장 면적·좌석·점포별 매출이 없어 규모별 적합도와 argmax 규모는 산출하지 않음,0.45955288818975576,0.9422632794457275,usable_area_profile,True,balanced,True,0.531864896073903,13.0,0.927347959969207,0.03831926848721379,0.3892381056673186,0.7967667436489607,True,True,0.651772517321016,12.0
3110741,독산2동주민센터,11545,212267831.0,22255.0,9537.98386879353,0.46143187066974595,0.753968253968254,0.7420634920634921,0.3531746031746032,0.24206349206349206,0.8690476190476191,0.873015873015873,0.04365079365079365,0.13095238095238096,0.6785714285714286,BRD_20080200064,파리바게뜨,0.10739030023094688,False,550.245399822522,117.4436034884882,6,40,0.15069284064665125,True,0.2136027713625866,0.28441108545034643,0.3552193995381062,70.0,63.0,49.0,60.666666666666664,False,direct_size_estimation_deferred,매장 면적·좌석·점포별 매출이 없어 규모별 적합도와 argmax 규모는 산출하지 않음,0.7559616444526125,0.7182448036951501,usable_area_profile,True,balanced,True,0.49801963048498843,18.0,0.689376443418014,0.07423799465339163,0.3888623394519083,0.792147806004619,True,True,0.6481581986143187,13.0
3130065,무학봉상점가,11200,317290806.0,29717.0,10677.080660901167,0.5839491916859122,0.9206349206349206,0.38492063492063494,0.5555555555555556,0.9920634920634921,0.9841269841269841,0.9563492063492064,0.10317460317460317,0.015873015873015872,0.07936507936507936,BRD_20080200064,파리바게뜨,0.016166281755196306,False,511.56622247784657,58.18075286774034,23,68,0.6818706697459584,True,0.18650115473441106,0.30005773672055425,0.4136143187066974,73.0,61.0,40.0,58.0,False,direct_size_estimation_deferred,매장 면적·좌석·점포별 매출이 없어 규모별 적합도와 argmax 규모는 산출하지 않음,0.5707872807224045,0.8868360277136259,usable_area_profile,True,balanced,True,0.5455196304849884,12.0,0.8650885296381832,0.061125252480024796,0.3557858199857683,0.7621247113163973,True,True,0.6438048498845266,14.0
3110278,망우본동주민센터,11260,279980263.0,25554.0,10956.416334037724,0.5566974595842956,0.8492063492063492,0.40476190476190477,0.5,0.39285714285714285,0.623015873015873,0.5714285714285714,0.16666666666666666,0.32936507936507936,0.8134920634920635,BRD_20080200064,파리바게뜨,0.8983833718244804,False,759.213408738555,84.86459802550497,9,37,0.29041570438799075,True,0.7958775981524249,0.727540415704388,0.659203233256351,9.0,10.0,15.0,11.333333333333334,False,direct_size_estimation_deferred,매장 면적·좌석·점포별 매출이 없어 규모별 적합도와 argmax 규모는 산출하지 않음,0.9680733564161195,0.5427251732101617,usable_area_profile,True,balanced,True,0.4226443418013857,28.0,0.507409545804465,0.07907954606499379,0.4465835878303039,0.8267898383371824,True,True,0.6169803695150115,15.0
3130150,창동골목시장,11320,173336059.0,12934.0,13401.58179990722,0.4159353348729793,0.7182539682539683,0.11904761904761904,0.6071428571428571,0.25793650793650796,0.3611111111111111,0.24603174603174602,0.19047619047619047,0.4246031746031746,0.9126984126984127,BRD_20080200064,파리바게뜨,0.1535796766743649,False,530.571390098121,25.000000032567186,8,27,0.5080831408775982,True,0.2322863741339492,0.2847575057736721,0.3372286374133949,69.0,62.0,53.0,61.333333333333336,False,direct_size_estimation_deferred,매장 면적·좌석·점포별 매출이 없어 규모별 적합도와 argmax 규모는 산출하지 않음,0.6534729289970951,0.812933025404157,usable_area_profile,True,balanced,True,0.4758314087759815,21.0,0.7751154734411085,0.09865658485091659,0.38332516800775035,0.789838337182448,True,True,0.6083833718244803,16.0
3110836,상도역 5번,11590,245030296.0,22286.0,10994.80822040743,0.5116628175519631,0.8611111111111112,0.5158730158730159,0.42857142857142855,0.753968253968254,0.9563492063492064,0.6626984126984127,0.11507936507936507,0.09523809523809523,0.5674603174603174,BRD_20080200064,파리바게뜨,0.5577367205542725,False,708.5795650328961,143.40502085254877,17,42,0.33718244803695147,True,0.5439145496535797,0.5346997690531178,0.5254849884526559,30.0,29.0,32.0,30.333333333333332,False,direct_size_estimation_deferred,매장 면적·좌석·점포별 매출이 없어 규모별 적합도와 argmax 규모는 산출하지 않음,0.5266972658378481,0.9076212471131639,usable_area_profile,True,balanced,True,0.5823152424942263,9.0,0.9057929176289453,0.06490845147074367,0.02816781856277551,0.5011547344110855,True,True,0.5756697459584296,17.0
3110905,방배노인종합복지관(이수중학교),11650,373845875.0,24927.0,14997.62807397601,0.6131639722863742,0.7619047619047619,0.2857142857142857,0.7023809523809523,0.6785714285714286,0.8293650793650794,0.7777777777777778,0.42857142857142855,0.08333333333333333,0.5198412698412699,BRD_20080200064,파리바게뜨,0.9780600461893765,False,534.3416510097215,32.202484392652536,19,68,0.7263279445727483,True,0.8685912240184758,0.7956120092378753,0.7226327944572748,4.0,6.0,8.0,6.0,False,direct_size_estimation_deferred,매장 면적·좌석·점포별 매출이 없어 규모별 적합도와 argmax 규모는 산출하지 않음,0.7458995045783037,0.7367205542725173,usable_area_profile,True,balanced,True,0.47401847575057743,22.0,0.7147806004618937,0.07886083639244285,0.27821102101227535,0.6882217090069284,True,True,0.5713048498845266,18.0
3110399,창2동주민센터,11320,103641200.0,12439.0,8331.955945011658,0.27644341801385686,0.7182539682539683,0.11904761904761904,0.6071428571428571,0.25793650793650796,0.3611111111111111,0.24603174603174602,0.19047619047619047,0.4246031746031746,0.9126984126984127,BRD_20080200064,파리바게뜨,0.1535796766743649,False,600.2566118039041,143.8506169553784,10,43,0.16916859122401845,True,0.19043879907621247,0.21501154734411088,0.23958429561200925,72.0,71.0,67.0,70.0,False,direct_size_estimation_deferred,매장 면적·좌석·점포별 매출이 없어 규모별 적합도와 argmax 규모는 산출하지 않음,0.7487167357575151,0.7321016166281755,usable_area_profile,True,balanced,True,0.4374307159353349,25.0,0.7114126250962278,0.07829266411356163,0.2642519802613794,0.6789838337182448,True,True,0.5487817551963049,19.0
3110930,서초동성당,11650,459533753.0,23329.0,19697.961892922973,0.6435334872979215,0.7619047619047619,0.2857142857142857,0.7023809523809523,0.6785714285714286,0.8293650793650794,0.7777777777777778,0.42857142857142855,0.08333333333333333,0.5198412698412699,BRD_20080200064,파리바게뜨,0.9780600461893765,False,678.4880249541898,90.80198239066165,12,67,0.32678983833718245,True,0.8777020785219399,0.810796766743649,0.7438914549653579,3.0,4.0,6.0,4.333333333333333,False,direct_size_estimation_deferred,매장 면적·좌석·점포별 매출이 없어 규모별 적합도와 argmax 규모는 산출하지 않음,1.1452505135047861,0.42494226327944573,usable_area_profile,True,balanced,True,0.38868937644341794,32.0,0.4069476520400308,0.08037534089042654,0.22388223850828176,0.6374133949191686,True,True,0.5264896073903003,20.0
3130072,성동용답상가시장,11200,441220675.0,42751.0,10320.710041870365,0.6748267898383372,0.9206349206349206,0.38492063492063494,0.5555555555555556,0.9920634920634921,0.9841269841269841,0.9563492063492064,0.10317460317460317,0.015873015873015872,0.07936507936507936,BRD_20170827,핫브레드,0.13394919168591224,False,1037.8232026549297,135.0925608781212,10,28,0.15069284064665128,True,0.29621247113163973,0.4043879907621247,0.5125635103926097,306.0,243.0,183.0,244.0,False,direct_size_estimation_deferred,매장 면적·좌석·점포별 매출이 없어 규모별 적합도와 argmax 규모는 산출하지 않음,0.31140495904387394,0.9976905311778291,usable_area_profile,True,balanced,True,0.7124307159353349,4.0,0.9837374903772133,0.015581629901107024,0.8954801833423448,0.9468822170900693,True,True,0.8579041570438799,1.0
3120062,신설동역,11230,583819931.0,56521.0,10329.256931052176,0.748498845265589,0.6904761904761905,0.5396825396825397,0.5714285714285714,0.9603174603174603,0.9126984126984127,0.4087301587301587,0.1865079365079365,0.09126984126984126,0.6825396825396826,BRD_20170827,핫브레드,0.42609699769053117,False,2095.582257997079,109.76793705062819,8,37,0.1691685912240185,True,0.5228175519630485,0.58729792147806,0.6517782909930716,167.0,122.0,99.0,129.33333333333334,False,direct_size_estimation_deferred,매장 면적·좌석·점포별 매출이 없어 규모별 적합도와 argmax 규모는 산출하지 않음,0.6434542158690703,0.8660508083140878,usable_area_profile,True,balanced,True,0.6696247113163973,12.0,0.7826212471131639,0.07792402283278821,1.070652645589789,0.9676674364896074,True,True,0.8460565819861433,2.0
3120009,종로3가역,11110,773341001.0,64864.0,11922.499398741984,0.8273672055427251,0.876984126984127,0.42857142857142855,0.503968253968254,0.75,0.9444444444444444,0.8531746031746031,0.2619047619047619,0.05952380952380952,0.3611111111111111,BRD_20170827,핫브레드,0.8960739030023095,False,1503.2937171697195,125.80143085865113,24,103,0.4578521939953811,True,0.8754618937644341,0.8617205542725173,0.8479792147806003,20.0,18.0,22.0,20.0,False,direct_size_estimation_deferred,매장 면적·좌석·점포별 매출이 없어 규모별 적합도와 argmax 규모는 산출하지 않음,0.3413229923222304,0.9930715935334873,usable_area_profile,True,balanced,True,0.7174364896073903,3.0,0.9535219399538106,0.05047087142510804,0.7836134479739072,0.9214780600461894,True,True,0.8460450346420323,3.0
3110892,관악구 중앙길,11620,913081619.0,87290.0,10460.323278726086,0.8403002309468822,0.6944444444444444,0.5833333333333334,0.49603174603174605,0.8611111111111112,0.9801587301587301,0.8690476190476191,0.027777777777777776,0.051587301587301584,0.3412698412698413,BRD_20170827,핫브레드,0.3083140877598152,False,1821.079350259868,165.92166821826325,24,76,0.40127020785219397,True,0.4679099307159353,0.5743071593533488,0.680704387990762,197.0,130.0,82.0,136.33333333333334,False,direct_size_estimation_deferred,매장 면적·좌석·점포별 매출이 없어 규모별 적합도와 argmax 규모는 산출하지 않음,0.46119438386228173,0.9561200923787528,usable_area_profile,True,balanced,True,0.7119745958429561,6.0,0.8969399538106235,0.08337710218528369,0.7097888630935748,0.9076212471131639,True,True,0.8417840646651269,4.0
3110837,숭실대입구역 1번,11590,599844154.0,57757.0,10385.65289055872,0.7587759815242495,0.8611111111111112,0.5158730158730159,0.42857142857142855,0.753968253968254,0.9563492063492064,0.6626984126984127,0.11507936507936507,0.09523809523809523,0.5674603174603174,BRD_20170827,핫브레드,0.8579676674364896,False,1046.5605572867867,107.91200122156485,13,20,0.2655889145496536,True,0.8282101616628175,0.8083718244803695,0.7885334872979215,35.0,37.0,43.0,38.333333333333336,False,direct_size_estimation_deferred,매장 면적·좌석·점포별 매출이 없어 규모별 적합도와 argmax 규모는 산출하지 않음,0.6988018399440594,0.8152424942263279,usable_area_profile,True,balanced,True,0.6333545034642032,28.0,0.7287336412625097,0.0576904289437942,1.4995356170449134,1.0,True,True,0.8323672055427251,5.0
3120158,녹두거리(대학동),11620,695809095.0,79236.0,8781.476790852643,0.7778290993071594,0.6944444444444444,0.5833333333333334,0.49603174603174605,0.8611111111111112,0.9801587301587301,0.8690476190476191,0.027777777777777776,0.051587301587301584,0.3412698412698413,BRD_20170827,핫브레드,0.3083140877598152,False,3446.7940176319808,107.28000742995447,15,20,0.31755196304849886,True,0.4491685912240184,0.5430715935334873,0.6369745958429561,214.0,161.0,105.0,160.0,False,direct_size_estimation_deferred,매장 면적·좌석·점포별 매출이 없어 규모별 적합도와 argmax 규모는 산출하지 않음,0.5997106465016507,0.8822170900692841,usable_area_profile,True,balanced,True,0.6657159353348729,14.0,0.7973441108545035,0.09329858848587673,0.9096919963331318,0.9515011547344111,True,True,0.8309815242494226,6.0
3111005,삼전역 3번,11710,233054769.0,25337.0,9198.19903698149,0.48152424942263283,0.8531746031746031,0.13095238095238096,0.6746031746031746,0.9325396825396826,0.8928571428571429,0.7063492063492064,0.4087301587301587,0.03968253968253968,0.5436507936507936,BRD_20170827,핫브레드,0.7020785219399538,False,2087.1293683071035,198.59506540938497,7,54,0.053117782909930716,True,0.6359122401847574,0.5918013856812934,0.5476905311778291,118.0,118.0,168.0,134.66666666666666,False,direct_size_estimation_deferred,매장 면적·좌석·점포별 매출이 없어 규모별 적합도와 argmax 규모는 산출하지 않음,0.35273592112012775,0.9884526558891455,usable_area_profile,True,balanced,True,0.6547921478060047,16.0,0.9562163202463433,0.03310846702684648,0.9736583580466882,0.9584295612009238,True,True,0.8163972286374134,7.0
3120188,압구정역,11680,1784647410.0,134975.0,13222.058973884052,0.9404157043879908,0.7817460317460317,0.18253968253968253,0.75,0.6468253968253969,0.8531746031746031,0.9206349206349206,0.4365079365079365,0.027777777777777776,0.4880952380952381,BRD_20170827,핫브레드,0.8083140877598153,False,1313.3944570980261,98.31073190628577,25,98,0.5363741339491916,True,0.847944572748268,0.874364896073903,0.9007852193995382,26.0,15.0,13.0,18.0,False,direct_size_estimation_deferred,매장 면적·좌석·점포별 매출이 없어 규모별 적합도와 argmax 규모는 산출하지 않음,0.42589548898085045,0.9699769053117783,usable_area_profile,True,balanced,True,0.7336778290993071,1.0,0.9592956120092379,0.027451419670695573,0.3890980295617539,0.7829099307159353,True,True,0.8058256351039261,8.0
3110943,법제교육센터(버들어린이공원),11650,849985150.0,98576.0,8622.637863171563,0.812471131639723,0.7619047619047619,0.2857142857142857,0.7023809523809523,0.6785714285714286,0.8293650793650794,0.7777777777777778,0.42857142857142855,0.08333333333333333,0.5198412698412699,BRD_20170827,핫브레드,0.9780600461893765,False,1553.262695120467,67.35725648954265,25,54,0.6518475750577367,True,0.9283833718244804,0.8952655889145498,0.862147806004619,7.0,12.0,19.0,12.666666666666666,False,direct_size_estimation_deferred,매장 면적·좌석·점포별 매출이 없어 규모별 적합도와 argmax 규모는 산출하지 않음,0.5417627197723425,0.9168591224018476,usable_area_profile,True,balanced,True,0.6450173210161664,22.0,0.8574865280985374,0.06302143766630533,0.94210155308872,0.9561200923787528,True,True,0.8034699769053119,9.0
3130002,세종마을음식문화거리(금천교시장),11110,1427114674.0,119648.0,11927.609939154854,0.9169745958429562,0.876984126984127,0.42857142857142855,0.503968253968254,0.75,0.9444444444444444,0.8531746031746031,0.2619047619047619,0.05952380952380952,0.3611111111111111,BRD_20170827,핫브레드,0.8960739030023095,False,1966.0366222257308,20.248456733787368,42,68,0.9359122401847575,True,0.9023441108545034,0.9065242494226329,0.9107043879907621,12.0,10.0,9.0,10.333333333333334,False,direct_size_estimation_deferred,매장 면적·좌석·점포별 매출이 없어 규모별 적합도와 argmax 규모는 산출하지 않음,0.52513294467507,0.930715935334873,usable_area_profile,True,balanced,True,0.6459122401847575,20.0,0.8386258660508084,0.0896455606092903,1.0272685971079862,0.9653579676674365,True,True,0.8000635103926098,10.0
3120037,동대문역사문화공원역,11140,991150857.0,75063.0,13204.253187322649,0.8695150115473441,0.873015873015873,0.5793650793650794,0.6428571428571429,0.34523809523809523,0.8571428571428571,0.8214285714285714,0.0873015873015873,0.023809523809523808,0.8293650793650794,BRD_20170827,핫브레드,0.23094688221709006,False,1875.9211070963177,125.25573836405046,15,74,0.2840646651270208,True,0.4225173210161663,0.5502309468822171,0.6779445727482679,240.0,154.0,84.0,159.33333333333334,False,direct_size_estimation_deferred,매장 면적·좌석·점포별 매출이 없어 규모별 적합도와 argmax 규모는 산출하지 않음,0.7003048842956213,0.812933025404157,usable_area_profile,True,balanced,True,0.6681870669745958,13.0,0.7372016936104696,0.1468679111485937,0.5156424654059809,0.8429561200923787,True,True,0.7993071593533487,11.0
3120175,남부터미널역,11650,960650667.0,103198.0,9308.810897498013,0.8390300230946882,0.7619047619047619,0.2857142857142857,0.7023809523809523,0.6785714285714286,0.8293650793650794,0.7777777777777778,0.42857142857142855,0.08333333333333333,0.5198412698412699,BRD_20170827,핫브레드,0.9780600461893765,False,1199.8966622604814,49.929950906089985,13,46,0.4849884526558892,True,0.93635103926097,0.9085450346420323,0.8807390300230946,6.0,9.0,15.0,10.0,False,direct_size_estimation_deferred,매장 면적·좌석·점포별 매출이 없어 규모별 적합도와 argmax 규모는 산출하지 않음,0.5689130550280846,0.9030023094688222,usable_area_profile,True,balanced,True,0.6724133949191685,11.0,0.8356428021555042,0.10952373119230398,0.6150220283770901,0.8729792147806005,True,True,0.79905311778291,12.0
3120205,매봉역,11680,580733796.0,60594.0,9584.014852955737,0.7444572748267898,0.7817460317460317,0.18253968253968253,0.75,0.6468253968253969,0.8531746031746031,0.9206349206349206,0.4365079365079365,0.027777777777777776,0.4880952380952381,BRD_20170827,핫브레드,0.8083140877598153,False,508.6550894238564,70.4911341990284,16,62,0.4745958429561201,True,0.7891570438799076,0.7763856812933025,0.7636143187066974,53.0,46.0,49.0,49.333333333333336,False,direct_size_estimation_deferred,매장 면적·좌석·점포별 매출이 없어 규모별 적합도와 argmax 규모는 산출하지 않음,0.5401466101601422,0.9191685912240185,usable_area_profile,True,balanced,True,0.6489549653579676,17.0,0.855080831408776,0.08079051653086988,0.7932584487283815,0.9237875288683602,True,True,0.7974133949191685,13.0
3120069,상봉역,11260,1511381851.0,142985.0,10570.212616708046,0.9086605080831409,0.8492063492063492,0.40476190476190477,0.5,0.39285714285714285,0.623015873015873,0.5714285714285714,0.16666666666666666,0.32936507936507936,0.8134920634920635,BRD_20170827,핫브레드,0.6535796766743649,False,547.2266440671879,89.18520055817115,16,54,0.39838337182448036,True,0.7301039260969977,0.7811200923787529,0.832136258660508,74.0,44.0,27.0,48.333333333333336,False,direct_size_estimation_deferred,매장 면적·좌석·점포별 매출이 없어 규모별 적합도와 argmax 규모는 산출하지 않음,0.5666811437451319,0.9076212471131639,usable_area_profile,True,balanced,True,0.7120842956120093,5.0,0.8804849884526559,0.07129084880344481,0.38064154258178534,0.7782909930715936,True,True,0.796443418013857,14.0
3110861,관악구신사동주민센터,11620,589729084.0,55496.0,10626.515136226035,0.7545034642032333,0.6944444444444444,0.5833333333333334,0.49603174603174605,0.8611111111111112,0.9801587301587301,0.8690476190476191,0.027777777777777776,0.051587301587301584,0.3412698412698413,BRD_20170827,핫브레드,0.3083140877598152,False,1792.142851469697,95.41488351930987,18,53,0.4266743648960739,True,0.44217090069284065,0.5314087759815243,0.6206466512702079,221.0,167.0,116.0,168.0,False,direct_size_estimation_deferred,매장 면적·좌석·점포별 매출이 없어 규모별 적합도와 argmax 규모는 산출하지 않음,0.658366444982712,0.8498845265588915,usable_area_profile,True,balanced,True,0.6250173210161664,31.0,0.793206312548114,0.06850646125718389,0.8273411437499103,0.9284064665127021,True,True,0.7886778290993073,15.0
3120055,군자역,11215,811493384.0,82304.0,9859.707717729394,0.8148960739030023,0.8650793650793651,0.5238095238095238,0.6309523809523809,0.7698412698412699,0.9087301587301587,0.7023809523809523,0.1388888888888889,0.0992063492063492,0.6031746031746031,BRD_20170827,핫브레드,0.9364896073903002,False,1029.3551379233747,39.05124838393783,28,50,0.8106235565819861,True,0.9000115473441108,0.8756928406466513,0.8513741339491916,13.0,14.0,20.0,15.666666666666666,False,direct_size_estimation_deferred,매장 면적·좌석·점포별 매출이 없어 규모별 적합도와 argmax 규모는 산출하지 않음,0.4550701549385133,0.9630484988452656,usable_area_profile,True,balanced,True,0.6451443418013856,21.0,0.8847190146266359,0.08950732818638461,0.8751181138545557,0.9399538106235565,True,True,0.7877713625866051,16.0
3120153,노량진역(노량진),11590,595426544.0,103117.0,5774.2810981700395,0.7636258660508083,0.8611111111111112,0.5158730158730159,0.42857142857142855,0.753968253968254,0.9563492063492064,0.6626984126984127,0.11507936507936507,0.09523809523809523,0.5674603174603174,BRD_20170827,핫브레드,0.8579676674364896,False,1366.3282914112483,132.0075755359234,5,24,0.09642032332563509,True,0.8296651270207851,0.8107967667436489,0.7919284064665126,34.0,36.0,40.0,36.666666666666664,False,direct_size_estimation_deferred,매장 면적·좌석·점포별 매출이 없어 규모별 적합도와 argmax 규모는 산출하지 않음,0.8214073239041928,0.7043879907621247,usable_area_profile,True,balanced,True,0.605,42.0,0.6104695919938414,0.14073458980335543,0.6673441042426942,0.8891454965357968,True,True,0.7815993071593534,17.0
3001493,동대문패션타운 관광특구,11140,440248985.0,46018.0,9566.886544395671,0.673094688221709,0.873015873015873,0.5793650793650794,0.6428571428571429,0.34523809523809523,0.8571428571428571,0.8214285714285714,0.0873015873015873,0.023809523809523808,0.8293650793650794,BRD_20170827,핫브레드,0.23094688221709006,False,1805.0299166573473,83.38465086597759,13,73,0.3418013856812933,True,0.36359122401847577,0.45202078521939953,0.5404503464203233,264.0,214.0,170.0,216.0,False,direct_size_estimation_deferred,매장 면적·좌석·점포별 매출이 없어 규모별 적합도와 argmax 규모는 산출하지 않음,0.6660544578462271,0.8406466512702079,usable_area_profile,True,balanced,True,0.6046362586605081,43.0,0.7444187836797537,0.11483237387414628,0.8379855292020506,0.9376443418013857,True,True,0.7779099307159354,18.0
3110002,독립문역 1번,11110,365825854.0,38233.0,9568.32720424764,0.61824480369515,0.876984126984127,0.42857142857142855,0.503968253968254,0.75,0.9444444444444444,0.8531746031746031,0.2619047619047619,0.05952380952380952,0.3611111111111111,BRD_20170827,핫브레드,0.8960739030023095,False,1878.732817591502,115.00434770468347,4,14,0.12586605080831406,True,0.8127251732101616,0.7571593533487297,0.7015935334872978,45.0,51.0,75.0,57.0,False,direct_size_estimation_deferred,매장 면적·좌석·점포별 매출이 없어 규모별 적합도와 argmax 규모는 산출하지 않음,0.8258370582613169,0.6997690531177829,usable_area_profile,True,balanced,True,0.5473903002309468,71.0,0.6359699769053118,0.047990838955537095,1.329401144072105,0.9884526558891455,True,True,0.771905311778291,19.0
3120228,석촌역(석촌호수),11710,510280686.0,47215.0,10807.596865402944,0.7248267898383373,0.8531746031746031,0.13095238095238096,0.6746031746031746,0.9325396825396826,0.8928571428571429,0.7063492063492064,0.4087301587301587,0.03968253968253968,0.5436507936507936,BRD_20170827,핫브레드,0.7020785219399538,False,862.6754893857718,78.44743464456866,38,112,0.6876443418013857,True,0.7089030023094688,0.7134526558891455,0.7180023094688223,79.0,66.0,66.0,70.33333333333333,False,direct_size_estimation_deferred,매장 면적·좌석·점포별 매출이 없어 규모별 적합도와 argmax 규모는 산출하지 않음,0.3380968254221482,0.9953810623556582,usable_area_profile,True,balanced,True,0.6482332563510392,18.0,0.9733448806774442,0.0333978756040919,0.6598078853708319,0.8845265588914549,True,True,0.7667263279445727,20.0
3120062,신설동역,11230,583819931.0,56521.0,10329.256931052176,0.748498845265589,0.6904761904761905,0.5396825396825397,0.5714285714285714,0.9603174603174603,0.9126984126984127,0.4087301587301587,0.1865079365079365,0.09126984126984126,0.6825396825396826,BRD_20201275,호두당,0.8279445727482679,False,1340.3824081269352,109.76793705062819,8,37,0.16743648960739027,True,0.8041108545034642,0.7882217090069285,0.7723325635103926,35.0,34.0,47.0,38.666666666666664,False,direct_size_estimation_deferred,매장 면적·좌석·점포별 매출이 없어 규모별 적합도와 argmax 규모는 산출하지 않음,0.5600911411378351,0.9399538106235565,usable_area_profile,True,balanced,True,0.7068360277136259,6.0,0.7826212471131639,0.07792402283278821,2.0190508368388747,0.8799076212471132,True,True,0.8333833718244804,1.0
3120208,청담사거리(청담동명품거리),11680,990117589.0,45474.0,21773.267999296302,0.8292147806004619,0.7817460317460317,0.18253968253968253,0.75,0.6468253968253969,0.8531746031746031,0.9206349206349206,0.4365079365079365,0.027777777777777776,0.4880952380952381,BRD_20201275,호두당,0.6997690531177829,False,2621.2754529141453,112.3610252495735,13,63,0.2557736720554272,True,0.7386027713625866,0.7644919168591224,0.7903810623556582,73.0,46.0,39.0,52.666666666666664,False,direct_size_estimation_deferred,매장 면적·좌석·점포별 매출이 없어 규모별 적합도와 argmax 규모는 산출하지 않음,0.7214403026940793,0.838337182448037,usable_area_profile,True,balanced,True,0.671027713625866,13.5,0.5710161662817552,0.1132720169637635,2.359991667242931,0.9260969976905312,True,True,0.8323383371824481,2.0
3120164,내방역,11650,960846805.0,94433.0,10174.905012019104,0.8489607390300231,0.7619047619047619,0.2857142857142857,0.7023809523809523,0.6785714285714286,0.8293650793650794,0.7777777777777778,0.42857142857142855,0.08333333333333333,0.5198412698412699,BRD_20201275,호두당,0.9364896073903002,False,1201.4861630216803,49.19349552951682,19,50,0.6293302540415704,True,0.910230946882217,0.8927251732101616,0.8752193995381061,8.0,9.0,9.0,8.666666666666666,False,direct_size_estimation_deferred,매장 면적·좌석·점포별 매출이 없어 규모별 적합도와 argmax 규모는 산출하지 않음,0.6734303243706197,0.8891454965357968,usable_area_profile,True,balanced,True,0.6473094688221709,23.0,0.6326982294072364,0.09166173985085503,2.797756921762905,0.9515011547344111,True,True,0.8076327944572749,3.0
3120148,국회의사당역(국회의사당),11560,658683908.0,52751.0,12486.662015885955,0.7863741339491918,0.8571428571428571,0.7698412698412699,0.5277777777777778,0.23809523809523808,0.9007936507936508,0.9761904761904762,0.3373015873015873,0.047619047619047616,0.25,BRD_20201275,호두당,0.13394919168591224,False,5541.23397807172,117.8346298709127,7,35,0.13741339491916857,True,0.32967667436489606,0.460161662817552,0.5906466512702079,316.0,249.0,152.0,239.0,False,direct_size_estimation_deferred,매장 면적·좌석·점포별 매출이 없어 규모별 적합도와 argmax 규모는 산출하지 않음,0.7676381674377554,0.7967667436489607,usable_area_profile,True,balanced,True,0.6530023094688221,20.0,0.6668591224018475,0.06752546032082155,1.9238317018485551,0.8683602771362586,True,True,0.8016743648960739,4.0
3120037,동대문역사문화공원역,11140,991150857.0,75063.0,13204.253187322649,0.8695150115473441,0.873015873015873,0.5793650793650794,0.6428571428571429,0.34523809523809523,0.8571428571428571,0.8214285714285714,0.0873015873015873,0.023809523809523808,0.8293650793650794,BRD_20201275,호두당,0.17782909930715934,False,3050.115571577939,125.25573836405046,15,74,0.28117782909930716,True,0.38533487297921476,0.5236720554272517,0.6620092378752886,281.0,187.0,106.0,191.33333333333334,False,direct_size_estimation_deferred,매장 면적·좌석·점포별 매출이 없어 규모별 적합도와 argmax 규모는 산출하지 않음,0.604175943642323,0.9284064665127021,usable_area_profile,True,balanced,True,0.7263568129330255,1.0,0.7372016936104696,0.1468679111485937,1.3018825651355586,0.7598152424942263,True,True,0.8011258660508084,5.0
3120175,남부터미널역,11650,960650667.0,103198.0,9308.810897498013,0.8390300230946882,0.7619047619047619,0.2857142857142857,0.7023809523809523,0.6785714285714286,0.8293650793650794,0.7777777777777778,0.42857142857142855,0.08333333333333333,0.5198412698412699,BRD_20201275,호두당,0.9364896073903002,False,1199.8966622604814,49.929950906089985,13,46,0.4821016166281755,True,0.9072517321016166,0.8877598152424941,0.8682678983833718,9.0,10.0,11.0,10.0,False,direct_size_estimation_deferred,매장 면적·좌석·점포별 매출이 없어 규모별 적합도와 argmax 규모는 산출하지 않음,0.35160401412939074,0.9930715935334873,usable_area_profile,True,balanced,True,0.7178810623556582,4.0,0.8356428021555042,0.10952373119230398,1.4373943406070269,0.792147806004619,True,True,0.794174364896074,6.0
3120156,"총신대입구역(이수, 총신대)",11590,2257632678.0,352313.0,6408.03114843903,0.8872979214780601,0.8611111111111112,0.5158730158730159,0.42857142857142855,0.753968253968254,0.9563492063492064,0.6626984126984127,0.11507936507936507,0.09523809523809523,0.5674603174603174,BRD_20201275,호두당,0.6062355658198614,False,2282.746591251261,120.00000002168235,24,76,0.4636258660508083,True,0.6905542725173209,0.7467667436489607,0.8029792147806004,100.0,53.0,29.0,60.666666666666664,False,direct_size_estimation_deferred,매장 면적·좌석·점포별 매출이 없어 규모별 적합도와 argmax 규모는 산출하지 않음,0.870408329198849,0.6997690531177829,usable_area_profile,True,balanced,True,0.5908949191685912,53.0,0.5362779060816013,0.06482265024297801,2.5221299410523867,0.9353348729792148,True,True,0.7807101616628176,7.0
3120205,매봉역,11680,580733796.0,60594.0,9584.014852955737,0.7444572748267898,0.7817460317460317,0.18253968253968253,0.75,0.6468253968253969,0.8531746031746031,0.9206349206349206,0.4365079365079365,0.027777777777777776,0.4880952380952381,BRD_20201275,호두당,0.6997690531177829,False,3367.6349268100034,70.4911341990284,16,64,0.4682448036951501,True,0.713175519630485,0.7221131639722864,0.7310508083140876,89.0,66.0,69.0,74.66666666666667,False,direct_size_estimation_deferred,매장 면적·좌석·점포별 매출이 없어 규모별 적합도와 argmax 규모는 산출하지 않음,0.37150943615770493,0.9884526558891455,usable_area_profile,True,balanced,True,0.6845496535796766,10.0,0.855080831408776,0.08079051653086988,1.6508351500563616,0.8267898383371824,True,True,0.780352193995381,8.0
3110943,법제교육센터(버들어린이공원),11650,849985150.0,98576.0,8622.637863171563,0.812471131639723,0.7619047619047619,0.2857142857142857,0.7023809523809523,0.6785714285714286,0.8293650793650794,0.7777777777777778,0.42857142857142855,0.08333333333333333,0.5198412698412699,BRD_20201275,호두당,0.9364896073903002,False,4010.246127152995,67.35725648954265,25,54,0.6466512702078522,True,0.899284064665127,0.8744803695150116,0.849676674364896,12.0,11.0,16.0,13.0,False,direct_size_estimation_deferred,매장 면적·좌석·점포별 매출이 없어 규모별 적합도와 argmax 규모는 산출하지 않음,0.4544974628318349,0.9722863741339491,usable_area_profile,True,balanced,True,0.6735103926096998,12.0,0.8574865280985374,0.06302143766630533,1.8215999235572806,0.8521939953810623,True,True,0.7793071593533488,9.0
3120149,여의도역(여의도),11560,3585532298.0,257766.0,13910.02807973123,0.9752886836027713,0.8571428571428571,0.7698412698412699,0.5277777777777778,0.23809523809523808,0.9007936507936508,0.9761904761904762,0.3373015873015873,0.047619047619047616,0.25,BRD_20201275,호두당,0.13394919168591224,False,5156.278212018608,175.93180492668327,36,58,0.4792147806004619,True,0.38635103926097,0.5546189376443418,0.7228868360277135,280.0,162.0,74.0,172.0,False,direct_size_estimation_deferred,매장 면적·좌석·점포별 매출이 없어 규모별 적합도와 argmax 규모는 산출하지 않음,0.8630136775409128,0.7113163972286374,usable_area_profile,True,balanced,True,0.6251270207852193,32.0,0.5236720554272517,0.11142881405442223,1.683984016106817,0.8337182448036952,True,True,0.7675866050808315,10.0
3120201,도곡1동,11680,649721874.0,58337.0,11137.38920410717,0.7846420323325634,0.7817460317460317,0.18253968253968253,0.75,0.6468253968253969,0.8531746031746031,0.9206349206349206,0.4365079365079365,0.027777777777777776,0.4880952380952381,BRD_20201275,호두당,0.6997690531177829,False,2940.1532273337257,87.09190547353441,10,65,0.2644341801385681,True,0.725230946882217,0.7422055427251731,0.7591801385681292,82.0,55.0,57.0,64.66666666666667,False,direct_size_estimation_deferred,매장 면적·좌석·점포별 매출이 없어 규모별 적합도와 argmax 규모는 산출하지 않음,0.6444791037932156,0.9076212471131639,usable_area_profile,True,balanced,True,0.6887702078521939,9.0,0.8283294842186297,0.06578741047462766,1.205272594292411,0.7344110854503464,True,True,0.7617782909930716,11.0
3120179,양재역,11650,808510615.0,126234.0,6404.856179793082,0.8101616628175519,0.7619047619047619,0.2857142857142857,0.7023809523809523,0.6785714285714286,0.8293650793650794,0.7777777777777778,0.42857142857142855,0.08333333333333333,0.5198412698412699,BRD_20201275,호두당,0.9364896073903002,False,2519.6587070886517,77.4209273655352,17,49,0.46709006928406466,True,0.8985912240184757,0.873325635103926,0.8480600461893764,13.0,12.0,17.0,14.0,False,direct_size_estimation_deferred,매장 면적·좌석·점포별 매출이 없어 규모별 적합도와 argmax 규모는 산출하지 않음,0.9253754661740945,0.6558891454965359,usable_area_profile,True,balanced,True,0.5414376443418014,91.0,0.41830254041570436,0.07638514337165178,3.1103771570455043,0.9792147806004619,True,True,0.7614376443418014,12.0
3120203,강남구청역,11680,691966445.0,51032.0,13559.46161232168,0.796189376443418,0.7817460317460317,0.18253968253968253,0.75,0.6468253968253969,0.8531746031746031,0.9206349206349206,0.4365079365079365,0.027777777777777776,0.4880952380952381,BRD_20201275,호두당,0.6997690531177829,False,1848.2148143731574,37.16180833436348,22,75,0.7349884526558892,True,0.7286951501154735,0.7479792147806005,0.7672632794457275,77.0,51.0,51.0,59.666666666666664,False,direct_size_estimation_deferred,매장 면적·좌석·점포별 매출이 없어 규모별 적합도와 argmax 규모는 산출하지 않음,0.5458686988954156,0.9422632794457275,usable_area_profile,True,balanced,True,0.6395496535796767,29.0,0.7133371824480369,0.12133207471795614,1.886773118566079,0.8614318706697459,True,True,0.7558602771362587,13.0
3001493,동대문패션타운 관광특구,11140,440248985.0,46018.0,9566.886544395671,0.673094688221709,0.873015873015873,0.5793650793650794,0.6428571428571429,0.34523809523809523,0.8571428571428571,0.8214285714285714,0.0873015873015873,0.023809523809523808,0.8293650793650794,BRD_20201275,호두당,0.17782909930715934,False,2671.0810545528043,83.38465086597759,13,73,0.3389145496535797,True,0.32640877598152424,0.4254618937644342,0.5245150115473441,317.0,279.0,197.0,264.3333333333333,False,direct_size_estimation_deferred,매장 면적·좌석·점포별 매출이 없어 규모별 적합도와 argmax 규모는 산출하지 않음,0.6128740145944205,0.9260969976905312,usable_area_profile,True,balanced,True,0.6477944572748269,22.0,0.7444187836797537,0.11483237387414628,1.5821166791334718,0.815242494226328,True,True,0.7550173210161664,14.0
3130139,강북종합전통시장(강북종합골목시장),11305,556143075.0,53488.0,10397.529819772659,0.7376443418013857,0.8253968253968254,0.373015873015873,0.31746031746031744,0.42857142857142855,0.5396825396825397,0.1626984126984127,0.051587301587301584,0.5515873015873016,0.9365079365079365,BRD_20201275,호두당,0.21478060046189376,False,6205.464124447144,27.730849249436897,16,47,0.644919168591224,True,0.37163972286374136,0.4762124711316397,0.5807852193995381,290.0,232.0,160.0,227.33333333333334,False,direct_size_estimation_deferred,매장 면적·좌석·점포별 매출이 없어 규모별 적합도와 argmax 규모는 산출하지 않음,0.5956999742213138,0.930715935334873,usable_area_profile,True,balanced,True,0.6267956120092378,31.0,0.7953233256351039,0.06734513734613744,2.0104288896744595,0.8775981524249422,True,True,0.7548094688221708,15.0
3120009,종로3가역,11110,773341001.0,64864.0,11922.499398741984,0.8273672055427251,0.876984126984127,0.42857142857142855,0.503968253968254,0.75,0.9444444444444444,0.8531746031746031,0.2619047619047619,0.05952380952380952,0.3611111111111111,BRD_20201275,호두당,0.4618937644341801,False,3831.529851103577,125.80143085865113,24,103,0.4532332563510392,True,0.5715357967667436,0.6446304849884527,0.7177251732101615,177.0,119.0,77.0,124.33333333333333,False,direct_size_estimation_deferred,매장 면적·좌석·점포별 매출이 없어 규모별 적합도와 argmax 규모는 산출하지 않음,0.267228216907948,0.9976905311778291,usable_area_profile,True,balanced,True,0.7204387990762124,3.0,0.9535219399538106,0.05047087142510804,0.8751303470073571,0.6789838337182448,True,True,0.7511258660508082,16.0
3110892,관악구 중앙길,11620,913081619.0,87290.0,10460.323278726086,0.8403002309468822,0.6944444444444444,0.5833333333333334,0.49603174603174605,0.8611111111111112,0.9801587301587301,0.8690476190476191,0.027777777777777776,0.051587301587301584,0.3412698412698413,BRD_20201275,호두당,0.24133949191685913,False,4696.658386532799,165.92166821826325,24,76,0.3978060046189376,True,0.421027713625866,0.5408198614318707,0.6606120092378752,260.0,173.0,109.0,180.66666666666666,False,direct_size_estimation_deferred,매장 면적·좌석·점포별 매출이 없어 규모별 적합도와 argmax 규모는 산출하지 않음,0.4623065718690054,0.9653579676674365,usable_area_profile,True,balanced,True,0.7171131639722863,5.0,0.8969399538106235,0.08337710218528369,0.8205851734301339,0.6697459584295612,True,True,0.7499249422632794,17.0
3001492,명동 남대문 북창동 다동 무교동 관광특구,11140,4702222475.0,337033.0,13951.81621680963,0.9819861431870669,0.873015873015873,0.5793650793650794,0.6428571428571429,0.34523809523809523,0.8571428571428571,0.8214285714285714,0.0873015873015873,0.023809523809523808,0.8293650793650794,BRD_20201275,호두당,0.17782909930715934,False,4914.304121631993,74.81310047293195,50,102,0.7332563510392609,True,0.4190762124711316,0.5799076212471131,0.7407390300230946,261.0,145.0,63.0,156.33333333333334,False,direct_size_estimation_deferred,매장 면적·좌석·점포별 매출이 없어 규모별 적합도와 argmax 규모는 산출하지 않음,1.0435892142689385,0.558891454965358,usable_area_profile,True,balanced,True,0.5131524249422632,111.0,0.35152040030792914,0.06370763870224445,3.2550422348352246,0.9884526558891455,True,True,0.7476558891454965,18.0
3120107,공덕역(공덕오거리),11440,1051109080.0,111230.0,9449.870358716174,0.8578521939953809,0.9404761904761905,0.4246031746031746,0.5833333333333334,0.9642857142857143,0.9880952380952381,0.9841269841269841,0.1111111111111111,0.011904761904761904,0.051587301587301584,BRD_20201275,호두당,0.06351039260969978,False,6650.4283320449185,80.05623025110103,24,77,0.575635103926097,True,0.30181293302540413,0.4606812933025404,0.6195496535796766,329.0,248.0,136.0,237.66666666666666,False,direct_size_estimation_deferred,매장 면적·좌석·점포별 매출이 없어 규모별 적합도와 argmax 규모는 산출하지 않음,0.38778808005389687,0.9815242494226328,usable_area_profile,True,balanced,True,0.7046651270207852,7.0,0.9156081601231717,0.06710078505723298,0.9823445320831735,0.6997690531177829,True,True,0.7453752886836027,19.0
3120173,교대역(법원.검찰청),11650,1240995628.0,106217.0,11683.587636630671,0.8990762124711317,0.7619047619047619,0.2857142857142857,0.7023809523809523,0.6785714285714286,0.8293650793650794,0.7777777777777778,0.42857142857142855,0.08333333333333333,0.5198412698412699,BRD_20201275,호두당,0.9364896073903002,False,771.7000712945643,57.00877123832432,24,48,0.6726327944572748,True,0.9252655889145496,0.917782909930716,0.9103002309468822,6.0,5.0,5.0,5.333333333333333,False,direct_size_estimation_deferred,매장 면적·좌석·점포별 매출이 없어 규모별 적합도와 argmax 규모는 산출하지 않음,0.9470694026458533,0.628175519630485,usable_area_profile,True,balanced,True,0.5278695150115474,99.0,0.42725173210161665,0.06804460839881606,2.9528245111094553,0.9676674364896074,True,True,0.7443475750577369,20.0
3120107,공덕역(공덕오거리),11440,1051109080.0,111230.0,9449.870358716174,0.8578521939953809,0.9404761904761905,0.4246031746031746,0.5833333333333334,0.9642857142857143,0.9880952380952381,0.9841269841269841,0.1111111111111111,0.011904761904761904,0.051587301587301584,BRD_20080100675,호밀호두,0.07274826789838337,False,3880.280659918876,80.05623025110103,24,77,0.5779445727482679,True,0.3082794457274826,0.46530023094688217,0.6223210161662817,326.0,230.0,129.0,228.33333333333334,False,direct_size_estimation_deferred,매장 면적·좌석·점포별 매출이 없어 규모별 적합도와 argmax 규모는 산출하지 않음,0.3921446902196832,0.9861431870669746,usable_area_profile,True,balanced,True,0.7066281755196304,5.0,0.9156081601231717,0.06710078505723298,1.0511803533094388,0.8429561200923787,True,True,0.803689376443418,1.0
3120151,보라매공원,11590,648870341.0,67412.0,9625.442665994186,0.7726327944572748,0.8611111111111112,0.5158730158730159,0.42857142857142855,0.753968253968254,0.9563492063492064,0.6626984126984127,0.11507936507936507,0.09523809523809523,0.5674603174603174,BRD_20080100675,호밀호두,0.4491916859122402,False,2233.997538002685,16.492422502230646,17,70,0.7118937644341802,True,0.5462240184757505,0.6109122401847575,0.6756004618937644,173.0,127.0,97.0,132.33333333333334,False,direct_size_estimation_deferred,매장 면적·좌석·점포별 매출이 없어 규모별 적합도와 argmax 규모는 산출하지 않음,0.3141778200228582,0.9930715935334873,usable_area_profile,True,balanced,True,0.6601732101616629,14.0,0.9259045419553503,0.04022615119855289,1.669735969683156,0.9491916859122402,True,True,0.8026039260969977,2.0
3120201,도곡1동,11680,649721874.0,58337.0,11137.38920410717,0.7846420323325634,0.7817460317460317,0.18253968253968253,0.75,0.6468253968253969,0.8531746031746031,0.9206349206349206,0.4365079365079365,0.027777777777777776,0.4880952380952381,BRD_20080100675,호밀호두,0.7644341801385681,False,1546.2321947177284,87.09190547353441,10,65,0.26501154734411086,True,0.7704965357967666,0.7745381062355657,0.7785796766743647,65.0,45.0,44.0,51.333333333333336,False,direct_size_estimation_deferred,매장 면적·좌석·점포별 매출이 없어 규모별 적합도와 argmax 규모는 산출하지 않음,0.5478485371380071,0.8914549653579676,usable_area_profile,True,balanced,True,0.6806004618937643,8.0,0.8283294842186297,0.06578741047462766,0.959537405164832,0.8244803695150116,True,True,0.7928695150115473,3.0
3120038,약수역,11140,1550178516.0,134777.0,11501.803096967584,0.9235565819861433,0.873015873015873,0.5793650793650794,0.6428571428571429,0.34523809523809523,0.8571428571428571,0.8214285714285714,0.0873015873015873,0.023809523809523808,0.8293650793650794,BRD_20080100675,호밀호두,0.20092378752886836,False,1515.9960422260647,62.64183906448842,18,44,0.5502309468822171,True,0.4177136258660509,0.5622401847575058,0.7067667436489607,254.0,162.0,84.0,166.66666666666666,False,direct_size_estimation_deferred,매장 면적·좌석·점포별 매출이 없어 규모별 적합도와 argmax 규모는 산출하지 않음,0.43465289182904193,0.9653579676674365,usable_area_profile,True,balanced,True,0.7233891454965359,1.0,0.9359122401847575,0.04410525527649033,0.667624012106663,0.7482678983833718,True,True,0.7834468822170901,4.0
3111090,강일동주민센터,11740,428404856.0,36116.0,11861.913168678702,0.6680138568129331,0.8452380952380952,0.06746031746031746,0.7063492063492064,0.38492063492063494,0.6626984126984127,0.7182539682539683,0.5833333333333334,0.06746031746031746,0.6507936507936508,BRD_20080100675,호밀호두,0.8614318706697459,False,4774.856856461714,59.13543778863246,4,13,0.31177829099307164,True,0.803406466512702,0.7647228637413395,0.7260392609699768,43.0,53.0,71.0,55.666666666666664,False,direct_size_estimation_deferred,매장 면적·좌석·점포별 매출이 없어 규모별 적합도와 argmax 규모는 산출하지 않음,0.7101788797190385,0.7875288683602771,usable_area_profile,True,balanced,True,0.5808025404157044,55.0,0.6291377983063895,0.08289762773977448,1.910682782758224,0.9792147806004619,True,True,0.7815819861431872,5.0
3120009,종로3가역,11110,773341001.0,64864.0,11922.499398741984,0.8273672055427251,0.876984126984127,0.42857142857142855,0.503968253968254,0.75,0.9444444444444444,0.8531746031746031,0.2619047619047619,0.05952380952380952,0.3611111111111111,BRD_20080100675,호밀호두,0.7090069284064665,False,2633.6020959895886,125.80143085865113,24,103,0.45554272517321015,True,0.744515011547344,0.7681870669745958,0.7918591224018474,78.0,48.0,38.0,54.666666666666664,False,direct_size_estimation_deferred,매장 면적·좌석·점포별 매출이 없어 규모별 적합도와 argmax 규모는 산출하지 않음,0.3343734615223761,0.9884526558891455,usable_area_profile,True,balanced,True,0.7154734411085449,3.0,0.9535219399538106,0.05047087142510804,0.6920965489404595,0.7598152424942263,True,True,0.7803406466512701,6.0
3130147,쌍문역동측상점가,11320,2520521582.0,295704.0,8523.799414279145,0.8990762124711316,0.7182539682539683,0.11904761904761904,0.6071428571428571,0.25793650793650796,0.3611111111111111,0.24603174603174602,0.19047619047619047,0.4246031746031746,0.9126984126984127,BRD_20080100675,호밀호두,0.1535796766743649,False,2492.743267950404,76.05918750239688,27,48,0.6385681293302541,True,0.3772286374133949,0.5263279445727482,0.6754272517321016,283.0,189.0,98.0,190.0,False,direct_size_estimation_deferred,매장 면적·좌석·점포별 매출이 없어 규모별 적합도와 argmax 규모는 산출하지 않음,0.7169643366417241,0.7782909930715936,usable_area_profile,True,balanced,True,0.6080369515011548,43.0,0.6961123941493456,0.054715264551979156,1.5019318575016454,0.9191685912240185,True,True,0.7750923787528868,7.0
3130139,강북종합전통시장(강북종합골목시장),11305,556143075.0,53488.0,10397.529819772659,0.7376443418013857,0.8253968253968254,0.373015873015873,0.31746031746031744,0.42857142857142855,0.5396825396825397,0.1626984126984127,0.051587301587301584,0.5515873015873016,0.9365079365079365,BRD_20080100675,호밀호두,0.03233256351039261,False,1858.5448608931206,27.730849249436897,16,47,0.6443418013856813,True,0.24392609699769052,0.38498845265588916,0.5260508083140877,355.0,291.0,195.0,280.3333333333333,False,direct_size_estimation_deferred,매장 면적·좌석·점포별 매출이 없어 규모별 적합도와 argmax 규모는 산출하지 않음,0.5281422263508941,0.9053117782909931,usable_area_profile,True,balanced,True,0.6141801385681294,40.0,0.7953233256351039,0.06734513734613744,1.6332055585628344,0.9422632794457275,True,True,0.7731408775981523,8.0
3120066,장한평역(장한평),11230,274354373.0,24121.0,11374.087848762489,0.5446882217090069,0.6904761904761905,0.5396825396825397,0.5714285714285714,0.9603174603174603,0.9126984126984127,0.4087301587301587,0.1865079365079365,0.09126984126984126,0.6825396825396826,BRD_20080100675,호밀호두,0.31524249422632794,False,2698.63669286672,70.34912932850425,9,28,0.31524249422632794,True,0.38407621247113155,0.42996535796766744,0.4758545034642032,276.0,250.0,223.0,249.66666666666666,False,direct_size_estimation_deferred,매장 면적·좌석·점포별 매출이 없어 규모별 적합도와 argmax 규모는 산출하지 않음,0.5088303225717504,0.9191685912240185,usable_area_profile,True,balanced,True,0.6029387990762124,45.0,0.8251539645881447,0.05832407008066144,1.6119352868524568,0.9353348729792148,True,True,0.7660046189376444,9.0
3130225,개봉중앙시장,11530,344218588.0,30618.0,11242.360310928212,0.6080831408775981,0.8412698412698413,0.8373015873015873,0.5753968253968254,0.5238095238095238,0.7579365079365079,0.7380952380952381,0.18253968253968253,0.12698412698412698,0.7658730158730159,BRD_20080100675,호밀호두,0.41570438799076215,False,4202.240949811603,10.630145801632635,11,31,0.5877598152424942,True,0.4734180138568129,0.5118937644341801,0.5503695150115473,218.0,197.0,176.0,197.0,False,direct_size_estimation_deferred,매장 면적·좌석·점포별 매출이 없어 규모별 적합도와 argmax 규모는 산출하지 않음,0.4564191183060812,0.9561200923787528,usable_area_profile,True,balanced,True,0.6027251732101617,46.0,0.8553695150115473,0.05916228831081867,1.7029526788736773,0.953810623556582,True,True,0.7626212471131639,10.0
3130072,성동용답상가시장,11200,441220675.0,42751.0,10320.710041870365,0.6748267898383372,0.9206349206349206,0.38492063492063494,0.5555555555555556,0.9920634920634921,0.9841269841269841,0.9563492063492064,0.10317460317460317,0.015873015873015872,0.07936507936507936,BRD_20080100675,호밀호두,0.12009237875288684,False,2250.658792456432,135.0925608781212,10,28,0.14953810623556585,True,0.2865127020785219,0.397459584295612,0.508406466512702,339.0,278.0,205.0,274.0,False,direct_size_estimation_deferred,매장 면적·좌석·점포별 매출이 없어 규모별 적합도와 argmax 규모는 산출하지 않음,0.3306365998573183,0.9907621247113164,usable_area_profile,True,balanced,True,0.7091397228637414,4.0,0.9837374903772133,0.015581629901107024,0.4508279543723527,0.6789838337182448,True,True,0.7488394919168592,11.0
3120062,신설동역,11230,583819931.0,56521.0,10329.256931052176,0.748498845265589,0.6904761904761905,0.5396825396825397,0.5714285714285714,0.9603174603174603,0.9126984126984127,0.4087301587301587,0.1865079365079365,0.09126984126984126,0.6825396825396826,BRD_20080100675,호밀호두,0.31524249422632794,False,1121.1012442973956,109.76793705062819,8,37,0.16743648960739027,True,0.4452193995381062,0.5318706697459584,0.6185219399538107,237.0,184.0,133.0,184.66666666666666,False,direct_size_estimation_deferred,매장 면적·좌석·점포별 매출이 없어 규모별 적합도와 argmax 규모는 산출하지 않음,0.6468669931364138,0.8314087759815243,usable_area_profile,True,balanced,True,0.6525635103926097,17.0,0.7826212471131639,0.07792402283278821,0.6260909934417804,0.7413394919168591,True,True,0.7453926096997691,12.0
3120164,내방역,11650,960846805.0,94433.0,10174.905012019104,0.8489607390300231,0.7619047619047619,0.2857142857142857,0.7023809523809523,0.6785714285714286,0.8293650793650794,0.7777777777777778,0.42857142857142855,0.08333333333333333,0.5198412698412699,BRD_20080100675,호밀호두,0.9780600461893765,False,1803.8564244499744,49.19349552951682,19,50,0.6293302540415704,True,0.9393302540415704,0.9135103926096998,0.8876905311778291,5.0,5.0,12.0,7.333333333333333,False,direct_size_estimation_deferred,매장 면적·좌석·점포별 매출이 없어 규모별 적합도와 argmax 규모는 산출하지 않음,0.7291997503487795,0.7598152424942264,usable_area_profile,True,balanced,True,0.5826443418013857,54.0,0.6326982294072364,0.09166173985085503,1.3868055886111812,0.8914549653579676,True,True,0.7448152424942264,13.0
3120205,매봉역,11680,580733796.0,60594.0,9584.014852955737,0.7444572748267898,0.7817460317460317,0.18253968253968253,0.75,0.6468253968253969,0.8531746031746031,0.9206349206349206,0.4365079365079365,0.027777777777777776,0.4880952380952381,BRD_20080100675,호밀호두,0.7644341801385681,False,2280.0464907634987,70.4911341990284,16,64,0.4676674364896074,True,0.7584411085450345,0.754445727482679,0.7504503464203232,69.0,61.0,58.0,62.666666666666664,False,direct_size_estimation_deferred,매장 면적·좌석·점포별 매출이 없어 규모별 적합도와 argmax 규모는 산출하지 않음,0.510114499405929,0.9168591224018476,usable_area_profile,True,balanced,True,0.6488394919168591,19.0,0.855080831408776,0.08079051653086988,0.7646725586841159,0.7782909930715936,True,True,0.7395612009237875,14.0
3120209,"강남구청(청담역_8번, 강남세무서)",11680,483776692.0,36343.0,13311.413257023361,0.7004618937644341,0.7817460317460317,0.18253968253968253,0.75,0.6468253968253969,0.8531746031746031,0.9206349206349206,0.4365079365079365,0.027777777777777776,0.4880952380952381,BRD_20080100675,호밀호두,0.7644341801385681,False,1018.2028285077653,63.65532180510046,17,57,0.5213625866050808,True,0.7452424942263278,0.7324480369515012,0.7196535796766743,76.0,67.0,76.0,73.0,False,direct_size_estimation_deferred,매장 면적·좌석·점포별 매출이 없어 규모별 적합도와 argmax 규모는 산출하지 않음,0.7453201050673789,0.7528868360277137,usable_area_profile,True,balanced,True,0.5434006928406466,76.0,0.618841416474211,0.08037678346957473,1.6677131600351152,0.9445727482678984,True,True,0.7356293302540415,15.0
3001493,동대문패션타운 관광특구,11140,440248985.0,46018.0,9566.886544395671,0.673094688221709,0.873015873015873,0.5793650793650794,0.6428571428571429,0.34523809523809523,0.8571428571428571,0.8214285714285714,0.0873015873015873,0.023809523809523808,0.8293650793650794,BRD_20080100675,호밀호두,0.20092378752886836,False,753.0770212935671,83.38465086597759,13,72,0.3400692840646651,True,0.34257505773672053,0.43700923787528867,0.5314434180138569,307.0,242.0,189.0,246.0,False,direct_size_estimation_deferred,매장 면적·좌석·점포별 매출이 없어 규모별 적합도와 argmax 규모는 산출하지 않음,0.6127838963898442,0.8521939953810623,usable_area_profile,True,balanced,True,0.6106697459584296,41.0,0.7444187836797537,0.11483237387414628,0.9385437927062963,0.8221709006928406,True,True,0.7354445727482679,16.0
3120120,화곡역,11500,2140760825.0,296121.0,7229.34484551923,0.8866050808314089,0.8373015873015873,0.23809523809523808,0.623015873015873,0.32142857142857145,0.8333333333333334,0.9246031746031746,0.46825396825396826,0.05555555555555555,0.42063492063492064,BRD_20080100675,호밀호두,0.8187066974595842,False,5393.713099492108,26.400757567542716,25,54,0.819284064665127,True,0.8390762124711316,0.8526558891454965,0.8662355658198615,29.0,17.0,16.0,20.666666666666668,False,direct_size_estimation_deferred,매장 면적·좌석·점포별 매출이 없어 규모별 적합도와 argmax 규모는 산출하지 않음,0.41148049634323236,0.9722863741339491,usable_area_profile,True,balanced,True,0.6735623556581987,10.0,0.9515011547344111,0.03187023317041208,0.6521828468715055,0.745958429561201,True,True,0.7331581986143187,17.0
3120208,청담사거리(청담동명품거리),11680,990117589.0,45474.0,21773.267999296302,0.8292147806004619,0.7817460317460317,0.18253968253968253,0.75,0.6468253968253969,0.8531746031746031,0.9206349206349206,0.4365079365079365,0.027777777777777776,0.4880952380952381,BRD_20080100675,호밀호두,0.7644341801385681,False,1592.005653240914,112.3610252495735,13,63,0.2569284064665127,True,0.7838683602771362,0.796824480369515,0.8097806004618937,57.0,38.0,32.0,42.333333333333336,False,direct_size_estimation_deferred,매장 면적·좌석·점포별 매출이 없어 규모별 적합도와 argmax 규모는 산출하지 않음,0.8381117295081348,0.6674364896073903,usable_area_profile,True,balanced,True,0.5854041570438798,51.0,0.5710161662817552,0.1132720169637635,0.8512280959601931,0.7944572748267898,True,True,0.7282390300230948,18.0
3111021,방이역 4번,11710,394829518.0,38606.0,10227.154276537325,0.6466512702078522,0.8531746031746031,0.13095238095238096,0.6746031746031746,0.9325396825396826,0.8928571428571429,0.7063492063492064,0.4087301587301587,0.03968253968253968,0.5436507936507936,BRD_20080100675,호밀호두,0.5404157043879908,False,2928.9849777991376,115.2085066609535,15,51,0.2984988452655889,True,0.5722863741339492,0.5935334872979214,0.6147806004618938,163.0,140.0,136.0,146.33333333333334,False,direct_size_estimation_deferred,매장 면적·좌석·점포별 매출이 없어 규모별 적합도와 argmax 규모는 산출하지 않음,0.44734142198166493,0.9630484988452656,usable_area_profile,True,balanced,True,0.6630773672055427,13.0,0.9355273287143957,0.04949472960279674,0.5560424382905357,0.7228637413394919,True,True,0.7272806004618938,19.0
3110243,중랑노인종합복지관,11260,245308379.0,21354.0,11487.701554743842,0.5138568129330254,0.8492063492063492,0.40476190476190477,0.5,0.39285714285714285,0.623015873015873,0.5714285714285714,0.16666666666666666,0.32936507936507936,0.8134920634920635,BRD_20080100675,호밀호두,0.8983833718244804,False,2409.9520742024097,105.41821475311895,13,37,0.26963048498845266,True,0.7830254041570438,0.706120092378753,0.6292147806004619,58.0,82.0,124.0,88.0,False,direct_size_estimation_deferred,매장 면적·좌석·점포별 매출이 없어 규모별 적합도와 argmax 규모는 산출하지 않음,0.4160323315437801,0.9699769053117783,usable_area_profile,True,balanced,True,0.6243937644341802,31.0,0.9249422632794456,0.051058726221187505,0.8820165594660864,0.8060046189376443,True,True,0.727107390300231,20.0
3120165,서래마을카페거리(서래마을),11650,2971488955.0,159582.0,18620.45189933702,0.9718244803695151,0.7619047619047619,0.2857142857142857,0.7023809523809523,0.6785714285714286,0.8293650793650794,0.7777777777777778,0.42857142857142855,0.08333333333333333,0.5198412698412699,BRD_20240478,화이트리에,0.9780600461893765,False,1369.634257778366,18.110770263065373,12,56,0.5814087759815242,True,0.976189376443418,0.9749422632794458,0.9736951501154734,1.0,1.0,1.0,1.0,True,direct_size_estimation_deferred,매장 면적·좌석·점포별 매출이 없어 규모별 적합도와 argmax 규모는 산출하지 않음,0.4815989213897133,0.9515011547344111,usable_area_profile,True,balanced,True,0.7286778290993072,3.0,0.7512509622786759,0.08110629650978349,2.4689845434081668,0.9237875288683602,True,True,0.8593013856812934,1.0
3120083,등나무근린공원,11350,778584578.0,70753.0,11004.26240583438,0.821824480369515,0.8928571428571429,0.08333333333333333,0.7222222222222222,0.9444444444444444,0.7777777777777778,0.30158730158730157,0.38095238095238093,0.4444444444444444,0.6071428571428571,BRD_20240478,화이트리에,0.49191685912240185,False,4615.386441008722,160.58953888822313,11,26,0.14318706697459588,True,0.5908891454965357,0.6568706697459584,0.722852193995381,155.0,104.0,75.0,111.33333333333333,False,direct_size_estimation_deferred,매장 면적·좌석·점포별 매출이 없어 규모별 적합도와 argmax 규모는 산출하지 않음,0.8578886446420894,0.6674364896073903,usable_area_profile,True,balanced,True,0.599878752886836,46.0,0.40848729792147803,0.07776911969111501,3.329717408585979,0.9884526558891455,True,True,0.8206812933025406,2.0
3120166,방배역,11650,1455145059.0,122673.0,11861.983150326478,0.9176674364896074,0.7619047619047619,0.2857142857142857,0.7023809523809523,0.6785714285714286,0.8293650793650794,0.7777777777777778,0.42857142857142855,0.08333333333333333,0.5198412698412699,BRD_20240478,화이트리에,0.9780600461893765,False,3023.7701632485446,99.2975326976693,12,28,0.2673210161662818,True,0.9599422632794457,0.9478637413394919,0.935785219399538,3.0,3.0,3.0,3.0,False,direct_size_estimation_deferred,매장 면적·좌석·점포별 매출이 없어 규모별 적합도와 argmax 규모는 산출하지 않음,0.5242590028504286,0.9376443418013857,usable_area_profile,True,balanced,True,0.7499076212471131,1.0,0.8795227097767513,0.05651551828195008,1.0284189863511746,0.7482678983833718,True,True,0.8158025404157042,3.0
3120241,거여역,11710,442861720.0,38192.0,11595.66715542522,0.6863741339491918,0.8531746031746031,0.13095238095238096,0.6746031746031746,0.9325396825396826,0.8928571428571429,0.7063492063492064,0.4087301587301587,0.03968253968253968,0.5436507936507936,BRD_20240478,화이트리에,0.5404157043879908,False,5592.954228328705,74.88658089693484,10,25,0.31755196304849886,True,0.584203233256351,0.6133949191685912,0.6425866050808314,159.0,127.0,117.0,134.33333333333334,False,direct_size_estimation_deferred,매장 면적·좌석·점포별 매출이 없어 규모별 적합도와 argmax 규모는 산출하지 않음,0.4488852145823468,0.9653579676674365,usable_area_profile,True,balanced,True,0.6752771362586605,15.0,0.7350846805234795,0.1071516472680839,2.149041036838507,0.8937644341801386,True,True,0.8053926096997691,4.0
3120188,압구정역,11680,1784647410.0,134975.0,13222.058973884052,0.9404157043879908,0.7817460317460317,0.18253968253968253,0.75,0.6468253968253969,0.8531746031746031,0.9206349206349206,0.4365079365079365,0.027777777777777776,0.4880952380952381,BRD_20240478,화이트리에,0.8060046189376443,False,2664.8470875161825,98.31073190628577,25,98,0.5323325635103926,True,0.8463279445727483,0.8732101616628176,0.9000923787528868,26.0,15.0,9.0,16.666666666666668,False,direct_size_estimation_deferred,매장 면적·좌석·점포별 매출이 없어 규모별 적합도와 argmax 규모는 산출하지 않음,0.390646623708838,0.9884526558891455,usable_area_profile,True,balanced,True,0.7435219399538107,2.0,0.9592956120092379,0.027451419670695573,1.0621324590739794,0.7621247113163973,True,True,0.8036605080831407,5.0
3120124,개봉동 현대아파트,11530,436251391.0,40258.0,10836.390059118685,0.6745958429561202,0.8412698412698413,0.8373015873015873,0.5753968253968254,0.5238095238095238,0.7579365079365079,0.7380952380952381,0.18253968253968253,0.12698412698412698,0.7658730158730159,BRD_20240478,화이트리에,0.34872979214780603,False,5606.122100002234,107.00467282129758,11,24,0.2263279445727483,True,0.44648960739030025,0.5116628175519631,0.5768360277136259,234.0,193.0,154.0,193.66666666666666,False,direct_size_estimation_deferred,매장 면적·좌석·점포별 매출이 없어 규모별 적합도와 argmax 규모는 산출하지 않음,0.4272520058734771,0.9815242494226328,usable_area_profile,True,balanced,True,0.6929214780600462,7.0,0.8252501924557353,0.08720225659149386,1.7920873045634154,0.8498845265588915,True,True,0.8028406466512702,6.0
3120079,창동역,11320,765698620.0,76216.0,10046.428833840664,0.8071593533487298,0.7182539682539683,0.11904761904761904,0.6071428571428571,0.25793650793650796,0.3611111111111111,0.24603174603174602,0.19047619047619047,0.4246031746031746,0.9126984126984127,BRD_20240478,화이트리에,0.2806004618937644,False,5801.528419294322,91.21403398036323,16,24,0.38394919168591224,True,0.438568129330254,0.543879907621247,0.6491916859122402,239.0,171.0,110.0,173.33333333333334,False,direct_size_estimation_deferred,매장 면적·좌석·점포별 매출이 없어 규모별 적합도와 argmax 규모는 산출하지 않음,0.49112689778119406,0.9468822170900693,usable_area_profile,True,balanced,True,0.6983545034642032,5.0,0.8044649730561971,0.0901443469973297,1.5798799234531131,0.8290993071593533,True,True,0.8002598152424942,7.0
3110274,서일대학교,11260,492656087.0,41512.0,11867.79935922143,0.7133949191685912,0.8492063492063492,0.40476190476190477,0.5,0.39285714285714285,0.623015873015873,0.5714285714285714,0.16666666666666666,0.32936507936507936,0.8134920634920635,BRD_20240478,화이트리에,0.8545034642032333,False,3331.332766317447,101.51354588565466,6,29,0.16801385681293304,True,0.8121709006928406,0.7839491916859123,0.7557274826789837,45.0,44.0,56.0,48.333333333333336,False,direct_size_estimation_deferred,매장 면적·좌석·점포별 매출이 없어 규모별 적합도와 argmax 규모는 산출하지 않음,0.4913082645406613,0.9422632794457275,usable_area_profile,True,balanced,True,0.6956177829099306,6.0,0.829003079291763,0.07882695102483951,1.4368207660128147,0.8106235565819861,True,True,0.7957448036951502,8.0
3120248,명일역,11740,897341571.0,88804.0,10104.742703031396,0.8340646651270208,0.8452380952380952,0.06746031746031746,0.7063492063492064,0.38492063492063494,0.6626984126984127,0.7182539682539683,0.5833333333333334,0.06746031746031746,0.6507936507936508,BRD_20240478,화이트리에,0.8914549653579676,False,6684.195164707864,41.593268704252424,24,54,0.7442263279445728,True,0.8742378752886836,0.8627598152424942,0.8512817551963049,16.0,17.0,28.0,20.333333333333332,False,direct_size_estimation_deferred,매장 면적·좌석·점포별 매출이 없어 규모별 적합도와 argmax 규모는 산출하지 않음,0.5649912315498485,0.9122401847575058,usable_area_profile,True,balanced,True,0.6364087759815243,25.0,0.6468437259430331,0.10480691691883517,2.532241827321394,0.9353348729792148,True,True,0.786391454965358,9.0
3120061,올림픽대교북단,11215,1069126956.0,102314.0,10449.468850792658,0.8699769053117784,0.8650793650793651,0.5238095238095238,0.6309523809523809,0.7698412698412699,0.9087301587301587,0.7023809523809523,0.1388888888888889,0.0992063492063492,0.6031746031746031,BRD_20240478,화이트리에,0.6685912240184757,False,3282.320672920105,68.59300256302774,13,45,0.39953810623556585,True,0.7290069284064664,0.7692840646651271,0.8095612009237876,84.0,52.0,34.0,56.666666666666664,False,direct_size_estimation_deferred,매장 면적·좌석·점포별 매출이 없어 규모별 적합도와 argmax 규모는 산출하지 않음,0.8779122443556642,0.6420323325635104,usable_area_profile,True,balanced,True,0.5655773672055429,65.0,0.39376443418013857,0.07543718341133658,3.2910547180644416,0.9815242494226328,True,True,0.786281755196305,10.0
3120125,구로역,11530,1931159183.0,283048.0,6822.726827251915,0.8808314087759815,0.8412698412698413,0.8373015873015873,0.5753968253968254,0.5238095238095238,0.7579365079365079,0.7380952380952381,0.18253968253968253,0.12698412698412698,0.7658730158730159,BRD_20240478,화이트리에,0.34872979214780603,False,3708.672269173801,273.6512379011137,11,23,0.10046189376443419,True,0.5083602771362586,0.6147806004618938,0.7212009237875289,193.0,126.0,78.0,132.33333333333334,False,direct_size_estimation_deferred,매장 면적·좌석·점포별 매출이 없어 규모별 적합도와 argmax 규모는 산출하지 않음,1.0223232466821663,0.5127020785219399,usable_area_profile,True,balanced,True,0.5495727482678984,78.0,0.3811585835257891,0.048770530684350666,2.6971922009116076,0.9561200923787528,True,True,0.7854387990762124,11.0
3110161,중곡역 3번,11215,561704126.0,52018.0,10798.264562266908,0.7438799076212472,0.8650793650793651,0.5238095238095238,0.6309523809523809,0.7698412698412699,0.9087301587301587,0.7023809523809523,0.1388888888888889,0.0992063492063492,0.6031746031746031,BRD_20240478,화이트리에,0.6685912240184757,False,2661.3357548151716,237.05273672891286,6,28,0.032909930715935315,True,0.6911778290993071,0.7062355658198615,0.7212933025404158,105.0,79.0,77.0,87.0,False,direct_size_estimation_deferred,매장 면적·좌석·점포별 매출이 없어 규모별 적합도와 argmax 규모는 산출하지 않음,0.8142941836448783,0.7090069284064665,usable_area_profile,True,balanced,True,0.6099249422632794,40.0,0.5714973056197075,0.0680820153808887,2.019764280147314,0.8729792147806005,True,True,0.780121247113164,12.0
3110247,먹골역 1번,11260,351716047.0,32316.0,10883.650420844164,0.6137413394919169,0.8492063492063492,0.40476190476190477,0.5,0.39285714285714285,0.623015873015873,0.5714285714285714,0.16666666666666666,0.32936507936507936,0.8134920634920635,BRD_20240478,화이트리에,0.8545034642032333,False,1960.3775146429641,140.63072208521604,15,30,0.2569284064665127,True,0.7822748267898383,0.7341224018475752,0.6859699769053118,58.0,68.0,91.0,72.33333333333333,False,direct_size_estimation_deferred,매장 면적·좌석·점포별 매출이 없어 규모별 적합도와 argmax 규모는 산출하지 않음,0.5478508690031254,0.9191685912240185,usable_area_profile,True,balanced,True,0.6358545034642032,27.0,0.6901462663587375,0.10750639472715688,2.1303135078292073,0.8891454965357968,True,True,0.7769919168591225,13.0
3110431,상계역,11350,794085684.0,88729.0,8949.561969592805,0.7986143187066975,0.8928571428571429,0.08333333333333333,0.7222222222222222,0.9444444444444444,0.7777777777777778,0.30158730158730157,0.38095238095238093,0.4444444444444444,0.6071428571428571,BRD_20240478,화이트리에,0.49191685912240185,False,6993.343263400935,65.76473218893736,19,46,0.5519630484988453,True,0.5839260969976905,0.6452655889145497,0.7066050808314087,160.0,108.0,82.0,116.66666666666667,False,direct_size_estimation_deferred,매장 면적·좌석·점포별 매출이 없어 규모별 적합도와 argmax 규모는 산출하지 않음,0.5861822765394409,0.8937644341801385,usable_area_profile,True,balanced,True,0.6436027713625866,23.0,0.6998652809853733,0.10070766908677077,1.925366309766337,0.8637413394919169,True,True,0.7704157043879907,14.0
3120069,상봉역,11260,1511381851.0,142985.0,10570.212616708046,0.9086605080831409,0.8492063492063492,0.40476190476190477,0.5,0.39285714285714285,0.623015873015873,0.5714285714285714,0.16666666666666666,0.32936507936507936,0.8134920634920635,BRD_20240478,화이트리에,0.8545034642032333,False,2222.724679294381,89.18520055817115,16,56,0.3920323325635104,True,0.8707505773672055,0.8815819861431871,0.8924133949191686,17.0,13.0,12.0,14.0,False,direct_size_estimation_deferred,매장 면적·좌석·점포별 매출이 없어 규모별 적합도와 argmax 규모는 산출하지 않음,0.5271169579172622,0.9353348729792148,usable_area_profile,True,balanced,True,0.7268937644341802,4.0,0.8804849884526559,0.07129084880344481,0.7693818413887161,0.6882217090069284,True,True,0.7696824480369515,15.0
3120047,한남오거리,11170,369976875.0,17557.0,21072.89827419263,0.5722863741339492,0.8849206349206349,0.6428571428571429,0.5873015873015873,0.5912698412698413,0.9365079365079365,0.9484126984126984,0.2857142857142857,0.04365079365079365,0.32936507936507936,BRD_20240478,화이트리에,0.5923787528868361,False,2830.3420287829667,74.1484996152458,11,35,0.34526558891454967,True,0.58635103926097,0.5823325635103926,0.5783140877598152,158.0,145.0,152.0,151.66666666666666,False,direct_size_estimation_deferred,매장 면적·좌석·점포별 매출이 없어 규모별 적합도와 argmax 규모는 산출하지 않음,0.37141949462757684,0.9907621247113164,usable_area_profile,True,balanced,True,0.643891454965358,21.0,0.8883756735950731,0.04941853482670609,2.071822879315982,0.8775981524249422,True,True,0.7681639722863742,16.0
3120220,대치역,11680,1335950497.0,71427.0,18703.718439805674,0.8922632794457275,0.7817460317460317,0.18253968253968253,0.75,0.6468253968253969,0.8531746031746031,0.9206349206349206,0.4365079365079365,0.027777777777777776,0.4880952380952381,BRD_20240478,화이트리에,0.8060046189376443,False,536.0932754867763,68.09552115946737,6,37,0.2881062355658198,True,0.8318822170900693,0.8491339491916858,0.8663856812933025,33.0,23.0,19.0,25.0,False,direct_size_estimation_deferred,매장 면적·좌석·점포별 매출이 없어 규모별 적합도와 argmax 규모는 산출하지 않음,0.9940214606242658,0.5427251732101617,usable_area_profile,True,balanced,True,0.5404387990762124,87.0,0.3547921478060046,0.07092743426598838,2.649652103576458,0.9445727482678984,True,True,0.7651096997690531,17.0
3110994,개포고등학교,11680,386422178.0,37415.0,10328.001550180408,0.6401847575057736,0.7817460317460317,0.18253968253968253,0.75,0.6468253968253969,0.8531746031746031,0.9206349206349206,0.4365079365079365,0.027777777777777776,0.4880952380952381,BRD_20240478,화이트리에,0.8060046189376443,False,1736.2171523361662,71.84010018954493,4,20,0.2644341801385681,True,0.7562586605080831,0.723094688221709,0.6899307159353347,73.0,72.0,90.0,78.33333333333333,False,direct_size_estimation_deferred,매장 면적·좌석·점포별 매출이 없어 규모별 적합도와 argmax 규모는 산출하지 않음,0.8023241032009689,0.7182448036951501,usable_area_profile,True,balanced,True,0.5435219399538106,86.0,0.4573710546574288,0.07422387155619606,3.5146879779803686,0.9930715935334873,True,True,0.7650923787528868,18.0
3110232,동대부고,11230,273205969.0,25475.0,10724.47375858685,0.5453810623556582,0.6904761904761905,0.5396825396825397,0.5714285714285714,0.9603174603174603,0.9126984126984127,0.4087301587301587,0.1865079365079365,0.09126984126984126,0.6825396825396826,BRD_20240478,화이트리에,0.31524249422632794,False,1654.3482099849366,212.07781588423288,7,28,0.046189376443418,True,0.384284064665127,0.4303117782909931,0.4763394919168591,272.0,249.0,222.0,247.66666666666666,False,direct_size_estimation_deferred,매장 면적·좌석·점포별 매출이 없어 규모별 적합도와 argmax 규모는 산출하지 않음,0.8291867954359071,0.6997690531177829,usable_area_profile,True,balanced,True,0.5338394919168591,94.0,0.4303310238645112,0.08051281055102956,3.3465237073359906,0.9907621247113164,True,True,0.7629214780600462,19.0
3120152,신대방삼거리역,11590,953145793.0,102228.0,9323.72532965528,0.8353348729792147,0.8611111111111112,0.5158730158730159,0.42857142857142855,0.753968253968254,0.9563492063492064,0.6626984126984127,0.11507936507936507,0.09523809523809523,0.5674603174603174,BRD_20240478,화이트리에,0.4607390300230947,False,2339.278948757312,79.30952023733208,18,47,0.4774826789838337,True,0.5731177829099307,0.6480369515011547,0.7229561200923786,163.0,107.0,74.0,114.66666666666667,False,direct_size_estimation_deferred,매장 면적·좌석·점포별 매출이 없어 규모별 적합도와 argmax 규모는 산출하지 않음,0.5284015306009641,0.9330254041570438,usable_area_profile,True,balanced,True,0.687257505773672,8.0,0.8480561970746728,0.08187605247578715,1.037778501931301,0.7528868360277137,True,True,0.760040415704388,20.0
